dataset,client_count,attacker_count,cohort_mode,variant,trust_estimator,attack_scenario,noniid_alpha,repeat,round,configured_access_lease_full_updates,accuracy,backdoor_asr,target_effective_aggregation_share,target_returned_updates,target_aggregated_updates,target_observed_node_rate,target_limited_rate,target_admitted_rate,target_rffl_removals,target_lease_expirations,target_lease_renewals,lease_full_updates
cifar10,20,2,mixed_maturity,access_freshness_lease,dirichlet_lcb,benign_concept_drift,0.5,0,1,5,0.1545,0.0,0.0441792229218223,2,2,1.0,1.0,0.0,0,0,0,5
cifar10,20,2,mixed_maturity,access_freshness_lease,dirichlet_lcb,benign_concept_drift,0.5,0,2,5,0.2155,0.32611111111111113,0.044179222921822296,2,2,1.0,1.0,0.0,0,0,0,5
cifar10,20,2,mixed_maturity,access_freshness_lease,dirichlet_lcb,benign_concept_drift,0.5,0,3,5,0.2275,0.007222222222222222,0.0441792229218223,2,2,1.0,1.0,0.0,0,0,0,5
cifar10,20,2,mixed_maturity,access_freshness_lease,dirichlet_lcb,benign_concept_drift,0.5,0,4,5,0.2495,0.045,0.044179222921822296,2,2,1.0,1.0,0.0,0,0,0,5
cifar10,20,2,mixed_maturity,access_freshness_lease,dirichlet_lcb,benign_concept_drift,0.5,0,5,5,0.254,0.21,0.08462,2,2,1.0,0.0,1.0,0,0,0,5
cifar10,20,2,mixed_maturity,access_freshness_lease,dirichlet_lcb,benign_concept_drift,0.5,0,6,5,0.2495,0.08833333333333333,0.08462,2,2,1.0,0.0,1.0,0,0,0,5
cifar10,20,2,mixed_maturity,access_freshness_lease,dirichlet_lcb,benign_concept_drift,0.5,0,7,5,0.3005,0.10166666666666667,0.08462000000000001,2,2,1.0,0.0,1.0,0,0,0,5
cifar10,20,2,mixed_maturity,access_freshness_lease,dirichlet_lcb,benign_concept_drift,0.5,0,8,5,0.2875,0.1388888888888889,0.08461999999999999,2,2,1.0,0.0,1.0,0,0,0,5
cifar10,20,2,mixed_maturity,access_freshness_lease,dirichlet_lcb,benign_concept_drift,0.5,0,9,5,0.318,0.042222222222222223,0.08462000000000001,2,2,1.0,0.0,1.0,0,0,0,5
cifar10,20,2,mixed_maturity,access_freshness_lease,dirichlet_lcb,benign_concept_drift,0.5,0,10,5,0.245,0.0016666666666666668,0.0441792229218223,2,2,1.0,1.0,0.0,0,2,0,5
cifar10,20,2,mixed_maturity,access_freshness_lease,dirichlet_lcb,benign_concept_drift,0.5,0,11,5,0.296,0.27,0.0441792229218223,2,2,1.0,1.0,0.0,0,0,0,5
cifar10,20,2,mixed_maturity,access_freshness_lease,dirichlet_lcb,benign_concept_drift,0.5,0,12,5,0.293,0.014444444444444444,0.0441792229218223,2,2,1.0,1.0,0.0,0,0,0,5
cifar10,20,2,mixed_maturity,access_freshness_lease,dirichlet_lcb,benign_concept_drift,0.5,0,13,5,0.2885,0.0011111111111111111,0.0441792229218223,2,2,1.0,1.0,0.0,0,0,0,5
cifar10,20,2,mixed_maturity,access_freshness_lease,dirichlet_lcb,benign_concept_drift,0.5,0,14,5,0.2765,0.15944444444444444,0.0441792229218223,2,2,1.0,1.0,0.0,0,0,0,5
cifar10,20,2,mixed_maturity,access_freshness_lease,dirichlet_lcb,benign_concept_drift,0.5,0,15,5,0.3095,0.0005555555555555556,0.08461999999999999,2,2,1.0,0.0,1.0,0,0,2,5
cifar10,20,2,mixed_maturity,access_freshness_lease,dirichlet_lcb,benign_concept_drift,0.5,0,16,5,0.3275,0.09333333333333334,0.08462,2,2,1.0,0.0,1.0,0,0,0,5
cifar10,20,2,mixed_maturity,access_freshness_lease,dirichlet_lcb,benign_concept_drift,0.5,0,17,5,0.337,0.11833333333333333,0.08462,2,2,1.0,0.0,1.0,0,0,0,5
cifar10,20,2,mixed_maturity,access_freshness_lease,dirichlet_lcb,benign_concept_drift,0.5,0,18,5,0.34,0.013888888888888888,0.08462,2,2,1.0,0.0,1.0,0,0,0,5
cifar10,20,2,mixed_maturity,access_freshness_lease,dirichlet_lcb,benign_concept_drift,0.5,0,19,5,0.3225,0.1388888888888889,0.08462,2,2,1.0,0.0,1.0,0,0,0,5
cifar10,20,2,mixed_maturity,access_freshness_lease,dirichlet_lcb,benign_concept_drift,0.5,0,20,5,0.3185,0.04722222222222222,0.0441792229218223,2,2,1.0,1.0,0.0,0,2,0,5
cifar10,20,2,mixed_maturity,access_freshness_lease,dirichlet_lcb,benign_concept_drift,0.5,0,21,5,0.3245,0.07388888888888889,0.044179222921822296,2,2,1.0,1.0,0.0,0,0,0,5
cifar10,20,2,mixed_maturity,access_freshness_lease,dirichlet_lcb,benign_concept_drift,0.5,0,22,5,0.3215,0.02722222222222222,0.0441792229218223,2,2,1.0,1.0,0.0,0,0,0,5
cifar10,20,2,mixed_maturity,access_freshness_lease,dirichlet_lcb,benign_concept_drift,0.5,0,23,5,0.3225,0.045,0.0441792229218223,2,2,1.0,1.0,0.0,0,0,0,5
cifar10,20,2,mixed_maturity,access_freshness_lease,dirichlet_lcb,benign_concept_drift,0.5,0,24,5,0.321,0.13333333333333333,0.0441792229218223,2,2,1.0,1.0,0.0,0,0,0,5
cifar10,20,2,mixed_maturity,access_freshness_lease,dirichlet_lcb,benign_concept_drift,0.5,0,25,5,0.347,0.09388888888888888,0.08462,2,2,1.0,0.0,1.0,0,0,2,5
cifar10,20,2,mixed_maturity,access_freshness_lease,dirichlet_lcb,benign_concept_drift,0.5,0,26,5,0.341,0.05388888888888889,0.08462,2,2,1.0,0.0,1.0,0,0,0,5
cifar10,20,2,mixed_maturity,access_freshness_lease,dirichlet_lcb,benign_concept_drift,0.5,0,27,5,0.3405,0.04888888888888889,0.08462,2,2,1.0,0.0,1.0,0,0,0,5
cifar10,20,2,mixed_maturity,access_freshness_lease,dirichlet_lcb,benign_concept_drift,0.5,0,28,5,0.3005,0.0077777777777777776,0.08462,2,2,1.0,0.0,1.0,0,0,0,5
cifar10,20,2,mixed_maturity,access_freshness_lease,dirichlet_lcb,benign_concept_drift,0.5,0,29,5,0.3185,0.03944444444444444,0.08462,2,2,1.0,0.0,1.0,0,0,0,5
cifar10,20,2,mixed_maturity,access_freshness_lease,dirichlet_lcb,benign_concept_drift,0.5,0,30,5,0.3395,0.18833333333333332,0.044179222921822296,2,2,1.0,1.0,0.0,0,2,0,5
cifar10,20,2,mixed_maturity,access_freshness_lease,dirichlet_lcb,benign_concept_drift,0.5,0,31,5,0.338,0.04555555555555556,0.044179222921822296,2,2,1.0,1.0,0.0,0,0,0,5
cifar10,20,2,mixed_maturity,access_freshness_lease,dirichlet_lcb,benign_concept_drift,0.5,0,32,5,0.3075,0.11722222222222223,0.0441792229218223,2,2,1.0,1.0,0.0,0,0,0,5
cifar10,20,2,mixed_maturity,access_freshness_lease,dirichlet_lcb,benign_concept_drift,0.5,0,33,5,0.3765,0.0961111111111111,0.0441792229218223,2,2,1.0,1.0,0.0,0,0,0,5
cifar10,20,2,mixed_maturity,access_freshness_lease,dirichlet_lcb,benign_concept_drift,0.5,0,34,5,0.3575,0.10888888888888888,0.0441792229218223,2,2,1.0,1.0,0.0,0,0,0,5
cifar10,20,2,mixed_maturity,access_freshness_lease,dirichlet_lcb,benign_concept_drift,0.5,0,35,5,0.3215,0.016666666666666666,0.08461999999999999,2,2,1.0,0.0,1.0,0,0,2,5
cifar10,20,2,mixed_maturity,access_freshness_lease,dirichlet_lcb,benign_concept_drift,0.5,0,36,5,0.3085,0.15,0.08462,2,2,1.0,0.0,1.0,0,0,0,5
cifar10,20,2,mixed_maturity,access_freshness_lease,dirichlet_lcb,benign_concept_drift,0.5,0,37,5,0.367,0.03611111111111111,0.08462,2,2,1.0,0.0,1.0,0,0,0,5
cifar10,20,2,mixed_maturity,access_freshness_lease,dirichlet_lcb,benign_concept_drift,0.5,0,38,5,0.3475,0.05722222222222222,0.08462,2,2,1.0,0.0,1.0,0,0,0,5
cifar10,20,2,mixed_maturity,access_freshness_lease,dirichlet_lcb,benign_concept_drift,0.5,0,39,5,0.3355,0.105,0.08462,2,2,1.0,0.0,1.0,0,0,0,5
cifar10,20,2,mixed_maturity,access_freshness_lease,dirichlet_lcb,benign_concept_drift,0.5,0,40,5,0.319,0.085,0.044179222921822296,2,2,1.0,1.0,0.0,0,2,0,5
cifar10,20,2,mixed_maturity,access_freshness_lease,dirichlet_lcb,benign_concept_drift,0.5,0,41,5,0.3485,0.06388888888888888,0.0441792229218223,2,2,1.0,1.0,0.0,0,0,0,5
cifar10,20,2,mixed_maturity,access_freshness_lease,dirichlet_lcb,benign_concept_drift,0.5,0,42,5,0.3305,0.12666666666666668,0.0441792229218223,2,2,1.0,1.0,0.0,0,0,0,5
cifar10,20,2,mixed_maturity,access_freshness_lease,dirichlet_lcb,benign_concept_drift,0.5,0,43,5,0.3435,0.06444444444444444,0.0441792229218223,2,2,1.0,1.0,0.0,0,0,0,5
cifar10,20,2,mixed_maturity,access_freshness_lease,dirichlet_lcb,benign_concept_drift,0.5,0,44,5,0.3445,0.09055555555555556,0.0441792229218223,2,2,1.0,1.0,0.0,0,0,0,5
cifar10,20,2,mixed_maturity,access_freshness_lease,dirichlet_lcb,benign_concept_drift,0.5,0,45,5,0.346,0.041666666666666664,0.08461999999999999,2,2,1.0,0.0,1.0,0,0,2,5
cifar10,20,2,mixed_maturity,access_freshness_lease,dirichlet_lcb,benign_concept_drift,0.5,0,46,5,0.3335,0.049444444444444444,0.08462,2,2,1.0,0.0,1.0,0,0,0,5
cifar10,20,2,mixed_maturity,access_freshness_lease,dirichlet_lcb,benign_concept_drift,0.5,0,47,5,0.3225,0.06722222222222222,0.08462,2,2,1.0,0.0,1.0,0,0,0,5
cifar10,20,2,mixed_maturity,access_freshness_lease,dirichlet_lcb,benign_concept_drift,0.5,0,48,5,0.353,0.015555555555555555,0.08462,2,2,1.0,0.0,1.0,0,0,0,5
cifar10,20,2,mixed_maturity,access_freshness_lease,dirichlet_lcb,benign_concept_drift,0.5,0,49,5,0.3435,0.021111111111111112,0.08462,2,2,1.0,0.0,1.0,0,0,0,5
cifar10,20,2,mixed_maturity,access_freshness_lease,dirichlet_lcb,benign_concept_drift,0.5,0,50,5,0.3425,0.03277777777777778,0.04417922292182231,2,2,1.0,1.0,0.0,0,2,0,5
cifar10,20,2,mixed_maturity,access_freshness_lease,dirichlet_lcb,benign_concept_drift,0.5,1,1,5,0.21,0.14666666666666667,0.0101010101010101,2,2,1.0,1.0,0.0,0,0,0,5
cifar10,20,2,mixed_maturity,access_freshness_lease,dirichlet_lcb,benign_concept_drift,0.5,1,2,5,0.188,0.03222222222222222,0.0101010101010101,2,2,1.0,1.0,0.0,0,0,0,5
cifar10,20,2,mixed_maturity,access_freshness_lease,dirichlet_lcb,benign_concept_drift,0.5,1,3,5,0.1675,0.5944444444444444,0.0101010101010101,2,2,1.0,1.0,0.0,0,0,0,5
cifar10,20,2,mixed_maturity,access_freshness_lease,dirichlet_lcb,benign_concept_drift,0.5,1,4,5,0.275,0.0005555555555555556,0.010101010101010102,2,2,1.0,1.0,0.0,0,0,0,5
cifar10,20,2,mixed_maturity,access_freshness_lease,dirichlet_lcb,benign_concept_drift,0.5,1,5,5,0.2815,0.0011111111111111111,0.02,2,2,1.0,0.0,1.0,0,0,0,5
cifar10,20,2,mixed_maturity,access_freshness_lease,dirichlet_lcb,benign_concept_drift,0.5,1,6,5,0.268,0.02666666666666667,0.02,2,2,1.0,0.0,1.0,0,0,0,5
cifar10,20,2,mixed_maturity,access_freshness_lease,dirichlet_lcb,benign_concept_drift,0.5,1,7,5,0.2595,0.025,0.02,2,2,1.0,0.0,1.0,0,0,0,5
cifar10,20,2,mixed_maturity,access_freshness_lease,dirichlet_lcb,benign_concept_drift,0.5,1,8,5,0.265,0.041666666666666664,0.02,2,2,1.0,0.0,1.0,0,0,0,5
cifar10,20,2,mixed_maturity,access_freshness_lease,dirichlet_lcb,benign_concept_drift,0.5,1,9,5,0.3235,0.19,0.02,2,2,1.0,0.0,1.0,0,0,0,5
cifar10,20,2,mixed_maturity,access_freshness_lease,dirichlet_lcb,benign_concept_drift,0.5,1,10,5,0.283,0.016666666666666666,0.0101010101010101,2,2,1.0,1.0,0.0,0,2,0,5
cifar10,20,2,mixed_maturity,access_freshness_lease,dirichlet_lcb,benign_concept_drift,0.5,1,11,5,0.2845,0.05388888888888889,0.010101010101010102,2,2,1.0,1.0,0.0,0,0,0,5
cifar10,20,2,mixed_maturity,access_freshness_lease,dirichlet_lcb,benign_concept_drift,0.5,1,12,5,0.3035,0.052222222222222225,0.010101010101010102,2,2,1.0,1.0,0.0,0,0,0,5
cifar10,20,2,mixed_maturity,access_freshness_lease,dirichlet_lcb,benign_concept_drift,0.5,1,13,5,0.3165,0.04111111111111111,0.0101010101010101,2,2,1.0,1.0,0.0,0,0,0,5
cifar10,20,2,mixed_maturity,access_freshness_lease,dirichlet_lcb,benign_concept_drift,0.5,1,14,5,0.317,0.20055555555555554,0.0101010101010101,2,2,1.0,1.0,0.0,0,0,0,5
cifar10,20,2,mixed_maturity,access_freshness_lease,dirichlet_lcb,benign_concept_drift,0.5,1,15,5,0.3305,0.0077777777777777776,0.019999999999999997,2,2,1.0,0.0,1.0,0,0,2,5
cifar10,20,2,mixed_maturity,access_freshness_lease,dirichlet_lcb,benign_concept_drift,0.5,1,16,5,0.3315,0.009444444444444445,0.02,2,2,1.0,0.0,1.0,0,0,0,5
cifar10,20,2,mixed_maturity,access_freshness_lease,dirichlet_lcb,benign_concept_drift,0.5,1,17,5,0.2995,0.03611111111111111,0.02,2,2,1.0,0.0,1.0,0,0,0,5
cifar10,20,2,mixed_maturity,access_freshness_lease,dirichlet_lcb,benign_concept_drift,0.5,1,18,5,0.303,0.021666666666666667,0.02,2,2,1.0,0.0,1.0,0,0,0,5
cifar10,20,2,mixed_maturity,access_freshness_lease,dirichlet_lcb,benign_concept_drift,0.5,1,19,5,0.3025,0.11166666666666666,0.02,2,2,1.0,0.0,1.0,0,0,0,5
cifar10,20,2,mixed_maturity,access_freshness_lease,dirichlet_lcb,benign_concept_drift,0.5,1,20,5,0.3065,0.03833333333333333,0.0101010101010101,2,2,1.0,1.0,0.0,0,2,0,5
cifar10,20,2,mixed_maturity,access_freshness_lease,dirichlet_lcb,benign_concept_drift,0.5,1,21,5,0.275,0.04611111111111111,0.010101010101010102,2,2,1.0,1.0,0.0,0,0,0,5
cifar10,20,2,mixed_maturity,access_freshness_lease,dirichlet_lcb,benign_concept_drift,0.5,1,22,5,0.312,0.14555555555555555,0.0101010101010101,2,2,1.0,1.0,0.0,0,0,0,5
cifar10,20,2,mixed_maturity,access_freshness_lease,dirichlet_lcb,benign_concept_drift,0.5,1,23,5,0.358,0.02277777777777778,0.0101010101010101,2,2,1.0,1.0,0.0,0,0,0,5
cifar10,20,2,mixed_maturity,access_freshness_lease,dirichlet_lcb,benign_concept_drift,0.5,1,24,5,0.3335,0.03722222222222222,0.0101010101010101,2,2,1.0,1.0,0.0,0,0,0,5
cifar10,20,2,mixed_maturity,access_freshness_lease,dirichlet_lcb,benign_concept_drift,0.5,1,25,5,0.355,0.028333333333333332,0.019999999999999997,2,2,1.0,0.0,1.0,0,0,2,5
cifar10,20,2,mixed_maturity,access_freshness_lease,dirichlet_lcb,benign_concept_drift,0.5,1,26,5,0.3255,0.05333333333333334,0.02,2,2,1.0,0.0,1.0,0,0,0,5
cifar10,20,2,mixed_maturity,access_freshness_lease,dirichlet_lcb,benign_concept_drift,0.5,1,27,5,0.344,0.07,0.02,2,2,1.0,0.0,1.0,0,0,0,5
cifar10,20,2,mixed_maturity,access_freshness_lease,dirichlet_lcb,benign_concept_drift,0.5,1,28,5,0.312,0.175,0.019999999999999997,2,2,1.0,0.0,1.0,0,0,0,5
cifar10,20,2,mixed_maturity,access_freshness_lease,dirichlet_lcb,benign_concept_drift,0.5,1,29,5,0.3505,0.05277777777777778,0.02,2,2,1.0,0.0,1.0,0,0,0,5
cifar10,20,2,mixed_maturity,access_freshness_lease,dirichlet_lcb,benign_concept_drift,0.5,1,30,5,0.3355,0.08777777777777777,0.010101010101010102,2,2,1.0,1.0,0.0,0,2,0,5
cifar10,20,2,mixed_maturity,access_freshness_lease,dirichlet_lcb,benign_concept_drift,0.5,1,31,5,0.336,0.16944444444444445,0.0101010101010101,2,2,1.0,1.0,0.0,0,0,0,5
cifar10,20,2,mixed_maturity,access_freshness_lease,dirichlet_lcb,benign_concept_drift,0.5,1,32,5,0.31,0.0005555555555555556,0.010101010101010102,2,2,1.0,1.0,0.0,0,0,0,5
cifar10,20,2,mixed_maturity,access_freshness_lease,dirichlet_lcb,benign_concept_drift,0.5,1,33,5,0.349,0.10722222222222222,0.010101010101010102,2,2,1.0,1.0,0.0,0,0,0,5
cifar10,20,2,mixed_maturity,access_freshness_lease,dirichlet_lcb,benign_concept_drift,0.5,1,34,5,0.3275,0.023333333333333334,0.010101010101010104,2,2,1.0,1.0,0.0,0,0,0,5
cifar10,20,2,mixed_maturity,access_freshness_lease,dirichlet_lcb,benign_concept_drift,0.5,1,35,5,0.332,0.115,0.02,2,2,1.0,0.0,1.0,0,0,2,5
cifar10,20,2,mixed_maturity,access_freshness_lease,dirichlet_lcb,benign_concept_drift,0.5,1,36,5,0.344,0.09222222222222222,0.02,2,2,1.0,0.0,1.0,0,0,0,5
cifar10,20,2,mixed_maturity,access_freshness_lease,dirichlet_lcb,benign_concept_drift,0.5,1,37,5,0.328,0.005555555555555556,0.02,2,2,1.0,0.0,1.0,0,0,0,5
cifar10,20,2,mixed_maturity,access_freshness_lease,dirichlet_lcb,benign_concept_drift,0.5,1,38,5,0.3005,0.030555555555555555,0.020000000000000004,2,2,1.0,0.0,1.0,0,0,0,5
cifar10,20,2,mixed_maturity,access_freshness_lease,dirichlet_lcb,benign_concept_drift,0.5,1,39,5,0.3575,0.10111111111111111,0.02,2,2,1.0,0.0,1.0,0,0,0,5
cifar10,20,2,mixed_maturity,access_freshness_lease,dirichlet_lcb,benign_concept_drift,0.5,1,40,5,0.336,0.03,0.0101010101010101,2,2,1.0,1.0,0.0,0,2,0,5
cifar10,20,2,mixed_maturity,access_freshness_lease,dirichlet_lcb,benign_concept_drift,0.5,1,41,5,0.3545,0.07222222222222222,0.0101010101010101,2,2,1.0,1.0,0.0,0,0,0,5
cifar10,20,2,mixed_maturity,access_freshness_lease,dirichlet_lcb,benign_concept_drift,0.5,1,42,5,0.2785,0.015,0.0101010101010101,2,2,1.0,1.0,0.0,0,0,0,5
cifar10,20,2,mixed_maturity,access_freshness_lease,dirichlet_lcb,benign_concept_drift,0.5,1,43,5,0.346,0.13444444444444445,0.010101010101010102,2,2,1.0,1.0,0.0,0,0,0,5
cifar10,20,2,mixed_maturity,access_freshness_lease,dirichlet_lcb,benign_concept_drift,0.5,1,44,5,0.3515,0.07666666666666666,0.0101010101010101,2,2,1.0,1.0,0.0,0,0,0,5
cifar10,20,2,mixed_maturity,access_freshness_lease,dirichlet_lcb,benign_concept_drift,0.5,1,45,5,0.2955,0.06388888888888888,0.019999999999999997,2,2,1.0,0.0,1.0,0,0,2,5
cifar10,20,2,mixed_maturity,access_freshness_lease,dirichlet_lcb,benign_concept_drift,0.5,1,46,5,0.3195,0.013333333333333334,0.019999999999999997,2,2,1.0,0.0,1.0,0,0,0,5
cifar10,20,2,mixed_maturity,access_freshness_lease,dirichlet_lcb,benign_concept_drift,0.5,1,47,5,0.351,0.04388888888888889,0.02,2,2,1.0,0.0,1.0,0,0,0,5
cifar10,20,2,mixed_maturity,access_freshness_lease,dirichlet_lcb,benign_concept_drift,0.5,1,48,5,0.37,0.03722222222222222,0.020000000000000004,2,2,1.0,0.0,1.0,0,0,0,5
cifar10,20,2,mixed_maturity,access_freshness_lease,dirichlet_lcb,benign_concept_drift,0.5,1,49,5,0.352,0.045,0.019999999999999997,2,2,1.0,0.0,1.0,0,0,0,5
cifar10,20,2,mixed_maturity,access_freshness_lease,dirichlet_lcb,benign_concept_drift,0.5,1,50,5,0.3525,0.1,0.010101010101010102,2,2,1.0,1.0,0.0,0,2,0,5
cifar10,20,2,mixed_maturity,access_freshness_lease,dirichlet_lcb,benign_concept_drift,0.5,2,1,5,0.1575,0.0,0.04668201800293071,2,2,1.0,1.0,0.0,0,0,0,5
cifar10,20,2,mixed_maturity,access_freshness_lease,dirichlet_lcb,benign_concept_drift,0.5,2,2,5,0.2335,0.09555555555555556,0.04668201800293072,2,2,1.0,1.0,0.0,0,0,0,5
cifar10,20,2,mixed_maturity,access_freshness_lease,dirichlet_lcb,benign_concept_drift,0.5,2,3,5,0.2425,0.17333333333333334,0.0466820180029307,2,2,1.0,1.0,0.0,0,0,0,5
cifar10,20,2,mixed_maturity,access_freshness_lease,dirichlet_lcb,benign_concept_drift,0.5,2,4,5,0.227,0.3561111111111111,0.04668201800293071,2,2,1.0,1.0,0.0,0,0,0,5
cifar10,20,2,mixed_maturity,access_freshness_lease,dirichlet_lcb,benign_concept_drift,0.5,2,5,5,0.256,0.3055555555555556,0.08920000000000002,2,2,1.0,0.0,1.0,0,0,0,5
cifar10,20,2,mixed_maturity,access_freshness_lease,dirichlet_lcb,benign_concept_drift,0.5,2,6,5,0.233,0.013333333333333334,0.0892,2,2,1.0,0.0,1.0,0,0,0,5
cifar10,20,2,mixed_maturity,access_freshness_lease,dirichlet_lcb,benign_concept_drift,0.5,2,7,5,0.288,0.2511111111111111,0.08920000000000002,2,2,1.0,0.0,1.0,0,0,0,5
cifar10,20,2,mixed_maturity,access_freshness_lease,dirichlet_lcb,benign_concept_drift,0.5,2,8,5,0.2745,0.025,0.08920000000000002,2,2,1.0,0.0,1.0,0,0,0,5
cifar10,20,2,mixed_maturity,access_freshness_lease,dirichlet_lcb,benign_concept_drift,0.5,2,9,5,0.238,0.4216666666666667,0.0892,2,2,1.0,0.0,1.0,0,0,0,5
cifar10,20,2,mixed_maturity,access_freshness_lease,dirichlet_lcb,benign_concept_drift,0.5,2,10,5,0.283,0.03333333333333333,0.04668201800293071,2,2,1.0,1.0,0.0,0,2,0,5
cifar10,20,2,mixed_maturity,access_freshness_lease,dirichlet_lcb,benign_concept_drift,0.5,2,11,5,0.3165,0.17722222222222223,0.04668201800293072,2,2,1.0,1.0,0.0,0,0,0,5
cifar10,20,2,mixed_maturity,access_freshness_lease,dirichlet_lcb,benign_concept_drift,0.5,2,12,5,0.3265,0.06166666666666667,0.0466820180029307,2,2,1.0,1.0,0.0,0,0,0,5
cifar10,20,2,mixed_maturity,access_freshness_lease,dirichlet_lcb,benign_concept_drift,0.5,2,13,5,0.2825,0.12611111111111112,0.04668201800293072,2,2,1.0,1.0,0.0,0,0,0,5
cifar10,20,2,mixed_maturity,access_freshness_lease,dirichlet_lcb,benign_concept_drift,0.5,2,14,5,0.3025,0.07388888888888889,0.04668201800293071,2,2,1.0,1.0,0.0,0,0,0,5
cifar10,20,2,mixed_maturity,access_freshness_lease,dirichlet_lcb,benign_concept_drift,0.5,2,15,5,0.32,0.19055555555555556,0.0892,2,2,1.0,0.0,1.0,0,0,2,5
cifar10,20,2,mixed_maturity,access_freshness_lease,dirichlet_lcb,benign_concept_drift,0.5,2,16,5,0.3295,0.052222222222222225,0.0892,2,2,1.0,0.0,1.0,0,0,0,5
cifar10,20,2,mixed_maturity,access_freshness_lease,dirichlet_lcb,benign_concept_drift,0.5,2,17,5,0.2765,0.12055555555555555,0.08920000000000002,2,2,1.0,0.0,1.0,0,0,0,5
cifar10,20,2,mixed_maturity,access_freshness_lease,dirichlet_lcb,benign_concept_drift,0.5,2,18,5,0.332,0.11222222222222222,0.0892,2,2,1.0,0.0,1.0,0,0,0,5
cifar10,20,2,mixed_maturity,access_freshness_lease,dirichlet_lcb,benign_concept_drift,0.5,2,19,5,0.304,0.07888888888888888,0.08920000000000002,2,2,1.0,0.0,1.0,0,0,0,5
cifar10,20,2,mixed_maturity,access_freshness_lease,dirichlet_lcb,benign_concept_drift,0.5,2,20,5,0.338,0.09222222222222222,0.04668201800293071,2,2,1.0,1.0,0.0,0,2,0,5
cifar10,20,2,mixed_maturity,access_freshness_lease,dirichlet_lcb,benign_concept_drift,0.5,2,21,5,0.325,0.06444444444444444,0.04668201800293071,2,2,1.0,1.0,0.0,0,0,0,5
cifar10,20,2,mixed_maturity,access_freshness_lease,dirichlet_lcb,benign_concept_drift,0.5,2,22,5,0.308,0.12833333333333333,0.04668201800293071,2,2,1.0,1.0,0.0,0,0,0,5
cifar10,20,2,mixed_maturity,access_freshness_lease,dirichlet_lcb,benign_concept_drift,0.5,2,23,5,0.3015,0.20222222222222222,0.04668201800293072,2,2,1.0,1.0,0.0,0,0,0,5
cifar10,20,2,mixed_maturity,access_freshness_lease,dirichlet_lcb,benign_concept_drift,0.5,2,24,5,0.322,0.15722222222222224,0.04668201800293071,2,2,1.0,1.0,0.0,0,0,0,5
cifar10,20,2,mixed_maturity,access_freshness_lease,dirichlet_lcb,benign_concept_drift,0.5,2,25,5,0.338,0.051111111111111114,0.0892,2,2,1.0,0.0,1.0,0,0,2,5
cifar10,20,2,mixed_maturity,access_freshness_lease,dirichlet_lcb,benign_concept_drift,0.5,2,26,5,0.3395,0.018333333333333333,0.0892,2,2,1.0,0.0,1.0,0,0,0,5
cifar10,20,2,mixed_maturity,access_freshness_lease,dirichlet_lcb,benign_concept_drift,0.5,2,27,5,0.3425,0.095,0.0892,2,2,1.0,0.0,1.0,0,0,0,5
cifar10,20,2,mixed_maturity,access_freshness_lease,dirichlet_lcb,benign_concept_drift,0.5,2,28,5,0.3205,0.22277777777777777,0.08920000000000002,2,2,1.0,0.0,1.0,0,0,0,5
cifar10,20,2,mixed_maturity,access_freshness_lease,dirichlet_lcb,benign_concept_drift,0.5,2,29,5,0.3415,0.10222222222222223,0.08920000000000002,2,2,1.0,0.0,1.0,0,0,0,5
cifar10,20,2,mixed_maturity,access_freshness_lease,dirichlet_lcb,benign_concept_drift,0.5,2,30,5,0.362,0.045,0.0466820180029307,2,2,1.0,1.0,0.0,0,2,0,5
cifar10,20,2,mixed_maturity,access_freshness_lease,dirichlet_lcb,benign_concept_drift,0.5,2,31,5,0.3265,0.07166666666666667,0.04668201800293071,2,2,1.0,1.0,0.0,0,0,0,5
cifar10,20,2,mixed_maturity,access_freshness_lease,dirichlet_lcb,benign_concept_drift,0.5,2,32,5,0.3005,0.08444444444444445,0.04668201800293071,2,2,1.0,1.0,0.0,0,0,0,5
cifar10,20,2,mixed_maturity,access_freshness_lease,dirichlet_lcb,benign_concept_drift,0.5,2,33,5,0.347,0.2411111111111111,0.04668201800293071,2,2,1.0,1.0,0.0,0,0,0,5
cifar10,20,2,mixed_maturity,access_freshness_lease,dirichlet_lcb,benign_concept_drift,0.5,2,34,5,0.309,0.1322222222222222,0.0466820180029307,2,2,1.0,1.0,0.0,0,0,0,5
cifar10,20,2,mixed_maturity,access_freshness_lease,dirichlet_lcb,benign_concept_drift,0.5,2,35,5,0.3345,0.14166666666666666,0.08919999999999999,2,2,1.0,0.0,1.0,0,0,2,5
cifar10,20,2,mixed_maturity,access_freshness_lease,dirichlet_lcb,benign_concept_drift,0.5,2,36,5,0.3255,0.045,0.0892,2,2,1.0,0.0,1.0,0,0,0,5
cifar10,20,2,mixed_maturity,access_freshness_lease,dirichlet_lcb,benign_concept_drift,0.5,2,37,5,0.3435,0.18444444444444444,0.0892,2,2,1.0,0.0,1.0,0,0,0,5
cifar10,20,2,mixed_maturity,access_freshness_lease,dirichlet_lcb,benign_concept_drift,0.5,2,38,5,0.322,0.09277777777777778,0.0892,2,2,1.0,0.0,1.0,0,0,0,5
cifar10,20,2,mixed_maturity,access_freshness_lease,dirichlet_lcb,benign_concept_drift,0.5,2,39,5,0.3355,0.15166666666666667,0.0892,2,2,1.0,0.0,1.0,0,0,0,5
cifar10,20,2,mixed_maturity,access_freshness_lease,dirichlet_lcb,benign_concept_drift,0.5,2,40,5,0.354,0.09,0.04668201800293072,2,2,1.0,1.0,0.0,0,2,0,5
cifar10,20,2,mixed_maturity,access_freshness_lease,dirichlet_lcb,benign_concept_drift,0.5,2,41,5,0.362,0.041666666666666664,0.04668201800293072,2,2,1.0,1.0,0.0,0,0,0,5
cifar10,20,2,mixed_maturity,access_freshness_lease,dirichlet_lcb,benign_concept_drift,0.5,2,42,5,0.3265,0.11055555555555556,0.04668201800293072,2,2,1.0,1.0,0.0,0,0,0,5
cifar10,20,2,mixed_maturity,access_freshness_lease,dirichlet_lcb,benign_concept_drift,0.5,2,43,5,0.33,0.034444444444444444,0.04668201800293071,2,2,1.0,1.0,0.0,0,0,0,5
cifar10,20,2,mixed_maturity,access_freshness_lease,dirichlet_lcb,benign_concept_drift,0.5,2,44,5,0.378,0.07,0.04668201800293072,2,2,1.0,1.0,0.0,0,0,0,5
cifar10,20,2,mixed_maturity,access_freshness_lease,dirichlet_lcb,benign_concept_drift,0.5,2,45,5,0.3205,0.13333333333333333,0.0892,2,2,1.0,0.0,1.0,0,0,2,5
cifar10,20,2,mixed_maturity,access_freshness_lease,dirichlet_lcb,benign_concept_drift,0.5,2,46,5,0.344,0.07,0.08919999999999999,2,2,1.0,0.0,1.0,0,0,0,5
cifar10,20,2,mixed_maturity,access_freshness_lease,dirichlet_lcb,benign_concept_drift,0.5,2,47,5,0.3225,0.16555555555555557,0.08919999999999999,2,2,1.0,0.0,1.0,0,0,0,5
cifar10,20,2,mixed_maturity,access_freshness_lease,dirichlet_lcb,benign_concept_drift,0.5,2,48,5,0.359,0.01611111111111111,0.0892,2,2,1.0,0.0,1.0,0,0,0,5
cifar10,20,2,mixed_maturity,access_freshness_lease,dirichlet_lcb,benign_concept_drift,0.5,2,49,5,0.3195,0.07166666666666667,0.0892,2,2,1.0,0.0,1.0,0,0,0,5
cifar10,20,2,mixed_maturity,access_freshness_lease,dirichlet_lcb,benign_concept_drift,0.5,2,50,5,0.3445,0.15555555555555556,0.04668201800293071,2,2,1.0,1.0,0.0,0,2,0,5
cifar10,20,2,mixed_maturity,access_freshness_lease,dirichlet_lcb,benign_concept_drift,0.5,3,1,5,0.1665,0.0,0.05537555539138603,2,2,1.0,1.0,0.0,0,0,0,5
cifar10,20,2,mixed_maturity,access_freshness_lease,dirichlet_lcb,benign_concept_drift,0.5,3,2,5,0.208,0.0022222222222222222,0.05537555539138602,2,2,1.0,1.0,0.0,0,0,0,5
cifar10,20,2,mixed_maturity,access_freshness_lease,dirichlet_lcb,benign_concept_drift,0.5,3,3,5,0.2375,0.2038888888888889,0.05537555539138603,2,2,1.0,1.0,0.0,0,0,0,5
cifar10,20,2,mixed_maturity,access_freshness_lease,dirichlet_lcb,benign_concept_drift,0.5,3,4,5,0.2575,0.17944444444444443,0.05537555539138602,2,2,1.0,1.0,0.0,0,0,0,5
cifar10,20,2,mixed_maturity,access_freshness_lease,dirichlet_lcb,benign_concept_drift,0.5,3,5,5,0.207,0.002777777777777778,0.10494,2,2,1.0,0.0,1.0,0,0,0,5
cifar10,20,2,mixed_maturity,access_freshness_lease,dirichlet_lcb,benign_concept_drift,0.5,3,6,5,0.2955,0.08666666666666667,0.10494,2,2,1.0,0.0,1.0,0,0,0,5
cifar10,20,2,mixed_maturity,access_freshness_lease,dirichlet_lcb,benign_concept_drift,0.5,3,7,5,0.267,0.055,0.10494,2,2,1.0,0.0,1.0,0,0,0,5
cifar10,20,2,mixed_maturity,access_freshness_lease,dirichlet_lcb,benign_concept_drift,0.5,3,8,5,0.2835,0.035,0.10494000000000002,2,2,1.0,0.0,1.0,0,0,0,5
cifar10,20,2,mixed_maturity,access_freshness_lease,dirichlet_lcb,benign_concept_drift,0.5,3,9,5,0.2885,0.0033333333333333335,0.10494,2,2,1.0,0.0,1.0,0,0,0,5
cifar10,20,2,mixed_maturity,access_freshness_lease,dirichlet_lcb,benign_concept_drift,0.5,3,10,5,0.287,0.025555555555555557,0.05537555539138603,2,2,1.0,1.0,0.0,0,2,0,5
cifar10,20,2,mixed_maturity,access_freshness_lease,dirichlet_lcb,benign_concept_drift,0.5,3,11,5,0.3255,0.057777777777777775,0.05537555539138603,2,2,1.0,1.0,0.0,0,0,0,5
cifar10,20,2,mixed_maturity,access_freshness_lease,dirichlet_lcb,benign_concept_drift,0.5,3,12,5,0.3235,0.15055555555555555,0.05537555539138603,2,2,1.0,1.0,0.0,0,0,0,5
cifar10,20,2,mixed_maturity,access_freshness_lease,dirichlet_lcb,benign_concept_drift,0.5,3,13,5,0.295,0.0038888888888888888,0.05537555539138603,2,2,1.0,1.0,0.0,0,0,0,5
cifar10,20,2,mixed_maturity,access_freshness_lease,dirichlet_lcb,benign_concept_drift,0.5,3,14,5,0.3225,0.21722222222222223,0.05537555539138603,2,2,1.0,1.0,0.0,0,0,0,5
cifar10,20,2,mixed_maturity,access_freshness_lease,dirichlet_lcb,benign_concept_drift,0.5,3,15,5,0.3035,0.0661111111111111,0.10494,2,2,1.0,0.0,1.0,0,0,2,5
cifar10,20,2,mixed_maturity,access_freshness_lease,dirichlet_lcb,benign_concept_drift,0.5,3,16,5,0.3035,0.0005555555555555556,0.10494,2,2,1.0,0.0,1.0,0,0,0,5
cifar10,20,2,mixed_maturity,access_freshness_lease,dirichlet_lcb,benign_concept_drift,0.5,3,17,5,0.318,0.1688888888888889,0.10494000000000002,2,2,1.0,0.0,1.0,0,0,0,5
cifar10,20,2,mixed_maturity,access_freshness_lease,dirichlet_lcb,benign_concept_drift,0.5,3,18,5,0.334,0.04888888888888889,0.10494,2,2,1.0,0.0,1.0,0,0,0,5
cifar10,20,2,mixed_maturity,access_freshness_lease,dirichlet_lcb,benign_concept_drift,0.5,3,19,5,0.336,0.03611111111111111,0.10494,2,2,1.0,0.0,1.0,0,0,0,5
cifar10,20,2,mixed_maturity,access_freshness_lease,dirichlet_lcb,benign_concept_drift,0.5,3,20,5,0.3315,0.095,0.05537555539138603,2,2,1.0,1.0,0.0,0,2,0,5
cifar10,20,2,mixed_maturity,access_freshness_lease,dirichlet_lcb,benign_concept_drift,0.5,3,21,5,0.3355,0.002777777777777778,0.05537555539138603,2,2,1.0,1.0,0.0,0,0,0,5
cifar10,20,2,mixed_maturity,access_freshness_lease,dirichlet_lcb,benign_concept_drift,0.5,3,22,5,0.3465,0.12833333333333333,0.055375555391386014,2,2,1.0,1.0,0.0,0,0,0,5
cifar10,20,2,mixed_maturity,access_freshness_lease,dirichlet_lcb,benign_concept_drift,0.5,3,23,5,0.32,0.009444444444444445,0.05537555539138603,2,2,1.0,1.0,0.0,0,0,0,5
cifar10,20,2,mixed_maturity,access_freshness_lease,dirichlet_lcb,benign_concept_drift,0.5,3,24,5,0.3475,0.07333333333333333,0.055375555391386035,2,2,1.0,1.0,0.0,0,0,0,5
cifar10,20,2,mixed_maturity,access_freshness_lease,dirichlet_lcb,benign_concept_drift,0.5,3,25,5,0.3145,0.17833333333333334,0.10493999999999998,2,2,1.0,0.0,1.0,0,0,2,5
cifar10,20,2,mixed_maturity,access_freshness_lease,dirichlet_lcb,benign_concept_drift,0.5,3,26,5,0.3365,0.10333333333333333,0.10494,2,2,1.0,0.0,1.0,0,0,0,5
cifar10,20,2,mixed_maturity,access_freshness_lease,dirichlet_lcb,benign_concept_drift,0.5,3,27,5,0.3175,0.020555555555555556,0.10493999999999998,2,2,1.0,0.0,1.0,0,0,0,5
cifar10,20,2,mixed_maturity,access_freshness_lease,dirichlet_lcb,benign_concept_drift,0.5,3,28,5,0.3095,0.05611111111111111,0.10494,2,2,1.0,0.0,1.0,0,0,0,5
cifar10,20,2,mixed_maturity,access_freshness_lease,dirichlet_lcb,benign_concept_drift,0.5,3,29,5,0.3485,0.08,0.10493999999999998,2,2,1.0,0.0,1.0,0,0,0,5
cifar10,20,2,mixed_maturity,access_freshness_lease,dirichlet_lcb,benign_concept_drift,0.5,3,30,5,0.3415,0.125,0.05537555539138603,2,2,1.0,1.0,0.0,0,2,0,5
cifar10,20,2,mixed_maturity,access_freshness_lease,dirichlet_lcb,benign_concept_drift,0.5,3,31,5,0.3415,0.02388888888888889,0.05537555539138603,2,2,1.0,1.0,0.0,0,0,0,5
cifar10,20,2,mixed_maturity,access_freshness_lease,dirichlet_lcb,benign_concept_drift,0.5,3,32,5,0.3315,0.255,0.05537555539138603,2,2,1.0,1.0,0.0,0,0,0,5
cifar10,20,2,mixed_maturity,access_freshness_lease,dirichlet_lcb,benign_concept_drift,0.5,3,33,5,0.3285,0.017777777777777778,0.055375555391386014,2,2,1.0,1.0,0.0,0,0,0,5
cifar10,20,2,mixed_maturity,access_freshness_lease,dirichlet_lcb,benign_concept_drift,0.5,3,34,5,0.3595,0.07888888888888888,0.05537555539138603,2,2,1.0,1.0,0.0,0,0,0,5
cifar10,20,2,mixed_maturity,access_freshness_lease,dirichlet_lcb,benign_concept_drift,0.5,3,35,5,0.351,0.03222222222222222,0.10493999999999998,2,2,1.0,0.0,1.0,0,0,2,5
cifar10,20,2,mixed_maturity,access_freshness_lease,dirichlet_lcb,benign_concept_drift,0.5,3,36,5,0.354,0.051666666666666666,0.10494,2,2,1.0,0.0,1.0,0,0,0,5
cifar10,20,2,mixed_maturity,access_freshness_lease,dirichlet_lcb,benign_concept_drift,0.5,3,37,5,0.3445,0.06944444444444445,0.10494,2,2,1.0,0.0,1.0,0,0,0,5
cifar10,20,2,mixed_maturity,access_freshness_lease,dirichlet_lcb,benign_concept_drift,0.5,3,38,5,0.3455,0.04111111111111111,0.10493999999999998,2,2,1.0,0.0,1.0,0,0,0,5
cifar10,20,2,mixed_maturity,access_freshness_lease,dirichlet_lcb,benign_concept_drift,0.5,3,39,5,0.3525,0.16555555555555557,0.10494,2,2,1.0,0.0,1.0,0,0,0,5
cifar10,20,2,mixed_maturity,access_freshness_lease,dirichlet_lcb,benign_concept_drift,0.5,3,40,5,0.3395,0.0022222222222222222,0.055375555391386014,2,2,1.0,1.0,0.0,0,2,0,5
cifar10,20,2,mixed_maturity,access_freshness_lease,dirichlet_lcb,benign_concept_drift,0.5,3,41,5,0.365,0.051111111111111114,0.05537555539138603,2,2,1.0,1.0,0.0,0,0,0,5
cifar10,20,2,mixed_maturity,access_freshness_lease,dirichlet_lcb,benign_concept_drift,0.5,3,42,5,0.3275,0.0044444444444444444,0.05537555539138603,2,2,1.0,1.0,0.0,0,0,0,5
cifar10,20,2,mixed_maturity,access_freshness_lease,dirichlet_lcb,benign_concept_drift,0.5,3,43,5,0.3645,0.024444444444444446,0.05537555539138603,2,2,1.0,1.0,0.0,0,0,0,5
cifar10,20,2,mixed_maturity,access_freshness_lease,dirichlet_lcb,benign_concept_drift,0.5,3,44,5,0.3415,0.02388888888888889,0.05537555539138602,2,2,1.0,1.0,0.0,0,0,0,5
cifar10,20,2,mixed_maturity,access_freshness_lease,dirichlet_lcb,benign_concept_drift,0.5,3,45,5,0.3415,0.18888888888888888,0.10494,2,2,1.0,0.0,1.0,0,0,2,5
cifar10,20,2,mixed_maturity,access_freshness_lease,dirichlet_lcb,benign_concept_drift,0.5,3,46,5,0.3205,0.0016666666666666668,0.10494,2,2,1.0,0.0,1.0,0,0,0,5
cifar10,20,2,mixed_maturity,access_freshness_lease,dirichlet_lcb,benign_concept_drift,0.5,3,47,5,0.3275,0.006111111111111111,0.10494000000000002,2,2,1.0,0.0,1.0,0,0,0,5
cifar10,20,2,mixed_maturity,access_freshness_lease,dirichlet_lcb,benign_concept_drift,0.5,3,48,5,0.3505,0.06444444444444444,0.10494000000000002,2,2,1.0,0.0,1.0,0,0,0,5
cifar10,20,2,mixed_maturity,access_freshness_lease,dirichlet_lcb,benign_concept_drift,0.5,3,49,5,0.345,0.09333333333333334,0.10494,2,2,1.0,0.0,1.0,0,0,0,5
cifar10,20,2,mixed_maturity,access_freshness_lease,dirichlet_lcb,benign_concept_drift,0.5,3,50,5,0.335,0.12166666666666667,0.055375555391386035,2,2,1.0,1.0,0.0,0,2,0,5
cifar10,20,2,mixed_maturity,access_freshness_lease,dirichlet_lcb,benign_concept_drift,0.5,4,1,5,0.1135,0.0,0.06692841977231749,2,2,1.0,1.0,0.0,0,0,0,5
cifar10,20,2,mixed_maturity,access_freshness_lease,dirichlet_lcb,benign_concept_drift,0.5,4,2,5,0.197,0.0005555555555555556,0.06692841977231749,2,2,1.0,1.0,0.0,0,0,0,5
cifar10,20,2,mixed_maturity,access_freshness_lease,dirichlet_lcb,benign_concept_drift,0.5,4,3,5,0.2145,0.5361111111111111,0.06692841977231749,2,2,1.0,1.0,0.0,0,0,0,5
cifar10,20,2,mixed_maturity,access_freshness_lease,dirichlet_lcb,benign_concept_drift,0.5,4,4,5,0.266,0.03333333333333333,0.06692841977231749,2,2,1.0,1.0,0.0,0,0,0,5
cifar10,20,2,mixed_maturity,access_freshness_lease,dirichlet_lcb,benign_concept_drift,0.5,4,5,5,0.235,0.005,0.12546000000000002,2,2,1.0,0.0,1.0,0,0,0,5
cifar10,20,2,mixed_maturity,access_freshness_lease,dirichlet_lcb,benign_concept_drift,0.5,4,6,5,0.2985,0.08777777777777777,0.12546000000000002,2,2,1.0,0.0,1.0,0,0,0,5
cifar10,20,2,mixed_maturity,access_freshness_lease,dirichlet_lcb,benign_concept_drift,0.5,4,7,5,0.2765,0.11777777777777777,0.12546000000000002,2,2,1.0,0.0,1.0,0,0,0,5
cifar10,20,2,mixed_maturity,access_freshness_lease,dirichlet_lcb,benign_concept_drift,0.5,4,8,5,0.3125,0.13333333333333333,0.12546000000000002,2,2,1.0,0.0,1.0,0,0,0,5
cifar10,20,2,mixed_maturity,access_freshness_lease,dirichlet_lcb,benign_concept_drift,0.5,4,9,5,0.293,0.16333333333333333,0.12546,2,2,1.0,0.0,1.0,0,0,0,5
cifar10,20,2,mixed_maturity,access_freshness_lease,dirichlet_lcb,benign_concept_drift,0.5,4,10,5,0.294,0.08666666666666667,0.06692841977231749,2,2,1.0,1.0,0.0,0,2,0,5
cifar10,20,2,mixed_maturity,access_freshness_lease,dirichlet_lcb,benign_concept_drift,0.5,4,11,5,0.342,0.09222222222222222,0.06692841977231748,2,2,1.0,1.0,0.0,0,0,0,5
cifar10,20,2,mixed_maturity,access_freshness_lease,dirichlet_lcb,benign_concept_drift,0.5,4,12,5,0.3065,0.075,0.06692841977231748,2,2,1.0,1.0,0.0,0,0,0,5
cifar10,20,2,mixed_maturity,access_freshness_lease,dirichlet_lcb,benign_concept_drift,0.5,4,13,5,0.308,0.14888888888888888,0.06692841977231748,2,2,1.0,1.0,0.0,0,0,0,5
cifar10,20,2,mixed_maturity,access_freshness_lease,dirichlet_lcb,benign_concept_drift,0.5,4,14,5,0.276,0.13333333333333333,0.06692841977231749,2,2,1.0,1.0,0.0,0,0,0,5
cifar10,20,2,mixed_maturity,access_freshness_lease,dirichlet_lcb,benign_concept_drift,0.5,4,15,5,0.293,0.20833333333333334,0.12546000000000004,2,2,1.0,0.0,1.0,0,0,2,5
cifar10,20,2,mixed_maturity,access_freshness_lease,dirichlet_lcb,benign_concept_drift,0.5,4,16,5,0.287,0.034444444444444444,0.12546000000000004,2,2,1.0,0.0,1.0,0,0,0,5
cifar10,20,2,mixed_maturity,access_freshness_lease,dirichlet_lcb,benign_concept_drift,0.5,4,17,5,0.2795,0.0022222222222222222,0.12546000000000002,2,2,1.0,0.0,1.0,0,0,0,5
cifar10,20,2,mixed_maturity,access_freshness_lease,dirichlet_lcb,benign_concept_drift,0.5,4,18,5,0.2715,0.1511111111111111,0.12546000000000004,2,2,1.0,0.0,1.0,0,0,0,5
cifar10,20,2,mixed_maturity,access_freshness_lease,dirichlet_lcb,benign_concept_drift,0.5,4,19,5,0.2875,0.0077777777777777776,0.12546000000000002,2,2,1.0,0.0,1.0,0,0,0,5
cifar10,20,2,mixed_maturity,access_freshness_lease,dirichlet_lcb,benign_concept_drift,0.5,4,20,5,0.345,0.03,0.06692841977231749,2,2,1.0,1.0,0.0,0,2,0,5
cifar10,20,2,mixed_maturity,access_freshness_lease,dirichlet_lcb,benign_concept_drift,0.5,4,21,5,0.317,0.04777777777777778,0.06692841977231749,2,2,1.0,1.0,0.0,0,0,0,5
cifar10,20,2,mixed_maturity,access_freshness_lease,dirichlet_lcb,benign_concept_drift,0.5,4,22,5,0.307,0.12833333333333333,0.06692841977231749,2,2,1.0,1.0,0.0,0,0,0,5
cifar10,20,2,mixed_maturity,access_freshness_lease,dirichlet_lcb,benign_concept_drift,0.5,4,23,5,0.3455,0.03777777777777778,0.06692841977231749,2,2,1.0,1.0,0.0,0,0,0,5
cifar10,20,2,mixed_maturity,access_freshness_lease,dirichlet_lcb,benign_concept_drift,0.5,4,24,5,0.3425,0.06777777777777778,0.06692841977231749,2,2,1.0,1.0,0.0,0,0,0,5
cifar10,20,2,mixed_maturity,access_freshness_lease,dirichlet_lcb,benign_concept_drift,0.5,4,25,5,0.3565,0.09666666666666666,0.12546000000000002,2,2,1.0,0.0,1.0,0,0,2,5
cifar10,20,2,mixed_maturity,access_freshness_lease,dirichlet_lcb,benign_concept_drift,0.5,4,26,5,0.362,0.13444444444444445,0.12546000000000002,2,2,1.0,0.0,1.0,0,0,0,5
cifar10,20,2,mixed_maturity,access_freshness_lease,dirichlet_lcb,benign_concept_drift,0.5,4,27,5,0.327,0.002777777777777778,0.12546000000000002,2,2,1.0,0.0,1.0,0,0,0,5
cifar10,20,2,mixed_maturity,access_freshness_lease,dirichlet_lcb,benign_concept_drift,0.5,4,28,5,0.348,0.16944444444444445,0.12546000000000002,2,2,1.0,0.0,1.0,0,0,0,5
cifar10,20,2,mixed_maturity,access_freshness_lease,dirichlet_lcb,benign_concept_drift,0.5,4,29,5,0.3505,0.08333333333333333,0.12546000000000002,2,2,1.0,0.0,1.0,0,0,0,5
cifar10,20,2,mixed_maturity,access_freshness_lease,dirichlet_lcb,benign_concept_drift,0.5,4,30,5,0.3155,0.023333333333333334,0.06692841977231749,2,2,1.0,1.0,0.0,0,2,0,5
cifar10,20,2,mixed_maturity,access_freshness_lease,dirichlet_lcb,benign_concept_drift,0.5,4,31,5,0.3575,0.06277777777777778,0.06692841977231749,2,2,1.0,1.0,0.0,0,0,0,5
cifar10,20,2,mixed_maturity,access_freshness_lease,dirichlet_lcb,benign_concept_drift,0.5,4,32,5,0.3565,0.06777777777777778,0.06692841977231749,2,2,1.0,1.0,0.0,0,0,0,5
cifar10,20,2,mixed_maturity,access_freshness_lease,dirichlet_lcb,benign_concept_drift,0.5,4,33,5,0.329,0.012777777777777779,0.06692841977231749,2,2,1.0,1.0,0.0,0,0,0,5
cifar10,20,2,mixed_maturity,access_freshness_lease,dirichlet_lcb,benign_concept_drift,0.5,4,34,5,0.3415,0.16111111111111112,0.06692841977231748,2,2,1.0,1.0,0.0,0,0,0,5
cifar10,20,2,mixed_maturity,access_freshness_lease,dirichlet_lcb,benign_concept_drift,0.5,4,35,5,0.356,0.023333333333333334,0.12546000000000004,2,2,1.0,0.0,1.0,0,0,2,5
cifar10,20,2,mixed_maturity,access_freshness_lease,dirichlet_lcb,benign_concept_drift,0.5,4,36,5,0.3285,0.16777777777777778,0.12546000000000002,2,2,1.0,0.0,1.0,0,0,0,5
cifar10,20,2,mixed_maturity,access_freshness_lease,dirichlet_lcb,benign_concept_drift,0.5,4,37,5,0.3275,0.0005555555555555556,0.12546,2,2,1.0,0.0,1.0,0,0,0,5
cifar10,20,2,mixed_maturity,access_freshness_lease,dirichlet_lcb,benign_concept_drift,0.5,4,38,5,0.3225,0.05722222222222222,0.12546000000000002,2,2,1.0,0.0,1.0,0,0,0,5
cifar10,20,2,mixed_maturity,access_freshness_lease,dirichlet_lcb,benign_concept_drift,0.5,4,39,5,0.3595,0.04888888888888889,0.12546000000000002,2,2,1.0,0.0,1.0,0,0,0,5
cifar10,20,2,mixed_maturity,access_freshness_lease,dirichlet_lcb,benign_concept_drift,0.5,4,40,5,0.336,0.14055555555555554,0.06692841977231748,2,2,1.0,1.0,0.0,0,2,0,5
cifar10,20,2,mixed_maturity,access_freshness_lease,dirichlet_lcb,benign_concept_drift,0.5,4,41,5,0.333,0.085,0.06692841977231748,2,2,1.0,1.0,0.0,0,0,0,5
cifar10,20,2,mixed_maturity,access_freshness_lease,dirichlet_lcb,benign_concept_drift,0.5,4,42,5,0.3375,0.1738888888888889,0.06692841977231749,2,2,1.0,1.0,0.0,0,0,0,5
cifar10,20,2,mixed_maturity,access_freshness_lease,dirichlet_lcb,benign_concept_drift,0.5,4,43,5,0.334,0.06722222222222222,0.06692841977231749,2,2,1.0,1.0,0.0,0,0,0,5
cifar10,20,2,mixed_maturity,access_freshness_lease,dirichlet_lcb,benign_concept_drift,0.5,4,44,5,0.3375,0.008333333333333333,0.06692841977231748,2,2,1.0,1.0,0.0,0,0,0,5
cifar10,20,2,mixed_maturity,access_freshness_lease,dirichlet_lcb,benign_concept_drift,0.5,4,45,5,0.346,0.07222222222222222,0.12546000000000002,2,2,1.0,0.0,1.0,0,0,2,5
cifar10,20,2,mixed_maturity,access_freshness_lease,dirichlet_lcb,benign_concept_drift,0.5,4,46,5,0.3135,0.3194444444444444,0.12546000000000004,2,2,1.0,0.0,1.0,0,0,0,5
cifar10,20,2,mixed_maturity,access_freshness_lease,dirichlet_lcb,benign_concept_drift,0.5,4,47,5,0.3575,0.04666666666666667,0.12546000000000002,2,2,1.0,0.0,1.0,0,0,0,5
cifar10,20,2,mixed_maturity,access_freshness_lease,dirichlet_lcb,benign_concept_drift,0.5,4,48,5,0.323,0.19666666666666666,0.12546000000000002,2,2,1.0,0.0,1.0,0,0,0,5
cifar10,20,2,mixed_maturity,access_freshness_lease,dirichlet_lcb,benign_concept_drift,0.5,4,49,5,0.3565,0.041666666666666664,0.12546000000000002,2,2,1.0,0.0,1.0,0,0,0,5
cifar10,20,2,mixed_maturity,access_freshness_lease,dirichlet_lcb,benign_concept_drift,0.5,4,50,5,0.37,0.11277777777777778,0.06692841977231749,2,2,1.0,1.0,0.0,0,2,0,5
cifar10,20,2,mixed_maturity,access_freshness_lease,dirichlet_lcb,benign_concept_drift,0.5,5,1,5,0.15,0.7327777777777778,0.058257050637599866,2,2,1.0,1.0,0.0,0,0,0,5
cifar10,20,2,mixed_maturity,access_freshness_lease,dirichlet_lcb,benign_concept_drift,0.5,5,2,5,0.2375,0.024444444444444446,0.058257050637599866,2,2,1.0,1.0,0.0,0,0,0,5
cifar10,20,2,mixed_maturity,access_freshness_lease,dirichlet_lcb,benign_concept_drift,0.5,5,3,5,0.226,0.011666666666666667,0.05825705063759988,2,2,1.0,1.0,0.0,0,0,0,5
cifar10,20,2,mixed_maturity,access_freshness_lease,dirichlet_lcb,benign_concept_drift,0.5,5,4,5,0.27,0.065,0.05825705063759988,2,2,1.0,1.0,0.0,0,0,0,5
cifar10,20,2,mixed_maturity,access_freshness_lease,dirichlet_lcb,benign_concept_drift,0.5,5,5,5,0.2535,0.007222222222222222,0.11009999999999998,2,2,1.0,0.0,1.0,0,0,0,5
cifar10,20,2,mixed_maturity,access_freshness_lease,dirichlet_lcb,benign_concept_drift,0.5,5,6,5,0.232,0.10833333333333334,0.1101,2,2,1.0,0.0,1.0,0,0,0,5
cifar10,20,2,mixed_maturity,access_freshness_lease,dirichlet_lcb,benign_concept_drift,0.5,5,7,5,0.249,0.02666666666666667,0.11010000000000002,2,2,1.0,0.0,1.0,0,0,0,5
cifar10,20,2,mixed_maturity,access_freshness_lease,dirichlet_lcb,benign_concept_drift,0.5,5,8,5,0.2725,0.19111111111111112,0.1101,2,2,1.0,0.0,1.0,0,0,0,5
cifar10,20,2,mixed_maturity,access_freshness_lease,dirichlet_lcb,benign_concept_drift,0.5,5,9,5,0.254,0.315,0.1101,2,2,1.0,0.0,1.0,0,0,0,5
cifar10,20,2,mixed_maturity,access_freshness_lease,dirichlet_lcb,benign_concept_drift,0.5,5,10,5,0.273,0.05555555555555555,0.05825705063759988,2,2,1.0,1.0,0.0,0,2,0,5
cifar10,20,2,mixed_maturity,access_freshness_lease,dirichlet_lcb,benign_concept_drift,0.5,5,11,5,0.3055,0.09666666666666666,0.05825705063759988,2,2,1.0,1.0,0.0,0,0,0,5
cifar10,20,2,mixed_maturity,access_freshness_lease,dirichlet_lcb,benign_concept_drift,0.5,5,12,5,0.309,0.09444444444444444,0.05825705063759987,2,2,1.0,1.0,0.0,0,0,0,5
cifar10,20,2,mixed_maturity,access_freshness_lease,dirichlet_lcb,benign_concept_drift,0.5,5,13,5,0.294,0.18333333333333332,0.05825705063759989,2,2,1.0,1.0,0.0,0,0,0,5
cifar10,20,2,mixed_maturity,access_freshness_lease,dirichlet_lcb,benign_concept_drift,0.5,5,14,5,0.294,0.095,0.05825705063759988,2,2,1.0,1.0,0.0,0,0,0,5
cifar10,20,2,mixed_maturity,access_freshness_lease,dirichlet_lcb,benign_concept_drift,0.5,5,15,5,0.3425,0.10333333333333333,0.11010000000000002,2,2,1.0,0.0,1.0,0,0,2,5
cifar10,20,2,mixed_maturity,access_freshness_lease,dirichlet_lcb,benign_concept_drift,0.5,5,16,5,0.3155,0.2461111111111111,0.1101,2,2,1.0,0.0,1.0,0,0,0,5
cifar10,20,2,mixed_maturity,access_freshness_lease,dirichlet_lcb,benign_concept_drift,0.5,5,17,5,0.3305,0.04666666666666667,0.11010000000000002,2,2,1.0,0.0,1.0,0,0,0,5
cifar10,20,2,mixed_maturity,access_freshness_lease,dirichlet_lcb,benign_concept_drift,0.5,5,18,5,0.308,0.17444444444444446,0.11009999999999998,2,2,1.0,0.0,1.0,0,0,0,5
cifar10,20,2,mixed_maturity,access_freshness_lease,dirichlet_lcb,benign_concept_drift,0.5,5,19,5,0.326,0.06666666666666667,0.1101,2,2,1.0,0.0,1.0,0,0,0,5
cifar10,20,2,mixed_maturity,access_freshness_lease,dirichlet_lcb,benign_concept_drift,0.5,5,20,5,0.343,0.035555555555555556,0.05825705063759988,2,2,1.0,1.0,0.0,0,2,0,5
cifar10,20,2,mixed_maturity,access_freshness_lease,dirichlet_lcb,benign_concept_drift,0.5,5,21,5,0.3435,0.05555555555555555,0.05825705063759988,2,2,1.0,1.0,0.0,0,0,0,5
cifar10,20,2,mixed_maturity,access_freshness_lease,dirichlet_lcb,benign_concept_drift,0.5,5,22,5,0.322,0.14722222222222223,0.05825705063759989,2,2,1.0,1.0,0.0,0,0,0,5
cifar10,20,2,mixed_maturity,access_freshness_lease,dirichlet_lcb,benign_concept_drift,0.5,5,23,5,0.333,0.07666666666666666,0.05825705063759987,2,2,1.0,1.0,0.0,0,0,0,5
cifar10,20,2,mixed_maturity,access_freshness_lease,dirichlet_lcb,benign_concept_drift,0.5,5,24,5,0.354,0.045,0.058257050637599866,2,2,1.0,1.0,0.0,0,0,0,5
cifar10,20,2,mixed_maturity,access_freshness_lease,dirichlet_lcb,benign_concept_drift,0.5,5,25,5,0.332,0.12666666666666668,0.1101,2,2,1.0,0.0,1.0,0,0,2,5
cifar10,20,2,mixed_maturity,access_freshness_lease,dirichlet_lcb,benign_concept_drift,0.5,5,26,5,0.349,0.07777777777777778,0.1101,2,2,1.0,0.0,1.0,0,0,0,5
cifar10,20,2,mixed_maturity,access_freshness_lease,dirichlet_lcb,benign_concept_drift,0.5,5,27,5,0.2935,0.042777777777777776,0.11010000000000002,2,2,1.0,0.0,1.0,0,0,0,5
cifar10,20,2,mixed_maturity,access_freshness_lease,dirichlet_lcb,benign_concept_drift,0.5,5,28,5,0.304,0.06666666666666667,0.1101,2,2,1.0,0.0,1.0,0,0,0,5
cifar10,20,2,mixed_maturity,access_freshness_lease,dirichlet_lcb,benign_concept_drift,0.5,5,29,5,0.326,0.09833333333333333,0.1101,2,2,1.0,0.0,1.0,0,0,0,5
cifar10,20,2,mixed_maturity,access_freshness_lease,dirichlet_lcb,benign_concept_drift,0.5,5,30,5,0.3425,0.03666666666666667,0.05825705063759987,2,2,1.0,1.0,0.0,0,2,0,5
cifar10,20,2,mixed_maturity,access_freshness_lease,dirichlet_lcb,benign_concept_drift,0.5,5,31,5,0.311,0.0661111111111111,0.05825705063759987,2,2,1.0,1.0,0.0,0,0,0,5
cifar10,20,2,mixed_maturity,access_freshness_lease,dirichlet_lcb,benign_concept_drift,0.5,5,32,5,0.334,0.03166666666666667,0.058257050637599866,2,2,1.0,1.0,0.0,0,0,0,5
cifar10,20,2,mixed_maturity,access_freshness_lease,dirichlet_lcb,benign_concept_drift,0.5,5,33,5,0.343,0.06888888888888889,0.05825705063759988,2,2,1.0,1.0,0.0,0,0,0,5
cifar10,20,2,mixed_maturity,access_freshness_lease,dirichlet_lcb,benign_concept_drift,0.5,5,34,5,0.3435,0.1761111111111111,0.05825705063759988,2,2,1.0,1.0,0.0,0,0,0,5
cifar10,20,2,mixed_maturity,access_freshness_lease,dirichlet_lcb,benign_concept_drift,0.5,5,35,5,0.3255,0.043333333333333335,0.1101,2,2,1.0,0.0,1.0,0,0,2,5
cifar10,20,2,mixed_maturity,access_freshness_lease,dirichlet_lcb,benign_concept_drift,0.5,5,36,5,0.3345,0.056666666666666664,0.1101,2,2,1.0,0.0,1.0,0,0,0,5
cifar10,20,2,mixed_maturity,access_freshness_lease,dirichlet_lcb,benign_concept_drift,0.5,5,37,5,0.323,0.042222222222222223,0.11009999999999998,2,2,1.0,0.0,1.0,0,0,0,5
cifar10,20,2,mixed_maturity,access_freshness_lease,dirichlet_lcb,benign_concept_drift,0.5,5,38,5,0.3565,0.11777777777777777,0.11009999999999998,2,2,1.0,0.0,1.0,0,0,0,5
cifar10,20,2,mixed_maturity,access_freshness_lease,dirichlet_lcb,benign_concept_drift,0.5,5,39,5,0.339,0.1761111111111111,0.1101,2,2,1.0,0.0,1.0,0,0,0,5
cifar10,20,2,mixed_maturity,access_freshness_lease,dirichlet_lcb,benign_concept_drift,0.5,5,40,5,0.3505,0.045,0.05825705063759989,2,2,1.0,1.0,0.0,0,2,0,5
cifar10,20,2,mixed_maturity,access_freshness_lease,dirichlet_lcb,benign_concept_drift,0.5,5,41,5,0.34,0.03277777777777778,0.05825705063759987,2,2,1.0,1.0,0.0,0,0,0,5
cifar10,20,2,mixed_maturity,access_freshness_lease,dirichlet_lcb,benign_concept_drift,0.5,5,42,5,0.336,0.03333333333333333,0.05825705063759988,2,2,1.0,1.0,0.0,0,0,0,5
cifar10,20,2,mixed_maturity,access_freshness_lease,dirichlet_lcb,benign_concept_drift,0.5,5,43,5,0.3575,0.08833333333333333,0.05825705063759988,2,2,1.0,1.0,0.0,0,0,0,5
cifar10,20,2,mixed_maturity,access_freshness_lease,dirichlet_lcb,benign_concept_drift,0.5,5,44,5,0.333,0.06555555555555556,0.05825705063759987,2,2,1.0,1.0,0.0,0,0,0,5
cifar10,20,2,mixed_maturity,access_freshness_lease,dirichlet_lcb,benign_concept_drift,0.5,5,45,5,0.314,0.14833333333333334,0.1101,2,2,1.0,0.0,1.0,0,0,2,5
cifar10,20,2,mixed_maturity,access_freshness_lease,dirichlet_lcb,benign_concept_drift,0.5,5,46,5,0.32,0.15,0.11009999999999998,2,2,1.0,0.0,1.0,0,0,0,5
cifar10,20,2,mixed_maturity,access_freshness_lease,dirichlet_lcb,benign_concept_drift,0.5,5,47,5,0.3655,0.07,0.1101,2,2,1.0,0.0,1.0,0,0,0,5
cifar10,20,2,mixed_maturity,access_freshness_lease,dirichlet_lcb,benign_concept_drift,0.5,5,48,5,0.3205,0.22055555555555556,0.11009999999999998,2,2,1.0,0.0,1.0,0,0,0,5
cifar10,20,2,mixed_maturity,access_freshness_lease,dirichlet_lcb,benign_concept_drift,0.5,5,49,5,0.3255,0.024444444444444446,0.1101,2,2,1.0,0.0,1.0,0,0,0,5
cifar10,20,2,mixed_maturity,access_freshness_lease,dirichlet_lcb,benign_concept_drift,0.5,5,50,5,0.348,0.10277777777777777,0.05825705063759988,2,2,1.0,1.0,0.0,0,2,0,5
cifar10,20,2,mixed_maturity,access_freshness_lease,dirichlet_lcb,benign_concept_drift,0.5,6,1,5,0.105,0.9788888888888889,0.05260941874907896,2,2,1.0,1.0,0.0,0,0,0,5
cifar10,20,2,mixed_maturity,access_freshness_lease,dirichlet_lcb,benign_concept_drift,0.5,6,2,5,0.17,0.0,0.052609418749078964,2,2,1.0,1.0,0.0,0,0,0,5
cifar10,20,2,mixed_maturity,access_freshness_lease,dirichlet_lcb,benign_concept_drift,0.5,6,3,5,0.2355,0.09055555555555556,0.052609418749078964,2,2,1.0,1.0,0.0,0,0,0,5
cifar10,20,2,mixed_maturity,access_freshness_lease,dirichlet_lcb,benign_concept_drift,0.5,6,4,5,0.2425,0.03888888888888889,0.052609418749078964,2,2,1.0,1.0,0.0,0,0,0,5
cifar10,20,2,mixed_maturity,access_freshness_lease,dirichlet_lcb,benign_concept_drift,0.5,6,5,5,0.2395,0.2911111111111111,0.09996000000000001,2,2,1.0,0.0,1.0,0,0,0,5
cifar10,20,2,mixed_maturity,access_freshness_lease,dirichlet_lcb,benign_concept_drift,0.5,6,6,5,0.2765,0.0016666666666666668,0.09996000000000002,2,2,1.0,0.0,1.0,0,0,0,5
cifar10,20,2,mixed_maturity,access_freshness_lease,dirichlet_lcb,benign_concept_drift,0.5,6,7,5,0.2635,0.2338888888888889,0.09996,2,2,1.0,0.0,1.0,0,0,0,5
cifar10,20,2,mixed_maturity,access_freshness_lease,dirichlet_lcb,benign_concept_drift,0.5,6,8,5,0.293,0.12666666666666668,0.09996,2,2,1.0,0.0,1.0,0,0,0,5
cifar10,20,2,mixed_maturity,access_freshness_lease,dirichlet_lcb,benign_concept_drift,0.5,6,9,5,0.2375,0.0011111111111111111,0.09996,2,2,1.0,0.0,1.0,0,0,0,5
cifar10,20,2,mixed_maturity,access_freshness_lease,dirichlet_lcb,benign_concept_drift,0.5,6,10,5,0.3055,0.12222222222222222,0.05260941874907896,2,2,1.0,1.0,0.0,0,2,0,5
cifar10,20,2,mixed_maturity,access_freshness_lease,dirichlet_lcb,benign_concept_drift,0.5,6,11,5,0.314,0.0033333333333333335,0.05260941874907896,2,2,1.0,1.0,0.0,0,0,0,5
cifar10,20,2,mixed_maturity,access_freshness_lease,dirichlet_lcb,benign_concept_drift,0.5,6,12,5,0.2885,0.10833333333333334,0.05260941874907896,2,2,1.0,1.0,0.0,0,0,0,5
cifar10,20,2,mixed_maturity,access_freshness_lease,dirichlet_lcb,benign_concept_drift,0.5,6,13,5,0.319,0.021111111111111112,0.052609418749078964,2,2,1.0,1.0,0.0,0,0,0,5
cifar10,20,2,mixed_maturity,access_freshness_lease,dirichlet_lcb,benign_concept_drift,0.5,6,14,5,0.3315,0.06222222222222222,0.05260941874907896,2,2,1.0,1.0,0.0,0,0,0,5
cifar10,20,2,mixed_maturity,access_freshness_lease,dirichlet_lcb,benign_concept_drift,0.5,6,15,5,0.337,0.025555555555555557,0.09996,2,2,1.0,0.0,1.0,0,0,2,5
cifar10,20,2,mixed_maturity,access_freshness_lease,dirichlet_lcb,benign_concept_drift,0.5,6,16,5,0.332,0.035,0.09996,2,2,1.0,0.0,1.0,0,0,0,5
cifar10,20,2,mixed_maturity,access_freshness_lease,dirichlet_lcb,benign_concept_drift,0.5,6,17,5,0.305,0.015555555555555555,0.09996,2,2,1.0,0.0,1.0,0,0,0,5
cifar10,20,2,mixed_maturity,access_freshness_lease,dirichlet_lcb,benign_concept_drift,0.5,6,18,5,0.3245,0.07833333333333334,0.09996,2,2,1.0,0.0,1.0,0,0,0,5
cifar10,20,2,mixed_maturity,access_freshness_lease,dirichlet_lcb,benign_concept_drift,0.5,6,19,5,0.3525,0.026111111111111113,0.09996000000000001,2,2,1.0,0.0,1.0,0,0,0,5
cifar10,20,2,mixed_maturity,access_freshness_lease,dirichlet_lcb,benign_concept_drift,0.5,6,20,5,0.331,0.08055555555555556,0.05260941874907897,2,2,1.0,1.0,0.0,0,2,0,5
cifar10,20,2,mixed_maturity,access_freshness_lease,dirichlet_lcb,benign_concept_drift,0.5,6,21,5,0.336,0.07055555555555555,0.052609418749078964,2,2,1.0,1.0,0.0,0,0,0,5
cifar10,20,2,mixed_maturity,access_freshness_lease,dirichlet_lcb,benign_concept_drift,0.5,6,22,5,0.322,0.012222222222222223,0.052609418749078964,2,2,1.0,1.0,0.0,0,0,0,5
cifar10,20,2,mixed_maturity,access_freshness_lease,dirichlet_lcb,benign_concept_drift,0.5,6,23,5,0.2945,0.01,0.052609418749078964,2,2,1.0,1.0,0.0,0,0,0,5
cifar10,20,2,mixed_maturity,access_freshness_lease,dirichlet_lcb,benign_concept_drift,0.5,6,24,5,0.365,0.03333333333333333,0.05260941874907897,2,2,1.0,1.0,0.0,0,0,0,5
cifar10,20,2,mixed_maturity,access_freshness_lease,dirichlet_lcb,benign_concept_drift,0.5,6,25,5,0.3505,0.07277777777777777,0.09996,2,2,1.0,0.0,1.0,0,0,2,5
cifar10,20,2,mixed_maturity,access_freshness_lease,dirichlet_lcb,benign_concept_drift,0.5,6,26,5,0.3355,0.04888888888888889,0.09996,2,2,1.0,0.0,1.0,0,0,0,5
cifar10,20,2,mixed_maturity,access_freshness_lease,dirichlet_lcb,benign_concept_drift,0.5,6,27,5,0.315,0.008888888888888889,0.09996,2,2,1.0,0.0,1.0,0,0,0,5
cifar10,20,2,mixed_maturity,access_freshness_lease,dirichlet_lcb,benign_concept_drift,0.5,6,28,5,0.3405,0.05,0.09996,2,2,1.0,0.0,1.0,0,0,0,5
cifar10,20,2,mixed_maturity,access_freshness_lease,dirichlet_lcb,benign_concept_drift,0.5,6,29,5,0.316,0.0011111111111111111,0.09996,2,2,1.0,0.0,1.0,0,0,0,5
cifar10,20,2,mixed_maturity,access_freshness_lease,dirichlet_lcb,benign_concept_drift,0.5,6,30,5,0.347,0.017777777777777778,0.05260941874907896,2,2,1.0,1.0,0.0,0,2,0,5
cifar10,20,2,mixed_maturity,access_freshness_lease,dirichlet_lcb,benign_concept_drift,0.5,6,31,5,0.3395,0.11611111111111111,0.05260941874907897,2,2,1.0,1.0,0.0,0,0,0,5
cifar10,20,2,mixed_maturity,access_freshness_lease,dirichlet_lcb,benign_concept_drift,0.5,6,32,5,0.3355,0.019444444444444445,0.052609418749078964,2,2,1.0,1.0,0.0,0,0,0,5
cifar10,20,2,mixed_maturity,access_freshness_lease,dirichlet_lcb,benign_concept_drift,0.5,6,33,5,0.334,0.04055555555555555,0.05260941874907897,2,2,1.0,1.0,0.0,0,0,0,5
cifar10,20,2,mixed_maturity,access_freshness_lease,dirichlet_lcb,benign_concept_drift,0.5,6,34,5,0.345,0.06388888888888888,0.052609418749078964,2,2,1.0,1.0,0.0,0,0,0,5
cifar10,20,2,mixed_maturity,access_freshness_lease,dirichlet_lcb,benign_concept_drift,0.5,6,35,5,0.357,0.14222222222222222,0.09996,2,2,1.0,0.0,1.0,0,0,2,5
cifar10,20,2,mixed_maturity,access_freshness_lease,dirichlet_lcb,benign_concept_drift,0.5,6,36,5,0.362,0.017777777777777778,0.09996,2,2,1.0,0.0,1.0,0,0,0,5
cifar10,20,2,mixed_maturity,access_freshness_lease,dirichlet_lcb,benign_concept_drift,0.5,6,37,5,0.331,0.06722222222222222,0.09996,2,2,1.0,0.0,1.0,0,0,0,5
cifar10,20,2,mixed_maturity,access_freshness_lease,dirichlet_lcb,benign_concept_drift,0.5,6,38,5,0.3485,0.07,0.09996,2,2,1.0,0.0,1.0,0,0,0,5
cifar10,20,2,mixed_maturity,access_freshness_lease,dirichlet_lcb,benign_concept_drift,0.5,6,39,5,0.3635,0.06777777777777778,0.09996000000000001,2,2,1.0,0.0,1.0,0,0,0,5
cifar10,20,2,mixed_maturity,access_freshness_lease,dirichlet_lcb,benign_concept_drift,0.5,6,40,5,0.3255,0.012222222222222223,0.052609418749078964,2,2,1.0,1.0,0.0,0,2,0,5
cifar10,20,2,mixed_maturity,access_freshness_lease,dirichlet_lcb,benign_concept_drift,0.5,6,41,5,0.3325,0.095,0.05260941874907896,2,2,1.0,1.0,0.0,0,0,0,5
cifar10,20,2,mixed_maturity,access_freshness_lease,dirichlet_lcb,benign_concept_drift,0.5,6,42,5,0.319,0.07166666666666667,0.052609418749078964,2,2,1.0,1.0,0.0,0,0,0,5
cifar10,20,2,mixed_maturity,access_freshness_lease,dirichlet_lcb,benign_concept_drift,0.5,6,43,5,0.3655,0.05444444444444444,0.05260941874907897,2,2,1.0,1.0,0.0,0,0,0,5
cifar10,20,2,mixed_maturity,access_freshness_lease,dirichlet_lcb,benign_concept_drift,0.5,6,44,5,0.3395,0.03222222222222222,0.052609418749078964,2,2,1.0,1.0,0.0,0,0,0,5
cifar10,20,2,mixed_maturity,access_freshness_lease,dirichlet_lcb,benign_concept_drift,0.5,6,45,5,0.312,0.08444444444444445,0.09996,2,2,1.0,0.0,1.0,0,0,2,5
cifar10,20,2,mixed_maturity,access_freshness_lease,dirichlet_lcb,benign_concept_drift,0.5,6,46,5,0.3535,0.06111111111111111,0.09996000000000001,2,2,1.0,0.0,1.0,0,0,0,5
cifar10,20,2,mixed_maturity,access_freshness_lease,dirichlet_lcb,benign_concept_drift,0.5,6,47,5,0.3665,0.12166666666666667,0.09996,2,2,1.0,0.0,1.0,0,0,0,5
cifar10,20,2,mixed_maturity,access_freshness_lease,dirichlet_lcb,benign_concept_drift,0.5,6,48,5,0.3385,0.06277777777777778,0.09996,2,2,1.0,0.0,1.0,0,0,0,5
cifar10,20,2,mixed_maturity,access_freshness_lease,dirichlet_lcb,benign_concept_drift,0.5,6,49,5,0.35,0.06222222222222222,0.09996,2,2,1.0,0.0,1.0,0,0,0,5
cifar10,20,2,mixed_maturity,access_freshness_lease,dirichlet_lcb,benign_concept_drift,0.5,6,50,5,0.3645,0.08444444444444445,0.052609418749078964,2,2,1.0,1.0,0.0,0,2,0,5
cifar10,20,2,mixed_maturity,access_freshness_lease,dirichlet_lcb,benign_concept_drift,0.5,7,1,5,0.184,0.0,0.052930832973581976,2,2,1.0,1.0,0.0,0,0,0,5
cifar10,20,2,mixed_maturity,access_freshness_lease,dirichlet_lcb,benign_concept_drift,0.5,7,2,5,0.1995,0.009444444444444445,0.05293083297358196,2,2,1.0,1.0,0.0,0,0,0,5
cifar10,20,2,mixed_maturity,access_freshness_lease,dirichlet_lcb,benign_concept_drift,0.5,7,3,5,0.2365,0.11055555555555556,0.05293083297358196,2,2,1.0,1.0,0.0,0,0,0,5
cifar10,20,2,mixed_maturity,access_freshness_lease,dirichlet_lcb,benign_concept_drift,0.5,7,4,5,0.2515,0.028333333333333332,0.05293083297358196,2,2,1.0,1.0,0.0,0,0,0,5
cifar10,20,2,mixed_maturity,access_freshness_lease,dirichlet_lcb,benign_concept_drift,0.5,7,5,5,0.257,0.03611111111111111,0.10054000000000002,2,2,1.0,0.0,1.0,0,0,0,5
cifar10,20,2,mixed_maturity,access_freshness_lease,dirichlet_lcb,benign_concept_drift,0.5,7,6,5,0.263,0.03111111111111111,0.10054000000000002,2,2,1.0,0.0,1.0,0,0,0,5
cifar10,20,2,mixed_maturity,access_freshness_lease,dirichlet_lcb,benign_concept_drift,0.5,7,7,5,0.2705,0.21222222222222223,0.10054,2,2,1.0,0.0,1.0,0,0,0,5
cifar10,20,2,mixed_maturity,access_freshness_lease,dirichlet_lcb,benign_concept_drift,0.5,7,8,5,0.2915,0.075,0.10054,2,2,1.0,0.0,1.0,0,0,0,5
cifar10,20,2,mixed_maturity,access_freshness_lease,dirichlet_lcb,benign_concept_drift,0.5,7,9,5,0.3185,0.07333333333333333,0.10054,2,2,1.0,0.0,1.0,0,0,0,5
cifar10,20,2,mixed_maturity,access_freshness_lease,dirichlet_lcb,benign_concept_drift,0.5,7,10,5,0.2725,0.026111111111111113,0.052930832973581955,2,2,1.0,1.0,0.0,0,2,0,5
cifar10,20,2,mixed_maturity,access_freshness_lease,dirichlet_lcb,benign_concept_drift,0.5,7,11,5,0.309,0.006666666666666667,0.05293083297358197,2,2,1.0,1.0,0.0,0,0,0,5
cifar10,20,2,mixed_maturity,access_freshness_lease,dirichlet_lcb,benign_concept_drift,0.5,7,12,5,0.3265,0.056666666666666664,0.052930832973581955,2,2,1.0,1.0,0.0,0,0,0,5
cifar10,20,2,mixed_maturity,access_freshness_lease,dirichlet_lcb,benign_concept_drift,0.5,7,13,5,0.3045,0.0016666666666666668,0.052930832973581976,2,2,1.0,1.0,0.0,0,0,0,5
cifar10,20,2,mixed_maturity,access_freshness_lease,dirichlet_lcb,benign_concept_drift,0.5,7,14,5,0.3295,0.07222222222222222,0.05293083297358197,2,2,1.0,1.0,0.0,0,0,0,5
cifar10,20,2,mixed_maturity,access_freshness_lease,dirichlet_lcb,benign_concept_drift,0.5,7,15,5,0.264,0.0661111111111111,0.10054000000000003,2,2,1.0,0.0,1.0,0,0,2,5
cifar10,20,2,mixed_maturity,access_freshness_lease,dirichlet_lcb,benign_concept_drift,0.5,7,16,5,0.3245,0.016666666666666666,0.10053999999999998,2,2,1.0,0.0,1.0,0,0,0,5
cifar10,20,2,mixed_maturity,access_freshness_lease,dirichlet_lcb,benign_concept_drift,0.5,7,17,5,0.3235,0.09,0.10054,2,2,1.0,0.0,1.0,0,0,0,5
cifar10,20,2,mixed_maturity,access_freshness_lease,dirichlet_lcb,benign_concept_drift,0.5,7,18,5,0.335,0.17444444444444446,0.10054,2,2,1.0,0.0,1.0,0,0,0,5
cifar10,20,2,mixed_maturity,access_freshness_lease,dirichlet_lcb,benign_concept_drift,0.5,7,19,5,0.332,0.005555555555555556,0.10054,2,2,1.0,0.0,1.0,0,0,0,5
cifar10,20,2,mixed_maturity,access_freshness_lease,dirichlet_lcb,benign_concept_drift,0.5,7,20,5,0.3455,0.08944444444444444,0.05293083297358196,2,2,1.0,1.0,0.0,0,2,0,5
cifar10,20,2,mixed_maturity,access_freshness_lease,dirichlet_lcb,benign_concept_drift,0.5,7,21,5,0.3095,0.06666666666666667,0.05293083297358197,2,2,1.0,1.0,0.0,0,0,0,5
cifar10,20,2,mixed_maturity,access_freshness_lease,dirichlet_lcb,benign_concept_drift,0.5,7,22,5,0.364,0.058333333333333334,0.05293083297358196,2,2,1.0,1.0,0.0,0,0,0,5
cifar10,20,2,mixed_maturity,access_freshness_lease,dirichlet_lcb,benign_concept_drift,0.5,7,23,5,0.2955,0.01,0.05293083297358197,2,2,1.0,1.0,0.0,0,0,0,5
cifar10,20,2,mixed_maturity,access_freshness_lease,dirichlet_lcb,benign_concept_drift,0.5,7,24,5,0.334,0.16944444444444445,0.05293083297358197,2,2,1.0,1.0,0.0,0,0,0,5
cifar10,20,2,mixed_maturity,access_freshness_lease,dirichlet_lcb,benign_concept_drift,0.5,7,25,5,0.284,0.051666666666666666,0.10054,2,2,1.0,0.0,1.0,0,0,2,5
cifar10,20,2,mixed_maturity,access_freshness_lease,dirichlet_lcb,benign_concept_drift,0.5,7,26,5,0.3375,0.07888888888888888,0.10053999999999998,2,2,1.0,0.0,1.0,0,0,0,5
cifar10,20,2,mixed_maturity,access_freshness_lease,dirichlet_lcb,benign_concept_drift,0.5,7,27,5,0.3075,0.0011111111111111111,0.10054,2,2,1.0,0.0,1.0,0,0,0,5
cifar10,20,2,mixed_maturity,access_freshness_lease,dirichlet_lcb,benign_concept_drift,0.5,7,28,5,0.3025,0.17722222222222223,0.10054,2,2,1.0,0.0,1.0,0,0,0,5
cifar10,20,2,mixed_maturity,access_freshness_lease,dirichlet_lcb,benign_concept_drift,0.5,7,29,5,0.3315,0.0011111111111111111,0.10053999999999998,2,2,1.0,0.0,1.0,0,0,0,5
cifar10,20,2,mixed_maturity,access_freshness_lease,dirichlet_lcb,benign_concept_drift,0.5,7,30,5,0.345,0.04888888888888889,0.05293083297358197,2,2,1.0,1.0,0.0,0,2,0,5
cifar10,20,2,mixed_maturity,access_freshness_lease,dirichlet_lcb,benign_concept_drift,0.5,7,31,5,0.33,0.08388888888888889,0.05293083297358197,2,2,1.0,1.0,0.0,0,0,0,5
cifar10,20,2,mixed_maturity,access_freshness_lease,dirichlet_lcb,benign_concept_drift,0.5,7,32,5,0.361,0.065,0.05293083297358197,2,2,1.0,1.0,0.0,0,0,0,5
cifar10,20,2,mixed_maturity,access_freshness_lease,dirichlet_lcb,benign_concept_drift,0.5,7,33,5,0.3535,0.017777777777777778,0.05293083297358196,2,2,1.0,1.0,0.0,0,0,0,5
cifar10,20,2,mixed_maturity,access_freshness_lease,dirichlet_lcb,benign_concept_drift,0.5,7,34,5,0.3515,0.019444444444444445,0.05293083297358197,2,2,1.0,1.0,0.0,0,0,0,5
cifar10,20,2,mixed_maturity,access_freshness_lease,dirichlet_lcb,benign_concept_drift,0.5,7,35,5,0.348,0.043333333333333335,0.10053999999999998,2,2,1.0,0.0,1.0,0,0,2,5
cifar10,20,2,mixed_maturity,access_freshness_lease,dirichlet_lcb,benign_concept_drift,0.5,7,36,5,0.3535,0.009444444444444445,0.10054,2,2,1.0,0.0,1.0,0,0,0,5
cifar10,20,2,mixed_maturity,access_freshness_lease,dirichlet_lcb,benign_concept_drift,0.5,7,37,5,0.3115,0.04611111111111111,0.10054,2,2,1.0,0.0,1.0,0,0,0,5
cifar10,20,2,mixed_maturity,access_freshness_lease,dirichlet_lcb,benign_concept_drift,0.5,7,38,5,0.3385,0.002777777777777778,0.10054000000000002,2,2,1.0,0.0,1.0,0,0,0,5
cifar10,20,2,mixed_maturity,access_freshness_lease,dirichlet_lcb,benign_concept_drift,0.5,7,39,5,0.3195,0.08166666666666667,0.10054,2,2,1.0,0.0,1.0,0,0,0,5
cifar10,20,2,mixed_maturity,access_freshness_lease,dirichlet_lcb,benign_concept_drift,0.5,7,40,5,0.351,0.014444444444444444,0.05293083297358196,2,2,1.0,1.0,0.0,0,2,0,5
cifar10,20,2,mixed_maturity,access_freshness_lease,dirichlet_lcb,benign_concept_drift,0.5,7,41,5,0.3455,0.011666666666666667,0.05293083297358196,2,2,1.0,1.0,0.0,0,0,0,5
cifar10,20,2,mixed_maturity,access_freshness_lease,dirichlet_lcb,benign_concept_drift,0.5,7,42,5,0.368,0.09777777777777778,0.05293083297358197,2,2,1.0,1.0,0.0,0,0,0,5
cifar10,20,2,mixed_maturity,access_freshness_lease,dirichlet_lcb,benign_concept_drift,0.5,7,43,5,0.3265,0.035555555555555556,0.05293083297358196,2,2,1.0,1.0,0.0,0,0,0,5
cifar10,20,2,mixed_maturity,access_freshness_lease,dirichlet_lcb,benign_concept_drift,0.5,7,44,5,0.333,0.08555555555555555,0.05293083297358196,2,2,1.0,1.0,0.0,0,0,0,5
cifar10,20,2,mixed_maturity,access_freshness_lease,dirichlet_lcb,benign_concept_drift,0.5,7,45,5,0.3395,0.0077777777777777776,0.10054000000000002,2,2,1.0,0.0,1.0,0,0,2,5
cifar10,20,2,mixed_maturity,access_freshness_lease,dirichlet_lcb,benign_concept_drift,0.5,7,46,5,0.3285,0.14722222222222223,0.10053999999999998,2,2,1.0,0.0,1.0,0,0,0,5
cifar10,20,2,mixed_maturity,access_freshness_lease,dirichlet_lcb,benign_concept_drift,0.5,7,47,5,0.3495,0.08944444444444444,0.10054000000000002,2,2,1.0,0.0,1.0,0,0,0,5
cifar10,20,2,mixed_maturity,access_freshness_lease,dirichlet_lcb,benign_concept_drift,0.5,7,48,5,0.33,0.09111111111111111,0.10054,2,2,1.0,0.0,1.0,0,0,0,5
cifar10,20,2,mixed_maturity,access_freshness_lease,dirichlet_lcb,benign_concept_drift,0.5,7,49,5,0.351,0.017222222222222222,0.10054,2,2,1.0,0.0,1.0,0,0,0,5
cifar10,20,2,mixed_maturity,access_freshness_lease,dirichlet_lcb,benign_concept_drift,0.5,7,50,5,0.313,0.0005555555555555556,0.05293083297358196,2,2,1.0,1.0,0.0,0,2,0,5
cifar10,20,2,mixed_maturity,access_freshness_lease,dirichlet_lcb,benign_concept_drift,0.5,8,1,5,0.1,0.9977777777777778,0.0531637037661134,2,2,1.0,1.0,0.0,0,0,0,5
cifar10,20,2,mixed_maturity,access_freshness_lease,dirichlet_lcb,benign_concept_drift,0.5,8,2,5,0.1955,0.0033333333333333335,0.0531637037661134,2,2,1.0,1.0,0.0,0,0,0,5
cifar10,20,2,mixed_maturity,access_freshness_lease,dirichlet_lcb,benign_concept_drift,0.5,8,3,5,0.1965,0.050555555555555555,0.053163703766113415,2,2,1.0,1.0,0.0,0,0,0,5
cifar10,20,2,mixed_maturity,access_freshness_lease,dirichlet_lcb,benign_concept_drift,0.5,8,4,5,0.2475,0.23166666666666666,0.053163703766113415,2,2,1.0,1.0,0.0,0,0,0,5
cifar10,20,2,mixed_maturity,access_freshness_lease,dirichlet_lcb,benign_concept_drift,0.5,8,5,5,0.29,0.0038888888888888888,0.10096000000000001,2,2,1.0,0.0,1.0,0,0,0,5
cifar10,20,2,mixed_maturity,access_freshness_lease,dirichlet_lcb,benign_concept_drift,0.5,8,6,5,0.2185,0.012222222222222223,0.10096000000000001,2,2,1.0,0.0,1.0,0,0,0,5
cifar10,20,2,mixed_maturity,access_freshness_lease,dirichlet_lcb,benign_concept_drift,0.5,8,7,5,0.2735,0.020555555555555556,0.10096000000000001,2,2,1.0,0.0,1.0,0,0,0,5
cifar10,20,2,mixed_maturity,access_freshness_lease,dirichlet_lcb,benign_concept_drift,0.5,8,8,5,0.2725,0.05277777777777778,0.10096000000000001,2,2,1.0,0.0,1.0,0,0,0,5
cifar10,20,2,mixed_maturity,access_freshness_lease,dirichlet_lcb,benign_concept_drift,0.5,8,9,5,0.263,0.06111111111111111,0.10096000000000001,2,2,1.0,0.0,1.0,0,0,0,5
cifar10,20,2,mixed_maturity,access_freshness_lease,dirichlet_lcb,benign_concept_drift,0.5,8,10,5,0.3105,0.24944444444444444,0.05316370376611341,2,2,1.0,1.0,0.0,0,2,0,5
cifar10,20,2,mixed_maturity,access_freshness_lease,dirichlet_lcb,benign_concept_drift,0.5,8,11,5,0.287,0.016666666666666666,0.05316370376611341,2,2,1.0,1.0,0.0,0,0,0,5
cifar10,20,2,mixed_maturity,access_freshness_lease,dirichlet_lcb,benign_concept_drift,0.5,8,12,5,0.3035,0.06277777777777778,0.053163703766113415,2,2,1.0,1.0,0.0,0,0,0,5
cifar10,20,2,mixed_maturity,access_freshness_lease,dirichlet_lcb,benign_concept_drift,0.5,8,13,5,0.291,0.11388888888888889,0.053163703766113415,2,2,1.0,1.0,0.0,0,0,0,5
cifar10,20,2,mixed_maturity,access_freshness_lease,dirichlet_lcb,benign_concept_drift,0.5,8,14,5,0.2865,0.18444444444444444,0.0531637037661134,2,2,1.0,1.0,0.0,0,0,0,5
cifar10,20,2,mixed_maturity,access_freshness_lease,dirichlet_lcb,benign_concept_drift,0.5,8,15,5,0.2795,0.0005555555555555556,0.10096000000000001,2,2,1.0,0.0,1.0,0,0,2,5
cifar10,20,2,mixed_maturity,access_freshness_lease,dirichlet_lcb,benign_concept_drift,0.5,8,16,5,0.29,0.12555555555555556,0.10096000000000001,2,2,1.0,0.0,1.0,0,0,0,5
cifar10,20,2,mixed_maturity,access_freshness_lease,dirichlet_lcb,benign_concept_drift,0.5,8,17,5,0.341,0.06,0.10096000000000001,2,2,1.0,0.0,1.0,0,0,0,5
cifar10,20,2,mixed_maturity,access_freshness_lease,dirichlet_lcb,benign_concept_drift,0.5,8,18,5,0.3065,0.028888888888888888,0.10096000000000001,2,2,1.0,0.0,1.0,0,0,0,5
cifar10,20,2,mixed_maturity,access_freshness_lease,dirichlet_lcb,benign_concept_drift,0.5,8,19,5,0.3225,0.026111111111111113,0.10096000000000001,2,2,1.0,0.0,1.0,0,0,0,5
cifar10,20,2,mixed_maturity,access_freshness_lease,dirichlet_lcb,benign_concept_drift,0.5,8,20,5,0.3265,0.012777777777777779,0.0531637037661134,2,2,1.0,1.0,0.0,0,2,0,5
cifar10,20,2,mixed_maturity,access_freshness_lease,dirichlet_lcb,benign_concept_drift,0.5,8,21,5,0.326,0.1461111111111111,0.0531637037661134,2,2,1.0,1.0,0.0,0,0,0,5
cifar10,20,2,mixed_maturity,access_freshness_lease,dirichlet_lcb,benign_concept_drift,0.5,8,22,5,0.273,0.16666666666666666,0.05316370376611341,2,2,1.0,1.0,0.0,0,0,0,5
cifar10,20,2,mixed_maturity,access_freshness_lease,dirichlet_lcb,benign_concept_drift,0.5,8,23,5,0.283,0.04,0.0531637037661134,2,2,1.0,1.0,0.0,0,0,0,5
cifar10,20,2,mixed_maturity,access_freshness_lease,dirichlet_lcb,benign_concept_drift,0.5,8,24,5,0.3415,0.04722222222222222,0.053163703766113415,2,2,1.0,1.0,0.0,0,0,0,5
cifar10,20,2,mixed_maturity,access_freshness_lease,dirichlet_lcb,benign_concept_drift,0.5,8,25,5,0.3145,0.12555555555555556,0.10096000000000001,2,2,1.0,0.0,1.0,0,0,2,5
cifar10,20,2,mixed_maturity,access_freshness_lease,dirichlet_lcb,benign_concept_drift,0.5,8,26,5,0.286,0.008333333333333333,0.10095999999999998,2,2,1.0,0.0,1.0,0,0,0,5
cifar10,20,2,mixed_maturity,access_freshness_lease,dirichlet_lcb,benign_concept_drift,0.5,8,27,5,0.3215,0.021666666666666667,0.10096000000000001,2,2,1.0,0.0,1.0,0,0,0,5
cifar10,20,2,mixed_maturity,access_freshness_lease,dirichlet_lcb,benign_concept_drift,0.5,8,28,5,0.285,0.03888888888888889,0.10096000000000001,2,2,1.0,0.0,1.0,0,0,0,5
cifar10,20,2,mixed_maturity,access_freshness_lease,dirichlet_lcb,benign_concept_drift,0.5,8,29,5,0.324,0.002777777777777778,0.10096000000000001,2,2,1.0,0.0,1.0,0,0,0,5
cifar10,20,2,mixed_maturity,access_freshness_lease,dirichlet_lcb,benign_concept_drift,0.5,8,30,5,0.3165,0.007222222222222222,0.05316370376611341,2,2,1.0,1.0,0.0,0,2,0,5
cifar10,20,2,mixed_maturity,access_freshness_lease,dirichlet_lcb,benign_concept_drift,0.5,8,31,5,0.3565,0.03,0.053163703766113395,2,2,1.0,1.0,0.0,0,0,0,5
cifar10,20,2,mixed_maturity,access_freshness_lease,dirichlet_lcb,benign_concept_drift,0.5,8,32,5,0.325,0.05722222222222222,0.053163703766113415,2,2,1.0,1.0,0.0,0,0,0,5
cifar10,20,2,mixed_maturity,access_freshness_lease,dirichlet_lcb,benign_concept_drift,0.5,8,33,5,0.3085,0.006666666666666667,0.05316370376611341,2,2,1.0,1.0,0.0,0,0,0,5
cifar10,20,2,mixed_maturity,access_freshness_lease,dirichlet_lcb,benign_concept_drift,0.5,8,34,5,0.3335,0.035,0.053163703766113415,2,2,1.0,1.0,0.0,0,0,0,5
cifar10,20,2,mixed_maturity,access_freshness_lease,dirichlet_lcb,benign_concept_drift,0.5,8,35,5,0.34,0.023333333333333334,0.10096000000000001,2,2,1.0,0.0,1.0,0,0,2,5
cifar10,20,2,mixed_maturity,access_freshness_lease,dirichlet_lcb,benign_concept_drift,0.5,8,36,5,0.288,0.05722222222222222,0.10096000000000001,2,2,1.0,0.0,1.0,0,0,0,5
cifar10,20,2,mixed_maturity,access_freshness_lease,dirichlet_lcb,benign_concept_drift,0.5,8,37,5,0.367,0.035555555555555556,0.10096000000000001,2,2,1.0,0.0,1.0,0,0,0,5
cifar10,20,2,mixed_maturity,access_freshness_lease,dirichlet_lcb,benign_concept_drift,0.5,8,38,5,0.3445,0.029444444444444443,0.10096000000000001,2,2,1.0,0.0,1.0,0,0,0,5
cifar10,20,2,mixed_maturity,access_freshness_lease,dirichlet_lcb,benign_concept_drift,0.5,8,39,5,0.333,0.13833333333333334,0.10096000000000001,2,2,1.0,0.0,1.0,0,0,0,5
cifar10,20,2,mixed_maturity,access_freshness_lease,dirichlet_lcb,benign_concept_drift,0.5,8,40,5,0.348,0.10888888888888888,0.0531637037661134,2,2,1.0,1.0,0.0,0,2,0,5
cifar10,20,2,mixed_maturity,access_freshness_lease,dirichlet_lcb,benign_concept_drift,0.5,8,41,5,0.3445,0.07888888888888888,0.0531637037661134,2,2,1.0,1.0,0.0,0,0,0,5
cifar10,20,2,mixed_maturity,access_freshness_lease,dirichlet_lcb,benign_concept_drift,0.5,8,42,5,0.368,0.1111111111111111,0.05316370376611341,2,2,1.0,1.0,0.0,0,0,0,5
cifar10,20,2,mixed_maturity,access_freshness_lease,dirichlet_lcb,benign_concept_drift,0.5,8,43,5,0.3275,0.02722222222222222,0.0531637037661134,2,2,1.0,1.0,0.0,0,0,0,5
cifar10,20,2,mixed_maturity,access_freshness_lease,dirichlet_lcb,benign_concept_drift,0.5,8,44,5,0.3375,0.016666666666666666,0.053163703766113415,2,2,1.0,1.0,0.0,0,0,0,5
cifar10,20,2,mixed_maturity,access_freshness_lease,dirichlet_lcb,benign_concept_drift,0.5,8,45,5,0.3445,0.095,0.10096000000000004,2,2,1.0,0.0,1.0,0,0,2,5
cifar10,20,2,mixed_maturity,access_freshness_lease,dirichlet_lcb,benign_concept_drift,0.5,8,46,5,0.3345,0.09111111111111111,0.10096000000000001,2,2,1.0,0.0,1.0,0,0,0,5
cifar10,20,2,mixed_maturity,access_freshness_lease,dirichlet_lcb,benign_concept_drift,0.5,8,47,5,0.317,0.030555555555555555,0.10096000000000001,2,2,1.0,0.0,1.0,0,0,0,5
cifar10,20,2,mixed_maturity,access_freshness_lease,dirichlet_lcb,benign_concept_drift,0.5,8,48,5,0.3005,0.205,0.10096000000000002,2,2,1.0,0.0,1.0,0,0,0,5
cifar10,20,2,mixed_maturity,access_freshness_lease,dirichlet_lcb,benign_concept_drift,0.5,8,49,5,0.3735,0.05555555555555555,0.10096000000000001,2,2,1.0,0.0,1.0,0,0,0,5
cifar10,20,2,mixed_maturity,access_freshness_lease,dirichlet_lcb,benign_concept_drift,0.5,8,50,5,0.323,0.06888888888888889,0.05316370376611341,2,2,1.0,1.0,0.0,0,2,0,5
cifar10,20,2,mixed_maturity,access_freshness_lease,dirichlet_lcb,benign_concept_drift,0.5,9,1,5,0.118,0.0,0.03149143346364509,2,2,1.0,1.0,0.0,0,0,0,5
cifar10,20,2,mixed_maturity,access_freshness_lease,dirichlet_lcb,benign_concept_drift,0.5,9,2,5,0.2295,0.1922222222222222,0.03149143346364508,2,2,1.0,1.0,0.0,0,0,0,5
cifar10,20,2,mixed_maturity,access_freshness_lease,dirichlet_lcb,benign_concept_drift,0.5,9,3,5,0.23,0.0005555555555555556,0.03149143346364509,2,2,1.0,1.0,0.0,0,0,0,5
cifar10,20,2,mixed_maturity,access_freshness_lease,dirichlet_lcb,benign_concept_drift,0.5,9,4,5,0.195,0.0038888888888888888,0.03149143346364509,2,2,1.0,1.0,0.0,0,0,0,5
cifar10,20,2,mixed_maturity,access_freshness_lease,dirichlet_lcb,benign_concept_drift,0.5,9,5,5,0.25,0.07666666666666666,0.06106,2,2,1.0,0.0,1.0,0,0,0,5
cifar10,20,2,mixed_maturity,access_freshness_lease,dirichlet_lcb,benign_concept_drift,0.5,9,6,5,0.2565,0.09722222222222222,0.06105999999999999,2,2,1.0,0.0,1.0,0,0,0,5
cifar10,20,2,mixed_maturity,access_freshness_lease,dirichlet_lcb,benign_concept_drift,0.5,9,7,5,0.2375,0.03222222222222222,0.06106,2,2,1.0,0.0,1.0,0,0,0,5
cifar10,20,2,mixed_maturity,access_freshness_lease,dirichlet_lcb,benign_concept_drift,0.5,9,8,5,0.308,0.03111111111111111,0.06106,2,2,1.0,0.0,1.0,0,0,0,5
cifar10,20,2,mixed_maturity,access_freshness_lease,dirichlet_lcb,benign_concept_drift,0.5,9,9,5,0.3015,0.06888888888888889,0.06106,2,2,1.0,0.0,1.0,0,0,0,5
cifar10,20,2,mixed_maturity,access_freshness_lease,dirichlet_lcb,benign_concept_drift,0.5,9,10,5,0.272,0.025555555555555557,0.03149143346364509,2,2,1.0,1.0,0.0,0,2,0,5
cifar10,20,2,mixed_maturity,access_freshness_lease,dirichlet_lcb,benign_concept_drift,0.5,9,11,5,0.301,0.1272222222222222,0.03149143346364509,2,2,1.0,1.0,0.0,0,0,0,5
cifar10,20,2,mixed_maturity,access_freshness_lease,dirichlet_lcb,benign_concept_drift,0.5,9,12,5,0.2695,0.005555555555555556,0.03149143346364509,2,2,1.0,1.0,0.0,0,0,0,5
cifar10,20,2,mixed_maturity,access_freshness_lease,dirichlet_lcb,benign_concept_drift,0.5,9,13,5,0.332,0.0811111111111111,0.03149143346364509,2,2,1.0,1.0,0.0,0,0,0,5
cifar10,20,2,mixed_maturity,access_freshness_lease,dirichlet_lcb,benign_concept_drift,0.5,9,14,5,0.2815,0.015,0.03149143346364508,2,2,1.0,1.0,0.0,0,0,0,5
cifar10,20,2,mixed_maturity,access_freshness_lease,dirichlet_lcb,benign_concept_drift,0.5,9,15,5,0.316,0.03777777777777778,0.06105999999999999,2,2,1.0,0.0,1.0,0,0,2,5
cifar10,20,2,mixed_maturity,access_freshness_lease,dirichlet_lcb,benign_concept_drift,0.5,9,16,5,0.303,0.03611111111111111,0.06106,2,2,1.0,0.0,1.0,0,0,0,5
cifar10,20,2,mixed_maturity,access_freshness_lease,dirichlet_lcb,benign_concept_drift,0.5,9,17,5,0.323,0.1761111111111111,0.06106,2,2,1.0,0.0,1.0,0,0,0,5
cifar10,20,2,mixed_maturity,access_freshness_lease,dirichlet_lcb,benign_concept_drift,0.5,9,18,5,0.3135,0.014444444444444444,0.06106,2,2,1.0,0.0,1.0,0,0,0,5
cifar10,20,2,mixed_maturity,access_freshness_lease,dirichlet_lcb,benign_concept_drift,0.5,9,19,5,0.3305,0.10555555555555556,0.06106,2,2,1.0,0.0,1.0,0,0,0,5
cifar10,20,2,mixed_maturity,access_freshness_lease,dirichlet_lcb,benign_concept_drift,0.5,9,20,5,0.318,0.03944444444444444,0.03149143346364508,2,2,1.0,1.0,0.0,0,2,0,5
cifar10,20,2,mixed_maturity,access_freshness_lease,dirichlet_lcb,benign_concept_drift,0.5,9,21,5,0.329,0.009444444444444445,0.03149143346364509,2,2,1.0,1.0,0.0,0,0,0,5
cifar10,20,2,mixed_maturity,access_freshness_lease,dirichlet_lcb,benign_concept_drift,0.5,9,22,5,0.328,0.1938888888888889,0.03149143346364508,2,2,1.0,1.0,0.0,0,0,0,5
cifar10,20,2,mixed_maturity,access_freshness_lease,dirichlet_lcb,benign_concept_drift,0.5,9,23,5,0.325,0.025,0.03149143346364509,2,2,1.0,1.0,0.0,0,0,0,5
cifar10,20,2,mixed_maturity,access_freshness_lease,dirichlet_lcb,benign_concept_drift,0.5,9,24,5,0.305,0.009444444444444445,0.03149143346364509,2,2,1.0,1.0,0.0,0,0,0,5
cifar10,20,2,mixed_maturity,access_freshness_lease,dirichlet_lcb,benign_concept_drift,0.5,9,25,5,0.3285,0.09277777777777778,0.06105999999999999,2,2,1.0,0.0,1.0,0,0,2,5
cifar10,20,2,mixed_maturity,access_freshness_lease,dirichlet_lcb,benign_concept_drift,0.5,9,26,5,0.3265,0.012777777777777779,0.06106,2,2,1.0,0.0,1.0,0,0,0,5
cifar10,20,2,mixed_maturity,access_freshness_lease,dirichlet_lcb,benign_concept_drift,0.5,9,27,5,0.2885,0.02722222222222222,0.06105999999999999,2,2,1.0,0.0,1.0,0,0,0,5
cifar10,20,2,mixed_maturity,access_freshness_lease,dirichlet_lcb,benign_concept_drift,0.5,9,28,5,0.364,0.026111111111111113,0.06106,2,2,1.0,0.0,1.0,0,0,0,5
cifar10,20,2,mixed_maturity,access_freshness_lease,dirichlet_lcb,benign_concept_drift,0.5,9,29,5,0.311,0.09777777777777778,0.06105999999999999,2,2,1.0,0.0,1.0,0,0,0,5
cifar10,20,2,mixed_maturity,access_freshness_lease,dirichlet_lcb,benign_concept_drift,0.5,9,30,5,0.336,0.03222222222222222,0.03149143346364509,2,2,1.0,1.0,0.0,0,2,0,5
cifar10,20,2,mixed_maturity,access_freshness_lease,dirichlet_lcb,benign_concept_drift,0.5,9,31,5,0.359,0.06444444444444444,0.03149143346364509,2,2,1.0,1.0,0.0,0,0,0,5
cifar10,20,2,mixed_maturity,access_freshness_lease,dirichlet_lcb,benign_concept_drift,0.5,9,32,5,0.3355,0.12,0.03149143346364508,2,2,1.0,1.0,0.0,0,0,0,5
cifar10,20,2,mixed_maturity,access_freshness_lease,dirichlet_lcb,benign_concept_drift,0.5,9,33,5,0.364,0.05555555555555555,0.03149143346364509,2,2,1.0,1.0,0.0,0,0,0,5
cifar10,20,2,mixed_maturity,access_freshness_lease,dirichlet_lcb,benign_concept_drift,0.5,9,34,5,0.3585,0.06888888888888889,0.03149143346364509,2,2,1.0,1.0,0.0,0,0,0,5
cifar10,20,2,mixed_maturity,access_freshness_lease,dirichlet_lcb,benign_concept_drift,0.5,9,35,5,0.342,0.018333333333333333,0.06106,2,2,1.0,0.0,1.0,0,0,2,5
cifar10,20,2,mixed_maturity,access_freshness_lease,dirichlet_lcb,benign_concept_drift,0.5,9,36,5,0.322,0.05388888888888889,0.06106,2,2,1.0,0.0,1.0,0,0,0,5
cifar10,20,2,mixed_maturity,access_freshness_lease,dirichlet_lcb,benign_concept_drift,0.5,9,37,5,0.3425,0.05722222222222222,0.06106,2,2,1.0,0.0,1.0,0,0,0,5
cifar10,20,2,mixed_maturity,access_freshness_lease,dirichlet_lcb,benign_concept_drift,0.5,9,38,5,0.353,0.13277777777777777,0.06106,2,2,1.0,0.0,1.0,0,0,0,5
cifar10,20,2,mixed_maturity,access_freshness_lease,dirichlet_lcb,benign_concept_drift,0.5,9,39,5,0.3355,0.22833333333333333,0.06106,2,2,1.0,0.0,1.0,0,0,0,5
cifar10,20,2,mixed_maturity,access_freshness_lease,dirichlet_lcb,benign_concept_drift,0.5,9,40,5,0.34,0.017777777777777778,0.03149143346364509,2,2,1.0,1.0,0.0,0,2,0,5
cifar10,20,2,mixed_maturity,access_freshness_lease,dirichlet_lcb,benign_concept_drift,0.5,9,41,5,0.336,0.07444444444444444,0.03149143346364509,2,2,1.0,1.0,0.0,0,0,0,5
cifar10,20,2,mixed_maturity,access_freshness_lease,dirichlet_lcb,benign_concept_drift,0.5,9,42,5,0.349,0.09833333333333333,0.03149143346364509,2,2,1.0,1.0,0.0,0,0,0,5
cifar10,20,2,mixed_maturity,access_freshness_lease,dirichlet_lcb,benign_concept_drift,0.5,9,43,5,0.3365,0.215,0.03149143346364509,2,2,1.0,1.0,0.0,0,0,0,5
cifar10,20,2,mixed_maturity,access_freshness_lease,dirichlet_lcb,benign_concept_drift,0.5,9,44,5,0.331,0.215,0.03149143346364509,2,2,1.0,1.0,0.0,0,0,0,5
cifar10,20,2,mixed_maturity,access_freshness_lease,dirichlet_lcb,benign_concept_drift,0.5,9,45,5,0.32,0.14833333333333334,0.06105999999999999,2,2,1.0,0.0,1.0,0,0,2,5
cifar10,20,2,mixed_maturity,access_freshness_lease,dirichlet_lcb,benign_concept_drift,0.5,9,46,5,0.326,0.04055555555555555,0.06106,2,2,1.0,0.0,1.0,0,0,0,5
cifar10,20,2,mixed_maturity,access_freshness_lease,dirichlet_lcb,benign_concept_drift,0.5,9,47,5,0.3315,0.18333333333333332,0.06106,2,2,1.0,0.0,1.0,0,0,0,5
cifar10,20,2,mixed_maturity,access_freshness_lease,dirichlet_lcb,benign_concept_drift,0.5,9,48,5,0.3485,0.01611111111111111,0.06106,2,2,1.0,0.0,1.0,0,0,0,5
cifar10,20,2,mixed_maturity,access_freshness_lease,dirichlet_lcb,benign_concept_drift,0.5,9,49,5,0.3645,0.10388888888888889,0.06106,2,2,1.0,0.0,1.0,0,0,0,5
cifar10,20,2,mixed_maturity,access_freshness_lease,dirichlet_lcb,benign_concept_drift,0.5,9,50,5,0.3425,0.006111111111111111,0.03149143346364509,2,2,1.0,1.0,0.0,0,2,0,5
cifar10,20,2,mixed_maturity,access_freshness_lease,dirichlet_lcb,diverse_then_repeat_backdoor,0.5,0,1,5,0.1545,0.0,0.0441792229218223,2,2,1.0,1.0,0.0,0,0,0,5
cifar10,20,2,mixed_maturity,access_freshness_lease,dirichlet_lcb,diverse_then_repeat_backdoor,0.5,0,2,5,0.19,0.3877777777777778,0.0441792229218223,2,2,1.0,1.0,0.0,0,0,0,5
cifar10,20,2,mixed_maturity,access_freshness_lease,dirichlet_lcb,diverse_then_repeat_backdoor,0.5,0,3,5,0.2315,0.0005555555555555556,0.0441792229218223,2,2,1.0,1.0,0.0,0,0,0,5
cifar10,20,2,mixed_maturity,access_freshness_lease,dirichlet_lcb,diverse_then_repeat_backdoor,0.5,0,4,5,0.238,0.022222222222222223,0.0441792229218223,2,2,1.0,1.0,0.0,0,0,0,5
cifar10,20,2,mixed_maturity,access_freshness_lease,dirichlet_lcb,diverse_then_repeat_backdoor,0.5,0,5,5,0.274,0.14333333333333334,0.08462,2,2,1.0,0.0,1.0,0,0,0,5
cifar10,20,2,mixed_maturity,access_freshness_lease,dirichlet_lcb,diverse_then_repeat_backdoor,0.5,0,6,5,0.2545,0.012777777777777779,0.08462,2,2,1.0,0.0,1.0,0,0,0,5
cifar10,20,2,mixed_maturity,access_freshness_lease,dirichlet_lcb,diverse_then_repeat_backdoor,0.5,0,7,5,0.2815,0.06388888888888888,0.08462000000000001,2,2,1.0,0.0,1.0,0,0,0,5
cifar10,20,2,mixed_maturity,access_freshness_lease,dirichlet_lcb,diverse_then_repeat_backdoor,0.5,0,8,5,0.2605,0.295,0.08462,2,2,1.0,0.0,1.0,0,0,0,5
cifar10,20,2,mixed_maturity,access_freshness_lease,dirichlet_lcb,diverse_then_repeat_backdoor,0.5,0,9,5,0.2785,0.035,0.08461999999999999,2,2,1.0,0.0,1.0,0,0,0,5
cifar10,20,2,mixed_maturity,access_freshness_lease,dirichlet_lcb,diverse_then_repeat_backdoor,0.5,0,10,5,0.261,0.0961111111111111,0.0441792229218223,2,2,1.0,1.0,0.0,0,2,0,5
cifar10,20,2,mixed_maturity,access_freshness_lease,dirichlet_lcb,diverse_then_repeat_backdoor,0.5,0,11,5,0.3095,0.13722222222222222,0.0441792229218223,2,2,1.0,1.0,0.0,0,0,0,5
cifar10,20,2,mixed_maturity,access_freshness_lease,dirichlet_lcb,diverse_then_repeat_backdoor,0.5,0,12,5,0.2725,0.016666666666666666,0.0441792229218223,2,2,1.0,1.0,0.0,0,0,0,5
cifar10,20,2,mixed_maturity,access_freshness_lease,dirichlet_lcb,diverse_then_repeat_backdoor,0.5,0,13,5,0.321,0.13722222222222222,0.0441792229218223,2,2,1.0,1.0,0.0,0,0,0,5
cifar10,20,2,mixed_maturity,access_freshness_lease,dirichlet_lcb,diverse_then_repeat_backdoor,0.5,0,14,5,0.27,0.13,0.0441792229218223,2,2,1.0,1.0,0.0,0,0,0,5
cifar10,20,2,mixed_maturity,access_freshness_lease,dirichlet_lcb,diverse_then_repeat_backdoor,0.5,0,15,5,0.325,0.06388888888888888,0.08462,2,2,1.0,0.0,1.0,0,0,2,5
cifar10,20,2,mixed_maturity,access_freshness_lease,dirichlet_lcb,diverse_then_repeat_backdoor,0.5,0,16,5,0.3275,0.041666666666666664,0.08462,2,2,1.0,0.0,1.0,0,0,0,5
cifar10,20,2,mixed_maturity,access_freshness_lease,dirichlet_lcb,diverse_then_repeat_backdoor,0.5,0,17,5,0.307,0.0661111111111111,0.08462,2,2,1.0,0.0,1.0,0,0,0,5
cifar10,20,2,mixed_maturity,access_freshness_lease,dirichlet_lcb,diverse_then_repeat_backdoor,0.5,0,18,5,0.3005,0.335,0.08462,2,2,1.0,0.0,1.0,0,0,0,5
cifar10,20,2,mixed_maturity,access_freshness_lease,dirichlet_lcb,diverse_then_repeat_backdoor,0.5,0,19,5,0.334,0.19777777777777777,0.08462,2,2,1.0,0.0,1.0,0,0,0,5
cifar10,20,2,mixed_maturity,access_freshness_lease,dirichlet_lcb,diverse_then_repeat_backdoor,0.5,0,20,5,0.3355,0.07666666666666666,0.044179222921822296,2,2,1.0,1.0,0.0,0,2,0,5
cifar10,20,2,mixed_maturity,access_freshness_lease,dirichlet_lcb,diverse_then_repeat_backdoor,0.5,0,21,5,0.3255,0.15944444444444444,0.0441792229218223,2,2,1.0,1.0,0.0,0,0,0,5
cifar10,20,2,mixed_maturity,access_freshness_lease,dirichlet_lcb,diverse_then_repeat_backdoor,0.5,0,22,5,0.313,0.16277777777777777,0.0441792229218223,2,2,1.0,1.0,0.0,0,0,0,5
cifar10,20,2,mixed_maturity,access_freshness_lease,dirichlet_lcb,diverse_then_repeat_backdoor,0.5,0,23,5,0.3535,0.08555555555555555,0.044179222921822296,2,2,1.0,1.0,0.0,0,0,0,5
cifar10,20,2,mixed_maturity,access_freshness_lease,dirichlet_lcb,diverse_then_repeat_backdoor,0.5,0,24,5,0.3265,0.2861111111111111,0.044179222921822296,2,2,1.0,1.0,0.0,0,0,0,5
cifar10,20,2,mixed_maturity,access_freshness_lease,dirichlet_lcb,diverse_then_repeat_backdoor,0.5,0,25,5,0.336,0.12277777777777778,0.08461999999999999,2,2,1.0,0.0,1.0,0,0,2,5
cifar10,20,2,mixed_maturity,access_freshness_lease,dirichlet_lcb,diverse_then_repeat_backdoor,0.5,0,26,5,0.3,0.38222222222222224,0.08462,2,2,1.0,0.0,1.0,0,0,0,5
cifar10,20,2,mixed_maturity,access_freshness_lease,dirichlet_lcb,diverse_then_repeat_backdoor,0.5,0,27,5,0.3435,0.0961111111111111,0.08461999999999999,2,2,1.0,0.0,1.0,0,0,0,5
cifar10,20,2,mixed_maturity,access_freshness_lease,dirichlet_lcb,diverse_then_repeat_backdoor,0.5,0,28,5,0.3445,0.045,0.08462,2,2,1.0,0.0,1.0,0,0,0,5
cifar10,20,2,mixed_maturity,access_freshness_lease,dirichlet_lcb,diverse_then_repeat_backdoor,0.5,0,29,5,0.312,0.18166666666666667,0.08462,2,2,1.0,0.0,1.0,0,0,0,5
cifar10,20,2,mixed_maturity,access_freshness_lease,dirichlet_lcb,diverse_then_repeat_backdoor,0.5,0,30,5,0.34,0.2966666666666667,0.044179222921822296,2,2,1.0,1.0,0.0,0,2,0,5
cifar10,20,2,mixed_maturity,access_freshness_lease,dirichlet_lcb,diverse_then_repeat_backdoor,0.5,0,31,5,0.335,0.31666666666666665,0.04417922292182231,2,2,1.0,1.0,0.0,0,0,0,5
cifar10,20,2,mixed_maturity,access_freshness_lease,dirichlet_lcb,diverse_then_repeat_backdoor,0.5,0,32,5,0.329,0.1527777777777778,0.0441792229218223,2,2,1.0,1.0,0.0,0,0,0,5
cifar10,20,2,mixed_maturity,access_freshness_lease,dirichlet_lcb,diverse_then_repeat_backdoor,0.5,0,33,5,0.3445,0.20722222222222222,0.0441792229218223,2,2,1.0,1.0,0.0,0,0,0,5
cifar10,20,2,mixed_maturity,access_freshness_lease,dirichlet_lcb,diverse_then_repeat_backdoor,0.5,0,34,5,0.332,0.3327777777777778,0.0441792229218223,2,2,1.0,1.0,0.0,0,0,0,5
cifar10,20,2,mixed_maturity,access_freshness_lease,dirichlet_lcb,diverse_then_repeat_backdoor,0.5,0,35,5,0.334,0.22277777777777777,0.08462,2,2,1.0,0.0,1.0,0,0,2,5
cifar10,20,2,mixed_maturity,access_freshness_lease,dirichlet_lcb,diverse_then_repeat_backdoor,0.5,0,36,5,0.3075,0.15833333333333333,0.08462000000000001,2,2,1.0,0.0,1.0,0,0,0,5
cifar10,20,2,mixed_maturity,access_freshness_lease,dirichlet_lcb,diverse_then_repeat_backdoor,0.5,0,37,5,0.3635,0.27555555555555555,0.08462,2,2,1.0,0.0,1.0,0,0,0,5
cifar10,20,2,mixed_maturity,access_freshness_lease,dirichlet_lcb,diverse_then_repeat_backdoor,0.5,0,38,5,0.3195,0.49333333333333335,0.08462,2,2,1.0,0.0,1.0,0,0,0,5
cifar10,20,2,mixed_maturity,access_freshness_lease,dirichlet_lcb,diverse_then_repeat_backdoor,0.5,0,39,5,0.345,0.13555555555555557,0.08462,2,2,1.0,0.0,1.0,0,0,0,5
cifar10,20,2,mixed_maturity,access_freshness_lease,dirichlet_lcb,diverse_then_repeat_backdoor,0.5,0,40,5,0.3345,0.5077777777777778,0.0441792229218223,2,2,1.0,1.0,0.0,0,2,0,5
cifar10,20,2,mixed_maturity,access_freshness_lease,dirichlet_lcb,diverse_then_repeat_backdoor,0.5,0,41,5,0.337,0.145,0.044179222921822296,2,2,1.0,1.0,0.0,0,0,0,5
cifar10,20,2,mixed_maturity,access_freshness_lease,dirichlet_lcb,diverse_then_repeat_backdoor,0.5,0,42,5,0.3275,0.22111111111111112,0.04417922292182231,2,2,1.0,1.0,0.0,0,0,0,5
cifar10,20,2,mixed_maturity,access_freshness_lease,dirichlet_lcb,diverse_then_repeat_backdoor,0.5,0,43,5,0.334,0.27166666666666667,0.044179222921822296,2,2,1.0,1.0,0.0,0,0,0,5
cifar10,20,2,mixed_maturity,access_freshness_lease,dirichlet_lcb,diverse_then_repeat_backdoor,0.5,0,44,5,0.329,0.3516666666666667,0.0441792229218223,2,2,1.0,1.0,0.0,0,0,0,5
cifar10,20,2,mixed_maturity,access_freshness_lease,dirichlet_lcb,diverse_then_repeat_backdoor,0.5,0,45,5,0.353,0.2388888888888889,0.08462,2,2,1.0,0.0,1.0,0,0,2,5
cifar10,20,2,mixed_maturity,access_freshness_lease,dirichlet_lcb,diverse_then_repeat_backdoor,0.5,0,46,5,0.33,0.20722222222222222,0.08461999999999999,2,2,1.0,0.0,1.0,0,0,0,5
cifar10,20,2,mixed_maturity,access_freshness_lease,dirichlet_lcb,diverse_then_repeat_backdoor,0.5,0,47,5,0.3295,0.12555555555555556,0.08462,2,2,1.0,0.0,1.0,0,0,0,5
cifar10,20,2,mixed_maturity,access_freshness_lease,dirichlet_lcb,diverse_then_repeat_backdoor,0.5,0,48,5,0.3735,0.2627777777777778,0.08462000000000001,2,2,1.0,0.0,1.0,0,0,0,5
cifar10,20,2,mixed_maturity,access_freshness_lease,dirichlet_lcb,diverse_then_repeat_backdoor,0.5,0,49,5,0.3705,0.35444444444444445,0.08461999999999999,2,2,1.0,0.0,1.0,0,0,0,5
cifar10,20,2,mixed_maturity,access_freshness_lease,dirichlet_lcb,diverse_then_repeat_backdoor,0.5,0,50,5,0.325,0.18388888888888888,0.0441792229218223,2,2,1.0,1.0,0.0,0,2,0,5
cifar10,20,2,mixed_maturity,access_freshness_lease,dirichlet_lcb,diverse_then_repeat_backdoor,0.5,1,1,5,0.21,0.14666666666666667,0.010101010101010102,2,2,1.0,1.0,0.0,0,0,0,5
cifar10,20,2,mixed_maturity,access_freshness_lease,dirichlet_lcb,diverse_then_repeat_backdoor,0.5,1,2,5,0.1975,0.13277777777777777,0.010101010101010102,2,2,1.0,1.0,0.0,0,0,0,5
cifar10,20,2,mixed_maturity,access_freshness_lease,dirichlet_lcb,diverse_then_repeat_backdoor,0.5,1,3,5,0.2265,0.4772222222222222,0.0101010101010101,2,2,1.0,1.0,0.0,0,0,0,5
cifar10,20,2,mixed_maturity,access_freshness_lease,dirichlet_lcb,diverse_then_repeat_backdoor,0.5,1,4,5,0.238,0.0005555555555555556,0.0101010101010101,2,2,1.0,1.0,0.0,0,0,0,5
cifar10,20,2,mixed_maturity,access_freshness_lease,dirichlet_lcb,diverse_then_repeat_backdoor,0.5,1,5,5,0.2465,0.0038888888888888888,0.019999999999999997,2,2,1.0,0.0,1.0,0,0,0,5
cifar10,20,2,mixed_maturity,access_freshness_lease,dirichlet_lcb,diverse_then_repeat_backdoor,0.5,1,6,5,0.2875,0.17777777777777778,0.02,2,2,1.0,0.0,1.0,0,0,0,5
cifar10,20,2,mixed_maturity,access_freshness_lease,dirichlet_lcb,diverse_then_repeat_backdoor,0.5,1,7,5,0.282,0.03166666666666667,0.02,2,2,1.0,0.0,1.0,0,0,0,5
cifar10,20,2,mixed_maturity,access_freshness_lease,dirichlet_lcb,diverse_then_repeat_backdoor,0.5,1,8,5,0.2615,0.014444444444444444,0.02,2,2,1.0,0.0,1.0,0,0,0,5
cifar10,20,2,mixed_maturity,access_freshness_lease,dirichlet_lcb,diverse_then_repeat_backdoor,0.5,1,9,5,0.291,0.06388888888888888,0.02,2,2,1.0,0.0,1.0,0,0,0,5
cifar10,20,2,mixed_maturity,access_freshness_lease,dirichlet_lcb,diverse_then_repeat_backdoor,0.5,1,10,5,0.304,0.05555555555555555,0.0101010101010101,2,2,1.0,1.0,0.0,0,2,0,5
cifar10,20,2,mixed_maturity,access_freshness_lease,dirichlet_lcb,diverse_then_repeat_backdoor,0.5,1,11,5,0.3,0.15222222222222223,0.0101010101010101,2,2,1.0,1.0,0.0,0,0,0,5
cifar10,20,2,mixed_maturity,access_freshness_lease,dirichlet_lcb,diverse_then_repeat_backdoor,0.5,1,12,5,0.3025,0.012222222222222223,0.0101010101010101,2,2,1.0,1.0,0.0,0,0,0,5
cifar10,20,2,mixed_maturity,access_freshness_lease,dirichlet_lcb,diverse_then_repeat_backdoor,0.5,1,13,5,0.3305,0.015555555555555555,0.0101010101010101,2,2,1.0,1.0,0.0,0,0,0,5
cifar10,20,2,mixed_maturity,access_freshness_lease,dirichlet_lcb,diverse_then_repeat_backdoor,0.5,1,14,5,0.333,0.043333333333333335,0.010101010101010102,2,2,1.0,1.0,0.0,0,0,0,5
cifar10,20,2,mixed_maturity,access_freshness_lease,dirichlet_lcb,diverse_then_repeat_backdoor,0.5,1,15,5,0.308,0.03888888888888889,0.02,2,2,1.0,0.0,1.0,0,0,2,5
cifar10,20,2,mixed_maturity,access_freshness_lease,dirichlet_lcb,diverse_then_repeat_backdoor,0.5,1,16,5,0.313,0.0005555555555555556,0.02,2,2,1.0,0.0,1.0,0,0,0,5
cifar10,20,2,mixed_maturity,access_freshness_lease,dirichlet_lcb,diverse_then_repeat_backdoor,0.5,1,17,5,0.3185,0.11222222222222222,0.02,2,2,1.0,0.0,1.0,0,0,0,5
cifar10,20,2,mixed_maturity,access_freshness_lease,dirichlet_lcb,diverse_then_repeat_backdoor,0.5,1,18,5,0.323,0.058333333333333334,0.02,2,2,1.0,0.0,1.0,0,0,0,5
cifar10,20,2,mixed_maturity,access_freshness_lease,dirichlet_lcb,diverse_then_repeat_backdoor,0.5,1,19,5,0.3225,0.04111111111111111,0.02,2,2,1.0,0.0,1.0,0,0,0,5
cifar10,20,2,mixed_maturity,access_freshness_lease,dirichlet_lcb,diverse_then_repeat_backdoor,0.5,1,20,5,0.3125,0.12444444444444444,0.0101010101010101,2,2,1.0,1.0,0.0,0,2,0,5
cifar10,20,2,mixed_maturity,access_freshness_lease,dirichlet_lcb,diverse_then_repeat_backdoor,0.5,1,21,5,0.3475,0.14277777777777778,0.010101010101010098,2,2,1.0,1.0,0.0,0,0,0,5
cifar10,20,2,mixed_maturity,access_freshness_lease,dirichlet_lcb,diverse_then_repeat_backdoor,0.5,1,22,5,0.298,0.07111111111111111,0.010101010101010102,2,2,1.0,1.0,0.0,0,0,0,5
cifar10,20,2,mixed_maturity,access_freshness_lease,dirichlet_lcb,diverse_then_repeat_backdoor,0.5,1,23,5,0.3215,0.010555555555555556,0.0101010101010101,2,2,1.0,1.0,0.0,0,0,0,5
cifar10,20,2,mixed_maturity,access_freshness_lease,dirichlet_lcb,diverse_then_repeat_backdoor,0.5,1,24,5,0.334,0.06777777777777778,0.0101010101010101,2,2,1.0,1.0,0.0,0,0,0,5
cifar10,20,2,mixed_maturity,access_freshness_lease,dirichlet_lcb,diverse_then_repeat_backdoor,0.5,1,25,5,0.3235,0.04722222222222222,0.02,2,2,1.0,0.0,1.0,0,0,2,5
cifar10,20,2,mixed_maturity,access_freshness_lease,dirichlet_lcb,diverse_then_repeat_backdoor,0.5,1,26,5,0.3225,0.12777777777777777,0.02,2,2,1.0,0.0,1.0,0,0,0,5
cifar10,20,2,mixed_maturity,access_freshness_lease,dirichlet_lcb,diverse_then_repeat_backdoor,0.5,1,27,5,0.3075,0.044444444444444446,0.02,2,2,1.0,0.0,1.0,0,0,0,5
cifar10,20,2,mixed_maturity,access_freshness_lease,dirichlet_lcb,diverse_then_repeat_backdoor,0.5,1,28,5,0.327,0.10444444444444445,0.02,2,2,1.0,0.0,1.0,0,0,0,5
cifar10,20,2,mixed_maturity,access_freshness_lease,dirichlet_lcb,diverse_then_repeat_backdoor,0.5,1,29,5,0.3175,0.09166666666666666,0.019999999999999997,2,2,1.0,0.0,1.0,0,0,0,5
cifar10,20,2,mixed_maturity,access_freshness_lease,dirichlet_lcb,diverse_then_repeat_backdoor,0.5,1,30,5,0.322,0.09833333333333333,0.0101010101010101,2,2,1.0,1.0,0.0,0,2,0,5
cifar10,20,2,mixed_maturity,access_freshness_lease,dirichlet_lcb,diverse_then_repeat_backdoor,0.5,1,31,5,0.339,0.11388888888888889,0.0101010101010101,2,2,1.0,1.0,0.0,0,0,0,5
cifar10,20,2,mixed_maturity,access_freshness_lease,dirichlet_lcb,diverse_then_repeat_backdoor,0.5,1,32,5,0.328,0.029444444444444443,0.010101010101010102,2,2,1.0,1.0,0.0,0,0,0,5
cifar10,20,2,mixed_maturity,access_freshness_lease,dirichlet_lcb,diverse_then_repeat_backdoor,0.5,1,33,5,0.326,0.11277777777777778,0.0101010101010101,2,2,1.0,1.0,0.0,0,0,0,5
cifar10,20,2,mixed_maturity,access_freshness_lease,dirichlet_lcb,diverse_then_repeat_backdoor,0.5,1,34,5,0.318,0.005,0.0101010101010101,2,2,1.0,1.0,0.0,0,0,0,5
cifar10,20,2,mixed_maturity,access_freshness_lease,dirichlet_lcb,diverse_then_repeat_backdoor,0.5,1,35,5,0.3445,0.12166666666666667,0.02,2,2,1.0,0.0,1.0,0,0,2,5
cifar10,20,2,mixed_maturity,access_freshness_lease,dirichlet_lcb,diverse_then_repeat_backdoor,0.5,1,36,5,0.3455,0.021111111111111112,0.02,2,2,1.0,0.0,1.0,0,0,0,5
cifar10,20,2,mixed_maturity,access_freshness_lease,dirichlet_lcb,diverse_then_repeat_backdoor,0.5,1,37,5,0.3505,0.03833333333333333,0.02,2,2,1.0,0.0,1.0,0,0,0,5
cifar10,20,2,mixed_maturity,access_freshness_lease,dirichlet_lcb,diverse_then_repeat_backdoor,0.5,1,38,5,0.351,0.027777777777777776,0.02,2,2,1.0,0.0,1.0,0,0,0,5
cifar10,20,2,mixed_maturity,access_freshness_lease,dirichlet_lcb,diverse_then_repeat_backdoor,0.5,1,39,5,0.3555,0.1411111111111111,0.020000000000000004,2,2,1.0,0.0,1.0,0,0,0,5
cifar10,20,2,mixed_maturity,access_freshness_lease,dirichlet_lcb,diverse_then_repeat_backdoor,0.5,1,40,5,0.329,0.11777777777777777,0.0101010101010101,2,2,1.0,1.0,0.0,0,2,0,5
cifar10,20,2,mixed_maturity,access_freshness_lease,dirichlet_lcb,diverse_then_repeat_backdoor,0.5,1,41,5,0.3675,0.07,0.0101010101010101,2,2,1.0,1.0,0.0,0,0,0,5
cifar10,20,2,mixed_maturity,access_freshness_lease,dirichlet_lcb,diverse_then_repeat_backdoor,0.5,1,42,5,0.2985,0.006666666666666667,0.010101010101010102,2,2,1.0,1.0,0.0,0,0,0,5
cifar10,20,2,mixed_maturity,access_freshness_lease,dirichlet_lcb,diverse_then_repeat_backdoor,0.5,1,43,5,0.3335,0.04888888888888889,0.0101010101010101,2,2,1.0,1.0,0.0,0,0,0,5
cifar10,20,2,mixed_maturity,access_freshness_lease,dirichlet_lcb,diverse_then_repeat_backdoor,0.5,1,44,5,0.313,0.15833333333333333,0.010101010101010102,2,2,1.0,1.0,0.0,0,0,0,5
cifar10,20,2,mixed_maturity,access_freshness_lease,dirichlet_lcb,diverse_then_repeat_backdoor,0.5,1,45,5,0.333,0.09555555555555556,0.020000000000000004,2,2,1.0,0.0,1.0,0,0,2,5
cifar10,20,2,mixed_maturity,access_freshness_lease,dirichlet_lcb,diverse_then_repeat_backdoor,0.5,1,46,5,0.3435,0.043333333333333335,0.019999999999999997,2,2,1.0,0.0,1.0,0,0,0,5
cifar10,20,2,mixed_maturity,access_freshness_lease,dirichlet_lcb,diverse_then_repeat_backdoor,0.5,1,47,5,0.2915,0.2777777777777778,0.02,2,2,1.0,0.0,1.0,0,0,0,5
cifar10,20,2,mixed_maturity,access_freshness_lease,dirichlet_lcb,diverse_then_repeat_backdoor,0.5,1,48,5,0.3295,0.0011111111111111111,0.02,2,2,1.0,0.0,1.0,0,0,0,5
cifar10,20,2,mixed_maturity,access_freshness_lease,dirichlet_lcb,diverse_then_repeat_backdoor,0.5,1,49,5,0.341,0.15944444444444444,0.020000000000000004,2,2,1.0,0.0,1.0,0,0,0,5
cifar10,20,2,mixed_maturity,access_freshness_lease,dirichlet_lcb,diverse_then_repeat_backdoor,0.5,1,50,5,0.3095,0.14277777777777778,0.010101010101010102,2,2,1.0,1.0,0.0,0,2,0,5
cifar10,20,2,mixed_maturity,access_freshness_lease,dirichlet_lcb,diverse_then_repeat_backdoor,0.5,2,1,5,0.1575,0.0,0.04668201800293072,2,2,1.0,1.0,0.0,0,0,0,5
cifar10,20,2,mixed_maturity,access_freshness_lease,dirichlet_lcb,diverse_then_repeat_backdoor,0.5,2,2,5,0.2265,0.2544444444444444,0.04668201800293071,2,2,1.0,1.0,0.0,0,0,0,5
cifar10,20,2,mixed_maturity,access_freshness_lease,dirichlet_lcb,diverse_then_repeat_backdoor,0.5,2,3,5,0.264,0.0022222222222222222,0.04668201800293071,2,2,1.0,1.0,0.0,0,0,0,5
cifar10,20,2,mixed_maturity,access_freshness_lease,dirichlet_lcb,diverse_then_repeat_backdoor,0.5,2,4,5,0.209,0.0005555555555555556,0.04668201800293071,2,2,1.0,1.0,0.0,0,0,0,5
cifar10,20,2,mixed_maturity,access_freshness_lease,dirichlet_lcb,diverse_then_repeat_backdoor,0.5,2,5,5,0.276,0.026111111111111113,0.08919999999999999,2,2,1.0,0.0,1.0,0,0,0,5
cifar10,20,2,mixed_maturity,access_freshness_lease,dirichlet_lcb,diverse_then_repeat_backdoor,0.5,2,6,5,0.2755,0.18444444444444444,0.08920000000000002,2,2,1.0,0.0,1.0,0,0,0,5
cifar10,20,2,mixed_maturity,access_freshness_lease,dirichlet_lcb,diverse_then_repeat_backdoor,0.5,2,7,5,0.256,0.012222222222222223,0.0892,2,2,1.0,0.0,1.0,0,0,0,5
cifar10,20,2,mixed_maturity,access_freshness_lease,dirichlet_lcb,diverse_then_repeat_backdoor,0.5,2,8,5,0.268,0.14277777777777778,0.0892,2,2,1.0,0.0,1.0,0,0,0,5
cifar10,20,2,mixed_maturity,access_freshness_lease,dirichlet_lcb,diverse_then_repeat_backdoor,0.5,2,9,5,0.303,0.11055555555555556,0.0892,2,2,1.0,0.0,1.0,0,0,0,5
cifar10,20,2,mixed_maturity,access_freshness_lease,dirichlet_lcb,diverse_then_repeat_backdoor,0.5,2,10,5,0.269,0.021111111111111112,0.04668201800293071,2,2,1.0,1.0,0.0,0,2,0,5
cifar10,20,2,mixed_maturity,access_freshness_lease,dirichlet_lcb,diverse_then_repeat_backdoor,0.5,2,11,5,0.317,0.09111111111111111,0.04668201800293072,2,2,1.0,1.0,0.0,0,0,0,5
cifar10,20,2,mixed_maturity,access_freshness_lease,dirichlet_lcb,diverse_then_repeat_backdoor,0.5,2,12,5,0.3235,0.11888888888888889,0.04668201800293072,2,2,1.0,1.0,0.0,0,0,0,5
cifar10,20,2,mixed_maturity,access_freshness_lease,dirichlet_lcb,diverse_then_repeat_backdoor,0.5,2,13,5,0.3155,0.15611111111111112,0.04668201800293072,2,2,1.0,1.0,0.0,0,0,0,5
cifar10,20,2,mixed_maturity,access_freshness_lease,dirichlet_lcb,diverse_then_repeat_backdoor,0.5,2,14,5,0.292,0.1988888888888889,0.04668201800293072,2,2,1.0,1.0,0.0,0,0,0,5
cifar10,20,2,mixed_maturity,access_freshness_lease,dirichlet_lcb,diverse_then_repeat_backdoor,0.5,2,15,5,0.2885,0.35833333333333334,0.08920000000000002,2,2,1.0,0.0,1.0,0,0,2,5
cifar10,20,2,mixed_maturity,access_freshness_lease,dirichlet_lcb,diverse_then_repeat_backdoor,0.5,2,16,5,0.326,0.059444444444444446,0.0892,2,2,1.0,0.0,1.0,0,0,0,5
cifar10,20,2,mixed_maturity,access_freshness_lease,dirichlet_lcb,diverse_then_repeat_backdoor,0.5,2,17,5,0.3255,0.2461111111111111,0.0892,2,2,1.0,0.0,1.0,0,0,0,5
cifar10,20,2,mixed_maturity,access_freshness_lease,dirichlet_lcb,diverse_then_repeat_backdoor,0.5,2,18,5,0.3135,0.2877777777777778,0.0892,2,2,1.0,0.0,1.0,0,0,0,5
cifar10,20,2,mixed_maturity,access_freshness_lease,dirichlet_lcb,diverse_then_repeat_backdoor,0.5,2,19,5,0.3255,0.27,0.0892,2,2,1.0,0.0,1.0,0,0,0,5
cifar10,20,2,mixed_maturity,access_freshness_lease,dirichlet_lcb,diverse_then_repeat_backdoor,0.5,2,20,5,0.3435,0.09888888888888889,0.04668201800293071,2,2,1.0,1.0,0.0,0,2,0,5
cifar10,20,2,mixed_maturity,access_freshness_lease,dirichlet_lcb,diverse_then_repeat_backdoor,0.5,2,21,5,0.325,0.04888888888888889,0.0466820180029307,2,2,1.0,1.0,0.0,0,0,0,5
cifar10,20,2,mixed_maturity,access_freshness_lease,dirichlet_lcb,diverse_then_repeat_backdoor,0.5,2,22,5,0.3145,0.38166666666666665,0.04668201800293072,2,2,1.0,1.0,0.0,0,0,0,5
cifar10,20,2,mixed_maturity,access_freshness_lease,dirichlet_lcb,diverse_then_repeat_backdoor,0.5,2,23,5,0.3055,0.3011111111111111,0.04668201800293072,2,2,1.0,1.0,0.0,0,0,0,5
cifar10,20,2,mixed_maturity,access_freshness_lease,dirichlet_lcb,diverse_then_repeat_backdoor,0.5,2,24,5,0.307,0.3572222222222222,0.04668201800293072,2,2,1.0,1.0,0.0,0,0,0,5
cifar10,20,2,mixed_maturity,access_freshness_lease,dirichlet_lcb,diverse_then_repeat_backdoor,0.5,2,25,5,0.3225,0.18,0.08920000000000002,2,2,1.0,0.0,1.0,0,0,2,5
cifar10,20,2,mixed_maturity,access_freshness_lease,dirichlet_lcb,diverse_then_repeat_backdoor,0.5,2,26,5,0.309,0.2011111111111111,0.0892,2,2,1.0,0.0,1.0,0,0,0,5
cifar10,20,2,mixed_maturity,access_freshness_lease,dirichlet_lcb,diverse_then_repeat_backdoor,0.5,2,27,5,0.3125,0.1438888888888889,0.0892,2,2,1.0,0.0,1.0,0,0,0,5
cifar10,20,2,mixed_maturity,access_freshness_lease,dirichlet_lcb,diverse_then_repeat_backdoor,0.5,2,28,5,0.347,0.23,0.08920000000000002,2,2,1.0,0.0,1.0,0,0,0,5
cifar10,20,2,mixed_maturity,access_freshness_lease,dirichlet_lcb,diverse_then_repeat_backdoor,0.5,2,29,5,0.331,0.23055555555555557,0.0892,2,2,1.0,0.0,1.0,0,0,0,5
cifar10,20,2,mixed_maturity,access_freshness_lease,dirichlet_lcb,diverse_then_repeat_backdoor,0.5,2,30,5,0.325,0.3927777777777778,0.04668201800293072,2,2,1.0,1.0,0.0,0,2,0,5
cifar10,20,2,mixed_maturity,access_freshness_lease,dirichlet_lcb,diverse_then_repeat_backdoor,0.5,2,31,5,0.3365,0.155,0.04668201800293072,2,2,1.0,1.0,0.0,0,0,0,5
cifar10,20,2,mixed_maturity,access_freshness_lease,dirichlet_lcb,diverse_then_repeat_backdoor,0.5,2,32,5,0.296,0.4077777777777778,0.04668201800293071,2,2,1.0,1.0,0.0,0,0,0,5
cifar10,20,2,mixed_maturity,access_freshness_lease,dirichlet_lcb,diverse_then_repeat_backdoor,0.5,2,33,5,0.292,0.40166666666666667,0.04668201800293072,2,2,1.0,1.0,0.0,0,0,0,5
cifar10,20,2,mixed_maturity,access_freshness_lease,dirichlet_lcb,diverse_then_repeat_backdoor,0.5,2,34,5,0.3005,0.49722222222222223,0.04668201800293071,2,2,1.0,1.0,0.0,0,0,0,5
cifar10,20,2,mixed_maturity,access_freshness_lease,dirichlet_lcb,diverse_then_repeat_backdoor,0.5,2,35,5,0.3195,0.3988888888888889,0.0892,2,2,1.0,0.0,1.0,0,0,2,5
cifar10,20,2,mixed_maturity,access_freshness_lease,dirichlet_lcb,diverse_then_repeat_backdoor,0.5,2,36,5,0.292,0.11833333333333333,0.08919999999999999,2,2,1.0,0.0,1.0,0,0,0,5
cifar10,20,2,mixed_maturity,access_freshness_lease,dirichlet_lcb,diverse_then_repeat_backdoor,0.5,2,37,5,0.3215,0.21055555555555555,0.0892,2,2,1.0,0.0,1.0,0,0,0,5
cifar10,20,2,mixed_maturity,access_freshness_lease,dirichlet_lcb,diverse_then_repeat_backdoor,0.5,2,38,5,0.3305,0.14222222222222222,0.0892,2,2,1.0,0.0,1.0,0,0,0,5
cifar10,20,2,mixed_maturity,access_freshness_lease,dirichlet_lcb,diverse_then_repeat_backdoor,0.5,2,39,5,0.332,0.3827777777777778,0.08920000000000002,2,2,1.0,0.0,1.0,0,0,0,5
cifar10,20,2,mixed_maturity,access_freshness_lease,dirichlet_lcb,diverse_then_repeat_backdoor,0.5,2,40,5,0.347,0.23666666666666666,0.04668201800293071,2,2,1.0,1.0,0.0,0,2,0,5
cifar10,20,2,mixed_maturity,access_freshness_lease,dirichlet_lcb,diverse_then_repeat_backdoor,0.5,2,41,5,0.3425,0.42333333333333334,0.04668201800293072,2,2,1.0,1.0,0.0,0,0,0,5
cifar10,20,2,mixed_maturity,access_freshness_lease,dirichlet_lcb,diverse_then_repeat_backdoor,0.5,2,42,5,0.355,0.30666666666666664,0.0466820180029307,2,2,1.0,1.0,0.0,0,0,0,5
cifar10,20,2,mixed_maturity,access_freshness_lease,dirichlet_lcb,diverse_then_repeat_backdoor,0.5,2,43,5,0.3255,0.12611111111111112,0.04668201800293071,2,2,1.0,1.0,0.0,0,0,0,5
cifar10,20,2,mixed_maturity,access_freshness_lease,dirichlet_lcb,diverse_then_repeat_backdoor,0.5,2,44,5,0.379,0.3088888888888889,0.0466820180029307,2,2,1.0,1.0,0.0,0,0,0,5
cifar10,20,2,mixed_maturity,access_freshness_lease,dirichlet_lcb,diverse_then_repeat_backdoor,0.5,2,45,5,0.343,0.27555555555555555,0.0892,2,2,1.0,0.0,1.0,0,0,2,5
cifar10,20,2,mixed_maturity,access_freshness_lease,dirichlet_lcb,diverse_then_repeat_backdoor,0.5,2,46,5,0.323,0.56,0.0892,2,2,1.0,0.0,1.0,0,0,0,5
cifar10,20,2,mixed_maturity,access_freshness_lease,dirichlet_lcb,diverse_then_repeat_backdoor,0.5,2,47,5,0.3285,0.15777777777777777,0.0892,2,2,1.0,0.0,1.0,0,0,0,5
cifar10,20,2,mixed_maturity,access_freshness_lease,dirichlet_lcb,diverse_then_repeat_backdoor,0.5,2,48,5,0.3665,0.2688888888888889,0.0892,2,2,1.0,0.0,1.0,0,0,0,5
cifar10,20,2,mixed_maturity,access_freshness_lease,dirichlet_lcb,diverse_then_repeat_backdoor,0.5,2,49,5,0.3385,0.44,0.08920000000000002,2,2,1.0,0.0,1.0,0,0,0,5
cifar10,20,2,mixed_maturity,access_freshness_lease,dirichlet_lcb,diverse_then_repeat_backdoor,0.5,2,50,5,0.348,0.29055555555555557,0.04668201800293071,2,2,1.0,1.0,0.0,0,2,0,5
cifar10,20,2,mixed_maturity,access_freshness_lease,dirichlet_lcb,diverse_then_repeat_backdoor,0.5,3,1,5,0.1665,0.0,0.05537555539138604,2,2,1.0,1.0,0.0,0,0,0,5
cifar10,20,2,mixed_maturity,access_freshness_lease,dirichlet_lcb,diverse_then_repeat_backdoor,0.5,3,2,5,0.222,0.0033333333333333335,0.05537555539138603,2,2,1.0,1.0,0.0,0,0,0,5
cifar10,20,2,mixed_maturity,access_freshness_lease,dirichlet_lcb,diverse_then_repeat_backdoor,0.5,3,3,5,0.2515,0.34944444444444445,0.05537555539138602,2,2,1.0,1.0,0.0,0,0,0,5
cifar10,20,2,mixed_maturity,access_freshness_lease,dirichlet_lcb,diverse_then_repeat_backdoor,0.5,3,4,5,0.227,0.0005555555555555556,0.05537555539138602,2,2,1.0,1.0,0.0,0,0,0,5
cifar10,20,2,mixed_maturity,access_freshness_lease,dirichlet_lcb,diverse_then_repeat_backdoor,0.5,3,5,5,0.2835,0.075,0.10494,2,2,1.0,0.0,1.0,0,0,0,5
cifar10,20,2,mixed_maturity,access_freshness_lease,dirichlet_lcb,diverse_then_repeat_backdoor,0.5,3,6,5,0.295,0.1288888888888889,0.10494,2,2,1.0,0.0,1.0,0,0,0,5
cifar10,20,2,mixed_maturity,access_freshness_lease,dirichlet_lcb,diverse_then_repeat_backdoor,0.5,3,7,5,0.2805,0.13,0.10494,2,2,1.0,0.0,1.0,0,0,0,5
cifar10,20,2,mixed_maturity,access_freshness_lease,dirichlet_lcb,diverse_then_repeat_backdoor,0.5,3,8,5,0.3085,0.04,0.10494,2,2,1.0,0.0,1.0,0,0,0,5
cifar10,20,2,mixed_maturity,access_freshness_lease,dirichlet_lcb,diverse_then_repeat_backdoor,0.5,3,9,5,0.279,0.051111111111111114,0.10494,2,2,1.0,0.0,1.0,0,0,0,5
cifar10,20,2,mixed_maturity,access_freshness_lease,dirichlet_lcb,diverse_then_repeat_backdoor,0.5,3,10,5,0.298,0.09944444444444445,0.05537555539138603,2,2,1.0,1.0,0.0,0,2,0,5
cifar10,20,2,mixed_maturity,access_freshness_lease,dirichlet_lcb,diverse_then_repeat_backdoor,0.5,3,11,5,0.296,0.057777777777777775,0.05537555539138602,2,2,1.0,1.0,0.0,0,0,0,5
cifar10,20,2,mixed_maturity,access_freshness_lease,dirichlet_lcb,diverse_then_repeat_backdoor,0.5,3,12,5,0.3115,0.06833333333333333,0.05537555539138603,2,2,1.0,1.0,0.0,0,0,0,5
cifar10,20,2,mixed_maturity,access_freshness_lease,dirichlet_lcb,diverse_then_repeat_backdoor,0.5,3,13,5,0.293,0.32055555555555554,0.05537555539138603,2,2,1.0,1.0,0.0,0,0,0,5
cifar10,20,2,mixed_maturity,access_freshness_lease,dirichlet_lcb,diverse_then_repeat_backdoor,0.5,3,14,5,0.2715,0.16111111111111112,0.05537555539138603,2,2,1.0,1.0,0.0,0,0,0,5
cifar10,20,2,mixed_maturity,access_freshness_lease,dirichlet_lcb,diverse_then_repeat_backdoor,0.5,3,15,5,0.2895,0.125,0.10494,2,2,1.0,0.0,1.0,0,0,2,5
cifar10,20,2,mixed_maturity,access_freshness_lease,dirichlet_lcb,diverse_then_repeat_backdoor,0.5,3,16,5,0.319,0.06388888888888888,0.10493999999999998,2,2,1.0,0.0,1.0,0,0,0,5
cifar10,20,2,mixed_maturity,access_freshness_lease,dirichlet_lcb,diverse_then_repeat_backdoor,0.5,3,17,5,0.3075,0.2777777777777778,0.10494,2,2,1.0,0.0,1.0,0,0,0,5
cifar10,20,2,mixed_maturity,access_freshness_lease,dirichlet_lcb,diverse_then_repeat_backdoor,0.5,3,18,5,0.314,0.045,0.10493999999999998,2,2,1.0,0.0,1.0,0,0,0,5
cifar10,20,2,mixed_maturity,access_freshness_lease,dirichlet_lcb,diverse_then_repeat_backdoor,0.5,3,19,5,0.2955,0.21833333333333332,0.10494,2,2,1.0,0.0,1.0,0,0,0,5
cifar10,20,2,mixed_maturity,access_freshness_lease,dirichlet_lcb,diverse_then_repeat_backdoor,0.5,3,20,5,0.3205,0.035,0.055375555391386035,2,2,1.0,1.0,0.0,0,2,0,5
cifar10,20,2,mixed_maturity,access_freshness_lease,dirichlet_lcb,diverse_then_repeat_backdoor,0.5,3,21,5,0.277,0.08388888888888889,0.05537555539138602,2,2,1.0,1.0,0.0,0,0,0,5
cifar10,20,2,mixed_maturity,access_freshness_lease,dirichlet_lcb,diverse_then_repeat_backdoor,0.5,3,22,5,0.34,0.19833333333333333,0.05537555539138603,2,2,1.0,1.0,0.0,0,0,0,5
cifar10,20,2,mixed_maturity,access_freshness_lease,dirichlet_lcb,diverse_then_repeat_backdoor,0.5,3,23,5,0.273,0.02666666666666667,0.055375555391386035,2,2,1.0,1.0,0.0,0,0,0,5
cifar10,20,2,mixed_maturity,access_freshness_lease,dirichlet_lcb,diverse_then_repeat_backdoor,0.5,3,24,5,0.33,0.028888888888888888,0.05537555539138603,2,2,1.0,1.0,0.0,0,0,0,5
cifar10,20,2,mixed_maturity,access_freshness_lease,dirichlet_lcb,diverse_then_repeat_backdoor,0.5,3,25,5,0.33,0.2338888888888889,0.10493999999999998,2,2,1.0,0.0,1.0,0,0,2,5
cifar10,20,2,mixed_maturity,access_freshness_lease,dirichlet_lcb,diverse_then_repeat_backdoor,0.5,3,26,5,0.286,0.3561111111111111,0.10494,2,2,1.0,0.0,1.0,0,0,0,5
cifar10,20,2,mixed_maturity,access_freshness_lease,dirichlet_lcb,diverse_then_repeat_backdoor,0.5,3,27,5,0.304,0.3055555555555556,0.10494,2,2,1.0,0.0,1.0,0,0,0,5
cifar10,20,2,mixed_maturity,access_freshness_lease,dirichlet_lcb,diverse_then_repeat_backdoor,0.5,3,28,5,0.2905,0.545,0.10494000000000002,2,2,1.0,0.0,1.0,0,0,0,5
cifar10,20,2,mixed_maturity,access_freshness_lease,dirichlet_lcb,diverse_then_repeat_backdoor,0.5,3,29,5,0.329,0.01,0.10493999999999998,2,2,1.0,0.0,1.0,0,0,0,5
cifar10,20,2,mixed_maturity,access_freshness_lease,dirichlet_lcb,diverse_then_repeat_backdoor,0.5,3,30,5,0.3355,0.27111111111111114,0.05537555539138603,2,2,1.0,1.0,0.0,0,2,0,5
cifar10,20,2,mixed_maturity,access_freshness_lease,dirichlet_lcb,diverse_then_repeat_backdoor,0.5,3,31,5,0.342,0.03944444444444444,0.05537555539138602,2,2,1.0,1.0,0.0,0,0,0,5
cifar10,20,2,mixed_maturity,access_freshness_lease,dirichlet_lcb,diverse_then_repeat_backdoor,0.5,3,32,5,0.339,0.43,0.05537555539138603,2,2,1.0,1.0,0.0,0,0,0,5
cifar10,20,2,mixed_maturity,access_freshness_lease,dirichlet_lcb,diverse_then_repeat_backdoor,0.5,3,33,5,0.325,0.044444444444444446,0.05537555539138604,2,2,1.0,1.0,0.0,0,0,0,5
cifar10,20,2,mixed_maturity,access_freshness_lease,dirichlet_lcb,diverse_then_repeat_backdoor,0.5,3,34,5,0.327,0.1711111111111111,0.055375555391386014,2,2,1.0,1.0,0.0,0,0,0,5
cifar10,20,2,mixed_maturity,access_freshness_lease,dirichlet_lcb,diverse_then_repeat_backdoor,0.5,3,35,5,0.3165,0.34444444444444444,0.10494,2,2,1.0,0.0,1.0,0,0,2,5
cifar10,20,2,mixed_maturity,access_freshness_lease,dirichlet_lcb,diverse_then_repeat_backdoor,0.5,3,36,5,0.3425,0.3161111111111111,0.10493999999999998,2,2,1.0,0.0,1.0,0,0,0,5
cifar10,20,2,mixed_maturity,access_freshness_lease,dirichlet_lcb,diverse_then_repeat_backdoor,0.5,3,37,5,0.3465,0.31444444444444447,0.10494,2,2,1.0,0.0,1.0,0,0,0,5
cifar10,20,2,mixed_maturity,access_freshness_lease,dirichlet_lcb,diverse_then_repeat_backdoor,0.5,3,38,5,0.3195,0.07777777777777778,0.10494,2,2,1.0,0.0,1.0,0,0,0,5
cifar10,20,2,mixed_maturity,access_freshness_lease,dirichlet_lcb,diverse_then_repeat_backdoor,0.5,3,39,5,0.359,0.19777777777777777,0.10494,2,2,1.0,0.0,1.0,0,0,0,5
cifar10,20,2,mixed_maturity,access_freshness_lease,dirichlet_lcb,diverse_then_repeat_backdoor,0.5,3,40,5,0.3425,0.16555555555555557,0.05537555539138602,2,2,1.0,1.0,0.0,0,2,0,5
cifar10,20,2,mixed_maturity,access_freshness_lease,dirichlet_lcb,diverse_then_repeat_backdoor,0.5,3,41,5,0.357,0.29833333333333334,0.05537555539138602,2,2,1.0,1.0,0.0,0,0,0,5
cifar10,20,2,mixed_maturity,access_freshness_lease,dirichlet_lcb,diverse_then_repeat_backdoor,0.5,3,42,5,0.357,0.2761111111111111,0.05537555539138603,2,2,1.0,1.0,0.0,0,0,0,5
cifar10,20,2,mixed_maturity,access_freshness_lease,dirichlet_lcb,diverse_then_repeat_backdoor,0.5,3,43,5,0.3485,0.3488888888888889,0.05537555539138603,2,2,1.0,1.0,0.0,0,0,0,5
cifar10,20,2,mixed_maturity,access_freshness_lease,dirichlet_lcb,diverse_then_repeat_backdoor,0.5,3,44,5,0.367,0.3877777777777778,0.05537555539138602,2,2,1.0,1.0,0.0,0,0,0,5
cifar10,20,2,mixed_maturity,access_freshness_lease,dirichlet_lcb,diverse_then_repeat_backdoor,0.5,3,45,5,0.3245,0.2544444444444444,0.10494,2,2,1.0,0.0,1.0,0,0,2,5
cifar10,20,2,mixed_maturity,access_freshness_lease,dirichlet_lcb,diverse_then_repeat_backdoor,0.5,3,46,5,0.342,0.2627777777777778,0.10494,2,2,1.0,0.0,1.0,0,0,0,5
cifar10,20,2,mixed_maturity,access_freshness_lease,dirichlet_lcb,diverse_then_repeat_backdoor,0.5,3,47,5,0.3415,0.30777777777777776,0.10494,2,2,1.0,0.0,1.0,0,0,0,5
cifar10,20,2,mixed_maturity,access_freshness_lease,dirichlet_lcb,diverse_then_repeat_backdoor,0.5,3,48,5,0.377,0.15333333333333332,0.10494,2,2,1.0,0.0,1.0,0,0,0,5
cifar10,20,2,mixed_maturity,access_freshness_lease,dirichlet_lcb,diverse_then_repeat_backdoor,0.5,3,49,5,0.344,0.36944444444444446,0.10494,2,2,1.0,0.0,1.0,0,0,0,5
cifar10,20,2,mixed_maturity,access_freshness_lease,dirichlet_lcb,diverse_then_repeat_backdoor,0.5,3,50,5,0.3445,0.26555555555555554,0.05537555539138603,2,2,1.0,1.0,0.0,0,2,0,5
cifar10,20,2,mixed_maturity,access_freshness_lease,dirichlet_lcb,diverse_then_repeat_backdoor,0.5,4,1,5,0.1135,0.0,0.06692841977231748,2,2,1.0,1.0,0.0,0,0,0,5
cifar10,20,2,mixed_maturity,access_freshness_lease,dirichlet_lcb,diverse_then_repeat_backdoor,0.5,4,2,5,0.2035,0.0005555555555555556,0.06692841977231749,2,2,1.0,1.0,0.0,0,0,0,5
cifar10,20,2,mixed_maturity,access_freshness_lease,dirichlet_lcb,diverse_then_repeat_backdoor,0.5,4,3,5,0.221,0.24,0.06692841977231749,2,2,1.0,1.0,0.0,0,0,0,5
cifar10,20,2,mixed_maturity,access_freshness_lease,dirichlet_lcb,diverse_then_repeat_backdoor,0.5,4,4,5,0.2195,0.021666666666666667,0.06692841977231749,2,2,1.0,1.0,0.0,0,0,0,5
cifar10,20,2,mixed_maturity,access_freshness_lease,dirichlet_lcb,diverse_then_repeat_backdoor,0.5,4,5,5,0.2465,0.035555555555555556,0.12546000000000002,2,2,1.0,0.0,1.0,0,0,0,5
cifar10,20,2,mixed_maturity,access_freshness_lease,dirichlet_lcb,diverse_then_repeat_backdoor,0.5,4,6,5,0.286,0.15888888888888889,0.12546000000000002,2,2,1.0,0.0,1.0,0,0,0,5
cifar10,20,2,mixed_maturity,access_freshness_lease,dirichlet_lcb,diverse_then_repeat_backdoor,0.5,4,7,5,0.238,0.275,0.12546000000000004,2,2,1.0,0.0,1.0,0,0,0,5
cifar10,20,2,mixed_maturity,access_freshness_lease,dirichlet_lcb,diverse_then_repeat_backdoor,0.5,4,8,5,0.2365,0.6022222222222222,0.12546,2,2,1.0,0.0,1.0,0,0,0,5
cifar10,20,2,mixed_maturity,access_freshness_lease,dirichlet_lcb,diverse_then_repeat_backdoor,0.5,4,9,5,0.299,0.10611111111111111,0.12546000000000002,2,2,1.0,0.0,1.0,0,0,0,5
cifar10,20,2,mixed_maturity,access_freshness_lease,dirichlet_lcb,diverse_then_repeat_backdoor,0.5,4,10,5,0.2305,0.005555555555555556,0.06692841977231749,2,2,1.0,1.0,0.0,0,2,0,5
cifar10,20,2,mixed_maturity,access_freshness_lease,dirichlet_lcb,diverse_then_repeat_backdoor,0.5,4,11,5,0.3015,0.17944444444444443,0.06692841977231749,2,2,1.0,1.0,0.0,0,0,0,5
cifar10,20,2,mixed_maturity,access_freshness_lease,dirichlet_lcb,diverse_then_repeat_backdoor,0.5,4,12,5,0.3355,0.10666666666666667,0.06692841977231749,2,2,1.0,1.0,0.0,0,0,0,5
cifar10,20,2,mixed_maturity,access_freshness_lease,dirichlet_lcb,diverse_then_repeat_backdoor,0.5,4,13,5,0.2635,0.325,0.06692841977231749,2,2,1.0,1.0,0.0,0,0,0,5
cifar10,20,2,mixed_maturity,access_freshness_lease,dirichlet_lcb,diverse_then_repeat_backdoor,0.5,4,14,5,0.294,0.02,0.06692841977231749,2,2,1.0,1.0,0.0,0,0,0,5
cifar10,20,2,mixed_maturity,access_freshness_lease,dirichlet_lcb,diverse_then_repeat_backdoor,0.5,4,15,5,0.3145,0.26,0.12546000000000002,2,2,1.0,0.0,1.0,0,0,2,5
cifar10,20,2,mixed_maturity,access_freshness_lease,dirichlet_lcb,diverse_then_repeat_backdoor,0.5,4,16,5,0.325,0.10333333333333333,0.12546000000000002,2,2,1.0,0.0,1.0,0,0,0,5
cifar10,20,2,mixed_maturity,access_freshness_lease,dirichlet_lcb,diverse_then_repeat_backdoor,0.5,4,17,5,0.312,0.33666666666666667,0.12546000000000002,2,2,1.0,0.0,1.0,0,0,0,5
cifar10,20,2,mixed_maturity,access_freshness_lease,dirichlet_lcb,diverse_then_repeat_backdoor,0.5,4,18,5,0.319,0.31333333333333335,0.12546000000000004,2,2,1.0,0.0,1.0,0,0,0,5
cifar10,20,2,mixed_maturity,access_freshness_lease,dirichlet_lcb,diverse_then_repeat_backdoor,0.5,4,19,5,0.299,0.021666666666666667,0.12546000000000002,2,2,1.0,0.0,1.0,0,0,0,5
cifar10,20,2,mixed_maturity,access_freshness_lease,dirichlet_lcb,diverse_then_repeat_backdoor,0.5,4,20,5,0.346,0.22611111111111112,0.06692841977231749,2,2,1.0,1.0,0.0,0,2,0,5
cifar10,20,2,mixed_maturity,access_freshness_lease,dirichlet_lcb,diverse_then_repeat_backdoor,0.5,4,21,5,0.312,0.2088888888888889,0.06692841977231748,2,2,1.0,1.0,0.0,0,0,0,5
cifar10,20,2,mixed_maturity,access_freshness_lease,dirichlet_lcb,diverse_then_repeat_backdoor,0.5,4,22,5,0.2935,0.2866666666666667,0.06692841977231749,2,2,1.0,1.0,0.0,0,0,0,5
cifar10,20,2,mixed_maturity,access_freshness_lease,dirichlet_lcb,diverse_then_repeat_backdoor,0.5,4,23,5,0.333,0.39166666666666666,0.06692841977231749,2,2,1.0,1.0,0.0,0,0,0,5
cifar10,20,2,mixed_maturity,access_freshness_lease,dirichlet_lcb,diverse_then_repeat_backdoor,0.5,4,24,5,0.2875,0.13555555555555557,0.06692841977231749,2,2,1.0,1.0,0.0,0,0,0,5
cifar10,20,2,mixed_maturity,access_freshness_lease,dirichlet_lcb,diverse_then_repeat_backdoor,0.5,4,25,5,0.3305,0.395,0.12546000000000002,2,2,1.0,0.0,1.0,0,0,2,5
cifar10,20,2,mixed_maturity,access_freshness_lease,dirichlet_lcb,diverse_then_repeat_backdoor,0.5,4,26,5,0.329,0.31833333333333336,0.12546000000000002,2,2,1.0,0.0,1.0,0,0,0,5
cifar10,20,2,mixed_maturity,access_freshness_lease,dirichlet_lcb,diverse_then_repeat_backdoor,0.5,4,27,5,0.3215,0.16277777777777777,0.12546000000000002,2,2,1.0,0.0,1.0,0,0,0,5
cifar10,20,2,mixed_maturity,access_freshness_lease,dirichlet_lcb,diverse_then_repeat_backdoor,0.5,4,28,5,0.3205,0.5405555555555556,0.12546000000000002,2,2,1.0,0.0,1.0,0,0,0,5
cifar10,20,2,mixed_maturity,access_freshness_lease,dirichlet_lcb,diverse_then_repeat_backdoor,0.5,4,29,5,0.319,0.15666666666666668,0.12546000000000002,2,2,1.0,0.0,1.0,0,0,0,5
cifar10,20,2,mixed_maturity,access_freshness_lease,dirichlet_lcb,diverse_then_repeat_backdoor,0.5,4,30,5,0.295,0.4177777777777778,0.06692841977231749,2,2,1.0,1.0,0.0,0,2,0,5
cifar10,20,2,mixed_maturity,access_freshness_lease,dirichlet_lcb,diverse_then_repeat_backdoor,0.5,4,31,5,0.3435,0.22333333333333333,0.06692841977231749,2,2,1.0,1.0,0.0,0,0,0,5
cifar10,20,2,mixed_maturity,access_freshness_lease,dirichlet_lcb,diverse_then_repeat_backdoor,0.5,4,32,5,0.3305,0.2477777777777778,0.06692841977231748,2,2,1.0,1.0,0.0,0,0,0,5
cifar10,20,2,mixed_maturity,access_freshness_lease,dirichlet_lcb,diverse_then_repeat_backdoor,0.5,4,33,5,0.348,0.44222222222222224,0.06692841977231749,2,2,1.0,1.0,0.0,0,0,0,5
cifar10,20,2,mixed_maturity,access_freshness_lease,dirichlet_lcb,diverse_then_repeat_backdoor,0.5,4,34,5,0.3415,0.13777777777777778,0.06692841977231749,2,2,1.0,1.0,0.0,0,0,0,5
cifar10,20,2,mixed_maturity,access_freshness_lease,dirichlet_lcb,diverse_then_repeat_backdoor,0.5,4,35,5,0.348,0.445,0.12546000000000002,2,2,1.0,0.0,1.0,0,0,2,5
cifar10,20,2,mixed_maturity,access_freshness_lease,dirichlet_lcb,diverse_then_repeat_backdoor,0.5,4,36,5,0.339,0.24166666666666667,0.12546000000000002,2,2,1.0,0.0,1.0,0,0,0,5
cifar10,20,2,mixed_maturity,access_freshness_lease,dirichlet_lcb,diverse_then_repeat_backdoor,0.5,4,37,5,0.342,0.3333333333333333,0.12546000000000002,2,2,1.0,0.0,1.0,0,0,0,5
cifar10,20,2,mixed_maturity,access_freshness_lease,dirichlet_lcb,diverse_then_repeat_backdoor,0.5,4,38,5,0.3495,0.48388888888888887,0.12546000000000002,2,2,1.0,0.0,1.0,0,0,0,5
cifar10,20,2,mixed_maturity,access_freshness_lease,dirichlet_lcb,diverse_then_repeat_backdoor,0.5,4,39,5,0.3485,0.4011111111111111,0.12546000000000004,2,2,1.0,0.0,1.0,0,0,0,5
cifar10,20,2,mixed_maturity,access_freshness_lease,dirichlet_lcb,diverse_then_repeat_backdoor,0.5,4,40,5,0.3555,0.42444444444444446,0.06692841977231748,2,2,1.0,1.0,0.0,0,2,0,5
cifar10,20,2,mixed_maturity,access_freshness_lease,dirichlet_lcb,diverse_then_repeat_backdoor,0.5,4,41,5,0.349,0.49833333333333335,0.06692841977231749,2,2,1.0,1.0,0.0,0,0,0,5
cifar10,20,2,mixed_maturity,access_freshness_lease,dirichlet_lcb,diverse_then_repeat_backdoor,0.5,4,42,5,0.327,0.6055555555555555,0.06692841977231749,2,2,1.0,1.0,0.0,0,0,0,5
cifar10,20,2,mixed_maturity,access_freshness_lease,dirichlet_lcb,diverse_then_repeat_backdoor,0.5,4,43,5,0.3395,0.5022222222222222,0.06692841977231748,2,2,1.0,1.0,0.0,0,0,0,5
cifar10,20,2,mixed_maturity,access_freshness_lease,dirichlet_lcb,diverse_then_repeat_backdoor,0.5,4,44,5,0.3215,0.17944444444444443,0.06692841977231748,2,2,1.0,1.0,0.0,0,0,0,5
cifar10,20,2,mixed_maturity,access_freshness_lease,dirichlet_lcb,diverse_then_repeat_backdoor,0.5,4,45,5,0.361,0.5033333333333333,0.12546000000000004,2,2,1.0,0.0,1.0,0,0,2,5
cifar10,20,2,mixed_maturity,access_freshness_lease,dirichlet_lcb,diverse_then_repeat_backdoor,0.5,4,46,5,0.313,0.7505555555555555,0.12546000000000002,2,2,1.0,0.0,1.0,0,0,0,5
cifar10,20,2,mixed_maturity,access_freshness_lease,dirichlet_lcb,diverse_then_repeat_backdoor,0.5,4,47,5,0.3695,0.38722222222222225,0.12546000000000002,2,2,1.0,0.0,1.0,0,0,0,5
cifar10,20,2,mixed_maturity,access_freshness_lease,dirichlet_lcb,diverse_then_repeat_backdoor,0.5,4,48,5,0.3555,0.32944444444444443,0.12546000000000004,2,2,1.0,0.0,1.0,0,0,0,5
cifar10,20,2,mixed_maturity,access_freshness_lease,dirichlet_lcb,diverse_then_repeat_backdoor,0.5,4,49,5,0.3205,0.3888888888888889,0.12546000000000004,2,2,1.0,0.0,1.0,0,0,0,5
cifar10,20,2,mixed_maturity,access_freshness_lease,dirichlet_lcb,diverse_then_repeat_backdoor,0.5,4,50,5,0.3215,0.6605555555555556,0.06692841977231749,2,2,1.0,1.0,0.0,0,2,0,5
cifar10,20,2,mixed_maturity,access_freshness_lease,dirichlet_lcb,diverse_then_repeat_backdoor,0.5,5,1,5,0.15,0.7327777777777778,0.05825705063759988,2,2,1.0,1.0,0.0,0,0,0,5
cifar10,20,2,mixed_maturity,access_freshness_lease,dirichlet_lcb,diverse_then_repeat_backdoor,0.5,5,2,5,0.188,0.0005555555555555556,0.058257050637599866,2,2,1.0,1.0,0.0,0,0,0,5
cifar10,20,2,mixed_maturity,access_freshness_lease,dirichlet_lcb,diverse_then_repeat_backdoor,0.5,5,3,5,0.2265,0.014444444444444444,0.05825705063759987,2,2,1.0,1.0,0.0,0,0,0,5
cifar10,20,2,mixed_maturity,access_freshness_lease,dirichlet_lcb,diverse_then_repeat_backdoor,0.5,5,4,5,0.2585,0.22277777777777777,0.05825705063759987,2,2,1.0,1.0,0.0,0,0,0,5
cifar10,20,2,mixed_maturity,access_freshness_lease,dirichlet_lcb,diverse_then_repeat_backdoor,0.5,5,5,5,0.2755,0.0038888888888888888,0.1101,2,2,1.0,0.0,1.0,0,0,0,5
cifar10,20,2,mixed_maturity,access_freshness_lease,dirichlet_lcb,diverse_then_repeat_backdoor,0.5,5,6,5,0.2335,0.2511111111111111,0.1101,2,2,1.0,0.0,1.0,0,0,0,5
cifar10,20,2,mixed_maturity,access_freshness_lease,dirichlet_lcb,diverse_then_repeat_backdoor,0.5,5,7,5,0.2325,0.4411111111111111,0.11009999999999998,2,2,1.0,0.0,1.0,0,0,0,5
cifar10,20,2,mixed_maturity,access_freshness_lease,dirichlet_lcb,diverse_then_repeat_backdoor,0.5,5,8,5,0.2645,0.02277777777777778,0.11009999999999998,2,2,1.0,0.0,1.0,0,0,0,5
cifar10,20,2,mixed_maturity,access_freshness_lease,dirichlet_lcb,diverse_then_repeat_backdoor,0.5,5,9,5,0.257,0.49333333333333335,0.11009999999999998,2,2,1.0,0.0,1.0,0,0,0,5
cifar10,20,2,mixed_maturity,access_freshness_lease,dirichlet_lcb,diverse_then_repeat_backdoor,0.5,5,10,5,0.318,0.16277777777777777,0.05825705063759988,2,2,1.0,1.0,0.0,0,2,0,5
cifar10,20,2,mixed_maturity,access_freshness_lease,dirichlet_lcb,diverse_then_repeat_backdoor,0.5,5,11,5,0.302,0.4027777777777778,0.05825705063759987,2,2,1.0,1.0,0.0,0,0,0,5
cifar10,20,2,mixed_maturity,access_freshness_lease,dirichlet_lcb,diverse_then_repeat_backdoor,0.5,5,12,5,0.316,0.08777777777777777,0.05825705063759987,2,2,1.0,1.0,0.0,0,0,0,5
cifar10,20,2,mixed_maturity,access_freshness_lease,dirichlet_lcb,diverse_then_repeat_backdoor,0.5,5,13,5,0.3015,0.13944444444444445,0.05825705063759988,2,2,1.0,1.0,0.0,0,0,0,5
cifar10,20,2,mixed_maturity,access_freshness_lease,dirichlet_lcb,diverse_then_repeat_backdoor,0.5,5,14,5,0.325,0.1661111111111111,0.058257050637599866,2,2,1.0,1.0,0.0,0,0,0,5
cifar10,20,2,mixed_maturity,access_freshness_lease,dirichlet_lcb,diverse_then_repeat_backdoor,0.5,5,15,5,0.3335,0.25,0.11009999999999998,2,2,1.0,0.0,1.0,0,0,2,5
cifar10,20,2,mixed_maturity,access_freshness_lease,dirichlet_lcb,diverse_then_repeat_backdoor,0.5,5,16,5,0.307,0.2011111111111111,0.1101,2,2,1.0,0.0,1.0,0,0,0,5
cifar10,20,2,mixed_maturity,access_freshness_lease,dirichlet_lcb,diverse_then_repeat_backdoor,0.5,5,17,5,0.335,0.24166666666666667,0.11009999999999998,2,2,1.0,0.0,1.0,0,0,0,5
cifar10,20,2,mixed_maturity,access_freshness_lease,dirichlet_lcb,diverse_then_repeat_backdoor,0.5,5,18,5,0.284,0.2833333333333333,0.1101,2,2,1.0,0.0,1.0,0,0,0,5
cifar10,20,2,mixed_maturity,access_freshness_lease,dirichlet_lcb,diverse_then_repeat_backdoor,0.5,5,19,5,0.3255,0.17055555555555554,0.1101,2,2,1.0,0.0,1.0,0,0,0,5
cifar10,20,2,mixed_maturity,access_freshness_lease,dirichlet_lcb,diverse_then_repeat_backdoor,0.5,5,20,5,0.312,0.23444444444444446,0.05825705063759987,2,2,1.0,1.0,0.0,0,2,0,5
cifar10,20,2,mixed_maturity,access_freshness_lease,dirichlet_lcb,diverse_then_repeat_backdoor,0.5,5,21,5,0.341,0.155,0.05825705063759988,2,2,1.0,1.0,0.0,0,0,0,5
cifar10,20,2,mixed_maturity,access_freshness_lease,dirichlet_lcb,diverse_then_repeat_backdoor,0.5,5,22,5,0.321,0.22555555555555556,0.05825705063759987,2,2,1.0,1.0,0.0,0,0,0,5
cifar10,20,2,mixed_maturity,access_freshness_lease,dirichlet_lcb,diverse_then_repeat_backdoor,0.5,5,23,5,0.3335,0.295,0.058257050637599866,2,2,1.0,1.0,0.0,0,0,0,5
cifar10,20,2,mixed_maturity,access_freshness_lease,dirichlet_lcb,diverse_then_repeat_backdoor,0.5,5,24,5,0.33,0.2738888888888889,0.05825705063759989,2,2,1.0,1.0,0.0,0,0,0,5
cifar10,20,2,mixed_maturity,access_freshness_lease,dirichlet_lcb,diverse_then_repeat_backdoor,0.5,5,25,5,0.3555,0.26722222222222225,0.11009999999999998,2,2,1.0,0.0,1.0,0,0,2,5
cifar10,20,2,mixed_maturity,access_freshness_lease,dirichlet_lcb,diverse_then_repeat_backdoor,0.5,5,26,5,0.3025,0.5205555555555555,0.11010000000000003,2,2,1.0,0.0,1.0,0,0,0,5
cifar10,20,2,mixed_maturity,access_freshness_lease,dirichlet_lcb,diverse_then_repeat_backdoor,0.5,5,27,5,0.344,0.34,0.1101,2,2,1.0,0.0,1.0,0,0,0,5
cifar10,20,2,mixed_maturity,access_freshness_lease,dirichlet_lcb,diverse_then_repeat_backdoor,0.5,5,28,5,0.3085,0.3888888888888889,0.11009999999999995,2,2,1.0,0.0,1.0,0,0,0,5
cifar10,20,2,mixed_maturity,access_freshness_lease,dirichlet_lcb,diverse_then_repeat_backdoor,0.5,5,29,5,0.3275,0.5655555555555556,0.11010000000000002,2,2,1.0,0.0,1.0,0,0,0,5
cifar10,20,2,mixed_maturity,access_freshness_lease,dirichlet_lcb,diverse_then_repeat_backdoor,0.5,5,30,5,0.3265,0.11444444444444445,0.05825705063759989,2,2,1.0,1.0,0.0,0,2,0,5
cifar10,20,2,mixed_maturity,access_freshness_lease,dirichlet_lcb,diverse_then_repeat_backdoor,0.5,5,31,5,0.312,0.29888888888888887,0.05825705063759987,2,2,1.0,1.0,0.0,0,0,0,5
cifar10,20,2,mixed_maturity,access_freshness_lease,dirichlet_lcb,diverse_then_repeat_backdoor,0.5,5,32,5,0.335,0.48388888888888887,0.05825705063759987,2,2,1.0,1.0,0.0,0,0,0,5
cifar10,20,2,mixed_maturity,access_freshness_lease,dirichlet_lcb,diverse_then_repeat_backdoor,0.5,5,33,5,0.3285,0.31722222222222224,0.05825705063759987,2,2,1.0,1.0,0.0,0,0,0,5
cifar10,20,2,mixed_maturity,access_freshness_lease,dirichlet_lcb,diverse_then_repeat_backdoor,0.5,5,34,5,0.365,0.41888888888888887,0.05825705063759988,2,2,1.0,1.0,0.0,0,0,0,5
cifar10,20,2,mixed_maturity,access_freshness_lease,dirichlet_lcb,diverse_then_repeat_backdoor,0.5,5,35,5,0.309,0.5811111111111111,0.11009999999999998,2,2,1.0,0.0,1.0,0,0,2,5
cifar10,20,2,mixed_maturity,access_freshness_lease,dirichlet_lcb,diverse_then_repeat_backdoor,0.5,5,36,5,0.332,0.47,0.1101,2,2,1.0,0.0,1.0,0,0,0,5
cifar10,20,2,mixed_maturity,access_freshness_lease,dirichlet_lcb,diverse_then_repeat_backdoor,0.5,5,37,5,0.3515,0.45111111111111113,0.11009999999999998,2,2,1.0,0.0,1.0,0,0,0,5
cifar10,20,2,mixed_maturity,access_freshness_lease,dirichlet_lcb,diverse_then_repeat_backdoor,0.5,5,38,5,0.3405,0.2038888888888889,0.1101,2,2,1.0,0.0,1.0,0,0,0,5
cifar10,20,2,mixed_maturity,access_freshness_lease,dirichlet_lcb,diverse_then_repeat_backdoor,0.5,5,39,5,0.3645,0.2922222222222222,0.1101,2,2,1.0,0.0,1.0,0,0,0,5
cifar10,20,2,mixed_maturity,access_freshness_lease,dirichlet_lcb,diverse_then_repeat_backdoor,0.5,5,40,5,0.329,0.51,0.058257050637599866,2,2,1.0,1.0,0.0,0,2,0,5
cifar10,20,2,mixed_maturity,access_freshness_lease,dirichlet_lcb,diverse_then_repeat_backdoor,0.5,5,41,5,0.3435,0.3672222222222222,0.05825705063759987,2,2,1.0,1.0,0.0,0,0,0,5
cifar10,20,2,mixed_maturity,access_freshness_lease,dirichlet_lcb,diverse_then_repeat_backdoor,0.5,5,42,5,0.3275,0.3322222222222222,0.058257050637599866,2,2,1.0,1.0,0.0,0,0,0,5
cifar10,20,2,mixed_maturity,access_freshness_lease,dirichlet_lcb,diverse_then_repeat_backdoor,0.5,5,43,5,0.3645,0.39222222222222225,0.05825705063759988,2,2,1.0,1.0,0.0,0,0,0,5
cifar10,20,2,mixed_maturity,access_freshness_lease,dirichlet_lcb,diverse_then_repeat_backdoor,0.5,5,44,5,0.3425,0.525,0.05825705063759987,2,2,1.0,1.0,0.0,0,0,0,5
cifar10,20,2,mixed_maturity,access_freshness_lease,dirichlet_lcb,diverse_then_repeat_backdoor,0.5,5,45,5,0.32,0.2872222222222222,0.1101,2,2,1.0,0.0,1.0,0,0,2,5
cifar10,20,2,mixed_maturity,access_freshness_lease,dirichlet_lcb,diverse_then_repeat_backdoor,0.5,5,46,5,0.3285,0.315,0.11010000000000002,2,2,1.0,0.0,1.0,0,0,0,5
cifar10,20,2,mixed_maturity,access_freshness_lease,dirichlet_lcb,diverse_then_repeat_backdoor,0.5,5,47,5,0.338,0.48055555555555557,0.1101,2,2,1.0,0.0,1.0,0,0,0,5
cifar10,20,2,mixed_maturity,access_freshness_lease,dirichlet_lcb,diverse_then_repeat_backdoor,0.5,5,48,5,0.3415,0.47944444444444445,0.11009999999999998,2,2,1.0,0.0,1.0,0,0,0,5
cifar10,20,2,mixed_maturity,access_freshness_lease,dirichlet_lcb,diverse_then_repeat_backdoor,0.5,5,49,5,0.3585,0.35944444444444446,0.1101,2,2,1.0,0.0,1.0,0,0,0,5
cifar10,20,2,mixed_maturity,access_freshness_lease,dirichlet_lcb,diverse_then_repeat_backdoor,0.5,5,50,5,0.3625,0.47333333333333333,0.05825705063759987,2,2,1.0,1.0,0.0,0,2,0,5
cifar10,20,2,mixed_maturity,access_freshness_lease,dirichlet_lcb,diverse_then_repeat_backdoor,0.5,6,1,5,0.105,0.9788888888888889,0.05260941874907896,2,2,1.0,1.0,0.0,0,0,0,5
cifar10,20,2,mixed_maturity,access_freshness_lease,dirichlet_lcb,diverse_then_repeat_backdoor,0.5,6,2,5,0.177,0.0,0.052609418749078964,2,2,1.0,1.0,0.0,0,0,0,5
cifar10,20,2,mixed_maturity,access_freshness_lease,dirichlet_lcb,diverse_then_repeat_backdoor,0.5,6,3,5,0.2095,0.006666666666666667,0.052609418749078964,2,2,1.0,1.0,0.0,0,0,0,5
cifar10,20,2,mixed_maturity,access_freshness_lease,dirichlet_lcb,diverse_then_repeat_backdoor,0.5,6,4,5,0.257,0.028333333333333332,0.052609418749078964,2,2,1.0,1.0,0.0,0,0,0,5
cifar10,20,2,mixed_maturity,access_freshness_lease,dirichlet_lcb,diverse_then_repeat_backdoor,0.5,6,5,5,0.252,0.16666666666666666,0.09996000000000001,2,2,1.0,0.0,1.0,0,0,0,5
cifar10,20,2,mixed_maturity,access_freshness_lease,dirichlet_lcb,diverse_then_repeat_backdoor,0.5,6,6,5,0.2975,0.21888888888888888,0.09996,2,2,1.0,0.0,1.0,0,0,0,5
cifar10,20,2,mixed_maturity,access_freshness_lease,dirichlet_lcb,diverse_then_repeat_backdoor,0.5,6,7,5,0.2945,0.12777777777777777,0.09996000000000001,2,2,1.0,0.0,1.0,0,0,0,5
cifar10,20,2,mixed_maturity,access_freshness_lease,dirichlet_lcb,diverse_then_repeat_backdoor,0.5,6,8,5,0.3185,0.1938888888888889,0.09996,2,2,1.0,0.0,1.0,0,0,0,5
cifar10,20,2,mixed_maturity,access_freshness_lease,dirichlet_lcb,diverse_then_repeat_backdoor,0.5,6,9,5,0.3065,0.07333333333333333,0.09996,2,2,1.0,0.0,1.0,0,0,0,5
cifar10,20,2,mixed_maturity,access_freshness_lease,dirichlet_lcb,diverse_then_repeat_backdoor,0.5,6,10,5,0.3195,0.12833333333333333,0.052609418749078964,2,2,1.0,1.0,0.0,0,2,0,5
cifar10,20,2,mixed_maturity,access_freshness_lease,dirichlet_lcb,diverse_then_repeat_backdoor,0.5,6,11,5,0.255,0.026111111111111113,0.05260941874907897,2,2,1.0,1.0,0.0,0,0,0,5
cifar10,20,2,mixed_maturity,access_freshness_lease,dirichlet_lcb,diverse_then_repeat_backdoor,0.5,6,12,5,0.2895,0.26055555555555554,0.05260941874907896,2,2,1.0,1.0,0.0,0,0,0,5
cifar10,20,2,mixed_maturity,access_freshness_lease,dirichlet_lcb,diverse_then_repeat_backdoor,0.5,6,13,5,0.3115,0.08888888888888889,0.05260941874907897,2,2,1.0,1.0,0.0,0,0,0,5
cifar10,20,2,mixed_maturity,access_freshness_lease,dirichlet_lcb,diverse_then_repeat_backdoor,0.5,6,14,5,0.318,0.07666666666666666,0.052609418749078964,2,2,1.0,1.0,0.0,0,0,0,5
cifar10,20,2,mixed_maturity,access_freshness_lease,dirichlet_lcb,diverse_then_repeat_backdoor,0.5,6,15,5,0.318,0.2811111111111111,0.09996,2,2,1.0,0.0,1.0,0,0,2,5
cifar10,20,2,mixed_maturity,access_freshness_lease,dirichlet_lcb,diverse_then_repeat_backdoor,0.5,6,16,5,0.3045,0.135,0.09996,2,2,1.0,0.0,1.0,0,0,0,5
cifar10,20,2,mixed_maturity,access_freshness_lease,dirichlet_lcb,diverse_then_repeat_backdoor,0.5,6,17,5,0.333,0.2477777777777778,0.09996,2,2,1.0,0.0,1.0,0,0,0,5
cifar10,20,2,mixed_maturity,access_freshness_lease,dirichlet_lcb,diverse_then_repeat_backdoor,0.5,6,18,5,0.2955,0.32,0.09996000000000001,2,2,1.0,0.0,1.0,0,0,0,5
cifar10,20,2,mixed_maturity,access_freshness_lease,dirichlet_lcb,diverse_then_repeat_backdoor,0.5,6,19,5,0.352,0.24666666666666667,0.09996000000000001,2,2,1.0,0.0,1.0,0,0,0,5
cifar10,20,2,mixed_maturity,access_freshness_lease,dirichlet_lcb,diverse_then_repeat_backdoor,0.5,6,20,5,0.271,0.22777777777777777,0.052609418749078964,2,2,1.0,1.0,0.0,0,2,0,5
cifar10,20,2,mixed_maturity,access_freshness_lease,dirichlet_lcb,diverse_then_repeat_backdoor,0.5,6,21,5,0.34,0.1922222222222222,0.052609418749078964,2,2,1.0,1.0,0.0,0,0,0,5
cifar10,20,2,mixed_maturity,access_freshness_lease,dirichlet_lcb,diverse_then_repeat_backdoor,0.5,6,22,5,0.3145,0.058888888888888886,0.05260941874907897,2,2,1.0,1.0,0.0,0,0,0,5
cifar10,20,2,mixed_maturity,access_freshness_lease,dirichlet_lcb,diverse_then_repeat_backdoor,0.5,6,23,5,0.3535,0.14222222222222222,0.05260941874907898,2,2,1.0,1.0,0.0,0,0,0,5
cifar10,20,2,mixed_maturity,access_freshness_lease,dirichlet_lcb,diverse_then_repeat_backdoor,0.5,6,24,5,0.3585,0.21333333333333335,0.05260941874907896,2,2,1.0,1.0,0.0,0,0,0,5
cifar10,20,2,mixed_maturity,access_freshness_lease,dirichlet_lcb,diverse_then_repeat_backdoor,0.5,6,25,5,0.3065,0.40444444444444444,0.09996000000000001,2,2,1.0,0.0,1.0,0,0,2,5
cifar10,20,2,mixed_maturity,access_freshness_lease,dirichlet_lcb,diverse_then_repeat_backdoor,0.5,6,26,5,0.337,0.4583333333333333,0.09996000000000002,2,2,1.0,0.0,1.0,0,0,0,5
cifar10,20,2,mixed_maturity,access_freshness_lease,dirichlet_lcb,diverse_then_repeat_backdoor,0.5,6,27,5,0.331,0.035,0.09996,2,2,1.0,0.0,1.0,0,0,0,5
cifar10,20,2,mixed_maturity,access_freshness_lease,dirichlet_lcb,diverse_then_repeat_backdoor,0.5,6,28,5,0.3515,0.18444444444444444,0.09996,2,2,1.0,0.0,1.0,0,0,0,5
cifar10,20,2,mixed_maturity,access_freshness_lease,dirichlet_lcb,diverse_then_repeat_backdoor,0.5,6,29,5,0.3375,0.044444444444444446,0.09996000000000001,2,2,1.0,0.0,1.0,0,0,0,5
cifar10,20,2,mixed_maturity,access_freshness_lease,dirichlet_lcb,diverse_then_repeat_backdoor,0.5,6,30,5,0.342,0.05611111111111111,0.05260941874907896,2,2,1.0,1.0,0.0,0,2,0,5
cifar10,20,2,mixed_maturity,access_freshness_lease,dirichlet_lcb,diverse_then_repeat_backdoor,0.5,6,31,5,0.329,0.45055555555555554,0.052609418749078964,2,2,1.0,1.0,0.0,0,0,0,5
cifar10,20,2,mixed_maturity,access_freshness_lease,dirichlet_lcb,diverse_then_repeat_backdoor,0.5,6,32,5,0.33,0.09444444444444444,0.05260941874907897,2,2,1.0,1.0,0.0,0,0,0,5
cifar10,20,2,mixed_maturity,access_freshness_lease,dirichlet_lcb,diverse_then_repeat_backdoor,0.5,6,33,5,0.298,0.1511111111111111,0.05260941874907896,2,2,1.0,1.0,0.0,0,0,0,5
cifar10,20,2,mixed_maturity,access_freshness_lease,dirichlet_lcb,diverse_then_repeat_backdoor,0.5,6,34,5,0.3245,0.43222222222222223,0.05260941874907897,2,2,1.0,1.0,0.0,0,0,0,5
cifar10,20,2,mixed_maturity,access_freshness_lease,dirichlet_lcb,diverse_then_repeat_backdoor,0.5,6,35,5,0.3225,0.425,0.09996,2,2,1.0,0.0,1.0,0,0,2,5
cifar10,20,2,mixed_maturity,access_freshness_lease,dirichlet_lcb,diverse_then_repeat_backdoor,0.5,6,36,5,0.3425,0.09166666666666666,0.09996,2,2,1.0,0.0,1.0,0,0,0,5
cifar10,20,2,mixed_maturity,access_freshness_lease,dirichlet_lcb,diverse_then_repeat_backdoor,0.5,6,37,5,0.338,0.0961111111111111,0.09996,2,2,1.0,0.0,1.0,0,0,0,5
cifar10,20,2,mixed_maturity,access_freshness_lease,dirichlet_lcb,diverse_then_repeat_backdoor,0.5,6,38,5,0.337,0.25333333333333335,0.09996,2,2,1.0,0.0,1.0,0,0,0,5
cifar10,20,2,mixed_maturity,access_freshness_lease,dirichlet_lcb,diverse_then_repeat_backdoor,0.5,6,39,5,0.344,0.21222222222222223,0.09996000000000001,2,2,1.0,0.0,1.0,0,0,0,5
cifar10,20,2,mixed_maturity,access_freshness_lease,dirichlet_lcb,diverse_then_repeat_backdoor,0.5,6,40,5,0.351,0.3427777777777778,0.052609418749078964,2,2,1.0,1.0,0.0,0,2,0,5
cifar10,20,2,mixed_maturity,access_freshness_lease,dirichlet_lcb,diverse_then_repeat_backdoor,0.5,6,41,5,0.3425,0.13166666666666665,0.052609418749078964,2,2,1.0,1.0,0.0,0,0,0,5
cifar10,20,2,mixed_maturity,access_freshness_lease,dirichlet_lcb,diverse_then_repeat_backdoor,0.5,6,42,5,0.3215,0.30944444444444447,0.052609418749078964,2,2,1.0,1.0,0.0,0,0,0,5
cifar10,20,2,mixed_maturity,access_freshness_lease,dirichlet_lcb,diverse_then_repeat_backdoor,0.5,6,43,5,0.3435,0.43333333333333335,0.05260941874907896,2,2,1.0,1.0,0.0,0,0,0,5
cifar10,20,2,mixed_maturity,access_freshness_lease,dirichlet_lcb,diverse_then_repeat_backdoor,0.5,6,44,5,0.3685,0.3244444444444444,0.052609418749078964,2,2,1.0,1.0,0.0,0,0,0,5
cifar10,20,2,mixed_maturity,access_freshness_lease,dirichlet_lcb,diverse_then_repeat_backdoor,0.5,6,45,5,0.343,0.4127777777777778,0.09996,2,2,1.0,0.0,1.0,0,0,2,5
cifar10,20,2,mixed_maturity,access_freshness_lease,dirichlet_lcb,diverse_then_repeat_backdoor,0.5,6,46,5,0.345,0.2822222222222222,0.09995999999999997,2,2,1.0,0.0,1.0,0,0,0,5
cifar10,20,2,mixed_maturity,access_freshness_lease,dirichlet_lcb,diverse_then_repeat_backdoor,0.5,6,47,5,0.3505,0.42833333333333334,0.09996000000000001,2,2,1.0,0.0,1.0,0,0,0,5
cifar10,20,2,mixed_maturity,access_freshness_lease,dirichlet_lcb,diverse_then_repeat_backdoor,0.5,6,48,5,0.3555,0.41444444444444445,0.09996,2,2,1.0,0.0,1.0,0,0,0,5
cifar10,20,2,mixed_maturity,access_freshness_lease,dirichlet_lcb,diverse_then_repeat_backdoor,0.5,6,49,5,0.3625,0.32666666666666666,0.09996,2,2,1.0,0.0,1.0,0,0,0,5
cifar10,20,2,mixed_maturity,access_freshness_lease,dirichlet_lcb,diverse_then_repeat_backdoor,0.5,6,50,5,0.3275,0.32722222222222225,0.05260941874907897,2,2,1.0,1.0,0.0,0,2,0,5
cifar10,20,2,mixed_maturity,access_freshness_lease,dirichlet_lcb,diverse_then_repeat_backdoor,0.5,7,1,5,0.184,0.0,0.05293083297358196,2,2,1.0,1.0,0.0,0,0,0,5
cifar10,20,2,mixed_maturity,access_freshness_lease,dirichlet_lcb,diverse_then_repeat_backdoor,0.5,7,2,5,0.165,0.0016666666666666668,0.05293083297358196,2,2,1.0,1.0,0.0,0,0,0,5
cifar10,20,2,mixed_maturity,access_freshness_lease,dirichlet_lcb,diverse_then_repeat_backdoor,0.5,7,3,5,0.257,0.10611111111111111,0.05293083297358196,2,2,1.0,1.0,0.0,0,0,0,5
cifar10,20,2,mixed_maturity,access_freshness_lease,dirichlet_lcb,diverse_then_repeat_backdoor,0.5,7,4,5,0.2645,0.10777777777777778,0.05293083297358196,2,2,1.0,1.0,0.0,0,0,0,5
cifar10,20,2,mixed_maturity,access_freshness_lease,dirichlet_lcb,diverse_then_repeat_backdoor,0.5,7,5,5,0.2615,0.0005555555555555556,0.10054,2,2,1.0,0.0,1.0,0,0,0,5
cifar10,20,2,mixed_maturity,access_freshness_lease,dirichlet_lcb,diverse_then_repeat_backdoor,0.5,7,6,5,0.3015,0.07722222222222222,0.10054,2,2,1.0,0.0,1.0,0,0,0,5
cifar10,20,2,mixed_maturity,access_freshness_lease,dirichlet_lcb,diverse_then_repeat_backdoor,0.5,7,7,5,0.3005,0.08944444444444444,0.10054000000000003,2,2,1.0,0.0,1.0,0,0,0,5
cifar10,20,2,mixed_maturity,access_freshness_lease,dirichlet_lcb,diverse_then_repeat_backdoor,0.5,7,8,5,0.2635,0.04555555555555556,0.10054,2,2,1.0,0.0,1.0,0,0,0,5
cifar10,20,2,mixed_maturity,access_freshness_lease,dirichlet_lcb,diverse_then_repeat_backdoor,0.5,7,9,5,0.2845,0.1761111111111111,0.10054,2,2,1.0,0.0,1.0,0,0,0,5
cifar10,20,2,mixed_maturity,access_freshness_lease,dirichlet_lcb,diverse_then_repeat_backdoor,0.5,7,10,5,0.2765,0.0005555555555555556,0.052930832973581955,2,2,1.0,1.0,0.0,0,2,0,5
cifar10,20,2,mixed_maturity,access_freshness_lease,dirichlet_lcb,diverse_then_repeat_backdoor,0.5,7,11,5,0.2755,0.02,0.05293083297358196,2,2,1.0,1.0,0.0,0,0,0,5
cifar10,20,2,mixed_maturity,access_freshness_lease,dirichlet_lcb,diverse_then_repeat_backdoor,0.5,7,12,5,0.33,0.13833333333333334,0.05293083297358196,2,2,1.0,1.0,0.0,0,0,0,5
cifar10,20,2,mixed_maturity,access_freshness_lease,dirichlet_lcb,diverse_then_repeat_backdoor,0.5,7,13,5,0.314,0.04555555555555556,0.05293083297358196,2,2,1.0,1.0,0.0,0,0,0,5
cifar10,20,2,mixed_maturity,access_freshness_lease,dirichlet_lcb,diverse_then_repeat_backdoor,0.5,7,14,5,0.2975,0.04555555555555556,0.05293083297358196,2,2,1.0,1.0,0.0,0,0,0,5
cifar10,20,2,mixed_maturity,access_freshness_lease,dirichlet_lcb,diverse_then_repeat_backdoor,0.5,7,15,5,0.329,0.16333333333333333,0.10053999999999998,2,2,1.0,0.0,1.0,0,0,2,5
cifar10,20,2,mixed_maturity,access_freshness_lease,dirichlet_lcb,diverse_then_repeat_backdoor,0.5,7,16,5,0.285,0.29888888888888887,0.10053999999999998,2,2,1.0,0.0,1.0,0,0,0,5
cifar10,20,2,mixed_maturity,access_freshness_lease,dirichlet_lcb,diverse_then_repeat_backdoor,0.5,7,17,5,0.286,0.10166666666666667,0.10053999999999998,2,2,1.0,0.0,1.0,0,0,0,5
cifar10,20,2,mixed_maturity,access_freshness_lease,dirichlet_lcb,diverse_then_repeat_backdoor,0.5,7,18,5,0.3405,0.14,0.10054,2,2,1.0,0.0,1.0,0,0,0,5
cifar10,20,2,mixed_maturity,access_freshness_lease,dirichlet_lcb,diverse_then_repeat_backdoor,0.5,7,19,5,0.324,0.24388888888888888,0.10054,2,2,1.0,0.0,1.0,0,0,0,5
cifar10,20,2,mixed_maturity,access_freshness_lease,dirichlet_lcb,diverse_then_repeat_backdoor,0.5,7,20,5,0.335,0.18055555555555555,0.05293083297358196,2,2,1.0,1.0,0.0,0,2,0,5
cifar10,20,2,mixed_maturity,access_freshness_lease,dirichlet_lcb,diverse_then_repeat_backdoor,0.5,7,21,5,0.3195,0.4222222222222222,0.05293083297358196,2,2,1.0,1.0,0.0,0,0,0,5
cifar10,20,2,mixed_maturity,access_freshness_lease,dirichlet_lcb,diverse_then_repeat_backdoor,0.5,7,22,5,0.323,0.09444444444444444,0.052930832973581955,2,2,1.0,1.0,0.0,0,0,0,5
cifar10,20,2,mixed_maturity,access_freshness_lease,dirichlet_lcb,diverse_then_repeat_backdoor,0.5,7,23,5,0.3235,0.20555555555555555,0.05293083297358197,2,2,1.0,1.0,0.0,0,0,0,5
cifar10,20,2,mixed_maturity,access_freshness_lease,dirichlet_lcb,diverse_then_repeat_backdoor,0.5,7,24,5,0.318,0.24333333333333335,0.05293083297358196,2,2,1.0,1.0,0.0,0,0,0,5
cifar10,20,2,mixed_maturity,access_freshness_lease,dirichlet_lcb,diverse_then_repeat_backdoor,0.5,7,25,5,0.3025,0.07333333333333333,0.10054,2,2,1.0,0.0,1.0,0,0,2,5
cifar10,20,2,mixed_maturity,access_freshness_lease,dirichlet_lcb,diverse_then_repeat_backdoor,0.5,7,26,5,0.3585,0.16166666666666665,0.10053999999999998,2,2,1.0,0.0,1.0,0,0,0,5
cifar10,20,2,mixed_maturity,access_freshness_lease,dirichlet_lcb,diverse_then_repeat_backdoor,0.5,7,27,5,0.3625,0.24833333333333332,0.10054000000000002,2,2,1.0,0.0,1.0,0,0,0,5
cifar10,20,2,mixed_maturity,access_freshness_lease,dirichlet_lcb,diverse_then_repeat_backdoor,0.5,7,28,5,0.3385,0.10611111111111111,0.10054000000000002,2,2,1.0,0.0,1.0,0,0,0,5
cifar10,20,2,mixed_maturity,access_freshness_lease,dirichlet_lcb,diverse_then_repeat_backdoor,0.5,7,29,5,0.348,0.09555555555555556,0.10054,2,2,1.0,0.0,1.0,0,0,0,5
cifar10,20,2,mixed_maturity,access_freshness_lease,dirichlet_lcb,diverse_then_repeat_backdoor,0.5,7,30,5,0.3245,0.05333333333333334,0.05293083297358197,2,2,1.0,1.0,0.0,0,2,0,5
cifar10,20,2,mixed_maturity,access_freshness_lease,dirichlet_lcb,diverse_then_repeat_backdoor,0.5,7,31,5,0.3565,0.2644444444444444,0.05293083297358196,2,2,1.0,1.0,0.0,0,0,0,5
cifar10,20,2,mixed_maturity,access_freshness_lease,dirichlet_lcb,diverse_then_repeat_backdoor,0.5,7,32,5,0.3335,0.37277777777777776,0.05293083297358197,2,2,1.0,1.0,0.0,0,0,0,5
cifar10,20,2,mixed_maturity,access_freshness_lease,dirichlet_lcb,diverse_then_repeat_backdoor,0.5,7,33,5,0.3485,0.10777777777777778,0.052930832973581955,2,2,1.0,1.0,0.0,0,0,0,5
cifar10,20,2,mixed_maturity,access_freshness_lease,dirichlet_lcb,diverse_then_repeat_backdoor,0.5,7,34,5,0.3365,0.3761111111111111,0.05293083297358196,2,2,1.0,1.0,0.0,0,0,0,5
cifar10,20,2,mixed_maturity,access_freshness_lease,dirichlet_lcb,diverse_then_repeat_backdoor,0.5,7,35,5,0.363,0.1711111111111111,0.10054,2,2,1.0,0.0,1.0,0,0,2,5
cifar10,20,2,mixed_maturity,access_freshness_lease,dirichlet_lcb,diverse_then_repeat_backdoor,0.5,7,36,5,0.347,0.3888888888888889,0.10054,2,2,1.0,0.0,1.0,0,0,0,5
cifar10,20,2,mixed_maturity,access_freshness_lease,dirichlet_lcb,diverse_then_repeat_backdoor,0.5,7,37,5,0.313,0.3338888888888889,0.10054,2,2,1.0,0.0,1.0,0,0,0,5
cifar10,20,2,mixed_maturity,access_freshness_lease,dirichlet_lcb,diverse_then_repeat_backdoor,0.5,7,38,5,0.3395,0.21444444444444444,0.10054,2,2,1.0,0.0,1.0,0,0,0,5
cifar10,20,2,mixed_maturity,access_freshness_lease,dirichlet_lcb,diverse_then_repeat_backdoor,0.5,7,39,5,0.346,0.17722222222222223,0.10054,2,2,1.0,0.0,1.0,0,0,0,5
cifar10,20,2,mixed_maturity,access_freshness_lease,dirichlet_lcb,diverse_then_repeat_backdoor,0.5,7,40,5,0.365,0.22611111111111112,0.05293083297358196,2,2,1.0,1.0,0.0,0,2,0,5
cifar10,20,2,mixed_maturity,access_freshness_lease,dirichlet_lcb,diverse_then_repeat_backdoor,0.5,7,41,5,0.3355,0.1238888888888889,0.052930832973581955,2,2,1.0,1.0,0.0,0,0,0,5
cifar10,20,2,mixed_maturity,access_freshness_lease,dirichlet_lcb,diverse_then_repeat_backdoor,0.5,7,42,5,0.357,0.18611111111111112,0.05293083297358197,2,2,1.0,1.0,0.0,0,0,0,5
cifar10,20,2,mixed_maturity,access_freshness_lease,dirichlet_lcb,diverse_then_repeat_backdoor,0.5,7,43,5,0.322,0.24555555555555555,0.05293083297358196,2,2,1.0,1.0,0.0,0,0,0,5
cifar10,20,2,mixed_maturity,access_freshness_lease,dirichlet_lcb,diverse_then_repeat_backdoor,0.5,7,44,5,0.319,0.395,0.05293083297358196,2,2,1.0,1.0,0.0,0,0,0,5
cifar10,20,2,mixed_maturity,access_freshness_lease,dirichlet_lcb,diverse_then_repeat_backdoor,0.5,7,45,5,0.351,0.175,0.10053999999999998,2,2,1.0,0.0,1.0,0,0,2,5
cifar10,20,2,mixed_maturity,access_freshness_lease,dirichlet_lcb,diverse_then_repeat_backdoor,0.5,7,46,5,0.345,0.4477777777777778,0.10054,2,2,1.0,0.0,1.0,0,0,0,5
cifar10,20,2,mixed_maturity,access_freshness_lease,dirichlet_lcb,diverse_then_repeat_backdoor,0.5,7,47,5,0.3325,0.35777777777777775,0.10054,2,2,1.0,0.0,1.0,0,0,0,5
cifar10,20,2,mixed_maturity,access_freshness_lease,dirichlet_lcb,diverse_then_repeat_backdoor,0.5,7,48,5,0.3725,0.25166666666666665,0.10053999999999998,2,2,1.0,0.0,1.0,0,0,0,5
cifar10,20,2,mixed_maturity,access_freshness_lease,dirichlet_lcb,diverse_then_repeat_backdoor,0.5,7,49,5,0.34,0.33,0.10054,2,2,1.0,0.0,1.0,0,0,0,5
cifar10,20,2,mixed_maturity,access_freshness_lease,dirichlet_lcb,diverse_then_repeat_backdoor,0.5,7,50,5,0.354,0.24555555555555555,0.05293083297358196,2,2,1.0,1.0,0.0,0,2,0,5
cifar10,20,2,mixed_maturity,access_freshness_lease,dirichlet_lcb,diverse_then_repeat_backdoor,0.5,8,1,5,0.1,0.9977777777777778,0.053163703766113415,2,2,1.0,1.0,0.0,0,0,0,5
cifar10,20,2,mixed_maturity,access_freshness_lease,dirichlet_lcb,diverse_then_repeat_backdoor,0.5,8,2,5,0.2065,0.0,0.053163703766113415,2,2,1.0,1.0,0.0,0,0,0,5
cifar10,20,2,mixed_maturity,access_freshness_lease,dirichlet_lcb,diverse_then_repeat_backdoor,0.5,8,3,5,0.2255,0.3283333333333333,0.053163703766113415,2,2,1.0,1.0,0.0,0,0,0,5
cifar10,20,2,mixed_maturity,access_freshness_lease,dirichlet_lcb,diverse_then_repeat_backdoor,0.5,8,4,5,0.278,0.24888888888888888,0.053163703766113415,2,2,1.0,1.0,0.0,0,0,0,5
cifar10,20,2,mixed_maturity,access_freshness_lease,dirichlet_lcb,diverse_then_repeat_backdoor,0.5,8,5,5,0.277,0.051666666666666666,0.10095999999999998,2,2,1.0,0.0,1.0,0,0,0,5
cifar10,20,2,mixed_maturity,access_freshness_lease,dirichlet_lcb,diverse_then_repeat_backdoor,0.5,8,6,5,0.239,0.2733333333333333,0.10096000000000001,2,2,1.0,0.0,1.0,0,0,0,5
cifar10,20,2,mixed_maturity,access_freshness_lease,dirichlet_lcb,diverse_then_repeat_backdoor,0.5,8,7,5,0.271,0.215,0.10096000000000001,2,2,1.0,0.0,1.0,0,0,0,5
cifar10,20,2,mixed_maturity,access_freshness_lease,dirichlet_lcb,diverse_then_repeat_backdoor,0.5,8,8,5,0.263,0.25222222222222224,0.10096000000000001,2,2,1.0,0.0,1.0,0,0,0,5
cifar10,20,2,mixed_maturity,access_freshness_lease,dirichlet_lcb,diverse_then_repeat_backdoor,0.5,8,9,5,0.27,0.3527777777777778,0.10096000000000001,2,2,1.0,0.0,1.0,0,0,0,5
cifar10,20,2,mixed_maturity,access_freshness_lease,dirichlet_lcb,diverse_then_repeat_backdoor,0.5,8,10,5,0.2955,0.10777777777777778,0.05316370376611342,2,2,1.0,1.0,0.0,0,2,0,5
cifar10,20,2,mixed_maturity,access_freshness_lease,dirichlet_lcb,diverse_then_repeat_backdoor,0.5,8,11,5,0.327,0.2,0.0531637037661134,2,2,1.0,1.0,0.0,0,0,0,5
cifar10,20,2,mixed_maturity,access_freshness_lease,dirichlet_lcb,diverse_then_repeat_backdoor,0.5,8,12,5,0.284,0.11666666666666667,0.0531637037661134,2,2,1.0,1.0,0.0,0,0,0,5
cifar10,20,2,mixed_maturity,access_freshness_lease,dirichlet_lcb,diverse_then_repeat_backdoor,0.5,8,13,5,0.272,0.04055555555555555,0.0531637037661134,2,2,1.0,1.0,0.0,0,0,0,5
cifar10,20,2,mixed_maturity,access_freshness_lease,dirichlet_lcb,diverse_then_repeat_backdoor,0.5,8,14,5,0.3125,0.14277777777777778,0.05316370376611341,2,2,1.0,1.0,0.0,0,0,0,5
cifar10,20,2,mixed_maturity,access_freshness_lease,dirichlet_lcb,diverse_then_repeat_backdoor,0.5,8,15,5,0.2695,0.11777777777777777,0.10096000000000001,2,2,1.0,0.0,1.0,0,0,2,5
cifar10,20,2,mixed_maturity,access_freshness_lease,dirichlet_lcb,diverse_then_repeat_backdoor,0.5,8,16,5,0.29,0.024444444444444446,0.10096000000000001,2,2,1.0,0.0,1.0,0,0,0,5
cifar10,20,2,mixed_maturity,access_freshness_lease,dirichlet_lcb,diverse_then_repeat_backdoor,0.5,8,17,5,0.317,0.24222222222222223,0.10096000000000001,2,2,1.0,0.0,1.0,0,0,0,5
cifar10,20,2,mixed_maturity,access_freshness_lease,dirichlet_lcb,diverse_then_repeat_backdoor,0.5,8,18,5,0.2975,0.10166666666666667,0.10096000000000001,2,2,1.0,0.0,1.0,0,0,0,5
cifar10,20,2,mixed_maturity,access_freshness_lease,dirichlet_lcb,diverse_then_repeat_backdoor,0.5,8,19,5,0.3155,0.08166666666666667,0.10096000000000001,2,2,1.0,0.0,1.0,0,0,0,5
cifar10,20,2,mixed_maturity,access_freshness_lease,dirichlet_lcb,diverse_then_repeat_backdoor,0.5,8,20,5,0.324,0.035555555555555556,0.053163703766113415,2,2,1.0,1.0,0.0,0,2,0,5
cifar10,20,2,mixed_maturity,access_freshness_lease,dirichlet_lcb,diverse_then_repeat_backdoor,0.5,8,21,5,0.313,0.09444444444444444,0.05316370376611341,2,2,1.0,1.0,0.0,0,0,0,5
cifar10,20,2,mixed_maturity,access_freshness_lease,dirichlet_lcb,diverse_then_repeat_backdoor,0.5,8,22,5,0.321,0.36666666666666664,0.05316370376611341,2,2,1.0,1.0,0.0,0,0,0,5
cifar10,20,2,mixed_maturity,access_freshness_lease,dirichlet_lcb,diverse_then_repeat_backdoor,0.5,8,23,5,0.3335,0.31722222222222224,0.053163703766113415,2,2,1.0,1.0,0.0,0,0,0,5
cifar10,20,2,mixed_maturity,access_freshness_lease,dirichlet_lcb,diverse_then_repeat_backdoor,0.5,8,24,5,0.3385,0.042222222222222223,0.05316370376611341,2,2,1.0,1.0,0.0,0,0,0,5
cifar10,20,2,mixed_maturity,access_freshness_lease,dirichlet_lcb,diverse_then_repeat_backdoor,0.5,8,25,5,0.3455,0.3233333333333333,0.10096000000000001,2,2,1.0,0.0,1.0,0,0,2,5
cifar10,20,2,mixed_maturity,access_freshness_lease,dirichlet_lcb,diverse_then_repeat_backdoor,0.5,8,26,5,0.339,0.09388888888888888,0.10096000000000002,2,2,1.0,0.0,1.0,0,0,0,5
cifar10,20,2,mixed_maturity,access_freshness_lease,dirichlet_lcb,diverse_then_repeat_backdoor,0.5,8,27,5,0.2935,0.215,0.10096000000000001,2,2,1.0,0.0,1.0,0,0,0,5
cifar10,20,2,mixed_maturity,access_freshness_lease,dirichlet_lcb,diverse_then_repeat_backdoor,0.5,8,28,5,0.314,0.37222222222222223,0.10096000000000001,2,2,1.0,0.0,1.0,0,0,0,5
cifar10,20,2,mixed_maturity,access_freshness_lease,dirichlet_lcb,diverse_then_repeat_backdoor,0.5,8,29,5,0.322,0.021111111111111112,0.10096000000000002,2,2,1.0,0.0,1.0,0,0,0,5
cifar10,20,2,mixed_maturity,access_freshness_lease,dirichlet_lcb,diverse_then_repeat_backdoor,0.5,8,30,5,0.35,0.24888888888888888,0.05316370376611341,2,2,1.0,1.0,0.0,0,2,0,5
cifar10,20,2,mixed_maturity,access_freshness_lease,dirichlet_lcb,diverse_then_repeat_backdoor,0.5,8,31,5,0.3625,0.2338888888888889,0.053163703766113415,2,2,1.0,1.0,0.0,0,0,0,5
cifar10,20,2,mixed_maturity,access_freshness_lease,dirichlet_lcb,diverse_then_repeat_backdoor,0.5,8,32,5,0.335,0.11333333333333333,0.05316370376611341,2,2,1.0,1.0,0.0,0,0,0,5
cifar10,20,2,mixed_maturity,access_freshness_lease,dirichlet_lcb,diverse_then_repeat_backdoor,0.5,8,33,5,0.323,0.21777777777777776,0.0531637037661134,2,2,1.0,1.0,0.0,0,0,0,5
cifar10,20,2,mixed_maturity,access_freshness_lease,dirichlet_lcb,diverse_then_repeat_backdoor,0.5,8,34,5,0.358,0.1811111111111111,0.05316370376611341,2,2,1.0,1.0,0.0,0,0,0,5
cifar10,20,2,mixed_maturity,access_freshness_lease,dirichlet_lcb,diverse_then_repeat_backdoor,0.5,8,35,5,0.2975,0.08777777777777777,0.10095999999999998,2,2,1.0,0.0,1.0,0,0,2,5
cifar10,20,2,mixed_maturity,access_freshness_lease,dirichlet_lcb,diverse_then_repeat_backdoor,0.5,8,36,5,0.3355,0.38555555555555554,0.10096000000000001,2,2,1.0,0.0,1.0,0,0,0,5
cifar10,20,2,mixed_maturity,access_freshness_lease,dirichlet_lcb,diverse_then_repeat_backdoor,0.5,8,37,5,0.325,0.4088888888888889,0.10095999999999998,2,2,1.0,0.0,1.0,0,0,0,5
cifar10,20,2,mixed_maturity,access_freshness_lease,dirichlet_lcb,diverse_then_repeat_backdoor,0.5,8,38,5,0.3325,0.3638888888888889,0.10096000000000001,2,2,1.0,0.0,1.0,0,0,0,5
cifar10,20,2,mixed_maturity,access_freshness_lease,dirichlet_lcb,diverse_then_repeat_backdoor,0.5,8,39,5,0.2945,0.5755555555555556,0.10096000000000001,2,2,1.0,0.0,1.0,0,0,0,5
cifar10,20,2,mixed_maturity,access_freshness_lease,dirichlet_lcb,diverse_then_repeat_backdoor,0.5,8,40,5,0.354,0.34055555555555556,0.0531637037661134,2,2,1.0,1.0,0.0,0,2,0,5
cifar10,20,2,mixed_maturity,access_freshness_lease,dirichlet_lcb,diverse_then_repeat_backdoor,0.5,8,41,5,0.3385,0.5038888888888889,0.05316370376611342,2,2,1.0,1.0,0.0,0,0,0,5
cifar10,20,2,mixed_maturity,access_freshness_lease,dirichlet_lcb,diverse_then_repeat_backdoor,0.5,8,42,5,0.3745,0.2922222222222222,0.05316370376611341,2,2,1.0,1.0,0.0,0,0,0,5
cifar10,20,2,mixed_maturity,access_freshness_lease,dirichlet_lcb,diverse_then_repeat_backdoor,0.5,8,43,5,0.335,0.21555555555555556,0.0531637037661134,2,2,1.0,1.0,0.0,0,0,0,5
cifar10,20,2,mixed_maturity,access_freshness_lease,dirichlet_lcb,diverse_then_repeat_backdoor,0.5,8,44,5,0.364,0.29777777777777775,0.05316370376611341,2,2,1.0,1.0,0.0,0,0,0,5
cifar10,20,2,mixed_maturity,access_freshness_lease,dirichlet_lcb,diverse_then_repeat_backdoor,0.5,8,45,5,0.3615,0.525,0.10095999999999998,2,2,1.0,0.0,1.0,0,0,2,5
cifar10,20,2,mixed_maturity,access_freshness_lease,dirichlet_lcb,diverse_then_repeat_backdoor,0.5,8,46,5,0.3225,0.3622222222222222,0.10096000000000001,2,2,1.0,0.0,1.0,0,0,0,5
cifar10,20,2,mixed_maturity,access_freshness_lease,dirichlet_lcb,diverse_then_repeat_backdoor,0.5,8,47,5,0.3105,0.37833333333333335,0.10096000000000001,2,2,1.0,0.0,1.0,0,0,0,5
cifar10,20,2,mixed_maturity,access_freshness_lease,dirichlet_lcb,diverse_then_repeat_backdoor,0.5,8,48,5,0.373,0.3788888888888889,0.10096000000000001,2,2,1.0,0.0,1.0,0,0,0,5
cifar10,20,2,mixed_maturity,access_freshness_lease,dirichlet_lcb,diverse_then_repeat_backdoor,0.5,8,49,5,0.37,0.31277777777777777,0.10095999999999998,2,2,1.0,0.0,1.0,0,0,0,5
cifar10,20,2,mixed_maturity,access_freshness_lease,dirichlet_lcb,diverse_then_repeat_backdoor,0.5,8,50,5,0.3605,0.3333333333333333,0.053163703766113415,2,2,1.0,1.0,0.0,0,2,0,5
cifar10,20,2,mixed_maturity,access_freshness_lease,dirichlet_lcb,diverse_then_repeat_backdoor,0.5,9,1,5,0.118,0.0,0.03149143346364508,2,2,1.0,1.0,0.0,0,0,0,5
cifar10,20,2,mixed_maturity,access_freshness_lease,dirichlet_lcb,diverse_then_repeat_backdoor,0.5,9,2,5,0.2445,0.14944444444444444,0.03149143346364509,2,2,1.0,1.0,0.0,0,0,0,5
cifar10,20,2,mixed_maturity,access_freshness_lease,dirichlet_lcb,diverse_then_repeat_backdoor,0.5,9,3,5,0.2435,0.0,0.03149143346364509,2,2,1.0,1.0,0.0,0,0,0,5
cifar10,20,2,mixed_maturity,access_freshness_lease,dirichlet_lcb,diverse_then_repeat_backdoor,0.5,9,4,5,0.231,0.002777777777777778,0.03149143346364509,2,2,1.0,1.0,0.0,0,0,0,5
cifar10,20,2,mixed_maturity,access_freshness_lease,dirichlet_lcb,diverse_then_repeat_backdoor,0.5,9,5,5,0.2505,0.051111111111111114,0.06106,2,2,1.0,0.0,1.0,0,0,0,5
cifar10,20,2,mixed_maturity,access_freshness_lease,dirichlet_lcb,diverse_then_repeat_backdoor,0.5,9,6,5,0.223,0.29,0.06105999999999999,2,2,1.0,0.0,1.0,0,0,0,5
cifar10,20,2,mixed_maturity,access_freshness_lease,dirichlet_lcb,diverse_then_repeat_backdoor,0.5,9,7,5,0.285,0.1111111111111111,0.06106000000000001,2,2,1.0,0.0,1.0,0,0,0,5
cifar10,20,2,mixed_maturity,access_freshness_lease,dirichlet_lcb,diverse_then_repeat_backdoor,0.5,9,8,5,0.2615,0.23833333333333334,0.06106,2,2,1.0,0.0,1.0,0,0,0,5
cifar10,20,2,mixed_maturity,access_freshness_lease,dirichlet_lcb,diverse_then_repeat_backdoor,0.5,9,9,5,0.3,0.08888888888888889,0.06106,2,2,1.0,0.0,1.0,0,0,0,5
cifar10,20,2,mixed_maturity,access_freshness_lease,dirichlet_lcb,diverse_then_repeat_backdoor,0.5,9,10,5,0.307,0.08777777777777777,0.03149143346364509,2,2,1.0,1.0,0.0,0,2,0,5
cifar10,20,2,mixed_maturity,access_freshness_lease,dirichlet_lcb,diverse_then_repeat_backdoor,0.5,9,11,5,0.308,0.14555555555555555,0.03149143346364509,2,2,1.0,1.0,0.0,0,0,0,5
cifar10,20,2,mixed_maturity,access_freshness_lease,dirichlet_lcb,diverse_then_repeat_backdoor,0.5,9,12,5,0.311,0.021666666666666667,0.03149143346364508,2,2,1.0,1.0,0.0,0,0,0,5
cifar10,20,2,mixed_maturity,access_freshness_lease,dirichlet_lcb,diverse_then_repeat_backdoor,0.5,9,13,5,0.2995,0.12666666666666668,0.03149143346364509,2,2,1.0,1.0,0.0,0,0,0,5
cifar10,20,2,mixed_maturity,access_freshness_lease,dirichlet_lcb,diverse_then_repeat_backdoor,0.5,9,14,5,0.2905,0.11833333333333333,0.031491433463645094,2,2,1.0,1.0,0.0,0,0,0,5
cifar10,20,2,mixed_maturity,access_freshness_lease,dirichlet_lcb,diverse_then_repeat_backdoor,0.5,9,15,5,0.309,0.24722222222222223,0.06106,2,2,1.0,0.0,1.0,0,0,2,5
cifar10,20,2,mixed_maturity,access_freshness_lease,dirichlet_lcb,diverse_then_repeat_backdoor,0.5,9,16,5,0.342,0.12166666666666667,0.06106,2,2,1.0,0.0,1.0,0,0,0,5
cifar10,20,2,mixed_maturity,access_freshness_lease,dirichlet_lcb,diverse_then_repeat_backdoor,0.5,9,17,5,0.32,0.02666666666666667,0.06106,2,2,1.0,0.0,1.0,0,0,0,5
cifar10,20,2,mixed_maturity,access_freshness_lease,dirichlet_lcb,diverse_then_repeat_backdoor,0.5,9,18,5,0.3115,0.06666666666666667,0.06106,2,2,1.0,0.0,1.0,0,0,0,5
cifar10,20,2,mixed_maturity,access_freshness_lease,dirichlet_lcb,diverse_then_repeat_backdoor,0.5,9,19,5,0.2935,0.28,0.06106,2,2,1.0,0.0,1.0,0,0,0,5
cifar10,20,2,mixed_maturity,access_freshness_lease,dirichlet_lcb,diverse_then_repeat_backdoor,0.5,9,20,5,0.332,0.09444444444444444,0.03149143346364509,2,2,1.0,1.0,0.0,0,2,0,5
cifar10,20,2,mixed_maturity,access_freshness_lease,dirichlet_lcb,diverse_then_repeat_backdoor,0.5,9,21,5,0.282,0.19666666666666666,0.03149143346364509,2,2,1.0,1.0,0.0,0,0,0,5
cifar10,20,2,mixed_maturity,access_freshness_lease,dirichlet_lcb,diverse_then_repeat_backdoor,0.5,9,22,5,0.319,0.11666666666666667,0.031491433463645094,2,2,1.0,1.0,0.0,0,0,0,5
cifar10,20,2,mixed_maturity,access_freshness_lease,dirichlet_lcb,diverse_then_repeat_backdoor,0.5,9,23,5,0.3205,0.26944444444444443,0.03149143346364509,2,2,1.0,1.0,0.0,0,0,0,5
cifar10,20,2,mixed_maturity,access_freshness_lease,dirichlet_lcb,diverse_then_repeat_backdoor,0.5,9,24,5,0.3245,0.014444444444444444,0.03149143346364509,2,2,1.0,1.0,0.0,0,0,0,5
cifar10,20,2,mixed_maturity,access_freshness_lease,dirichlet_lcb,diverse_then_repeat_backdoor,0.5,9,25,5,0.316,0.2388888888888889,0.06106000000000001,2,2,1.0,0.0,1.0,0,0,2,5
cifar10,20,2,mixed_maturity,access_freshness_lease,dirichlet_lcb,diverse_then_repeat_backdoor,0.5,9,26,5,0.3255,0.0044444444444444444,0.06106,2,2,1.0,0.0,1.0,0,0,0,5
cifar10,20,2,mixed_maturity,access_freshness_lease,dirichlet_lcb,diverse_then_repeat_backdoor,0.5,9,27,5,0.3375,0.09833333333333333,0.06106,2,2,1.0,0.0,1.0,0,0,0,5
cifar10,20,2,mixed_maturity,access_freshness_lease,dirichlet_lcb,diverse_then_repeat_backdoor,0.5,9,28,5,0.3405,0.23444444444444446,0.06106,2,2,1.0,0.0,1.0,0,0,0,5
cifar10,20,2,mixed_maturity,access_freshness_lease,dirichlet_lcb,diverse_then_repeat_backdoor,0.5,9,29,5,0.3,0.40444444444444444,0.06105999999999999,2,2,1.0,0.0,1.0,0,0,0,5
cifar10,20,2,mixed_maturity,access_freshness_lease,dirichlet_lcb,diverse_then_repeat_backdoor,0.5,9,30,5,0.332,0.02666666666666667,0.03149143346364509,2,2,1.0,1.0,0.0,0,2,0,5
cifar10,20,2,mixed_maturity,access_freshness_lease,dirichlet_lcb,diverse_then_repeat_backdoor,0.5,9,31,5,0.34,0.12666666666666668,0.03149143346364509,2,2,1.0,1.0,0.0,0,0,0,5
cifar10,20,2,mixed_maturity,access_freshness_lease,dirichlet_lcb,diverse_then_repeat_backdoor,0.5,9,32,5,0.3225,0.39166666666666666,0.03149143346364508,2,2,1.0,1.0,0.0,0,0,0,5
cifar10,20,2,mixed_maturity,access_freshness_lease,dirichlet_lcb,diverse_then_repeat_backdoor,0.5,9,33,5,0.3545,0.058888888888888886,0.03149143346364509,2,2,1.0,1.0,0.0,0,0,0,5
cifar10,20,2,mixed_maturity,access_freshness_lease,dirichlet_lcb,diverse_then_repeat_backdoor,0.5,9,34,5,0.343,0.11666666666666667,0.03149143346364509,2,2,1.0,1.0,0.0,0,0,0,5
cifar10,20,2,mixed_maturity,access_freshness_lease,dirichlet_lcb,diverse_then_repeat_backdoor,0.5,9,35,5,0.344,0.028888888888888888,0.06106,2,2,1.0,0.0,1.0,0,0,2,5
cifar10,20,2,mixed_maturity,access_freshness_lease,dirichlet_lcb,diverse_then_repeat_backdoor,0.5,9,36,5,0.346,0.20333333333333334,0.06106,2,2,1.0,0.0,1.0,0,0,0,5
cifar10,20,2,mixed_maturity,access_freshness_lease,dirichlet_lcb,diverse_then_repeat_backdoor,0.5,9,37,5,0.351,0.1622222222222222,0.06106,2,2,1.0,0.0,1.0,0,0,0,5
cifar10,20,2,mixed_maturity,access_freshness_lease,dirichlet_lcb,diverse_then_repeat_backdoor,0.5,9,38,5,0.3455,0.20333333333333334,0.06106,2,2,1.0,0.0,1.0,0,0,0,5
cifar10,20,2,mixed_maturity,access_freshness_lease,dirichlet_lcb,diverse_then_repeat_backdoor,0.5,9,39,5,0.3215,0.3611111111111111,0.06106,2,2,1.0,0.0,1.0,0,0,0,5
cifar10,20,2,mixed_maturity,access_freshness_lease,dirichlet_lcb,diverse_then_repeat_backdoor,0.5,9,40,5,0.322,0.013333333333333334,0.03149143346364509,2,2,1.0,1.0,0.0,0,2,0,5
cifar10,20,2,mixed_maturity,access_freshness_lease,dirichlet_lcb,diverse_then_repeat_backdoor,0.5,9,41,5,0.3575,0.1638888888888889,0.03149143346364508,2,2,1.0,1.0,0.0,0,0,0,5
cifar10,20,2,mixed_maturity,access_freshness_lease,dirichlet_lcb,diverse_then_repeat_backdoor,0.5,9,42,5,0.3595,0.16666666666666666,0.031491433463645094,2,2,1.0,1.0,0.0,0,0,0,5
cifar10,20,2,mixed_maturity,access_freshness_lease,dirichlet_lcb,diverse_then_repeat_backdoor,0.5,9,43,5,0.338,0.29888888888888887,0.03149143346364509,2,2,1.0,1.0,0.0,0,0,0,5
cifar10,20,2,mixed_maturity,access_freshness_lease,dirichlet_lcb,diverse_then_repeat_backdoor,0.5,9,44,5,0.36,0.19055555555555556,0.03149143346364509,2,2,1.0,1.0,0.0,0,0,0,5
cifar10,20,2,mixed_maturity,access_freshness_lease,dirichlet_lcb,diverse_then_repeat_backdoor,0.5,9,45,5,0.3185,0.20833333333333334,0.06105999999999999,2,2,1.0,0.0,1.0,0,0,2,5
cifar10,20,2,mixed_maturity,access_freshness_lease,dirichlet_lcb,diverse_then_repeat_backdoor,0.5,9,46,5,0.3285,0.2772222222222222,0.06106,2,2,1.0,0.0,1.0,0,0,0,5
cifar10,20,2,mixed_maturity,access_freshness_lease,dirichlet_lcb,diverse_then_repeat_backdoor,0.5,9,47,5,0.321,0.3738888888888889,0.06106,2,2,1.0,0.0,1.0,0,0,0,5
cifar10,20,2,mixed_maturity,access_freshness_lease,dirichlet_lcb,diverse_then_repeat_backdoor,0.5,9,48,5,0.333,0.04388888888888889,0.06105999999999999,2,2,1.0,0.0,1.0,0,0,0,5
cifar10,20,2,mixed_maturity,access_freshness_lease,dirichlet_lcb,diverse_then_repeat_backdoor,0.5,9,49,5,0.3565,0.2238888888888889,0.06106,2,2,1.0,0.0,1.0,0,0,0,5
cifar10,20,2,mixed_maturity,access_freshness_lease,dirichlet_lcb,diverse_then_repeat_backdoor,0.5,9,50,5,0.326,0.07388888888888889,0.03149143346364509,2,2,1.0,1.0,0.0,0,2,0,5
cifar10,20,2,mixed_maturity,access_full,dirichlet_lcb,benign_concept_drift,0.5,0,1,5,0.1545,0.0,0.0441792229218223,2,2,1.0,1.0,0.0,0,0,0,0
cifar10,20,2,mixed_maturity,access_full,dirichlet_lcb,benign_concept_drift,0.5,0,2,5,0.22,0.2538888888888889,0.044179222921822296,2,2,1.0,1.0,0.0,0,0,0,0
cifar10,20,2,mixed_maturity,access_full,dirichlet_lcb,benign_concept_drift,0.5,0,3,5,0.249,0.13333333333333333,0.044179222921822296,2,2,1.0,1.0,0.0,0,0,0,0
cifar10,20,2,mixed_maturity,access_full,dirichlet_lcb,benign_concept_drift,0.5,0,4,5,0.2515,0.09222222222222222,0.0441792229218223,2,2,1.0,1.0,0.0,0,0,0,0
cifar10,20,2,mixed_maturity,access_full,dirichlet_lcb,benign_concept_drift,0.5,0,5,5,0.2415,0.03777777777777778,0.08462,2,2,1.0,0.0,1.0,0,0,0,0
cifar10,20,2,mixed_maturity,access_full,dirichlet_lcb,benign_concept_drift,0.5,0,6,5,0.2525,0.012222222222222223,0.08462,2,2,1.0,0.0,1.0,0,0,0,0
cifar10,20,2,mixed_maturity,access_full,dirichlet_lcb,benign_concept_drift,0.5,0,7,5,0.2605,0.017222222222222222,0.08461999999999999,2,2,1.0,0.0,1.0,0,0,0,0
cifar10,20,2,mixed_maturity,access_full,dirichlet_lcb,benign_concept_drift,0.5,0,8,5,0.29,0.011666666666666667,0.08462,2,2,1.0,0.0,1.0,0,0,0,0
cifar10,20,2,mixed_maturity,access_full,dirichlet_lcb,benign_concept_drift,0.5,0,9,5,0.289,0.06111111111111111,0.08462,2,2,1.0,0.0,1.0,0,0,0,0
cifar10,20,2,mixed_maturity,access_full,dirichlet_lcb,benign_concept_drift,0.5,0,10,5,0.263,0.10388888888888889,0.08462,2,2,1.0,0.0,1.0,0,0,0,0
cifar10,20,2,mixed_maturity,access_full,dirichlet_lcb,benign_concept_drift,0.5,0,11,5,0.2975,0.03722222222222222,0.08461999999999999,2,2,1.0,0.0,1.0,0,0,0,0
cifar10,20,2,mixed_maturity,access_full,dirichlet_lcb,benign_concept_drift,0.5,0,12,5,0.313,0.03388888888888889,0.08462,2,2,1.0,0.0,1.0,0,0,0,0
cifar10,20,2,mixed_maturity,access_full,dirichlet_lcb,benign_concept_drift,0.5,0,13,5,0.313,0.14555555555555555,0.08462,2,2,1.0,0.0,1.0,0,0,0,0
cifar10,20,2,mixed_maturity,access_full,dirichlet_lcb,benign_concept_drift,0.5,0,14,5,0.3015,0.06277777777777778,0.08461999999999999,2,2,1.0,0.0,1.0,0,0,0,0
cifar10,20,2,mixed_maturity,access_full,dirichlet_lcb,benign_concept_drift,0.5,0,15,5,0.309,0.03833333333333333,0.08462,2,2,1.0,0.0,1.0,0,0,0,0
cifar10,20,2,mixed_maturity,access_full,dirichlet_lcb,benign_concept_drift,0.5,0,16,5,0.287,0.045,0.08462,2,2,1.0,0.0,1.0,0,0,0,0
cifar10,20,2,mixed_maturity,access_full,dirichlet_lcb,benign_concept_drift,0.5,0,17,5,0.31,0.17833333333333334,0.08462,2,2,1.0,0.0,1.0,0,0,0,0
cifar10,20,2,mixed_maturity,access_full,dirichlet_lcb,benign_concept_drift,0.5,0,18,5,0.305,0.05444444444444444,0.08462,2,2,1.0,0.0,1.0,0,0,0,0
cifar10,20,2,mixed_maturity,access_full,dirichlet_lcb,benign_concept_drift,0.5,0,19,5,0.3145,0.1761111111111111,0.08462,2,2,1.0,0.0,1.0,0,0,0,0
cifar10,20,2,mixed_maturity,access_full,dirichlet_lcb,benign_concept_drift,0.5,0,20,5,0.3415,0.01888888888888889,0.08462,2,2,1.0,0.0,1.0,0,0,0,0
cifar10,20,2,mixed_maturity,access_full,dirichlet_lcb,benign_concept_drift,0.5,0,21,5,0.327,0.021666666666666667,0.08461999999999999,2,2,1.0,0.0,1.0,0,0,0,0
cifar10,20,2,mixed_maturity,access_full,dirichlet_lcb,benign_concept_drift,0.5,0,22,5,0.35,0.07333333333333333,0.08461999999999999,2,2,1.0,0.0,1.0,0,0,0,0
cifar10,20,2,mixed_maturity,access_full,dirichlet_lcb,benign_concept_drift,0.5,0,23,5,0.3525,0.034444444444444444,0.08462,2,2,1.0,0.0,1.0,0,0,0,0
cifar10,20,2,mixed_maturity,access_full,dirichlet_lcb,benign_concept_drift,0.5,0,24,5,0.3025,0.18944444444444444,0.08462,2,2,1.0,0.0,1.0,0,0,0,0
cifar10,20,2,mixed_maturity,access_full,dirichlet_lcb,benign_concept_drift,0.5,0,25,5,0.328,0.06388888888888888,0.08462,2,2,1.0,0.0,1.0,0,0,0,0
cifar10,20,2,mixed_maturity,access_full,dirichlet_lcb,benign_concept_drift,0.5,0,26,5,0.3305,0.02722222222222222,0.08462,2,2,1.0,0.0,1.0,0,0,0,0
cifar10,20,2,mixed_maturity,access_full,dirichlet_lcb,benign_concept_drift,0.5,0,27,5,0.3475,0.058333333333333334,0.08462,2,2,1.0,0.0,1.0,0,0,0,0
cifar10,20,2,mixed_maturity,access_full,dirichlet_lcb,benign_concept_drift,0.5,0,28,5,0.3045,0.13777777777777778,0.08462,2,2,1.0,0.0,1.0,0,0,0,0
cifar10,20,2,mixed_maturity,access_full,dirichlet_lcb,benign_concept_drift,0.5,0,29,5,0.308,0.030555555555555555,0.08462,2,2,1.0,0.0,1.0,0,0,0,0
cifar10,20,2,mixed_maturity,access_full,dirichlet_lcb,benign_concept_drift,0.5,0,30,5,0.361,0.08777777777777777,0.08461999999999999,2,2,1.0,0.0,1.0,0,0,0,0
cifar10,20,2,mixed_maturity,access_full,dirichlet_lcb,benign_concept_drift,0.5,0,31,5,0.3665,0.11555555555555555,0.08462,2,2,1.0,0.0,1.0,0,0,0,0
cifar10,20,2,mixed_maturity,access_full,dirichlet_lcb,benign_concept_drift,0.5,0,32,5,0.304,0.013333333333333334,0.08461999999999999,2,2,1.0,0.0,1.0,0,0,0,0
cifar10,20,2,mixed_maturity,access_full,dirichlet_lcb,benign_concept_drift,0.5,0,33,5,0.3355,0.035,0.08462,2,2,1.0,0.0,1.0,0,0,0,0
cifar10,20,2,mixed_maturity,access_full,dirichlet_lcb,benign_concept_drift,0.5,0,34,5,0.326,0.07388888888888889,0.08462,2,2,1.0,0.0,1.0,0,0,0,0
cifar10,20,2,mixed_maturity,access_full,dirichlet_lcb,benign_concept_drift,0.5,0,35,5,0.337,0.0022222222222222222,0.08462000000000001,2,2,1.0,0.0,1.0,0,0,0,0
cifar10,20,2,mixed_maturity,access_full,dirichlet_lcb,benign_concept_drift,0.5,0,36,5,0.327,0.1111111111111111,0.08462,2,2,1.0,0.0,1.0,0,0,0,0
cifar10,20,2,mixed_maturity,access_full,dirichlet_lcb,benign_concept_drift,0.5,0,37,5,0.344,0.0044444444444444444,0.08462,2,2,1.0,0.0,1.0,0,0,0,0
cifar10,20,2,mixed_maturity,access_full,dirichlet_lcb,benign_concept_drift,0.5,0,38,5,0.349,0.08,0.08462,2,2,1.0,0.0,1.0,0,0,0,0
cifar10,20,2,mixed_maturity,access_full,dirichlet_lcb,benign_concept_drift,0.5,0,39,5,0.3285,0.08611111111111111,0.08462,2,2,1.0,0.0,1.0,0,0,0,0
cifar10,20,2,mixed_maturity,access_full,dirichlet_lcb,benign_concept_drift,0.5,0,40,5,0.351,0.1527777777777778,0.08462,2,2,1.0,0.0,1.0,0,0,0,0
cifar10,20,2,mixed_maturity,access_full,dirichlet_lcb,benign_concept_drift,0.5,0,41,5,0.322,0.02666666666666667,0.08461999999999999,2,2,1.0,0.0,1.0,0,0,0,0
cifar10,20,2,mixed_maturity,access_full,dirichlet_lcb,benign_concept_drift,0.5,0,42,5,0.332,0.10277777777777777,0.08462,2,2,1.0,0.0,1.0,0,0,0,0
cifar10,20,2,mixed_maturity,access_full,dirichlet_lcb,benign_concept_drift,0.5,0,43,5,0.326,0.26666666666666666,0.08462,2,2,1.0,0.0,1.0,0,0,0,0
cifar10,20,2,mixed_maturity,access_full,dirichlet_lcb,benign_concept_drift,0.5,0,44,5,0.3515,0.008888888888888889,0.08462,2,2,1.0,0.0,1.0,0,0,0,0
cifar10,20,2,mixed_maturity,access_full,dirichlet_lcb,benign_concept_drift,0.5,0,45,5,0.3505,0.0811111111111111,0.08462,2,2,1.0,0.0,1.0,0,0,0,0
cifar10,20,2,mixed_maturity,access_full,dirichlet_lcb,benign_concept_drift,0.5,0,46,5,0.341,0.025,0.08461999999999999,2,2,1.0,0.0,1.0,0,0,0,0
cifar10,20,2,mixed_maturity,access_full,dirichlet_lcb,benign_concept_drift,0.5,0,47,5,0.304,0.04722222222222222,0.08462,2,2,1.0,0.0,1.0,0,0,0,0
cifar10,20,2,mixed_maturity,access_full,dirichlet_lcb,benign_concept_drift,0.5,0,48,5,0.3645,0.0077777777777777776,0.08461999999999999,2,2,1.0,0.0,1.0,0,0,0,0
cifar10,20,2,mixed_maturity,access_full,dirichlet_lcb,benign_concept_drift,0.5,0,49,5,0.353,0.06277777777777778,0.08462,2,2,1.0,0.0,1.0,0,0,0,0
cifar10,20,2,mixed_maturity,access_full,dirichlet_lcb,benign_concept_drift,0.5,0,50,5,0.374,0.042222222222222223,0.08462,2,2,1.0,0.0,1.0,0,0,0,0
cifar10,20,2,mixed_maturity,access_full,dirichlet_lcb,benign_concept_drift,0.5,1,1,5,0.21,0.14666666666666667,0.0101010101010101,2,2,1.0,1.0,0.0,0,0,0,0
cifar10,20,2,mixed_maturity,access_full,dirichlet_lcb,benign_concept_drift,0.5,1,2,5,0.1685,0.03388888888888889,0.010101010101010102,2,2,1.0,1.0,0.0,0,0,0,0
cifar10,20,2,mixed_maturity,access_full,dirichlet_lcb,benign_concept_drift,0.5,1,3,5,0.199,0.22444444444444445,0.0101010101010101,2,2,1.0,1.0,0.0,0,0,0,0
cifar10,20,2,mixed_maturity,access_full,dirichlet_lcb,benign_concept_drift,0.5,1,4,5,0.2115,0.030555555555555555,0.0101010101010101,2,2,1.0,1.0,0.0,0,0,0,0
cifar10,20,2,mixed_maturity,access_full,dirichlet_lcb,benign_concept_drift,0.5,1,5,5,0.219,0.0005555555555555556,0.02,2,2,1.0,0.0,1.0,0,0,0,0
cifar10,20,2,mixed_maturity,access_full,dirichlet_lcb,benign_concept_drift,0.5,1,6,5,0.272,0.11444444444444445,0.02,2,2,1.0,0.0,1.0,0,0,0,0
cifar10,20,2,mixed_maturity,access_full,dirichlet_lcb,benign_concept_drift,0.5,1,7,5,0.3155,0.013333333333333334,0.02,2,2,1.0,0.0,1.0,0,0,0,0
cifar10,20,2,mixed_maturity,access_full,dirichlet_lcb,benign_concept_drift,0.5,1,8,5,0.257,0.08944444444444444,0.02,2,2,1.0,0.0,1.0,0,0,0,0
cifar10,20,2,mixed_maturity,access_full,dirichlet_lcb,benign_concept_drift,0.5,1,9,5,0.2945,0.095,0.02,2,2,1.0,0.0,1.0,0,0,0,0
cifar10,20,2,mixed_maturity,access_full,dirichlet_lcb,benign_concept_drift,0.5,1,10,5,0.2645,0.1761111111111111,0.02,2,2,1.0,0.0,1.0,0,0,0,0
cifar10,20,2,mixed_maturity,access_full,dirichlet_lcb,benign_concept_drift,0.5,1,11,5,0.267,0.26666666666666666,0.02,2,2,1.0,0.0,1.0,0,0,0,0
cifar10,20,2,mixed_maturity,access_full,dirichlet_lcb,benign_concept_drift,0.5,1,12,5,0.3055,0.0022222222222222222,0.02,2,2,1.0,0.0,1.0,0,0,0,0
cifar10,20,2,mixed_maturity,access_full,dirichlet_lcb,benign_concept_drift,0.5,1,13,5,0.3185,0.05444444444444444,0.02,2,2,1.0,0.0,1.0,0,0,0,0
cifar10,20,2,mixed_maturity,access_full,dirichlet_lcb,benign_concept_drift,0.5,1,14,5,0.317,0.23333333333333334,0.02,2,2,1.0,0.0,1.0,0,0,0,0
cifar10,20,2,mixed_maturity,access_full,dirichlet_lcb,benign_concept_drift,0.5,1,15,5,0.3035,0.0022222222222222222,0.02,2,2,1.0,0.0,1.0,0,0,0,0
cifar10,20,2,mixed_maturity,access_full,dirichlet_lcb,benign_concept_drift,0.5,1,16,5,0.2735,0.021111111111111112,0.02,2,2,1.0,0.0,1.0,0,0,0,0
cifar10,20,2,mixed_maturity,access_full,dirichlet_lcb,benign_concept_drift,0.5,1,17,5,0.302,0.09333333333333334,0.02,2,2,1.0,0.0,1.0,0,0,0,0
cifar10,20,2,mixed_maturity,access_full,dirichlet_lcb,benign_concept_drift,0.5,1,18,5,0.3135,0.021111111111111112,0.02,2,2,1.0,0.0,1.0,0,0,0,0
cifar10,20,2,mixed_maturity,access_full,dirichlet_lcb,benign_concept_drift,0.5,1,19,5,0.2965,0.028888888888888888,0.02,2,2,1.0,0.0,1.0,0,0,0,0
cifar10,20,2,mixed_maturity,access_full,dirichlet_lcb,benign_concept_drift,0.5,1,20,5,0.3295,0.03,0.019999999999999993,2,2,1.0,0.0,1.0,0,0,0,0
cifar10,20,2,mixed_maturity,access_full,dirichlet_lcb,benign_concept_drift,0.5,1,21,5,0.3505,0.03277777777777778,0.02,2,2,1.0,0.0,1.0,0,0,0,0
cifar10,20,2,mixed_maturity,access_full,dirichlet_lcb,benign_concept_drift,0.5,1,22,5,0.2925,0.10388888888888889,0.02,2,2,1.0,0.0,1.0,0,0,0,0
cifar10,20,2,mixed_maturity,access_full,dirichlet_lcb,benign_concept_drift,0.5,1,23,5,0.3465,0.03277777777777778,0.02,2,2,1.0,0.0,1.0,0,0,0,0
cifar10,20,2,mixed_maturity,access_full,dirichlet_lcb,benign_concept_drift,0.5,1,24,5,0.297,0.05611111111111111,0.02,2,2,1.0,0.0,1.0,0,0,0,0
cifar10,20,2,mixed_maturity,access_full,dirichlet_lcb,benign_concept_drift,0.5,1,25,5,0.3235,0.025,0.020000000000000004,2,2,1.0,0.0,1.0,0,0,0,0
cifar10,20,2,mixed_maturity,access_full,dirichlet_lcb,benign_concept_drift,0.5,1,26,5,0.3265,0.05277777777777778,0.02,2,2,1.0,0.0,1.0,0,0,0,0
cifar10,20,2,mixed_maturity,access_full,dirichlet_lcb,benign_concept_drift,0.5,1,27,5,0.355,0.04,0.02,2,2,1.0,0.0,1.0,0,0,0,0
cifar10,20,2,mixed_maturity,access_full,dirichlet_lcb,benign_concept_drift,0.5,1,28,5,0.3345,0.105,0.02,2,2,1.0,0.0,1.0,0,0,0,0
cifar10,20,2,mixed_maturity,access_full,dirichlet_lcb,benign_concept_drift,0.5,1,29,5,0.3495,0.03666666666666667,0.020000000000000004,2,2,1.0,0.0,1.0,0,0,0,0
cifar10,20,2,mixed_maturity,access_full,dirichlet_lcb,benign_concept_drift,0.5,1,30,5,0.3525,0.04388888888888889,0.019999999999999997,2,2,1.0,0.0,1.0,0,0,0,0
cifar10,20,2,mixed_maturity,access_full,dirichlet_lcb,benign_concept_drift,0.5,1,31,5,0.3205,0.05388888888888889,0.02,2,2,1.0,0.0,1.0,0,0,0,0
cifar10,20,2,mixed_maturity,access_full,dirichlet_lcb,benign_concept_drift,0.5,1,32,5,0.33,0.021111111111111112,0.02,2,2,1.0,0.0,1.0,0,0,0,0
cifar10,20,2,mixed_maturity,access_full,dirichlet_lcb,benign_concept_drift,0.5,1,33,5,0.329,0.13555555555555557,0.019999999999999997,2,2,1.0,0.0,1.0,0,0,0,0
cifar10,20,2,mixed_maturity,access_full,dirichlet_lcb,benign_concept_drift,0.5,1,34,5,0.33,0.020555555555555556,0.02,2,2,1.0,0.0,1.0,0,0,0,0
cifar10,20,2,mixed_maturity,access_full,dirichlet_lcb,benign_concept_drift,0.5,1,35,5,0.3255,0.026111111111111113,0.019999999999999997,2,2,1.0,0.0,1.0,0,0,0,0
cifar10,20,2,mixed_maturity,access_full,dirichlet_lcb,benign_concept_drift,0.5,1,36,5,0.358,0.028888888888888888,0.02,2,2,1.0,0.0,1.0,0,0,0,0
cifar10,20,2,mixed_maturity,access_full,dirichlet_lcb,benign_concept_drift,0.5,1,37,5,0.294,0.011666666666666667,0.02,2,2,1.0,0.0,1.0,0,0,0,0
cifar10,20,2,mixed_maturity,access_full,dirichlet_lcb,benign_concept_drift,0.5,1,38,5,0.303,0.01611111111111111,0.02,2,2,1.0,0.0,1.0,0,0,0,0
cifar10,20,2,mixed_maturity,access_full,dirichlet_lcb,benign_concept_drift,0.5,1,39,5,0.348,0.1622222222222222,0.02,2,2,1.0,0.0,1.0,0,0,0,0
cifar10,20,2,mixed_maturity,access_full,dirichlet_lcb,benign_concept_drift,0.5,1,40,5,0.3295,0.015,0.020000000000000004,2,2,1.0,0.0,1.0,0,0,0,0
cifar10,20,2,mixed_maturity,access_full,dirichlet_lcb,benign_concept_drift,0.5,1,41,5,0.372,0.017777777777777778,0.02,2,2,1.0,0.0,1.0,0,0,0,0
cifar10,20,2,mixed_maturity,access_full,dirichlet_lcb,benign_concept_drift,0.5,1,42,5,0.28,0.0005555555555555556,0.019999999999999997,2,2,1.0,0.0,1.0,0,0,0,0
cifar10,20,2,mixed_maturity,access_full,dirichlet_lcb,benign_concept_drift,0.5,1,43,5,0.3175,0.01,0.02,2,2,1.0,0.0,1.0,0,0,0,0
cifar10,20,2,mixed_maturity,access_full,dirichlet_lcb,benign_concept_drift,0.5,1,44,5,0.368,0.021111111111111112,0.02,2,2,1.0,0.0,1.0,0,0,0,0
cifar10,20,2,mixed_maturity,access_full,dirichlet_lcb,benign_concept_drift,0.5,1,45,5,0.3275,0.03222222222222222,0.02,2,2,1.0,0.0,1.0,0,0,0,0
cifar10,20,2,mixed_maturity,access_full,dirichlet_lcb,benign_concept_drift,0.5,1,46,5,0.345,0.028888888888888888,0.02,2,2,1.0,0.0,1.0,0,0,0,0
cifar10,20,2,mixed_maturity,access_full,dirichlet_lcb,benign_concept_drift,0.5,1,47,5,0.3375,0.06111111111111111,0.019999999999999997,2,2,1.0,0.0,1.0,0,0,0,0
cifar10,20,2,mixed_maturity,access_full,dirichlet_lcb,benign_concept_drift,0.5,1,48,5,0.336,0.0005555555555555556,0.02,2,2,1.0,0.0,1.0,0,0,0,0
cifar10,20,2,mixed_maturity,access_full,dirichlet_lcb,benign_concept_drift,0.5,1,49,5,0.354,0.06055555555555556,0.019999999999999997,2,2,1.0,0.0,1.0,0,0,0,0
cifar10,20,2,mixed_maturity,access_full,dirichlet_lcb,benign_concept_drift,0.5,1,50,5,0.321,0.12166666666666667,0.02,2,2,1.0,0.0,1.0,0,0,0,0
cifar10,20,2,mixed_maturity,access_full,dirichlet_lcb,benign_concept_drift,0.5,2,1,5,0.1575,0.0,0.0466820180029307,2,2,1.0,1.0,0.0,0,0,0,0
cifar10,20,2,mixed_maturity,access_full,dirichlet_lcb,benign_concept_drift,0.5,2,2,5,0.2265,0.20166666666666666,0.04668201800293071,2,2,1.0,1.0,0.0,0,0,0,0
cifar10,20,2,mixed_maturity,access_full,dirichlet_lcb,benign_concept_drift,0.5,2,3,5,0.2485,0.07333333333333333,0.04668201800293071,2,2,1.0,1.0,0.0,0,0,0,0
cifar10,20,2,mixed_maturity,access_full,dirichlet_lcb,benign_concept_drift,0.5,2,4,5,0.237,0.2966666666666667,0.04668201800293072,2,2,1.0,1.0,0.0,0,0,0,0
cifar10,20,2,mixed_maturity,access_full,dirichlet_lcb,benign_concept_drift,0.5,2,5,5,0.239,0.0005555555555555556,0.0892,2,2,1.0,0.0,1.0,0,0,0,0
cifar10,20,2,mixed_maturity,access_full,dirichlet_lcb,benign_concept_drift,0.5,2,6,5,0.2515,0.04888888888888889,0.08919999999999999,2,2,1.0,0.0,1.0,0,0,0,0
cifar10,20,2,mixed_maturity,access_full,dirichlet_lcb,benign_concept_drift,0.5,2,7,5,0.2675,0.050555555555555555,0.0892,2,2,1.0,0.0,1.0,0,0,0,0
cifar10,20,2,mixed_maturity,access_full,dirichlet_lcb,benign_concept_drift,0.5,2,8,5,0.2805,0.09833333333333333,0.08920000000000002,2,2,1.0,0.0,1.0,0,0,0,0
cifar10,20,2,mixed_maturity,access_full,dirichlet_lcb,benign_concept_drift,0.5,2,9,5,0.3055,0.19166666666666668,0.0892,2,2,1.0,0.0,1.0,0,0,0,0
cifar10,20,2,mixed_maturity,access_full,dirichlet_lcb,benign_concept_drift,0.5,2,10,5,0.2775,0.10777777777777778,0.0892,2,2,1.0,0.0,1.0,0,0,0,0
cifar10,20,2,mixed_maturity,access_full,dirichlet_lcb,benign_concept_drift,0.5,2,11,5,0.306,0.12111111111111111,0.08920000000000002,2,2,1.0,0.0,1.0,0,0,0,0
cifar10,20,2,mixed_maturity,access_full,dirichlet_lcb,benign_concept_drift,0.5,2,12,5,0.2595,0.2972222222222222,0.08920000000000002,2,2,1.0,0.0,1.0,0,0,0,0
cifar10,20,2,mixed_maturity,access_full,dirichlet_lcb,benign_concept_drift,0.5,2,13,5,0.2865,0.15,0.0892,2,2,1.0,0.0,1.0,0,0,0,0
cifar10,20,2,mixed_maturity,access_full,dirichlet_lcb,benign_concept_drift,0.5,2,14,5,0.2845,0.27,0.0892,2,2,1.0,0.0,1.0,0,0,0,0
cifar10,20,2,mixed_maturity,access_full,dirichlet_lcb,benign_concept_drift,0.5,2,15,5,0.317,0.16277777777777777,0.0892,2,2,1.0,0.0,1.0,0,0,0,0
cifar10,20,2,mixed_maturity,access_full,dirichlet_lcb,benign_concept_drift,0.5,2,16,5,0.312,0.16277777777777777,0.0892,2,2,1.0,0.0,1.0,0,0,0,0
cifar10,20,2,mixed_maturity,access_full,dirichlet_lcb,benign_concept_drift,0.5,2,17,5,0.318,0.06722222222222222,0.0892,2,2,1.0,0.0,1.0,0,0,0,0
cifar10,20,2,mixed_maturity,access_full,dirichlet_lcb,benign_concept_drift,0.5,2,18,5,0.337,0.065,0.0892,2,2,1.0,0.0,1.0,0,0,0,0
cifar10,20,2,mixed_maturity,access_full,dirichlet_lcb,benign_concept_drift,0.5,2,19,5,0.2985,0.1288888888888889,0.0892,2,2,1.0,0.0,1.0,0,0,0,0
cifar10,20,2,mixed_maturity,access_full,dirichlet_lcb,benign_concept_drift,0.5,2,20,5,0.311,0.02722222222222222,0.0892,2,2,1.0,0.0,1.0,0,0,0,0
cifar10,20,2,mixed_maturity,access_full,dirichlet_lcb,benign_concept_drift,0.5,2,21,5,0.3295,0.10777777777777778,0.0892,2,2,1.0,0.0,1.0,0,0,0,0
cifar10,20,2,mixed_maturity,access_full,dirichlet_lcb,benign_concept_drift,0.5,2,22,5,0.339,0.20722222222222222,0.08920000000000002,2,2,1.0,0.0,1.0,0,0,0,0
cifar10,20,2,mixed_maturity,access_full,dirichlet_lcb,benign_concept_drift,0.5,2,23,5,0.334,0.19777777777777777,0.08919999999999999,2,2,1.0,0.0,1.0,0,0,0,0
cifar10,20,2,mixed_maturity,access_full,dirichlet_lcb,benign_concept_drift,0.5,2,24,5,0.3175,0.205,0.0892,2,2,1.0,0.0,1.0,0,0,0,0
cifar10,20,2,mixed_maturity,access_full,dirichlet_lcb,benign_concept_drift,0.5,2,25,5,0.3325,0.057777777777777775,0.0892,2,2,1.0,0.0,1.0,0,0,0,0
cifar10,20,2,mixed_maturity,access_full,dirichlet_lcb,benign_concept_drift,0.5,2,26,5,0.3245,0.0011111111111111111,0.0892,2,2,1.0,0.0,1.0,0,0,0,0
cifar10,20,2,mixed_maturity,access_full,dirichlet_lcb,benign_concept_drift,0.5,2,27,5,0.357,0.04,0.0892,2,2,1.0,0.0,1.0,0,0,0,0
cifar10,20,2,mixed_maturity,access_full,dirichlet_lcb,benign_concept_drift,0.5,2,28,5,0.346,0.13722222222222222,0.08919999999999999,2,2,1.0,0.0,1.0,0,0,0,0
cifar10,20,2,mixed_maturity,access_full,dirichlet_lcb,benign_concept_drift,0.5,2,29,5,0.34,0.065,0.0892,2,2,1.0,0.0,1.0,0,0,0,0
cifar10,20,2,mixed_maturity,access_full,dirichlet_lcb,benign_concept_drift,0.5,2,30,5,0.3195,0.06888888888888889,0.0892,2,2,1.0,0.0,1.0,0,0,0,0
cifar10,20,2,mixed_maturity,access_full,dirichlet_lcb,benign_concept_drift,0.5,2,31,5,0.334,0.14277777777777778,0.08920000000000002,2,2,1.0,0.0,1.0,0,0,0,0
cifar10,20,2,mixed_maturity,access_full,dirichlet_lcb,benign_concept_drift,0.5,2,32,5,0.3215,0.1238888888888889,0.0892,2,2,1.0,0.0,1.0,0,0,0,0
cifar10,20,2,mixed_maturity,access_full,dirichlet_lcb,benign_concept_drift,0.5,2,33,5,0.3205,0.2788888888888889,0.0892,2,2,1.0,0.0,1.0,0,0,0,0
cifar10,20,2,mixed_maturity,access_full,dirichlet_lcb,benign_concept_drift,0.5,2,34,5,0.3345,0.155,0.0892,2,2,1.0,0.0,1.0,0,0,0,0
cifar10,20,2,mixed_maturity,access_full,dirichlet_lcb,benign_concept_drift,0.5,2,35,5,0.3395,0.18555555555555556,0.08920000000000002,2,2,1.0,0.0,1.0,0,0,0,0
cifar10,20,2,mixed_maturity,access_full,dirichlet_lcb,benign_concept_drift,0.5,2,36,5,0.323,0.09833333333333333,0.0892,2,2,1.0,0.0,1.0,0,0,0,0
cifar10,20,2,mixed_maturity,access_full,dirichlet_lcb,benign_concept_drift,0.5,2,37,5,0.3335,0.13722222222222222,0.0892,2,2,1.0,0.0,1.0,0,0,0,0
cifar10,20,2,mixed_maturity,access_full,dirichlet_lcb,benign_concept_drift,0.5,2,38,5,0.322,0.29444444444444445,0.0892,2,2,1.0,0.0,1.0,0,0,0,0
cifar10,20,2,mixed_maturity,access_full,dirichlet_lcb,benign_concept_drift,0.5,2,39,5,0.351,0.07388888888888889,0.0892,2,2,1.0,0.0,1.0,0,0,0,0
cifar10,20,2,mixed_maturity,access_full,dirichlet_lcb,benign_concept_drift,0.5,2,40,5,0.338,0.095,0.0892,2,2,1.0,0.0,1.0,0,0,0,0
cifar10,20,2,mixed_maturity,access_full,dirichlet_lcb,benign_concept_drift,0.5,2,41,5,0.358,0.09388888888888888,0.08919999999999999,2,2,1.0,0.0,1.0,0,0,0,0
cifar10,20,2,mixed_maturity,access_full,dirichlet_lcb,benign_concept_drift,0.5,2,42,5,0.3455,0.11555555555555555,0.0892,2,2,1.0,0.0,1.0,0,0,0,0
cifar10,20,2,mixed_maturity,access_full,dirichlet_lcb,benign_concept_drift,0.5,2,43,5,0.349,0.09166666666666666,0.08920000000000002,2,2,1.0,0.0,1.0,0,0,0,0
cifar10,20,2,mixed_maturity,access_full,dirichlet_lcb,benign_concept_drift,0.5,2,44,5,0.347,0.011111111111111112,0.0892,2,2,1.0,0.0,1.0,0,0,0,0
cifar10,20,2,mixed_maturity,access_full,dirichlet_lcb,benign_concept_drift,0.5,2,45,5,0.309,0.23555555555555555,0.08920000000000002,2,2,1.0,0.0,1.0,0,0,0,0
cifar10,20,2,mixed_maturity,access_full,dirichlet_lcb,benign_concept_drift,0.5,2,46,5,0.336,0.13944444444444445,0.0892,2,2,1.0,0.0,1.0,0,0,0,0
cifar10,20,2,mixed_maturity,access_full,dirichlet_lcb,benign_concept_drift,0.5,2,47,5,0.3455,0.11277777777777778,0.0892,2,2,1.0,0.0,1.0,0,0,0,0
cifar10,20,2,mixed_maturity,access_full,dirichlet_lcb,benign_concept_drift,0.5,2,48,5,0.347,0.056666666666666664,0.0892,2,2,1.0,0.0,1.0,0,0,0,0
cifar10,20,2,mixed_maturity,access_full,dirichlet_lcb,benign_concept_drift,0.5,2,49,5,0.3225,0.1711111111111111,0.08919999999999999,2,2,1.0,0.0,1.0,0,0,0,0
cifar10,20,2,mixed_maturity,access_full,dirichlet_lcb,benign_concept_drift,0.5,2,50,5,0.341,0.09444444444444444,0.0892,2,2,1.0,0.0,1.0,0,0,0,0
cifar10,20,2,mixed_maturity,access_full,dirichlet_lcb,benign_concept_drift,0.5,3,1,5,0.1665,0.0,0.05537555539138602,2,2,1.0,1.0,0.0,0,0,0,0
cifar10,20,2,mixed_maturity,access_full,dirichlet_lcb,benign_concept_drift,0.5,3,2,5,0.2345,0.012777777777777779,0.055375555391386035,2,2,1.0,1.0,0.0,0,0,0,0
cifar10,20,2,mixed_maturity,access_full,dirichlet_lcb,benign_concept_drift,0.5,3,3,5,0.261,0.10111111111111111,0.05537555539138603,2,2,1.0,1.0,0.0,0,0,0,0
cifar10,20,2,mixed_maturity,access_full,dirichlet_lcb,benign_concept_drift,0.5,3,4,5,0.224,0.35055555555555556,0.05537555539138603,2,2,1.0,1.0,0.0,0,0,0,0
cifar10,20,2,mixed_maturity,access_full,dirichlet_lcb,benign_concept_drift,0.5,3,5,5,0.2135,0.0011111111111111111,0.10494,2,2,1.0,0.0,1.0,0,0,0,0
cifar10,20,2,mixed_maturity,access_full,dirichlet_lcb,benign_concept_drift,0.5,3,6,5,0.286,0.21611111111111111,0.10494,2,2,1.0,0.0,1.0,0,0,0,0
cifar10,20,2,mixed_maturity,access_full,dirichlet_lcb,benign_concept_drift,0.5,3,7,5,0.2565,0.06166666666666667,0.10494,2,2,1.0,0.0,1.0,0,0,0,0
cifar10,20,2,mixed_maturity,access_full,dirichlet_lcb,benign_concept_drift,0.5,3,8,5,0.2845,0.0016666666666666668,0.10494000000000002,2,2,1.0,0.0,1.0,0,0,0,0
cifar10,20,2,mixed_maturity,access_full,dirichlet_lcb,benign_concept_drift,0.5,3,9,5,0.3085,0.013888888888888888,0.10494,2,2,1.0,0.0,1.0,0,0,0,0
cifar10,20,2,mixed_maturity,access_full,dirichlet_lcb,benign_concept_drift,0.5,3,10,5,0.3435,0.06444444444444444,0.10493999999999998,2,2,1.0,0.0,1.0,0,0,0,0
cifar10,20,2,mixed_maturity,access_full,dirichlet_lcb,benign_concept_drift,0.5,3,11,5,0.318,0.016666666666666666,0.10494,2,2,1.0,0.0,1.0,0,0,0,0
cifar10,20,2,mixed_maturity,access_full,dirichlet_lcb,benign_concept_drift,0.5,3,12,5,0.324,0.04055555555555555,0.10494,2,2,1.0,0.0,1.0,0,0,0,0
cifar10,20,2,mixed_maturity,access_full,dirichlet_lcb,benign_concept_drift,0.5,3,13,5,0.324,0.15055555555555555,0.10494,2,2,1.0,0.0,1.0,0,0,0,0
cifar10,20,2,mixed_maturity,access_full,dirichlet_lcb,benign_concept_drift,0.5,3,14,5,0.3,0.0033333333333333335,0.10494,2,2,1.0,0.0,1.0,0,0,0,0
cifar10,20,2,mixed_maturity,access_full,dirichlet_lcb,benign_concept_drift,0.5,3,15,5,0.277,0.006111111111111111,0.10494,2,2,1.0,0.0,1.0,0,0,0,0
cifar10,20,2,mixed_maturity,access_full,dirichlet_lcb,benign_concept_drift,0.5,3,16,5,0.307,0.005555555555555556,0.10494,2,2,1.0,0.0,1.0,0,0,0,0
cifar10,20,2,mixed_maturity,access_full,dirichlet_lcb,benign_concept_drift,0.5,3,17,5,0.2925,0.07055555555555555,0.10494000000000002,2,2,1.0,0.0,1.0,0,0,0,0
cifar10,20,2,mixed_maturity,access_full,dirichlet_lcb,benign_concept_drift,0.5,3,18,5,0.3015,0.011666666666666667,0.10494,2,2,1.0,0.0,1.0,0,0,0,0
cifar10,20,2,mixed_maturity,access_full,dirichlet_lcb,benign_concept_drift,0.5,3,19,5,0.273,0.005,0.10494000000000002,2,2,1.0,0.0,1.0,0,0,0,0
cifar10,20,2,mixed_maturity,access_full,dirichlet_lcb,benign_concept_drift,0.5,3,20,5,0.317,0.0011111111111111111,0.10494000000000002,2,2,1.0,0.0,1.0,0,0,0,0
cifar10,20,2,mixed_maturity,access_full,dirichlet_lcb,benign_concept_drift,0.5,3,21,5,0.329,0.14277777777777778,0.10494000000000002,2,2,1.0,0.0,1.0,0,0,0,0
cifar10,20,2,mixed_maturity,access_full,dirichlet_lcb,benign_concept_drift,0.5,3,22,5,0.3065,0.005,0.10494000000000002,2,2,1.0,0.0,1.0,0,0,0,0
cifar10,20,2,mixed_maturity,access_full,dirichlet_lcb,benign_concept_drift,0.5,3,23,5,0.3545,0.025,0.10494,2,2,1.0,0.0,1.0,0,0,0,0
cifar10,20,2,mixed_maturity,access_full,dirichlet_lcb,benign_concept_drift,0.5,3,24,5,0.3435,0.02388888888888889,0.10494000000000002,2,2,1.0,0.0,1.0,0,0,0,0
cifar10,20,2,mixed_maturity,access_full,dirichlet_lcb,benign_concept_drift,0.5,3,25,5,0.3325,0.1,0.10494,2,2,1.0,0.0,1.0,0,0,0,0
cifar10,20,2,mixed_maturity,access_full,dirichlet_lcb,benign_concept_drift,0.5,3,26,5,0.3155,0.23777777777777778,0.10494,2,2,1.0,0.0,1.0,0,0,0,0
cifar10,20,2,mixed_maturity,access_full,dirichlet_lcb,benign_concept_drift,0.5,3,27,5,0.3115,0.02722222222222222,0.10493999999999998,2,2,1.0,0.0,1.0,0,0,0,0
cifar10,20,2,mixed_maturity,access_full,dirichlet_lcb,benign_concept_drift,0.5,3,28,5,0.331,0.043333333333333335,0.10494,2,2,1.0,0.0,1.0,0,0,0,0
cifar10,20,2,mixed_maturity,access_full,dirichlet_lcb,benign_concept_drift,0.5,3,29,5,0.34,0.03777777777777778,0.10494,2,2,1.0,0.0,1.0,0,0,0,0
cifar10,20,2,mixed_maturity,access_full,dirichlet_lcb,benign_concept_drift,0.5,3,30,5,0.33,0.09555555555555556,0.10494,2,2,1.0,0.0,1.0,0,0,0,0
cifar10,20,2,mixed_maturity,access_full,dirichlet_lcb,benign_concept_drift,0.5,3,31,5,0.3425,0.01,0.10494,2,2,1.0,0.0,1.0,0,0,0,0
cifar10,20,2,mixed_maturity,access_full,dirichlet_lcb,benign_concept_drift,0.5,3,32,5,0.329,0.04888888888888889,0.10494,2,2,1.0,0.0,1.0,0,0,0,0
cifar10,20,2,mixed_maturity,access_full,dirichlet_lcb,benign_concept_drift,0.5,3,33,5,0.3035,0.13944444444444445,0.10494,2,2,1.0,0.0,1.0,0,0,0,0
cifar10,20,2,mixed_maturity,access_full,dirichlet_lcb,benign_concept_drift,0.5,3,34,5,0.2955,0.03277777777777778,0.10494,2,2,1.0,0.0,1.0,0,0,0,0
cifar10,20,2,mixed_maturity,access_full,dirichlet_lcb,benign_concept_drift,0.5,3,35,5,0.3205,0.14,0.10494,2,2,1.0,0.0,1.0,0,0,0,0
cifar10,20,2,mixed_maturity,access_full,dirichlet_lcb,benign_concept_drift,0.5,3,36,5,0.3365,0.0005555555555555556,0.10494,2,2,1.0,0.0,1.0,0,0,0,0
cifar10,20,2,mixed_maturity,access_full,dirichlet_lcb,benign_concept_drift,0.5,3,37,5,0.3575,0.017222222222222222,0.10493999999999998,2,2,1.0,0.0,1.0,0,0,0,0
cifar10,20,2,mixed_maturity,access_full,dirichlet_lcb,benign_concept_drift,0.5,3,38,5,0.351,0.034444444444444444,0.10494,2,2,1.0,0.0,1.0,0,0,0,0
cifar10,20,2,mixed_maturity,access_full,dirichlet_lcb,benign_concept_drift,0.5,3,39,5,0.333,0.06,0.10494,2,2,1.0,0.0,1.0,0,0,0,0
cifar10,20,2,mixed_maturity,access_full,dirichlet_lcb,benign_concept_drift,0.5,3,40,5,0.3125,0.005555555555555556,0.10494000000000002,2,2,1.0,0.0,1.0,0,0,0,0
cifar10,20,2,mixed_maturity,access_full,dirichlet_lcb,benign_concept_drift,0.5,3,41,5,0.365,0.011111111111111112,0.10494,2,2,1.0,0.0,1.0,0,0,0,0
cifar10,20,2,mixed_maturity,access_full,dirichlet_lcb,benign_concept_drift,0.5,3,42,5,0.329,0.014444444444444444,0.10493999999999998,2,2,1.0,0.0,1.0,0,0,0,0
cifar10,20,2,mixed_maturity,access_full,dirichlet_lcb,benign_concept_drift,0.5,3,43,5,0.3645,0.06444444444444444,0.10494,2,2,1.0,0.0,1.0,0,0,0,0
cifar10,20,2,mixed_maturity,access_full,dirichlet_lcb,benign_concept_drift,0.5,3,44,5,0.3195,0.07277777777777777,0.10494000000000002,2,2,1.0,0.0,1.0,0,0,0,0
cifar10,20,2,mixed_maturity,access_full,dirichlet_lcb,benign_concept_drift,0.5,3,45,5,0.322,0.02277777777777778,0.10494,2,2,1.0,0.0,1.0,0,0,0,0
cifar10,20,2,mixed_maturity,access_full,dirichlet_lcb,benign_concept_drift,0.5,3,46,5,0.3175,0.08277777777777778,0.10494,2,2,1.0,0.0,1.0,0,0,0,0
cifar10,20,2,mixed_maturity,access_full,dirichlet_lcb,benign_concept_drift,0.5,3,47,5,0.3135,0.025,0.10494,2,2,1.0,0.0,1.0,0,0,0,0
cifar10,20,2,mixed_maturity,access_full,dirichlet_lcb,benign_concept_drift,0.5,3,48,5,0.3475,0.029444444444444443,0.10494,2,2,1.0,0.0,1.0,0,0,0,0
cifar10,20,2,mixed_maturity,access_full,dirichlet_lcb,benign_concept_drift,0.5,3,49,5,0.327,0.07277777777777777,0.10494000000000002,2,2,1.0,0.0,1.0,0,0,0,0
cifar10,20,2,mixed_maturity,access_full,dirichlet_lcb,benign_concept_drift,0.5,3,50,5,0.3495,0.05722222222222222,0.10494,2,2,1.0,0.0,1.0,0,0,0,0
cifar10,20,2,mixed_maturity,access_full,dirichlet_lcb,benign_concept_drift,0.5,4,1,5,0.1135,0.0,0.06692841977231748,2,2,1.0,1.0,0.0,0,0,0,0
cifar10,20,2,mixed_maturity,access_full,dirichlet_lcb,benign_concept_drift,0.5,4,2,5,0.207,0.0005555555555555556,0.06692841977231749,2,2,1.0,1.0,0.0,0,0,0,0
cifar10,20,2,mixed_maturity,access_full,dirichlet_lcb,benign_concept_drift,0.5,4,3,5,0.247,0.09388888888888888,0.06692841977231748,2,2,1.0,1.0,0.0,0,0,0,0
cifar10,20,2,mixed_maturity,access_full,dirichlet_lcb,benign_concept_drift,0.5,4,4,5,0.2515,0.08944444444444444,0.06692841977231749,2,2,1.0,1.0,0.0,0,0,0,0
cifar10,20,2,mixed_maturity,access_full,dirichlet_lcb,benign_concept_drift,0.5,4,5,5,0.2855,0.06388888888888888,0.12546000000000002,2,2,1.0,0.0,1.0,0,0,0,0
cifar10,20,2,mixed_maturity,access_full,dirichlet_lcb,benign_concept_drift,0.5,4,6,5,0.2385,0.0005555555555555556,0.12546000000000002,2,2,1.0,0.0,1.0,0,0,0,0
cifar10,20,2,mixed_maturity,access_full,dirichlet_lcb,benign_concept_drift,0.5,4,7,5,0.295,0.04888888888888889,0.12546000000000002,2,2,1.0,0.0,1.0,0,0,0,0
cifar10,20,2,mixed_maturity,access_full,dirichlet_lcb,benign_concept_drift,0.5,4,8,5,0.2745,0.010555555555555556,0.12546000000000002,2,2,1.0,0.0,1.0,0,0,0,0
cifar10,20,2,mixed_maturity,access_full,dirichlet_lcb,benign_concept_drift,0.5,4,9,5,0.336,0.13111111111111112,0.12546000000000004,2,2,1.0,0.0,1.0,0,0,0,0
cifar10,20,2,mixed_maturity,access_full,dirichlet_lcb,benign_concept_drift,0.5,4,10,5,0.3025,0.005,0.12546000000000002,2,2,1.0,0.0,1.0,0,0,0,0
cifar10,20,2,mixed_maturity,access_full,dirichlet_lcb,benign_concept_drift,0.5,4,11,5,0.3065,0.13555555555555557,0.12546000000000004,2,2,1.0,0.0,1.0,0,0,0,0
cifar10,20,2,mixed_maturity,access_full,dirichlet_lcb,benign_concept_drift,0.5,4,12,5,0.324,0.043333333333333335,0.12546000000000002,2,2,1.0,0.0,1.0,0,0,0,0
cifar10,20,2,mixed_maturity,access_full,dirichlet_lcb,benign_concept_drift,0.5,4,13,5,0.3325,0.07277777777777777,0.12546000000000004,2,2,1.0,0.0,1.0,0,0,0,0
cifar10,20,2,mixed_maturity,access_full,dirichlet_lcb,benign_concept_drift,0.5,4,14,5,0.26,0.017777777777777778,0.12546000000000002,2,2,1.0,0.0,1.0,0,0,0,0
cifar10,20,2,mixed_maturity,access_full,dirichlet_lcb,benign_concept_drift,0.5,4,15,5,0.2465,0.0961111111111111,0.12546000000000002,2,2,1.0,0.0,1.0,0,0,0,0
cifar10,20,2,mixed_maturity,access_full,dirichlet_lcb,benign_concept_drift,0.5,4,16,5,0.3135,0.09888888888888889,0.12546000000000002,2,2,1.0,0.0,1.0,0,0,0,0
cifar10,20,2,mixed_maturity,access_full,dirichlet_lcb,benign_concept_drift,0.5,4,17,5,0.3315,0.015555555555555555,0.12546000000000004,2,2,1.0,0.0,1.0,0,0,0,0
cifar10,20,2,mixed_maturity,access_full,dirichlet_lcb,benign_concept_drift,0.5,4,18,5,0.297,0.018333333333333333,0.12546000000000002,2,2,1.0,0.0,1.0,0,0,0,0
cifar10,20,2,mixed_maturity,access_full,dirichlet_lcb,benign_concept_drift,0.5,4,19,5,0.2675,0.02,0.12546000000000002,2,2,1.0,0.0,1.0,0,0,0,0
cifar10,20,2,mixed_maturity,access_full,dirichlet_lcb,benign_concept_drift,0.5,4,20,5,0.3195,0.08388888888888889,0.12546000000000002,2,2,1.0,0.0,1.0,0,0,0,0
cifar10,20,2,mixed_maturity,access_full,dirichlet_lcb,benign_concept_drift,0.5,4,21,5,0.3095,0.03722222222222222,0.12546000000000002,2,2,1.0,0.0,1.0,0,0,0,0
cifar10,20,2,mixed_maturity,access_full,dirichlet_lcb,benign_concept_drift,0.5,4,22,5,0.286,0.21944444444444444,0.12546000000000002,2,2,1.0,0.0,1.0,0,0,0,0
cifar10,20,2,mixed_maturity,access_full,dirichlet_lcb,benign_concept_drift,0.5,4,23,5,0.3105,0.04666666666666667,0.12546000000000002,2,2,1.0,0.0,1.0,0,0,0,0
cifar10,20,2,mixed_maturity,access_full,dirichlet_lcb,benign_concept_drift,0.5,4,24,5,0.3,0.023333333333333334,0.12546000000000004,2,2,1.0,0.0,1.0,0,0,0,0
cifar10,20,2,mixed_maturity,access_full,dirichlet_lcb,benign_concept_drift,0.5,4,25,5,0.3275,0.04055555555555555,0.12546000000000002,2,2,1.0,0.0,1.0,0,0,0,0
cifar10,20,2,mixed_maturity,access_full,dirichlet_lcb,benign_concept_drift,0.5,4,26,5,0.3125,0.0038888888888888888,0.12546000000000002,2,2,1.0,0.0,1.0,0,0,0,0
cifar10,20,2,mixed_maturity,access_full,dirichlet_lcb,benign_concept_drift,0.5,4,27,5,0.3365,0.04111111111111111,0.12546000000000002,2,2,1.0,0.0,1.0,0,0,0,0
cifar10,20,2,mixed_maturity,access_full,dirichlet_lcb,benign_concept_drift,0.5,4,28,5,0.32,0.18611111111111112,0.12546000000000004,2,2,1.0,0.0,1.0,0,0,0,0
cifar10,20,2,mixed_maturity,access_full,dirichlet_lcb,benign_concept_drift,0.5,4,29,5,0.3475,0.20833333333333334,0.12546000000000002,2,2,1.0,0.0,1.0,0,0,0,0
cifar10,20,2,mixed_maturity,access_full,dirichlet_lcb,benign_concept_drift,0.5,4,30,5,0.319,0.12333333333333334,0.12546000000000002,2,2,1.0,0.0,1.0,0,0,0,0
cifar10,20,2,mixed_maturity,access_full,dirichlet_lcb,benign_concept_drift,0.5,4,31,5,0.3385,0.057777777777777775,0.12546000000000004,2,2,1.0,0.0,1.0,0,0,0,0
cifar10,20,2,mixed_maturity,access_full,dirichlet_lcb,benign_concept_drift,0.5,4,32,5,0.3505,0.03722222222222222,0.12546000000000002,2,2,1.0,0.0,1.0,0,0,0,0
cifar10,20,2,mixed_maturity,access_full,dirichlet_lcb,benign_concept_drift,0.5,4,33,5,0.322,0.195,0.12546000000000002,2,2,1.0,0.0,1.0,0,0,0,0
cifar10,20,2,mixed_maturity,access_full,dirichlet_lcb,benign_concept_drift,0.5,4,34,5,0.356,0.11055555555555556,0.12546000000000002,2,2,1.0,0.0,1.0,0,0,0,0
cifar10,20,2,mixed_maturity,access_full,dirichlet_lcb,benign_concept_drift,0.5,4,35,5,0.356,0.0661111111111111,0.12546000000000002,2,2,1.0,0.0,1.0,0,0,0,0
cifar10,20,2,mixed_maturity,access_full,dirichlet_lcb,benign_concept_drift,0.5,4,36,5,0.3715,0.08166666666666667,0.12546000000000002,2,2,1.0,0.0,1.0,0,0,0,0
cifar10,20,2,mixed_maturity,access_full,dirichlet_lcb,benign_concept_drift,0.5,4,37,5,0.347,0.14166666666666666,0.12546000000000002,2,2,1.0,0.0,1.0,0,0,0,0
cifar10,20,2,mixed_maturity,access_full,dirichlet_lcb,benign_concept_drift,0.5,4,38,5,0.293,0.029444444444444443,0.12546000000000004,2,2,1.0,0.0,1.0,0,0,0,0
cifar10,20,2,mixed_maturity,access_full,dirichlet_lcb,benign_concept_drift,0.5,4,39,5,0.3465,0.16833333333333333,0.12546000000000002,2,2,1.0,0.0,1.0,0,0,0,0
cifar10,20,2,mixed_maturity,access_full,dirichlet_lcb,benign_concept_drift,0.5,4,40,5,0.3615,0.12055555555555555,0.12546,2,2,1.0,0.0,1.0,0,0,0,0
cifar10,20,2,mixed_maturity,access_full,dirichlet_lcb,benign_concept_drift,0.5,4,41,5,0.331,0.08388888888888889,0.12546000000000004,2,2,1.0,0.0,1.0,0,0,0,0
cifar10,20,2,mixed_maturity,access_full,dirichlet_lcb,benign_concept_drift,0.5,4,42,5,0.323,0.12,0.12546000000000002,2,2,1.0,0.0,1.0,0,0,0,0
cifar10,20,2,mixed_maturity,access_full,dirichlet_lcb,benign_concept_drift,0.5,4,43,5,0.346,0.03,0.12546000000000004,2,2,1.0,0.0,1.0,0,0,0,0
cifar10,20,2,mixed_maturity,access_full,dirichlet_lcb,benign_concept_drift,0.5,4,44,5,0.3675,0.03277777777777778,0.12546000000000004,2,2,1.0,0.0,1.0,0,0,0,0
cifar10,20,2,mixed_maturity,access_full,dirichlet_lcb,benign_concept_drift,0.5,4,45,5,0.3445,0.0961111111111111,0.12546000000000002,2,2,1.0,0.0,1.0,0,0,0,0
cifar10,20,2,mixed_maturity,access_full,dirichlet_lcb,benign_concept_drift,0.5,4,46,5,0.3065,0.24388888888888888,0.12546000000000004,2,2,1.0,0.0,1.0,0,0,0,0
cifar10,20,2,mixed_maturity,access_full,dirichlet_lcb,benign_concept_drift,0.5,4,47,5,0.3345,0.005555555555555556,0.12546000000000002,2,2,1.0,0.0,1.0,0,0,0,0
cifar10,20,2,mixed_maturity,access_full,dirichlet_lcb,benign_concept_drift,0.5,4,48,5,0.3605,0.09222222222222222,0.12546000000000002,2,2,1.0,0.0,1.0,0,0,0,0
cifar10,20,2,mixed_maturity,access_full,dirichlet_lcb,benign_concept_drift,0.5,4,49,5,0.3415,0.03388888888888889,0.12546000000000004,2,2,1.0,0.0,1.0,0,0,0,0
cifar10,20,2,mixed_maturity,access_full,dirichlet_lcb,benign_concept_drift,0.5,4,50,5,0.367,0.16,0.12546000000000002,2,2,1.0,0.0,1.0,0,0,0,0
cifar10,20,2,mixed_maturity,access_full,dirichlet_lcb,benign_concept_drift,0.5,5,1,5,0.15,0.7327777777777778,0.058257050637599866,2,2,1.0,1.0,0.0,0,0,0,0
cifar10,20,2,mixed_maturity,access_full,dirichlet_lcb,benign_concept_drift,0.5,5,2,5,0.204,0.0005555555555555556,0.05825705063759988,2,2,1.0,1.0,0.0,0,0,0,0
cifar10,20,2,mixed_maturity,access_full,dirichlet_lcb,benign_concept_drift,0.5,5,3,5,0.1965,0.09111111111111111,0.05825705063759987,2,2,1.0,1.0,0.0,0,0,0,0
cifar10,20,2,mixed_maturity,access_full,dirichlet_lcb,benign_concept_drift,0.5,5,4,5,0.28,0.07555555555555556,0.05825705063759987,2,2,1.0,1.0,0.0,0,0,0,0
cifar10,20,2,mixed_maturity,access_full,dirichlet_lcb,benign_concept_drift,0.5,5,5,5,0.2665,0.08055555555555556,0.1101,2,2,1.0,0.0,1.0,0,0,0,0
cifar10,20,2,mixed_maturity,access_full,dirichlet_lcb,benign_concept_drift,0.5,5,6,5,0.2885,0.115,0.11009999999999998,2,2,1.0,0.0,1.0,0,0,0,0
cifar10,20,2,mixed_maturity,access_full,dirichlet_lcb,benign_concept_drift,0.5,5,7,5,0.249,0.005555555555555556,0.1101,2,2,1.0,0.0,1.0,0,0,0,0
cifar10,20,2,mixed_maturity,access_full,dirichlet_lcb,benign_concept_drift,0.5,5,8,5,0.296,0.1111111111111111,0.1101,2,2,1.0,0.0,1.0,0,0,0,0
cifar10,20,2,mixed_maturity,access_full,dirichlet_lcb,benign_concept_drift,0.5,5,9,5,0.2835,0.056666666666666664,0.1101,2,2,1.0,0.0,1.0,0,0,0,0
cifar10,20,2,mixed_maturity,access_full,dirichlet_lcb,benign_concept_drift,0.5,5,10,5,0.289,0.058333333333333334,0.1101,2,2,1.0,0.0,1.0,0,0,0,0
cifar10,20,2,mixed_maturity,access_full,dirichlet_lcb,benign_concept_drift,0.5,5,11,5,0.2575,0.12444444444444444,0.1101,2,2,1.0,0.0,1.0,0,0,0,0
cifar10,20,2,mixed_maturity,access_full,dirichlet_lcb,benign_concept_drift,0.5,5,12,5,0.3195,0.07277777777777777,0.11009999999999998,2,2,1.0,0.0,1.0,0,0,0,0
cifar10,20,2,mixed_maturity,access_full,dirichlet_lcb,benign_concept_drift,0.5,5,13,5,0.276,0.2777777777777778,0.11009999999999998,2,2,1.0,0.0,1.0,0,0,0,0
cifar10,20,2,mixed_maturity,access_full,dirichlet_lcb,benign_concept_drift,0.5,5,14,5,0.2855,0.006111111111111111,0.1101,2,2,1.0,0.0,1.0,0,0,0,0
cifar10,20,2,mixed_maturity,access_full,dirichlet_lcb,benign_concept_drift,0.5,5,15,5,0.3305,0.1411111111111111,0.11009999999999998,2,2,1.0,0.0,1.0,0,0,0,0
cifar10,20,2,mixed_maturity,access_full,dirichlet_lcb,benign_concept_drift,0.5,5,16,5,0.3085,0.2772222222222222,0.11009999999999998,2,2,1.0,0.0,1.0,0,0,0,0
cifar10,20,2,mixed_maturity,access_full,dirichlet_lcb,benign_concept_drift,0.5,5,17,5,0.3185,0.10777777777777778,0.1101,2,2,1.0,0.0,1.0,0,0,0,0
cifar10,20,2,mixed_maturity,access_full,dirichlet_lcb,benign_concept_drift,0.5,5,18,5,0.333,0.049444444444444444,0.11010000000000002,2,2,1.0,0.0,1.0,0,0,0,0
cifar10,20,2,mixed_maturity,access_full,dirichlet_lcb,benign_concept_drift,0.5,5,19,5,0.319,0.045,0.1101,2,2,1.0,0.0,1.0,0,0,0,0
cifar10,20,2,mixed_maturity,access_full,dirichlet_lcb,benign_concept_drift,0.5,5,20,5,0.3325,0.10388888888888889,0.1101,2,2,1.0,0.0,1.0,0,0,0,0
cifar10,20,2,mixed_maturity,access_full,dirichlet_lcb,benign_concept_drift,0.5,5,21,5,0.3195,0.1622222222222222,0.1101,2,2,1.0,0.0,1.0,0,0,0,0
cifar10,20,2,mixed_maturity,access_full,dirichlet_lcb,benign_concept_drift,0.5,5,22,5,0.2975,0.14222222222222222,0.11009999999999998,2,2,1.0,0.0,1.0,0,0,0,0
cifar10,20,2,mixed_maturity,access_full,dirichlet_lcb,benign_concept_drift,0.5,5,23,5,0.3365,0.0022222222222222222,0.1101,2,2,1.0,0.0,1.0,0,0,0,0
cifar10,20,2,mixed_maturity,access_full,dirichlet_lcb,benign_concept_drift,0.5,5,24,5,0.3275,0.07666666666666666,0.11009999999999998,2,2,1.0,0.0,1.0,0,0,0,0
cifar10,20,2,mixed_maturity,access_full,dirichlet_lcb,benign_concept_drift,0.5,5,25,5,0.3355,0.09277777777777778,0.1101,2,2,1.0,0.0,1.0,0,0,0,0
cifar10,20,2,mixed_maturity,access_full,dirichlet_lcb,benign_concept_drift,0.5,5,26,5,0.3375,0.13722222222222222,0.1101,2,2,1.0,0.0,1.0,0,0,0,0
cifar10,20,2,mixed_maturity,access_full,dirichlet_lcb,benign_concept_drift,0.5,5,27,5,0.2935,0.034444444444444444,0.1101,2,2,1.0,0.0,1.0,0,0,0,0
cifar10,20,2,mixed_maturity,access_full,dirichlet_lcb,benign_concept_drift,0.5,5,28,5,0.3035,0.14055555555555554,0.1101,2,2,1.0,0.0,1.0,0,0,0,0
cifar10,20,2,mixed_maturity,access_full,dirichlet_lcb,benign_concept_drift,0.5,5,29,5,0.365,0.03833333333333333,0.1101,2,2,1.0,0.0,1.0,0,0,0,0
cifar10,20,2,mixed_maturity,access_full,dirichlet_lcb,benign_concept_drift,0.5,5,30,5,0.347,0.09388888888888888,0.11009999999999998,2,2,1.0,0.0,1.0,0,0,0,0
cifar10,20,2,mixed_maturity,access_full,dirichlet_lcb,benign_concept_drift,0.5,5,31,5,0.332,0.12277777777777778,0.11009999999999998,2,2,1.0,0.0,1.0,0,0,0,0
cifar10,20,2,mixed_maturity,access_full,dirichlet_lcb,benign_concept_drift,0.5,5,32,5,0.285,0.20944444444444443,0.11009999999999998,2,2,1.0,0.0,1.0,0,0,0,0
cifar10,20,2,mixed_maturity,access_full,dirichlet_lcb,benign_concept_drift,0.5,5,33,5,0.292,0.043333333333333335,0.1101,2,2,1.0,0.0,1.0,0,0,0,0
cifar10,20,2,mixed_maturity,access_full,dirichlet_lcb,benign_concept_drift,0.5,5,34,5,0.3085,0.20666666666666667,0.1101,2,2,1.0,0.0,1.0,0,0,0,0
cifar10,20,2,mixed_maturity,access_full,dirichlet_lcb,benign_concept_drift,0.5,5,35,5,0.343,0.09888888888888889,0.11009999999999998,2,2,1.0,0.0,1.0,0,0,0,0
cifar10,20,2,mixed_maturity,access_full,dirichlet_lcb,benign_concept_drift,0.5,5,36,5,0.333,0.044444444444444446,0.1101,2,2,1.0,0.0,1.0,0,0,0,0
cifar10,20,2,mixed_maturity,access_full,dirichlet_lcb,benign_concept_drift,0.5,5,37,5,0.3595,0.05444444444444444,0.11010000000000002,2,2,1.0,0.0,1.0,0,0,0,0
cifar10,20,2,mixed_maturity,access_full,dirichlet_lcb,benign_concept_drift,0.5,5,38,5,0.3635,0.1711111111111111,0.11010000000000002,2,2,1.0,0.0,1.0,0,0,0,0
cifar10,20,2,mixed_maturity,access_full,dirichlet_lcb,benign_concept_drift,0.5,5,39,5,0.3165,0.08222222222222222,0.1101,2,2,1.0,0.0,1.0,0,0,0,0
cifar10,20,2,mixed_maturity,access_full,dirichlet_lcb,benign_concept_drift,0.5,5,40,5,0.2885,0.345,0.1101,2,2,1.0,0.0,1.0,0,0,0,0
cifar10,20,2,mixed_maturity,access_full,dirichlet_lcb,benign_concept_drift,0.5,5,41,5,0.345,0.005,0.1101,2,2,1.0,0.0,1.0,0,0,0,0
cifar10,20,2,mixed_maturity,access_full,dirichlet_lcb,benign_concept_drift,0.5,5,42,5,0.334,0.14333333333333334,0.1101,2,2,1.0,0.0,1.0,0,0,0,0
cifar10,20,2,mixed_maturity,access_full,dirichlet_lcb,benign_concept_drift,0.5,5,43,5,0.311,0.16555555555555557,0.11009999999999998,2,2,1.0,0.0,1.0,0,0,0,0
cifar10,20,2,mixed_maturity,access_full,dirichlet_lcb,benign_concept_drift,0.5,5,44,5,0.355,0.02,0.11010000000000002,2,2,1.0,0.0,1.0,0,0,0,0
cifar10,20,2,mixed_maturity,access_full,dirichlet_lcb,benign_concept_drift,0.5,5,45,5,0.332,0.17722222222222223,0.1101,2,2,1.0,0.0,1.0,0,0,0,0
cifar10,20,2,mixed_maturity,access_full,dirichlet_lcb,benign_concept_drift,0.5,5,46,5,0.302,0.035555555555555556,0.1101,2,2,1.0,0.0,1.0,0,0,0,0
cifar10,20,2,mixed_maturity,access_full,dirichlet_lcb,benign_concept_drift,0.5,5,47,5,0.339,0.20055555555555554,0.11009999999999998,2,2,1.0,0.0,1.0,0,0,0,0
cifar10,20,2,mixed_maturity,access_full,dirichlet_lcb,benign_concept_drift,0.5,5,48,5,0.317,0.11388888888888889,0.1101,2,2,1.0,0.0,1.0,0,0,0,0
cifar10,20,2,mixed_maturity,access_full,dirichlet_lcb,benign_concept_drift,0.5,5,49,5,0.3555,0.025,0.1101,2,2,1.0,0.0,1.0,0,0,0,0
cifar10,20,2,mixed_maturity,access_full,dirichlet_lcb,benign_concept_drift,0.5,5,50,5,0.3355,0.18,0.1101,2,2,1.0,0.0,1.0,0,0,0,0
cifar10,20,2,mixed_maturity,access_full,dirichlet_lcb,benign_concept_drift,0.5,6,1,5,0.105,0.9788888888888889,0.05260941874907897,2,2,1.0,1.0,0.0,0,0,0,0
cifar10,20,2,mixed_maturity,access_full,dirichlet_lcb,benign_concept_drift,0.5,6,2,5,0.1705,0.0,0.052609418749078964,2,2,1.0,1.0,0.0,0,0,0,0
cifar10,20,2,mixed_maturity,access_full,dirichlet_lcb,benign_concept_drift,0.5,6,3,5,0.231,0.09111111111111111,0.05260941874907897,2,2,1.0,1.0,0.0,0,0,0,0
cifar10,20,2,mixed_maturity,access_full,dirichlet_lcb,benign_concept_drift,0.5,6,4,5,0.2815,0.025555555555555557,0.05260941874907897,2,2,1.0,1.0,0.0,0,0,0,0
cifar10,20,2,mixed_maturity,access_full,dirichlet_lcb,benign_concept_drift,0.5,6,5,5,0.247,0.24166666666666667,0.09996,2,2,1.0,0.0,1.0,0,0,0,0
cifar10,20,2,mixed_maturity,access_full,dirichlet_lcb,benign_concept_drift,0.5,6,6,5,0.3095,0.03222222222222222,0.09996,2,2,1.0,0.0,1.0,0,0,0,0
cifar10,20,2,mixed_maturity,access_full,dirichlet_lcb,benign_concept_drift,0.5,6,7,5,0.261,0.10722222222222222,0.09996,2,2,1.0,0.0,1.0,0,0,0,0
cifar10,20,2,mixed_maturity,access_full,dirichlet_lcb,benign_concept_drift,0.5,6,8,5,0.2965,0.06,0.09996,2,2,1.0,0.0,1.0,0,0,0,0
cifar10,20,2,mixed_maturity,access_full,dirichlet_lcb,benign_concept_drift,0.5,6,9,5,0.277,0.017777777777777778,0.09996,2,2,1.0,0.0,1.0,0,0,0,0
cifar10,20,2,mixed_maturity,access_full,dirichlet_lcb,benign_concept_drift,0.5,6,10,5,0.3265,0.07222222222222222,0.09996,2,2,1.0,0.0,1.0,0,0,0,0
cifar10,20,2,mixed_maturity,access_full,dirichlet_lcb,benign_concept_drift,0.5,6,11,5,0.2595,0.09111111111111111,0.09995999999999997,2,2,1.0,0.0,1.0,0,0,0,0
cifar10,20,2,mixed_maturity,access_full,dirichlet_lcb,benign_concept_drift,0.5,6,12,5,0.2815,0.2361111111111111,0.09996,2,2,1.0,0.0,1.0,0,0,0,0
cifar10,20,2,mixed_maturity,access_full,dirichlet_lcb,benign_concept_drift,0.5,6,13,5,0.262,0.06055555555555556,0.09996,2,2,1.0,0.0,1.0,0,0,0,0
cifar10,20,2,mixed_maturity,access_full,dirichlet_lcb,benign_concept_drift,0.5,6,14,5,0.281,0.028888888888888888,0.09996000000000002,2,2,1.0,0.0,1.0,0,0,0,0
cifar10,20,2,mixed_maturity,access_full,dirichlet_lcb,benign_concept_drift,0.5,6,15,5,0.325,0.06722222222222222,0.09996000000000001,2,2,1.0,0.0,1.0,0,0,0,0
cifar10,20,2,mixed_maturity,access_full,dirichlet_lcb,benign_concept_drift,0.5,6,16,5,0.322,0.15222222222222223,0.09995999999999997,2,2,1.0,0.0,1.0,0,0,0,0
cifar10,20,2,mixed_maturity,access_full,dirichlet_lcb,benign_concept_drift,0.5,6,17,5,0.2905,0.0044444444444444444,0.09995999999999997,2,2,1.0,0.0,1.0,0,0,0,0
cifar10,20,2,mixed_maturity,access_full,dirichlet_lcb,benign_concept_drift,0.5,6,18,5,0.317,0.008333333333333333,0.09996,2,2,1.0,0.0,1.0,0,0,0,0
cifar10,20,2,mixed_maturity,access_full,dirichlet_lcb,benign_concept_drift,0.5,6,19,5,0.2935,0.015555555555555555,0.09996000000000001,2,2,1.0,0.0,1.0,0,0,0,0
cifar10,20,2,mixed_maturity,access_full,dirichlet_lcb,benign_concept_drift,0.5,6,20,5,0.2935,0.11833333333333333,0.09996000000000001,2,2,1.0,0.0,1.0,0,0,0,0
cifar10,20,2,mixed_maturity,access_full,dirichlet_lcb,benign_concept_drift,0.5,6,21,5,0.284,0.0005555555555555556,0.09996,2,2,1.0,0.0,1.0,0,0,0,0
cifar10,20,2,mixed_maturity,access_full,dirichlet_lcb,benign_concept_drift,0.5,6,22,5,0.274,0.005,0.09996,2,2,1.0,0.0,1.0,0,0,0,0
cifar10,20,2,mixed_maturity,access_full,dirichlet_lcb,benign_concept_drift,0.5,6,23,5,0.3335,0.05388888888888889,0.09996000000000001,2,2,1.0,0.0,1.0,0,0,0,0
cifar10,20,2,mixed_maturity,access_full,dirichlet_lcb,benign_concept_drift,0.5,6,24,5,0.3645,0.06555555555555556,0.09996000000000001,2,2,1.0,0.0,1.0,0,0,0,0
cifar10,20,2,mixed_maturity,access_full,dirichlet_lcb,benign_concept_drift,0.5,6,25,5,0.3485,0.08,0.09995999999999997,2,2,1.0,0.0,1.0,0,0,0,0
cifar10,20,2,mixed_maturity,access_full,dirichlet_lcb,benign_concept_drift,0.5,6,26,5,0.3555,0.09,0.09996,2,2,1.0,0.0,1.0,0,0,0,0
cifar10,20,2,mixed_maturity,access_full,dirichlet_lcb,benign_concept_drift,0.5,6,27,5,0.354,0.016666666666666666,0.09996,2,2,1.0,0.0,1.0,0,0,0,0
cifar10,20,2,mixed_maturity,access_full,dirichlet_lcb,benign_concept_drift,0.5,6,28,5,0.338,0.13666666666666666,0.09996,2,2,1.0,0.0,1.0,0,0,0,0
cifar10,20,2,mixed_maturity,access_full,dirichlet_lcb,benign_concept_drift,0.5,6,29,5,0.312,0.0011111111111111111,0.09996000000000001,2,2,1.0,0.0,1.0,0,0,0,0
cifar10,20,2,mixed_maturity,access_full,dirichlet_lcb,benign_concept_drift,0.5,6,30,5,0.343,0.10722222222222222,0.09995999999999997,2,2,1.0,0.0,1.0,0,0,0,0
cifar10,20,2,mixed_maturity,access_full,dirichlet_lcb,benign_concept_drift,0.5,6,31,5,0.339,0.11666666666666667,0.09996000000000002,2,2,1.0,0.0,1.0,0,0,0,0
cifar10,20,2,mixed_maturity,access_full,dirichlet_lcb,benign_concept_drift,0.5,6,32,5,0.333,0.005,0.09996,2,2,1.0,0.0,1.0,0,0,0,0
cifar10,20,2,mixed_maturity,access_full,dirichlet_lcb,benign_concept_drift,0.5,6,33,5,0.341,0.03166666666666667,0.09996000000000002,2,2,1.0,0.0,1.0,0,0,0,0
cifar10,20,2,mixed_maturity,access_full,dirichlet_lcb,benign_concept_drift,0.5,6,34,5,0.355,0.06888888888888889,0.09995999999999997,2,2,1.0,0.0,1.0,0,0,0,0
cifar10,20,2,mixed_maturity,access_full,dirichlet_lcb,benign_concept_drift,0.5,6,35,5,0.3045,0.08944444444444444,0.09996000000000002,2,2,1.0,0.0,1.0,0,0,0,0
cifar10,20,2,mixed_maturity,access_full,dirichlet_lcb,benign_concept_drift,0.5,6,36,5,0.3525,0.06111111111111111,0.09996000000000001,2,2,1.0,0.0,1.0,0,0,0,0
cifar10,20,2,mixed_maturity,access_full,dirichlet_lcb,benign_concept_drift,0.5,6,37,5,0.3215,0.15944444444444444,0.09996,2,2,1.0,0.0,1.0,0,0,0,0
cifar10,20,2,mixed_maturity,access_full,dirichlet_lcb,benign_concept_drift,0.5,6,38,5,0.33,0.042777777777777776,0.09996000000000001,2,2,1.0,0.0,1.0,0,0,0,0
cifar10,20,2,mixed_maturity,access_full,dirichlet_lcb,benign_concept_drift,0.5,6,39,5,0.3015,0.058333333333333334,0.09996,2,2,1.0,0.0,1.0,0,0,0,0
cifar10,20,2,mixed_maturity,access_full,dirichlet_lcb,benign_concept_drift,0.5,6,40,5,0.348,0.04111111111111111,0.09996000000000001,2,2,1.0,0.0,1.0,0,0,0,0
cifar10,20,2,mixed_maturity,access_full,dirichlet_lcb,benign_concept_drift,0.5,6,41,5,0.3475,0.07833333333333334,0.09996000000000001,2,2,1.0,0.0,1.0,0,0,0,0
cifar10,20,2,mixed_maturity,access_full,dirichlet_lcb,benign_concept_drift,0.5,6,42,5,0.355,0.08333333333333333,0.09996,2,2,1.0,0.0,1.0,0,0,0,0
cifar10,20,2,mixed_maturity,access_full,dirichlet_lcb,benign_concept_drift,0.5,6,43,5,0.362,0.09111111111111111,0.09996,2,2,1.0,0.0,1.0,0,0,0,0
cifar10,20,2,mixed_maturity,access_full,dirichlet_lcb,benign_concept_drift,0.5,6,44,5,0.338,0.017222222222222222,0.09996000000000001,2,2,1.0,0.0,1.0,0,0,0,0
cifar10,20,2,mixed_maturity,access_full,dirichlet_lcb,benign_concept_drift,0.5,6,45,5,0.3555,0.05555555555555555,0.09996,2,2,1.0,0.0,1.0,0,0,0,0
cifar10,20,2,mixed_maturity,access_full,dirichlet_lcb,benign_concept_drift,0.5,6,46,5,0.3535,0.11611111111111111,0.09996,2,2,1.0,0.0,1.0,0,0,0,0
cifar10,20,2,mixed_maturity,access_full,dirichlet_lcb,benign_concept_drift,0.5,6,47,5,0.3215,0.195,0.09996,2,2,1.0,0.0,1.0,0,0,0,0
cifar10,20,2,mixed_maturity,access_full,dirichlet_lcb,benign_concept_drift,0.5,6,48,5,0.3445,0.020555555555555556,0.09995999999999997,2,2,1.0,0.0,1.0,0,0,0,0
cifar10,20,2,mixed_maturity,access_full,dirichlet_lcb,benign_concept_drift,0.5,6,49,5,0.345,0.08944444444444444,0.09996,2,2,1.0,0.0,1.0,0,0,0,0
cifar10,20,2,mixed_maturity,access_full,dirichlet_lcb,benign_concept_drift,0.5,6,50,5,0.343,0.044444444444444446,0.09996,2,2,1.0,0.0,1.0,0,0,0,0
cifar10,20,2,mixed_maturity,access_full,dirichlet_lcb,benign_concept_drift,0.5,7,1,5,0.184,0.0,0.052930832973581955,2,2,1.0,1.0,0.0,0,0,0,0
cifar10,20,2,mixed_maturity,access_full,dirichlet_lcb,benign_concept_drift,0.5,7,2,5,0.205,0.02388888888888889,0.05293083297358196,2,2,1.0,1.0,0.0,0,0,0,0
cifar10,20,2,mixed_maturity,access_full,dirichlet_lcb,benign_concept_drift,0.5,7,3,5,0.2605,0.0005555555555555556,0.05293083297358197,2,2,1.0,1.0,0.0,0,0,0,0
cifar10,20,2,mixed_maturity,access_full,dirichlet_lcb,benign_concept_drift,0.5,7,4,5,0.2655,0.0044444444444444444,0.05293083297358196,2,2,1.0,1.0,0.0,0,0,0,0
cifar10,20,2,mixed_maturity,access_full,dirichlet_lcb,benign_concept_drift,0.5,7,5,5,0.2145,0.010555555555555556,0.10054,2,2,1.0,0.0,1.0,0,0,0,0
cifar10,20,2,mixed_maturity,access_full,dirichlet_lcb,benign_concept_drift,0.5,7,6,5,0.269,0.017222222222222222,0.10054000000000002,2,2,1.0,0.0,1.0,0,0,0,0
cifar10,20,2,mixed_maturity,access_full,dirichlet_lcb,benign_concept_drift,0.5,7,7,5,0.258,0.06055555555555556,0.10054,2,2,1.0,0.0,1.0,0,0,0,0
cifar10,20,2,mixed_maturity,access_full,dirichlet_lcb,benign_concept_drift,0.5,7,8,5,0.3175,0.08055555555555556,0.10054,2,2,1.0,0.0,1.0,0,0,0,0
cifar10,20,2,mixed_maturity,access_full,dirichlet_lcb,benign_concept_drift,0.5,7,9,5,0.279,0.014444444444444444,0.10053999999999998,2,2,1.0,0.0,1.0,0,0,0,0
cifar10,20,2,mixed_maturity,access_full,dirichlet_lcb,benign_concept_drift,0.5,7,10,5,0.2665,0.008888888888888889,0.10054,2,2,1.0,0.0,1.0,0,0,0,0
cifar10,20,2,mixed_maturity,access_full,dirichlet_lcb,benign_concept_drift,0.5,7,11,5,0.316,0.02388888888888889,0.10054,2,2,1.0,0.0,1.0,0,0,0,0
cifar10,20,2,mixed_maturity,access_full,dirichlet_lcb,benign_concept_drift,0.5,7,12,5,0.32,0.08944444444444444,0.10054000000000003,2,2,1.0,0.0,1.0,0,0,0,0
cifar10,20,2,mixed_maturity,access_full,dirichlet_lcb,benign_concept_drift,0.5,7,13,5,0.2935,0.01,0.10054,2,2,1.0,0.0,1.0,0,0,0,0
cifar10,20,2,mixed_maturity,access_full,dirichlet_lcb,benign_concept_drift,0.5,7,14,5,0.274,0.09111111111111111,0.10054,2,2,1.0,0.0,1.0,0,0,0,0
cifar10,20,2,mixed_maturity,access_full,dirichlet_lcb,benign_concept_drift,0.5,7,15,5,0.306,0.03388888888888889,0.10054,2,2,1.0,0.0,1.0,0,0,0,0
cifar10,20,2,mixed_maturity,access_full,dirichlet_lcb,benign_concept_drift,0.5,7,16,5,0.3055,0.013333333333333334,0.10054,2,2,1.0,0.0,1.0,0,0,0,0
cifar10,20,2,mixed_maturity,access_full,dirichlet_lcb,benign_concept_drift,0.5,7,17,5,0.32,0.04611111111111111,0.10054000000000002,2,2,1.0,0.0,1.0,0,0,0,0
cifar10,20,2,mixed_maturity,access_full,dirichlet_lcb,benign_concept_drift,0.5,7,18,5,0.332,0.028333333333333332,0.10054,2,2,1.0,0.0,1.0,0,0,0,0
cifar10,20,2,mixed_maturity,access_full,dirichlet_lcb,benign_concept_drift,0.5,7,19,5,0.2885,0.015,0.10054,2,2,1.0,0.0,1.0,0,0,0,0
cifar10,20,2,mixed_maturity,access_full,dirichlet_lcb,benign_concept_drift,0.5,7,20,5,0.3035,0.029444444444444443,0.10054,2,2,1.0,0.0,1.0,0,0,0,0
cifar10,20,2,mixed_maturity,access_full,dirichlet_lcb,benign_concept_drift,0.5,7,21,5,0.3275,0.06388888888888888,0.10054,2,2,1.0,0.0,1.0,0,0,0,0
cifar10,20,2,mixed_maturity,access_full,dirichlet_lcb,benign_concept_drift,0.5,7,22,5,0.3385,0.01,0.10054,2,2,1.0,0.0,1.0,0,0,0,0
cifar10,20,2,mixed_maturity,access_full,dirichlet_lcb,benign_concept_drift,0.5,7,23,5,0.3335,0.012222222222222223,0.10054000000000002,2,2,1.0,0.0,1.0,0,0,0,0
cifar10,20,2,mixed_maturity,access_full,dirichlet_lcb,benign_concept_drift,0.5,7,24,5,0.349,0.05444444444444444,0.10054,2,2,1.0,0.0,1.0,0,0,0,0
cifar10,20,2,mixed_maturity,access_full,dirichlet_lcb,benign_concept_drift,0.5,7,25,5,0.3475,0.07277777777777777,0.10054,2,2,1.0,0.0,1.0,0,0,0,0
cifar10,20,2,mixed_maturity,access_full,dirichlet_lcb,benign_concept_drift,0.5,7,26,5,0.3465,0.02722222222222222,0.10054,2,2,1.0,0.0,1.0,0,0,0,0
cifar10,20,2,mixed_maturity,access_full,dirichlet_lcb,benign_concept_drift,0.5,7,27,5,0.2815,0.13111111111111112,0.10053999999999998,2,2,1.0,0.0,1.0,0,0,0,0
cifar10,20,2,mixed_maturity,access_full,dirichlet_lcb,benign_concept_drift,0.5,7,28,5,0.3215,0.15,0.10053999999999998,2,2,1.0,0.0,1.0,0,0,0,0
cifar10,20,2,mixed_maturity,access_full,dirichlet_lcb,benign_concept_drift,0.5,7,29,5,0.3305,0.005555555555555556,0.10054,2,2,1.0,0.0,1.0,0,0,0,0
cifar10,20,2,mixed_maturity,access_full,dirichlet_lcb,benign_concept_drift,0.5,7,30,5,0.31,0.0077777777777777776,0.10053999999999998,2,2,1.0,0.0,1.0,0,0,0,0
cifar10,20,2,mixed_maturity,access_full,dirichlet_lcb,benign_concept_drift,0.5,7,31,5,0.3465,0.04388888888888889,0.10054,2,2,1.0,0.0,1.0,0,0,0,0
cifar10,20,2,mixed_maturity,access_full,dirichlet_lcb,benign_concept_drift,0.5,7,32,5,0.3455,0.17666666666666667,0.10053999999999998,2,2,1.0,0.0,1.0,0,0,0,0
cifar10,20,2,mixed_maturity,access_full,dirichlet_lcb,benign_concept_drift,0.5,7,33,5,0.3245,0.009444444444444445,0.10053999999999998,2,2,1.0,0.0,1.0,0,0,0,0
cifar10,20,2,mixed_maturity,access_full,dirichlet_lcb,benign_concept_drift,0.5,7,34,5,0.345,0.07166666666666667,0.10054,2,2,1.0,0.0,1.0,0,0,0,0
cifar10,20,2,mixed_maturity,access_full,dirichlet_lcb,benign_concept_drift,0.5,7,35,5,0.3555,0.09277777777777778,0.10053999999999998,2,2,1.0,0.0,1.0,0,0,0,0
cifar10,20,2,mixed_maturity,access_full,dirichlet_lcb,benign_concept_drift,0.5,7,36,5,0.304,0.01888888888888889,0.10054,2,2,1.0,0.0,1.0,0,0,0,0
cifar10,20,2,mixed_maturity,access_full,dirichlet_lcb,benign_concept_drift,0.5,7,37,5,0.3085,0.04,0.10054,2,2,1.0,0.0,1.0,0,0,0,0
cifar10,20,2,mixed_maturity,access_full,dirichlet_lcb,benign_concept_drift,0.5,7,38,5,0.283,0.010555555555555556,0.10053999999999998,2,2,1.0,0.0,1.0,0,0,0,0
cifar10,20,2,mixed_maturity,access_full,dirichlet_lcb,benign_concept_drift,0.5,7,39,5,0.3445,0.11666666666666667,0.10053999999999998,2,2,1.0,0.0,1.0,0,0,0,0
cifar10,20,2,mixed_maturity,access_full,dirichlet_lcb,benign_concept_drift,0.5,7,40,5,0.3255,0.029444444444444443,0.10054000000000002,2,2,1.0,0.0,1.0,0,0,0,0
cifar10,20,2,mixed_maturity,access_full,dirichlet_lcb,benign_concept_drift,0.5,7,41,5,0.3555,0.008333333333333333,0.10054,2,2,1.0,0.0,1.0,0,0,0,0
cifar10,20,2,mixed_maturity,access_full,dirichlet_lcb,benign_concept_drift,0.5,7,42,5,0.374,0.012222222222222223,0.10054,2,2,1.0,0.0,1.0,0,0,0,0
cifar10,20,2,mixed_maturity,access_full,dirichlet_lcb,benign_concept_drift,0.5,7,43,5,0.3205,0.03611111111111111,0.10054,2,2,1.0,0.0,1.0,0,0,0,0
cifar10,20,2,mixed_maturity,access_full,dirichlet_lcb,benign_concept_drift,0.5,7,44,5,0.317,0.12277777777777778,0.10053999999999998,2,2,1.0,0.0,1.0,0,0,0,0
cifar10,20,2,mixed_maturity,access_full,dirichlet_lcb,benign_concept_drift,0.5,7,45,5,0.3025,0.006666666666666667,0.10054,2,2,1.0,0.0,1.0,0,0,0,0
cifar10,20,2,mixed_maturity,access_full,dirichlet_lcb,benign_concept_drift,0.5,7,46,5,0.358,0.045,0.10054,2,2,1.0,0.0,1.0,0,0,0,0
cifar10,20,2,mixed_maturity,access_full,dirichlet_lcb,benign_concept_drift,0.5,7,47,5,0.359,0.075,0.10054,2,2,1.0,0.0,1.0,0,0,0,0
cifar10,20,2,mixed_maturity,access_full,dirichlet_lcb,benign_concept_drift,0.5,7,48,5,0.3405,0.11666666666666667,0.10053999999999998,2,2,1.0,0.0,1.0,0,0,0,0
cifar10,20,2,mixed_maturity,access_full,dirichlet_lcb,benign_concept_drift,0.5,7,49,5,0.353,0.05555555555555555,0.10054,2,2,1.0,0.0,1.0,0,0,0,0
cifar10,20,2,mixed_maturity,access_full,dirichlet_lcb,benign_concept_drift,0.5,7,50,5,0.3395,0.0005555555555555556,0.10054,2,2,1.0,0.0,1.0,0,0,0,0
cifar10,20,2,mixed_maturity,access_full,dirichlet_lcb,benign_concept_drift,0.5,8,1,5,0.1,0.9977777777777778,0.0531637037661134,2,2,1.0,1.0,0.0,0,0,0,0
cifar10,20,2,mixed_maturity,access_full,dirichlet_lcb,benign_concept_drift,0.5,8,2,5,0.2235,0.0016666666666666668,0.05316370376611341,2,2,1.0,1.0,0.0,0,0,0,0
cifar10,20,2,mixed_maturity,access_full,dirichlet_lcb,benign_concept_drift,0.5,8,3,5,0.2295,0.38555555555555554,0.0531637037661134,2,2,1.0,1.0,0.0,0,0,0,0
cifar10,20,2,mixed_maturity,access_full,dirichlet_lcb,benign_concept_drift,0.5,8,4,5,0.286,0.1388888888888889,0.05316370376611341,2,2,1.0,1.0,0.0,0,0,0,0
cifar10,20,2,mixed_maturity,access_full,dirichlet_lcb,benign_concept_drift,0.5,8,5,5,0.2515,0.11777777777777777,0.10096000000000001,2,2,1.0,0.0,1.0,0,0,0,0
cifar10,20,2,mixed_maturity,access_full,dirichlet_lcb,benign_concept_drift,0.5,8,6,5,0.2195,0.17277777777777778,0.10095999999999998,2,2,1.0,0.0,1.0,0,0,0,0
cifar10,20,2,mixed_maturity,access_full,dirichlet_lcb,benign_concept_drift,0.5,8,7,5,0.2465,0.03777777777777778,0.10096000000000001,2,2,1.0,0.0,1.0,0,0,0,0
cifar10,20,2,mixed_maturity,access_full,dirichlet_lcb,benign_concept_drift,0.5,8,8,5,0.2735,0.0044444444444444444,0.10095999999999998,2,2,1.0,0.0,1.0,0,0,0,0
cifar10,20,2,mixed_maturity,access_full,dirichlet_lcb,benign_concept_drift,0.5,8,9,5,0.2985,0.007222222222222222,0.10095999999999998,2,2,1.0,0.0,1.0,0,0,0,0
cifar10,20,2,mixed_maturity,access_full,dirichlet_lcb,benign_concept_drift,0.5,8,10,5,0.298,0.17277777777777778,0.10096000000000002,2,2,1.0,0.0,1.0,0,0,0,0
cifar10,20,2,mixed_maturity,access_full,dirichlet_lcb,benign_concept_drift,0.5,8,11,5,0.3185,0.065,0.10095999999999998,2,2,1.0,0.0,1.0,0,0,0,0
cifar10,20,2,mixed_maturity,access_full,dirichlet_lcb,benign_concept_drift,0.5,8,12,5,0.3175,0.06222222222222222,0.10096000000000001,2,2,1.0,0.0,1.0,0,0,0,0
cifar10,20,2,mixed_maturity,access_full,dirichlet_lcb,benign_concept_drift,0.5,8,13,5,0.282,0.06222222222222222,0.10096000000000002,2,2,1.0,0.0,1.0,0,0,0,0
cifar10,20,2,mixed_maturity,access_full,dirichlet_lcb,benign_concept_drift,0.5,8,14,5,0.3075,0.1411111111111111,0.10096000000000001,2,2,1.0,0.0,1.0,0,0,0,0
cifar10,20,2,mixed_maturity,access_full,dirichlet_lcb,benign_concept_drift,0.5,8,15,5,0.2785,0.0005555555555555556,0.10095999999999998,2,2,1.0,0.0,1.0,0,0,0,0
cifar10,20,2,mixed_maturity,access_full,dirichlet_lcb,benign_concept_drift,0.5,8,16,5,0.3215,0.059444444444444446,0.10096000000000001,2,2,1.0,0.0,1.0,0,0,0,0
cifar10,20,2,mixed_maturity,access_full,dirichlet_lcb,benign_concept_drift,0.5,8,17,5,0.324,0.10166666666666667,0.10095999999999998,2,2,1.0,0.0,1.0,0,0,0,0
cifar10,20,2,mixed_maturity,access_full,dirichlet_lcb,benign_concept_drift,0.5,8,18,5,0.301,0.0077777777777777776,0.10096000000000001,2,2,1.0,0.0,1.0,0,0,0,0
cifar10,20,2,mixed_maturity,access_full,dirichlet_lcb,benign_concept_drift,0.5,8,19,5,0.308,0.085,0.10096000000000002,2,2,1.0,0.0,1.0,0,0,0,0
cifar10,20,2,mixed_maturity,access_full,dirichlet_lcb,benign_concept_drift,0.5,8,20,5,0.2965,0.0011111111111111111,0.10096000000000001,2,2,1.0,0.0,1.0,0,0,0,0
cifar10,20,2,mixed_maturity,access_full,dirichlet_lcb,benign_concept_drift,0.5,8,21,5,0.311,0.13777777777777778,0.10096000000000001,2,2,1.0,0.0,1.0,0,0,0,0
cifar10,20,2,mixed_maturity,access_full,dirichlet_lcb,benign_concept_drift,0.5,8,22,5,0.345,0.08833333333333333,0.10096000000000001,2,2,1.0,0.0,1.0,0,0,0,0
cifar10,20,2,mixed_maturity,access_full,dirichlet_lcb,benign_concept_drift,0.5,8,23,5,0.3175,0.03388888888888889,0.10096000000000001,2,2,1.0,0.0,1.0,0,0,0,0
cifar10,20,2,mixed_maturity,access_full,dirichlet_lcb,benign_concept_drift,0.5,8,24,5,0.353,0.04666666666666667,0.10096000000000001,2,2,1.0,0.0,1.0,0,0,0,0
cifar10,20,2,mixed_maturity,access_full,dirichlet_lcb,benign_concept_drift,0.5,8,25,5,0.3055,0.08944444444444444,0.10096000000000002,2,2,1.0,0.0,1.0,0,0,0,0
cifar10,20,2,mixed_maturity,access_full,dirichlet_lcb,benign_concept_drift,0.5,8,26,5,0.261,0.005555555555555556,0.10095999999999998,2,2,1.0,0.0,1.0,0,0,0,0
cifar10,20,2,mixed_maturity,access_full,dirichlet_lcb,benign_concept_drift,0.5,8,27,5,0.325,0.03166666666666667,0.10096000000000001,2,2,1.0,0.0,1.0,0,0,0,0
cifar10,20,2,mixed_maturity,access_full,dirichlet_lcb,benign_concept_drift,0.5,8,28,5,0.3295,0.03222222222222222,0.10096000000000001,2,2,1.0,0.0,1.0,0,0,0,0
cifar10,20,2,mixed_maturity,access_full,dirichlet_lcb,benign_concept_drift,0.5,8,29,5,0.3295,0.058333333333333334,0.10096000000000001,2,2,1.0,0.0,1.0,0,0,0,0
cifar10,20,2,mixed_maturity,access_full,dirichlet_lcb,benign_concept_drift,0.5,8,30,5,0.342,0.11611111111111111,0.10096000000000001,2,2,1.0,0.0,1.0,0,0,0,0
cifar10,20,2,mixed_maturity,access_full,dirichlet_lcb,benign_concept_drift,0.5,8,31,5,0.3435,0.044444444444444446,0.10096000000000001,2,2,1.0,0.0,1.0,0,0,0,0
cifar10,20,2,mixed_maturity,access_full,dirichlet_lcb,benign_concept_drift,0.5,8,32,5,0.304,0.04055555555555555,0.10096000000000001,2,2,1.0,0.0,1.0,0,0,0,0
cifar10,20,2,mixed_maturity,access_full,dirichlet_lcb,benign_concept_drift,0.5,8,33,5,0.3445,0.1361111111111111,0.10096000000000002,2,2,1.0,0.0,1.0,0,0,0,0
cifar10,20,2,mixed_maturity,access_full,dirichlet_lcb,benign_concept_drift,0.5,8,34,5,0.313,0.08277777777777778,0.10095999999999998,2,2,1.0,0.0,1.0,0,0,0,0
cifar10,20,2,mixed_maturity,access_full,dirichlet_lcb,benign_concept_drift,0.5,8,35,5,0.344,0.016666666666666666,0.10095999999999998,2,2,1.0,0.0,1.0,0,0,0,0
cifar10,20,2,mixed_maturity,access_full,dirichlet_lcb,benign_concept_drift,0.5,8,36,5,0.3115,0.065,0.10096000000000001,2,2,1.0,0.0,1.0,0,0,0,0
cifar10,20,2,mixed_maturity,access_full,dirichlet_lcb,benign_concept_drift,0.5,8,37,5,0.3335,0.04666666666666667,0.10095999999999998,2,2,1.0,0.0,1.0,0,0,0,0
cifar10,20,2,mixed_maturity,access_full,dirichlet_lcb,benign_concept_drift,0.5,8,38,5,0.3475,0.08277777777777778,0.10096000000000001,2,2,1.0,0.0,1.0,0,0,0,0
cifar10,20,2,mixed_maturity,access_full,dirichlet_lcb,benign_concept_drift,0.5,8,39,5,0.3095,0.29444444444444445,0.10096000000000002,2,2,1.0,0.0,1.0,0,0,0,0
cifar10,20,2,mixed_maturity,access_full,dirichlet_lcb,benign_concept_drift,0.5,8,40,5,0.367,0.09722222222222222,0.10096000000000001,2,2,1.0,0.0,1.0,0,0,0,0
cifar10,20,2,mixed_maturity,access_full,dirichlet_lcb,benign_concept_drift,0.5,8,41,5,0.315,0.021666666666666667,0.10096000000000001,2,2,1.0,0.0,1.0,0,0,0,0
cifar10,20,2,mixed_maturity,access_full,dirichlet_lcb,benign_concept_drift,0.5,8,42,5,0.3545,0.14333333333333334,0.10096000000000001,2,2,1.0,0.0,1.0,0,0,0,0
cifar10,20,2,mixed_maturity,access_full,dirichlet_lcb,benign_concept_drift,0.5,8,43,5,0.3075,0.04888888888888889,0.10096000000000002,2,2,1.0,0.0,1.0,0,0,0,0
cifar10,20,2,mixed_maturity,access_full,dirichlet_lcb,benign_concept_drift,0.5,8,44,5,0.3205,0.03388888888888889,0.10096000000000001,2,2,1.0,0.0,1.0,0,0,0,0
cifar10,20,2,mixed_maturity,access_full,dirichlet_lcb,benign_concept_drift,0.5,8,45,5,0.3405,0.175,0.10096000000000001,2,2,1.0,0.0,1.0,0,0,0,0
cifar10,20,2,mixed_maturity,access_full,dirichlet_lcb,benign_concept_drift,0.5,8,46,5,0.354,0.12055555555555555,0.10096000000000001,2,2,1.0,0.0,1.0,0,0,0,0
cifar10,20,2,mixed_maturity,access_full,dirichlet_lcb,benign_concept_drift,0.5,8,47,5,0.3415,0.016666666666666666,0.10096000000000001,2,2,1.0,0.0,1.0,0,0,0,0
cifar10,20,2,mixed_maturity,access_full,dirichlet_lcb,benign_concept_drift,0.5,8,48,5,0.3395,0.12944444444444445,0.10096000000000001,2,2,1.0,0.0,1.0,0,0,0,0
cifar10,20,2,mixed_maturity,access_full,dirichlet_lcb,benign_concept_drift,0.5,8,49,5,0.3315,0.04,0.10096000000000002,2,2,1.0,0.0,1.0,0,0,0,0
cifar10,20,2,mixed_maturity,access_full,dirichlet_lcb,benign_concept_drift,0.5,8,50,5,0.358,0.09722222222222222,0.10096000000000002,2,2,1.0,0.0,1.0,0,0,0,0
cifar10,20,2,mixed_maturity,access_full,dirichlet_lcb,benign_concept_drift,0.5,9,1,5,0.118,0.0,0.03149143346364509,2,2,1.0,1.0,0.0,0,0,0,0
cifar10,20,2,mixed_maturity,access_full,dirichlet_lcb,benign_concept_drift,0.5,9,2,5,0.2465,0.19166666666666668,0.03149143346364509,2,2,1.0,1.0,0.0,0,0,0,0
cifar10,20,2,mixed_maturity,access_full,dirichlet_lcb,benign_concept_drift,0.5,9,3,5,0.2215,0.0022222222222222222,0.03149143346364508,2,2,1.0,1.0,0.0,0,0,0,0
cifar10,20,2,mixed_maturity,access_full,dirichlet_lcb,benign_concept_drift,0.5,9,4,5,0.245,0.0038888888888888888,0.03149143346364508,2,2,1.0,1.0,0.0,0,0,0,0
cifar10,20,2,mixed_maturity,access_full,dirichlet_lcb,benign_concept_drift,0.5,9,5,5,0.2505,0.05611111111111111,0.06106000000000001,2,2,1.0,0.0,1.0,0,0,0,0
cifar10,20,2,mixed_maturity,access_full,dirichlet_lcb,benign_concept_drift,0.5,9,6,5,0.2795,0.0077777777777777776,0.06106,2,2,1.0,0.0,1.0,0,0,0,0
cifar10,20,2,mixed_maturity,access_full,dirichlet_lcb,benign_concept_drift,0.5,9,7,5,0.2885,0.059444444444444446,0.06106,2,2,1.0,0.0,1.0,0,0,0,0
cifar10,20,2,mixed_maturity,access_full,dirichlet_lcb,benign_concept_drift,0.5,9,8,5,0.2505,0.030555555555555555,0.06106,2,2,1.0,0.0,1.0,0,0,0,0
cifar10,20,2,mixed_maturity,access_full,dirichlet_lcb,benign_concept_drift,0.5,9,9,5,0.299,0.18555555555555556,0.06105999999999999,2,2,1.0,0.0,1.0,0,0,0,0
cifar10,20,2,mixed_maturity,access_full,dirichlet_lcb,benign_concept_drift,0.5,9,10,5,0.316,0.03888888888888889,0.06106,2,2,1.0,0.0,1.0,0,0,0,0
cifar10,20,2,mixed_maturity,access_full,dirichlet_lcb,benign_concept_drift,0.5,9,11,5,0.3115,0.03833333333333333,0.06106,2,2,1.0,0.0,1.0,0,0,0,0
cifar10,20,2,mixed_maturity,access_full,dirichlet_lcb,benign_concept_drift,0.5,9,12,5,0.268,0.1638888888888889,0.06106,2,2,1.0,0.0,1.0,0,0,0,0
cifar10,20,2,mixed_maturity,access_full,dirichlet_lcb,benign_concept_drift,0.5,9,13,5,0.32,0.0038888888888888888,0.06106000000000001,2,2,1.0,0.0,1.0,0,0,0,0
cifar10,20,2,mixed_maturity,access_full,dirichlet_lcb,benign_concept_drift,0.5,9,14,5,0.288,0.010555555555555556,0.06106,2,2,1.0,0.0,1.0,0,0,0,0
cifar10,20,2,mixed_maturity,access_full,dirichlet_lcb,benign_concept_drift,0.5,9,15,5,0.2625,0.03666666666666667,0.06106,2,2,1.0,0.0,1.0,0,0,0,0
cifar10,20,2,mixed_maturity,access_full,dirichlet_lcb,benign_concept_drift,0.5,9,16,5,0.342,0.057777777777777775,0.06106,2,2,1.0,0.0,1.0,0,0,0,0
cifar10,20,2,mixed_maturity,access_full,dirichlet_lcb,benign_concept_drift,0.5,9,17,5,0.332,0.06388888888888888,0.06105999999999999,2,2,1.0,0.0,1.0,0,0,0,0
cifar10,20,2,mixed_maturity,access_full,dirichlet_lcb,benign_concept_drift,0.5,9,18,5,0.297,0.17,0.06106,2,2,1.0,0.0,1.0,0,0,0,0
cifar10,20,2,mixed_maturity,access_full,dirichlet_lcb,benign_concept_drift,0.5,9,19,5,0.3305,0.043333333333333335,0.06105999999999999,2,2,1.0,0.0,1.0,0,0,0,0
cifar10,20,2,mixed_maturity,access_full,dirichlet_lcb,benign_concept_drift,0.5,9,20,5,0.3325,0.043333333333333335,0.06106,2,2,1.0,0.0,1.0,0,0,0,0
cifar10,20,2,mixed_maturity,access_full,dirichlet_lcb,benign_concept_drift,0.5,9,21,5,0.3075,0.04,0.06105999999999999,2,2,1.0,0.0,1.0,0,0,0,0
cifar10,20,2,mixed_maturity,access_full,dirichlet_lcb,benign_concept_drift,0.5,9,22,5,0.325,0.050555555555555555,0.06106,2,2,1.0,0.0,1.0,0,0,0,0
cifar10,20,2,mixed_maturity,access_full,dirichlet_lcb,benign_concept_drift,0.5,9,23,5,0.329,0.16833333333333333,0.06105999999999999,2,2,1.0,0.0,1.0,0,0,0,0
cifar10,20,2,mixed_maturity,access_full,dirichlet_lcb,benign_concept_drift,0.5,9,24,5,0.306,0.016666666666666666,0.06106,2,2,1.0,0.0,1.0,0,0,0,0
cifar10,20,2,mixed_maturity,access_full,dirichlet_lcb,benign_concept_drift,0.5,9,25,5,0.34,0.125,0.06106,2,2,1.0,0.0,1.0,0,0,0,0
cifar10,20,2,mixed_maturity,access_full,dirichlet_lcb,benign_concept_drift,0.5,9,26,5,0.352,0.028888888888888888,0.06106,2,2,1.0,0.0,1.0,0,0,0,0
cifar10,20,2,mixed_maturity,access_full,dirichlet_lcb,benign_concept_drift,0.5,9,27,5,0.3465,0.11722222222222223,0.06106,2,2,1.0,0.0,1.0,0,0,0,0
cifar10,20,2,mixed_maturity,access_full,dirichlet_lcb,benign_concept_drift,0.5,9,28,5,0.3185,0.19944444444444445,0.06106000000000001,2,2,1.0,0.0,1.0,0,0,0,0
cifar10,20,2,mixed_maturity,access_full,dirichlet_lcb,benign_concept_drift,0.5,9,29,5,0.3315,0.05722222222222222,0.06105999999999999,2,2,1.0,0.0,1.0,0,0,0,0
cifar10,20,2,mixed_maturity,access_full,dirichlet_lcb,benign_concept_drift,0.5,9,30,5,0.3335,0.006111111111111111,0.06105999999999999,2,2,1.0,0.0,1.0,0,0,0,0
cifar10,20,2,mixed_maturity,access_full,dirichlet_lcb,benign_concept_drift,0.5,9,31,5,0.357,0.08722222222222223,0.06105999999999999,2,2,1.0,0.0,1.0,0,0,0,0
cifar10,20,2,mixed_maturity,access_full,dirichlet_lcb,benign_concept_drift,0.5,9,32,5,0.312,0.03111111111111111,0.06105999999999999,2,2,1.0,0.0,1.0,0,0,0,0
cifar10,20,2,mixed_maturity,access_full,dirichlet_lcb,benign_concept_drift,0.5,9,33,5,0.341,0.04611111111111111,0.06106,2,2,1.0,0.0,1.0,0,0,0,0
cifar10,20,2,mixed_maturity,access_full,dirichlet_lcb,benign_concept_drift,0.5,9,34,5,0.3285,0.08055555555555556,0.06106,2,2,1.0,0.0,1.0,0,0,0,0
cifar10,20,2,mixed_maturity,access_full,dirichlet_lcb,benign_concept_drift,0.5,9,35,5,0.3615,0.04722222222222222,0.06106000000000001,2,2,1.0,0.0,1.0,0,0,0,0
cifar10,20,2,mixed_maturity,access_full,dirichlet_lcb,benign_concept_drift,0.5,9,36,5,0.3215,0.07166666666666667,0.06105999999999999,2,2,1.0,0.0,1.0,0,0,0,0
cifar10,20,2,mixed_maturity,access_full,dirichlet_lcb,benign_concept_drift,0.5,9,37,5,0.321,0.16833333333333333,0.06105999999999999,2,2,1.0,0.0,1.0,0,0,0,0
cifar10,20,2,mixed_maturity,access_full,dirichlet_lcb,benign_concept_drift,0.5,9,38,5,0.358,0.03833333333333333,0.06105999999999999,2,2,1.0,0.0,1.0,0,0,0,0
cifar10,20,2,mixed_maturity,access_full,dirichlet_lcb,benign_concept_drift,0.5,9,39,5,0.3085,0.0044444444444444444,0.06105999999999999,2,2,1.0,0.0,1.0,0,0,0,0
cifar10,20,2,mixed_maturity,access_full,dirichlet_lcb,benign_concept_drift,0.5,9,40,5,0.333,0.015555555555555555,0.06106,2,2,1.0,0.0,1.0,0,0,0,0
cifar10,20,2,mixed_maturity,access_full,dirichlet_lcb,benign_concept_drift,0.5,9,41,5,0.318,0.10833333333333334,0.06106,2,2,1.0,0.0,1.0,0,0,0,0
cifar10,20,2,mixed_maturity,access_full,dirichlet_lcb,benign_concept_drift,0.5,9,42,5,0.3635,0.05444444444444444,0.06106,2,2,1.0,0.0,1.0,0,0,0,0
cifar10,20,2,mixed_maturity,access_full,dirichlet_lcb,benign_concept_drift,0.5,9,43,5,0.338,0.11833333333333333,0.06106,2,2,1.0,0.0,1.0,0,0,0,0
cifar10,20,2,mixed_maturity,access_full,dirichlet_lcb,benign_concept_drift,0.5,9,44,5,0.345,0.10444444444444445,0.06106,2,2,1.0,0.0,1.0,0,0,0,0
cifar10,20,2,mixed_maturity,access_full,dirichlet_lcb,benign_concept_drift,0.5,9,45,5,0.3095,0.043333333333333335,0.06105999999999999,2,2,1.0,0.0,1.0,0,0,0,0
cifar10,20,2,mixed_maturity,access_full,dirichlet_lcb,benign_concept_drift,0.5,9,46,5,0.35,0.10888888888888888,0.06106,2,2,1.0,0.0,1.0,0,0,0,0
cifar10,20,2,mixed_maturity,access_full,dirichlet_lcb,benign_concept_drift,0.5,9,47,5,0.3215,0.22333333333333333,0.061059999999999975,2,2,1.0,0.0,1.0,0,0,0,0
cifar10,20,2,mixed_maturity,access_full,dirichlet_lcb,benign_concept_drift,0.5,9,48,5,0.3605,0.02,0.06105999999999999,2,2,1.0,0.0,1.0,0,0,0,0
cifar10,20,2,mixed_maturity,access_full,dirichlet_lcb,benign_concept_drift,0.5,9,49,5,0.3455,0.055,0.06105999999999999,2,2,1.0,0.0,1.0,0,0,0,0
cifar10,20,2,mixed_maturity,access_full,dirichlet_lcb,benign_concept_drift,0.5,9,50,5,0.319,0.002777777777777778,0.06106,2,2,1.0,0.0,1.0,0,0,0,0
cifar10,20,2,mixed_maturity,access_full,dirichlet_lcb,diverse_then_repeat_backdoor,0.5,0,1,5,0.1545,0.0,0.0441792229218223,2,2,1.0,1.0,0.0,0,0,0,0
cifar10,20,2,mixed_maturity,access_full,dirichlet_lcb,diverse_then_repeat_backdoor,0.5,0,2,5,0.215,0.07222222222222222,0.044179222921822296,2,2,1.0,1.0,0.0,0,0,0,0
cifar10,20,2,mixed_maturity,access_full,dirichlet_lcb,diverse_then_repeat_backdoor,0.5,0,3,5,0.211,0.012222222222222223,0.0441792229218223,2,2,1.0,1.0,0.0,0,0,0,0
cifar10,20,2,mixed_maturity,access_full,dirichlet_lcb,diverse_then_repeat_backdoor,0.5,0,4,5,0.233,0.165,0.0441792229218223,2,2,1.0,1.0,0.0,0,0,0,0
cifar10,20,2,mixed_maturity,access_full,dirichlet_lcb,diverse_then_repeat_backdoor,0.5,0,5,5,0.228,0.0016666666666666668,0.08462,2,2,1.0,0.0,1.0,0,0,0,0
cifar10,20,2,mixed_maturity,access_full,dirichlet_lcb,diverse_then_repeat_backdoor,0.5,0,6,5,0.299,0.12111111111111111,0.08461999999999999,2,2,1.0,0.0,1.0,0,0,0,0
cifar10,20,2,mixed_maturity,access_full,dirichlet_lcb,diverse_then_repeat_backdoor,0.5,0,7,5,0.2995,0.075,0.08461999999999999,2,2,1.0,0.0,1.0,0,0,0,0
cifar10,20,2,mixed_maturity,access_full,dirichlet_lcb,diverse_then_repeat_backdoor,0.5,0,8,5,0.269,0.045,0.08462,2,2,1.0,0.0,1.0,0,0,0,0
cifar10,20,2,mixed_maturity,access_full,dirichlet_lcb,diverse_then_repeat_backdoor,0.5,0,9,5,0.3055,0.09333333333333334,0.08462,2,2,1.0,0.0,1.0,0,0,0,0
cifar10,20,2,mixed_maturity,access_full,dirichlet_lcb,diverse_then_repeat_backdoor,0.5,0,10,5,0.2735,0.20555555555555555,0.08462,2,2,1.0,0.0,1.0,0,0,0,0
cifar10,20,2,mixed_maturity,access_full,dirichlet_lcb,diverse_then_repeat_backdoor,0.5,0,11,5,0.3,0.14666666666666667,0.08461999999999999,2,2,1.0,0.0,1.0,0,0,0,0
cifar10,20,2,mixed_maturity,access_full,dirichlet_lcb,diverse_then_repeat_backdoor,0.5,0,12,5,0.2905,0.002777777777777778,0.08462000000000001,2,2,1.0,0.0,1.0,0,0,0,0
cifar10,20,2,mixed_maturity,access_full,dirichlet_lcb,diverse_then_repeat_backdoor,0.5,0,13,5,0.308,0.12555555555555556,0.08462,2,2,1.0,0.0,1.0,0,0,0,0
cifar10,20,2,mixed_maturity,access_full,dirichlet_lcb,diverse_then_repeat_backdoor,0.5,0,14,5,0.3065,0.14333333333333334,0.08462,2,2,1.0,0.0,1.0,0,0,0,0
cifar10,20,2,mixed_maturity,access_full,dirichlet_lcb,diverse_then_repeat_backdoor,0.5,0,15,5,0.3375,0.2688888888888889,0.08462,2,2,1.0,0.0,1.0,0,0,0,0
cifar10,20,2,mixed_maturity,access_full,dirichlet_lcb,diverse_then_repeat_backdoor,0.5,0,16,5,0.326,0.03388888888888889,0.08462000000000001,2,2,1.0,0.0,1.0,0,0,0,0
cifar10,20,2,mixed_maturity,access_full,dirichlet_lcb,diverse_then_repeat_backdoor,0.5,0,17,5,0.3055,0.13277777777777777,0.08462,2,2,1.0,0.0,1.0,0,0,0,0
cifar10,20,2,mixed_maturity,access_full,dirichlet_lcb,diverse_then_repeat_backdoor,0.5,0,18,5,0.297,0.09555555555555556,0.08462000000000001,2,2,1.0,0.0,1.0,0,0,0,0
cifar10,20,2,mixed_maturity,access_full,dirichlet_lcb,diverse_then_repeat_backdoor,0.5,0,19,5,0.2905,0.3672222222222222,0.08461999999999999,2,2,1.0,0.0,1.0,0,0,0,0
cifar10,20,2,mixed_maturity,access_full,dirichlet_lcb,diverse_then_repeat_backdoor,0.5,0,20,5,0.2995,0.065,0.08461999999999999,2,2,1.0,0.0,1.0,0,0,0,0
cifar10,20,2,mixed_maturity,access_full,dirichlet_lcb,diverse_then_repeat_backdoor,0.5,0,21,5,0.2935,0.10111111111111111,0.08462,2,2,1.0,0.0,1.0,0,0,0,0
cifar10,20,2,mixed_maturity,access_full,dirichlet_lcb,diverse_then_repeat_backdoor,0.5,0,22,5,0.3,0.12444444444444444,0.08462,2,2,1.0,0.0,1.0,0,0,0,0
cifar10,20,2,mixed_maturity,access_full,dirichlet_lcb,diverse_then_repeat_backdoor,0.5,0,23,5,0.324,0.1,0.08461999999999999,2,2,1.0,0.0,1.0,0,0,0,0
cifar10,20,2,mixed_maturity,access_full,dirichlet_lcb,diverse_then_repeat_backdoor,0.5,0,24,5,0.3105,0.35388888888888886,0.08461999999999999,2,2,1.0,0.0,1.0,0,0,0,0
cifar10,20,2,mixed_maturity,access_full,dirichlet_lcb,diverse_then_repeat_backdoor,0.5,0,25,5,0.353,0.21333333333333335,0.08462,2,2,1.0,0.0,1.0,0,0,0,0
cifar10,20,2,mixed_maturity,access_full,dirichlet_lcb,diverse_then_repeat_backdoor,0.5,0,26,5,0.3365,0.25166666666666665,0.08462,2,2,1.0,0.0,1.0,0,0,0,0
cifar10,20,2,mixed_maturity,access_full,dirichlet_lcb,diverse_then_repeat_backdoor,0.5,0,27,5,0.2905,0.03888888888888889,0.08462000000000001,2,2,1.0,0.0,1.0,0,0,0,0
cifar10,20,2,mixed_maturity,access_full,dirichlet_lcb,diverse_then_repeat_backdoor,0.5,0,28,5,0.3515,0.16111111111111112,0.08462,2,2,1.0,0.0,1.0,0,0,0,0
cifar10,20,2,mixed_maturity,access_full,dirichlet_lcb,diverse_then_repeat_backdoor,0.5,0,29,5,0.3265,0.11777777777777777,0.08462,2,2,1.0,0.0,1.0,0,0,0,0
cifar10,20,2,mixed_maturity,access_full,dirichlet_lcb,diverse_then_repeat_backdoor,0.5,0,30,5,0.341,0.23833333333333334,0.08462,2,2,1.0,0.0,1.0,0,0,0,0
cifar10,20,2,mixed_maturity,access_full,dirichlet_lcb,diverse_then_repeat_backdoor,0.5,0,31,5,0.3565,0.3327777777777778,0.08461999999999999,2,2,1.0,0.0,1.0,0,0,0,0
cifar10,20,2,mixed_maturity,access_full,dirichlet_lcb,diverse_then_repeat_backdoor,0.5,0,32,5,0.335,0.2288888888888889,0.08462,2,2,1.0,0.0,1.0,0,0,0,0
cifar10,20,2,mixed_maturity,access_full,dirichlet_lcb,diverse_then_repeat_backdoor,0.5,0,33,5,0.3475,0.24166666666666667,0.08462,2,2,1.0,0.0,1.0,0,0,0,0
cifar10,20,2,mixed_maturity,access_full,dirichlet_lcb,diverse_then_repeat_backdoor,0.5,0,34,5,0.345,0.3977777777777778,0.08461999999999999,2,2,1.0,0.0,1.0,0,0,0,0
cifar10,20,2,mixed_maturity,access_full,dirichlet_lcb,diverse_then_repeat_backdoor,0.5,0,35,5,0.3335,0.3061111111111111,0.08462,2,2,1.0,0.0,1.0,0,0,0,0
cifar10,20,2,mixed_maturity,access_full,dirichlet_lcb,diverse_then_repeat_backdoor,0.5,0,36,5,0.307,0.4761111111111111,0.08461999999999999,2,2,1.0,0.0,1.0,0,0,0,0
cifar10,20,2,mixed_maturity,access_full,dirichlet_lcb,diverse_then_repeat_backdoor,0.5,0,37,5,0.3305,0.26555555555555554,0.08462,2,2,1.0,0.0,1.0,0,0,0,0
cifar10,20,2,mixed_maturity,access_full,dirichlet_lcb,diverse_then_repeat_backdoor,0.5,0,38,5,0.3535,0.3416666666666667,0.08461999999999999,2,2,1.0,0.0,1.0,0,0,0,0
cifar10,20,2,mixed_maturity,access_full,dirichlet_lcb,diverse_then_repeat_backdoor,0.5,0,39,5,0.3145,0.13111111111111112,0.08462,2,2,1.0,0.0,1.0,0,0,0,0
cifar10,20,2,mixed_maturity,access_full,dirichlet_lcb,diverse_then_repeat_backdoor,0.5,0,40,5,0.3355,0.4438888888888889,0.08462,2,2,1.0,0.0,1.0,0,0,0,0
cifar10,20,2,mixed_maturity,access_full,dirichlet_lcb,diverse_then_repeat_backdoor,0.5,0,41,5,0.3415,0.3022222222222222,0.08461999999999999,2,2,1.0,0.0,1.0,0,0,0,0
cifar10,20,2,mixed_maturity,access_full,dirichlet_lcb,diverse_then_repeat_backdoor,0.5,0,42,5,0.3295,0.49,0.08462,2,2,1.0,0.0,1.0,0,0,0,0
cifar10,20,2,mixed_maturity,access_full,dirichlet_lcb,diverse_then_repeat_backdoor,0.5,0,43,5,0.351,0.13555555555555557,0.08462,2,2,1.0,0.0,1.0,0,0,0,0
cifar10,20,2,mixed_maturity,access_full,dirichlet_lcb,diverse_then_repeat_backdoor,0.5,0,44,5,0.3415,0.39944444444444444,0.08462,2,2,1.0,0.0,1.0,0,0,0,0
cifar10,20,2,mixed_maturity,access_full,dirichlet_lcb,diverse_then_repeat_backdoor,0.5,0,45,5,0.3615,0.29444444444444445,0.08462,2,2,1.0,0.0,1.0,0,0,0,0
cifar10,20,2,mixed_maturity,access_full,dirichlet_lcb,diverse_then_repeat_backdoor,0.5,0,46,5,0.336,0.1827777777777778,0.08462,2,2,1.0,0.0,1.0,0,0,0,0
cifar10,20,2,mixed_maturity,access_full,dirichlet_lcb,diverse_then_repeat_backdoor,0.5,0,47,5,0.341,0.3477777777777778,0.08462,2,2,1.0,0.0,1.0,0,0,0,0
cifar10,20,2,mixed_maturity,access_full,dirichlet_lcb,diverse_then_repeat_backdoor,0.5,0,48,5,0.352,0.43,0.08462,2,2,1.0,0.0,1.0,0,0,0,0
cifar10,20,2,mixed_maturity,access_full,dirichlet_lcb,diverse_then_repeat_backdoor,0.5,0,49,5,0.3545,0.39222222222222225,0.08462,2,2,1.0,0.0,1.0,0,0,0,0
cifar10,20,2,mixed_maturity,access_full,dirichlet_lcb,diverse_then_repeat_backdoor,0.5,0,50,5,0.336,0.31777777777777777,0.08462,2,2,1.0,0.0,1.0,0,0,0,0
cifar10,20,2,mixed_maturity,access_full,dirichlet_lcb,diverse_then_repeat_backdoor,0.5,1,1,5,0.21,0.14666666666666667,0.0101010101010101,2,2,1.0,1.0,0.0,0,0,0,0
cifar10,20,2,mixed_maturity,access_full,dirichlet_lcb,diverse_then_repeat_backdoor,0.5,1,2,5,0.1515,0.017222222222222222,0.0101010101010101,2,2,1.0,1.0,0.0,0,0,0,0
cifar10,20,2,mixed_maturity,access_full,dirichlet_lcb,diverse_then_repeat_backdoor,0.5,1,3,5,0.206,0.0011111111111111111,0.0101010101010101,2,2,1.0,1.0,0.0,0,0,0,0
cifar10,20,2,mixed_maturity,access_full,dirichlet_lcb,diverse_then_repeat_backdoor,0.5,1,4,5,0.2335,0.225,0.0101010101010101,2,2,1.0,1.0,0.0,0,0,0,0
cifar10,20,2,mixed_maturity,access_full,dirichlet_lcb,diverse_then_repeat_backdoor,0.5,1,5,5,0.2675,0.03333333333333333,0.019999999999999997,2,2,1.0,0.0,1.0,0,0,0,0
cifar10,20,2,mixed_maturity,access_full,dirichlet_lcb,diverse_then_repeat_backdoor,0.5,1,6,5,0.258,0.1661111111111111,0.019999999999999997,2,2,1.0,0.0,1.0,0,0,0,0
cifar10,20,2,mixed_maturity,access_full,dirichlet_lcb,diverse_then_repeat_backdoor,0.5,1,7,5,0.237,0.043333333333333335,0.02,2,2,1.0,0.0,1.0,0,0,0,0
cifar10,20,2,mixed_maturity,access_full,dirichlet_lcb,diverse_then_repeat_backdoor,0.5,1,8,5,0.2745,0.05,0.019999999999999997,2,2,1.0,0.0,1.0,0,0,0,0
cifar10,20,2,mixed_maturity,access_full,dirichlet_lcb,diverse_then_repeat_backdoor,0.5,1,9,5,0.28,0.08277777777777778,0.02,2,2,1.0,0.0,1.0,0,0,0,0
cifar10,20,2,mixed_maturity,access_full,dirichlet_lcb,diverse_then_repeat_backdoor,0.5,1,10,5,0.2845,0.08555555555555555,0.02,2,2,1.0,0.0,1.0,0,0,0,0
cifar10,20,2,mixed_maturity,access_full,dirichlet_lcb,diverse_then_repeat_backdoor,0.5,1,11,5,0.276,0.25055555555555553,0.02,2,2,1.0,0.0,1.0,0,0,0,0
cifar10,20,2,mixed_maturity,access_full,dirichlet_lcb,diverse_then_repeat_backdoor,0.5,1,12,5,0.2905,0.0661111111111111,0.020000000000000004,2,2,1.0,0.0,1.0,0,0,0,0
cifar10,20,2,mixed_maturity,access_full,dirichlet_lcb,diverse_then_repeat_backdoor,0.5,1,13,5,0.2985,0.002777777777777778,0.019999999999999997,2,2,1.0,0.0,1.0,0,0,0,0
cifar10,20,2,mixed_maturity,access_full,dirichlet_lcb,diverse_then_repeat_backdoor,0.5,1,14,5,0.309,0.165,0.019999999999999997,2,2,1.0,0.0,1.0,0,0,0,0
cifar10,20,2,mixed_maturity,access_full,dirichlet_lcb,diverse_then_repeat_backdoor,0.5,1,15,5,0.2845,0.03944444444444444,0.02,2,2,1.0,0.0,1.0,0,0,0,0
cifar10,20,2,mixed_maturity,access_full,dirichlet_lcb,diverse_then_repeat_backdoor,0.5,1,16,5,0.249,0.007222222222222222,0.020000000000000004,2,2,1.0,0.0,1.0,0,0,0,0
cifar10,20,2,mixed_maturity,access_full,dirichlet_lcb,diverse_then_repeat_backdoor,0.5,1,17,5,0.3015,0.03833333333333333,0.02,2,2,1.0,0.0,1.0,0,0,0,0
cifar10,20,2,mixed_maturity,access_full,dirichlet_lcb,diverse_then_repeat_backdoor,0.5,1,18,5,0.327,0.14444444444444443,0.02,2,2,1.0,0.0,1.0,0,0,0,0
cifar10,20,2,mixed_maturity,access_full,dirichlet_lcb,diverse_then_repeat_backdoor,0.5,1,19,5,0.28,0.03722222222222222,0.02,2,2,1.0,0.0,1.0,0,0,0,0
cifar10,20,2,mixed_maturity,access_full,dirichlet_lcb,diverse_then_repeat_backdoor,0.5,1,20,5,0.314,0.005,0.02,2,2,1.0,0.0,1.0,0,0,0,0
cifar10,20,2,mixed_maturity,access_full,dirichlet_lcb,diverse_then_repeat_backdoor,0.5,1,21,5,0.323,0.02722222222222222,0.020000000000000004,2,2,1.0,0.0,1.0,0,0,0,0
cifar10,20,2,mixed_maturity,access_full,dirichlet_lcb,diverse_then_repeat_backdoor,0.5,1,22,5,0.305,0.14777777777777779,0.02,2,2,1.0,0.0,1.0,0,0,0,0
cifar10,20,2,mixed_maturity,access_full,dirichlet_lcb,diverse_then_repeat_backdoor,0.5,1,23,5,0.307,0.0016666666666666668,0.02,2,2,1.0,0.0,1.0,0,0,0,0
cifar10,20,2,mixed_maturity,access_full,dirichlet_lcb,diverse_then_repeat_backdoor,0.5,1,24,5,0.347,0.1827777777777778,0.019999999999999993,2,2,1.0,0.0,1.0,0,0,0,0
cifar10,20,2,mixed_maturity,access_full,dirichlet_lcb,diverse_then_repeat_backdoor,0.5,1,25,5,0.3345,0.006666666666666667,0.02,2,2,1.0,0.0,1.0,0,0,0,0
cifar10,20,2,mixed_maturity,access_full,dirichlet_lcb,diverse_then_repeat_backdoor,0.5,1,26,5,0.333,0.02,0.019999999999999997,2,2,1.0,0.0,1.0,0,0,0,0
cifar10,20,2,mixed_maturity,access_full,dirichlet_lcb,diverse_then_repeat_backdoor,0.5,1,27,5,0.3285,0.11555555555555555,0.02,2,2,1.0,0.0,1.0,0,0,0,0
cifar10,20,2,mixed_maturity,access_full,dirichlet_lcb,diverse_then_repeat_backdoor,0.5,1,28,5,0.345,0.07666666666666666,0.02,2,2,1.0,0.0,1.0,0,0,0,0
cifar10,20,2,mixed_maturity,access_full,dirichlet_lcb,diverse_then_repeat_backdoor,0.5,1,29,5,0.3485,0.06,0.02,2,2,1.0,0.0,1.0,0,0,0,0
cifar10,20,2,mixed_maturity,access_full,dirichlet_lcb,diverse_then_repeat_backdoor,0.5,1,30,5,0.3095,0.11888888888888889,0.02,2,2,1.0,0.0,1.0,0,0,0,0
cifar10,20,2,mixed_maturity,access_full,dirichlet_lcb,diverse_then_repeat_backdoor,0.5,1,31,5,0.3225,0.23055555555555557,0.02,2,2,1.0,0.0,1.0,0,0,0,0
cifar10,20,2,mixed_maturity,access_full,dirichlet_lcb,diverse_then_repeat_backdoor,0.5,1,32,5,0.32,0.05277777777777778,0.02,2,2,1.0,0.0,1.0,0,0,0,0
cifar10,20,2,mixed_maturity,access_full,dirichlet_lcb,diverse_then_repeat_backdoor,0.5,1,33,5,0.2975,0.19277777777777777,0.020000000000000004,2,2,1.0,0.0,1.0,0,0,0,0
cifar10,20,2,mixed_maturity,access_full,dirichlet_lcb,diverse_then_repeat_backdoor,0.5,1,34,5,0.2795,0.0077777777777777776,0.019999999999999997,2,2,1.0,0.0,1.0,0,0,0,0
cifar10,20,2,mixed_maturity,access_full,dirichlet_lcb,diverse_then_repeat_backdoor,0.5,1,35,5,0.342,0.07444444444444444,0.02,2,2,1.0,0.0,1.0,0,0,0,0
cifar10,20,2,mixed_maturity,access_full,dirichlet_lcb,diverse_then_repeat_backdoor,0.5,1,36,5,0.3495,0.18777777777777777,0.02,2,2,1.0,0.0,1.0,0,0,0,0
cifar10,20,2,mixed_maturity,access_full,dirichlet_lcb,diverse_then_repeat_backdoor,0.5,1,37,5,0.3485,0.008888888888888889,0.02,2,2,1.0,0.0,1.0,0,0,0,0
cifar10,20,2,mixed_maturity,access_full,dirichlet_lcb,diverse_then_repeat_backdoor,0.5,1,38,5,0.3555,0.15888888888888889,0.02,2,2,1.0,0.0,1.0,0,0,0,0
cifar10,20,2,mixed_maturity,access_full,dirichlet_lcb,diverse_then_repeat_backdoor,0.5,1,39,5,0.314,0.18055555555555555,0.02,2,2,1.0,0.0,1.0,0,0,0,0
cifar10,20,2,mixed_maturity,access_full,dirichlet_lcb,diverse_then_repeat_backdoor,0.5,1,40,5,0.307,0.22444444444444445,0.02,2,2,1.0,0.0,1.0,0,0,0,0
cifar10,20,2,mixed_maturity,access_full,dirichlet_lcb,diverse_then_repeat_backdoor,0.5,1,41,5,0.315,0.1411111111111111,0.019999999999999997,2,2,1.0,0.0,1.0,0,0,0,0
cifar10,20,2,mixed_maturity,access_full,dirichlet_lcb,diverse_then_repeat_backdoor,0.5,1,42,5,0.299,0.02722222222222222,0.02,2,2,1.0,0.0,1.0,0,0,0,0
cifar10,20,2,mixed_maturity,access_full,dirichlet_lcb,diverse_then_repeat_backdoor,0.5,1,43,5,0.336,0.20777777777777778,0.020000000000000004,2,2,1.0,0.0,1.0,0,0,0,0
cifar10,20,2,mixed_maturity,access_full,dirichlet_lcb,diverse_then_repeat_backdoor,0.5,1,44,5,0.342,0.1361111111111111,0.02,2,2,1.0,0.0,1.0,0,0,0,0
cifar10,20,2,mixed_maturity,access_full,dirichlet_lcb,diverse_then_repeat_backdoor,0.5,1,45,5,0.3055,0.06055555555555556,0.019999999999999997,2,2,1.0,0.0,1.0,0,0,0,0
cifar10,20,2,mixed_maturity,access_full,dirichlet_lcb,diverse_then_repeat_backdoor,0.5,1,46,5,0.3585,0.01611111111111111,0.02,2,2,1.0,0.0,1.0,0,0,0,0
cifar10,20,2,mixed_maturity,access_full,dirichlet_lcb,diverse_then_repeat_backdoor,0.5,1,47,5,0.345,0.2127777777777778,0.02,2,2,1.0,0.0,1.0,0,0,0,0
cifar10,20,2,mixed_maturity,access_full,dirichlet_lcb,diverse_then_repeat_backdoor,0.5,1,48,5,0.3365,0.029444444444444443,0.02,2,2,1.0,0.0,1.0,0,0,0,0
cifar10,20,2,mixed_maturity,access_full,dirichlet_lcb,diverse_then_repeat_backdoor,0.5,1,49,5,0.355,0.1411111111111111,0.019999999999999997,2,2,1.0,0.0,1.0,0,0,0,0
cifar10,20,2,mixed_maturity,access_full,dirichlet_lcb,diverse_then_repeat_backdoor,0.5,1,50,5,0.3345,0.185,0.02,2,2,1.0,0.0,1.0,0,0,0,0
cifar10,20,2,mixed_maturity,access_full,dirichlet_lcb,diverse_then_repeat_backdoor,0.5,2,1,5,0.1575,0.0,0.04668201800293071,2,2,1.0,1.0,0.0,0,0,0,0
cifar10,20,2,mixed_maturity,access_full,dirichlet_lcb,diverse_then_repeat_backdoor,0.5,2,2,5,0.2315,0.20333333333333334,0.04668201800293071,2,2,1.0,1.0,0.0,0,0,0,0
cifar10,20,2,mixed_maturity,access_full,dirichlet_lcb,diverse_then_repeat_backdoor,0.5,2,3,5,0.2335,0.0016666666666666668,0.0466820180029307,2,2,1.0,1.0,0.0,0,0,0,0
cifar10,20,2,mixed_maturity,access_full,dirichlet_lcb,diverse_then_repeat_backdoor,0.5,2,4,5,0.246,0.0038888888888888888,0.04668201800293072,2,2,1.0,1.0,0.0,0,0,0,0
cifar10,20,2,mixed_maturity,access_full,dirichlet_lcb,diverse_then_repeat_backdoor,0.5,2,5,5,0.302,0.0038888888888888888,0.0892,2,2,1.0,0.0,1.0,0,0,0,0
cifar10,20,2,mixed_maturity,access_full,dirichlet_lcb,diverse_then_repeat_backdoor,0.5,2,6,5,0.249,0.2916666666666667,0.08920000000000002,2,2,1.0,0.0,1.0,0,0,0,0
cifar10,20,2,mixed_maturity,access_full,dirichlet_lcb,diverse_then_repeat_backdoor,0.5,2,7,5,0.28,0.23166666666666666,0.0892,2,2,1.0,0.0,1.0,0,0,0,0
cifar10,20,2,mixed_maturity,access_full,dirichlet_lcb,diverse_then_repeat_backdoor,0.5,2,8,5,0.302,0.07277777777777777,0.08920000000000002,2,2,1.0,0.0,1.0,0,0,0,0
cifar10,20,2,mixed_maturity,access_full,dirichlet_lcb,diverse_then_repeat_backdoor,0.5,2,9,5,0.258,0.013888888888888888,0.08919999999999999,2,2,1.0,0.0,1.0,0,0,0,0
cifar10,20,2,mixed_maturity,access_full,dirichlet_lcb,diverse_then_repeat_backdoor,0.5,2,10,5,0.285,0.2644444444444444,0.08920000000000002,2,2,1.0,0.0,1.0,0,0,0,0
cifar10,20,2,mixed_maturity,access_full,dirichlet_lcb,diverse_then_repeat_backdoor,0.5,2,11,5,0.3245,0.115,0.0892,2,2,1.0,0.0,1.0,0,0,0,0
cifar10,20,2,mixed_maturity,access_full,dirichlet_lcb,diverse_then_repeat_backdoor,0.5,2,12,5,0.2615,0.20444444444444446,0.08920000000000002,2,2,1.0,0.0,1.0,0,0,0,0
cifar10,20,2,mixed_maturity,access_full,dirichlet_lcb,diverse_then_repeat_backdoor,0.5,2,13,5,0.3105,0.1922222222222222,0.08920000000000002,2,2,1.0,0.0,1.0,0,0,0,0
cifar10,20,2,mixed_maturity,access_full,dirichlet_lcb,diverse_then_repeat_backdoor,0.5,2,14,5,0.326,0.08666666666666667,0.0892,2,2,1.0,0.0,1.0,0,0,0,0
cifar10,20,2,mixed_maturity,access_full,dirichlet_lcb,diverse_then_repeat_backdoor,0.5,2,15,5,0.2865,0.06388888888888888,0.0892,2,2,1.0,0.0,1.0,0,0,0,0
cifar10,20,2,mixed_maturity,access_full,dirichlet_lcb,diverse_then_repeat_backdoor,0.5,2,16,5,0.32,0.06388888888888888,0.0892,2,2,1.0,0.0,1.0,0,0,0,0
cifar10,20,2,mixed_maturity,access_full,dirichlet_lcb,diverse_then_repeat_backdoor,0.5,2,17,5,0.3365,0.1827777777777778,0.0892,2,2,1.0,0.0,1.0,0,0,0,0
cifar10,20,2,mixed_maturity,access_full,dirichlet_lcb,diverse_then_repeat_backdoor,0.5,2,18,5,0.29,0.3972222222222222,0.0892,2,2,1.0,0.0,1.0,0,0,0,0
cifar10,20,2,mixed_maturity,access_full,dirichlet_lcb,diverse_then_repeat_backdoor,0.5,2,19,5,0.273,0.14222222222222222,0.0892,2,2,1.0,0.0,1.0,0,0,0,0
cifar10,20,2,mixed_maturity,access_full,dirichlet_lcb,diverse_then_repeat_backdoor,0.5,2,20,5,0.3505,0.17944444444444443,0.08919999999999999,2,2,1.0,0.0,1.0,0,0,0,0
cifar10,20,2,mixed_maturity,access_full,dirichlet_lcb,diverse_then_repeat_backdoor,0.5,2,21,5,0.3065,0.21555555555555556,0.0892,2,2,1.0,0.0,1.0,0,0,0,0
cifar10,20,2,mixed_maturity,access_full,dirichlet_lcb,diverse_then_repeat_backdoor,0.5,2,22,5,0.3235,0.28888888888888886,0.08920000000000002,2,2,1.0,0.0,1.0,0,0,0,0
cifar10,20,2,mixed_maturity,access_full,dirichlet_lcb,diverse_then_repeat_backdoor,0.5,2,23,5,0.296,0.4161111111111111,0.0892,2,2,1.0,0.0,1.0,0,0,0,0
cifar10,20,2,mixed_maturity,access_full,dirichlet_lcb,diverse_then_repeat_backdoor,0.5,2,24,5,0.325,0.20277777777777778,0.08919999999999999,2,2,1.0,0.0,1.0,0,0,0,0
cifar10,20,2,mixed_maturity,access_full,dirichlet_lcb,diverse_then_repeat_backdoor,0.5,2,25,5,0.299,0.45111111111111113,0.08920000000000002,2,2,1.0,0.0,1.0,0,0,0,0
cifar10,20,2,mixed_maturity,access_full,dirichlet_lcb,diverse_then_repeat_backdoor,0.5,2,26,5,0.301,0.017777777777777778,0.08920000000000002,2,2,1.0,0.0,1.0,0,0,0,0
cifar10,20,2,mixed_maturity,access_full,dirichlet_lcb,diverse_then_repeat_backdoor,0.5,2,27,5,0.3495,0.08055555555555556,0.0892,2,2,1.0,0.0,1.0,0,0,0,0
cifar10,20,2,mixed_maturity,access_full,dirichlet_lcb,diverse_then_repeat_backdoor,0.5,2,28,5,0.3225,0.29888888888888887,0.0892,2,2,1.0,0.0,1.0,0,0,0,0
cifar10,20,2,mixed_maturity,access_full,dirichlet_lcb,diverse_then_repeat_backdoor,0.5,2,29,5,0.319,0.2727777777777778,0.0892,2,2,1.0,0.0,1.0,0,0,0,0
cifar10,20,2,mixed_maturity,access_full,dirichlet_lcb,diverse_then_repeat_backdoor,0.5,2,30,5,0.2955,0.17722222222222223,0.0892,2,2,1.0,0.0,1.0,0,0,0,0
cifar10,20,2,mixed_maturity,access_full,dirichlet_lcb,diverse_then_repeat_backdoor,0.5,2,31,5,0.331,0.2733333333333333,0.0892,2,2,1.0,0.0,1.0,0,0,0,0
cifar10,20,2,mixed_maturity,access_full,dirichlet_lcb,diverse_then_repeat_backdoor,0.5,2,32,5,0.3225,0.36277777777777775,0.08920000000000002,2,2,1.0,0.0,1.0,0,0,0,0
cifar10,20,2,mixed_maturity,access_full,dirichlet_lcb,diverse_then_repeat_backdoor,0.5,2,33,5,0.345,0.25222222222222224,0.0892,2,2,1.0,0.0,1.0,0,0,0,0
cifar10,20,2,mixed_maturity,access_full,dirichlet_lcb,diverse_then_repeat_backdoor,0.5,2,34,5,0.3515,0.37277777777777776,0.0892,2,2,1.0,0.0,1.0,0,0,0,0
cifar10,20,2,mixed_maturity,access_full,dirichlet_lcb,diverse_then_repeat_backdoor,0.5,2,35,5,0.306,0.24222222222222223,0.08919999999999999,2,2,1.0,0.0,1.0,0,0,0,0
cifar10,20,2,mixed_maturity,access_full,dirichlet_lcb,diverse_then_repeat_backdoor,0.5,2,36,5,0.312,0.35944444444444446,0.0892,2,2,1.0,0.0,1.0,0,0,0,0
cifar10,20,2,mixed_maturity,access_full,dirichlet_lcb,diverse_then_repeat_backdoor,0.5,2,37,5,0.292,0.6572222222222223,0.0892,2,2,1.0,0.0,1.0,0,0,0,0
cifar10,20,2,mixed_maturity,access_full,dirichlet_lcb,diverse_then_repeat_backdoor,0.5,2,38,5,0.363,0.2788888888888889,0.08919999999999999,2,2,1.0,0.0,1.0,0,0,0,0
cifar10,20,2,mixed_maturity,access_full,dirichlet_lcb,diverse_then_repeat_backdoor,0.5,2,39,5,0.339,0.3788888888888889,0.08919999999999999,2,2,1.0,0.0,1.0,0,0,0,0
cifar10,20,2,mixed_maturity,access_full,dirichlet_lcb,diverse_then_repeat_backdoor,0.5,2,40,5,0.378,0.30944444444444447,0.0892,2,2,1.0,0.0,1.0,0,0,0,0
cifar10,20,2,mixed_maturity,access_full,dirichlet_lcb,diverse_then_repeat_backdoor,0.5,2,41,5,0.3205,0.3333333333333333,0.08919999999999999,2,2,1.0,0.0,1.0,0,0,0,0
cifar10,20,2,mixed_maturity,access_full,dirichlet_lcb,diverse_then_repeat_backdoor,0.5,2,42,5,0.328,0.55,0.0892,2,2,1.0,0.0,1.0,0,0,0,0
cifar10,20,2,mixed_maturity,access_full,dirichlet_lcb,diverse_then_repeat_backdoor,0.5,2,43,5,0.352,0.2966666666666667,0.0892,2,2,1.0,0.0,1.0,0,0,0,0
cifar10,20,2,mixed_maturity,access_full,dirichlet_lcb,diverse_then_repeat_backdoor,0.5,2,44,5,0.3495,0.21777777777777776,0.0892,2,2,1.0,0.0,1.0,0,0,0,0
cifar10,20,2,mixed_maturity,access_full,dirichlet_lcb,diverse_then_repeat_backdoor,0.5,2,45,5,0.3775,0.46444444444444444,0.0892,2,2,1.0,0.0,1.0,0,0,0,0
cifar10,20,2,mixed_maturity,access_full,dirichlet_lcb,diverse_then_repeat_backdoor,0.5,2,46,5,0.3305,0.4861111111111111,0.0892,2,2,1.0,0.0,1.0,0,0,0,0
cifar10,20,2,mixed_maturity,access_full,dirichlet_lcb,diverse_then_repeat_backdoor,0.5,2,47,5,0.334,0.5038888888888889,0.08919999999999999,2,2,1.0,0.0,1.0,0,0,0,0
cifar10,20,2,mixed_maturity,access_full,dirichlet_lcb,diverse_then_repeat_backdoor,0.5,2,48,5,0.3695,0.2811111111111111,0.0892,2,2,1.0,0.0,1.0,0,0,0,0
cifar10,20,2,mixed_maturity,access_full,dirichlet_lcb,diverse_then_repeat_backdoor,0.5,2,49,5,0.316,0.3138888888888889,0.0892,2,2,1.0,0.0,1.0,0,0,0,0
cifar10,20,2,mixed_maturity,access_full,dirichlet_lcb,diverse_then_repeat_backdoor,0.5,2,50,5,0.324,0.30833333333333335,0.0892,2,2,1.0,0.0,1.0,0,0,0,0
cifar10,20,2,mixed_maturity,access_full,dirichlet_lcb,diverse_then_repeat_backdoor,0.5,3,1,5,0.1665,0.0,0.05537555539138603,2,2,1.0,1.0,0.0,0,0,0,0
cifar10,20,2,mixed_maturity,access_full,dirichlet_lcb,diverse_then_repeat_backdoor,0.5,3,2,5,0.227,0.008888888888888889,0.05537555539138603,2,2,1.0,1.0,0.0,0,0,0,0
cifar10,20,2,mixed_maturity,access_full,dirichlet_lcb,diverse_then_repeat_backdoor,0.5,3,3,5,0.1915,0.2722222222222222,0.05537555539138602,2,2,1.0,1.0,0.0,0,0,0,0
cifar10,20,2,mixed_maturity,access_full,dirichlet_lcb,diverse_then_repeat_backdoor,0.5,3,4,5,0.278,0.0005555555555555556,0.05537555539138603,2,2,1.0,1.0,0.0,0,0,0,0
cifar10,20,2,mixed_maturity,access_full,dirichlet_lcb,diverse_then_repeat_backdoor,0.5,3,5,5,0.2385,0.0005555555555555556,0.10494,2,2,1.0,0.0,1.0,0,0,0,0
cifar10,20,2,mixed_maturity,access_full,dirichlet_lcb,diverse_then_repeat_backdoor,0.5,3,6,5,0.2855,0.07111111111111111,0.10494,2,2,1.0,0.0,1.0,0,0,0,0
cifar10,20,2,mixed_maturity,access_full,dirichlet_lcb,diverse_then_repeat_backdoor,0.5,3,7,5,0.2935,0.2411111111111111,0.10494,2,2,1.0,0.0,1.0,0,0,0,0
cifar10,20,2,mixed_maturity,access_full,dirichlet_lcb,diverse_then_repeat_backdoor,0.5,3,8,5,0.317,0.051111111111111114,0.10494,2,2,1.0,0.0,1.0,0,0,0,0
cifar10,20,2,mixed_maturity,access_full,dirichlet_lcb,diverse_then_repeat_backdoor,0.5,3,9,5,0.2705,0.14944444444444444,0.10493999999999998,2,2,1.0,0.0,1.0,0,0,0,0
cifar10,20,2,mixed_maturity,access_full,dirichlet_lcb,diverse_then_repeat_backdoor,0.5,3,10,5,0.282,0.0033333333333333335,0.10494000000000002,2,2,1.0,0.0,1.0,0,0,0,0
cifar10,20,2,mixed_maturity,access_full,dirichlet_lcb,diverse_then_repeat_backdoor,0.5,3,11,5,0.315,0.10277777777777777,0.10494,2,2,1.0,0.0,1.0,0,0,0,0
cifar10,20,2,mixed_maturity,access_full,dirichlet_lcb,diverse_then_repeat_backdoor,0.5,3,12,5,0.3135,0.12055555555555555,0.10494,2,2,1.0,0.0,1.0,0,0,0,0
cifar10,20,2,mixed_maturity,access_full,dirichlet_lcb,diverse_then_repeat_backdoor,0.5,3,13,5,0.2965,0.42333333333333334,0.10494000000000002,2,2,1.0,0.0,1.0,0,0,0,0
cifar10,20,2,mixed_maturity,access_full,dirichlet_lcb,diverse_then_repeat_backdoor,0.5,3,14,5,0.311,0.0011111111111111111,0.10494,2,2,1.0,0.0,1.0,0,0,0,0
cifar10,20,2,mixed_maturity,access_full,dirichlet_lcb,diverse_then_repeat_backdoor,0.5,3,15,5,0.3045,0.31055555555555553,0.10494,2,2,1.0,0.0,1.0,0,0,0,0
cifar10,20,2,mixed_maturity,access_full,dirichlet_lcb,diverse_then_repeat_backdoor,0.5,3,16,5,0.2865,0.22555555555555556,0.10494,2,2,1.0,0.0,1.0,0,0,0,0
cifar10,20,2,mixed_maturity,access_full,dirichlet_lcb,diverse_then_repeat_backdoor,0.5,3,17,5,0.277,0.002777777777777778,0.10494,2,2,1.0,0.0,1.0,0,0,0,0
cifar10,20,2,mixed_maturity,access_full,dirichlet_lcb,diverse_then_repeat_backdoor,0.5,3,18,5,0.318,0.44222222222222224,0.10494,2,2,1.0,0.0,1.0,0,0,0,0
cifar10,20,2,mixed_maturity,access_full,dirichlet_lcb,diverse_then_repeat_backdoor,0.5,3,19,5,0.313,0.02277777777777778,0.10494,2,2,1.0,0.0,1.0,0,0,0,0
cifar10,20,2,mixed_maturity,access_full,dirichlet_lcb,diverse_then_repeat_backdoor,0.5,3,20,5,0.3035,0.3322222222222222,0.10494,2,2,1.0,0.0,1.0,0,0,0,0
cifar10,20,2,mixed_maturity,access_full,dirichlet_lcb,diverse_then_repeat_backdoor,0.5,3,21,5,0.2785,0.03722222222222222,0.10493999999999998,2,2,1.0,0.0,1.0,0,0,0,0
cifar10,20,2,mixed_maturity,access_full,dirichlet_lcb,diverse_then_repeat_backdoor,0.5,3,22,5,0.3485,0.20333333333333334,0.10494,2,2,1.0,0.0,1.0,0,0,0,0
cifar10,20,2,mixed_maturity,access_full,dirichlet_lcb,diverse_then_repeat_backdoor,0.5,3,23,5,0.309,0.16111111111111112,0.10494,2,2,1.0,0.0,1.0,0,0,0,0
cifar10,20,2,mixed_maturity,access_full,dirichlet_lcb,diverse_then_repeat_backdoor,0.5,3,24,5,0.3325,0.27555555555555555,0.10493999999999998,2,2,1.0,0.0,1.0,0,0,0,0
cifar10,20,2,mixed_maturity,access_full,dirichlet_lcb,diverse_then_repeat_backdoor,0.5,3,25,5,0.2975,0.25,0.10494000000000002,2,2,1.0,0.0,1.0,0,0,0,0
cifar10,20,2,mixed_maturity,access_full,dirichlet_lcb,diverse_then_repeat_backdoor,0.5,3,26,5,0.333,0.36666666666666664,0.10494,2,2,1.0,0.0,1.0,0,0,0,0
cifar10,20,2,mixed_maturity,access_full,dirichlet_lcb,diverse_then_repeat_backdoor,0.5,3,27,5,0.3495,0.4488888888888889,0.10493999999999998,2,2,1.0,0.0,1.0,0,0,0,0
cifar10,20,2,mixed_maturity,access_full,dirichlet_lcb,diverse_then_repeat_backdoor,0.5,3,28,5,0.334,0.3877777777777778,0.10494,2,2,1.0,0.0,1.0,0,0,0,0
cifar10,20,2,mixed_maturity,access_full,dirichlet_lcb,diverse_then_repeat_backdoor,0.5,3,29,5,0.348,0.39444444444444443,0.10493999999999998,2,2,1.0,0.0,1.0,0,0,0,0
cifar10,20,2,mixed_maturity,access_full,dirichlet_lcb,diverse_then_repeat_backdoor,0.5,3,30,5,0.339,0.26944444444444443,0.10494,2,2,1.0,0.0,1.0,0,0,0,0
cifar10,20,2,mixed_maturity,access_full,dirichlet_lcb,diverse_then_repeat_backdoor,0.5,3,31,5,0.351,0.3333333333333333,0.10494000000000003,2,2,1.0,0.0,1.0,0,0,0,0
cifar10,20,2,mixed_maturity,access_full,dirichlet_lcb,diverse_then_repeat_backdoor,0.5,3,32,5,0.3385,0.27666666666666667,0.10494000000000002,2,2,1.0,0.0,1.0,0,0,0,0
cifar10,20,2,mixed_maturity,access_full,dirichlet_lcb,diverse_then_repeat_backdoor,0.5,3,33,5,0.3185,0.5072222222222222,0.10494,2,2,1.0,0.0,1.0,0,0,0,0
cifar10,20,2,mixed_maturity,access_full,dirichlet_lcb,diverse_then_repeat_backdoor,0.5,3,34,5,0.334,0.5433333333333333,0.10493999999999998,2,2,1.0,0.0,1.0,0,0,0,0
cifar10,20,2,mixed_maturity,access_full,dirichlet_lcb,diverse_then_repeat_backdoor,0.5,3,35,5,0.3305,0.5144444444444445,0.10494,2,2,1.0,0.0,1.0,0,0,0,0
cifar10,20,2,mixed_maturity,access_full,dirichlet_lcb,diverse_then_repeat_backdoor,0.5,3,36,5,0.3245,0.021111111111111112,0.10494,2,2,1.0,0.0,1.0,0,0,0,0
cifar10,20,2,mixed_maturity,access_full,dirichlet_lcb,diverse_then_repeat_backdoor,0.5,3,37,5,0.372,0.3433333333333333,0.10494,2,2,1.0,0.0,1.0,0,0,0,0
cifar10,20,2,mixed_maturity,access_full,dirichlet_lcb,diverse_then_repeat_backdoor,0.5,3,38,5,0.357,0.36944444444444446,0.10494,2,2,1.0,0.0,1.0,0,0,0,0
cifar10,20,2,mixed_maturity,access_full,dirichlet_lcb,diverse_then_repeat_backdoor,0.5,3,39,5,0.34,0.13166666666666665,0.10494,2,2,1.0,0.0,1.0,0,0,0,0
cifar10,20,2,mixed_maturity,access_full,dirichlet_lcb,diverse_then_repeat_backdoor,0.5,3,40,5,0.354,0.39166666666666666,0.10494,2,2,1.0,0.0,1.0,0,0,0,0
cifar10,20,2,mixed_maturity,access_full,dirichlet_lcb,diverse_then_repeat_backdoor,0.5,3,41,5,0.3675,0.3977777777777778,0.10494,2,2,1.0,0.0,1.0,0,0,0,0
cifar10,20,2,mixed_maturity,access_full,dirichlet_lcb,diverse_then_repeat_backdoor,0.5,3,42,5,0.359,0.34444444444444444,0.10494000000000002,2,2,1.0,0.0,1.0,0,0,0,0
cifar10,20,2,mixed_maturity,access_full,dirichlet_lcb,diverse_then_repeat_backdoor,0.5,3,43,5,0.3375,0.4855555555555556,0.10494,2,2,1.0,0.0,1.0,0,0,0,0
cifar10,20,2,mixed_maturity,access_full,dirichlet_lcb,diverse_then_repeat_backdoor,0.5,3,44,5,0.362,0.39166666666666666,0.10493999999999998,2,2,1.0,0.0,1.0,0,0,0,0
cifar10,20,2,mixed_maturity,access_full,dirichlet_lcb,diverse_then_repeat_backdoor,0.5,3,45,5,0.3425,0.5077777777777778,0.10494000000000002,2,2,1.0,0.0,1.0,0,0,0,0
cifar10,20,2,mixed_maturity,access_full,dirichlet_lcb,diverse_then_repeat_backdoor,0.5,3,46,5,0.3395,0.19055555555555556,0.10494,2,2,1.0,0.0,1.0,0,0,0,0
cifar10,20,2,mixed_maturity,access_full,dirichlet_lcb,diverse_then_repeat_backdoor,0.5,3,47,5,0.329,0.4477777777777778,0.10494,2,2,1.0,0.0,1.0,0,0,0,0
cifar10,20,2,mixed_maturity,access_full,dirichlet_lcb,diverse_then_repeat_backdoor,0.5,3,48,5,0.321,0.3055555555555556,0.10494000000000002,2,2,1.0,0.0,1.0,0,0,0,0
cifar10,20,2,mixed_maturity,access_full,dirichlet_lcb,diverse_then_repeat_backdoor,0.5,3,49,5,0.3355,0.6055555555555555,0.10493999999999998,2,2,1.0,0.0,1.0,0,0,0,0
cifar10,20,2,mixed_maturity,access_full,dirichlet_lcb,diverse_then_repeat_backdoor,0.5,3,50,5,0.345,0.19555555555555557,0.10494,2,2,1.0,0.0,1.0,0,0,0,0
cifar10,20,2,mixed_maturity,access_full,dirichlet_lcb,diverse_then_repeat_backdoor,0.5,4,1,5,0.1135,0.0,0.06692841977231749,2,2,1.0,1.0,0.0,0,0,0,0
cifar10,20,2,mixed_maturity,access_full,dirichlet_lcb,diverse_then_repeat_backdoor,0.5,4,2,5,0.1935,0.0005555555555555556,0.06692841977231748,2,2,1.0,1.0,0.0,0,0,0,0
cifar10,20,2,mixed_maturity,access_full,dirichlet_lcb,diverse_then_repeat_backdoor,0.5,4,3,5,0.2135,0.31444444444444447,0.06692841977231749,2,2,1.0,1.0,0.0,0,0,0,0
cifar10,20,2,mixed_maturity,access_full,dirichlet_lcb,diverse_then_repeat_backdoor,0.5,4,4,5,0.2415,0.08555555555555555,0.06692841977231748,2,2,1.0,1.0,0.0,0,0,0,0
cifar10,20,2,mixed_maturity,access_full,dirichlet_lcb,diverse_then_repeat_backdoor,0.5,4,5,5,0.311,0.09944444444444445,0.12546000000000002,2,2,1.0,0.0,1.0,0,0,0,0
cifar10,20,2,mixed_maturity,access_full,dirichlet_lcb,diverse_then_repeat_backdoor,0.5,4,6,5,0.255,0.02388888888888889,0.12546,2,2,1.0,0.0,1.0,0,0,0,0
cifar10,20,2,mixed_maturity,access_full,dirichlet_lcb,diverse_then_repeat_backdoor,0.5,4,7,5,0.286,0.11277777777777778,0.12546000000000002,2,2,1.0,0.0,1.0,0,0,0,0
cifar10,20,2,mixed_maturity,access_full,dirichlet_lcb,diverse_then_repeat_backdoor,0.5,4,8,5,0.2895,0.043333333333333335,0.12546000000000004,2,2,1.0,0.0,1.0,0,0,0,0
cifar10,20,2,mixed_maturity,access_full,dirichlet_lcb,diverse_then_repeat_backdoor,0.5,4,9,5,0.2465,0.18388888888888888,0.12546000000000002,2,2,1.0,0.0,1.0,0,0,0,0
cifar10,20,2,mixed_maturity,access_full,dirichlet_lcb,diverse_then_repeat_backdoor,0.5,4,10,5,0.2605,0.11222222222222222,0.12546000000000002,2,2,1.0,0.0,1.0,0,0,0,0
cifar10,20,2,mixed_maturity,access_full,dirichlet_lcb,diverse_then_repeat_backdoor,0.5,4,11,5,0.304,0.41388888888888886,0.12546000000000002,2,2,1.0,0.0,1.0,0,0,0,0
cifar10,20,2,mixed_maturity,access_full,dirichlet_lcb,diverse_then_repeat_backdoor,0.5,4,12,5,0.2615,0.011111111111111112,0.12546000000000002,2,2,1.0,0.0,1.0,0,0,0,0
cifar10,20,2,mixed_maturity,access_full,dirichlet_lcb,diverse_then_repeat_backdoor,0.5,4,13,5,0.2825,0.37333333333333335,0.12546000000000004,2,2,1.0,0.0,1.0,0,0,0,0
cifar10,20,2,mixed_maturity,access_full,dirichlet_lcb,diverse_then_repeat_backdoor,0.5,4,14,5,0.327,0.03333333333333333,0.12546000000000002,2,2,1.0,0.0,1.0,0,0,0,0
cifar10,20,2,mixed_maturity,access_full,dirichlet_lcb,diverse_then_repeat_backdoor,0.5,4,15,5,0.2665,0.5177777777777778,0.12546000000000002,2,2,1.0,0.0,1.0,0,0,0,0
cifar10,20,2,mixed_maturity,access_full,dirichlet_lcb,diverse_then_repeat_backdoor,0.5,4,16,5,0.312,0.022222222222222223,0.12546000000000002,2,2,1.0,0.0,1.0,0,0,0,0
cifar10,20,2,mixed_maturity,access_full,dirichlet_lcb,diverse_then_repeat_backdoor,0.5,4,17,5,0.308,0.0811111111111111,0.12546000000000002,2,2,1.0,0.0,1.0,0,0,0,0
cifar10,20,2,mixed_maturity,access_full,dirichlet_lcb,diverse_then_repeat_backdoor,0.5,4,18,5,0.2855,0.09388888888888888,0.12546000000000002,2,2,1.0,0.0,1.0,0,0,0,0
cifar10,20,2,mixed_maturity,access_full,dirichlet_lcb,diverse_then_repeat_backdoor,0.5,4,19,5,0.3185,0.3333333333333333,0.12546000000000002,2,2,1.0,0.0,1.0,0,0,0,0
cifar10,20,2,mixed_maturity,access_full,dirichlet_lcb,diverse_then_repeat_backdoor,0.5,4,20,5,0.325,0.24944444444444444,0.12546000000000002,2,2,1.0,0.0,1.0,0,0,0,0
cifar10,20,2,mixed_maturity,access_full,dirichlet_lcb,diverse_then_repeat_backdoor,0.5,4,21,5,0.3135,0.16833333333333333,0.12546000000000002,2,2,1.0,0.0,1.0,0,0,0,0
cifar10,20,2,mixed_maturity,access_full,dirichlet_lcb,diverse_then_repeat_backdoor,0.5,4,22,5,0.3195,0.48944444444444446,0.12546000000000002,2,2,1.0,0.0,1.0,0,0,0,0
cifar10,20,2,mixed_maturity,access_full,dirichlet_lcb,diverse_then_repeat_backdoor,0.5,4,23,5,0.3075,0.6072222222222222,0.12546000000000002,2,2,1.0,0.0,1.0,0,0,0,0
cifar10,20,2,mixed_maturity,access_full,dirichlet_lcb,diverse_then_repeat_backdoor,0.5,4,24,5,0.317,0.12111111111111111,0.12546000000000004,2,2,1.0,0.0,1.0,0,0,0,0
cifar10,20,2,mixed_maturity,access_full,dirichlet_lcb,diverse_then_repeat_backdoor,0.5,4,25,5,0.303,0.2927777777777778,0.12546000000000002,2,2,1.0,0.0,1.0,0,0,0,0
cifar10,20,2,mixed_maturity,access_full,dirichlet_lcb,diverse_then_repeat_backdoor,0.5,4,26,5,0.318,0.4,0.12546000000000002,2,2,1.0,0.0,1.0,0,0,0,0
cifar10,20,2,mixed_maturity,access_full,dirichlet_lcb,diverse_then_repeat_backdoor,0.5,4,27,5,0.306,0.26944444444444443,0.12546000000000002,2,2,1.0,0.0,1.0,0,0,0,0
cifar10,20,2,mixed_maturity,access_full,dirichlet_lcb,diverse_then_repeat_backdoor,0.5,4,28,5,0.3475,0.48,0.12546000000000004,2,2,1.0,0.0,1.0,0,0,0,0
cifar10,20,2,mixed_maturity,access_full,dirichlet_lcb,diverse_then_repeat_backdoor,0.5,4,29,5,0.3405,0.45555555555555555,0.12546000000000004,2,2,1.0,0.0,1.0,0,0,0,0
cifar10,20,2,mixed_maturity,access_full,dirichlet_lcb,diverse_then_repeat_backdoor,0.5,4,30,5,0.311,0.6666666666666666,0.12546000000000002,2,2,1.0,0.0,1.0,0,0,0,0
cifar10,20,2,mixed_maturity,access_full,dirichlet_lcb,diverse_then_repeat_backdoor,0.5,4,31,5,0.3185,0.3844444444444444,0.12546000000000002,2,2,1.0,0.0,1.0,0,0,0,0
cifar10,20,2,mixed_maturity,access_full,dirichlet_lcb,diverse_then_repeat_backdoor,0.5,4,32,5,0.3405,0.2833333333333333,0.12546000000000002,2,2,1.0,0.0,1.0,0,0,0,0
cifar10,20,2,mixed_maturity,access_full,dirichlet_lcb,diverse_then_repeat_backdoor,0.5,4,33,5,0.306,0.33944444444444444,0.12546000000000004,2,2,1.0,0.0,1.0,0,0,0,0
cifar10,20,2,mixed_maturity,access_full,dirichlet_lcb,diverse_then_repeat_backdoor,0.5,4,34,5,0.3415,0.15888888888888889,0.12546000000000002,2,2,1.0,0.0,1.0,0,0,0,0
cifar10,20,2,mixed_maturity,access_full,dirichlet_lcb,diverse_then_repeat_backdoor,0.5,4,35,5,0.347,0.61,0.12546000000000004,2,2,1.0,0.0,1.0,0,0,0,0
cifar10,20,2,mixed_maturity,access_full,dirichlet_lcb,diverse_then_repeat_backdoor,0.5,4,36,5,0.359,0.5738888888888889,0.12546000000000002,2,2,1.0,0.0,1.0,0,0,0,0
cifar10,20,2,mixed_maturity,access_full,dirichlet_lcb,diverse_then_repeat_backdoor,0.5,4,37,5,0.3205,0.2644444444444444,0.12546000000000002,2,2,1.0,0.0,1.0,0,0,0,0
cifar10,20,2,mixed_maturity,access_full,dirichlet_lcb,diverse_then_repeat_backdoor,0.5,4,38,5,0.3525,0.62,0.12546000000000002,2,2,1.0,0.0,1.0,0,0,0,0
cifar10,20,2,mixed_maturity,access_full,dirichlet_lcb,diverse_then_repeat_backdoor,0.5,4,39,5,0.3495,0.4583333333333333,0.12546,2,2,1.0,0.0,1.0,0,0,0,0
cifar10,20,2,mixed_maturity,access_full,dirichlet_lcb,diverse_then_repeat_backdoor,0.5,4,40,5,0.315,0.5211111111111111,0.12546000000000004,2,2,1.0,0.0,1.0,0,0,0,0
cifar10,20,2,mixed_maturity,access_full,dirichlet_lcb,diverse_then_repeat_backdoor,0.5,4,41,5,0.3215,0.7261111111111112,0.12546000000000004,2,2,1.0,0.0,1.0,0,0,0,0
cifar10,20,2,mixed_maturity,access_full,dirichlet_lcb,diverse_then_repeat_backdoor,0.5,4,42,5,0.3345,0.49666666666666665,0.12546000000000002,2,2,1.0,0.0,1.0,0,0,0,0
cifar10,20,2,mixed_maturity,access_full,dirichlet_lcb,diverse_then_repeat_backdoor,0.5,4,43,5,0.3485,0.6733333333333333,0.12546000000000004,2,2,1.0,0.0,1.0,0,0,0,0
cifar10,20,2,mixed_maturity,access_full,dirichlet_lcb,diverse_then_repeat_backdoor,0.5,4,44,5,0.3535,0.37555555555555553,0.12546000000000002,2,2,1.0,0.0,1.0,0,0,0,0
cifar10,20,2,mixed_maturity,access_full,dirichlet_lcb,diverse_then_repeat_backdoor,0.5,4,45,5,0.339,0.5666666666666667,0.12546000000000002,2,2,1.0,0.0,1.0,0,0,0,0
cifar10,20,2,mixed_maturity,access_full,dirichlet_lcb,diverse_then_repeat_backdoor,0.5,4,46,5,0.2975,0.8622222222222222,0.12546000000000002,2,2,1.0,0.0,1.0,0,0,0,0
cifar10,20,2,mixed_maturity,access_full,dirichlet_lcb,diverse_then_repeat_backdoor,0.5,4,47,5,0.3445,0.4038888888888889,0.12546000000000002,2,2,1.0,0.0,1.0,0,0,0,0
cifar10,20,2,mixed_maturity,access_full,dirichlet_lcb,diverse_then_repeat_backdoor,0.5,4,48,5,0.365,0.45666666666666667,0.12546000000000002,2,2,1.0,0.0,1.0,0,0,0,0
cifar10,20,2,mixed_maturity,access_full,dirichlet_lcb,diverse_then_repeat_backdoor,0.5,4,49,5,0.329,0.7222222222222222,0.12546,2,2,1.0,0.0,1.0,0,0,0,0
cifar10,20,2,mixed_maturity,access_full,dirichlet_lcb,diverse_then_repeat_backdoor,0.5,4,50,5,0.363,0.6022222222222222,0.12546000000000002,2,2,1.0,0.0,1.0,0,0,0,0
cifar10,20,2,mixed_maturity,access_full,dirichlet_lcb,diverse_then_repeat_backdoor,0.5,5,1,5,0.15,0.7327777777777778,0.05825705063759989,2,2,1.0,1.0,0.0,0,0,0,0
cifar10,20,2,mixed_maturity,access_full,dirichlet_lcb,diverse_then_repeat_backdoor,0.5,5,2,5,0.1845,0.013333333333333334,0.05825705063759987,2,2,1.0,1.0,0.0,0,0,0,0
cifar10,20,2,mixed_maturity,access_full,dirichlet_lcb,diverse_then_repeat_backdoor,0.5,5,3,5,0.228,0.029444444444444443,0.058257050637599894,2,2,1.0,1.0,0.0,0,0,0,0
cifar10,20,2,mixed_maturity,access_full,dirichlet_lcb,diverse_then_repeat_backdoor,0.5,5,4,5,0.224,0.11833333333333333,0.05825705063759987,2,2,1.0,1.0,0.0,0,0,0,0
cifar10,20,2,mixed_maturity,access_full,dirichlet_lcb,diverse_then_repeat_backdoor,0.5,5,5,5,0.2705,0.1388888888888889,0.11009999999999998,2,2,1.0,0.0,1.0,0,0,0,0
cifar10,20,2,mixed_maturity,access_full,dirichlet_lcb,diverse_then_repeat_backdoor,0.5,5,6,5,0.2745,0.35,0.1101,2,2,1.0,0.0,1.0,0,0,0,0
cifar10,20,2,mixed_maturity,access_full,dirichlet_lcb,diverse_then_repeat_backdoor,0.5,5,7,5,0.314,0.10166666666666667,0.1101,2,2,1.0,0.0,1.0,0,0,0,0
cifar10,20,2,mixed_maturity,access_full,dirichlet_lcb,diverse_then_repeat_backdoor,0.5,5,8,5,0.2825,0.27944444444444444,0.11009999999999998,2,2,1.0,0.0,1.0,0,0,0,0
cifar10,20,2,mixed_maturity,access_full,dirichlet_lcb,diverse_then_repeat_backdoor,0.5,5,9,5,0.273,0.34944444444444445,0.11009999999999998,2,2,1.0,0.0,1.0,0,0,0,0
cifar10,20,2,mixed_maturity,access_full,dirichlet_lcb,diverse_then_repeat_backdoor,0.5,5,10,5,0.2885,0.17666666666666667,0.11009999999999998,2,2,1.0,0.0,1.0,0,0,0,0
cifar10,20,2,mixed_maturity,access_full,dirichlet_lcb,diverse_then_repeat_backdoor,0.5,5,11,5,0.2755,0.41388888888888886,0.1101,2,2,1.0,0.0,1.0,0,0,0,0
cifar10,20,2,mixed_maturity,access_full,dirichlet_lcb,diverse_then_repeat_backdoor,0.5,5,12,5,0.282,0.1922222222222222,0.1101,2,2,1.0,0.0,1.0,0,0,0,0
cifar10,20,2,mixed_maturity,access_full,dirichlet_lcb,diverse_then_repeat_backdoor,0.5,5,13,5,0.258,0.06388888888888888,0.11009999999999998,2,2,1.0,0.0,1.0,0,0,0,0
cifar10,20,2,mixed_maturity,access_full,dirichlet_lcb,diverse_then_repeat_backdoor,0.5,5,14,5,0.3035,0.042777777777777776,0.1101,2,2,1.0,0.0,1.0,0,0,0,0
cifar10,20,2,mixed_maturity,access_full,dirichlet_lcb,diverse_then_repeat_backdoor,0.5,5,15,5,0.298,0.28833333333333333,0.1101,2,2,1.0,0.0,1.0,0,0,0,0
cifar10,20,2,mixed_maturity,access_full,dirichlet_lcb,diverse_then_repeat_backdoor,0.5,5,16,5,0.3185,0.22833333333333333,0.1101,2,2,1.0,0.0,1.0,0,0,0,0
cifar10,20,2,mixed_maturity,access_full,dirichlet_lcb,diverse_then_repeat_backdoor,0.5,5,17,5,0.298,0.42777777777777776,0.11009999999999998,2,2,1.0,0.0,1.0,0,0,0,0
cifar10,20,2,mixed_maturity,access_full,dirichlet_lcb,diverse_then_repeat_backdoor,0.5,5,18,5,0.288,0.4072222222222222,0.1101,2,2,1.0,0.0,1.0,0,0,0,0
cifar10,20,2,mixed_maturity,access_full,dirichlet_lcb,diverse_then_repeat_backdoor,0.5,5,19,5,0.31,0.17833333333333334,0.11010000000000002,2,2,1.0,0.0,1.0,0,0,0,0
cifar10,20,2,mixed_maturity,access_full,dirichlet_lcb,diverse_then_repeat_backdoor,0.5,5,20,5,0.3395,0.21777777777777776,0.11009999999999998,2,2,1.0,0.0,1.0,0,0,0,0
cifar10,20,2,mixed_maturity,access_full,dirichlet_lcb,diverse_then_repeat_backdoor,0.5,5,21,5,0.314,0.3572222222222222,0.1101,2,2,1.0,0.0,1.0,0,0,0,0
cifar10,20,2,mixed_maturity,access_full,dirichlet_lcb,diverse_then_repeat_backdoor,0.5,5,22,5,0.3035,0.20666666666666667,0.11009999999999998,2,2,1.0,0.0,1.0,0,0,0,0
cifar10,20,2,mixed_maturity,access_full,dirichlet_lcb,diverse_then_repeat_backdoor,0.5,5,23,5,0.3115,0.28555555555555556,0.11009999999999998,2,2,1.0,0.0,1.0,0,0,0,0
cifar10,20,2,mixed_maturity,access_full,dirichlet_lcb,diverse_then_repeat_backdoor,0.5,5,24,5,0.317,0.4988888888888889,0.1101,2,2,1.0,0.0,1.0,0,0,0,0
cifar10,20,2,mixed_maturity,access_full,dirichlet_lcb,diverse_then_repeat_backdoor,0.5,5,25,5,0.343,0.17888888888888888,0.11009999999999998,2,2,1.0,0.0,1.0,0,0,0,0
cifar10,20,2,mixed_maturity,access_full,dirichlet_lcb,diverse_then_repeat_backdoor,0.5,5,26,5,0.3065,0.07944444444444444,0.1101,2,2,1.0,0.0,1.0,0,0,0,0
cifar10,20,2,mixed_maturity,access_full,dirichlet_lcb,diverse_then_repeat_backdoor,0.5,5,27,5,0.3255,0.3211111111111111,0.1101,2,2,1.0,0.0,1.0,0,0,0,0
cifar10,20,2,mixed_maturity,access_full,dirichlet_lcb,diverse_then_repeat_backdoor,0.5,5,28,5,0.3075,0.23277777777777778,0.1101,2,2,1.0,0.0,1.0,0,0,0,0
cifar10,20,2,mixed_maturity,access_full,dirichlet_lcb,diverse_then_repeat_backdoor,0.5,5,29,5,0.329,0.5038888888888889,0.1101,2,2,1.0,0.0,1.0,0,0,0,0
cifar10,20,2,mixed_maturity,access_full,dirichlet_lcb,diverse_then_repeat_backdoor,0.5,5,30,5,0.3405,0.09944444444444445,0.11009999999999998,2,2,1.0,0.0,1.0,0,0,0,0
cifar10,20,2,mixed_maturity,access_full,dirichlet_lcb,diverse_then_repeat_backdoor,0.5,5,31,5,0.3335,0.4111111111111111,0.11009999999999998,2,2,1.0,0.0,1.0,0,0,0,0
cifar10,20,2,mixed_maturity,access_full,dirichlet_lcb,diverse_then_repeat_backdoor,0.5,5,32,5,0.345,0.315,0.1101,2,2,1.0,0.0,1.0,0,0,0,0
cifar10,20,2,mixed_maturity,access_full,dirichlet_lcb,diverse_then_repeat_backdoor,0.5,5,33,5,0.33,0.21888888888888888,0.1101,2,2,1.0,0.0,1.0,0,0,0,0
cifar10,20,2,mixed_maturity,access_full,dirichlet_lcb,diverse_then_repeat_backdoor,0.5,5,34,5,0.343,0.2461111111111111,0.1101,2,2,1.0,0.0,1.0,0,0,0,0
cifar10,20,2,mixed_maturity,access_full,dirichlet_lcb,diverse_then_repeat_backdoor,0.5,5,35,5,0.327,0.4955555555555556,0.1101,2,2,1.0,0.0,1.0,0,0,0,0
cifar10,20,2,mixed_maturity,access_full,dirichlet_lcb,diverse_then_repeat_backdoor,0.5,5,36,5,0.329,0.5055555555555555,0.11009999999999998,2,2,1.0,0.0,1.0,0,0,0,0
cifar10,20,2,mixed_maturity,access_full,dirichlet_lcb,diverse_then_repeat_backdoor,0.5,5,37,5,0.3455,0.39611111111111114,0.1101,2,2,1.0,0.0,1.0,0,0,0,0
cifar10,20,2,mixed_maturity,access_full,dirichlet_lcb,diverse_then_repeat_backdoor,0.5,5,38,5,0.324,0.4955555555555556,0.1101,2,2,1.0,0.0,1.0,0,0,0,0
cifar10,20,2,mixed_maturity,access_full,dirichlet_lcb,diverse_then_repeat_backdoor,0.5,5,39,5,0.341,0.5694444444444444,0.1101,2,2,1.0,0.0,1.0,0,0,0,0
cifar10,20,2,mixed_maturity,access_full,dirichlet_lcb,diverse_then_repeat_backdoor,0.5,5,40,5,0.355,0.5222222222222223,0.1101,2,2,1.0,0.0,1.0,0,0,0,0
cifar10,20,2,mixed_maturity,access_full,dirichlet_lcb,diverse_then_repeat_backdoor,0.5,5,41,5,0.35,0.10111111111111111,0.1101,2,2,1.0,0.0,1.0,0,0,0,0
cifar10,20,2,mixed_maturity,access_full,dirichlet_lcb,diverse_then_repeat_backdoor,0.5,5,42,5,0.3365,0.5361111111111111,0.11009999999999998,2,2,1.0,0.0,1.0,0,0,0,0
cifar10,20,2,mixed_maturity,access_full,dirichlet_lcb,diverse_then_repeat_backdoor,0.5,5,43,5,0.3525,0.36833333333333335,0.1101,2,2,1.0,0.0,1.0,0,0,0,0
cifar10,20,2,mixed_maturity,access_full,dirichlet_lcb,diverse_then_repeat_backdoor,0.5,5,44,5,0.345,0.49277777777777776,0.11009999999999998,2,2,1.0,0.0,1.0,0,0,0,0
cifar10,20,2,mixed_maturity,access_full,dirichlet_lcb,diverse_then_repeat_backdoor,0.5,5,45,5,0.3535,0.4216666666666667,0.1101,2,2,1.0,0.0,1.0,0,0,0,0
cifar10,20,2,mixed_maturity,access_full,dirichlet_lcb,diverse_then_repeat_backdoor,0.5,5,46,5,0.2985,0.4261111111111111,0.11009999999999998,2,2,1.0,0.0,1.0,0,0,0,0
cifar10,20,2,mixed_maturity,access_full,dirichlet_lcb,diverse_then_repeat_backdoor,0.5,5,47,5,0.362,0.46555555555555556,0.11009999999999998,2,2,1.0,0.0,1.0,0,0,0,0
cifar10,20,2,mixed_maturity,access_full,dirichlet_lcb,diverse_then_repeat_backdoor,0.5,5,48,5,0.332,0.6255555555555555,0.11010000000000002,2,2,1.0,0.0,1.0,0,0,0,0
cifar10,20,2,mixed_maturity,access_full,dirichlet_lcb,diverse_then_repeat_backdoor,0.5,5,49,5,0.3365,0.2827777777777778,0.11009999999999998,2,2,1.0,0.0,1.0,0,0,0,0
cifar10,20,2,mixed_maturity,access_full,dirichlet_lcb,diverse_then_repeat_backdoor,0.5,5,50,5,0.378,0.5666666666666667,0.1101,2,2,1.0,0.0,1.0,0,0,0,0
cifar10,20,2,mixed_maturity,access_full,dirichlet_lcb,diverse_then_repeat_backdoor,0.5,6,1,5,0.105,0.9788888888888889,0.052609418749078964,2,2,1.0,1.0,0.0,0,0,0,0
cifar10,20,2,mixed_maturity,access_full,dirichlet_lcb,diverse_then_repeat_backdoor,0.5,6,2,5,0.1715,0.0,0.05260941874907896,2,2,1.0,1.0,0.0,0,0,0,0
cifar10,20,2,mixed_maturity,access_full,dirichlet_lcb,diverse_then_repeat_backdoor,0.5,6,3,5,0.273,0.0077777777777777776,0.05260941874907898,2,2,1.0,1.0,0.0,0,0,0,0
cifar10,20,2,mixed_maturity,access_full,dirichlet_lcb,diverse_then_repeat_backdoor,0.5,6,4,5,0.25,0.0005555555555555556,0.052609418749078964,2,2,1.0,1.0,0.0,0,0,0,0
cifar10,20,2,mixed_maturity,access_full,dirichlet_lcb,diverse_then_repeat_backdoor,0.5,6,5,5,0.249,0.285,0.09996,2,2,1.0,0.0,1.0,0,0,0,0
cifar10,20,2,mixed_maturity,access_full,dirichlet_lcb,diverse_then_repeat_backdoor,0.5,6,6,5,0.2535,0.0005555555555555556,0.09996,2,2,1.0,0.0,1.0,0,0,0,0
cifar10,20,2,mixed_maturity,access_full,dirichlet_lcb,diverse_then_repeat_backdoor,0.5,6,7,5,0.273,0.10166666666666667,0.09996,2,2,1.0,0.0,1.0,0,0,0,0
cifar10,20,2,mixed_maturity,access_full,dirichlet_lcb,diverse_then_repeat_backdoor,0.5,6,8,5,0.2895,0.26222222222222225,0.09996,2,2,1.0,0.0,1.0,0,0,0,0
cifar10,20,2,mixed_maturity,access_full,dirichlet_lcb,diverse_then_repeat_backdoor,0.5,6,9,5,0.317,0.059444444444444446,0.09996,2,2,1.0,0.0,1.0,0,0,0,0
cifar10,20,2,mixed_maturity,access_full,dirichlet_lcb,diverse_then_repeat_backdoor,0.5,6,10,5,0.278,0.42055555555555557,0.09996000000000001,2,2,1.0,0.0,1.0,0,0,0,0
cifar10,20,2,mixed_maturity,access_full,dirichlet_lcb,diverse_then_repeat_backdoor,0.5,6,11,5,0.2755,0.09055555555555556,0.09996,2,2,1.0,0.0,1.0,0,0,0,0
cifar10,20,2,mixed_maturity,access_full,dirichlet_lcb,diverse_then_repeat_backdoor,0.5,6,12,5,0.2815,0.38222222222222224,0.09996000000000001,2,2,1.0,0.0,1.0,0,0,0,0
cifar10,20,2,mixed_maturity,access_full,dirichlet_lcb,diverse_then_repeat_backdoor,0.5,6,13,5,0.3125,0.175,0.09996,2,2,1.0,0.0,1.0,0,0,0,0
cifar10,20,2,mixed_maturity,access_full,dirichlet_lcb,diverse_then_repeat_backdoor,0.5,6,14,5,0.3135,0.155,0.09996,2,2,1.0,0.0,1.0,0,0,0,0
cifar10,20,2,mixed_maturity,access_full,dirichlet_lcb,diverse_then_repeat_backdoor,0.5,6,15,5,0.318,0.23333333333333334,0.09996000000000001,2,2,1.0,0.0,1.0,0,0,0,0
cifar10,20,2,mixed_maturity,access_full,dirichlet_lcb,diverse_then_repeat_backdoor,0.5,6,16,5,0.3165,0.15055555555555555,0.09996,2,2,1.0,0.0,1.0,0,0,0,0
cifar10,20,2,mixed_maturity,access_full,dirichlet_lcb,diverse_then_repeat_backdoor,0.5,6,17,5,0.295,0.375,0.09996000000000002,2,2,1.0,0.0,1.0,0,0,0,0
cifar10,20,2,mixed_maturity,access_full,dirichlet_lcb,diverse_then_repeat_backdoor,0.5,6,18,5,0.301,0.17222222222222222,0.09996,2,2,1.0,0.0,1.0,0,0,0,0
cifar10,20,2,mixed_maturity,access_full,dirichlet_lcb,diverse_then_repeat_backdoor,0.5,6,19,5,0.3095,0.2722222222222222,0.09996000000000002,2,2,1.0,0.0,1.0,0,0,0,0
cifar10,20,2,mixed_maturity,access_full,dirichlet_lcb,diverse_then_repeat_backdoor,0.5,6,20,5,0.295,0.11666666666666667,0.09996000000000002,2,2,1.0,0.0,1.0,0,0,0,0
cifar10,20,2,mixed_maturity,access_full,dirichlet_lcb,diverse_then_repeat_backdoor,0.5,6,21,5,0.328,0.21,0.09995999999999997,2,2,1.0,0.0,1.0,0,0,0,0
cifar10,20,2,mixed_maturity,access_full,dirichlet_lcb,diverse_then_repeat_backdoor,0.5,6,22,5,0.285,0.07722222222222222,0.09996,2,2,1.0,0.0,1.0,0,0,0,0
cifar10,20,2,mixed_maturity,access_full,dirichlet_lcb,diverse_then_repeat_backdoor,0.5,6,23,5,0.362,0.23722222222222222,0.09996,2,2,1.0,0.0,1.0,0,0,0,0
cifar10,20,2,mixed_maturity,access_full,dirichlet_lcb,diverse_then_repeat_backdoor,0.5,6,24,5,0.3175,0.1272222222222222,0.09996,2,2,1.0,0.0,1.0,0,0,0,0
cifar10,20,2,mixed_maturity,access_full,dirichlet_lcb,diverse_then_repeat_backdoor,0.5,6,25,5,0.345,0.3338888888888889,0.09996,2,2,1.0,0.0,1.0,0,0,0,0
cifar10,20,2,mixed_maturity,access_full,dirichlet_lcb,diverse_then_repeat_backdoor,0.5,6,26,5,0.331,0.3844444444444444,0.09996,2,2,1.0,0.0,1.0,0,0,0,0
cifar10,20,2,mixed_maturity,access_full,dirichlet_lcb,diverse_then_repeat_backdoor,0.5,6,27,5,0.3285,0.18722222222222223,0.09996,2,2,1.0,0.0,1.0,0,0,0,0
cifar10,20,2,mixed_maturity,access_full,dirichlet_lcb,diverse_then_repeat_backdoor,0.5,6,28,5,0.3555,0.325,0.09996,2,2,1.0,0.0,1.0,0,0,0,0
cifar10,20,2,mixed_maturity,access_full,dirichlet_lcb,diverse_then_repeat_backdoor,0.5,6,29,5,0.3225,0.04555555555555556,0.09996000000000001,2,2,1.0,0.0,1.0,0,0,0,0
cifar10,20,2,mixed_maturity,access_full,dirichlet_lcb,diverse_then_repeat_backdoor,0.5,6,30,5,0.306,0.17888888888888888,0.09996,2,2,1.0,0.0,1.0,0,0,0,0
cifar10,20,2,mixed_maturity,access_full,dirichlet_lcb,diverse_then_repeat_backdoor,0.5,6,31,5,0.326,0.4066666666666667,0.09996,2,2,1.0,0.0,1.0,0,0,0,0
cifar10,20,2,mixed_maturity,access_full,dirichlet_lcb,diverse_then_repeat_backdoor,0.5,6,32,5,0.335,0.2311111111111111,0.09996,2,2,1.0,0.0,1.0,0,0,0,0
cifar10,20,2,mixed_maturity,access_full,dirichlet_lcb,diverse_then_repeat_backdoor,0.5,6,33,5,0.3245,0.3977777777777778,0.09996000000000001,2,2,1.0,0.0,1.0,0,0,0,0
cifar10,20,2,mixed_maturity,access_full,dirichlet_lcb,diverse_then_repeat_backdoor,0.5,6,34,5,0.325,0.4861111111111111,0.09996,2,2,1.0,0.0,1.0,0,0,0,0
cifar10,20,2,mixed_maturity,access_full,dirichlet_lcb,diverse_then_repeat_backdoor,0.5,6,35,5,0.365,0.2611111111111111,0.09996000000000001,2,2,1.0,0.0,1.0,0,0,0,0
cifar10,20,2,mixed_maturity,access_full,dirichlet_lcb,diverse_then_repeat_backdoor,0.5,6,36,5,0.3535,0.07277777777777777,0.09996,2,2,1.0,0.0,1.0,0,0,0,0
cifar10,20,2,mixed_maturity,access_full,dirichlet_lcb,diverse_then_repeat_backdoor,0.5,6,37,5,0.342,0.16555555555555557,0.09996,2,2,1.0,0.0,1.0,0,0,0,0
cifar10,20,2,mixed_maturity,access_full,dirichlet_lcb,diverse_then_repeat_backdoor,0.5,6,38,5,0.353,0.40444444444444444,0.09996,2,2,1.0,0.0,1.0,0,0,0,0
cifar10,20,2,mixed_maturity,access_full,dirichlet_lcb,diverse_then_repeat_backdoor,0.5,6,39,5,0.35,0.23277777777777778,0.09996,2,2,1.0,0.0,1.0,0,0,0,0
cifar10,20,2,mixed_maturity,access_full,dirichlet_lcb,diverse_then_repeat_backdoor,0.5,6,40,5,0.3275,0.3794444444444444,0.09996,2,2,1.0,0.0,1.0,0,0,0,0
cifar10,20,2,mixed_maturity,access_full,dirichlet_lcb,diverse_then_repeat_backdoor,0.5,6,41,5,0.3265,0.3422222222222222,0.09996,2,2,1.0,0.0,1.0,0,0,0,0
cifar10,20,2,mixed_maturity,access_full,dirichlet_lcb,diverse_then_repeat_backdoor,0.5,6,42,5,0.325,0.33166666666666667,0.09996,2,2,1.0,0.0,1.0,0,0,0,0
cifar10,20,2,mixed_maturity,access_full,dirichlet_lcb,diverse_then_repeat_backdoor,0.5,6,43,5,0.346,0.3622222222222222,0.09996,2,2,1.0,0.0,1.0,0,0,0,0
cifar10,20,2,mixed_maturity,access_full,dirichlet_lcb,diverse_then_repeat_backdoor,0.5,6,44,5,0.3605,0.3088888888888889,0.09996,2,2,1.0,0.0,1.0,0,0,0,0
cifar10,20,2,mixed_maturity,access_full,dirichlet_lcb,diverse_then_repeat_backdoor,0.5,6,45,5,0.345,0.5955555555555555,0.09996,2,2,1.0,0.0,1.0,0,0,0,0
cifar10,20,2,mixed_maturity,access_full,dirichlet_lcb,diverse_then_repeat_backdoor,0.5,6,46,5,0.3455,0.6061111111111112,0.09996,2,2,1.0,0.0,1.0,0,0,0,0
cifar10,20,2,mixed_maturity,access_full,dirichlet_lcb,diverse_then_repeat_backdoor,0.5,6,47,5,0.353,0.3972222222222222,0.09996,2,2,1.0,0.0,1.0,0,0,0,0
cifar10,20,2,mixed_maturity,access_full,dirichlet_lcb,diverse_then_repeat_backdoor,0.5,6,48,5,0.3525,0.5572222222222222,0.09996000000000001,2,2,1.0,0.0,1.0,0,0,0,0
cifar10,20,2,mixed_maturity,access_full,dirichlet_lcb,diverse_then_repeat_backdoor,0.5,6,49,5,0.326,0.4638888888888889,0.09995999999999997,2,2,1.0,0.0,1.0,0,0,0,0
cifar10,20,2,mixed_maturity,access_full,dirichlet_lcb,diverse_then_repeat_backdoor,0.5,6,50,5,0.3495,0.3605555555555556,0.09996000000000001,2,2,1.0,0.0,1.0,0,0,0,0
cifar10,20,2,mixed_maturity,access_full,dirichlet_lcb,diverse_then_repeat_backdoor,0.5,7,1,5,0.184,0.0,0.05293083297358196,2,2,1.0,1.0,0.0,0,0,0,0
cifar10,20,2,mixed_maturity,access_full,dirichlet_lcb,diverse_then_repeat_backdoor,0.5,7,2,5,0.205,0.026111111111111113,0.05293083297358197,2,2,1.0,1.0,0.0,0,0,0,0
cifar10,20,2,mixed_maturity,access_full,dirichlet_lcb,diverse_then_repeat_backdoor,0.5,7,3,5,0.235,0.009444444444444445,0.05293083297358197,2,2,1.0,1.0,0.0,0,0,0,0
cifar10,20,2,mixed_maturity,access_full,dirichlet_lcb,diverse_then_repeat_backdoor,0.5,7,4,5,0.251,0.24944444444444444,0.05293083297358196,2,2,1.0,1.0,0.0,0,0,0,0
cifar10,20,2,mixed_maturity,access_full,dirichlet_lcb,diverse_then_repeat_backdoor,0.5,7,5,5,0.266,0.0011111111111111111,0.10054,2,2,1.0,0.0,1.0,0,0,0,0
cifar10,20,2,mixed_maturity,access_full,dirichlet_lcb,diverse_then_repeat_backdoor,0.5,7,6,5,0.2835,0.11388888888888889,0.10054,2,2,1.0,0.0,1.0,0,0,0,0
cifar10,20,2,mixed_maturity,access_full,dirichlet_lcb,diverse_then_repeat_backdoor,0.5,7,7,5,0.2535,0.33055555555555555,0.10054,2,2,1.0,0.0,1.0,0,0,0,0
cifar10,20,2,mixed_maturity,access_full,dirichlet_lcb,diverse_then_repeat_backdoor,0.5,7,8,5,0.282,0.043333333333333335,0.10054000000000002,2,2,1.0,0.0,1.0,0,0,0,0
cifar10,20,2,mixed_maturity,access_full,dirichlet_lcb,diverse_then_repeat_backdoor,0.5,7,9,5,0.2985,0.016666666666666666,0.10054000000000002,2,2,1.0,0.0,1.0,0,0,0,0
cifar10,20,2,mixed_maturity,access_full,dirichlet_lcb,diverse_then_repeat_backdoor,0.5,7,10,5,0.3165,0.10555555555555556,0.10054,2,2,1.0,0.0,1.0,0,0,0,0
cifar10,20,2,mixed_maturity,access_full,dirichlet_lcb,diverse_then_repeat_backdoor,0.5,7,11,5,0.296,0.008888888888888889,0.10054,2,2,1.0,0.0,1.0,0,0,0,0
cifar10,20,2,mixed_maturity,access_full,dirichlet_lcb,diverse_then_repeat_backdoor,0.5,7,12,5,0.3095,0.2627777777777778,0.10054,2,2,1.0,0.0,1.0,0,0,0,0
cifar10,20,2,mixed_maturity,access_full,dirichlet_lcb,diverse_then_repeat_backdoor,0.5,7,13,5,0.3085,0.05277777777777778,0.10053999999999998,2,2,1.0,0.0,1.0,0,0,0,0
cifar10,20,2,mixed_maturity,access_full,dirichlet_lcb,diverse_then_repeat_backdoor,0.5,7,14,5,0.333,0.2772222222222222,0.10053999999999998,2,2,1.0,0.0,1.0,0,0,0,0
cifar10,20,2,mixed_maturity,access_full,dirichlet_lcb,diverse_then_repeat_backdoor,0.5,7,15,5,0.3025,0.22666666666666666,0.10054,2,2,1.0,0.0,1.0,0,0,0,0
cifar10,20,2,mixed_maturity,access_full,dirichlet_lcb,diverse_then_repeat_backdoor,0.5,7,16,5,0.3255,0.26555555555555554,0.10054,2,2,1.0,0.0,1.0,0,0,0,0
cifar10,20,2,mixed_maturity,access_full,dirichlet_lcb,diverse_then_repeat_backdoor,0.5,7,17,5,0.3255,0.19611111111111112,0.10054,2,2,1.0,0.0,1.0,0,0,0,0
cifar10,20,2,mixed_maturity,access_full,dirichlet_lcb,diverse_then_repeat_backdoor,0.5,7,18,5,0.3085,0.055,0.10053999999999998,2,2,1.0,0.0,1.0,0,0,0,0
cifar10,20,2,mixed_maturity,access_full,dirichlet_lcb,diverse_then_repeat_backdoor,0.5,7,19,5,0.309,0.395,0.10054,2,2,1.0,0.0,1.0,0,0,0,0
cifar10,20,2,mixed_maturity,access_full,dirichlet_lcb,diverse_then_repeat_backdoor,0.5,7,20,5,0.3305,0.2788888888888889,0.10054,2,2,1.0,0.0,1.0,0,0,0,0
cifar10,20,2,mixed_maturity,access_full,dirichlet_lcb,diverse_then_repeat_backdoor,0.5,7,21,5,0.277,0.3838888888888889,0.10054,2,2,1.0,0.0,1.0,0,0,0,0
cifar10,20,2,mixed_maturity,access_full,dirichlet_lcb,diverse_then_repeat_backdoor,0.5,7,22,5,0.3405,0.19333333333333333,0.10053999999999998,2,2,1.0,0.0,1.0,0,0,0,0
cifar10,20,2,mixed_maturity,access_full,dirichlet_lcb,diverse_then_repeat_backdoor,0.5,7,23,5,0.339,0.17277777777777778,0.10054,2,2,1.0,0.0,1.0,0,0,0,0
cifar10,20,2,mixed_maturity,access_full,dirichlet_lcb,diverse_then_repeat_backdoor,0.5,7,24,5,0.3245,0.21166666666666667,0.10054000000000002,2,2,1.0,0.0,1.0,0,0,0,0
cifar10,20,2,mixed_maturity,access_full,dirichlet_lcb,diverse_then_repeat_backdoor,0.5,7,25,5,0.322,0.1511111111111111,0.10054,2,2,1.0,0.0,1.0,0,0,0,0
cifar10,20,2,mixed_maturity,access_full,dirichlet_lcb,diverse_then_repeat_backdoor,0.5,7,26,5,0.324,0.325,0.10054,2,2,1.0,0.0,1.0,0,0,0,0
cifar10,20,2,mixed_maturity,access_full,dirichlet_lcb,diverse_then_repeat_backdoor,0.5,7,27,5,0.318,0.5377777777777778,0.10054,2,2,1.0,0.0,1.0,0,0,0,0
cifar10,20,2,mixed_maturity,access_full,dirichlet_lcb,diverse_then_repeat_backdoor,0.5,7,28,5,0.344,0.21944444444444444,0.10053999999999998,2,2,1.0,0.0,1.0,0,0,0,0
cifar10,20,2,mixed_maturity,access_full,dirichlet_lcb,diverse_then_repeat_backdoor,0.5,7,29,5,0.35,0.22555555555555556,0.10054,2,2,1.0,0.0,1.0,0,0,0,0
cifar10,20,2,mixed_maturity,access_full,dirichlet_lcb,diverse_then_repeat_backdoor,0.5,7,30,5,0.321,0.07833333333333334,0.10054,2,2,1.0,0.0,1.0,0,0,0,0
cifar10,20,2,mixed_maturity,access_full,dirichlet_lcb,diverse_then_repeat_backdoor,0.5,7,31,5,0.3275,0.21611111111111111,0.10054,2,2,1.0,0.0,1.0,0,0,0,0
cifar10,20,2,mixed_maturity,access_full,dirichlet_lcb,diverse_then_repeat_backdoor,0.5,7,32,5,0.3365,0.4666666666666667,0.10054,2,2,1.0,0.0,1.0,0,0,0,0
cifar10,20,2,mixed_maturity,access_full,dirichlet_lcb,diverse_then_repeat_backdoor,0.5,7,33,5,0.296,0.0811111111111111,0.10054,2,2,1.0,0.0,1.0,0,0,0,0
cifar10,20,2,mixed_maturity,access_full,dirichlet_lcb,diverse_then_repeat_backdoor,0.5,7,34,5,0.32,0.43222222222222223,0.10054,2,2,1.0,0.0,1.0,0,0,0,0
cifar10,20,2,mixed_maturity,access_full,dirichlet_lcb,diverse_then_repeat_backdoor,0.5,7,35,5,0.342,0.33444444444444443,0.10054000000000002,2,2,1.0,0.0,1.0,0,0,0,0
cifar10,20,2,mixed_maturity,access_full,dirichlet_lcb,diverse_then_repeat_backdoor,0.5,7,36,5,0.35,0.2238888888888889,0.10053999999999998,2,2,1.0,0.0,1.0,0,0,0,0
cifar10,20,2,mixed_maturity,access_full,dirichlet_lcb,diverse_then_repeat_backdoor,0.5,7,37,5,0.3225,0.5483333333333333,0.10054,2,2,1.0,0.0,1.0,0,0,0,0
cifar10,20,2,mixed_maturity,access_full,dirichlet_lcb,diverse_then_repeat_backdoor,0.5,7,38,5,0.345,0.2038888888888889,0.10054,2,2,1.0,0.0,1.0,0,0,0,0
cifar10,20,2,mixed_maturity,access_full,dirichlet_lcb,diverse_then_repeat_backdoor,0.5,7,39,5,0.337,0.3466666666666667,0.10054,2,2,1.0,0.0,1.0,0,0,0,0
cifar10,20,2,mixed_maturity,access_full,dirichlet_lcb,diverse_then_repeat_backdoor,0.5,7,40,5,0.3275,0.25333333333333335,0.10054000000000002,2,2,1.0,0.0,1.0,0,0,0,0
cifar10,20,2,mixed_maturity,access_full,dirichlet_lcb,diverse_then_repeat_backdoor,0.5,7,41,5,0.3765,0.2788888888888889,0.10053999999999998,2,2,1.0,0.0,1.0,0,0,0,0
cifar10,20,2,mixed_maturity,access_full,dirichlet_lcb,diverse_then_repeat_backdoor,0.5,7,42,5,0.368,0.325,0.10054000000000002,2,2,1.0,0.0,1.0,0,0,0,0
cifar10,20,2,mixed_maturity,access_full,dirichlet_lcb,diverse_then_repeat_backdoor,0.5,7,43,5,0.365,0.29444444444444445,0.10053999999999998,2,2,1.0,0.0,1.0,0,0,0,0
cifar10,20,2,mixed_maturity,access_full,dirichlet_lcb,diverse_then_repeat_backdoor,0.5,7,44,5,0.3185,0.5233333333333333,0.10054,2,2,1.0,0.0,1.0,0,0,0,0
cifar10,20,2,mixed_maturity,access_full,dirichlet_lcb,diverse_then_repeat_backdoor,0.5,7,45,5,0.343,0.2677777777777778,0.10053999999999998,2,2,1.0,0.0,1.0,0,0,0,0
cifar10,20,2,mixed_maturity,access_full,dirichlet_lcb,diverse_then_repeat_backdoor,0.5,7,46,5,0.326,0.3988888888888889,0.10054,2,2,1.0,0.0,1.0,0,0,0,0
cifar10,20,2,mixed_maturity,access_full,dirichlet_lcb,diverse_then_repeat_backdoor,0.5,7,47,5,0.3695,0.3411111111111111,0.10054,2,2,1.0,0.0,1.0,0,0,0,0
cifar10,20,2,mixed_maturity,access_full,dirichlet_lcb,diverse_then_repeat_backdoor,0.5,7,48,5,0.3235,0.2816666666666667,0.10054000000000002,2,2,1.0,0.0,1.0,0,0,0,0
cifar10,20,2,mixed_maturity,access_full,dirichlet_lcb,diverse_then_repeat_backdoor,0.5,7,49,5,0.339,0.4677777777777778,0.10054,2,2,1.0,0.0,1.0,0,0,0,0
cifar10,20,2,mixed_maturity,access_full,dirichlet_lcb,diverse_then_repeat_backdoor,0.5,7,50,5,0.382,0.28944444444444445,0.10054,2,2,1.0,0.0,1.0,0,0,0,0
cifar10,20,2,mixed_maturity,access_full,dirichlet_lcb,diverse_then_repeat_backdoor,0.5,8,1,5,0.1,0.9977777777777778,0.0531637037661134,2,2,1.0,1.0,0.0,0,0,0,0
cifar10,20,2,mixed_maturity,access_full,dirichlet_lcb,diverse_then_repeat_backdoor,0.5,8,2,5,0.231,0.0011111111111111111,0.05316370376611341,2,2,1.0,1.0,0.0,0,0,0,0
cifar10,20,2,mixed_maturity,access_full,dirichlet_lcb,diverse_then_repeat_backdoor,0.5,8,3,5,0.222,0.05,0.05316370376611341,2,2,1.0,1.0,0.0,0,0,0,0
cifar10,20,2,mixed_maturity,access_full,dirichlet_lcb,diverse_then_repeat_backdoor,0.5,8,4,5,0.2305,0.017222222222222222,0.05316370376611341,2,2,1.0,1.0,0.0,0,0,0,0
cifar10,20,2,mixed_maturity,access_full,dirichlet_lcb,diverse_then_repeat_backdoor,0.5,8,5,5,0.258,0.09333333333333334,0.10096000000000001,2,2,1.0,0.0,1.0,0,0,0,0
cifar10,20,2,mixed_maturity,access_full,dirichlet_lcb,diverse_then_repeat_backdoor,0.5,8,6,5,0.2235,0.23444444444444446,0.10096000000000001,2,2,1.0,0.0,1.0,0,0,0,0
cifar10,20,2,mixed_maturity,access_full,dirichlet_lcb,diverse_then_repeat_backdoor,0.5,8,7,5,0.274,0.19611111111111112,0.10096000000000002,2,2,1.0,0.0,1.0,0,0,0,0
cifar10,20,2,mixed_maturity,access_full,dirichlet_lcb,diverse_then_repeat_backdoor,0.5,8,8,5,0.265,0.31333333333333335,0.10096000000000001,2,2,1.0,0.0,1.0,0,0,0,0
cifar10,20,2,mixed_maturity,access_full,dirichlet_lcb,diverse_then_repeat_backdoor,0.5,8,9,5,0.31,0.051666666666666666,0.10095999999999998,2,2,1.0,0.0,1.0,0,0,0,0
cifar10,20,2,mixed_maturity,access_full,dirichlet_lcb,diverse_then_repeat_backdoor,0.5,8,10,5,0.2915,0.3572222222222222,0.10096000000000001,2,2,1.0,0.0,1.0,0,0,0,0
cifar10,20,2,mixed_maturity,access_full,dirichlet_lcb,diverse_then_repeat_backdoor,0.5,8,11,5,0.3285,0.11444444444444445,0.10096000000000001,2,2,1.0,0.0,1.0,0,0,0,0
cifar10,20,2,mixed_maturity,access_full,dirichlet_lcb,diverse_then_repeat_backdoor,0.5,8,12,5,0.318,0.12111111111111111,0.10096000000000001,2,2,1.0,0.0,1.0,0,0,0,0
cifar10,20,2,mixed_maturity,access_full,dirichlet_lcb,diverse_then_repeat_backdoor,0.5,8,13,5,0.3215,0.3211111111111111,0.10095999999999998,2,2,1.0,0.0,1.0,0,0,0,0
cifar10,20,2,mixed_maturity,access_full,dirichlet_lcb,diverse_then_repeat_backdoor,0.5,8,14,5,0.2625,0.17888888888888888,0.10096000000000001,2,2,1.0,0.0,1.0,0,0,0,0
cifar10,20,2,mixed_maturity,access_full,dirichlet_lcb,diverse_then_repeat_backdoor,0.5,8,15,5,0.296,0.01,0.10096000000000001,2,2,1.0,0.0,1.0,0,0,0,0
cifar10,20,2,mixed_maturity,access_full,dirichlet_lcb,diverse_then_repeat_backdoor,0.5,8,16,5,0.2845,0.0011111111111111111,0.10095999999999998,2,2,1.0,0.0,1.0,0,0,0,0
cifar10,20,2,mixed_maturity,access_full,dirichlet_lcb,diverse_then_repeat_backdoor,0.5,8,17,5,0.3055,0.09277777777777778,0.10096000000000001,2,2,1.0,0.0,1.0,0,0,0,0
cifar10,20,2,mixed_maturity,access_full,dirichlet_lcb,diverse_then_repeat_backdoor,0.5,8,18,5,0.3255,0.13166666666666665,0.10096000000000001,2,2,1.0,0.0,1.0,0,0,0,0
cifar10,20,2,mixed_maturity,access_full,dirichlet_lcb,diverse_then_repeat_backdoor,0.5,8,19,5,0.324,0.285,0.10096000000000001,2,2,1.0,0.0,1.0,0,0,0,0
cifar10,20,2,mixed_maturity,access_full,dirichlet_lcb,diverse_then_repeat_backdoor,0.5,8,20,5,0.346,0.07888888888888888,0.10096000000000002,2,2,1.0,0.0,1.0,0,0,0,0
cifar10,20,2,mixed_maturity,access_full,dirichlet_lcb,diverse_then_repeat_backdoor,0.5,8,21,5,0.3225,0.3688888888888889,0.10095999999999998,2,2,1.0,0.0,1.0,0,0,0,0
cifar10,20,2,mixed_maturity,access_full,dirichlet_lcb,diverse_then_repeat_backdoor,0.5,8,22,5,0.3395,0.17222222222222222,0.10095999999999998,2,2,1.0,0.0,1.0,0,0,0,0
cifar10,20,2,mixed_maturity,access_full,dirichlet_lcb,diverse_then_repeat_backdoor,0.5,8,23,5,0.293,0.5627777777777778,0.10096000000000001,2,2,1.0,0.0,1.0,0,0,0,0
cifar10,20,2,mixed_maturity,access_full,dirichlet_lcb,diverse_then_repeat_backdoor,0.5,8,24,5,0.3205,0.18055555555555555,0.10096000000000001,2,2,1.0,0.0,1.0,0,0,0,0
cifar10,20,2,mixed_maturity,access_full,dirichlet_lcb,diverse_then_repeat_backdoor,0.5,8,25,5,0.3265,0.3616666666666667,0.10096000000000001,2,2,1.0,0.0,1.0,0,0,0,0
cifar10,20,2,mixed_maturity,access_full,dirichlet_lcb,diverse_then_repeat_backdoor,0.5,8,26,5,0.3435,0.03333333333333333,0.10096000000000001,2,2,1.0,0.0,1.0,0,0,0,0
cifar10,20,2,mixed_maturity,access_full,dirichlet_lcb,diverse_then_repeat_backdoor,0.5,8,27,5,0.3045,0.08388888888888889,0.10096000000000001,2,2,1.0,0.0,1.0,0,0,0,0
cifar10,20,2,mixed_maturity,access_full,dirichlet_lcb,diverse_then_repeat_backdoor,0.5,8,28,5,0.3175,0.5522222222222222,0.10096000000000001,2,2,1.0,0.0,1.0,0,0,0,0
cifar10,20,2,mixed_maturity,access_full,dirichlet_lcb,diverse_then_repeat_backdoor,0.5,8,29,5,0.337,0.17833333333333334,0.10096000000000001,2,2,1.0,0.0,1.0,0,0,0,0
cifar10,20,2,mixed_maturity,access_full,dirichlet_lcb,diverse_then_repeat_backdoor,0.5,8,30,5,0.2905,0.09277777777777778,0.10096000000000001,2,2,1.0,0.0,1.0,0,0,0,0
cifar10,20,2,mixed_maturity,access_full,dirichlet_lcb,diverse_then_repeat_backdoor,0.5,8,31,5,0.334,0.225,0.10096000000000001,2,2,1.0,0.0,1.0,0,0,0,0
cifar10,20,2,mixed_maturity,access_full,dirichlet_lcb,diverse_then_repeat_backdoor,0.5,8,32,5,0.3255,0.25722222222222224,0.10095999999999998,2,2,1.0,0.0,1.0,0,0,0,0
cifar10,20,2,mixed_maturity,access_full,dirichlet_lcb,diverse_then_repeat_backdoor,0.5,8,33,5,0.3325,0.32055555555555554,0.10096000000000001,2,2,1.0,0.0,1.0,0,0,0,0
cifar10,20,2,mixed_maturity,access_full,dirichlet_lcb,diverse_then_repeat_backdoor,0.5,8,34,5,0.3515,0.43,0.10096000000000002,2,2,1.0,0.0,1.0,0,0,0,0
cifar10,20,2,mixed_maturity,access_full,dirichlet_lcb,diverse_then_repeat_backdoor,0.5,8,35,5,0.343,0.04722222222222222,0.10096000000000001,2,2,1.0,0.0,1.0,0,0,0,0
cifar10,20,2,mixed_maturity,access_full,dirichlet_lcb,diverse_then_repeat_backdoor,0.5,8,36,5,0.288,0.2288888888888889,0.10096000000000001,2,2,1.0,0.0,1.0,0,0,0,0
cifar10,20,2,mixed_maturity,access_full,dirichlet_lcb,diverse_then_repeat_backdoor,0.5,8,37,5,0.309,0.49444444444444446,0.10095999999999998,2,2,1.0,0.0,1.0,0,0,0,0
cifar10,20,2,mixed_maturity,access_full,dirichlet_lcb,diverse_then_repeat_backdoor,0.5,8,38,5,0.369,0.37722222222222224,0.10096000000000001,2,2,1.0,0.0,1.0,0,0,0,0
cifar10,20,2,mixed_maturity,access_full,dirichlet_lcb,diverse_then_repeat_backdoor,0.5,8,39,5,0.333,0.5616666666666666,0.10095999999999998,2,2,1.0,0.0,1.0,0,0,0,0
cifar10,20,2,mixed_maturity,access_full,dirichlet_lcb,diverse_then_repeat_backdoor,0.5,8,40,5,0.3545,0.4772222222222222,0.10096000000000001,2,2,1.0,0.0,1.0,0,0,0,0
cifar10,20,2,mixed_maturity,access_full,dirichlet_lcb,diverse_then_repeat_backdoor,0.5,8,41,5,0.336,0.5566666666666666,0.10096000000000002,2,2,1.0,0.0,1.0,0,0,0,0
cifar10,20,2,mixed_maturity,access_full,dirichlet_lcb,diverse_then_repeat_backdoor,0.5,8,42,5,0.3445,0.555,0.10096000000000002,2,2,1.0,0.0,1.0,0,0,0,0
cifar10,20,2,mixed_maturity,access_full,dirichlet_lcb,diverse_then_repeat_backdoor,0.5,8,43,5,0.3145,0.23055555555555557,0.10096000000000001,2,2,1.0,0.0,1.0,0,0,0,0
cifar10,20,2,mixed_maturity,access_full,dirichlet_lcb,diverse_then_repeat_backdoor,0.5,8,44,5,0.3655,0.32,0.10096000000000004,2,2,1.0,0.0,1.0,0,0,0,0
cifar10,20,2,mixed_maturity,access_full,dirichlet_lcb,diverse_then_repeat_backdoor,0.5,8,45,5,0.332,0.7183333333333334,0.10096000000000002,2,2,1.0,0.0,1.0,0,0,0,0
cifar10,20,2,mixed_maturity,access_full,dirichlet_lcb,diverse_then_repeat_backdoor,0.5,8,46,5,0.338,0.5244444444444445,0.10095999999999998,2,2,1.0,0.0,1.0,0,0,0,0
cifar10,20,2,mixed_maturity,access_full,dirichlet_lcb,diverse_then_repeat_backdoor,0.5,8,47,5,0.345,0.5672222222222222,0.10096000000000001,2,2,1.0,0.0,1.0,0,0,0,0
cifar10,20,2,mixed_maturity,access_full,dirichlet_lcb,diverse_then_repeat_backdoor,0.5,8,48,5,0.354,0.5022222222222222,0.10096000000000004,2,2,1.0,0.0,1.0,0,0,0,0
cifar10,20,2,mixed_maturity,access_full,dirichlet_lcb,diverse_then_repeat_backdoor,0.5,8,49,5,0.3475,0.3283333333333333,0.10096000000000002,2,2,1.0,0.0,1.0,0,0,0,0
cifar10,20,2,mixed_maturity,access_full,dirichlet_lcb,diverse_then_repeat_backdoor,0.5,8,50,5,0.368,0.45555555555555555,0.10096000000000001,2,2,1.0,0.0,1.0,0,0,0,0
cifar10,20,2,mixed_maturity,access_full,dirichlet_lcb,diverse_then_repeat_backdoor,0.5,9,1,5,0.118,0.0,0.03149143346364509,2,2,1.0,1.0,0.0,0,0,0,0
cifar10,20,2,mixed_maturity,access_full,dirichlet_lcb,diverse_then_repeat_backdoor,0.5,9,2,5,0.2295,0.085,0.03149143346364509,2,2,1.0,1.0,0.0,0,0,0,0
cifar10,20,2,mixed_maturity,access_full,dirichlet_lcb,diverse_then_repeat_backdoor,0.5,9,3,5,0.2355,0.0005555555555555556,0.03149143346364509,2,2,1.0,1.0,0.0,0,0,0,0
cifar10,20,2,mixed_maturity,access_full,dirichlet_lcb,diverse_then_repeat_backdoor,0.5,9,4,5,0.287,0.011111111111111112,0.03149143346364509,2,2,1.0,1.0,0.0,0,0,0,0
cifar10,20,2,mixed_maturity,access_full,dirichlet_lcb,diverse_then_repeat_backdoor,0.5,9,5,5,0.294,0.09888888888888889,0.06106,2,2,1.0,0.0,1.0,0,0,0,0
cifar10,20,2,mixed_maturity,access_full,dirichlet_lcb,diverse_then_repeat_backdoor,0.5,9,6,5,0.294,0.10777777777777778,0.06105999999999999,2,2,1.0,0.0,1.0,0,0,0,0
cifar10,20,2,mixed_maturity,access_full,dirichlet_lcb,diverse_then_repeat_backdoor,0.5,9,7,5,0.23,0.165,0.06106,2,2,1.0,0.0,1.0,0,0,0,0
cifar10,20,2,mixed_maturity,access_full,dirichlet_lcb,diverse_then_repeat_backdoor,0.5,9,8,5,0.3045,0.026111111111111113,0.06105999999999999,2,2,1.0,0.0,1.0,0,0,0,0
cifar10,20,2,mixed_maturity,access_full,dirichlet_lcb,diverse_then_repeat_backdoor,0.5,9,9,5,0.265,0.0005555555555555556,0.06106,2,2,1.0,0.0,1.0,0,0,0,0
cifar10,20,2,mixed_maturity,access_full,dirichlet_lcb,diverse_then_repeat_backdoor,0.5,9,10,5,0.3,0.07777777777777778,0.06105999999999999,2,2,1.0,0.0,1.0,0,0,0,0
cifar10,20,2,mixed_maturity,access_full,dirichlet_lcb,diverse_then_repeat_backdoor,0.5,9,11,5,0.3145,0.008333333333333333,0.06106,2,2,1.0,0.0,1.0,0,0,0,0
cifar10,20,2,mixed_maturity,access_full,dirichlet_lcb,diverse_then_repeat_backdoor,0.5,9,12,5,0.3345,0.08833333333333333,0.06106,2,2,1.0,0.0,1.0,0,0,0,0
cifar10,20,2,mixed_maturity,access_full,dirichlet_lcb,diverse_then_repeat_backdoor,0.5,9,13,5,0.2725,0.2861111111111111,0.06106,2,2,1.0,0.0,1.0,0,0,0,0
cifar10,20,2,mixed_maturity,access_full,dirichlet_lcb,diverse_then_repeat_backdoor,0.5,9,14,5,0.2745,0.006666666666666667,0.06106,2,2,1.0,0.0,1.0,0,0,0,0
cifar10,20,2,mixed_maturity,access_full,dirichlet_lcb,diverse_then_repeat_backdoor,0.5,9,15,5,0.3355,0.09777777777777778,0.06106,2,2,1.0,0.0,1.0,0,0,0,0
cifar10,20,2,mixed_maturity,access_full,dirichlet_lcb,diverse_then_repeat_backdoor,0.5,9,16,5,0.318,0.06833333333333333,0.06106,2,2,1.0,0.0,1.0,0,0,0,0
cifar10,20,2,mixed_maturity,access_full,dirichlet_lcb,diverse_then_repeat_backdoor,0.5,9,17,5,0.334,0.21055555555555555,0.06105999999999999,2,2,1.0,0.0,1.0,0,0,0,0
cifar10,20,2,mixed_maturity,access_full,dirichlet_lcb,diverse_then_repeat_backdoor,0.5,9,18,5,0.33,0.09111111111111111,0.06105999999999999,2,2,1.0,0.0,1.0,0,0,0,0
cifar10,20,2,mixed_maturity,access_full,dirichlet_lcb,diverse_then_repeat_backdoor,0.5,9,19,5,0.3125,0.25666666666666665,0.06106,2,2,1.0,0.0,1.0,0,0,0,0
cifar10,20,2,mixed_maturity,access_full,dirichlet_lcb,diverse_then_repeat_backdoor,0.5,9,20,5,0.3515,0.10444444444444445,0.06106,2,2,1.0,0.0,1.0,0,0,0,0
cifar10,20,2,mixed_maturity,access_full,dirichlet_lcb,diverse_then_repeat_backdoor,0.5,9,21,5,0.3215,0.35388888888888886,0.06106,2,2,1.0,0.0,1.0,0,0,0,0
cifar10,20,2,mixed_maturity,access_full,dirichlet_lcb,diverse_then_repeat_backdoor,0.5,9,22,5,0.3125,0.24888888888888888,0.06106,2,2,1.0,0.0,1.0,0,0,0,0
cifar10,20,2,mixed_maturity,access_full,dirichlet_lcb,diverse_then_repeat_backdoor,0.5,9,23,5,0.34,0.03777777777777778,0.06105999999999999,2,2,1.0,0.0,1.0,0,0,0,0
cifar10,20,2,mixed_maturity,access_full,dirichlet_lcb,diverse_then_repeat_backdoor,0.5,9,24,5,0.3485,0.02722222222222222,0.06106,2,2,1.0,0.0,1.0,0,0,0,0
cifar10,20,2,mixed_maturity,access_full,dirichlet_lcb,diverse_then_repeat_backdoor,0.5,9,25,5,0.3205,0.26666666666666666,0.06106,2,2,1.0,0.0,1.0,0,0,0,0
cifar10,20,2,mixed_maturity,access_full,dirichlet_lcb,diverse_then_repeat_backdoor,0.5,9,26,5,0.33,0.0038888888888888888,0.06106,2,2,1.0,0.0,1.0,0,0,0,0
cifar10,20,2,mixed_maturity,access_full,dirichlet_lcb,diverse_then_repeat_backdoor,0.5,9,27,5,0.3245,0.18,0.06105999999999999,2,2,1.0,0.0,1.0,0,0,0,0
cifar10,20,2,mixed_maturity,access_full,dirichlet_lcb,diverse_then_repeat_backdoor,0.5,9,28,5,0.332,0.29888888888888887,0.06105999999999999,2,2,1.0,0.0,1.0,0,0,0,0
cifar10,20,2,mixed_maturity,access_full,dirichlet_lcb,diverse_then_repeat_backdoor,0.5,9,29,5,0.3435,0.12777777777777777,0.06105999999999999,2,2,1.0,0.0,1.0,0,0,0,0
cifar10,20,2,mixed_maturity,access_full,dirichlet_lcb,diverse_then_repeat_backdoor,0.5,9,30,5,0.3235,0.2972222222222222,0.06105999999999999,2,2,1.0,0.0,1.0,0,0,0,0
cifar10,20,2,mixed_maturity,access_full,dirichlet_lcb,diverse_then_repeat_backdoor,0.5,9,31,5,0.3255,0.12277777777777778,0.06105999999999999,2,2,1.0,0.0,1.0,0,0,0,0
cifar10,20,2,mixed_maturity,access_full,dirichlet_lcb,diverse_then_repeat_backdoor,0.5,9,32,5,0.308,0.2727777777777778,0.06106,2,2,1.0,0.0,1.0,0,0,0,0
cifar10,20,2,mixed_maturity,access_full,dirichlet_lcb,diverse_then_repeat_backdoor,0.5,9,33,5,0.3225,0.06222222222222222,0.06106,2,2,1.0,0.0,1.0,0,0,0,0
cifar10,20,2,mixed_maturity,access_full,dirichlet_lcb,diverse_then_repeat_backdoor,0.5,9,34,5,0.348,0.2011111111111111,0.06106,2,2,1.0,0.0,1.0,0,0,0,0
cifar10,20,2,mixed_maturity,access_full,dirichlet_lcb,diverse_then_repeat_backdoor,0.5,9,35,5,0.346,0.04055555555555555,0.06105999999999999,2,2,1.0,0.0,1.0,0,0,0,0
cifar10,20,2,mixed_maturity,access_full,dirichlet_lcb,diverse_then_repeat_backdoor,0.5,9,36,5,0.333,0.08833333333333333,0.06106,2,2,1.0,0.0,1.0,0,0,0,0
cifar10,20,2,mixed_maturity,access_full,dirichlet_lcb,diverse_then_repeat_backdoor,0.5,9,37,5,0.356,0.185,0.06105999999999999,2,2,1.0,0.0,1.0,0,0,0,0
cifar10,20,2,mixed_maturity,access_full,dirichlet_lcb,diverse_then_repeat_backdoor,0.5,9,38,5,0.313,0.29444444444444445,0.06105999999999999,2,2,1.0,0.0,1.0,0,0,0,0
cifar10,20,2,mixed_maturity,access_full,dirichlet_lcb,diverse_then_repeat_backdoor,0.5,9,39,5,0.369,0.16055555555555556,0.06105999999999999,2,2,1.0,0.0,1.0,0,0,0,0
cifar10,20,2,mixed_maturity,access_full,dirichlet_lcb,diverse_then_repeat_backdoor,0.5,9,40,5,0.353,0.10722222222222222,0.06106,2,2,1.0,0.0,1.0,0,0,0,0
cifar10,20,2,mixed_maturity,access_full,dirichlet_lcb,diverse_then_repeat_backdoor,0.5,9,41,5,0.327,0.31777777777777777,0.06106,2,2,1.0,0.0,1.0,0,0,0,0
cifar10,20,2,mixed_maturity,access_full,dirichlet_lcb,diverse_then_repeat_backdoor,0.5,9,42,5,0.3545,0.08666666666666667,0.06106,2,2,1.0,0.0,1.0,0,0,0,0
cifar10,20,2,mixed_maturity,access_full,dirichlet_lcb,diverse_then_repeat_backdoor,0.5,9,43,5,0.359,0.22166666666666668,0.06106,2,2,1.0,0.0,1.0,0,0,0,0
cifar10,20,2,mixed_maturity,access_full,dirichlet_lcb,diverse_then_repeat_backdoor,0.5,9,44,5,0.361,0.325,0.06105999999999999,2,2,1.0,0.0,1.0,0,0,0,0
cifar10,20,2,mixed_maturity,access_full,dirichlet_lcb,diverse_then_repeat_backdoor,0.5,9,45,5,0.367,0.10277777777777777,0.06106,2,2,1.0,0.0,1.0,0,0,0,0
cifar10,20,2,mixed_maturity,access_full,dirichlet_lcb,diverse_then_repeat_backdoor,0.5,9,46,5,0.3285,0.25055555555555553,0.06106,2,2,1.0,0.0,1.0,0,0,0,0
cifar10,20,2,mixed_maturity,access_full,dirichlet_lcb,diverse_then_repeat_backdoor,0.5,9,47,5,0.354,0.22777777777777777,0.06106,2,2,1.0,0.0,1.0,0,0,0,0
cifar10,20,2,mixed_maturity,access_full,dirichlet_lcb,diverse_then_repeat_backdoor,0.5,9,48,5,0.342,0.29388888888888887,0.06106,2,2,1.0,0.0,1.0,0,0,0,0
cifar10,20,2,mixed_maturity,access_full,dirichlet_lcb,diverse_then_repeat_backdoor,0.5,9,49,5,0.373,0.2088888888888889,0.06106,2,2,1.0,0.0,1.0,0,0,0,0
cifar10,20,2,mixed_maturity,access_full,dirichlet_lcb,diverse_then_repeat_backdoor,0.5,9,50,5,0.339,0.13,0.06106,2,2,1.0,0.0,1.0,0,0,0,0
cifar10,20,2,mixed_maturity,rffl_reputation,dirichlet_lcb,benign_concept_drift,0.5,0,1,5,0.1895,0.0,0.09999999999999998,2,2,1.0,0.0,1.0,0,0,0,0
cifar10,20,2,mixed_maturity,rffl_reputation,dirichlet_lcb,benign_concept_drift,0.5,0,2,5,0.2015,0.0005555555555555556,0.09878521197570424,2,2,1.0,0.0,1.0,0,0,0,0
cifar10,20,2,mixed_maturity,rffl_reputation,dirichlet_lcb,benign_concept_drift,0.5,0,3,5,0.164,0.0038888888888888888,0.09250481185009624,2,2,1.0,0.0,1.0,0,0,0,0
cifar10,20,2,mixed_maturity,rffl_reputation,dirichlet_lcb,benign_concept_drift,0.5,0,4,5,0.2345,0.0044444444444444444,0.0951617709516177,2,2,1.0,0.0,1.0,0,0,0,0
cifar10,20,2,mixed_maturity,rffl_reputation,dirichlet_lcb,benign_concept_drift,0.5,0,5,5,0.287,0.057777777777777775,0.08674805999999999,2,2,1.0,0.0,1.0,0,0,0,0
cifar10,20,2,mixed_maturity,rffl_reputation,dirichlet_lcb,benign_concept_drift,0.5,0,6,5,0.2695,0.051666666666666666,0.09163057091630573,2,2,1.0,0.0,1.0,0,0,0,0
cifar10,20,2,mixed_maturity,rffl_reputation,dirichlet_lcb,benign_concept_drift,0.5,0,7,5,0.2825,0.0011111111111111111,0.09979499900205001,2,2,1.0,0.0,1.0,0,0,0,0
cifar10,20,2,mixed_maturity,rffl_reputation,dirichlet_lcb,benign_concept_drift,0.5,0,8,5,0.3325,0.08222222222222222,0.10375603792487922,2,2,1.0,0.0,1.0,0,0,0,0
cifar10,20,2,mixed_maturity,rffl_reputation,dirichlet_lcb,benign_concept_drift,0.5,0,9,5,0.288,0.012777777777777779,0.10577580423103218,2,2,1.0,0.0,1.0,0,0,0,0
cifar10,20,2,mixed_maturity,rffl_reputation,dirichlet_lcb,benign_concept_drift,0.5,0,10,5,0.2545,0.017777777777777778,0.1081573367552799,2,2,1.0,0.0,1.0,0,0,0,0
cifar10,20,2,mixed_maturity,rffl_reputation,dirichlet_lcb,benign_concept_drift,0.5,0,11,5,0.281,0.034444444444444444,0.10584327105843269,2,2,1.0,0.0,1.0,0,0,0,0
cifar10,20,2,mixed_maturity,rffl_reputation,dirichlet_lcb,benign_concept_drift,0.5,0,12,5,0.32,0.04388888888888889,0.10381800896181995,2,2,1.0,0.0,1.0,0,0,0,0
cifar10,20,2,mixed_maturity,rffl_reputation,dirichlet_lcb,benign_concept_drift,0.5,0,13,5,0.272,0.018333333333333333,0.09838462901615372,2,2,1.0,0.0,1.0,0,0,0,0
cifar10,20,2,mixed_maturity,rffl_reputation,dirichlet_lcb,benign_concept_drift,0.5,0,14,5,0.271,0.005555555555555556,0.10326139309784181,2,2,1.0,0.0,1.0,0,0,0,0
cifar10,20,2,mixed_maturity,rffl_reputation,dirichlet_lcb,benign_concept_drift,0.5,0,15,5,0.3215,0.04777777777777778,0.10362546896374529,2,2,1.0,0.0,1.0,0,0,0,0
cifar10,20,2,mixed_maturity,rffl_reputation,dirichlet_lcb,benign_concept_drift,0.5,0,16,5,0.3005,0.042777777777777776,0.08839637000000002,2,2,1.0,0.0,1.0,0,0,0,0
cifar10,20,2,mixed_maturity,rffl_reputation,dirichlet_lcb,benign_concept_drift,0.5,0,17,5,0.3095,0.03611111111111111,0.09004453,2,2,1.0,0.0,1.0,0,0,0,0
cifar10,20,2,mixed_maturity,rffl_reputation,dirichlet_lcb,benign_concept_drift,0.5,0,18,5,0.3455,0.10333333333333333,0.09093440909065591,2,2,1.0,0.0,1.0,0,0,0,0
cifar10,20,2,mixed_maturity,rffl_reputation,dirichlet_lcb,benign_concept_drift,0.5,0,19,5,0.304,0.04,0.09035391819292161,2,2,1.0,0.0,1.0,0,0,0,0
cifar10,20,2,mixed_maturity,rffl_reputation,dirichlet_lcb,benign_concept_drift,0.5,0,20,5,0.286,0.008888888888888889,0.09308774813824502,2,2,1.0,0.0,1.0,0,0,0,0
cifar10,20,2,mixed_maturity,rffl_reputation,dirichlet_lcb,benign_concept_drift,0.5,0,21,5,0.312,0.06277777777777778,0.09649418000000003,2,2,1.0,0.0,1.0,0,0,0,0
cifar10,20,2,mixed_maturity,rffl_reputation,dirichlet_lcb,benign_concept_drift,0.5,0,22,5,0.316,0.14888888888888888,0.10093364100933641,2,2,1.0,0.0,1.0,0,0,0,0
cifar10,20,2,mixed_maturity,rffl_reputation,dirichlet_lcb,benign_concept_drift,0.5,0,23,5,0.347,0.04111111111111111,0.09951940000000001,2,2,1.0,0.0,1.0,0,0,0,0
cifar10,20,2,mixed_maturity,rffl_reputation,dirichlet_lcb,benign_concept_drift,0.5,0,24,5,0.301,0.10833333333333334,0.10339653896603462,2,2,1.0,0.0,1.0,0,0,0,0
cifar10,20,2,mixed_maturity,rffl_reputation,dirichlet_lcb,benign_concept_drift,0.5,0,25,5,0.3365,0.010555555555555556,0.10427955791440886,2,2,1.0,0.0,1.0,0,0,0,0
cifar10,20,2,mixed_maturity,rffl_reputation,dirichlet_lcb,benign_concept_drift,0.5,0,26,5,0.3455,0.05555555555555555,0.10464225895357741,2,2,1.0,0.0,1.0,0,0,0,0
cifar10,20,2,mixed_maturity,rffl_reputation,dirichlet_lcb,benign_concept_drift,0.5,0,27,5,0.325,0.04666666666666667,0.10363283000000002,2,2,1.0,0.0,1.0,0,0,0,0
cifar10,20,2,mixed_maturity,rffl_reputation,dirichlet_lcb,benign_concept_drift,0.5,0,28,5,0.3435,0.0044444444444444444,0.10688674106886743,2,2,1.0,0.0,1.0,0,0,0,0
cifar10,20,2,mixed_maturity,rffl_reputation,dirichlet_lcb,benign_concept_drift,0.5,0,29,5,0.3165,0.0038888888888888888,0.12219099122190992,2,2,1.0,0.0,1.0,0,0,0,0
cifar10,20,2,mixed_maturity,rffl_reputation,dirichlet_lcb,benign_concept_drift,0.5,0,30,5,0.3615,0.08722222222222223,0.13184186000000003,2,2,1.0,0.0,1.0,0,0,0,0
cifar10,20,2,mixed_maturity,rffl_reputation,dirichlet_lcb,benign_concept_drift,0.5,0,31,5,0.357,0.11,0.13440640268812803,2,2,1.0,0.0,1.0,0,0,0,0
cifar10,20,2,mixed_maturity,rffl_reputation,dirichlet_lcb,benign_concept_drift,0.5,0,32,5,0.3465,0.015,0.1363024586369754,2,2,1.0,0.0,1.0,0,0,0,0
cifar10,20,2,mixed_maturity,rffl_reputation,dirichlet_lcb,benign_concept_drift,0.5,0,33,5,0.349,0.20833333333333334,0.1327527839825835,2,2,1.0,0.0,1.0,0,0,0,0
cifar10,20,2,mixed_maturity,rffl_reputation,dirichlet_lcb,benign_concept_drift,0.5,0,34,5,0.3445,0.006111111111111111,0.10552092788958145,2,2,1.0,0.0,1.0,0,0,0,0
cifar10,20,2,mixed_maturity,rffl_reputation,dirichlet_lcb,benign_concept_drift,0.5,0,35,5,0.328,0.005,0.11637791,2,2,1.0,0.0,1.0,0,0,0,0
cifar10,20,2,mixed_maturity,rffl_reputation,dirichlet_lcb,benign_concept_drift,0.5,0,36,5,0.303,0.13444444444444445,0.12338741123387413,2,2,1.0,0.0,1.0,0,0,0,0
cifar10,20,2,mixed_maturity,rffl_reputation,dirichlet_lcb,benign_concept_drift,0.5,0,37,5,0.34,0.01,0.12174213000000002,2,2,1.0,0.0,1.0,0,0,0,0
cifar10,20,2,mixed_maturity,rffl_reputation,dirichlet_lcb,benign_concept_drift,0.5,0,38,5,0.3515,0.02666666666666667,0.13702981,2,2,1.0,0.0,1.0,0,0,0,0
cifar10,20,2,mixed_maturity,rffl_reputation,dirichlet_lcb,benign_concept_drift,0.5,0,39,5,0.348,0.13,0.13720416,2,2,1.0,0.0,1.0,0,0,0,0
cifar10,20,2,mixed_maturity,rffl_reputation,dirichlet_lcb,benign_concept_drift,0.5,0,40,5,0.35,0.11722222222222223,0.13877478999999998,2,2,1.0,0.0,1.0,0,0,0,0
cifar10,20,2,mixed_maturity,rffl_reputation,dirichlet_lcb,benign_concept_drift,0.5,0,41,5,0.337,0.023333333333333334,0.14461197710776047,2,2,1.0,0.0,1.0,0,0,0,0
cifar10,20,2,mixed_maturity,rffl_reputation,dirichlet_lcb,benign_concept_drift,0.5,0,42,5,0.3185,0.12055555555555555,0.15255277000000003,2,2,1.0,0.0,1.0,0,0,0,0
cifar10,20,2,mixed_maturity,rffl_reputation,dirichlet_lcb,benign_concept_drift,0.5,0,43,5,0.322,0.10944444444444444,0.15349977306999546,2,2,1.0,0.0,1.0,0,0,0,0
cifar10,20,2,mixed_maturity,rffl_reputation,dirichlet_lcb,benign_concept_drift,0.5,0,44,5,0.333,0.04777777777777778,0.16040168320803364,2,2,1.0,0.0,1.0,0,0,0,0
cifar10,20,2,mixed_maturity,rffl_reputation,dirichlet_lcb,benign_concept_drift,0.5,0,45,5,0.342,0.017777777777777778,0.16601534166015344,2,2,1.0,0.0,1.0,0,0,0,0
cifar10,20,2,mixed_maturity,rffl_reputation,dirichlet_lcb,benign_concept_drift,0.5,0,46,5,0.37,0.03166666666666667,0.16675061,2,2,1.0,0.0,1.0,0,0,0,0
cifar10,20,2,mixed_maturity,rffl_reputation,dirichlet_lcb,benign_concept_drift,0.5,0,47,5,0.3555,0.021111111111111112,0.15692861686142764,2,2,1.0,0.0,1.0,0,0,0,0
cifar10,20,2,mixed_maturity,rffl_reputation,dirichlet_lcb,benign_concept_drift,0.5,0,48,5,0.349,0.11444444444444445,0.14791539852084604,2,2,1.0,0.0,1.0,0,0,0,0
cifar10,20,2,mixed_maturity,rffl_reputation,dirichlet_lcb,benign_concept_drift,0.5,0,49,5,0.3255,0.04611111111111111,0.13262198,2,2,1.0,0.0,1.0,0,0,0,0
cifar10,20,2,mixed_maturity,rffl_reputation,dirichlet_lcb,benign_concept_drift,0.5,0,50,5,0.3755,0.09277777777777778,0.13109299131092988,2,2,1.0,0.0,1.0,0,0,0,0
cifar10,20,2,mixed_maturity,rffl_reputation,dirichlet_lcb,benign_concept_drift,0.5,1,1,5,0.223,0.21722222222222223,0.09999999999999998,2,2,1.0,0.0,1.0,0,0,0,0
cifar10,20,2,mixed_maturity,rffl_reputation,dirichlet_lcb,benign_concept_drift,0.5,1,2,5,0.1635,0.0011111111111111111,0.10005129,2,2,1.0,0.0,1.0,0,0,0,0
cifar10,20,2,mixed_maturity,rffl_reputation,dirichlet_lcb,benign_concept_drift,0.5,1,3,5,0.2545,0.2788888888888889,0.1096677810966778,2,2,1.0,0.0,1.0,0,0,0,0
cifar10,20,2,mixed_maturity,rffl_reputation,dirichlet_lcb,benign_concept_drift,0.5,1,4,5,0.2035,0.0011111111111111111,0.09832074196641484,2,2,1.0,0.0,1.0,0,0,0,0
cifar10,20,2,mixed_maturity,rffl_reputation,dirichlet_lcb,benign_concept_drift,0.5,1,5,5,0.2655,0.06777777777777778,0.0957329809573298,2,2,1.0,0.0,1.0,0,0,0,0
cifar10,20,2,mixed_maturity,rffl_reputation,dirichlet_lcb,benign_concept_drift,0.5,1,6,5,0.284,0.10222222222222223,0.10175594,2,2,1.0,0.0,1.0,0,0,0,0
cifar10,20,2,mixed_maturity,rffl_reputation,dirichlet_lcb,benign_concept_drift,0.5,1,7,5,0.274,0.012222222222222223,0.10677990786440184,2,2,1.0,0.0,1.0,0,0,0,0
cifar10,20,2,mixed_maturity,rffl_reputation,dirichlet_lcb,benign_concept_drift,0.5,1,8,5,0.2895,0.09666666666666666,0.11449683999999997,2,2,1.0,0.0,1.0,0,0,0,0
cifar10,20,2,mixed_maturity,rffl_reputation,dirichlet_lcb,benign_concept_drift,0.5,1,9,5,0.2635,0.042222222222222223,0.11631492000000002,2,2,1.0,0.0,1.0,0,0,0,0
cifar10,20,2,mixed_maturity,rffl_reputation,dirichlet_lcb,benign_concept_drift,0.5,1,10,5,0.274,0.028333333333333332,0.12332176753356466,2,2,1.0,0.0,1.0,0,0,0,0
cifar10,20,2,mixed_maturity,rffl_reputation,dirichlet_lcb,benign_concept_drift,0.5,1,11,5,0.2985,0.16333333333333333,0.12419681875803182,2,2,1.0,0.0,1.0,0,0,0,0
cifar10,20,2,mixed_maturity,rffl_reputation,dirichlet_lcb,benign_concept_drift,0.5,1,12,5,0.2805,0.02666666666666667,0.12506954874930448,2,2,1.0,0.0,1.0,0,0,0,0
cifar10,20,2,mixed_maturity,rffl_reputation,dirichlet_lcb,benign_concept_drift,0.5,1,13,5,0.3025,0.006111111111111111,0.11859586762808262,2,2,1.0,0.0,1.0,0,0,0,0
cifar10,20,2,mixed_maturity,rffl_reputation,dirichlet_lcb,benign_concept_drift,0.5,1,14,5,0.2995,0.2866666666666667,0.12571731,2,2,1.0,0.0,1.0,0,0,0,0
cifar10,20,2,mixed_maturity,rffl_reputation,dirichlet_lcb,benign_concept_drift,0.5,1,15,5,0.299,0.012222222222222223,0.11455743885442563,2,2,1.0,0.0,1.0,0,0,0,0
cifar10,20,2,mixed_maturity,rffl_reputation,dirichlet_lcb,benign_concept_drift,0.5,1,16,5,0.3055,0.0033333333333333335,0.10941698781166025,2,2,1.0,0.0,1.0,0,0,0,0
cifar10,20,2,mixed_maturity,rffl_reputation,dirichlet_lcb,benign_concept_drift,0.5,1,17,5,0.3155,0.044444444444444446,0.09822047901779524,2,2,1.0,0.0,1.0,0,0,0,0
cifar10,20,2,mixed_maturity,rffl_reputation,dirichlet_lcb,benign_concept_drift,0.5,1,18,5,0.326,0.02666666666666667,0.09348752093487522,2,2,1.0,0.0,1.0,0,0,0,0
cifar10,20,2,mixed_maturity,rffl_reputation,dirichlet_lcb,benign_concept_drift,0.5,1,19,5,0.3085,0.1411111111111111,0.08696876913031229,2,2,1.0,0.0,1.0,0,0,0,0
cifar10,20,2,mixed_maturity,rffl_reputation,dirichlet_lcb,benign_concept_drift,0.5,1,20,5,0.334,0.050555555555555555,0.09814593000000002,2,2,1.0,0.0,1.0,0,0,0,0
cifar10,20,2,mixed_maturity,rffl_reputation,dirichlet_lcb,benign_concept_drift,0.5,1,21,5,0.345,0.027777777777777776,0.09667504096675042,2,2,1.0,0.0,1.0,0,0,0,0
cifar10,20,2,mixed_maturity,rffl_reputation,dirichlet_lcb,benign_concept_drift,0.5,1,22,5,0.317,0.04666666666666667,0.09868784999999997,2,2,1.0,0.0,1.0,0,0,0,0
cifar10,20,2,mixed_maturity,rffl_reputation,dirichlet_lcb,benign_concept_drift,0.5,1,23,5,0.3135,0.011111111111111112,0.11079393221587865,2,2,1.0,0.0,1.0,0,0,0,0
cifar10,20,2,mixed_maturity,rffl_reputation,dirichlet_lcb,benign_concept_drift,0.5,1,24,5,0.327,0.04055555555555555,0.11377948,2,2,1.0,0.0,1.0,0,0,0,0
cifar10,20,2,mixed_maturity,rffl_reputation,dirichlet_lcb,benign_concept_drift,0.5,1,25,5,0.346,0.1461111111111111,0.12251388754972227,2,2,1.0,0.0,1.0,0,0,0,0
cifar10,20,2,mixed_maturity,rffl_reputation,dirichlet_lcb,benign_concept_drift,0.5,1,26,5,0.321,0.008333333333333333,0.10575657211513143,2,2,1.0,0.0,1.0,0,0,0,0
cifar10,20,2,mixed_maturity,rffl_reputation,dirichlet_lcb,benign_concept_drift,0.5,1,27,5,0.3175,0.005,0.1087137510871375,2,2,1.0,0.0,1.0,0,0,0,0
cifar10,20,2,mixed_maturity,rffl_reputation,dirichlet_lcb,benign_concept_drift,0.5,1,28,5,0.3435,0.09833333333333333,0.1139059911390599,2,2,1.0,0.0,1.0,0,0,0,0
cifar10,20,2,mixed_maturity,rffl_reputation,dirichlet_lcb,benign_concept_drift,0.5,1,29,5,0.3145,0.0038888888888888888,0.11061688889383112,2,2,1.0,0.0,1.0,0,0,0,0
cifar10,20,2,mixed_maturity,rffl_reputation,dirichlet_lcb,benign_concept_drift,0.5,1,30,5,0.343,0.07277777777777777,0.12100303000000003,2,2,1.0,0.0,1.0,0,0,0,0
cifar10,20,2,mixed_maturity,rffl_reputation,dirichlet_lcb,benign_concept_drift,0.5,1,31,5,0.3415,0.041666666666666664,0.10289204,2,2,1.0,0.0,1.0,0,0,0,0
cifar10,20,2,mixed_maturity,rffl_reputation,dirichlet_lcb,benign_concept_drift,0.5,1,32,5,0.34,0.011666666666666667,0.10250780205015605,2,2,1.0,0.0,1.0,0,0,0,0
cifar10,20,2,mixed_maturity,rffl_reputation,dirichlet_lcb,benign_concept_drift,0.5,1,33,5,0.345,0.09888888888888889,0.11210898112108979,2,2,1.0,0.0,1.0,0,0,0,0
cifar10,20,2,mixed_maturity,rffl_reputation,dirichlet_lcb,benign_concept_drift,0.5,1,34,5,0.363,0.023333333333333334,0.1049228289507717,2,2,1.0,0.0,1.0,0,0,0,0
cifar10,20,2,mixed_maturity,rffl_reputation,dirichlet_lcb,benign_concept_drift,0.5,1,35,5,0.308,0.021666666666666667,0.10769852999999997,2,2,1.0,0.0,1.0,0,0,0,0
cifar10,20,2,mixed_maturity,rffl_reputation,dirichlet_lcb,benign_concept_drift,0.5,1,36,5,0.309,0.006666666666666667,0.10472269104722691,2,2,1.0,0.0,1.0,0,0,0,0
cifar10,20,2,mixed_maturity,rffl_reputation,dirichlet_lcb,benign_concept_drift,0.5,1,37,5,0.326,0.010555555555555556,0.10933794218675884,2,2,1.0,0.0,1.0,0,0,0,0
cifar10,20,2,mixed_maturity,rffl_reputation,dirichlet_lcb,benign_concept_drift,0.5,1,38,5,0.318,0.11833333333333333,0.12071132000000001,2,2,1.0,0.0,1.0,0,0,0,0
cifar10,20,2,mixed_maturity,rffl_reputation,dirichlet_lcb,benign_concept_drift,0.5,1,39,5,0.352,0.043333333333333335,0.10147533202950665,2,2,1.0,0.0,1.0,0,0,0,0
cifar10,20,2,mixed_maturity,rffl_reputation,dirichlet_lcb,benign_concept_drift,0.5,1,40,5,0.336,0.09166666666666666,0.11551210346536311,2,2,1.0,0.0,1.0,0,0,0,0
cifar10,20,2,mixed_maturity,rffl_reputation,dirichlet_lcb,benign_concept_drift,0.5,1,41,5,0.355,0.075,0.11180100223602005,2,2,1.0,0.0,1.0,0,0,0,0
cifar10,20,2,mixed_maturity,rffl_reputation,dirichlet_lcb,benign_concept_drift,0.5,1,42,5,0.3185,0.017777777777777778,0.12172490999999999,2,2,1.0,0.0,1.0,0,0,0,0
cifar10,20,2,mixed_maturity,rffl_reputation,dirichlet_lcb,benign_concept_drift,0.5,1,43,5,0.3245,0.027777777777777776,0.12645998379379952,2,2,1.0,0.0,1.0,0,0,0,0
cifar10,20,2,mixed_maturity,rffl_reputation,dirichlet_lcb,benign_concept_drift,0.5,1,44,5,0.345,0.06444444444444444,0.13446471,2,2,1.0,0.0,1.0,0,0,0,0
cifar10,20,2,mixed_maturity,rffl_reputation,dirichlet_lcb,benign_concept_drift,0.5,1,45,5,0.3455,0.16277777777777777,0.1323299039698971,2,2,1.0,0.0,1.0,0,0,0,0
cifar10,20,2,mixed_maturity,rffl_reputation,dirichlet_lcb,benign_concept_drift,0.5,1,46,5,0.314,0.005555555555555556,0.12444802124448022,2,2,1.0,0.0,1.0,0,0,0,0
cifar10,20,2,mixed_maturity,rffl_reputation,dirichlet_lcb,benign_concept_drift,0.5,1,47,5,0.356,0.08222222222222222,0.1283772,2,2,1.0,0.0,1.0,0,0,0,0
cifar10,20,2,mixed_maturity,rffl_reputation,dirichlet_lcb,benign_concept_drift,0.5,1,48,5,0.345,0.0005555555555555556,0.12991285000000002,2,2,1.0,0.0,1.0,0,0,0,0
cifar10,20,2,mixed_maturity,rffl_reputation,dirichlet_lcb,benign_concept_drift,0.5,1,49,5,0.333,0.028333333333333332,0.14856677000000004,2,2,1.0,0.0,1.0,0,0,0,0
cifar10,20,2,mixed_maturity,rffl_reputation,dirichlet_lcb,benign_concept_drift,0.5,1,50,5,0.3375,0.135,0.1467888914678889,2,2,1.0,0.0,1.0,0,0,0,0
cifar10,20,2,mixed_maturity,rffl_reputation,dirichlet_lcb,benign_concept_drift,0.5,2,1,5,0.218,0.0,0.09999999999999998,2,2,1.0,0.0,1.0,0,0,0,0
cifar10,20,2,mixed_maturity,rffl_reputation,dirichlet_lcb,benign_concept_drift,0.5,2,2,5,0.199,0.0005555555555555556,0.09711989194239784,2,2,1.0,0.0,1.0,0,0,0,0
cifar10,20,2,mixed_maturity,rffl_reputation,dirichlet_lcb,benign_concept_drift,0.5,2,3,5,0.244,0.006666666666666667,0.08779283087792829,2,2,1.0,0.0,1.0,0,0,0,0
cifar10,20,2,mixed_maturity,rffl_reputation,dirichlet_lcb,benign_concept_drift,0.5,2,4,5,0.253,0.12666666666666668,0.09113172908868271,2,2,1.0,0.0,1.0,0,0,0,0
cifar10,20,2,mixed_maturity,rffl_reputation,dirichlet_lcb,benign_concept_drift,0.5,2,5,5,0.271,0.18444444444444444,0.10359123103591232,2,2,1.0,0.0,1.0,0,0,0,0
cifar10,20,2,mixed_maturity,rffl_reputation,dirichlet_lcb,benign_concept_drift,0.5,2,6,5,0.213,0.0044444444444444444,0.10102732101027322,2,2,1.0,0.0,1.0,0,0,0,0
cifar10,20,2,mixed_maturity,rffl_reputation,dirichlet_lcb,benign_concept_drift,0.5,2,7,5,0.2825,0.041666666666666664,0.0985035080299298,2,2,1.0,0.0,1.0,0,0,0,0
cifar10,20,2,mixed_maturity,rffl_reputation,dirichlet_lcb,benign_concept_drift,0.5,2,8,5,0.3055,0.03222222222222222,0.09489896094898961,2,2,1.0,0.0,1.0,0,0,0,0
cifar10,20,2,mixed_maturity,rffl_reputation,dirichlet_lcb,benign_concept_drift,0.5,2,9,5,0.264,0.25,0.10330878896691213,2,2,1.0,0.0,1.0,0,0,0,0
cifar10,20,2,mixed_maturity,rffl_reputation,dirichlet_lcb,benign_concept_drift,0.5,2,10,5,0.308,0.115,0.11898385881016142,2,2,1.0,0.0,1.0,0,0,0,0
cifar10,20,2,mixed_maturity,rffl_reputation,dirichlet_lcb,benign_concept_drift,0.5,2,11,5,0.3085,0.095,0.1029514430885433,2,2,1.0,0.0,1.0,0,0,0,0
cifar10,20,2,mixed_maturity,rffl_reputation,dirichlet_lcb,benign_concept_drift,0.5,2,12,5,0.3305,0.028888888888888888,0.09983512199670246,2,2,1.0,0.0,1.0,0,0,0,0
cifar10,20,2,mixed_maturity,rffl_reputation,dirichlet_lcb,benign_concept_drift,0.5,2,13,5,0.295,0.2827777777777778,0.10137744797245106,2,2,1.0,0.0,1.0,0,0,0,0
cifar10,20,2,mixed_maturity,rffl_reputation,dirichlet_lcb,benign_concept_drift,0.5,2,14,5,0.3035,0.022222222222222223,0.11272583338177501,2,2,1.0,0.0,1.0,0,0,0,0
cifar10,20,2,mixed_maturity,rffl_reputation,dirichlet_lcb,benign_concept_drift,0.5,2,15,5,0.287,0.3461111111111111,0.1067969410679694,2,2,1.0,0.0,1.0,0,0,0,0
cifar10,20,2,mixed_maturity,rffl_reputation,dirichlet_lcb,benign_concept_drift,0.5,2,16,5,0.28,0.2222222222222222,0.12044092759118147,2,2,1.0,0.0,1.0,0,0,0,0
cifar10,20,2,mixed_maturity,rffl_reputation,dirichlet_lcb,benign_concept_drift,0.5,2,17,5,0.2965,0.1811111111111111,0.11319007000000002,2,2,1.0,0.0,1.0,0,0,0,0
cifar10,20,2,mixed_maturity,rffl_reputation,dirichlet_lcb,benign_concept_drift,0.5,2,18,5,0.275,0.3111111111111111,0.10603740999999997,2,2,1.0,0.0,1.0,0,0,0,0
cifar10,20,2,mixed_maturity,rffl_reputation,dirichlet_lcb,benign_concept_drift,0.5,2,19,5,0.3135,0.051666666666666666,0.10257973205159465,2,2,1.0,0.0,1.0,0,0,0,0
cifar10,20,2,mixed_maturity,rffl_reputation,dirichlet_lcb,benign_concept_drift,0.5,2,20,5,0.3135,0.2427777777777778,0.08399277916007221,2,2,1.0,0.0,1.0,0,0,0,0
cifar10,20,2,mixed_maturity,rffl_reputation,dirichlet_lcb,benign_concept_drift,0.5,2,21,5,0.2955,0.29444444444444445,0.10175064101750643,2,2,1.0,0.0,1.0,0,0,0,0
cifar10,20,2,mixed_maturity,rffl_reputation,dirichlet_lcb,benign_concept_drift,0.5,2,22,5,0.327,0.05611111111111111,0.10862584891374151,2,2,1.0,0.0,1.0,0,0,0,0
cifar10,20,2,mixed_maturity,rffl_reputation,dirichlet_lcb,benign_concept_drift,0.5,2,23,5,0.3005,0.30333333333333334,0.09890957,2,2,1.0,0.0,1.0,0,0,0,0
cifar10,20,2,mixed_maturity,rffl_reputation,dirichlet_lcb,benign_concept_drift,0.5,2,24,5,0.35,0.11055555555555556,0.09326852186537044,2,2,1.0,0.0,1.0,0,0,0,0
cifar10,20,2,mixed_maturity,rffl_reputation,dirichlet_lcb,benign_concept_drift,0.5,2,25,5,0.2965,0.3661111111111111,0.09452891999999999,2,2,1.0,0.0,1.0,0,0,0,0
cifar10,20,2,mixed_maturity,rffl_reputation,dirichlet_lcb,benign_concept_drift,0.5,2,26,5,0.3345,0.034444444444444444,0.10585036894149631,2,2,1.0,0.0,1.0,0,0,0,0
cifar10,20,2,mixed_maturity,rffl_reputation,dirichlet_lcb,benign_concept_drift,0.5,2,27,5,0.3265,0.0077777777777777776,0.10049916899500831,2,2,1.0,0.0,1.0,0,0,0,0
cifar10,20,2,mixed_maturity,rffl_reputation,dirichlet_lcb,benign_concept_drift,0.5,2,28,5,0.303,0.09944444444444445,0.10729095892709041,2,2,1.0,0.0,1.0,0,0,0,0
cifar10,20,2,mixed_maturity,rffl_reputation,dirichlet_lcb,benign_concept_drift,0.5,2,29,5,0.3305,0.11611111111111111,0.10747517214950343,2,2,1.0,0.0,1.0,0,0,0,0
cifar10,20,2,mixed_maturity,rffl_reputation,dirichlet_lcb,benign_concept_drift,0.5,2,30,5,0.3465,0.005555555555555556,0.12067658,2,2,1.0,0.0,1.0,0,0,0,0
cifar10,20,2,mixed_maturity,rffl_reputation,dirichlet_lcb,benign_concept_drift,0.5,2,31,5,0.333,0.2338888888888889,0.10987026780259462,2,2,1.0,0.0,1.0,0,0,0,0
cifar10,20,2,mixed_maturity,rffl_reputation,dirichlet_lcb,benign_concept_drift,0.5,2,32,5,0.3545,0.07777777777777778,0.1219704587802954,2,2,1.0,0.0,1.0,0,0,0,0
cifar10,20,2,mixed_maturity,rffl_reputation,dirichlet_lcb,benign_concept_drift,0.5,2,33,5,0.3005,0.23333333333333334,0.11171679,2,2,1.0,0.0,1.0,0,0,0,0
cifar10,20,2,mixed_maturity,rffl_reputation,dirichlet_lcb,benign_concept_drift,0.5,2,34,5,0.3015,0.26055555555555554,0.11383069886169303,2,2,1.0,0.0,1.0,0,0,0,0
cifar10,20,2,mixed_maturity,rffl_reputation,dirichlet_lcb,benign_concept_drift,0.5,2,35,5,0.326,0.0661111111111111,0.11411569885884301,2,2,1.0,0.0,1.0,0,0,0,0
cifar10,20,2,mixed_maturity,rffl_reputation,dirichlet_lcb,benign_concept_drift,0.5,2,36,5,0.345,0.035,0.09820788098207882,2,2,1.0,0.0,1.0,0,0,0,0
cifar10,20,2,mixed_maturity,rffl_reputation,dirichlet_lcb,benign_concept_drift,0.5,2,37,5,0.2985,0.3277777777777778,0.09346666000000001,2,2,1.0,0.0,1.0,0,0,0,0
cifar10,20,2,mixed_maturity,rffl_reputation,dirichlet_lcb,benign_concept_drift,0.5,2,38,5,0.321,0.06833333333333333,0.11279178774416423,2,2,1.0,0.0,1.0,0,0,0,0
cifar10,20,2,mixed_maturity,rffl_reputation,dirichlet_lcb,benign_concept_drift,0.5,2,39,5,0.349,0.15055555555555555,0.09535174,2,2,1.0,0.0,1.0,0,0,0,0
cifar10,20,2,mixed_maturity,rffl_reputation,dirichlet_lcb,benign_concept_drift,0.5,2,40,5,0.3375,0.15444444444444444,0.10391921792161564,2,2,1.0,0.0,1.0,0,0,0,0
cifar10,20,2,mixed_maturity,rffl_reputation,dirichlet_lcb,benign_concept_drift,0.5,2,41,5,0.3695,0.023333333333333334,0.11338433886615662,2,2,1.0,0.0,1.0,0,0,0,0
cifar10,20,2,mixed_maturity,rffl_reputation,dirichlet_lcb,benign_concept_drift,0.5,2,42,5,0.3235,0.18333333333333332,0.12016124120161241,2,2,1.0,0.0,1.0,0,0,0,0
cifar10,20,2,mixed_maturity,rffl_reputation,dirichlet_lcb,benign_concept_drift,0.5,2,43,5,0.338,0.12444444444444444,0.12569829125698292,2,2,1.0,0.0,1.0,0,0,0,0
cifar10,20,2,mixed_maturity,rffl_reputation,dirichlet_lcb,benign_concept_drift,0.5,2,44,5,0.3315,0.23333333333333334,0.12158589756828203,2,2,1.0,0.0,1.0,0,0,0,0
cifar10,20,2,mixed_maturity,rffl_reputation,dirichlet_lcb,benign_concept_drift,0.5,2,45,5,0.3465,0.041666666666666664,0.13248617735027646,2,2,1.0,0.0,1.0,0,0,0,0
cifar10,20,2,mixed_maturity,rffl_reputation,dirichlet_lcb,benign_concept_drift,0.5,2,46,5,0.314,0.22611111111111112,0.12573979125739787,2,2,1.0,0.0,1.0,0,0,0,0
cifar10,20,2,mixed_maturity,rffl_reputation,dirichlet_lcb,benign_concept_drift,0.5,2,47,5,0.323,0.16166666666666665,0.1313401586865984,2,2,1.0,0.0,1.0,0,0,0,0
cifar10,20,2,mixed_maturity,rffl_reputation,dirichlet_lcb,benign_concept_drift,0.5,2,48,5,0.3615,0.030555555555555555,0.11706679882933205,2,2,1.0,0.0,1.0,0,0,0,0
cifar10,20,2,mixed_maturity,rffl_reputation,dirichlet_lcb,benign_concept_drift,0.5,2,49,5,0.33,0.2061111111111111,0.11494628000000001,2,2,1.0,0.0,1.0,0,0,0,0
cifar10,20,2,mixed_maturity,rffl_reputation,dirichlet_lcb,benign_concept_drift,0.5,2,50,5,0.3445,0.13944444444444445,0.12013435879865642,2,2,1.0,0.0,1.0,0,0,0,0
cifar10,20,2,mixed_maturity,rffl_reputation,dirichlet_lcb,benign_concept_drift,0.5,3,1,5,0.1545,0.0,0.09999999999999998,2,2,1.0,0.0,1.0,0,0,0,0
cifar10,20,2,mixed_maturity,rffl_reputation,dirichlet_lcb,benign_concept_drift,0.5,3,2,5,0.2035,0.0038888888888888888,0.089795232693857,2,2,1.0,0.0,1.0,0,0,0,0
cifar10,20,2,mixed_maturity,rffl_reputation,dirichlet_lcb,benign_concept_drift,0.5,3,3,5,0.2285,0.2833333333333333,0.09600413807991723,2,2,1.0,0.0,1.0,0,0,0,0
cifar10,20,2,mixed_maturity,rffl_reputation,dirichlet_lcb,benign_concept_drift,0.5,3,4,5,0.2355,0.0005555555555555556,0.09203458092034579,2,2,1.0,0.0,1.0,0,0,0,0
cifar10,20,2,mixed_maturity,rffl_reputation,dirichlet_lcb,benign_concept_drift,0.5,3,5,5,0.266,0.14555555555555555,0.09676189903238101,2,2,1.0,0.0,1.0,0,0,0,0
cifar10,20,2,mixed_maturity,rffl_reputation,dirichlet_lcb,benign_concept_drift,0.5,3,6,5,0.2915,0.06333333333333334,0.09843381000000001,2,2,1.0,0.0,1.0,0,0,0,0
cifar10,20,2,mixed_maturity,rffl_reputation,dirichlet_lcb,benign_concept_drift,0.5,3,7,5,0.2595,0.2011111111111111,0.09844335803113284,2,2,1.0,0.0,1.0,0,0,0,0
cifar10,20,2,mixed_maturity,rffl_reputation,dirichlet_lcb,benign_concept_drift,0.5,3,8,5,0.2765,0.006666666666666667,0.10858699891413,2,2,1.0,0.0,1.0,0,0,0,0
cifar10,20,2,mixed_maturity,rffl_reputation,dirichlet_lcb,benign_concept_drift,0.5,3,9,5,0.2925,0.021111111111111112,0.11711584882884152,2,2,1.0,0.0,1.0,0,0,0,0
cifar10,20,2,mixed_maturity,rffl_reputation,dirichlet_lcb,benign_concept_drift,0.5,3,10,5,0.2995,0.029444444444444443,0.1256411487435885,2,2,1.0,0.0,1.0,0,0,0,0
cifar10,20,2,mixed_maturity,rffl_reputation,dirichlet_lcb,benign_concept_drift,0.5,3,11,5,0.3,0.12944444444444445,0.12157655,2,2,1.0,0.0,1.0,0,0,0,0
cifar10,20,2,mixed_maturity,rffl_reputation,dirichlet_lcb,benign_concept_drift,0.5,3,12,5,0.3295,0.0016666666666666668,0.1341496086585039,2,2,1.0,0.0,1.0,0,0,0,0
cifar10,20,2,mixed_maturity,rffl_reputation,dirichlet_lcb,benign_concept_drift,0.5,3,13,5,0.2975,0.1111111111111111,0.12556381874436182,2,2,1.0,0.0,1.0,0,0,0,0
cifar10,20,2,mixed_maturity,rffl_reputation,dirichlet_lcb,benign_concept_drift,0.5,3,14,5,0.2795,0.16444444444444445,0.13192187,2,2,1.0,0.0,1.0,0,0,0,0
cifar10,20,2,mixed_maturity,rffl_reputation,dirichlet_lcb,benign_concept_drift,0.5,3,15,5,0.3355,0.007222222222222222,0.137089701370897,2,2,1.0,0.0,1.0,0,0,0,0
cifar10,20,2,mixed_maturity,rffl_reputation,dirichlet_lcb,benign_concept_drift,0.5,3,16,5,0.2885,0.0038888888888888888,0.13556120135561203,2,2,1.0,0.0,1.0,0,0,0,0
cifar10,20,2,mixed_maturity,rffl_reputation,dirichlet_lcb,benign_concept_drift,0.5,3,17,5,0.3265,0.042777777777777776,0.13673371410201143,2,2,1.0,0.0,1.0,0,0,0,0
cifar10,20,2,mixed_maturity,rffl_reputation,dirichlet_lcb,benign_concept_drift,0.5,3,18,5,0.318,0.049444444444444444,0.1351981086480189,2,2,1.0,0.0,1.0,0,0,0,0
cifar10,20,2,mixed_maturity,rffl_reputation,dirichlet_lcb,benign_concept_drift,0.5,3,19,5,0.2875,0.0044444444444444444,0.13132272393968172,2,2,1.0,0.0,1.0,0,0,0,0
cifar10,20,2,mixed_maturity,rffl_reputation,dirichlet_lcb,benign_concept_drift,0.5,3,20,5,0.3195,0.13944444444444445,0.1225895087741049,2,2,1.0,0.0,1.0,0,0,0,0
cifar10,20,2,mixed_maturity,rffl_reputation,dirichlet_lcb,benign_concept_drift,0.5,3,21,5,0.3435,0.08555555555555555,0.12612434000000003,2,2,1.0,0.0,1.0,0,0,0,0
cifar10,20,2,mixed_maturity,rffl_reputation,dirichlet_lcb,benign_concept_drift,0.5,3,22,5,0.318,0.0077777777777777776,0.13289733867102663,2,2,1.0,0.0,1.0,0,0,0,0
cifar10,20,2,mixed_maturity,rffl_reputation,dirichlet_lcb,benign_concept_drift,0.5,3,23,5,0.321,0.04611111111111111,0.13785395862146038,2,2,1.0,0.0,1.0,0,0,0,0
cifar10,20,2,mixed_maturity,rffl_reputation,dirichlet_lcb,benign_concept_drift,0.5,3,24,5,0.3385,0.023333333333333334,0.12789166744216668,2,2,1.0,0.0,1.0,0,0,0,0
cifar10,20,2,mixed_maturity,rffl_reputation,dirichlet_lcb,benign_concept_drift,0.5,3,25,5,0.302,0.135,0.12697672999999998,2,2,1.0,0.0,1.0,0,0,0,0
cifar10,20,2,mixed_maturity,rffl_reputation,dirichlet_lcb,benign_concept_drift,0.5,3,26,5,0.3145,0.06888888888888889,0.12870485,2,2,1.0,0.0,1.0,0,0,0,0
cifar10,20,2,mixed_maturity,rffl_reputation,dirichlet_lcb,benign_concept_drift,0.5,3,27,5,0.352,0.03722222222222222,0.12620260000000003,2,2,1.0,0.0,1.0,0,0,0,0
cifar10,20,2,mixed_maturity,rffl_reputation,dirichlet_lcb,benign_concept_drift,0.5,3,28,5,0.328,0.1111111111111111,0.1289722787102772,2,2,1.0,0.0,1.0,0,0,0,0
cifar10,20,2,mixed_maturity,rffl_reputation,dirichlet_lcb,benign_concept_drift,0.5,3,29,5,0.341,0.06888888888888889,0.13395881732082363,2,2,1.0,0.0,1.0,0,0,0,0
cifar10,20,2,mixed_maturity,rffl_reputation,dirichlet_lcb,benign_concept_drift,0.5,3,30,5,0.3415,0.10444444444444445,0.14335068999999998,2,2,1.0,0.0,1.0,0,0,0,0
cifar10,20,2,mixed_maturity,rffl_reputation,dirichlet_lcb,benign_concept_drift,0.5,3,31,5,0.3465,0.04,0.13337220866627789,2,2,1.0,0.0,1.0,0,0,0,0
cifar10,20,2,mixed_maturity,rffl_reputation,dirichlet_lcb,benign_concept_drift,0.5,3,32,5,0.3255,0.021111111111111112,0.13637988000000004,2,2,1.0,0.0,1.0,0,0,0,0
cifar10,20,2,mixed_maturity,rffl_reputation,dirichlet_lcb,benign_concept_drift,0.5,3,33,5,0.3325,0.14555555555555555,0.12563609874363899,2,2,1.0,0.0,1.0,0,0,0,0
cifar10,20,2,mixed_maturity,rffl_reputation,dirichlet_lcb,benign_concept_drift,0.5,3,34,5,0.3345,0.06222222222222222,0.11820832118208323,2,2,1.0,0.0,1.0,0,0,0,0
cifar10,20,2,mixed_maturity,rffl_reputation,dirichlet_lcb,benign_concept_drift,0.5,3,35,5,0.3215,0.12166666666666667,0.12154320756913586,2,2,1.0,0.0,1.0,0,0,0,0
cifar10,20,2,mixed_maturity,rffl_reputation,dirichlet_lcb,benign_concept_drift,0.5,3,36,5,0.3205,0.016666666666666666,0.11216428999999997,2,2,1.0,0.0,1.0,0,0,0,0
cifar10,20,2,mixed_maturity,rffl_reputation,dirichlet_lcb,benign_concept_drift,0.5,3,37,5,0.353,0.09277777777777778,0.10812550891874491,2,2,1.0,0.0,1.0,0,0,0,0
cifar10,20,2,mixed_maturity,rffl_reputation,dirichlet_lcb,benign_concept_drift,0.5,3,38,5,0.3345,0.0022222222222222222,0.10171786000000001,2,2,1.0,0.0,1.0,0,0,0,0
cifar10,20,2,mixed_maturity,rffl_reputation,dirichlet_lcb,benign_concept_drift,0.5,3,39,5,0.355,0.08833333333333333,0.1032583689674163,2,2,1.0,0.0,1.0,0,0,0,0
cifar10,20,2,mixed_maturity,rffl_reputation,dirichlet_lcb,benign_concept_drift,0.5,3,40,5,0.334,0.03833333333333333,0.11209664999999999,2,2,1.0,0.0,1.0,0,0,0,0
cifar10,20,2,mixed_maturity,rffl_reputation,dirichlet_lcb,benign_concept_drift,0.5,3,41,5,0.3365,0.028888888888888888,0.11327834886721652,2,2,1.0,0.0,1.0,0,0,0,0
cifar10,20,2,mixed_maturity,rffl_reputation,dirichlet_lcb,benign_concept_drift,0.5,3,42,5,0.3315,0.005555555555555556,0.1280189112801891,2,2,1.0,0.0,1.0,0,0,0,0
cifar10,20,2,mixed_maturity,rffl_reputation,dirichlet_lcb,benign_concept_drift,0.5,3,43,5,0.325,0.11777777777777777,0.13090337261806742,2,2,1.0,0.0,1.0,0,0,0,0
cifar10,20,2,mixed_maturity,rffl_reputation,dirichlet_lcb,benign_concept_drift,0.5,3,44,5,0.327,0.01888888888888889,0.12129455363883661,2,2,1.0,0.0,1.0,0,0,0,0
cifar10,20,2,mixed_maturity,rffl_reputation,dirichlet_lcb,benign_concept_drift,0.5,3,45,5,0.353,0.12055555555555555,0.11355269000000001,2,2,1.0,0.0,1.0,0,0,0,0
cifar10,20,2,mixed_maturity,rffl_reputation,dirichlet_lcb,benign_concept_drift,0.5,3,46,5,0.3595,0.04611111111111111,0.1127028688729713,2,2,1.0,0.0,1.0,0,0,0,0
cifar10,20,2,mixed_maturity,rffl_reputation,dirichlet_lcb,benign_concept_drift,0.5,3,47,5,0.319,0.02388888888888889,0.11032986000000002,2,2,1.0,0.0,1.0,0,0,0,0
cifar10,20,2,mixed_maturity,rffl_reputation,dirichlet_lcb,benign_concept_drift,0.5,3,48,5,0.343,0.15388888888888888,0.11681925999999997,2,2,1.0,0.0,1.0,0,0,0,0
cifar10,20,2,mixed_maturity,rffl_reputation,dirichlet_lcb,benign_concept_drift,0.5,3,49,5,0.3255,0.20722222222222222,0.12015680759686387,2,2,1.0,0.0,1.0,0,0,0,0
cifar10,20,2,mixed_maturity,rffl_reputation,dirichlet_lcb,benign_concept_drift,0.5,3,50,5,0.358,0.042777777777777776,0.13175189868248097,2,2,1.0,0.0,1.0,0,0,0,0
cifar10,20,2,mixed_maturity,rffl_reputation,dirichlet_lcb,benign_concept_drift,0.5,4,1,5,0.1175,0.0,0.09999999999999998,2,2,1.0,0.0,1.0,0,0,0,0
cifar10,20,2,mixed_maturity,rffl_reputation,dirichlet_lcb,benign_concept_drift,0.5,4,2,5,0.255,0.09833333333333333,0.09702558097025582,2,2,1.0,0.0,1.0,0,0,0,0
cifar10,20,2,mixed_maturity,rffl_reputation,dirichlet_lcb,benign_concept_drift,0.5,4,3,5,0.2125,0.013888888888888888,0.09843788,2,2,1.0,0.0,1.0,0,0,0,0
cifar10,20,2,mixed_maturity,rffl_reputation,dirichlet_lcb,benign_concept_drift,0.5,4,4,5,0.2165,0.5,0.0921891909218919,2,2,1.0,0.0,1.0,0,0,0,0
cifar10,20,2,mixed_maturity,rffl_reputation,dirichlet_lcb,benign_concept_drift,0.5,4,5,5,0.261,0.006111111111111111,0.08812481,2,2,1.0,0.0,1.0,0,0,0,0
cifar10,20,2,mixed_maturity,rffl_reputation,dirichlet_lcb,benign_concept_drift,0.5,4,6,5,0.309,0.07666666666666666,0.09841033901589663,2,2,1.0,0.0,1.0,0,0,0,0
cifar10,20,2,mixed_maturity,rffl_reputation,dirichlet_lcb,benign_concept_drift,0.5,4,7,5,0.315,0.07611111111111112,0.10294560794108787,2,2,1.0,0.0,1.0,0,0,0,0
cifar10,20,2,mixed_maturity,rffl_reputation,dirichlet_lcb,benign_concept_drift,0.5,4,8,5,0.301,0.16722222222222222,0.09551798,2,2,1.0,0.0,1.0,0,0,0,0
cifar10,20,2,mixed_maturity,rffl_reputation,dirichlet_lcb,benign_concept_drift,0.5,4,9,5,0.277,0.09277777777777778,0.11384571886154284,2,2,1.0,0.0,1.0,0,0,0,0
cifar10,20,2,mixed_maturity,rffl_reputation,dirichlet_lcb,benign_concept_drift,0.5,4,10,5,0.313,0.043333333333333335,0.11953479880465201,2,2,1.0,0.0,1.0,0,0,0,0
cifar10,20,2,mixed_maturity,rffl_reputation,dirichlet_lcb,benign_concept_drift,0.5,4,11,5,0.297,0.21833333333333332,0.11428638114286381,2,2,1.0,0.0,1.0,0,0,0,0
cifar10,20,2,mixed_maturity,rffl_reputation,dirichlet_lcb,benign_concept_drift,0.5,4,12,5,0.3225,0.04555555555555556,0.11406573228131466,2,2,1.0,0.0,1.0,0,0,0,0
cifar10,20,2,mixed_maturity,rffl_reputation,dirichlet_lcb,benign_concept_drift,0.5,4,13,5,0.329,0.059444444444444446,0.11624280999999997,2,2,1.0,0.0,1.0,0,0,0,0
cifar10,20,2,mixed_maturity,rffl_reputation,dirichlet_lcb,benign_concept_drift,0.5,4,14,5,0.2875,0.15833333333333333,0.12299646122996463,2,2,1.0,0.0,1.0,0,0,0,0
cifar10,20,2,mixed_maturity,rffl_reputation,dirichlet_lcb,benign_concept_drift,0.5,4,15,5,0.269,0.17666666666666667,0.11629641,2,2,1.0,0.0,1.0,0,0,0,0
cifar10,20,2,mixed_maturity,rffl_reputation,dirichlet_lcb,benign_concept_drift,0.5,4,16,5,0.3295,0.051111111111111114,0.11954747000000003,2,2,1.0,0.0,1.0,0,0,0,0
cifar10,20,2,mixed_maturity,rffl_reputation,dirichlet_lcb,benign_concept_drift,0.5,4,17,5,0.344,0.03388888888888889,0.11617933232358663,2,2,1.0,0.0,1.0,0,0,0,0
cifar10,20,2,mixed_maturity,rffl_reputation,dirichlet_lcb,benign_concept_drift,0.5,4,18,5,0.3325,0.13944444444444445,0.12053461758930763,2,2,1.0,0.0,1.0,0,0,0,0
cifar10,20,2,mixed_maturity,rffl_reputation,dirichlet_lcb,benign_concept_drift,0.5,4,19,5,0.2985,0.19444444444444445,0.13051588869484113,2,2,1.0,0.0,1.0,0,0,0,0
cifar10,20,2,mixed_maturity,rffl_reputation,dirichlet_lcb,benign_concept_drift,0.5,4,20,5,0.312,0.04666666666666667,0.12653823000000003,2,2,1.0,0.0,1.0,0,0,0,0
cifar10,20,2,mixed_maturity,rffl_reputation,dirichlet_lcb,benign_concept_drift,0.5,4,21,5,0.327,0.04777777777777778,0.12637120126371204,2,2,1.0,0.0,1.0,0,0,0,0
cifar10,20,2,mixed_maturity,rffl_reputation,dirichlet_lcb,benign_concept_drift,0.5,4,22,5,0.2795,0.13111111111111112,0.11995517239910343,2,2,1.0,0.0,1.0,0,0,0,0
cifar10,20,2,mixed_maturity,rffl_reputation,dirichlet_lcb,benign_concept_drift,0.5,4,23,5,0.31,0.13944444444444445,0.1254452612544526,2,2,1.0,0.0,1.0,0,0,0,0
cifar10,20,2,mixed_maturity,rffl_reputation,dirichlet_lcb,benign_concept_drift,0.5,4,24,5,0.34,0.11388888888888889,0.1269485512694855,2,2,1.0,0.0,1.0,0,0,0,0
cifar10,20,2,mixed_maturity,rffl_reputation,dirichlet_lcb,benign_concept_drift,0.5,4,25,5,0.329,0.01888888888888889,0.1270365912703659,2,2,1.0,0.0,1.0,0,0,0,0
cifar10,20,2,mixed_maturity,rffl_reputation,dirichlet_lcb,benign_concept_drift,0.5,4,26,5,0.34,0.055,0.11676528000000003,2,2,1.0,0.0,1.0,0,0,0,0
cifar10,20,2,mixed_maturity,rffl_reputation,dirichlet_lcb,benign_concept_drift,0.5,4,27,5,0.317,0.17944444444444443,0.10861287891387118,2,2,1.0,0.0,1.0,0,0,0,0
cifar10,20,2,mixed_maturity,rffl_reputation,dirichlet_lcb,benign_concept_drift,0.5,4,28,5,0.356,0.057777777777777775,0.11247209,2,2,1.0,0.0,1.0,0,0,0,0
cifar10,20,2,mixed_maturity,rffl_reputation,dirichlet_lcb,benign_concept_drift,0.5,4,29,5,0.3605,0.08555555555555555,0.11588184347645529,2,2,1.0,0.0,1.0,0,0,0,0
cifar10,20,2,mixed_maturity,rffl_reputation,dirichlet_lcb,benign_concept_drift,0.5,4,30,5,0.3465,0.05722222222222222,0.10789096000000001,2,2,1.0,0.0,1.0,0,0,0,0
cifar10,20,2,mixed_maturity,rffl_reputation,dirichlet_lcb,benign_concept_drift,0.5,4,31,5,0.3495,0.06166666666666667,0.10590446105904462,2,2,1.0,0.0,1.0,0,0,0,0
cifar10,20,2,mixed_maturity,rffl_reputation,dirichlet_lcb,benign_concept_drift,0.5,4,32,5,0.35,0.08388888888888889,0.10488734209774683,2,2,1.0,0.0,1.0,0,0,0,0
cifar10,20,2,mixed_maturity,rffl_reputation,dirichlet_lcb,benign_concept_drift,0.5,4,33,5,0.331,0.07166666666666667,0.09044367090443672,2,2,1.0,0.0,1.0,0,0,0,0
cifar10,20,2,mixed_maturity,rffl_reputation,dirichlet_lcb,benign_concept_drift,0.5,4,34,5,0.368,0.08833333333333333,0.09672565999999999,2,2,1.0,0.0,1.0,0,0,0,0
cifar10,20,2,mixed_maturity,rffl_reputation,dirichlet_lcb,benign_concept_drift,0.5,4,35,5,0.3445,0.1411111111111111,0.09591698095916981,2,2,1.0,0.0,1.0,0,0,0,0
cifar10,20,2,mixed_maturity,rffl_reputation,dirichlet_lcb,benign_concept_drift,0.5,4,36,5,0.332,0.035,0.0913726409137264,2,2,1.0,0.0,1.0,0,0,0,0
cifar10,20,2,mixed_maturity,rffl_reputation,dirichlet_lcb,benign_concept_drift,0.5,4,37,5,0.338,0.03111111111111111,0.08431646000000001,2,2,1.0,0.0,1.0,0,0,0,0
cifar10,20,2,mixed_maturity,rffl_reputation,dirichlet_lcb,benign_concept_drift,0.5,4,38,5,0.3275,0.15666666666666668,0.07140794071407942,2,2,1.0,0.0,1.0,0,0,0,0
cifar10,20,2,mixed_maturity,rffl_reputation,dirichlet_lcb,benign_concept_drift,0.5,4,39,5,0.303,0.0022222222222222222,0.07112952000000002,2,2,1.0,0.0,1.0,0,0,0,0
cifar10,20,2,mixed_maturity,rffl_reputation,dirichlet_lcb,benign_concept_drift,0.5,4,40,5,0.339,0.125,0.0735588307355883,2,2,1.0,0.0,1.0,0,0,0,0
cifar10,20,2,mixed_maturity,rffl_reputation,dirichlet_lcb,benign_concept_drift,0.5,4,41,5,0.341,0.22666666666666666,0.06349823126996462,2,2,1.0,0.0,1.0,0,0,0,0
cifar10,20,2,mixed_maturity,rffl_reputation,dirichlet_lcb,benign_concept_drift,0.5,4,42,5,0.342,0.07777777777777778,0.07776967766690966,2,2,1.0,0.0,1.0,0,0,0,0
cifar10,20,2,mixed_maturity,rffl_reputation,dirichlet_lcb,benign_concept_drift,0.5,4,43,5,0.338,0.04888888888888889,0.08228774246863227,2,2,1.0,0.0,1.0,0,0,0,0
cifar10,20,2,mixed_maturity,rffl_reputation,dirichlet_lcb,benign_concept_drift,0.5,4,44,5,0.343,0.005,0.0958132609581326,2,2,1.0,0.0,1.0,0,0,0,0
cifar10,20,2,mixed_maturity,rffl_reputation,dirichlet_lcb,benign_concept_drift,0.5,4,45,5,0.348,0.14722222222222223,0.09651788710446338,2,2,1.0,0.0,1.0,0,0,0,0
cifar10,20,2,mixed_maturity,rffl_reputation,dirichlet_lcb,benign_concept_drift,0.5,4,46,5,0.321,0.18944444444444444,0.0927110172186695,2,2,1.0,0.0,1.0,0,0,0,0
cifar10,20,2,mixed_maturity,rffl_reputation,dirichlet_lcb,benign_concept_drift,0.5,4,47,5,0.3495,0.08888888888888889,0.0942016709420167,2,2,1.0,0.0,1.0,0,0,0,0
cifar10,20,2,mixed_maturity,rffl_reputation,dirichlet_lcb,benign_concept_drift,0.5,4,48,5,0.3645,0.08388888888888889,0.10072058000000003,2,2,1.0,0.0,1.0,0,0,0,0
cifar10,20,2,mixed_maturity,rffl_reputation,dirichlet_lcb,benign_concept_drift,0.5,4,49,5,0.324,0.07666666666666666,0.09559372191187444,2,2,1.0,0.0,1.0,0,0,0,0
cifar10,20,2,mixed_maturity,rffl_reputation,dirichlet_lcb,benign_concept_drift,0.5,4,50,5,0.3345,0.13722222222222222,0.09681051193621024,2,2,1.0,0.0,1.0,0,0,0,0
cifar10,20,2,mixed_maturity,rffl_reputation,dirichlet_lcb,benign_concept_drift,0.5,5,1,5,0.18,0.5716666666666667,0.09999999999999998,2,2,1.0,0.0,1.0,0,0,0,0
cifar10,20,2,mixed_maturity,rffl_reputation,dirichlet_lcb,benign_concept_drift,0.5,5,2,5,0.191,0.006666666666666667,0.09320349813593003,2,2,1.0,0.0,1.0,0,0,0,0
cifar10,20,2,mixed_maturity,rffl_reputation,dirichlet_lcb,benign_concept_drift,0.5,5,3,5,0.199,0.0038888888888888888,0.08875615000000002,2,2,1.0,0.0,1.0,0,0,0,0
cifar10,20,2,mixed_maturity,rffl_reputation,dirichlet_lcb,benign_concept_drift,0.5,5,4,5,0.2765,0.15722222222222224,0.10382299688531006,2,2,1.0,0.0,1.0,0,0,0,0
cifar10,20,2,mixed_maturity,rffl_reputation,dirichlet_lcb,benign_concept_drift,0.5,5,5,5,0.279,0.03,0.09147215000000002,2,2,1.0,0.0,1.0,0,0,0,0
cifar10,20,2,mixed_maturity,rffl_reputation,dirichlet_lcb,benign_concept_drift,0.5,5,6,5,0.261,0.18722222222222223,0.09744700805105982,2,2,1.0,0.0,1.0,0,0,0,0
cifar10,20,2,mixed_maturity,rffl_reputation,dirichlet_lcb,benign_concept_drift,0.5,5,7,5,0.278,0.006111111111111111,0.09346737906532623,2,2,1.0,0.0,1.0,0,0,0,0
cifar10,20,2,mixed_maturity,rffl_reputation,dirichlet_lcb,benign_concept_drift,0.5,5,8,5,0.308,0.10777777777777778,0.10340878000000002,2,2,1.0,0.0,1.0,0,0,0,0
cifar10,20,2,mixed_maturity,rffl_reputation,dirichlet_lcb,benign_concept_drift,0.5,5,9,5,0.283,0.22777777777777777,0.09939350999999999,2,2,1.0,0.0,1.0,0,0,0,0
cifar10,20,2,mixed_maturity,rffl_reputation,dirichlet_lcb,benign_concept_drift,0.5,5,10,5,0.3005,0.052222222222222225,0.10756915892430842,2,2,1.0,0.0,1.0,0,0,0,0
cifar10,20,2,mixed_maturity,rffl_reputation,dirichlet_lcb,benign_concept_drift,0.5,5,11,5,0.253,0.12166666666666667,0.11273226887267732,2,2,1.0,0.0,1.0,0,0,0,0
cifar10,20,2,mixed_maturity,rffl_reputation,dirichlet_lcb,benign_concept_drift,0.5,5,12,5,0.2645,0.3461111111111111,0.10468996104689962,2,2,1.0,0.0,1.0,0,0,0,0
cifar10,20,2,mixed_maturity,rffl_reputation,dirichlet_lcb,benign_concept_drift,0.5,5,13,5,0.277,0.10944444444444444,0.10835645325069358,2,2,1.0,0.0,1.0,0,0,0,0
cifar10,20,2,mixed_maturity,rffl_reputation,dirichlet_lcb,benign_concept_drift,0.5,5,14,5,0.291,0.09722222222222222,0.1167627911676279,2,2,1.0,0.0,1.0,0,0,0,0
cifar10,20,2,mixed_maturity,rffl_reputation,dirichlet_lcb,benign_concept_drift,0.5,5,15,5,0.325,0.1,0.12376627371298822,2,2,1.0,0.0,1.0,0,0,0,0
cifar10,20,2,mixed_maturity,rffl_reputation,dirichlet_lcb,benign_concept_drift,0.5,5,16,5,0.3025,0.06222222222222222,0.11676895883231042,2,2,1.0,0.0,1.0,0,0,0,0
cifar10,20,2,mixed_maturity,rffl_reputation,dirichlet_lcb,benign_concept_drift,0.5,5,17,5,0.3175,0.09388888888888888,0.1095356689046433,2,2,1.0,0.0,1.0,0,0,0,0
cifar10,20,2,mixed_maturity,rffl_reputation,dirichlet_lcb,benign_concept_drift,0.5,5,18,5,0.3195,0.08722222222222223,0.11528482000000002,2,2,1.0,0.0,1.0,0,0,0,0
cifar10,20,2,mixed_maturity,rffl_reputation,dirichlet_lcb,benign_concept_drift,0.5,5,19,5,0.318,0.07944444444444444,0.11338788,2,2,1.0,0.0,1.0,0,0,0,0
cifar10,20,2,mixed_maturity,rffl_reputation,dirichlet_lcb,benign_concept_drift,0.5,5,20,5,0.3475,0.06388888888888888,0.10599673105996729,2,2,1.0,0.0,1.0,0,0,0,0
cifar10,20,2,mixed_maturity,rffl_reputation,dirichlet_lcb,benign_concept_drift,0.5,5,21,5,0.3115,0.06833333333333333,0.10240314000000002,2,2,1.0,0.0,1.0,0,0,0,0
cifar10,20,2,mixed_maturity,rffl_reputation,dirichlet_lcb,benign_concept_drift,0.5,5,22,5,0.333,0.18833333333333332,0.09239236815215263,2,2,1.0,0.0,1.0,0,0,0,0
cifar10,20,2,mixed_maturity,rffl_reputation,dirichlet_lcb,benign_concept_drift,0.5,5,23,5,0.3265,0.02277777777777778,0.10130858000000001,2,2,1.0,0.0,1.0,0,0,0,0
cifar10,20,2,mixed_maturity,rffl_reputation,dirichlet_lcb,benign_concept_drift,0.5,5,24,5,0.37,0.07055555555555555,0.10525047000000001,2,2,1.0,0.0,1.0,0,0,0,0
cifar10,20,2,mixed_maturity,rffl_reputation,dirichlet_lcb,benign_concept_drift,0.5,5,25,5,0.287,0.2338888888888889,0.10386334896136648,2,2,1.0,0.0,1.0,0,0,0,0
cifar10,20,2,mixed_maturity,rffl_reputation,dirichlet_lcb,benign_concept_drift,0.5,5,26,5,0.334,0.09222222222222222,0.10718098107180982,2,2,1.0,0.0,1.0,0,0,0,0
cifar10,20,2,mixed_maturity,rffl_reputation,dirichlet_lcb,benign_concept_drift,0.5,5,27,5,0.327,0.08722222222222223,0.1039238610392386,2,2,1.0,0.0,1.0,0,0,0,0
cifar10,20,2,mixed_maturity,rffl_reputation,dirichlet_lcb,benign_concept_drift,0.5,5,28,5,0.3355,0.12166666666666667,0.11854810118548102,2,2,1.0,0.0,1.0,0,0,0,0
cifar10,20,2,mixed_maturity,rffl_reputation,dirichlet_lcb,benign_concept_drift,0.5,5,29,5,0.3205,0.10277777777777777,0.12124338757513223,2,2,1.0,0.0,1.0,0,0,0,0
cifar10,20,2,mixed_maturity,rffl_reputation,dirichlet_lcb,benign_concept_drift,0.5,5,30,5,0.3505,0.06722222222222222,0.1177272,2,2,1.0,0.0,1.0,0,0,0,0
cifar10,20,2,mixed_maturity,rffl_reputation,dirichlet_lcb,benign_concept_drift,0.5,5,31,5,0.328,0.21388888888888888,0.1159688688403113,2,2,1.0,0.0,1.0,0,0,0,0
cifar10,20,2,mixed_maturity,rffl_reputation,dirichlet_lcb,benign_concept_drift,0.5,5,32,5,0.3515,0.1388888888888889,0.11902710119027102,2,2,1.0,0.0,1.0,0,0,0,0
cifar10,20,2,mixed_maturity,rffl_reputation,dirichlet_lcb,benign_concept_drift,0.5,5,33,5,0.3325,0.1527777777777778,0.11754034235080685,2,2,1.0,0.0,1.0,0,0,0,0
cifar10,20,2,mixed_maturity,rffl_reputation,dirichlet_lcb,benign_concept_drift,0.5,5,34,5,0.3355,0.265,0.12574165125741654,2,2,1.0,0.0,1.0,0,0,0,0
cifar10,20,2,mixed_maturity,rffl_reputation,dirichlet_lcb,benign_concept_drift,0.5,5,35,5,0.368,0.08444444444444445,0.12374259876257401,2,2,1.0,0.0,1.0,0,0,0,0
cifar10,20,2,mixed_maturity,rffl_reputation,dirichlet_lcb,benign_concept_drift,0.5,5,36,5,0.3285,0.11777777777777777,0.11821614999999999,2,2,1.0,0.0,1.0,0,0,0,0
cifar10,20,2,mixed_maturity,rffl_reputation,dirichlet_lcb,benign_concept_drift,0.5,5,37,5,0.35,0.09444444444444444,0.12371472371144171,2,2,1.0,0.0,1.0,0,0,0,0
cifar10,20,2,mixed_maturity,rffl_reputation,dirichlet_lcb,benign_concept_drift,0.5,5,38,5,0.335,0.23,0.11776798764464023,2,2,1.0,0.0,1.0,0,0,0,0
cifar10,20,2,mixed_maturity,rffl_reputation,dirichlet_lcb,benign_concept_drift,0.5,5,39,5,0.339,0.20222222222222222,0.1277415812774158,2,2,1.0,0.0,1.0,0,0,0,0
cifar10,20,2,mixed_maturity,rffl_reputation,dirichlet_lcb,benign_concept_drift,0.5,5,40,5,0.3525,0.15,0.12671995873280043,2,2,1.0,0.0,1.0,0,0,0,0
cifar10,20,2,mixed_maturity,rffl_reputation,dirichlet_lcb,benign_concept_drift,0.5,5,41,5,0.3495,0.125,0.12736822000000003,2,2,1.0,0.0,1.0,0,0,0,0
cifar10,20,2,mixed_maturity,rffl_reputation,dirichlet_lcb,benign_concept_drift,0.5,5,42,5,0.332,0.14166666666666666,0.11970222880297769,2,2,1.0,0.0,1.0,0,0,0,0
cifar10,20,2,mixed_maturity,rffl_reputation,dirichlet_lcb,benign_concept_drift,0.5,5,43,5,0.3255,0.11777777777777777,0.1244004512440045,2,2,1.0,0.0,1.0,0,0,0,0
cifar10,20,2,mixed_maturity,rffl_reputation,dirichlet_lcb,benign_concept_drift,0.5,5,44,5,0.3715,0.04388888888888889,0.11554614,2,2,1.0,0.0,1.0,0,0,0,0
cifar10,20,2,mixed_maturity,rffl_reputation,dirichlet_lcb,benign_concept_drift,0.5,5,45,5,0.338,0.09888888888888889,0.10552860105528603,2,2,1.0,0.0,1.0,0,0,0,0
cifar10,20,2,mixed_maturity,rffl_reputation,dirichlet_lcb,benign_concept_drift,0.5,5,46,5,0.329,0.11388888888888889,0.10797129,2,2,1.0,0.0,1.0,0,0,0,0
cifar10,20,2,mixed_maturity,rffl_reputation,dirichlet_lcb,benign_concept_drift,0.5,5,47,5,0.3225,0.2088888888888889,0.10967852,2,2,1.0,0.0,1.0,0,0,0,0
cifar10,20,2,mixed_maturity,rffl_reputation,dirichlet_lcb,benign_concept_drift,0.5,5,48,5,0.3115,0.37722222222222224,0.11223542,2,2,1.0,0.0,1.0,0,0,0,0
cifar10,20,2,mixed_maturity,rffl_reputation,dirichlet_lcb,benign_concept_drift,0.5,5,49,5,0.3625,0.017222222222222222,0.10804544,2,2,1.0,0.0,1.0,0,0,0,0
cifar10,20,2,mixed_maturity,rffl_reputation,dirichlet_lcb,benign_concept_drift,0.5,5,50,5,0.3415,0.05388888888888889,0.13117795,2,2,1.0,0.0,1.0,0,0,0,0
cifar10,20,2,mixed_maturity,rffl_reputation,dirichlet_lcb,benign_concept_drift,0.5,6,1,5,0.107,0.96,0.09999999999999998,2,2,1.0,0.0,1.0,0,0,0,0
cifar10,20,2,mixed_maturity,rffl_reputation,dirichlet_lcb,benign_concept_drift,0.5,6,2,5,0.19,0.0,0.10240132102401321,2,2,1.0,0.0,1.0,0,0,0,0
cifar10,20,2,mixed_maturity,rffl_reputation,dirichlet_lcb,benign_concept_drift,0.5,6,3,5,0.2545,0.07833333333333334,0.09929826999999997,2,2,1.0,0.0,1.0,0,0,0,0
cifar10,20,2,mixed_maturity,rffl_reputation,dirichlet_lcb,benign_concept_drift,0.5,6,4,5,0.272,0.03888888888888889,0.09859494901405051,2,2,1.0,0.0,1.0,0,0,0,0
cifar10,20,2,mixed_maturity,rffl_reputation,dirichlet_lcb,benign_concept_drift,0.5,6,5,5,0.268,0.14666666666666667,0.0982176809821768,2,2,1.0,0.0,1.0,0,0,0,0
cifar10,20,2,mixed_maturity,rffl_reputation,dirichlet_lcb,benign_concept_drift,0.5,6,6,5,0.274,0.10611111111111111,0.0958084909580849,2,2,1.0,0.0,1.0,0,0,0,0
cifar10,20,2,mixed_maturity,rffl_reputation,dirichlet_lcb,benign_concept_drift,0.5,6,7,5,0.285,0.042222222222222223,0.10615703681528889,2,2,1.0,0.0,1.0,0,0,0,0
cifar10,20,2,mixed_maturity,rffl_reputation,dirichlet_lcb,benign_concept_drift,0.5,6,8,5,0.313,0.04666666666666667,0.11038447110384471,2,2,1.0,0.0,1.0,0,0,0,0
cifar10,20,2,mixed_maturity,rffl_reputation,dirichlet_lcb,benign_concept_drift,0.5,6,9,5,0.3035,0.0077777777777777776,0.10379851103798508,2,2,1.0,0.0,1.0,0,0,0,0
cifar10,20,2,mixed_maturity,rffl_reputation,dirichlet_lcb,benign_concept_drift,0.5,6,10,5,0.3,0.009444444444444445,0.11624736767505266,2,2,1.0,0.0,1.0,0,0,0,0
cifar10,20,2,mixed_maturity,rffl_reputation,dirichlet_lcb,benign_concept_drift,0.5,6,11,5,0.2805,0.007222222222222222,0.11835900881640991,2,2,1.0,0.0,1.0,0,0,0,0
cifar10,20,2,mixed_maturity,rffl_reputation,dirichlet_lcb,benign_concept_drift,0.5,6,12,5,0.3005,0.1661111111111111,0.12425924999999999,2,2,1.0,0.0,1.0,0,0,0,0
cifar10,20,2,mixed_maturity,rffl_reputation,dirichlet_lcb,benign_concept_drift,0.5,6,13,5,0.3245,0.025,0.12793486127934858,2,2,1.0,0.0,1.0,0,0,0,0
cifar10,20,2,mixed_maturity,rffl_reputation,dirichlet_lcb,benign_concept_drift,0.5,6,14,5,0.294,0.16166666666666665,0.12560988748780227,2,2,1.0,0.0,1.0,0,0,0,0
cifar10,20,2,mixed_maturity,rffl_reputation,dirichlet_lcb,benign_concept_drift,0.5,6,15,5,0.3065,0.021666666666666667,0.14152124283042483,2,2,1.0,0.0,1.0,0,0,0,0
cifar10,20,2,mixed_maturity,rffl_reputation,dirichlet_lcb,benign_concept_drift,0.5,6,16,5,0.33,0.027777777777777776,0.13711182,2,2,1.0,0.0,1.0,0,0,0,0
cifar10,20,2,mixed_maturity,rffl_reputation,dirichlet_lcb,benign_concept_drift,0.5,6,17,5,0.2875,0.16555555555555557,0.13091239,2,2,1.0,0.0,1.0,0,0,0,0
cifar10,20,2,mixed_maturity,rffl_reputation,dirichlet_lcb,benign_concept_drift,0.5,6,18,5,0.303,0.018333333333333333,0.13253823000000003,2,2,1.0,0.0,1.0,0,0,0,0
cifar10,20,2,mixed_maturity,rffl_reputation,dirichlet_lcb,benign_concept_drift,0.5,6,19,5,0.353,0.08833333333333333,0.12949996000000003,2,2,1.0,0.0,1.0,0,0,0,0
cifar10,20,2,mixed_maturity,rffl_reputation,dirichlet_lcb,benign_concept_drift,0.5,6,20,5,0.325,0.09055555555555556,0.127843833835315,2,2,1.0,0.0,1.0,0,0,0,0
cifar10,20,2,mixed_maturity,rffl_reputation,dirichlet_lcb,benign_concept_drift,0.5,6,21,5,0.3115,0.08555555555555555,0.12887471257749425,2,2,1.0,0.0,1.0,0,0,0,0
cifar10,20,2,mixed_maturity,rffl_reputation,dirichlet_lcb,benign_concept_drift,0.5,6,22,5,0.322,0.04111111111111111,0.12546522,2,2,1.0,0.0,1.0,0,0,0,0
cifar10,20,2,mixed_maturity,rffl_reputation,dirichlet_lcb,benign_concept_drift,0.5,6,23,5,0.3425,0.08666666666666667,0.12283342245666845,2,2,1.0,0.0,1.0,0,0,0,0
cifar10,20,2,mixed_maturity,rffl_reputation,dirichlet_lcb,benign_concept_drift,0.5,6,24,5,0.358,0.10944444444444444,0.12821771256435424,2,2,1.0,0.0,1.0,0,0,0,0
cifar10,20,2,mixed_maturity,rffl_reputation,dirichlet_lcb,benign_concept_drift,0.5,6,25,5,0.356,0.05722222222222222,0.1322407552896302,2,2,1.0,0.0,1.0,0,0,0,0
cifar10,20,2,mixed_maturity,rffl_reputation,dirichlet_lcb,benign_concept_drift,0.5,6,26,5,0.3275,0.15777777777777777,0.13860557,2,2,1.0,0.0,1.0,0,0,0,0
cifar10,20,2,mixed_maturity,rffl_reputation,dirichlet_lcb,benign_concept_drift,0.5,6,27,5,0.357,0.013888888888888888,0.13916443278328863,2,2,1.0,0.0,1.0,0,0,0,0
cifar10,20,2,mixed_maturity,rffl_reputation,dirichlet_lcb,benign_concept_drift,0.5,6,28,5,0.2905,0.025,0.13909026278180522,2,2,1.0,0.0,1.0,0,0,0,0
cifar10,20,2,mixed_maturity,rffl_reputation,dirichlet_lcb,benign_concept_drift,0.5,6,29,5,0.364,0.07388888888888889,0.14166996858330033,2,2,1.0,0.0,1.0,0,0,0,0
cifar10,20,2,mixed_maturity,rffl_reputation,dirichlet_lcb,benign_concept_drift,0.5,6,30,5,0.307,0.014444444444444444,0.13450726,2,2,1.0,0.0,1.0,0,0,0,0
cifar10,20,2,mixed_maturity,rffl_reputation,dirichlet_lcb,benign_concept_drift,0.5,6,31,5,0.342,0.035,0.13958507,2,2,1.0,0.0,1.0,0,0,0,0
cifar10,20,2,mixed_maturity,rffl_reputation,dirichlet_lcb,benign_concept_drift,0.5,6,32,5,0.3485,0.021111111111111112,0.13871019138710194,2,2,1.0,0.0,1.0,0,0,0,0
cifar10,20,2,mixed_maturity,rffl_reputation,dirichlet_lcb,benign_concept_drift,0.5,6,33,5,0.3465,0.03722222222222222,0.12991961389758844,2,2,1.0,0.0,1.0,0,0,0,0
cifar10,20,2,mixed_maturity,rffl_reputation,dirichlet_lcb,benign_concept_drift,0.5,6,34,5,0.3495,0.03888888888888889,0.13297474,2,2,1.0,0.0,1.0,0,0,0,0
cifar10,20,2,mixed_maturity,rffl_reputation,dirichlet_lcb,benign_concept_drift,0.5,6,35,5,0.3655,0.08388888888888889,0.12702473381074203,2,2,1.0,0.0,1.0,0,0,0,0
cifar10,20,2,mixed_maturity,rffl_reputation,dirichlet_lcb,benign_concept_drift,0.5,6,36,5,0.346,0.10277777777777777,0.14102061858979378,2,2,1.0,0.0,1.0,0,0,0,0
cifar10,20,2,mixed_maturity,rffl_reputation,dirichlet_lcb,benign_concept_drift,0.5,6,37,5,0.34,0.002777777777777778,0.1401671285983287,2,2,1.0,0.0,1.0,0,0,0,0
cifar10,20,2,mixed_maturity,rffl_reputation,dirichlet_lcb,benign_concept_drift,0.5,6,38,5,0.3335,0.04722222222222222,0.13921667000000001,2,2,1.0,0.0,1.0,0,0,0,0
cifar10,20,2,mixed_maturity,rffl_reputation,dirichlet_lcb,benign_concept_drift,0.5,6,39,5,0.3405,0.059444444444444446,0.146938501469385,2,2,1.0,0.0,1.0,0,0,0,0
cifar10,20,2,mixed_maturity,rffl_reputation,dirichlet_lcb,benign_concept_drift,0.5,6,40,5,0.335,0.019444444444444445,0.1572866315728663,2,2,1.0,0.0,1.0,0,0,0,0
cifar10,20,2,mixed_maturity,rffl_reputation,dirichlet_lcb,benign_concept_drift,0.5,6,41,5,0.342,0.025,0.13211767000000002,2,2,1.0,0.0,1.0,0,0,0,0
cifar10,20,2,mixed_maturity,rffl_reputation,dirichlet_lcb,benign_concept_drift,0.5,6,42,5,0.3285,0.011666666666666667,0.12704753127047527,2,2,1.0,0.0,1.0,0,0,0,0
cifar10,20,2,mixed_maturity,rffl_reputation,dirichlet_lcb,benign_concept_drift,0.5,6,43,5,0.3285,0.052222222222222225,0.13710750000000002,2,2,1.0,0.0,1.0,0,0,0,0
cifar10,20,2,mixed_maturity,rffl_reputation,dirichlet_lcb,benign_concept_drift,0.5,6,44,5,0.322,0.019444444444444445,0.14445733855542658,2,2,1.0,0.0,1.0,0,0,0,0
cifar10,20,2,mixed_maturity,rffl_reputation,dirichlet_lcb,benign_concept_drift,0.5,6,45,5,0.345,0.09333333333333334,0.14176486716470266,2,2,1.0,0.0,1.0,0,0,0,0
cifar10,20,2,mixed_maturity,rffl_reputation,dirichlet_lcb,benign_concept_drift,0.5,6,46,5,0.3355,0.04888888888888889,0.1379891286201087,2,2,1.0,0.0,1.0,0,0,0,0
cifar10,20,2,mixed_maturity,rffl_reputation,dirichlet_lcb,benign_concept_drift,0.5,6,47,5,0.3465,0.12666666666666668,0.13453710134537103,2,2,1.0,0.0,1.0,0,0,0,0
cifar10,20,2,mixed_maturity,rffl_reputation,dirichlet_lcb,benign_concept_drift,0.5,6,48,5,0.307,0.009444444444444445,0.1375895613758956,2,2,1.0,0.0,1.0,0,0,0,0
cifar10,20,2,mixed_maturity,rffl_reputation,dirichlet_lcb,benign_concept_drift,0.5,6,49,5,0.358,0.055,0.14738729557838112,2,2,1.0,0.0,1.0,0,0,0,0
cifar10,20,2,mixed_maturity,rffl_reputation,dirichlet_lcb,benign_concept_drift,0.5,6,50,5,0.3705,0.10055555555555555,0.14969860999999995,2,2,1.0,0.0,1.0,0,0,0,0
cifar10,20,2,mixed_maturity,rffl_reputation,dirichlet_lcb,benign_concept_drift,0.5,7,1,5,0.164,0.0,0.09999999999999998,2,2,1.0,0.0,1.0,0,0,0,0
cifar10,20,2,mixed_maturity,rffl_reputation,dirichlet_lcb,benign_concept_drift,0.5,7,2,5,0.196,0.0044444444444444444,0.10347954206959084,2,2,1.0,0.0,1.0,0,0,0,0
cifar10,20,2,mixed_maturity,rffl_reputation,dirichlet_lcb,benign_concept_drift,0.5,7,3,5,0.2265,0.19444444444444445,0.1011286310112863,2,2,1.0,0.0,1.0,0,0,0,0
cifar10,20,2,mixed_maturity,rffl_reputation,dirichlet_lcb,benign_concept_drift,0.5,7,4,5,0.2645,0.009444444444444445,0.09994366900056331,2,2,1.0,0.0,1.0,0,0,0,0
cifar10,20,2,mixed_maturity,rffl_reputation,dirichlet_lcb,benign_concept_drift,0.5,7,5,5,0.306,0.105,0.09717211,2,2,1.0,0.0,1.0,0,0,0,0
cifar10,20,2,mixed_maturity,rffl_reputation,dirichlet_lcb,benign_concept_drift,0.5,7,6,5,0.293,0.09222222222222222,0.08593216914067832,2,2,1.0,0.0,1.0,0,0,0,0
cifar10,20,2,mixed_maturity,rffl_reputation,dirichlet_lcb,benign_concept_drift,0.5,7,7,5,0.2835,0.2677777777777778,0.07659945000000001,2,2,1.0,0.0,1.0,0,0,0,0
cifar10,20,2,mixed_maturity,rffl_reputation,dirichlet_lcb,benign_concept_drift,0.5,7,8,5,0.3,0.06222222222222222,0.0820574975382751,2,2,1.0,0.0,1.0,0,0,0,0
cifar10,20,2,mixed_maturity,rffl_reputation,dirichlet_lcb,benign_concept_drift,0.5,7,9,5,0.318,0.11944444444444445,0.09778344902216551,2,2,1.0,0.0,1.0,0,0,0,0
cifar10,20,2,mixed_maturity,rffl_reputation,dirichlet_lcb,benign_concept_drift,0.5,7,10,5,0.318,0.04055555555555555,0.10516481894835181,2,2,1.0,0.0,1.0,0,0,0,0
cifar10,20,2,mixed_maturity,rffl_reputation,dirichlet_lcb,benign_concept_drift,0.5,7,11,5,0.2785,0.01,0.09912603801747925,2,2,1.0,0.0,1.0,0,0,0,0
cifar10,20,2,mixed_maturity,rffl_reputation,dirichlet_lcb,benign_concept_drift,0.5,7,12,5,0.3445,0.17333333333333334,0.09590850191817006,2,2,1.0,0.0,1.0,0,0,0,0
cifar10,20,2,mixed_maturity,rffl_reputation,dirichlet_lcb,benign_concept_drift,0.5,7,13,5,0.3325,0.019444444444444445,0.09119632999999998,2,2,1.0,0.0,1.0,0,0,0,0
cifar10,20,2,mixed_maturity,rffl_reputation,dirichlet_lcb,benign_concept_drift,0.5,7,14,5,0.3195,0.22333333333333333,0.10204612897953869,2,2,1.0,0.0,1.0,0,0,0,0
cifar10,20,2,mixed_maturity,rffl_reputation,dirichlet_lcb,benign_concept_drift,0.5,7,15,5,0.3,0.011666666666666667,0.08959415000000001,2,2,1.0,0.0,1.0,0,0,0,0
cifar10,20,2,mixed_maturity,rffl_reputation,dirichlet_lcb,benign_concept_drift,0.5,7,16,5,0.3205,0.06555555555555556,0.07609104228273125,2,2,1.0,0.0,1.0,0,0,0,0
cifar10,20,2,mixed_maturity,rffl_reputation,dirichlet_lcb,benign_concept_drift,0.5,7,17,5,0.3155,0.085,0.08871705088717051,2,2,1.0,0.0,1.0,0,0,0,0
cifar10,20,2,mixed_maturity,rffl_reputation,dirichlet_lcb,benign_concept_drift,0.5,7,18,5,0.3405,0.06833333333333333,0.10278539897214602,2,2,1.0,0.0,1.0,0,0,0,0
cifar10,20,2,mixed_maturity,rffl_reputation,dirichlet_lcb,benign_concept_drift,0.5,7,19,5,0.3445,0.03722222222222222,0.09235252907647472,2,2,1.0,0.0,1.0,0,0,0,0
cifar10,20,2,mixed_maturity,rffl_reputation,dirichlet_lcb,benign_concept_drift,0.5,7,20,5,0.3365,0.03777777777777778,0.08996652910033472,2,2,1.0,0.0,1.0,0,0,0,0
cifar10,20,2,mixed_maturity,rffl_reputation,dirichlet_lcb,benign_concept_drift,0.5,7,21,5,0.3155,0.2038888888888889,0.10563560105635603,2,2,1.0,0.0,1.0,0,0,0,0
cifar10,20,2,mixed_maturity,rffl_reputation,dirichlet_lcb,benign_concept_drift,0.5,7,22,5,0.3195,0.0005555555555555556,0.08426275999999999,2,2,1.0,0.0,1.0,0,0,0,0
cifar10,20,2,mixed_maturity,rffl_reputation,dirichlet_lcb,benign_concept_drift,0.5,7,23,5,0.3295,0.0016666666666666668,0.07770035,2,2,1.0,0.0,1.0,0,0,0,0
cifar10,20,2,mixed_maturity,rffl_reputation,dirichlet_lcb,benign_concept_drift,0.5,7,24,5,0.3385,0.023333333333333334,0.08167348081673481,2,2,1.0,0.0,1.0,0,0,0,0
cifar10,20,2,mixed_maturity,rffl_reputation,dirichlet_lcb,benign_concept_drift,0.5,7,25,5,0.313,0.07444444444444444,0.07945089238352677,2,2,1.0,0.0,1.0,0,0,0,0
cifar10,20,2,mixed_maturity,rffl_reputation,dirichlet_lcb,benign_concept_drift,0.5,7,26,5,0.3515,0.028888888888888888,0.09088549000000001,2,2,1.0,0.0,1.0,0,0,0,0
cifar10,20,2,mixed_maturity,rffl_reputation,dirichlet_lcb,benign_concept_drift,0.5,7,27,5,0.3255,0.02666666666666667,0.08581878999999999,2,2,1.0,0.0,1.0,0,0,0,0
cifar10,20,2,mixed_maturity,rffl_reputation,dirichlet_lcb,benign_concept_drift,0.5,7,28,5,0.3485,0.055,0.09702952902970471,2,2,1.0,0.0,1.0,0,0,0,0
cifar10,20,2,mixed_maturity,rffl_reputation,dirichlet_lcb,benign_concept_drift,0.5,7,29,5,0.2995,0.0038888888888888888,0.0951658090483419,2,2,1.0,0.0,1.0,0,0,0,0
cifar10,20,2,mixed_maturity,rffl_reputation,dirichlet_lcb,benign_concept_drift,0.5,7,30,5,0.347,0.0016666666666666668,0.09734442999999998,2,2,1.0,0.0,1.0,0,0,0,0
cifar10,20,2,mixed_maturity,rffl_reputation,dirichlet_lcb,benign_concept_drift,0.5,7,31,5,0.306,0.08444444444444445,0.09361598906384012,2,2,1.0,0.0,1.0,0,0,0,0
cifar10,20,2,mixed_maturity,rffl_reputation,dirichlet_lcb,benign_concept_drift,0.5,7,32,5,0.345,0.07611111111111112,0.09749930000000001,2,2,1.0,0.0,1.0,0,0,0,0
cifar10,20,2,mixed_maturity,rffl_reputation,dirichlet_lcb,benign_concept_drift,0.5,7,33,5,0.344,0.04833333333333333,0.08978474820430504,2,2,1.0,0.0,1.0,0,0,0,0
cifar10,20,2,mixed_maturity,rffl_reputation,dirichlet_lcb,benign_concept_drift,0.5,7,34,5,0.336,0.1111111111111111,0.09529661904703379,2,2,1.0,0.0,1.0,0,0,0,0
cifar10,20,2,mixed_maturity,rffl_reputation,dirichlet_lcb,benign_concept_drift,0.5,7,35,5,0.371,0.07944444444444444,0.10798657107986573,2,2,1.0,0.0,1.0,0,0,0,0
cifar10,20,2,mixed_maturity,rffl_reputation,dirichlet_lcb,benign_concept_drift,0.5,7,36,5,0.3615,0.04888888888888889,0.11530731115307312,2,2,1.0,0.0,1.0,0,0,0,0
cifar10,20,2,mixed_maturity,rffl_reputation,dirichlet_lcb,benign_concept_drift,0.5,7,37,5,0.334,0.03,0.11081960999999999,2,2,1.0,0.0,1.0,0,0,0,0
cifar10,20,2,mixed_maturity,rffl_reputation,dirichlet_lcb,benign_concept_drift,0.5,7,38,5,0.346,0.07555555555555556,0.11586293000000002,2,2,1.0,0.0,1.0,0,0,0,0
cifar10,20,2,mixed_maturity,rffl_reputation,dirichlet_lcb,benign_concept_drift,0.5,7,39,5,0.345,0.05333333333333334,0.10454895895451041,2,2,1.0,0.0,1.0,0,0,0,0
cifar10,20,2,mixed_maturity,rffl_reputation,dirichlet_lcb,benign_concept_drift,0.5,7,40,5,0.3595,0.04555555555555556,0.1081060189189398,2,2,1.0,0.0,1.0,0,0,0,0
cifar10,20,2,mixed_maturity,rffl_reputation,dirichlet_lcb,benign_concept_drift,0.5,7,41,5,0.3215,0.015555555555555555,0.10822230000000001,2,2,1.0,0.0,1.0,0,0,0,0
cifar10,20,2,mixed_maturity,rffl_reputation,dirichlet_lcb,benign_concept_drift,0.5,7,42,5,0.347,0.045,0.1053390310533903,2,2,1.0,0.0,1.0,0,0,0,0
cifar10,20,2,mixed_maturity,rffl_reputation,dirichlet_lcb,benign_concept_drift,0.5,7,43,5,0.3505,0.0044444444444444444,0.09533467095334672,2,2,1.0,0.0,1.0,0,0,0,0
cifar10,20,2,mixed_maturity,rffl_reputation,dirichlet_lcb,benign_concept_drift,0.5,7,44,5,0.3165,0.23555555555555555,0.10384367896156321,2,2,1.0,0.0,1.0,0,0,0,0
cifar10,20,2,mixed_maturity,rffl_reputation,dirichlet_lcb,benign_concept_drift,0.5,7,45,5,0.321,0.015,0.10642776000000002,2,2,1.0,0.0,1.0,0,0,0,0
cifar10,20,2,mixed_maturity,rffl_reputation,dirichlet_lcb,benign_concept_drift,0.5,7,46,5,0.3505,0.04388888888888889,0.10086573899134262,2,2,1.0,0.0,1.0,0,0,0,0
cifar10,20,2,mixed_maturity,rffl_reputation,dirichlet_lcb,benign_concept_drift,0.5,7,47,5,0.368,0.065,0.11479139885208599,2,2,1.0,0.0,1.0,0,0,0,0
cifar10,20,2,mixed_maturity,rffl_reputation,dirichlet_lcb,benign_concept_drift,0.5,7,48,5,0.34,0.042777777777777776,0.10667941000000002,2,2,1.0,0.0,1.0,0,0,0,0
cifar10,20,2,mixed_maturity,rffl_reputation,dirichlet_lcb,benign_concept_drift,0.5,7,49,5,0.329,0.035,0.10767125784657484,2,2,1.0,0.0,1.0,0,0,0,0
cifar10,20,2,mixed_maturity,rffl_reputation,dirichlet_lcb,benign_concept_drift,0.5,7,50,5,0.2865,0.0077777777777777776,0.11832404763351904,2,2,1.0,0.0,1.0,0,0,0,0
cifar10,20,2,mixed_maturity,rffl_reputation,dirichlet_lcb,benign_concept_drift,0.5,8,1,5,0.1,0.9938888888888889,0.09999999999999998,2,2,1.0,0.0,1.0,0,0,0,0
cifar10,20,2,mixed_maturity,rffl_reputation,dirichlet_lcb,benign_concept_drift,0.5,8,2,5,0.2265,0.0,0.09526219,2,2,1.0,0.0,1.0,0,0,0,0
cifar10,20,2,mixed_maturity,rffl_reputation,dirichlet_lcb,benign_concept_drift,0.5,8,3,5,0.2275,0.22666666666666666,0.09695089000000003,2,2,1.0,0.0,1.0,0,0,0,0
cifar10,20,2,mixed_maturity,rffl_reputation,dirichlet_lcb,benign_concept_drift,0.5,8,4,5,0.266,0.14222222222222222,0.09721695902783042,2,2,1.0,0.0,1.0,0,0,0,0
cifar10,20,2,mixed_maturity,rffl_reputation,dirichlet_lcb,benign_concept_drift,0.5,8,5,5,0.251,0.11555555555555555,0.10667899999999997,2,2,1.0,0.0,1.0,0,0,0,0
cifar10,20,2,mixed_maturity,rffl_reputation,dirichlet_lcb,benign_concept_drift,0.5,8,6,5,0.2265,0.021111111111111112,0.10256944,2,2,1.0,0.0,1.0,0,0,0,0
cifar10,20,2,mixed_maturity,rffl_reputation,dirichlet_lcb,benign_concept_drift,0.5,8,7,5,0.301,0.029444444444444443,0.11378757886212419,2,2,1.0,0.0,1.0,0,0,0,0
cifar10,20,2,mixed_maturity,rffl_reputation,dirichlet_lcb,benign_concept_drift,0.5,8,8,5,0.2635,0.10666666666666667,0.10317875103178752,2,2,1.0,0.0,1.0,0,0,0,0
cifar10,20,2,mixed_maturity,rffl_reputation,dirichlet_lcb,benign_concept_drift,0.5,8,9,5,0.269,0.010555555555555556,0.0981664909816649,2,2,1.0,0.0,1.0,0,0,0,0
cifar10,20,2,mixed_maturity,rffl_reputation,dirichlet_lcb,benign_concept_drift,0.5,8,10,5,0.275,0.16333333333333333,0.10238851102388512,2,2,1.0,0.0,1.0,0,0,0,0
cifar10,20,2,mixed_maturity,rffl_reputation,dirichlet_lcb,benign_concept_drift,0.5,8,11,5,0.2845,0.07222222222222222,0.09731488902685109,2,2,1.0,0.0,1.0,0,0,0,0
cifar10,20,2,mixed_maturity,rffl_reputation,dirichlet_lcb,benign_concept_drift,0.5,8,12,5,0.285,0.07888888888888888,0.10203296897967032,2,2,1.0,0.0,1.0,0,0,0,0
cifar10,20,2,mixed_maturity,rffl_reputation,dirichlet_lcb,benign_concept_drift,0.5,8,13,5,0.293,0.013888888888888888,0.1093505789064942,2,2,1.0,0.0,1.0,0,0,0,0
cifar10,20,2,mixed_maturity,rffl_reputation,dirichlet_lcb,benign_concept_drift,0.5,8,14,5,0.329,0.11333333333333333,0.10793671784126563,2,2,1.0,0.0,1.0,0,0,0,0
cifar10,20,2,mixed_maturity,rffl_reputation,dirichlet_lcb,benign_concept_drift,0.5,8,15,5,0.3035,0.01,0.10920297000000002,2,2,1.0,0.0,1.0,0,0,0,0
cifar10,20,2,mixed_maturity,rffl_reputation,dirichlet_lcb,benign_concept_drift,0.5,8,16,5,0.254,0.030555555555555555,0.1185522788144772,2,2,1.0,0.0,1.0,0,0,0,0
cifar10,20,2,mixed_maturity,rffl_reputation,dirichlet_lcb,benign_concept_drift,0.5,8,17,5,0.302,0.08055555555555556,0.12837818743243623,2,2,1.0,0.0,1.0,0,0,0,0
cifar10,20,2,mixed_maturity,rffl_reputation,dirichlet_lcb,benign_concept_drift,0.5,8,18,5,0.311,0.07,0.11632388883676112,2,2,1.0,0.0,1.0,0,0,0,0
cifar10,20,2,mixed_maturity,rffl_reputation,dirichlet_lcb,benign_concept_drift,0.5,8,19,5,0.2735,0.07888888888888888,0.10969730780605387,2,2,1.0,0.0,1.0,0,0,0,0
cifar10,20,2,mixed_maturity,rffl_reputation,dirichlet_lcb,benign_concept_drift,0.5,8,20,5,0.333,0.045,0.10631867212637346,2,2,1.0,0.0,1.0,0,0,0,0
cifar10,20,2,mixed_maturity,rffl_reputation,dirichlet_lcb,benign_concept_drift,0.5,8,21,5,0.288,0.14222222222222222,0.08577193,2,2,1.0,0.0,1.0,0,0,0,0
cifar10,20,2,mixed_maturity,rffl_reputation,dirichlet_lcb,benign_concept_drift,0.5,8,22,5,0.3,0.10222222222222223,0.08902931089029312,2,2,1.0,0.0,1.0,0,0,0,0
cifar10,20,2,mixed_maturity,rffl_reputation,dirichlet_lcb,benign_concept_drift,0.5,8,23,5,0.3255,0.08166666666666667,0.10274980794500382,2,2,1.0,0.0,1.0,0,0,0,0
cifar10,20,2,mixed_maturity,rffl_reputation,dirichlet_lcb,benign_concept_drift,0.5,8,24,5,0.3495,0.15333333333333332,0.09706577,2,2,1.0,0.0,1.0,0,0,0,0
cifar10,20,2,mixed_maturity,rffl_reputation,dirichlet_lcb,benign_concept_drift,0.5,8,25,5,0.2865,0.11222222222222222,0.0916325390836746,2,2,1.0,0.0,1.0,0,0,0,0
cifar10,20,2,mixed_maturity,rffl_reputation,dirichlet_lcb,benign_concept_drift,0.5,8,26,5,0.312,0.0033333333333333335,0.1150372088496279,2,2,1.0,0.0,1.0,0,0,0,0
cifar10,20,2,mixed_maturity,rffl_reputation,dirichlet_lcb,benign_concept_drift,0.5,8,27,5,0.3215,0.12,0.10190563796188724,2,2,1.0,0.0,1.0,0,0,0,0
cifar10,20,2,mixed_maturity,rffl_reputation,dirichlet_lcb,benign_concept_drift,0.5,8,28,5,0.304,0.02388888888888889,0.10780880892191193,2,2,1.0,0.0,1.0,0,0,0,0
cifar10,20,2,mixed_maturity,rffl_reputation,dirichlet_lcb,benign_concept_drift,0.5,8,29,5,0.3465,0.045,0.10671622213432445,2,2,1.0,0.0,1.0,0,0,0,0
cifar10,20,2,mixed_maturity,rffl_reputation,dirichlet_lcb,benign_concept_drift,0.5,8,30,5,0.3375,0.057777777777777775,0.11089405110894052,2,2,1.0,0.0,1.0,0,0,0,0
cifar10,20,2,mixed_maturity,rffl_reputation,dirichlet_lcb,benign_concept_drift,0.5,8,31,5,0.347,0.06277777777777778,0.11837608000000001,2,2,1.0,0.0,1.0,0,0,0,0
cifar10,20,2,mixed_maturity,rffl_reputation,dirichlet_lcb,benign_concept_drift,0.5,8,32,5,0.334,0.08833333333333333,0.10396937103969371,2,2,1.0,0.0,1.0,0,0,0,0
cifar10,20,2,mixed_maturity,rffl_reputation,dirichlet_lcb,benign_concept_drift,0.5,8,33,5,0.36,0.014444444444444444,0.10088717999999999,2,2,1.0,0.0,1.0,0,0,0,0
cifar10,20,2,mixed_maturity,rffl_reputation,dirichlet_lcb,benign_concept_drift,0.5,8,34,5,0.3525,0.16777777777777778,0.09642162096421622,2,2,1.0,0.0,1.0,0,0,0,0
cifar10,20,2,mixed_maturity,rffl_reputation,dirichlet_lcb,benign_concept_drift,0.5,8,35,5,0.3445,0.0044444444444444444,0.09646171000000002,2,2,1.0,0.0,1.0,0,0,0,0
cifar10,20,2,mixed_maturity,rffl_reputation,dirichlet_lcb,benign_concept_drift,0.5,8,36,5,0.3405,0.08277777777777778,0.09756231097562312,2,2,1.0,0.0,1.0,0,0,0,0
cifar10,20,2,mixed_maturity,rffl_reputation,dirichlet_lcb,benign_concept_drift,0.5,8,37,5,0.356,0.025555555555555557,0.10093722899062772,2,2,1.0,0.0,1.0,0,0,0,0
cifar10,20,2,mixed_maturity,rffl_reputation,dirichlet_lcb,benign_concept_drift,0.5,8,38,5,0.327,0.09055555555555556,0.09839514803209704,2,2,1.0,0.0,1.0,0,0,0,0
cifar10,20,2,mixed_maturity,rffl_reputation,dirichlet_lcb,benign_concept_drift,0.5,8,39,5,0.317,0.11777777777777777,0.10036056,2,2,1.0,0.0,1.0,0,0,0,0
cifar10,20,2,mixed_maturity,rffl_reputation,dirichlet_lcb,benign_concept_drift,0.5,8,40,5,0.3365,0.1338888888888889,0.09422590094225898,2,2,1.0,0.0,1.0,0,0,0,0
cifar10,20,2,mixed_maturity,rffl_reputation,dirichlet_lcb,benign_concept_drift,0.5,8,41,5,0.331,0.07388888888888889,0.08181949918180499,2,2,1.0,0.0,1.0,0,0,0,0
cifar10,20,2,mixed_maturity,rffl_reputation,dirichlet_lcb,benign_concept_drift,0.5,8,42,5,0.341,0.03111111111111111,0.0934156609341566,2,2,1.0,0.0,1.0,0,0,0,0
cifar10,20,2,mixed_maturity,rffl_reputation,dirichlet_lcb,benign_concept_drift,0.5,8,43,5,0.326,0.03166666666666667,0.08156641,2,2,1.0,0.0,1.0,0,0,0,0
cifar10,20,2,mixed_maturity,rffl_reputation,dirichlet_lcb,benign_concept_drift,0.5,8,44,5,0.363,0.04722222222222222,0.09479381905206181,2,2,1.0,0.0,1.0,0,0,0,0
cifar10,20,2,mixed_maturity,rffl_reputation,dirichlet_lcb,benign_concept_drift,0.5,8,45,5,0.349,0.17055555555555554,0.08450583830988323,2,2,1.0,0.0,1.0,0,0,0,0
cifar10,20,2,mixed_maturity,rffl_reputation,dirichlet_lcb,benign_concept_drift,0.5,8,46,5,0.3335,0.07611111111111112,0.08519933,2,2,1.0,0.0,1.0,0,0,0,0
cifar10,20,2,mixed_maturity,rffl_reputation,dirichlet_lcb,benign_concept_drift,0.5,8,47,5,0.306,0.11777777777777777,0.08608577827828444,2,2,1.0,0.0,1.0,0,0,0,0
cifar10,20,2,mixed_maturity,rffl_reputation,dirichlet_lcb,benign_concept_drift,0.5,8,48,5,0.298,0.25277777777777777,0.10067754201355082,2,2,1.0,0.0,1.0,0,0,0,0
cifar10,20,2,mixed_maturity,rffl_reputation,dirichlet_lcb,benign_concept_drift,0.5,8,49,5,0.3305,0.013333333333333334,0.07902573079025732,2,2,1.0,0.0,1.0,0,0,0,0
cifar10,20,2,mixed_maturity,rffl_reputation,dirichlet_lcb,benign_concept_drift,0.5,8,50,5,0.3285,0.025,0.07354107073541069,2,2,1.0,0.0,1.0,0,0,0,0
cifar10,20,2,mixed_maturity,rffl_reputation,dirichlet_lcb,benign_concept_drift,0.5,9,1,5,0.1115,0.0,0.09999999999999998,2,2,1.0,0.0,1.0,0,0,0,0
cifar10,20,2,mixed_maturity,rffl_reputation,dirichlet_lcb,benign_concept_drift,0.5,9,2,5,0.2275,0.4,0.09837179,2,2,1.0,0.0,1.0,0,0,0,0
cifar10,20,2,mixed_maturity,rffl_reputation,dirichlet_lcb,benign_concept_drift,0.5,9,3,5,0.2525,0.0,0.1034988,2,2,1.0,0.0,1.0,0,0,0,0
cifar10,20,2,mixed_maturity,rffl_reputation,dirichlet_lcb,benign_concept_drift,0.5,9,4,5,0.2515,0.044444444444444446,0.10238893897611061,2,2,1.0,0.0,1.0,0,0,0,0
cifar10,20,2,mixed_maturity,rffl_reputation,dirichlet_lcb,benign_concept_drift,0.5,9,5,5,0.2485,0.13277777777777777,0.10820411783591762,2,2,1.0,0.0,1.0,0,0,0,0
cifar10,20,2,mixed_maturity,rffl_reputation,dirichlet_lcb,benign_concept_drift,0.5,9,6,5,0.238,0.31444444444444447,0.10881139217622784,2,2,1.0,0.0,1.0,0,0,0,0
cifar10,20,2,mixed_maturity,rffl_reputation,dirichlet_lcb,benign_concept_drift,0.5,9,7,5,0.2635,0.002777777777777778,0.1035638310356383,2,2,1.0,0.0,1.0,0,0,0,0
cifar10,20,2,mixed_maturity,rffl_reputation,dirichlet_lcb,benign_concept_drift,0.5,9,8,5,0.284,0.051111111111111114,0.09502022190040443,2,2,1.0,0.0,1.0,0,0,0,0
cifar10,20,2,mixed_maturity,rffl_reputation,dirichlet_lcb,benign_concept_drift,0.5,9,9,5,0.254,0.0005555555555555556,0.0887235473382936,2,2,1.0,0.0,1.0,0,0,0,0
cifar10,20,2,mixed_maturity,rffl_reputation,dirichlet_lcb,benign_concept_drift,0.5,9,10,5,0.302,0.045,0.08047617080476172,2,2,1.0,0.0,1.0,0,0,0,0
cifar10,20,2,mixed_maturity,rffl_reputation,dirichlet_lcb,benign_concept_drift,0.5,9,11,5,0.313,0.07111111111111111,0.08014220839715581,2,2,1.0,0.0,1.0,0,0,0,0
cifar10,20,2,mixed_maturity,rffl_reputation,dirichlet_lcb,benign_concept_drift,0.5,9,12,5,0.3025,0.08333333333333333,0.07889764763307057,2,2,1.0,0.0,1.0,0,0,0,0
cifar10,20,2,mixed_maturity,rffl_reputation,dirichlet_lcb,benign_concept_drift,0.5,9,13,5,0.3135,0.03222222222222222,0.07018100859637982,2,2,1.0,0.0,1.0,0,0,0,0
cifar10,20,2,mixed_maturity,rffl_reputation,dirichlet_lcb,benign_concept_drift,0.5,9,14,5,0.275,0.04888888888888889,0.07904020920959791,2,2,1.0,0.0,1.0,0,0,0,0
cifar10,20,2,mixed_maturity,rffl_reputation,dirichlet_lcb,benign_concept_drift,0.5,9,15,5,0.325,0.013333333333333334,0.08225538082255379,2,2,1.0,0.0,1.0,0,0,0,0
cifar10,20,2,mixed_maturity,rffl_reputation,dirichlet_lcb,benign_concept_drift,0.5,9,16,5,0.2955,0.008333333333333333,0.07677377076773771,2,2,1.0,0.0,1.0,0,0,0,0
cifar10,20,2,mixed_maturity,rffl_reputation,dirichlet_lcb,benign_concept_drift,0.5,9,17,5,0.282,0.007222222222222222,0.07896123000000001,2,2,1.0,0.0,1.0,0,0,0,0
cifar10,20,2,mixed_maturity,rffl_reputation,dirichlet_lcb,benign_concept_drift,0.5,9,18,5,0.3345,0.06388888888888888,0.07241262000000001,2,2,1.0,0.0,1.0,0,0,0,0
cifar10,20,2,mixed_maturity,rffl_reputation,dirichlet_lcb,benign_concept_drift,0.5,9,19,5,0.3425,0.10055555555555555,0.0861390108613901,2,2,1.0,0.0,1.0,0,0,0,0
cifar10,20,2,mixed_maturity,rffl_reputation,dirichlet_lcb,benign_concept_drift,0.5,9,20,5,0.322,0.02666666666666667,0.08272495917275041,2,2,1.0,0.0,1.0,0,0,0,0
cifar10,20,2,mixed_maturity,rffl_reputation,dirichlet_lcb,benign_concept_drift,0.5,9,21,5,0.3215,0.02666666666666667,0.08969938820601225,2,2,1.0,0.0,1.0,0,0,0,0
cifar10,20,2,mixed_maturity,rffl_reputation,dirichlet_lcb,benign_concept_drift,0.5,9,22,5,0.3455,0.10555555555555556,0.09684311290529338,2,2,1.0,0.0,1.0,0,0,0,0
cifar10,20,2,mixed_maturity,rffl_reputation,dirichlet_lcb,benign_concept_drift,0.5,9,23,5,0.335,0.07833333333333334,0.08601093913989061,2,2,1.0,0.0,1.0,0,0,0,0
cifar10,20,2,mixed_maturity,rffl_reputation,dirichlet_lcb,benign_concept_drift,0.5,9,24,5,0.333,0.023333333333333334,0.08801463823970725,2,2,1.0,0.0,1.0,0,0,0,0
cifar10,20,2,mixed_maturity,rffl_reputation,dirichlet_lcb,benign_concept_drift,0.5,9,25,5,0.3335,0.06055555555555556,0.08438980000000001,2,2,1.0,0.0,1.0,0,0,0,0
cifar10,20,2,mixed_maturity,rffl_reputation,dirichlet_lcb,benign_concept_drift,0.5,9,26,5,0.3035,0.0005555555555555556,0.08663057826738843,2,2,1.0,0.0,1.0,0,0,0,0
cifar10,20,2,mixed_maturity,rffl_reputation,dirichlet_lcb,benign_concept_drift,0.5,9,27,5,0.328,0.03388888888888889,0.07505193924948061,2,2,1.0,0.0,1.0,0,0,0,0
cifar10,20,2,mixed_maturity,rffl_reputation,dirichlet_lcb,benign_concept_drift,0.5,9,28,5,0.334,0.030555555555555555,0.08712403825751924,2,2,1.0,0.0,1.0,0,0,0,0
cifar10,20,2,mixed_maturity,rffl_reputation,dirichlet_lcb,benign_concept_drift,0.5,9,29,5,0.3485,0.03666666666666667,0.08606420000000001,2,2,1.0,0.0,1.0,0,0,0,0
cifar10,20,2,mixed_maturity,rffl_reputation,dirichlet_lcb,benign_concept_drift,0.5,9,30,5,0.3535,0.04611111111111111,0.07166518999999999,2,2,1.0,0.0,1.0,0,0,0,0
cifar10,20,2,mixed_maturity,rffl_reputation,dirichlet_lcb,benign_concept_drift,0.5,9,31,5,0.358,0.08833333333333333,0.07779685000000001,2,2,1.0,0.0,1.0,0,0,0,0
cifar10,20,2,mixed_maturity,rffl_reputation,dirichlet_lcb,benign_concept_drift,0.5,9,32,5,0.3225,0.14666666666666667,0.08330208833395822,2,2,1.0,0.0,1.0,0,0,0,0
cifar10,20,2,mixed_maturity,rffl_reputation,dirichlet_lcb,benign_concept_drift,0.5,9,33,5,0.3645,0.05388888888888889,0.08663990913360088,2,2,1.0,0.0,1.0,0,0,0,0
cifar10,20,2,mixed_maturity,rffl_reputation,dirichlet_lcb,benign_concept_drift,0.5,9,34,5,0.3395,0.0811111111111111,0.09516620809667585,2,2,1.0,0.0,1.0,0,0,0,0
cifar10,20,2,mixed_maturity,rffl_reputation,dirichlet_lcb,benign_concept_drift,0.5,9,35,5,0.3455,0.023333333333333334,0.09785061000000002,2,2,1.0,0.0,1.0,0,0,0,0
cifar10,20,2,mixed_maturity,rffl_reputation,dirichlet_lcb,benign_concept_drift,0.5,9,36,5,0.2935,0.050555555555555555,0.10714832214296646,2,2,1.0,0.0,1.0,0,0,0,0
cifar10,20,2,mixed_maturity,rffl_reputation,dirichlet_lcb,benign_concept_drift,0.5,9,37,5,0.333,0.03944444444444444,0.10582390105823901,2,2,1.0,0.0,1.0,0,0,0,0
cifar10,20,2,mixed_maturity,rffl_reputation,dirichlet_lcb,benign_concept_drift,0.5,9,38,5,0.3615,0.065,0.09745391805092163,2,2,1.0,0.0,1.0,0,0,0,0
cifar10,20,2,mixed_maturity,rffl_reputation,dirichlet_lcb,benign_concept_drift,0.5,9,39,5,0.3375,0.04388888888888889,0.09700248902997512,2,2,1.0,0.0,1.0,0,0,0,0
cifar10,20,2,mixed_maturity,rffl_reputation,dirichlet_lcb,benign_concept_drift,0.5,9,40,5,0.356,0.01611111111111111,0.10012817,2,2,1.0,0.0,1.0,0,0,0,0
cifar10,20,2,mixed_maturity,rffl_reputation,dirichlet_lcb,benign_concept_drift,0.5,9,41,5,0.3435,0.115,0.09070784181415684,2,2,1.0,0.0,1.0,0,0,0,0
cifar10,20,2,mixed_maturity,rffl_reputation,dirichlet_lcb,benign_concept_drift,0.5,9,42,5,0.3505,0.03777777777777778,0.08272901917270982,2,2,1.0,0.0,1.0,0,0,0,0
cifar10,20,2,mixed_maturity,rffl_reputation,dirichlet_lcb,benign_concept_drift,0.5,9,43,5,0.357,0.06222222222222222,0.07924467079244671,2,2,1.0,0.0,1.0,0,0,0,0
cifar10,20,2,mixed_maturity,rffl_reputation,dirichlet_lcb,benign_concept_drift,0.5,9,44,5,0.3235,0.18555555555555556,0.07424093925759061,2,2,1.0,0.0,1.0,0,0,0,0
cifar10,20,2,mixed_maturity,rffl_reputation,dirichlet_lcb,benign_concept_drift,0.5,9,45,5,0.308,0.009444444444444445,0.08370695,2,2,1.0,0.0,1.0,0,0,0,0
cifar10,20,2,mixed_maturity,rffl_reputation,dirichlet_lcb,benign_concept_drift,0.5,9,46,5,0.3475,0.04555555555555556,0.07805901,2,2,1.0,0.0,1.0,0,0,0,0
cifar10,20,2,mixed_maturity,rffl_reputation,dirichlet_lcb,benign_concept_drift,0.5,9,47,5,0.3635,0.08611111111111111,0.08492508999999998,2,2,1.0,0.0,1.0,0,0,0,0
cifar10,20,2,mixed_maturity,rffl_reputation,dirichlet_lcb,benign_concept_drift,0.5,9,48,5,0.36,0.03722222222222222,0.0934497309344973,2,2,1.0,0.0,1.0,0,0,0,0
cifar10,20,2,mixed_maturity,rffl_reputation,dirichlet_lcb,benign_concept_drift,0.5,9,49,5,0.344,0.02388888888888889,0.0896427091035729,2,2,1.0,0.0,1.0,0,0,0,0
cifar10,20,2,mixed_maturity,rffl_reputation,dirichlet_lcb,benign_concept_drift,0.5,9,50,5,0.317,0.011666666666666667,0.09476416094764162,2,2,1.0,0.0,1.0,0,0,0,0
cifar10,20,2,mixed_maturity,rffl_reputation,dirichlet_lcb,diverse_then_repeat_backdoor,0.5,0,1,5,0.1895,0.0,0.09999999999999998,2,2,1.0,0.0,1.0,0,0,0,0
cifar10,20,2,mixed_maturity,rffl_reputation,dirichlet_lcb,diverse_then_repeat_backdoor,0.5,0,2,5,0.2015,0.0005555555555555556,0.09878521197570425,2,2,1.0,0.0,1.0,0,0,0,0
cifar10,20,2,mixed_maturity,rffl_reputation,dirichlet_lcb,diverse_then_repeat_backdoor,0.5,0,3,5,0.218,0.05333333333333334,0.09250442277513268,2,2,1.0,0.0,1.0,0,0,0,0
cifar10,20,2,mixed_maturity,rffl_reputation,dirichlet_lcb,diverse_then_repeat_backdoor,0.5,0,4,5,0.2625,0.10111111111111111,0.09640261903597382,2,2,1.0,0.0,1.0,0,0,0,0
cifar10,20,2,mixed_maturity,rffl_reputation,dirichlet_lcb,diverse_then_repeat_backdoor,0.5,0,5,5,0.226,0.49277777777777776,0.09850689901493101,2,2,1.0,0.0,1.0,0,0,0,0
cifar10,20,2,mixed_maturity,rffl_reputation,dirichlet_lcb,diverse_then_repeat_backdoor,0.5,0,6,5,0.2825,0.013333333333333334,0.09775589804488206,2,2,1.0,0.0,1.0,0,0,0,0
cifar10,20,2,mixed_maturity,rffl_reputation,dirichlet_lcb,diverse_then_repeat_backdoor,0.5,0,7,5,0.2955,0.09555555555555556,0.09066311090663111,2,2,1.0,0.0,1.0,0,0,0,0
cifar10,20,2,mixed_maturity,rffl_reputation,dirichlet_lcb,diverse_then_repeat_backdoor,0.5,0,8,5,0.269,0.013888888888888888,0.08554202999999999,2,2,1.0,0.0,1.0,0,0,0,0
cifar10,20,2,mixed_maturity,rffl_reputation,dirichlet_lcb,diverse_then_repeat_backdoor,0.5,0,9,5,0.265,0.2588888888888889,0.08669603913303961,2,2,1.0,0.0,1.0,0,0,0,0
cifar10,20,2,mixed_maturity,rffl_reputation,dirichlet_lcb,diverse_then_repeat_backdoor,0.5,0,10,5,0.2975,0.03111111111111111,0.09288373,2,2,1.0,0.0,1.0,0,0,0,0
cifar10,20,2,mixed_maturity,rffl_reputation,dirichlet_lcb,diverse_then_repeat_backdoor,0.5,0,11,5,0.3155,0.25055555555555553,0.09214813999999999,2,2,1.0,0.0,1.0,0,0,0,0
cifar10,20,2,mixed_maturity,rffl_reputation,dirichlet_lcb,diverse_then_repeat_backdoor,0.5,0,12,5,0.311,0.1511111111111111,0.09939954000000001,2,2,1.0,0.0,1.0,0,0,0,0
cifar10,20,2,mixed_maturity,rffl_reputation,dirichlet_lcb,diverse_then_repeat_backdoor,0.5,0,13,5,0.302,0.04833333333333333,0.10162152999999997,2,2,1.0,0.0,1.0,0,0,0,0
cifar10,20,2,mixed_maturity,rffl_reputation,dirichlet_lcb,diverse_then_repeat_backdoor,0.5,0,14,5,0.307,0.09888888888888889,0.10846894,2,2,1.0,0.0,1.0,0,0,0,0
cifar10,20,2,mixed_maturity,rffl_reputation,dirichlet_lcb,diverse_then_repeat_backdoor,0.5,0,15,5,0.3065,0.049444444444444444,0.11973551119735508,2,2,1.0,0.0,1.0,0,0,0,0
cifar10,20,2,mixed_maturity,rffl_reputation,dirichlet_lcb,diverse_then_repeat_backdoor,0.5,0,16,5,0.32,0.23777777777777778,0.12572967000000002,2,2,1.0,0.0,1.0,0,0,0,0
cifar10,20,2,mixed_maturity,rffl_reputation,dirichlet_lcb,diverse_then_repeat_backdoor,0.5,0,17,5,0.316,0.10055555555555555,0.1282556587174434,2,2,1.0,0.0,1.0,0,0,0,0
cifar10,20,2,mixed_maturity,rffl_reputation,dirichlet_lcb,diverse_then_repeat_backdoor,0.5,0,18,5,0.344,0.1322222222222222,0.1295686787043132,2,2,1.0,0.0,1.0,0,0,0,0
cifar10,20,2,mixed_maturity,rffl_reputation,dirichlet_lcb,diverse_then_repeat_backdoor,0.5,0,19,5,0.287,0.0811111111111111,0.13505905270118107,2,2,1.0,0.0,1.0,0,0,0,0
cifar10,20,2,mixed_maturity,rffl_reputation,dirichlet_lcb,diverse_then_repeat_backdoor,0.5,0,20,5,0.2945,0.16944444444444445,0.13423488865765112,2,2,1.0,0.0,1.0,0,0,0,0
cifar10,20,2,mixed_maturity,rffl_reputation,dirichlet_lcb,diverse_then_repeat_backdoor,0.5,0,21,5,0.2775,0.5583333333333333,0.14550437,2,2,1.0,0.0,1.0,0,0,0,0
cifar10,20,2,mixed_maturity,rffl_reputation,dirichlet_lcb,diverse_then_repeat_backdoor,0.5,0,22,5,0.336,0.3233333333333333,0.15487685000000004,2,2,1.0,0.0,1.0,0,0,0,0
cifar10,20,2,mixed_maturity,rffl_reputation,dirichlet_lcb,diverse_then_repeat_backdoor,0.5,0,23,5,0.3305,0.28555555555555556,0.1547665884523341,2,2,1.0,0.0,1.0,0,0,0,0
cifar10,20,2,mixed_maturity,rffl_reputation,dirichlet_lcb,diverse_then_repeat_backdoor,0.5,0,24,5,0.3055,0.4211111111111111,0.1633594483664055,2,2,1.0,0.0,1.0,0,0,0,0
cifar10,20,2,mixed_maturity,rffl_reputation,dirichlet_lcb,diverse_then_repeat_backdoor,0.5,0,25,5,0.3265,0.2011111111111111,0.16512119,2,2,1.0,0.0,1.0,0,0,0,0
cifar10,20,2,mixed_maturity,rffl_reputation,dirichlet_lcb,diverse_then_repeat_backdoor,0.5,0,26,5,0.33,0.41444444444444445,0.16669957499901275,2,2,1.0,0.0,1.0,0,0,0,0
cifar10,20,2,mixed_maturity,rffl_reputation,dirichlet_lcb,diverse_then_repeat_backdoor,0.5,0,27,5,0.2875,0.11888888888888889,0.1705489765890205,2,2,1.0,0.0,1.0,0,0,0,0
cifar10,20,2,mixed_maturity,rffl_reputation,dirichlet_lcb,diverse_then_repeat_backdoor,0.5,0,28,5,0.33,0.5088888888888888,0.18375578183755784,2,2,1.0,0.0,1.0,0,0,0,0
cifar10,20,2,mixed_maturity,rffl_reputation,dirichlet_lcb,diverse_then_repeat_backdoor,0.5,0,29,5,0.3255,0.4888888888888889,0.19866102198661018,2,2,1.0,0.0,1.0,0,0,0,0
cifar10,20,2,mixed_maturity,rffl_reputation,dirichlet_lcb,diverse_then_repeat_backdoor,0.5,0,30,5,0.3115,0.3461111111111111,0.18925980378519602,2,2,1.0,0.0,1.0,0,0,0,0
cifar10,20,2,mixed_maturity,rffl_reputation,dirichlet_lcb,diverse_then_repeat_backdoor,0.5,0,31,5,0.3595,0.5694444444444444,0.18601357,2,2,1.0,0.0,1.0,0,0,0,0
cifar10,20,2,mixed_maturity,rffl_reputation,dirichlet_lcb,diverse_then_repeat_backdoor,0.5,0,32,5,0.344,0.5838888888888889,0.19461631194616316,2,2,1.0,0.0,1.0,0,0,0,0
cifar10,20,2,mixed_maturity,rffl_reputation,dirichlet_lcb,diverse_then_repeat_backdoor,0.5,0,33,5,0.326,0.4027777777777778,0.20670592206705918,2,2,1.0,0.0,1.0,0,0,0,0
cifar10,20,2,mixed_maturity,rffl_reputation,dirichlet_lcb,diverse_then_repeat_backdoor,0.5,0,34,5,0.3215,0.2688888888888889,0.21160373788396267,2,2,1.0,0.0,1.0,0,0,0,0
cifar10,20,2,mixed_maturity,rffl_reputation,dirichlet_lcb,diverse_then_repeat_backdoor,0.5,0,35,5,0.318,0.7694444444444445,0.2124774,2,2,1.0,0.0,1.0,0,0,0,0
cifar10,20,2,mixed_maturity,rffl_reputation,dirichlet_lcb,diverse_then_repeat_backdoor,0.5,0,36,5,0.344,0.7388888888888889,0.21270645574587085,2,2,1.0,0.0,1.0,0,0,0,0
cifar10,20,2,mixed_maturity,rffl_reputation,dirichlet_lcb,diverse_then_repeat_backdoor,0.5,0,37,5,0.2995,0.6494444444444445,0.21627356,2,2,1.0,0.0,1.0,0,0,0,0
cifar10,20,2,mixed_maturity,rffl_reputation,dirichlet_lcb,diverse_then_repeat_backdoor,0.5,0,38,5,0.3465,0.6855555555555556,0.23113000537739986,2,2,1.0,0.0,1.0,0,0,0,0
cifar10,20,2,mixed_maturity,rffl_reputation,dirichlet_lcb,diverse_then_repeat_backdoor,0.5,0,39,5,0.345,0.7372222222222222,0.22702169000000005,2,2,1.0,0.0,1.0,0,0,0,0
cifar10,20,2,mixed_maturity,rffl_reputation,dirichlet_lcb,diverse_then_repeat_backdoor,0.5,0,40,5,0.359,0.5772222222222222,0.21997259439945188,2,2,1.0,0.0,1.0,0,0,0,0
cifar10,20,2,mixed_maturity,rffl_reputation,dirichlet_lcb,diverse_then_repeat_backdoor,0.5,0,41,5,0.351,0.5655555555555556,0.22291531777084683,2,2,1.0,0.0,1.0,0,0,0,0
cifar10,20,2,mixed_maturity,rffl_reputation,dirichlet_lcb,diverse_then_repeat_backdoor,0.5,0,42,5,0.304,0.7511111111111111,0.24109015,2,2,1.0,0.0,1.0,0,0,0,0
cifar10,20,2,mixed_maturity,rffl_reputation,dirichlet_lcb,diverse_then_repeat_backdoor,0.5,0,43,5,0.321,0.6361111111111111,0.25002160250021604,2,2,1.0,0.0,1.0,0,0,0,0
cifar10,20,2,mixed_maturity,rffl_reputation,dirichlet_lcb,diverse_then_repeat_backdoor,0.5,0,44,5,0.326,0.8244444444444444,0.23232573303022805,2,2,1.0,0.0,1.0,0,0,0,0
cifar10,20,2,mixed_maturity,rffl_reputation,dirichlet_lcb,diverse_then_repeat_backdoor,0.5,0,45,5,0.3265,0.2477777777777778,0.22836275228362754,2,2,1.0,0.0,1.0,0,0,0,0
cifar10,20,2,mixed_maturity,rffl_reputation,dirichlet_lcb,diverse_then_repeat_backdoor,0.5,0,46,5,0.3555,0.7077777777777777,0.21133642788663573,2,2,1.0,0.0,1.0,0,0,0,0
cifar10,20,2,mixed_maturity,rffl_reputation,dirichlet_lcb,diverse_then_repeat_backdoor,0.5,0,47,5,0.3225,0.5955555555555555,0.19979470399589408,2,2,1.0,0.0,1.0,0,0,0,0
cifar10,20,2,mixed_maturity,rffl_reputation,dirichlet_lcb,diverse_then_repeat_backdoor,0.5,0,48,5,0.349,0.6716666666666666,0.19313830999999998,2,2,1.0,0.0,1.0,0,0,0,0
cifar10,20,2,mixed_maturity,rffl_reputation,dirichlet_lcb,diverse_then_repeat_backdoor,0.5,0,49,5,0.3645,0.7494444444444445,0.18057663000000004,2,2,1.0,0.0,1.0,0,0,0,0
cifar10,20,2,mixed_maturity,rffl_reputation,dirichlet_lcb,diverse_then_repeat_backdoor,0.5,0,50,5,0.363,0.7494444444444445,0.16692419666151603,2,2,1.0,0.0,1.0,0,0,0,0
cifar10,20,2,mixed_maturity,rffl_reputation,dirichlet_lcb,diverse_then_repeat_backdoor,0.5,1,1,5,0.223,0.21722222222222223,0.09999999999999998,2,2,1.0,0.0,1.0,0,0,0,0
cifar10,20,2,mixed_maturity,rffl_reputation,dirichlet_lcb,diverse_then_repeat_backdoor,0.5,1,2,5,0.1635,0.0011111111111111111,0.10005128999999997,2,2,1.0,0.0,1.0,0,0,0,0
cifar10,20,2,mixed_maturity,rffl_reputation,dirichlet_lcb,diverse_then_repeat_backdoor,0.5,1,3,5,0.21,0.07055555555555555,0.10966805780663885,2,2,1.0,0.0,1.0,0,0,0,0
cifar10,20,2,mixed_maturity,rffl_reputation,dirichlet_lcb,diverse_then_repeat_backdoor,0.5,1,4,5,0.225,0.03277777777777778,0.10230531795389367,2,2,1.0,0.0,1.0,0,0,0,0
cifar10,20,2,mixed_maturity,rffl_reputation,dirichlet_lcb,diverse_then_repeat_backdoor,0.5,1,5,5,0.237,0.017222222222222222,0.10617238106172382,2,2,1.0,0.0,1.0,0,0,0,0
cifar10,20,2,mixed_maturity,rffl_reputation,dirichlet_lcb,diverse_then_repeat_backdoor,0.5,1,6,5,0.2635,0.050555555555555555,0.1034294510342945,2,2,1.0,0.0,1.0,0,0,0,0
cifar10,20,2,mixed_maturity,rffl_reputation,dirichlet_lcb,diverse_then_repeat_backdoor,0.5,1,7,5,0.277,0.022222222222222223,0.09460779810784402,2,2,1.0,0.0,1.0,0,0,0,0
cifar10,20,2,mixed_maturity,rffl_reputation,dirichlet_lcb,diverse_then_repeat_backdoor,0.5,1,8,5,0.2655,0.24444444444444444,0.08624673000000001,2,2,1.0,0.0,1.0,0,0,0,0
cifar10,20,2,mixed_maturity,rffl_reputation,dirichlet_lcb,diverse_then_repeat_backdoor,0.5,1,9,5,0.293,0.04888888888888889,0.08042155839156882,2,2,1.0,0.0,1.0,0,0,0,0
cifar10,20,2,mixed_maturity,rffl_reputation,dirichlet_lcb,diverse_then_repeat_backdoor,0.5,1,10,5,0.2325,0.39,0.07161304928386951,2,2,1.0,0.0,1.0,0,0,0,0
cifar10,20,2,mixed_maturity,rffl_reputation,dirichlet_lcb,diverse_then_repeat_backdoor,0.5,1,11,5,0.327,0.14888888888888888,0.08174934081749341,2,2,1.0,0.0,1.0,0,0,0,0
cifar10,20,2,mixed_maturity,rffl_reputation,dirichlet_lcb,diverse_then_repeat_backdoor,0.5,1,12,5,0.2545,0.035,0.08040209999999999,2,2,1.0,0.0,1.0,0,0,0,0
cifar10,20,2,mixed_maturity,rffl_reputation,dirichlet_lcb,diverse_then_repeat_backdoor,0.5,1,13,5,0.304,0.15944444444444444,0.085054200850542,2,2,1.0,0.0,1.0,0,0,0,0
cifar10,20,2,mixed_maturity,rffl_reputation,dirichlet_lcb,diverse_then_repeat_backdoor,0.5,1,14,5,0.2875,0.2972222222222222,0.08029073,2,2,1.0,0.0,1.0,0,0,0,0
cifar10,20,2,mixed_maturity,rffl_reputation,dirichlet_lcb,diverse_then_repeat_backdoor,0.5,1,15,5,0.323,0.08444444444444445,0.07775271000000002,2,2,1.0,0.0,1.0,0,0,0,0
cifar10,20,2,mixed_maturity,rffl_reputation,dirichlet_lcb,diverse_then_repeat_backdoor,0.5,1,16,5,0.314,0.028888888888888888,0.07545405999999999,2,2,1.0,0.0,1.0,0,0,0,0
cifar10,20,2,mixed_maturity,rffl_reputation,dirichlet_lcb,diverse_then_repeat_backdoor,0.5,1,17,5,0.323,0.26666666666666666,0.07159335143186701,2,2,1.0,0.0,1.0,0,0,0,0
cifar10,20,2,mixed_maturity,rffl_reputation,dirichlet_lcb,diverse_then_repeat_backdoor,0.5,1,18,5,0.3145,0.17666666666666667,0.07280663000000002,2,2,1.0,0.0,1.0,0,0,0,0
cifar10,20,2,mixed_maturity,rffl_reputation,dirichlet_lcb,diverse_then_repeat_backdoor,0.5,1,19,5,0.324,0.2877777777777778,0.0648967106489671,2,2,1.0,0.0,1.0,0,0,0,0
cifar10,20,2,mixed_maturity,rffl_reputation,dirichlet_lcb,diverse_then_repeat_backdoor,0.5,1,20,5,0.3065,0.09333333333333334,0.0631421406314214,2,2,1.0,0.0,1.0,0,0,0,0
cifar10,20,2,mixed_maturity,rffl_reputation,dirichlet_lcb,diverse_then_repeat_backdoor,0.5,1,21,5,0.338,0.10111111111111111,0.06158085938419141,2,2,1.0,0.0,1.0,0,0,0,0
cifar10,20,2,mixed_maturity,rffl_reputation,dirichlet_lcb,diverse_then_repeat_backdoor,0.5,1,22,5,0.299,0.1661111111111111,0.07432324,2,2,1.0,0.0,1.0,0,0,0,0
cifar10,20,2,mixed_maturity,rffl_reputation,dirichlet_lcb,diverse_then_repeat_backdoor,0.5,1,23,5,0.335,0.07055555555555555,0.08523262000000001,2,2,1.0,0.0,1.0,0,0,0,0
cifar10,20,2,mixed_maturity,rffl_reputation,dirichlet_lcb,diverse_then_repeat_backdoor,0.5,1,24,5,0.3105,0.3016666666666667,0.08495848999999998,2,2,1.0,0.0,1.0,0,0,0,0
cifar10,20,2,mixed_maturity,rffl_reputation,dirichlet_lcb,diverse_then_repeat_backdoor,0.5,1,25,5,0.3475,0.08333333333333333,0.10559162,2,2,1.0,0.0,1.0,0,0,0,0
cifar10,20,2,mixed_maturity,rffl_reputation,dirichlet_lcb,diverse_then_repeat_backdoor,0.5,1,26,5,0.313,0.14833333333333334,0.10957883,2,2,1.0,0.0,1.0,0,0,0,0
cifar10,20,2,mixed_maturity,rffl_reputation,dirichlet_lcb,diverse_then_repeat_backdoor,0.5,1,27,5,0.345,0.12,0.11452229885477702,2,2,1.0,0.0,1.0,0,0,0,0
cifar10,20,2,mixed_maturity,rffl_reputation,dirichlet_lcb,diverse_then_repeat_backdoor,0.5,1,28,5,0.337,0.23944444444444443,0.11419035999999999,2,2,1.0,0.0,1.0,0,0,0,0
cifar10,20,2,mixed_maturity,rffl_reputation,dirichlet_lcb,diverse_then_repeat_backdoor,0.5,1,29,5,0.3235,0.36777777777777776,0.13462987730740245,2,2,1.0,0.0,1.0,0,0,0,0
cifar10,20,2,mixed_maturity,rffl_reputation,dirichlet_lcb,diverse_then_repeat_backdoor,0.5,1,30,5,0.3405,0.19555555555555557,0.14760986999999998,2,2,1.0,0.0,1.0,0,0,0,0
cifar10,20,2,mixed_maturity,rffl_reputation,dirichlet_lcb,diverse_then_repeat_backdoor,0.5,1,31,5,0.3335,0.43166666666666664,0.14536527290730547,2,2,1.0,0.0,1.0,0,0,0,0
cifar10,20,2,mixed_maturity,rffl_reputation,dirichlet_lcb,diverse_then_repeat_backdoor,0.5,1,32,5,0.3095,0.20333333333333334,0.16014425,2,2,1.0,0.0,1.0,0,0,0,0
cifar10,20,2,mixed_maturity,rffl_reputation,dirichlet_lcb,diverse_then_repeat_backdoor,0.5,1,33,5,0.3105,0.4622222222222222,0.16461099164610993,2,2,1.0,0.0,1.0,0,0,0,0
cifar10,20,2,mixed_maturity,rffl_reputation,dirichlet_lcb,diverse_then_repeat_backdoor,0.5,1,34,5,0.352,0.21,0.1671468083285319,2,2,1.0,0.0,1.0,0,0,0,0
cifar10,20,2,mixed_maturity,rffl_reputation,dirichlet_lcb,diverse_then_repeat_backdoor,0.5,1,35,5,0.298,0.5288888888888889,0.17176219999999998,2,2,1.0,0.0,1.0,0,0,0,0
cifar10,20,2,mixed_maturity,rffl_reputation,dirichlet_lcb,diverse_then_repeat_backdoor,0.5,1,36,5,0.2935,0.1738888888888889,0.1655179766896404,2,2,1.0,0.0,1.0,0,0,0,0
cifar10,20,2,mixed_maturity,rffl_reputation,dirichlet_lcb,diverse_then_repeat_backdoor,0.5,1,37,5,0.327,0.27111111111111114,0.1516325830326517,2,2,1.0,0.0,1.0,0,0,0,0
cifar10,20,2,mixed_maturity,rffl_reputation,dirichlet_lcb,diverse_then_repeat_backdoor,0.5,1,38,5,0.3295,0.5322222222222223,0.15585136688297263,2,2,1.0,0.0,1.0,0,0,0,0
cifar10,20,2,mixed_maturity,rffl_reputation,dirichlet_lcb,diverse_then_repeat_backdoor,0.5,1,39,5,0.3295,0.24666666666666667,0.16260479837395198,2,2,1.0,0.0,1.0,0,0,0,0
cifar10,20,2,mixed_maturity,rffl_reputation,dirichlet_lcb,diverse_then_repeat_backdoor,0.5,1,40,5,0.339,0.5394444444444444,0.15961510159615103,2,2,1.0,0.0,1.0,0,0,0,0
cifar10,20,2,mixed_maturity,rffl_reputation,dirichlet_lcb,diverse_then_repeat_backdoor,0.5,1,41,5,0.345,0.2972222222222222,0.15740371157403713,2,2,1.0,0.0,1.0,0,0,0,0
cifar10,20,2,mixed_maturity,rffl_reputation,dirichlet_lcb,diverse_then_repeat_backdoor,0.5,1,42,5,0.297,0.23444444444444446,0.15707177471215322,2,2,1.0,0.0,1.0,0,0,0,0
cifar10,20,2,mixed_maturity,rffl_reputation,dirichlet_lcb,diverse_then_repeat_backdoor,0.5,1,43,5,0.3585,0.48277777777777775,0.15624176312483526,2,2,1.0,0.0,1.0,0,0,0,0
cifar10,20,2,mixed_maturity,rffl_reputation,dirichlet_lcb,diverse_then_repeat_backdoor,0.5,1,44,5,0.3165,0.5427777777777778,0.14339102713217944,2,2,1.0,0.0,1.0,0,0,0,0
cifar10,20,2,mixed_maturity,rffl_reputation,dirichlet_lcb,diverse_then_repeat_backdoor,0.5,1,45,5,0.323,0.19666666666666666,0.14370538287410767,2,2,1.0,0.0,1.0,0,0,0,0
cifar10,20,2,mixed_maturity,rffl_reputation,dirichlet_lcb,diverse_then_repeat_backdoor,0.5,1,46,5,0.3445,0.5638888888888889,0.14647632292952648,2,2,1.0,0.0,1.0,0,0,0,0
cifar10,20,2,mixed_maturity,rffl_reputation,dirichlet_lcb,diverse_then_repeat_backdoor,0.5,1,47,5,0.31,0.18055555555555555,0.15794570315891407,2,2,1.0,0.0,1.0,0,0,0,0
cifar10,20,2,mixed_maturity,rffl_reputation,dirichlet_lcb,diverse_then_repeat_backdoor,0.5,1,48,5,0.3395,0.4866666666666667,0.16879778831202213,2,2,1.0,0.0,1.0,0,0,0,0
cifar10,20,2,mixed_maturity,rffl_reputation,dirichlet_lcb,diverse_then_repeat_backdoor,0.5,1,49,5,0.299,0.7655555555555555,0.16853056494408303,2,2,1.0,0.0,1.0,0,0,0,0
cifar10,20,2,mixed_maturity,rffl_reputation,dirichlet_lcb,diverse_then_repeat_backdoor,0.5,1,50,5,0.291,0.23,0.17704365,2,2,1.0,0.0,1.0,0,0,0,0
cifar10,20,2,mixed_maturity,rffl_reputation,dirichlet_lcb,diverse_then_repeat_backdoor,0.5,2,1,5,0.218,0.0,0.09999999999999998,2,2,1.0,0.0,1.0,0,0,0,0
cifar10,20,2,mixed_maturity,rffl_reputation,dirichlet_lcb,diverse_then_repeat_backdoor,0.5,2,2,5,0.2215,0.0005555555555555556,0.09711989194239785,2,2,1.0,0.0,1.0,0,0,0,0
cifar10,20,2,mixed_maturity,rffl_reputation,dirichlet_lcb,diverse_then_repeat_backdoor,0.5,2,3,5,0.2145,0.0011111111111111111,0.0879913308799133,2,2,1.0,0.0,1.0,0,0,0,0
cifar10,20,2,mixed_maturity,rffl_reputation,dirichlet_lcb,diverse_then_repeat_backdoor,0.5,2,4,5,0.2765,0.057777777777777775,0.09467311905326882,2,2,1.0,0.0,1.0,0,0,0,0
cifar10,20,2,mixed_maturity,rffl_reputation,dirichlet_lcb,diverse_then_repeat_backdoor,0.5,2,5,5,0.2615,0.0022222222222222222,0.10106148797877024,2,2,1.0,0.0,1.0,0,0,0,0
cifar10,20,2,mixed_maturity,rffl_reputation,dirichlet_lcb,diverse_then_repeat_backdoor,0.5,2,6,5,0.2575,0.013888888888888888,0.10102302101023021,2,2,1.0,0.0,1.0,0,0,0,0
cifar10,20,2,mixed_maturity,rffl_reputation,dirichlet_lcb,diverse_then_repeat_backdoor,0.5,2,7,5,0.3015,0.09222222222222222,0.0988639290113607,2,2,1.0,0.0,1.0,0,0,0,0
cifar10,20,2,mixed_maturity,rffl_reputation,dirichlet_lcb,diverse_then_repeat_backdoor,0.5,2,8,5,0.295,0.2288888888888889,0.10304817,2,2,1.0,0.0,1.0,0,0,0,0
cifar10,20,2,mixed_maturity,rffl_reputation,dirichlet_lcb,diverse_then_repeat_backdoor,0.5,2,9,5,0.2275,0.5677777777777778,0.10579577000000003,2,2,1.0,0.0,1.0,0,0,0,0
cifar10,20,2,mixed_maturity,rffl_reputation,dirichlet_lcb,diverse_then_repeat_backdoor,0.5,2,10,5,0.284,0.17166666666666666,0.10951706109517063,2,2,1.0,0.0,1.0,0,0,0,0
cifar10,20,2,mixed_maturity,rffl_reputation,dirichlet_lcb,diverse_then_repeat_backdoor,0.5,2,11,5,0.312,0.10666666666666667,0.10317193103171932,2,2,1.0,0.0,1.0,0,0,0,0
cifar10,20,2,mixed_maturity,rffl_reputation,dirichlet_lcb,diverse_then_repeat_backdoor,0.5,2,12,5,0.3405,0.255,0.10508597894914021,2,2,1.0,0.0,1.0,0,0,0,0
cifar10,20,2,mixed_maturity,rffl_reputation,dirichlet_lcb,diverse_then_repeat_backdoor,0.5,2,13,5,0.294,0.21555555555555556,0.11998508880014912,2,2,1.0,0.0,1.0,0,0,0,0
cifar10,20,2,mixed_maturity,rffl_reputation,dirichlet_lcb,diverse_then_repeat_backdoor,0.5,2,14,5,0.306,0.16833333333333333,0.11783652882163471,2,2,1.0,0.0,1.0,0,0,0,0
cifar10,20,2,mixed_maturity,rffl_reputation,dirichlet_lcb,diverse_then_repeat_backdoor,0.5,2,15,5,0.303,0.13777777777777778,0.1149647,2,2,1.0,0.0,1.0,0,0,0,0
cifar10,20,2,mixed_maturity,rffl_reputation,dirichlet_lcb,diverse_then_repeat_backdoor,0.5,2,16,5,0.325,0.18444444444444444,0.11460908000000002,2,2,1.0,0.0,1.0,0,0,0,0
cifar10,20,2,mixed_maturity,rffl_reputation,dirichlet_lcb,diverse_then_repeat_backdoor,0.5,2,17,5,0.3005,0.18777777777777777,0.11843936118439362,2,2,1.0,0.0,1.0,0,0,0,0
cifar10,20,2,mixed_maturity,rffl_reputation,dirichlet_lcb,diverse_then_repeat_backdoor,0.5,2,18,5,0.321,0.14833333333333334,0.11861039000000004,2,2,1.0,0.0,1.0,0,0,0,0
cifar10,20,2,mixed_maturity,rffl_reputation,dirichlet_lcb,diverse_then_repeat_backdoor,0.5,2,19,5,0.279,0.4033333333333333,0.10971373890286262,2,2,1.0,0.0,1.0,0,0,0,0
cifar10,20,2,mixed_maturity,rffl_reputation,dirichlet_lcb,diverse_then_repeat_backdoor,0.5,2,20,5,0.3055,0.03833333333333333,0.11446716885532829,2,2,1.0,0.0,1.0,0,0,0,0
cifar10,20,2,mixed_maturity,rffl_reputation,dirichlet_lcb,diverse_then_repeat_backdoor,0.5,2,21,5,0.3345,0.16333333333333333,0.10122053000000003,2,2,1.0,0.0,1.0,0,0,0,0
cifar10,20,2,mixed_maturity,rffl_reputation,dirichlet_lcb,diverse_then_repeat_backdoor,0.5,2,22,5,0.327,0.34444444444444444,0.11094854332845629,2,2,1.0,0.0,1.0,0,0,0,0
cifar10,20,2,mixed_maturity,rffl_reputation,dirichlet_lcb,diverse_then_repeat_backdoor,0.5,2,23,5,0.31,0.4716666666666667,0.11311856886881431,2,2,1.0,0.0,1.0,0,0,0,0
cifar10,20,2,mixed_maturity,rffl_reputation,dirichlet_lcb,diverse_then_repeat_backdoor,0.5,2,24,5,0.335,0.1511111111111111,0.12772059872279404,2,2,1.0,0.0,1.0,0,0,0,0
cifar10,20,2,mixed_maturity,rffl_reputation,dirichlet_lcb,diverse_then_repeat_backdoor,0.5,2,25,5,0.3285,0.3605555555555556,0.12639277252785544,2,2,1.0,0.0,1.0,0,0,0,0
cifar10,20,2,mixed_maturity,rffl_reputation,dirichlet_lcb,diverse_then_repeat_backdoor,0.5,2,26,5,0.347,0.3416666666666667,0.1322866713228667,2,2,1.0,0.0,1.0,0,0,0,0
cifar10,20,2,mixed_maturity,rffl_reputation,dirichlet_lcb,diverse_then_repeat_backdoor,0.5,2,27,5,0.346,0.3288888888888889,0.13013227130132268,2,2,1.0,0.0,1.0,0,0,0,0
cifar10,20,2,mixed_maturity,rffl_reputation,dirichlet_lcb,diverse_then_repeat_backdoor,0.5,2,28,5,0.329,0.285,0.12515224874847752,2,2,1.0,0.0,1.0,0,0,0,0
cifar10,20,2,mixed_maturity,rffl_reputation,dirichlet_lcb,diverse_then_repeat_backdoor,0.5,2,29,5,0.315,0.26722222222222225,0.13056460999999997,2,2,1.0,0.0,1.0,0,0,0,0
cifar10,20,2,mixed_maturity,rffl_reputation,dirichlet_lcb,diverse_then_repeat_backdoor,0.5,2,30,5,0.344,0.4161111111111111,0.1262079112620791,2,2,1.0,0.0,1.0,0,0,0,0
cifar10,20,2,mixed_maturity,rffl_reputation,dirichlet_lcb,diverse_then_repeat_backdoor,0.5,2,31,5,0.3095,0.6305555555555555,0.1368277713682777,2,2,1.0,0.0,1.0,0,0,0,0
cifar10,20,2,mixed_maturity,rffl_reputation,dirichlet_lcb,diverse_then_repeat_backdoor,0.5,2,32,5,0.3375,0.2061111111111111,0.15094518,2,2,1.0,0.0,1.0,0,0,0,0
cifar10,20,2,mixed_maturity,rffl_reputation,dirichlet_lcb,diverse_then_repeat_backdoor,0.5,2,33,5,0.348,0.5016666666666667,0.15659635156596352,2,2,1.0,0.0,1.0,0,0,0,0
cifar10,20,2,mixed_maturity,rffl_reputation,dirichlet_lcb,diverse_then_repeat_backdoor,0.5,2,34,5,0.332,0.5266666666666666,0.15747301000000002,2,2,1.0,0.0,1.0,0,0,0,0
cifar10,20,2,mixed_maturity,rffl_reputation,dirichlet_lcb,diverse_then_repeat_backdoor,0.5,2,35,5,0.324,0.4633333333333333,0.15917487000000005,2,2,1.0,0.0,1.0,0,0,0,0
cifar10,20,2,mixed_maturity,rffl_reputation,dirichlet_lcb,diverse_then_repeat_backdoor,0.5,2,36,5,0.3385,0.4922222222222222,0.1641919516419195,2,2,1.0,0.0,1.0,0,0,0,0
cifar10,20,2,mixed_maturity,rffl_reputation,dirichlet_lcb,diverse_then_repeat_backdoor,0.5,2,37,5,0.306,0.7011111111111111,0.15715588157155883,2,2,1.0,0.0,1.0,0,0,0,0
cifar10,20,2,mixed_maturity,rffl_reputation,dirichlet_lcb,diverse_then_repeat_backdoor,0.5,2,38,5,0.3345,0.45944444444444443,0.14654842853451572,2,2,1.0,0.0,1.0,0,0,0,0
cifar10,20,2,mixed_maturity,rffl_reputation,dirichlet_lcb,diverse_then_repeat_backdoor,0.5,2,39,5,0.3455,0.28888888888888886,0.15056766698864665,2,2,1.0,0.0,1.0,0,0,0,0
cifar10,20,2,mixed_maturity,rffl_reputation,dirichlet_lcb,diverse_then_repeat_backdoor,0.5,2,40,5,0.332,0.675,0.14871994,2,2,1.0,0.0,1.0,0,0,0,0
cifar10,20,2,mixed_maturity,rffl_reputation,dirichlet_lcb,diverse_then_repeat_backdoor,0.5,2,41,5,0.337,0.7327777777777778,0.1643698,2,2,1.0,0.0,1.0,0,0,0,0
cifar10,20,2,mixed_maturity,rffl_reputation,dirichlet_lcb,diverse_then_repeat_backdoor,0.5,2,42,5,0.304,0.45,0.16721463167214634,2,2,1.0,0.0,1.0,0,0,0,0
cifar10,20,2,mixed_maturity,rffl_reputation,dirichlet_lcb,diverse_then_repeat_backdoor,0.5,2,43,5,0.295,0.7588888888888888,0.17149607,2,2,1.0,0.0,1.0,0,0,0,0
cifar10,20,2,mixed_maturity,rffl_reputation,dirichlet_lcb,diverse_then_repeat_backdoor,0.5,2,44,5,0.338,0.34055555555555556,0.1790618435812369,2,2,1.0,0.0,1.0,0,0,0,0
cifar10,20,2,mixed_maturity,rffl_reputation,dirichlet_lcb,diverse_then_repeat_backdoor,0.5,2,45,5,0.3385,0.6888888888888889,0.1741638382583616,2,2,1.0,0.0,1.0,0,0,0,0
cifar10,20,2,mixed_maturity,rffl_reputation,dirichlet_lcb,diverse_then_repeat_backdoor,0.5,2,46,5,0.2905,0.56,0.16684248166842483,2,2,1.0,0.0,1.0,0,0,0,0
cifar10,20,2,mixed_maturity,rffl_reputation,dirichlet_lcb,diverse_then_repeat_backdoor,0.5,2,47,5,0.3745,0.5338888888888889,0.1609686916096869,2,2,1.0,0.0,1.0,0,0,0,0
cifar10,20,2,mixed_maturity,rffl_reputation,dirichlet_lcb,diverse_then_repeat_backdoor,0.5,2,48,5,0.361,0.5022222222222222,0.1476632385233676,2,2,1.0,0.0,1.0,0,0,0,0
cifar10,20,2,mixed_maturity,rffl_reputation,dirichlet_lcb,diverse_then_repeat_backdoor,0.5,2,49,5,0.372,0.5011111111111111,0.15970809680583808,2,2,1.0,0.0,1.0,0,0,0,0
cifar10,20,2,mixed_maturity,rffl_reputation,dirichlet_lcb,diverse_then_repeat_backdoor,0.5,2,50,5,0.351,0.66,0.15505412844945873,2,2,1.0,0.0,1.0,0,0,0,0
cifar10,20,2,mixed_maturity,rffl_reputation,dirichlet_lcb,diverse_then_repeat_backdoor,0.5,3,1,5,0.1545,0.0,0.09999999999999998,2,2,1.0,0.0,1.0,0,0,0,0
cifar10,20,2,mixed_maturity,rffl_reputation,dirichlet_lcb,diverse_then_repeat_backdoor,0.5,3,2,5,0.2035,0.0038888888888888888,0.089795232693857,2,2,1.0,0.0,1.0,0,0,0,0
cifar10,20,2,mixed_maturity,rffl_reputation,dirichlet_lcb,diverse_then_repeat_backdoor,0.5,3,3,5,0.2165,0.19611111111111112,0.09600491807990162,2,2,1.0,0.0,1.0,0,0,0,0
cifar10,20,2,mixed_maturity,rffl_reputation,dirichlet_lcb,diverse_then_repeat_backdoor,0.5,3,4,5,0.235,0.0011111111111111111,0.09350242906497572,2,2,1.0,0.0,1.0,0,0,0,0
cifar10,20,2,mixed_maturity,rffl_reputation,dirichlet_lcb,diverse_then_repeat_backdoor,0.5,3,5,5,0.25,0.006111111111111111,0.10079477899205222,2,2,1.0,0.0,1.0,0,0,0,0
cifar10,20,2,mixed_maturity,rffl_reputation,dirichlet_lcb,diverse_then_repeat_backdoor,0.5,3,6,5,0.2575,0.03222222222222222,0.10365313000000001,2,2,1.0,0.0,1.0,0,0,0,0
cifar10,20,2,mixed_maturity,rffl_reputation,dirichlet_lcb,diverse_then_repeat_backdoor,0.5,3,7,5,0.2755,0.04055555555555555,0.10000157200003146,2,2,1.0,0.0,1.0,0,0,0,0
cifar10,20,2,mixed_maturity,rffl_reputation,dirichlet_lcb,diverse_then_repeat_backdoor,0.5,3,8,5,0.3295,0.06666666666666667,0.08856916822861664,2,2,1.0,0.0,1.0,0,0,0,0
cifar10,20,2,mixed_maturity,rffl_reputation,dirichlet_lcb,diverse_then_repeat_backdoor,0.5,3,9,5,0.2605,0.2477777777777778,0.0808932191910678,2,2,1.0,0.0,1.0,0,0,0,0
cifar10,20,2,mixed_maturity,rffl_reputation,dirichlet_lcb,diverse_then_repeat_backdoor,0.5,3,10,5,0.277,0.002777777777777778,0.07953216761403499,2,2,1.0,0.0,1.0,0,0,0,0
cifar10,20,2,mixed_maturity,rffl_reputation,dirichlet_lcb,diverse_then_repeat_backdoor,0.5,3,11,5,0.2945,0.29833333333333334,0.07549339849013204,2,2,1.0,0.0,1.0,0,0,0,0
cifar10,20,2,mixed_maturity,rffl_reputation,dirichlet_lcb,diverse_then_repeat_backdoor,0.5,3,12,5,0.319,0.013888888888888888,0.07383859852322805,2,2,1.0,0.0,1.0,0,0,0,0
cifar10,20,2,mixed_maturity,rffl_reputation,dirichlet_lcb,diverse_then_repeat_backdoor,0.5,3,13,5,0.286,0.07111111111111111,0.07021738929782609,2,2,1.0,0.0,1.0,0,0,0,0
cifar10,20,2,mixed_maturity,rffl_reputation,dirichlet_lcb,diverse_then_repeat_backdoor,0.5,3,14,5,0.317,0.07111111111111111,0.08036449919635502,2,2,1.0,0.0,1.0,0,0,0,0
cifar10,20,2,mixed_maturity,rffl_reputation,dirichlet_lcb,diverse_then_repeat_backdoor,0.5,3,15,5,0.2865,0.38166666666666665,0.07348434926515651,2,2,1.0,0.0,1.0,0,0,0,0
cifar10,20,2,mixed_maturity,rffl_reputation,dirichlet_lcb,diverse_then_repeat_backdoor,0.5,3,16,5,0.291,0.0044444444444444444,0.09098245181964902,2,2,1.0,0.0,1.0,0,0,0,0
cifar10,20,2,mixed_maturity,rffl_reputation,dirichlet_lcb,diverse_then_repeat_backdoor,0.5,3,17,5,0.3485,0.04833333333333333,0.09064029271920877,2,2,1.0,0.0,1.0,0,0,0,0
cifar10,20,2,mixed_maturity,rffl_reputation,dirichlet_lcb,diverse_then_repeat_backdoor,0.5,3,18,5,0.301,0.043333333333333335,0.09705257,2,2,1.0,0.0,1.0,0,0,0,0
cifar10,20,2,mixed_maturity,rffl_reputation,dirichlet_lcb,diverse_then_repeat_backdoor,0.5,3,19,5,0.301,0.4011111111111111,0.09864083,2,2,1.0,0.0,1.0,0,0,0,0
cifar10,20,2,mixed_maturity,rffl_reputation,dirichlet_lcb,diverse_then_repeat_backdoor,0.5,3,20,5,0.3385,0.10833333333333334,0.10918459,2,2,1.0,0.0,1.0,0,0,0,0
cifar10,20,2,mixed_maturity,rffl_reputation,dirichlet_lcb,diverse_then_repeat_backdoor,0.5,3,21,5,0.302,0.21333333333333335,0.10447725895522739,2,2,1.0,0.0,1.0,0,0,0,0
cifar10,20,2,mixed_maturity,rffl_reputation,dirichlet_lcb,diverse_then_repeat_backdoor,0.5,3,22,5,0.3445,0.11,0.09873341802533166,2,2,1.0,0.0,1.0,0,0,0,0
cifar10,20,2,mixed_maturity,rffl_reputation,dirichlet_lcb,diverse_then_repeat_backdoor,0.5,3,23,5,0.3415,0.11722222222222223,0.09403611094036113,2,2,1.0,0.0,1.0,0,0,0,0
cifar10,20,2,mixed_maturity,rffl_reputation,dirichlet_lcb,diverse_then_repeat_backdoor,0.5,3,24,5,0.367,0.09444444444444444,0.09897794901022051,2,2,1.0,0.0,1.0,0,0,0,0
cifar10,20,2,mixed_maturity,rffl_reputation,dirichlet_lcb,diverse_then_repeat_backdoor,0.5,3,25,5,0.326,0.14,0.10512606,2,2,1.0,0.0,1.0,0,0,0,0
cifar10,20,2,mixed_maturity,rffl_reputation,dirichlet_lcb,diverse_then_repeat_backdoor,0.5,3,26,5,0.294,0.475,0.1048056,2,2,1.0,0.0,1.0,0,0,0,0
cifar10,20,2,mixed_maturity,rffl_reputation,dirichlet_lcb,diverse_then_repeat_backdoor,0.5,3,27,5,0.3025,0.2544444444444444,0.1203632,2,2,1.0,0.0,1.0,0,0,0,0
cifar10,20,2,mixed_maturity,rffl_reputation,dirichlet_lcb,diverse_then_repeat_backdoor,0.5,3,28,5,0.318,0.03388888888888889,0.11504885769902284,2,2,1.0,0.0,1.0,0,0,0,0
cifar10,20,2,mixed_maturity,rffl_reputation,dirichlet_lcb,diverse_then_repeat_backdoor,0.5,3,29,5,0.347,0.32222222222222224,0.11212542224250843,2,2,1.0,0.0,1.0,0,0,0,0
cifar10,20,2,mixed_maturity,rffl_reputation,dirichlet_lcb,diverse_then_repeat_backdoor,0.5,3,30,5,0.3455,0.1111111111111111,0.12330588753388223,2,2,1.0,0.0,1.0,0,0,0,0
cifar10,20,2,mixed_maturity,rffl_reputation,dirichlet_lcb,diverse_then_repeat_backdoor,0.5,3,31,5,0.33,0.08055555555555556,0.12484385,2,2,1.0,0.0,1.0,0,0,0,0
cifar10,20,2,mixed_maturity,rffl_reputation,dirichlet_lcb,diverse_then_repeat_backdoor,0.5,3,32,5,0.3305,0.3527777777777778,0.12077937999999999,2,2,1.0,0.0,1.0,0,0,0,0
cifar10,20,2,mixed_maturity,rffl_reputation,dirichlet_lcb,diverse_then_repeat_backdoor,0.5,3,33,5,0.334,0.4777777777777778,0.13596258864037408,2,2,1.0,0.0,1.0,0,0,0,0
cifar10,20,2,mixed_maturity,rffl_reputation,dirichlet_lcb,diverse_then_repeat_backdoor,0.5,3,34,5,0.327,0.44055555555555553,0.1212338587876614,2,2,1.0,0.0,1.0,0,0,0,0
cifar10,20,2,mixed_maturity,rffl_reputation,dirichlet_lcb,diverse_then_repeat_backdoor,0.5,3,35,5,0.3495,0.37333333333333335,0.12116766878832332,2,2,1.0,0.0,1.0,0,0,0,0
cifar10,20,2,mixed_maturity,rffl_reputation,dirichlet_lcb,diverse_then_repeat_backdoor,0.5,3,36,5,0.3435,0.14166666666666666,0.11103001111030011,2,2,1.0,0.0,1.0,0,0,0,0
cifar10,20,2,mixed_maturity,rffl_reputation,dirichlet_lcb,diverse_then_repeat_backdoor,0.5,3,37,5,0.36,0.375,0.10888798108887981,2,2,1.0,0.0,1.0,0,0,0,0
cifar10,20,2,mixed_maturity,rffl_reputation,dirichlet_lcb,diverse_then_repeat_backdoor,0.5,3,38,5,0.3605,0.20166666666666666,0.1215779512157795,2,2,1.0,0.0,1.0,0,0,0,0
cifar10,20,2,mixed_maturity,rffl_reputation,dirichlet_lcb,diverse_then_repeat_backdoor,0.5,3,39,5,0.3585,0.18055555555555555,0.1265938212659382,2,2,1.0,0.0,1.0,0,0,0,0
cifar10,20,2,mixed_maturity,rffl_reputation,dirichlet_lcb,diverse_then_repeat_backdoor,0.5,3,40,5,0.3345,0.16,0.1319448786805512,2,2,1.0,0.0,1.0,0,0,0,0
cifar10,20,2,mixed_maturity,rffl_reputation,dirichlet_lcb,diverse_then_repeat_backdoor,0.5,3,41,5,0.3245,0.5022222222222222,0.12816856,2,2,1.0,0.0,1.0,0,0,0,0
cifar10,20,2,mixed_maturity,rffl_reputation,dirichlet_lcb,diverse_then_repeat_backdoor,0.5,3,42,5,0.296,0.3561111111111111,0.13230349000000002,2,2,1.0,0.0,1.0,0,0,0,0
cifar10,20,2,mixed_maturity,rffl_reputation,dirichlet_lcb,diverse_then_repeat_backdoor,0.5,3,43,5,0.355,0.43222222222222223,0.11807418881925809,2,2,1.0,0.0,1.0,0,0,0,0
cifar10,20,2,mixed_maturity,rffl_reputation,dirichlet_lcb,diverse_then_repeat_backdoor,0.5,3,44,5,0.3575,0.2538888888888889,0.10525458894745413,2,2,1.0,0.0,1.0,0,0,0,0
cifar10,20,2,mixed_maturity,rffl_reputation,dirichlet_lcb,diverse_then_repeat_backdoor,0.5,3,45,5,0.3505,0.47,0.10680890679573278,2,2,1.0,0.0,1.0,0,0,0,0
cifar10,20,2,mixed_maturity,rffl_reputation,dirichlet_lcb,diverse_then_repeat_backdoor,0.5,3,46,5,0.332,0.17166666666666666,0.11906381119063808,2,2,1.0,0.0,1.0,0,0,0,0
cifar10,20,2,mixed_maturity,rffl_reputation,dirichlet_lcb,diverse_then_repeat_backdoor,0.5,3,47,5,0.3535,0.42055555555555557,0.11922813000000002,2,2,1.0,0.0,1.0,0,0,0,0
cifar10,20,2,mixed_maturity,rffl_reputation,dirichlet_lcb,diverse_then_repeat_backdoor,0.5,3,48,5,0.351,0.4711111111111111,0.12124635121246352,2,2,1.0,0.0,1.0,0,0,0,0
cifar10,20,2,mixed_maturity,rffl_reputation,dirichlet_lcb,diverse_then_repeat_backdoor,0.5,3,49,5,0.3375,0.44333333333333336,0.12590682,2,2,1.0,0.0,1.0,0,0,0,0
cifar10,20,2,mixed_maturity,rffl_reputation,dirichlet_lcb,diverse_then_repeat_backdoor,0.5,3,50,5,0.3675,0.4955555555555556,0.12402009248040184,2,2,1.0,0.0,1.0,0,0,0,0
cifar10,20,2,mixed_maturity,rffl_reputation,dirichlet_lcb,diverse_then_repeat_backdoor,0.5,4,1,5,0.1175,0.0,0.09999999999999998,2,2,1.0,0.0,1.0,0,0,0,0
cifar10,20,2,mixed_maturity,rffl_reputation,dirichlet_lcb,diverse_then_repeat_backdoor,0.5,4,2,5,0.255,0.09888888888888889,0.09702558097025582,2,2,1.0,0.0,1.0,0,0,0,0
cifar10,20,2,mixed_maturity,rffl_reputation,dirichlet_lcb,diverse_then_repeat_backdoor,0.5,4,3,5,0.268,0.185,0.09844041,2,2,1.0,0.0,1.0,0,0,0,0
cifar10,20,2,mixed_maturity,rffl_reputation,dirichlet_lcb,diverse_then_repeat_backdoor,0.5,4,4,5,0.2505,0.2822222222222222,0.09599221000000001,2,2,1.0,0.0,1.0,0,0,0,0
cifar10,20,2,mixed_maturity,rffl_reputation,dirichlet_lcb,diverse_then_repeat_backdoor,0.5,4,5,5,0.284,0.1288888888888889,0.0884295708842957,2,2,1.0,0.0,1.0,0,0,0,0
cifar10,20,2,mixed_maturity,rffl_reputation,dirichlet_lcb,diverse_then_repeat_backdoor,0.5,4,6,5,0.258,0.07222222222222222,0.09676149806477002,2,2,1.0,0.0,1.0,0,0,0,0
cifar10,20,2,mixed_maturity,rffl_reputation,dirichlet_lcb,diverse_then_repeat_backdoor,0.5,4,7,5,0.2985,0.09277777777777778,0.09799982097999818,2,2,1.0,0.0,1.0,0,0,0,0
cifar10,20,2,mixed_maturity,rffl_reputation,dirichlet_lcb,diverse_then_repeat_backdoor,0.5,4,8,5,0.303,0.29888888888888887,0.09853218,2,2,1.0,0.0,1.0,0,0,0,0
cifar10,20,2,mixed_maturity,rffl_reputation,dirichlet_lcb,diverse_then_repeat_backdoor,0.5,4,9,5,0.31,0.26166666666666666,0.10025677,2,2,1.0,0.0,1.0,0,0,0,0
cifar10,20,2,mixed_maturity,rffl_reputation,dirichlet_lcb,diverse_then_repeat_backdoor,0.5,4,10,5,0.308,0.2088888888888889,0.10107775000000001,2,2,1.0,0.0,1.0,0,0,0,0
cifar10,20,2,mixed_maturity,rffl_reputation,dirichlet_lcb,diverse_then_repeat_backdoor,0.5,4,11,5,0.2425,0.6105555555555555,0.10343466000000001,2,2,1.0,0.0,1.0,0,0,0,0
cifar10,20,2,mixed_maturity,rffl_reputation,dirichlet_lcb,diverse_then_repeat_backdoor,0.5,4,12,5,0.3395,0.26944444444444443,0.10944898328346951,2,2,1.0,0.0,1.0,0,0,0,0
cifar10,20,2,mixed_maturity,rffl_reputation,dirichlet_lcb,diverse_then_repeat_backdoor,0.5,4,13,5,0.3045,0.07722222222222222,0.11358876886411233,2,2,1.0,0.0,1.0,0,0,0,0
cifar10,20,2,mixed_maturity,rffl_reputation,dirichlet_lcb,diverse_then_repeat_backdoor,0.5,4,14,5,0.3325,0.03222222222222222,0.11770559000000001,2,2,1.0,0.0,1.0,0,0,0,0
cifar10,20,2,mixed_maturity,rffl_reputation,dirichlet_lcb,diverse_then_repeat_backdoor,0.5,4,15,5,0.358,0.1411111111111111,0.12818982871810172,2,2,1.0,0.0,1.0,0,0,0,0
cifar10,20,2,mixed_maturity,rffl_reputation,dirichlet_lcb,diverse_then_repeat_backdoor,0.5,4,16,5,0.312,0.1272222222222222,0.1257060312570603,2,2,1.0,0.0,1.0,0,0,0,0
cifar10,20,2,mixed_maturity,rffl_reputation,dirichlet_lcb,diverse_then_repeat_backdoor,0.5,4,17,5,0.3465,0.3288888888888889,0.13278980000000004,2,2,1.0,0.0,1.0,0,0,0,0
cifar10,20,2,mixed_maturity,rffl_reputation,dirichlet_lcb,diverse_then_repeat_backdoor,0.5,4,18,5,0.2735,0.455,0.12840573000000002,2,2,1.0,0.0,1.0,0,0,0,0
cifar10,20,2,mixed_maturity,rffl_reputation,dirichlet_lcb,diverse_then_repeat_backdoor,0.5,4,19,5,0.33,0.1738888888888889,0.13554278,2,2,1.0,0.0,1.0,0,0,0,0
cifar10,20,2,mixed_maturity,rffl_reputation,dirichlet_lcb,diverse_then_repeat_backdoor,0.5,4,20,5,0.33,0.36333333333333334,0.13512403135124032,2,2,1.0,0.0,1.0,0,0,0,0
cifar10,20,2,mixed_maturity,rffl_reputation,dirichlet_lcb,diverse_then_repeat_backdoor,0.5,4,21,5,0.324,0.3522222222222222,0.1308074686919253,2,2,1.0,0.0,1.0,0,0,0,0
cifar10,20,2,mixed_maturity,rffl_reputation,dirichlet_lcb,diverse_then_repeat_backdoor,0.5,4,22,5,0.3505,0.3844444444444444,0.1350197772996045,2,2,1.0,0.0,1.0,0,0,0,0
cifar10,20,2,mixed_maturity,rffl_reputation,dirichlet_lcb,diverse_then_repeat_backdoor,0.5,4,23,5,0.3385,0.48388888888888887,0.13900730721985385,2,2,1.0,0.0,1.0,0,0,0,0
cifar10,20,2,mixed_maturity,rffl_reputation,dirichlet_lcb,diverse_then_repeat_backdoor,0.5,4,24,5,0.3195,0.06277777777777778,0.14387526143875262,2,2,1.0,0.0,1.0,0,0,0,0
cifar10,20,2,mixed_maturity,rffl_reputation,dirichlet_lcb,diverse_then_repeat_backdoor,0.5,4,25,5,0.346,0.39111111111111113,0.1458629,2,2,1.0,0.0,1.0,0,0,0,0
cifar10,20,2,mixed_maturity,rffl_reputation,dirichlet_lcb,diverse_then_repeat_backdoor,0.5,4,26,5,0.2845,0.6355555555555555,0.1511964215119642,2,2,1.0,0.0,1.0,0,0,0,0
cifar10,20,2,mixed_maturity,rffl_reputation,dirichlet_lcb,diverse_then_repeat_backdoor,0.5,4,27,5,0.317,0.16944444444444445,0.1615926783840732,2,2,1.0,0.0,1.0,0,0,0,0
cifar10,20,2,mixed_maturity,rffl_reputation,dirichlet_lcb,diverse_then_repeat_backdoor,0.5,4,28,5,0.3455,0.42277777777777775,0.15307985,2,2,1.0,0.0,1.0,0,0,0,0
cifar10,20,2,mixed_maturity,rffl_reputation,dirichlet_lcb,diverse_then_repeat_backdoor,0.5,4,29,5,0.338,0.4922222222222222,0.15304010999999998,2,2,1.0,0.0,1.0,0,0,0,0
cifar10,20,2,mixed_maturity,rffl_reputation,dirichlet_lcb,diverse_then_repeat_backdoor,0.5,4,30,5,0.294,0.6538888888888889,0.16416157835838424,2,2,1.0,0.0,1.0,0,0,0,0
cifar10,20,2,mixed_maturity,rffl_reputation,dirichlet_lcb,diverse_then_repeat_backdoor,0.5,4,31,5,0.336,0.31277777777777777,0.15860336841396633,2,2,1.0,0.0,1.0,0,0,0,0
cifar10,20,2,mixed_maturity,rffl_reputation,dirichlet_lcb,diverse_then_repeat_backdoor,0.5,4,32,5,0.348,0.25277777777777777,0.16654256,2,2,1.0,0.0,1.0,0,0,0,0
cifar10,20,2,mixed_maturity,rffl_reputation,dirichlet_lcb,diverse_then_repeat_backdoor,0.5,4,33,5,0.3365,0.4411111111111111,0.16987069,2,2,1.0,0.0,1.0,0,0,0,0
cifar10,20,2,mixed_maturity,rffl_reputation,dirichlet_lcb,diverse_then_repeat_backdoor,0.5,4,34,5,0.3445,0.5161111111111111,0.18025685180256854,2,2,1.0,0.0,1.0,0,0,0,0
cifar10,20,2,mixed_maturity,rffl_reputation,dirichlet_lcb,diverse_then_repeat_backdoor,0.5,4,35,5,0.286,0.6816666666666666,0.17378953,2,2,1.0,0.0,1.0,0,0,0,0
cifar10,20,2,mixed_maturity,rffl_reputation,dirichlet_lcb,diverse_then_repeat_backdoor,0.5,4,36,5,0.339,0.3688888888888889,0.17765489177654895,2,2,1.0,0.0,1.0,0,0,0,0
cifar10,20,2,mixed_maturity,rffl_reputation,dirichlet_lcb,diverse_then_repeat_backdoor,0.5,4,37,5,0.3265,0.6222222222222222,0.18123153,2,2,1.0,0.0,1.0,0,0,0,0
cifar10,20,2,mixed_maturity,rffl_reputation,dirichlet_lcb,diverse_then_repeat_backdoor,0.5,4,38,5,0.3355,0.615,0.17916397,2,2,1.0,0.0,1.0,0,0,0,0
cifar10,20,2,mixed_maturity,rffl_reputation,dirichlet_lcb,diverse_then_repeat_backdoor,0.5,4,39,5,0.366,0.5144444444444445,0.16910001830899984,2,2,1.0,0.0,1.0,0,0,0,0
cifar10,20,2,mixed_maturity,rffl_reputation,dirichlet_lcb,diverse_then_repeat_backdoor,0.5,4,40,5,0.3435,0.5383333333333333,0.1626585383734146,2,2,1.0,0.0,1.0,0,0,0,0
cifar10,20,2,mixed_maturity,rffl_reputation,dirichlet_lcb,diverse_then_repeat_backdoor,0.5,4,41,5,0.34,0.6161111111111112,0.17411463825885357,2,2,1.0,0.0,1.0,0,0,0,0
cifar10,20,2,mixed_maturity,rffl_reputation,dirichlet_lcb,diverse_then_repeat_backdoor,0.5,4,42,5,0.3375,0.7844444444444445,0.17623447176234472,2,2,1.0,0.0,1.0,0,0,0,0
cifar10,20,2,mixed_maturity,rffl_reputation,dirichlet_lcb,diverse_then_repeat_backdoor,0.5,4,43,5,0.3065,0.6155555555555555,0.19354928193549278,2,2,1.0,0.0,1.0,0,0,0,0
cifar10,20,2,mixed_maturity,rffl_reputation,dirichlet_lcb,diverse_then_repeat_backdoor,0.5,4,44,5,0.357,0.6122222222222222,0.17743330822566694,2,2,1.0,0.0,1.0,0,0,0,0
cifar10,20,2,mixed_maturity,rffl_reputation,dirichlet_lcb,diverse_then_repeat_backdoor,0.5,4,45,5,0.2875,0.31222222222222223,0.17293295345865908,2,2,1.0,0.0,1.0,0,0,0,0
cifar10,20,2,mixed_maturity,rffl_reputation,dirichlet_lcb,diverse_then_repeat_backdoor,0.5,4,46,5,0.2855,0.8933333333333333,0.16669229166692293,2,2,1.0,0.0,1.0,0,0,0,0
cifar10,20,2,mixed_maturity,rffl_reputation,dirichlet_lcb,diverse_then_repeat_backdoor,0.5,4,47,5,0.316,0.2972222222222222,0.15491920845080792,2,2,1.0,0.0,1.0,0,0,0,0
cifar10,20,2,mixed_maturity,rffl_reputation,dirichlet_lcb,diverse_then_repeat_backdoor,0.5,4,48,5,0.372,0.6383333333333333,0.14733080852669186,2,2,1.0,0.0,1.0,0,0,0,0
cifar10,20,2,mixed_maturity,rffl_reputation,dirichlet_lcb,diverse_then_repeat_backdoor,0.5,4,49,5,0.3265,0.6044444444444445,0.13312521,2,2,1.0,0.0,1.0,0,0,0,0
cifar10,20,2,mixed_maturity,rffl_reputation,dirichlet_lcb,diverse_then_repeat_backdoor,0.5,4,50,5,0.347,0.7866666666666666,0.13104222,2,2,1.0,0.0,1.0,0,0,0,0
cifar10,20,2,mixed_maturity,rffl_reputation,dirichlet_lcb,diverse_then_repeat_backdoor,0.5,5,1,5,0.18,0.5716666666666667,0.09999999999999998,2,2,1.0,0.0,1.0,0,0,0,0
cifar10,20,2,mixed_maturity,rffl_reputation,dirichlet_lcb,diverse_then_repeat_backdoor,0.5,5,2,5,0.191,0.006666666666666667,0.09320349813593003,2,2,1.0,0.0,1.0,0,0,0,0
cifar10,20,2,mixed_maturity,rffl_reputation,dirichlet_lcb,diverse_then_repeat_backdoor,0.5,5,3,5,0.2605,0.11166666666666666,0.08875594,2,2,1.0,0.0,1.0,0,0,0,0
cifar10,20,2,mixed_maturity,rffl_reputation,dirichlet_lcb,diverse_then_repeat_backdoor,0.5,5,4,5,0.288,0.28555555555555556,0.08652079913479202,2,2,1.0,0.0,1.0,0,0,0,0
cifar10,20,2,mixed_maturity,rffl_reputation,dirichlet_lcb,diverse_then_repeat_backdoor,0.5,5,5,5,0.274,0.1338888888888889,0.0878763508787635,2,2,1.0,0.0,1.0,0,0,0,0
cifar10,20,2,mixed_maturity,rffl_reputation,dirichlet_lcb,diverse_then_repeat_backdoor,0.5,5,6,5,0.2765,0.15,0.0813823408138234,2,2,1.0,0.0,1.0,0,0,0,0
cifar10,20,2,mixed_maturity,rffl_reputation,dirichlet_lcb,diverse_then_repeat_backdoor,0.5,5,7,5,0.2875,0.21,0.07266446,2,2,1.0,0.0,1.0,0,0,0,0
cifar10,20,2,mixed_maturity,rffl_reputation,dirichlet_lcb,diverse_then_repeat_backdoor,0.5,5,8,5,0.31,0.029444444444444443,0.0663432606634326,2,2,1.0,0.0,1.0,0,0,0,0
cifar10,20,2,mixed_maturity,rffl_reputation,dirichlet_lcb,diverse_then_repeat_backdoor,0.5,5,9,5,0.2995,0.15055555555555555,0.0646761093532389,2,2,1.0,0.0,1.0,0,0,0,0
cifar10,20,2,mixed_maturity,rffl_reputation,dirichlet_lcb,diverse_then_repeat_backdoor,0.5,5,10,5,0.2925,0.2638888888888889,0.06403405000000001,2,2,1.0,0.0,1.0,0,0,0,0
cifar10,20,2,mixed_maturity,rffl_reputation,dirichlet_lcb,diverse_then_repeat_backdoor,0.5,5,11,5,0.316,0.095,0.07410622074106223,2,2,1.0,0.0,1.0,0,0,0,0
cifar10,20,2,mixed_maturity,rffl_reputation,dirichlet_lcb,diverse_then_repeat_backdoor,0.5,5,12,5,0.315,0.165,0.073825099261749,2,2,1.0,0.0,1.0,0,0,0,0
cifar10,20,2,mixed_maturity,rffl_reputation,dirichlet_lcb,diverse_then_repeat_backdoor,0.5,5,13,5,0.2795,0.20722222222222222,0.0754269107542691,2,2,1.0,0.0,1.0,0,0,0,0
cifar10,20,2,mixed_maturity,rffl_reputation,dirichlet_lcb,diverse_then_repeat_backdoor,0.5,5,14,5,0.289,0.40444444444444444,0.0724764792752352,2,2,1.0,0.0,1.0,0,0,0,0
cifar10,20,2,mixed_maturity,rffl_reputation,dirichlet_lcb,diverse_then_repeat_backdoor,0.5,5,15,5,0.3005,0.19555555555555557,0.08752465000000001,2,2,1.0,0.0,1.0,0,0,0,0
cifar10,20,2,mixed_maturity,rffl_reputation,dirichlet_lcb,diverse_then_repeat_backdoor,0.5,5,16,5,0.319,0.24,0.08677683173553666,2,2,1.0,0.0,1.0,0,0,0,0
cifar10,20,2,mixed_maturity,rffl_reputation,dirichlet_lcb,diverse_then_repeat_backdoor,0.5,5,17,5,0.3155,0.04888888888888889,0.08204214000000001,2,2,1.0,0.0,1.0,0,0,0,0
cifar10,20,2,mixed_maturity,rffl_reputation,dirichlet_lcb,diverse_then_repeat_backdoor,0.5,5,18,5,0.327,0.26611111111111113,0.0750200807502008,2,2,1.0,0.0,1.0,0,0,0,0
cifar10,20,2,mixed_maturity,rffl_reputation,dirichlet_lcb,diverse_then_repeat_backdoor,0.5,5,19,5,0.317,0.115,0.07310879146217583,2,2,1.0,0.0,1.0,0,0,0,0
cifar10,20,2,mixed_maturity,rffl_reputation,dirichlet_lcb,diverse_then_repeat_backdoor,0.5,5,20,5,0.324,0.18666666666666668,0.06856470137129403,2,2,1.0,0.0,1.0,0,0,0,0
cifar10,20,2,mixed_maturity,rffl_reputation,dirichlet_lcb,diverse_then_repeat_backdoor,0.5,5,21,5,0.2875,0.43444444444444447,0.07763839922361601,2,2,1.0,0.0,1.0,0,0,0,0
cifar10,20,2,mixed_maturity,rffl_reputation,dirichlet_lcb,diverse_then_repeat_backdoor,0.5,5,22,5,0.3095,0.2761111111111111,0.08654136259624087,2,2,1.0,0.0,1.0,0,0,0,0
cifar10,20,2,mixed_maturity,rffl_reputation,dirichlet_lcb,diverse_then_repeat_backdoor,0.5,5,23,5,0.312,0.39111111111111113,0.09348122906518769,2,2,1.0,0.0,1.0,0,0,0,0
cifar10,20,2,mixed_maturity,rffl_reputation,dirichlet_lcb,diverse_then_repeat_backdoor,0.5,5,24,5,0.3335,0.3322222222222222,0.09612087096120872,2,2,1.0,0.0,1.0,0,0,0,0
cifar10,20,2,mixed_maturity,rffl_reputation,dirichlet_lcb,diverse_then_repeat_backdoor,0.5,5,25,5,0.3285,0.3005555555555556,0.08581781828364361,2,2,1.0,0.0,1.0,0,0,0,0
cifar10,20,2,mixed_maturity,rffl_reputation,dirichlet_lcb,diverse_then_repeat_backdoor,0.5,5,26,5,0.3375,0.3016666666666667,0.09621345903786543,2,2,1.0,0.0,1.0,0,0,0,0
cifar10,20,2,mixed_maturity,rffl_reputation,dirichlet_lcb,diverse_then_repeat_backdoor,0.5,5,27,5,0.322,0.14944444444444444,0.09426694000000001,2,2,1.0,0.0,1.0,0,0,0,0
cifar10,20,2,mixed_maturity,rffl_reputation,dirichlet_lcb,diverse_then_repeat_backdoor,0.5,5,28,5,0.306,0.31,0.09662150193243002,2,2,1.0,0.0,1.0,0,0,0,0
cifar10,20,2,mixed_maturity,rffl_reputation,dirichlet_lcb,diverse_then_repeat_backdoor,0.5,5,29,5,0.35,0.29333333333333333,0.10539854000000003,2,2,1.0,0.0,1.0,0,0,0,0
cifar10,20,2,mixed_maturity,rffl_reputation,dirichlet_lcb,diverse_then_repeat_backdoor,0.5,5,30,5,0.3345,0.26722222222222225,0.11589456884105433,2,2,1.0,0.0,1.0,0,0,0,0
cifar10,20,2,mixed_maturity,rffl_reputation,dirichlet_lcb,diverse_then_repeat_backdoor,0.5,5,31,5,0.2985,0.2127777777777778,0.11910587,2,2,1.0,0.0,1.0,0,0,0,0
cifar10,20,2,mixed_maturity,rffl_reputation,dirichlet_lcb,diverse_then_repeat_backdoor,0.5,5,32,5,0.329,0.3011111111111111,0.13000370869996292,2,2,1.0,0.0,1.0,0,0,0,0
cifar10,20,2,mixed_maturity,rffl_reputation,dirichlet_lcb,diverse_then_repeat_backdoor,0.5,5,33,5,0.3125,0.18555555555555556,0.13801150138011503,2,2,1.0,0.0,1.0,0,0,0,0
cifar10,20,2,mixed_maturity,rffl_reputation,dirichlet_lcb,diverse_then_repeat_backdoor,0.5,5,34,5,0.3405,0.06944444444444445,0.13259957132599573,2,2,1.0,0.0,1.0,0,0,0,0
cifar10,20,2,mixed_maturity,rffl_reputation,dirichlet_lcb,diverse_then_repeat_backdoor,0.5,5,35,5,0.3375,0.44,0.13762679137626793,2,2,1.0,0.0,1.0,0,0,0,0
cifar10,20,2,mixed_maturity,rffl_reputation,dirichlet_lcb,diverse_then_repeat_backdoor,0.5,5,36,5,0.341,0.27055555555555555,0.13719644137196443,2,2,1.0,0.0,1.0,0,0,0,0
cifar10,20,2,mixed_maturity,rffl_reputation,dirichlet_lcb,diverse_then_repeat_backdoor,0.5,5,37,5,0.31,0.2677777777777778,0.13159664,2,2,1.0,0.0,1.0,0,0,0,0
cifar10,20,2,mixed_maturity,rffl_reputation,dirichlet_lcb,diverse_then_repeat_backdoor,0.5,5,38,5,0.354,0.49722222222222223,0.13709733862902662,2,2,1.0,0.0,1.0,0,0,0,0
cifar10,20,2,mixed_maturity,rffl_reputation,dirichlet_lcb,diverse_then_repeat_backdoor,0.5,5,39,5,0.3435,0.5472222222222223,0.13511109864888904,2,2,1.0,0.0,1.0,0,0,0,0
cifar10,20,2,mixed_maturity,rffl_reputation,dirichlet_lcb,diverse_then_repeat_backdoor,0.5,5,40,5,0.3475,0.35944444444444446,0.1468844085311559,2,2,1.0,0.0,1.0,0,0,0,0
cifar10,20,2,mixed_maturity,rffl_reputation,dirichlet_lcb,diverse_then_repeat_backdoor,0.5,5,41,5,0.352,0.3522222222222222,0.15345066153450662,2,2,1.0,0.0,1.0,0,0,0,0
cifar10,20,2,mixed_maturity,rffl_reputation,dirichlet_lcb,diverse_then_repeat_backdoor,0.5,5,42,5,0.3475,0.4444444444444444,0.16233476837665234,2,2,1.0,0.0,1.0,0,0,0,0
cifar10,20,2,mixed_maturity,rffl_reputation,dirichlet_lcb,diverse_then_repeat_backdoor,0.5,5,43,5,0.36,0.39666666666666667,0.16414041999999998,2,2,1.0,0.0,1.0,0,0,0,0
cifar10,20,2,mixed_maturity,rffl_reputation,dirichlet_lcb,diverse_then_repeat_backdoor,0.5,5,44,5,0.3515,0.6477777777777778,0.17330095173300955,2,2,1.0,0.0,1.0,0,0,0,0
cifar10,20,2,mixed_maturity,rffl_reputation,dirichlet_lcb,diverse_then_repeat_backdoor,0.5,5,45,5,0.3305,0.48833333333333334,0.18762887187628874,2,2,1.0,0.0,1.0,0,0,0,0
cifar10,20,2,mixed_maturity,rffl_reputation,dirichlet_lcb,diverse_then_repeat_backdoor,0.5,5,46,5,0.323,0.6755555555555556,0.1962950519629505,2,2,1.0,0.0,1.0,0,0,0,0
cifar10,20,2,mixed_maturity,rffl_reputation,dirichlet_lcb,diverse_then_repeat_backdoor,0.5,5,47,5,0.3275,0.6788888888888889,0.19888249198882496,2,2,1.0,0.0,1.0,0,0,0,0
cifar10,20,2,mixed_maturity,rffl_reputation,dirichlet_lcb,diverse_then_repeat_backdoor,0.5,5,48,5,0.283,0.47555555555555556,0.21086042000000002,2,2,1.0,0.0,1.0,0,0,0,0
cifar10,20,2,mixed_maturity,rffl_reputation,dirichlet_lcb,diverse_then_repeat_backdoor,0.5,5,49,5,0.3485,0.6011111111111112,0.2119098578809014,2,2,1.0,0.0,1.0,0,0,0,0
cifar10,20,2,mixed_maturity,rffl_reputation,dirichlet_lcb,diverse_then_repeat_backdoor,0.5,5,50,5,0.332,0.7661111111111111,0.17586839472394813,2,2,1.0,0.0,1.0,0,0,0,0
cifar10,20,2,mixed_maturity,rffl_reputation,dirichlet_lcb,diverse_then_repeat_backdoor,0.5,6,1,5,0.107,0.96,0.09999999999999998,2,2,1.0,0.0,1.0,0,0,0,0
cifar10,20,2,mixed_maturity,rffl_reputation,dirichlet_lcb,diverse_then_repeat_backdoor,0.5,6,2,5,0.1875,0.0,0.10240132102401323,2,2,1.0,0.0,1.0,0,0,0,0
cifar10,20,2,mixed_maturity,rffl_reputation,dirichlet_lcb,diverse_then_repeat_backdoor,0.5,6,3,5,0.233,0.07222222222222222,0.09943115999999999,2,2,1.0,0.0,1.0,0,0,0,0
cifar10,20,2,mixed_maturity,rffl_reputation,dirichlet_lcb,diverse_then_repeat_backdoor,0.5,6,4,5,0.222,0.20777777777777778,0.10584809105848092,2,2,1.0,0.0,1.0,0,0,0,0
cifar10,20,2,mixed_maturity,rffl_reputation,dirichlet_lcb,diverse_then_repeat_backdoor,0.5,6,5,5,0.268,0.25222222222222224,0.10083142201662844,2,2,1.0,0.0,1.0,0,0,0,0
cifar10,20,2,mixed_maturity,rffl_reputation,dirichlet_lcb,diverse_then_repeat_backdoor,0.5,6,6,5,0.275,0.006111111111111111,0.09858457,2,2,1.0,0.0,1.0,0,0,0,0
cifar10,20,2,mixed_maturity,rffl_reputation,dirichlet_lcb,diverse_then_repeat_backdoor,0.5,6,7,5,0.2925,0.11666666666666667,0.0916299827488995,2,2,1.0,0.0,1.0,0,0,0,0
cifar10,20,2,mixed_maturity,rffl_reputation,dirichlet_lcb,diverse_then_repeat_backdoor,0.5,6,8,5,0.2565,0.2911111111111111,0.08956021,2,2,1.0,0.0,1.0,0,0,0,0
cifar10,20,2,mixed_maturity,rffl_reputation,dirichlet_lcb,diverse_then_repeat_backdoor,0.5,6,9,5,0.2845,0.011666666666666667,0.086930500869305,2,2,1.0,0.0,1.0,0,0,0,0
cifar10,20,2,mixed_maturity,rffl_reputation,dirichlet_lcb,diverse_then_repeat_backdoor,0.5,6,10,5,0.2905,0.11666666666666667,0.0713005892869941,2,2,1.0,0.0,1.0,0,0,0,0
cifar10,20,2,mixed_maturity,rffl_reputation,dirichlet_lcb,diverse_then_repeat_backdoor,0.5,6,11,5,0.2745,0.0011111111111111111,0.06672055,2,2,1.0,0.0,1.0,0,0,0,0
cifar10,20,2,mixed_maturity,rffl_reputation,dirichlet_lcb,diverse_then_repeat_backdoor,0.5,6,12,5,0.3155,0.245,0.0825847608258476,2,2,1.0,0.0,1.0,0,0,0,0
cifar10,20,2,mixed_maturity,rffl_reputation,dirichlet_lcb,diverse_then_repeat_backdoor,0.5,6,13,5,0.295,0.10722222222222222,0.08999001,2,2,1.0,0.0,1.0,0,0,0,0
cifar10,20,2,mixed_maturity,rffl_reputation,dirichlet_lcb,diverse_then_repeat_backdoor,0.5,6,14,5,0.2965,0.21055555555555555,0.09185817000000002,2,2,1.0,0.0,1.0,0,0,0,0
cifar10,20,2,mixed_maturity,rffl_reputation,dirichlet_lcb,diverse_then_repeat_backdoor,0.5,6,15,5,0.292,0.3705555555555556,0.09783794097837943,2,2,1.0,0.0,1.0,0,0,0,0
cifar10,20,2,mixed_maturity,rffl_reputation,dirichlet_lcb,diverse_then_repeat_backdoor,0.5,6,16,5,0.318,0.06277777777777778,0.10248123,2,2,1.0,0.0,1.0,0,0,0,0
cifar10,20,2,mixed_maturity,rffl_reputation,dirichlet_lcb,diverse_then_repeat_backdoor,0.5,6,17,5,0.343,0.04833333333333333,0.10967628999999997,2,2,1.0,0.0,1.0,0,0,0,0
cifar10,20,2,mixed_maturity,rffl_reputation,dirichlet_lcb,diverse_then_repeat_backdoor,0.5,6,18,5,0.3185,0.09777777777777778,0.11740897234817946,2,2,1.0,0.0,1.0,0,0,0,0
cifar10,20,2,mixed_maturity,rffl_reputation,dirichlet_lcb,diverse_then_repeat_backdoor,0.5,6,19,5,0.322,0.25333333333333335,0.1114374588856254,2,2,1.0,0.0,1.0,0,0,0,0
cifar10,20,2,mixed_maturity,rffl_reputation,dirichlet_lcb,diverse_then_repeat_backdoor,0.5,6,20,5,0.3135,0.42388888888888887,0.11733696234673924,2,2,1.0,0.0,1.0,0,0,0,0
cifar10,20,2,mixed_maturity,rffl_reputation,dirichlet_lcb,diverse_then_repeat_backdoor,0.5,6,21,5,0.2905,0.17055555555555554,0.12171679999999999,2,2,1.0,0.0,1.0,0,0,0,0
cifar10,20,2,mixed_maturity,rffl_reputation,dirichlet_lcb,diverse_then_repeat_backdoor,0.5,6,22,5,0.315,0.17944444444444443,0.12065486,2,2,1.0,0.0,1.0,0,0,0,0
cifar10,20,2,mixed_maturity,rffl_reputation,dirichlet_lcb,diverse_then_repeat_backdoor,0.5,6,23,5,0.3395,0.2722222222222222,0.11031522330945667,2,2,1.0,0.0,1.0,0,0,0,0
cifar10,20,2,mixed_maturity,rffl_reputation,dirichlet_lcb,diverse_then_repeat_backdoor,0.5,6,24,5,0.3375,0.07666666666666666,0.11278512112785119,2,2,1.0,0.0,1.0,0,0,0,0
cifar10,20,2,mixed_maturity,rffl_reputation,dirichlet_lcb,diverse_then_repeat_backdoor,0.5,6,25,5,0.353,0.2238888888888889,0.10839045891609542,2,2,1.0,0.0,1.0,0,0,0,0
cifar10,20,2,mixed_maturity,rffl_reputation,dirichlet_lcb,diverse_then_repeat_backdoor,0.5,6,26,5,0.305,0.58,0.10864941108649412,2,2,1.0,0.0,1.0,0,0,0,0
cifar10,20,2,mixed_maturity,rffl_reputation,dirichlet_lcb,diverse_then_repeat_backdoor,0.5,6,27,5,0.3125,0.10666666666666667,0.11682215116822155,2,2,1.0,0.0,1.0,0,0,0,0
cifar10,20,2,mixed_maturity,rffl_reputation,dirichlet_lcb,diverse_then_repeat_backdoor,0.5,6,28,5,0.336,0.31666666666666665,0.11347766999999997,2,2,1.0,0.0,1.0,0,0,0,0
cifar10,20,2,mixed_maturity,rffl_reputation,dirichlet_lcb,diverse_then_repeat_backdoor,0.5,6,29,5,0.3475,0.42833333333333334,0.12079299,2,2,1.0,0.0,1.0,0,0,0,0
cifar10,20,2,mixed_maturity,rffl_reputation,dirichlet_lcb,diverse_then_repeat_backdoor,0.5,6,30,5,0.3305,0.09055555555555556,0.12202062244041245,2,2,1.0,0.0,1.0,0,0,0,0
cifar10,20,2,mixed_maturity,rffl_reputation,dirichlet_lcb,diverse_then_repeat_backdoor,0.5,6,31,5,0.3055,0.5083333333333333,0.12024524759509503,2,2,1.0,0.0,1.0,0,0,0,0
cifar10,20,2,mixed_maturity,rffl_reputation,dirichlet_lcb,diverse_then_repeat_backdoor,0.5,6,32,5,0.3085,0.08944444444444444,0.12598972874010272,2,2,1.0,0.0,1.0,0,0,0,0
cifar10,20,2,mixed_maturity,rffl_reputation,dirichlet_lcb,diverse_then_repeat_backdoor,0.5,6,33,5,0.293,0.345,0.11978306999999998,2,2,1.0,0.0,1.0,0,0,0,0
cifar10,20,2,mixed_maturity,rffl_reputation,dirichlet_lcb,diverse_then_repeat_backdoor,0.5,6,34,5,0.357,0.3055555555555556,0.11121618111216182,2,2,1.0,0.0,1.0,0,0,0,0
cifar10,20,2,mixed_maturity,rffl_reputation,dirichlet_lcb,diverse_then_repeat_backdoor,0.5,6,35,5,0.339,0.17166666666666666,0.10274186794516263,2,2,1.0,0.0,1.0,0,0,0,0
cifar10,20,2,mixed_maturity,rffl_reputation,dirichlet_lcb,diverse_then_repeat_backdoor,0.5,6,36,5,0.337,0.3061111111111111,0.11679620999999998,2,2,1.0,0.0,1.0,0,0,0,0
cifar10,20,2,mixed_maturity,rffl_reputation,dirichlet_lcb,diverse_then_repeat_backdoor,0.5,6,37,5,0.34,0.5472222222222223,0.10290007897099922,2,2,1.0,0.0,1.0,0,0,0,0
cifar10,20,2,mixed_maturity,rffl_reputation,dirichlet_lcb,diverse_then_repeat_backdoor,0.5,6,38,5,0.373,0.2627777777777778,0.10347537896524622,2,2,1.0,0.0,1.0,0,0,0,0
cifar10,20,2,mixed_maturity,rffl_reputation,dirichlet_lcb,diverse_then_repeat_backdoor,0.5,6,39,5,0.342,0.20444444444444446,0.10193027101930272,2,2,1.0,0.0,1.0,0,0,0,0
cifar10,20,2,mixed_maturity,rffl_reputation,dirichlet_lcb,diverse_then_repeat_backdoor,0.5,6,40,5,0.341,0.3022222222222222,0.1128052411280524,2,2,1.0,0.0,1.0,0,0,0,0
cifar10,20,2,mixed_maturity,rffl_reputation,dirichlet_lcb,diverse_then_repeat_backdoor,0.5,6,41,5,0.34,0.13055555555555556,0.11434680228693606,2,2,1.0,0.0,1.0,0,0,0,0
cifar10,20,2,mixed_maturity,rffl_reputation,dirichlet_lcb,diverse_then_repeat_backdoor,0.5,6,42,5,0.3265,0.46444444444444444,0.11057327889426719,2,2,1.0,0.0,1.0,0,0,0,0
cifar10,20,2,mixed_maturity,rffl_reputation,dirichlet_lcb,diverse_then_repeat_backdoor,0.5,6,43,5,0.318,0.2311111111111111,0.11772892000000001,2,2,1.0,0.0,1.0,0,0,0,0
cifar10,20,2,mixed_maturity,rffl_reputation,dirichlet_lcb,diverse_then_repeat_backdoor,0.5,6,44,5,0.3285,0.32055555555555554,0.12249206999999998,2,2,1.0,0.0,1.0,0,0,0,0
cifar10,20,2,mixed_maturity,rffl_reputation,dirichlet_lcb,diverse_then_repeat_backdoor,0.5,6,45,5,0.357,0.6305555555555555,0.13114119,2,2,1.0,0.0,1.0,0,0,0,0
cifar10,20,2,mixed_maturity,rffl_reputation,dirichlet_lcb,diverse_then_repeat_backdoor,0.5,6,46,5,0.319,0.4533333333333333,0.12826114,2,2,1.0,0.0,1.0,0,0,0,0
cifar10,20,2,mixed_maturity,rffl_reputation,dirichlet_lcb,diverse_then_repeat_backdoor,0.5,6,47,5,0.351,0.49666666666666665,0.11596825000000001,2,2,1.0,0.0,1.0,0,0,0,0
cifar10,20,2,mixed_maturity,rffl_reputation,dirichlet_lcb,diverse_then_repeat_backdoor,0.5,6,48,5,0.321,0.43166666666666664,0.11023771889762284,2,2,1.0,0.0,1.0,0,0,0,0
cifar10,20,2,mixed_maturity,rffl_reputation,dirichlet_lcb,diverse_then_repeat_backdoor,0.5,6,49,5,0.34,0.5794444444444444,0.10586557211731144,2,2,1.0,0.0,1.0,0,0,0,0
cifar10,20,2,mixed_maturity,rffl_reputation,dirichlet_lcb,diverse_then_repeat_backdoor,0.5,6,50,5,0.3625,0.5372222222222223,0.1173075688269243,2,2,1.0,0.0,1.0,0,0,0,0
cifar10,20,2,mixed_maturity,rffl_reputation,dirichlet_lcb,diverse_then_repeat_backdoor,0.5,7,1,5,0.164,0.0,0.09999999999999998,2,2,1.0,0.0,1.0,0,0,0,0
cifar10,20,2,mixed_maturity,rffl_reputation,dirichlet_lcb,diverse_then_repeat_backdoor,0.5,7,2,5,0.197,0.0044444444444444444,0.10347954206959083,2,2,1.0,0.0,1.0,0,0,0,0
cifar10,20,2,mixed_maturity,rffl_reputation,dirichlet_lcb,diverse_then_repeat_backdoor,0.5,7,3,5,0.2655,0.10111111111111111,0.1011142710111427,2,2,1.0,0.0,1.0,0,0,0,0
cifar10,20,2,mixed_maturity,rffl_reputation,dirichlet_lcb,diverse_then_repeat_backdoor,0.5,7,4,5,0.2655,0.06333333333333334,0.10859716000000003,2,2,1.0,0.0,1.0,0,0,0,0
cifar10,20,2,mixed_maturity,rffl_reputation,dirichlet_lcb,diverse_then_repeat_backdoor,0.5,7,5,5,0.2445,0.009444444444444445,0.10962019109620193,2,2,1.0,0.0,1.0,0,0,0,0
cifar10,20,2,mixed_maturity,rffl_reputation,dirichlet_lcb,diverse_then_repeat_backdoor,0.5,7,6,5,0.2545,0.09944444444444445,0.11115766,2,2,1.0,0.0,1.0,0,0,0,0
cifar10,20,2,mixed_maturity,rffl_reputation,dirichlet_lcb,diverse_then_repeat_backdoor,0.5,7,7,5,0.266,0.4033333333333333,0.10597246,2,2,1.0,0.0,1.0,0,0,0,0
cifar10,20,2,mixed_maturity,rffl_reputation,dirichlet_lcb,diverse_then_repeat_backdoor,0.5,7,8,5,0.2845,0.11722222222222223,0.1110957511109575,2,2,1.0,0.0,1.0,0,0,0,0
cifar10,20,2,mixed_maturity,rffl_reputation,dirichlet_lcb,diverse_then_repeat_backdoor,0.5,7,9,5,0.311,0.007222222222222222,0.11112143222242865,2,2,1.0,0.0,1.0,0,0,0,0
cifar10,20,2,mixed_maturity,rffl_reputation,dirichlet_lcb,diverse_then_repeat_backdoor,0.5,7,10,5,0.33,0.24833333333333332,0.0986003390139966,2,2,1.0,0.0,1.0,0,0,0,0
cifar10,20,2,mixed_maturity,rffl_reputation,dirichlet_lcb,diverse_then_repeat_backdoor,0.5,7,11,5,0.3225,0.017777777777777778,0.09843175196863505,2,2,1.0,0.0,1.0,0,0,0,0
cifar10,20,2,mixed_maturity,rffl_reputation,dirichlet_lcb,diverse_then_repeat_backdoor,0.5,7,12,5,0.337,0.16666666666666666,0.09747240097472401,2,2,1.0,0.0,1.0,0,0,0,0
cifar10,20,2,mixed_maturity,rffl_reputation,dirichlet_lcb,diverse_then_repeat_backdoor,0.5,7,13,5,0.3165,0.16555555555555557,0.1095940489040595,2,2,1.0,0.0,1.0,0,0,0,0
cifar10,20,2,mixed_maturity,rffl_reputation,dirichlet_lcb,diverse_then_repeat_backdoor,0.5,7,14,5,0.3115,0.2561111111111111,0.10845316783093666,2,2,1.0,0.0,1.0,0,0,0,0
cifar10,20,2,mixed_maturity,rffl_reputation,dirichlet_lcb,diverse_then_repeat_backdoor,0.5,7,15,5,0.278,0.27055555555555555,0.1064976110649761,2,2,1.0,0.0,1.0,0,0,0,0
cifar10,20,2,mixed_maturity,rffl_reputation,dirichlet_lcb,diverse_then_repeat_backdoor,0.5,7,16,5,0.2965,0.21166666666666667,0.1046334910463349,2,2,1.0,0.0,1.0,0,0,0,0
cifar10,20,2,mixed_maturity,rffl_reputation,dirichlet_lcb,diverse_then_repeat_backdoor,0.5,7,17,5,0.3215,0.1,0.10445127000000001,2,2,1.0,0.0,1.0,0,0,0,0
cifar10,20,2,mixed_maturity,rffl_reputation,dirichlet_lcb,diverse_then_repeat_backdoor,0.5,7,18,5,0.299,0.47555555555555556,0.11284555887154442,2,2,1.0,0.0,1.0,0,0,0,0
cifar10,20,2,mixed_maturity,rffl_reputation,dirichlet_lcb,diverse_then_repeat_backdoor,0.5,7,19,5,0.3255,0.13722222222222222,0.11685045000000001,2,2,1.0,0.0,1.0,0,0,0,0
cifar10,20,2,mixed_maturity,rffl_reputation,dirichlet_lcb,diverse_then_repeat_backdoor,0.5,7,20,5,0.339,0.1922222222222222,0.09916874198337483,2,2,1.0,0.0,1.0,0,0,0,0
cifar10,20,2,mixed_maturity,rffl_reputation,dirichlet_lcb,diverse_then_repeat_backdoor,0.5,7,21,5,0.326,0.38666666666666666,0.09993344199866885,2,2,1.0,0.0,1.0,0,0,0,0
cifar10,20,2,mixed_maturity,rffl_reputation,dirichlet_lcb,diverse_then_repeat_backdoor,0.5,7,22,5,0.325,0.08,0.12036497759270044,2,2,1.0,0.0,1.0,0,0,0,0
cifar10,20,2,mixed_maturity,rffl_reputation,dirichlet_lcb,diverse_then_repeat_backdoor,0.5,7,23,5,0.352,0.3194444444444444,0.097539700975397,2,2,1.0,0.0,1.0,0,0,0,0
cifar10,20,2,mixed_maturity,rffl_reputation,dirichlet_lcb,diverse_then_repeat_backdoor,0.5,7,24,5,0.3515,0.19722222222222222,0.11227625,2,2,1.0,0.0,1.0,0,0,0,0
cifar10,20,2,mixed_maturity,rffl_reputation,dirichlet_lcb,diverse_then_repeat_backdoor,0.5,7,25,5,0.323,0.12055555555555555,0.12898384128983842,2,2,1.0,0.0,1.0,0,0,0,0
cifar10,20,2,mixed_maturity,rffl_reputation,dirichlet_lcb,diverse_then_repeat_backdoor,0.5,7,26,5,0.3605,0.2733333333333333,0.13093972738120543,2,2,1.0,0.0,1.0,0,0,0,0
cifar10,20,2,mixed_maturity,rffl_reputation,dirichlet_lcb,diverse_then_repeat_backdoor,0.5,7,27,5,0.339,0.2816666666666667,0.1398559558043213,2,2,1.0,0.0,1.0,0,0,0,0
cifar10,20,2,mixed_maturity,rffl_reputation,dirichlet_lcb,diverse_then_repeat_backdoor,0.5,7,28,5,0.311,0.4038888888888889,0.13905884721882306,2,2,1.0,0.0,1.0,0,0,0,0
cifar10,20,2,mixed_maturity,rffl_reputation,dirichlet_lcb,diverse_then_repeat_backdoor,0.5,7,29,5,0.3175,0.39,0.1433074271338515,2,2,1.0,0.0,1.0,0,0,0,0
cifar10,20,2,mixed_maturity,rffl_reputation,dirichlet_lcb,diverse_then_repeat_backdoor,0.5,7,30,5,0.3025,0.215,0.12475101750497965,2,2,1.0,0.0,1.0,0,0,0,0
cifar10,20,2,mixed_maturity,rffl_reputation,dirichlet_lcb,diverse_then_repeat_backdoor,0.5,7,31,5,0.3055,0.4722222222222222,0.1239244912392449,2,2,1.0,0.0,1.0,0,0,0,0
cifar10,20,2,mixed_maturity,rffl_reputation,dirichlet_lcb,diverse_then_repeat_backdoor,0.5,7,32,5,0.342,0.22166666666666668,0.13899285277985707,2,2,1.0,0.0,1.0,0,0,0,0
cifar10,20,2,mixed_maturity,rffl_reputation,dirichlet_lcb,diverse_then_repeat_backdoor,0.5,7,33,5,0.3255,0.41388888888888886,0.1449192885508071,2,2,1.0,0.0,1.0,0,0,0,0
cifar10,20,2,mixed_maturity,rffl_reputation,dirichlet_lcb,diverse_then_repeat_backdoor,0.5,7,34,5,0.339,0.13555555555555557,0.15987962,2,2,1.0,0.0,1.0,0,0,0,0
cifar10,20,2,mixed_maturity,rffl_reputation,dirichlet_lcb,diverse_then_repeat_backdoor,0.5,7,35,5,0.372,0.44055555555555553,0.15326839846731602,2,2,1.0,0.0,1.0,0,0,0,0
cifar10,20,2,mixed_maturity,rffl_reputation,dirichlet_lcb,diverse_then_repeat_backdoor,0.5,7,36,5,0.3605,0.3672222222222222,0.16605230498156912,2,2,1.0,0.0,1.0,0,0,0,0
cifar10,20,2,mixed_maturity,rffl_reputation,dirichlet_lcb,diverse_then_repeat_backdoor,0.5,7,37,5,0.3365,0.17,0.16209975000000001,2,2,1.0,0.0,1.0,0,0,0,0
cifar10,20,2,mixed_maturity,rffl_reputation,dirichlet_lcb,diverse_then_repeat_backdoor,0.5,7,38,5,0.37,0.4444444444444444,0.16353776163537764,2,2,1.0,0.0,1.0,0,0,0,0
cifar10,20,2,mixed_maturity,rffl_reputation,dirichlet_lcb,diverse_then_repeat_backdoor,0.5,7,39,5,0.366,0.39222222222222225,0.18083042180830425,2,2,1.0,0.0,1.0,0,0,0,0
cifar10,20,2,mixed_maturity,rffl_reputation,dirichlet_lcb,diverse_then_repeat_backdoor,0.5,7,40,5,0.3,0.7188888888888889,0.17929932,2,2,1.0,0.0,1.0,0,0,0,0
cifar10,20,2,mixed_maturity,rffl_reputation,dirichlet_lcb,diverse_then_repeat_backdoor,0.5,7,41,5,0.3725,0.4027777777777778,0.19405362999999992,2,2,1.0,0.0,1.0,0,0,0,0
cifar10,20,2,mixed_maturity,rffl_reputation,dirichlet_lcb,diverse_then_repeat_backdoor,0.5,7,42,5,0.341,0.34833333333333333,0.18440267,2,2,1.0,0.0,1.0,0,0,0,0
cifar10,20,2,mixed_maturity,rffl_reputation,dirichlet_lcb,diverse_then_repeat_backdoor,0.5,7,43,5,0.3285,0.4722222222222222,0.18392500183925004,2,2,1.0,0.0,1.0,0,0,0,0
cifar10,20,2,mixed_maturity,rffl_reputation,dirichlet_lcb,diverse_then_repeat_backdoor,0.5,7,44,5,0.345,0.5622222222222222,0.18827257811727421,2,2,1.0,0.0,1.0,0,0,0,0
cifar10,20,2,mixed_maturity,rffl_reputation,dirichlet_lcb,diverse_then_repeat_backdoor,0.5,7,45,5,0.3415,0.6577777777777778,0.18799156,2,2,1.0,0.0,1.0,0,0,0,0
cifar10,20,2,mixed_maturity,rffl_reputation,dirichlet_lcb,diverse_then_repeat_backdoor,0.5,7,46,5,0.303,0.38222222222222224,0.17765985000000004,2,2,1.0,0.0,1.0,0,0,0,0
cifar10,20,2,mixed_maturity,rffl_reputation,dirichlet_lcb,diverse_then_repeat_backdoor,0.5,7,47,5,0.3195,0.7983333333333333,0.18324790000000002,2,2,1.0,0.0,1.0,0,0,0,0
cifar10,20,2,mixed_maturity,rffl_reputation,dirichlet_lcb,diverse_then_repeat_backdoor,0.5,7,48,5,0.342,0.6644444444444444,0.18712029000000005,2,2,1.0,0.0,1.0,0,0,0,0
cifar10,20,2,mixed_maturity,rffl_reputation,dirichlet_lcb,diverse_then_repeat_backdoor,0.5,7,49,5,0.3195,0.6177777777777778,0.19618005392360105,2,2,1.0,0.0,1.0,0,0,0,0
cifar10,20,2,mixed_maturity,rffl_reputation,dirichlet_lcb,diverse_then_repeat_backdoor,0.5,7,50,5,0.3015,0.44333333333333336,0.1999790639995813,2,2,1.0,0.0,1.0,0,0,0,0
cifar10,20,2,mixed_maturity,rffl_reputation,dirichlet_lcb,diverse_then_repeat_backdoor,0.5,8,1,5,0.1,0.9938888888888889,0.09999999999999998,2,2,1.0,0.0,1.0,0,0,0,0
cifar10,20,2,mixed_maturity,rffl_reputation,dirichlet_lcb,diverse_then_repeat_backdoor,0.5,8,2,5,0.2085,0.0,0.09526218999999997,2,2,1.0,0.0,1.0,0,0,0,0
cifar10,20,2,mixed_maturity,rffl_reputation,dirichlet_lcb,diverse_then_repeat_backdoor,0.5,8,3,5,0.2435,0.18,0.09650391,2,2,1.0,0.0,1.0,0,0,0,0
cifar10,20,2,mixed_maturity,rffl_reputation,dirichlet_lcb,diverse_then_repeat_backdoor,0.5,8,4,5,0.2475,0.16277777777777777,0.0960406309604063,2,2,1.0,0.0,1.0,0,0,0,0
cifar10,20,2,mixed_maturity,rffl_reputation,dirichlet_lcb,diverse_then_repeat_backdoor,0.5,8,5,5,0.271,0.15666666666666668,0.1056114410561144,2,2,1.0,0.0,1.0,0,0,0,0
cifar10,20,2,mixed_maturity,rffl_reputation,dirichlet_lcb,diverse_then_repeat_backdoor,0.5,8,6,5,0.273,0.10888888888888888,0.10065901301977039,2,2,1.0,0.0,1.0,0,0,0,0
cifar10,20,2,mixed_maturity,rffl_reputation,dirichlet_lcb,diverse_then_repeat_backdoor,0.5,8,7,5,0.297,0.04,0.09408011094080111,2,2,1.0,0.0,1.0,0,0,0,0
cifar10,20,2,mixed_maturity,rffl_reputation,dirichlet_lcb,diverse_then_repeat_backdoor,0.5,8,8,5,0.2835,0.13444444444444445,0.09576020808479585,2,2,1.0,0.0,1.0,0,0,0,0
cifar10,20,2,mixed_maturity,rffl_reputation,dirichlet_lcb,diverse_then_repeat_backdoor,0.5,8,9,5,0.2975,0.006666666666666667,0.10566146211322926,2,2,1.0,0.0,1.0,0,0,0,0
cifar10,20,2,mixed_maturity,rffl_reputation,dirichlet_lcb,diverse_then_repeat_backdoor,0.5,8,10,5,0.2615,0.03888888888888889,0.1000551210005512,2,2,1.0,0.0,1.0,0,0,0,0
cifar10,20,2,mixed_maturity,rffl_reputation,dirichlet_lcb,diverse_then_repeat_backdoor,0.5,8,11,5,0.3195,0.1338888888888889,0.11043327999999997,2,2,1.0,0.0,1.0,0,0,0,0
cifar10,20,2,mixed_maturity,rffl_reputation,dirichlet_lcb,diverse_then_repeat_backdoor,0.5,8,12,5,0.267,0.5005555555555555,0.11885156118851561,2,2,1.0,0.0,1.0,0,0,0,0
cifar10,20,2,mixed_maturity,rffl_reputation,dirichlet_lcb,diverse_then_repeat_backdoor,0.5,8,13,5,0.323,0.09055555555555556,0.12036461000000001,2,2,1.0,0.0,1.0,0,0,0,0
cifar10,20,2,mixed_maturity,rffl_reputation,dirichlet_lcb,diverse_then_repeat_backdoor,0.5,8,14,5,0.286,0.255,0.12061935241238703,2,2,1.0,0.0,1.0,0,0,0,0
cifar10,20,2,mixed_maturity,rffl_reputation,dirichlet_lcb,diverse_then_repeat_backdoor,0.5,8,15,5,0.3075,0.105,0.13585732135857323,2,2,1.0,0.0,1.0,0,0,0,0
cifar10,20,2,mixed_maturity,rffl_reputation,dirichlet_lcb,diverse_then_repeat_backdoor,0.5,8,16,5,0.2955,0.11388888888888889,0.14241965000000004,2,2,1.0,0.0,1.0,0,0,0,0
cifar10,20,2,mixed_maturity,rffl_reputation,dirichlet_lcb,diverse_then_repeat_backdoor,0.5,8,17,5,0.3145,0.24166666666666667,0.14597815854021842,2,2,1.0,0.0,1.0,0,0,0,0
cifar10,20,2,mixed_maturity,rffl_reputation,dirichlet_lcb,diverse_then_repeat_backdoor,0.5,8,18,5,0.3275,0.2772222222222222,0.1488498714884987,2,2,1.0,0.0,1.0,0,0,0,0
cifar10,20,2,mixed_maturity,rffl_reputation,dirichlet_lcb,diverse_then_repeat_backdoor,0.5,8,19,5,0.275,0.26611111111111113,0.14450399289007987,2,2,1.0,0.0,1.0,0,0,0,0
cifar10,20,2,mixed_maturity,rffl_reputation,dirichlet_lcb,diverse_then_repeat_backdoor,0.5,8,20,5,0.3215,0.21222222222222223,0.15817372000000002,2,2,1.0,0.0,1.0,0,0,0,0
cifar10,20,2,mixed_maturity,rffl_reputation,dirichlet_lcb,diverse_then_repeat_backdoor,0.5,8,21,5,0.2695,0.5994444444444444,0.14741465442243962,2,2,1.0,0.0,1.0,0,0,0,0
cifar10,20,2,mixed_maturity,rffl_reputation,dirichlet_lcb,diverse_then_repeat_backdoor,0.5,8,22,5,0.3285,0.21333333333333335,0.1563197584368024,2,2,1.0,0.0,1.0,0,0,0,0
cifar10,20,2,mixed_maturity,rffl_reputation,dirichlet_lcb,diverse_then_repeat_backdoor,0.5,8,23,5,0.2995,0.3616666666666667,0.15937462159374619,2,2,1.0,0.0,1.0,0,0,0,0
cifar10,20,2,mixed_maturity,rffl_reputation,dirichlet_lcb,diverse_then_repeat_backdoor,0.5,8,24,5,0.3445,0.25,0.16681025333620508,2,2,1.0,0.0,1.0,0,0,0,0
cifar10,20,2,mixed_maturity,rffl_reputation,dirichlet_lcb,diverse_then_repeat_backdoor,0.5,8,25,5,0.314,0.365,0.16568836668623263,2,2,1.0,0.0,1.0,0,0,0,0
cifar10,20,2,mixed_maturity,rffl_reputation,dirichlet_lcb,diverse_then_repeat_backdoor,0.5,8,26,5,0.308,0.4533333333333333,0.15966498,2,2,1.0,0.0,1.0,0,0,0,0
cifar10,20,2,mixed_maturity,rffl_reputation,dirichlet_lcb,diverse_then_repeat_backdoor,0.5,8,27,5,0.28,0.57,0.14976564149765642,2,2,1.0,0.0,1.0,0,0,0,0
cifar10,20,2,mixed_maturity,rffl_reputation,dirichlet_lcb,diverse_then_repeat_backdoor,0.5,8,28,5,0.332,0.5966666666666667,0.14934643,2,2,1.0,0.0,1.0,0,0,0,0
cifar10,20,2,mixed_maturity,rffl_reputation,dirichlet_lcb,diverse_then_repeat_backdoor,0.5,8,29,5,0.3245,0.2683333333333333,0.1566494084335059,2,2,1.0,0.0,1.0,0,0,0,0
cifar10,20,2,mixed_maturity,rffl_reputation,dirichlet_lcb,diverse_then_repeat_backdoor,0.5,8,30,5,0.3435,0.6172222222222222,0.15815204683695908,2,2,1.0,0.0,1.0,0,0,0,0
cifar10,20,2,mixed_maturity,rffl_reputation,dirichlet_lcb,diverse_then_repeat_backdoor,0.5,8,31,5,0.337,0.7116666666666667,0.1628294916282949,2,2,1.0,0.0,1.0,0,0,0,0
cifar10,20,2,mixed_maturity,rffl_reputation,dirichlet_lcb,diverse_then_repeat_backdoor,0.5,8,32,5,0.361,0.2594444444444444,0.17533383175333833,2,2,1.0,0.0,1.0,0,0,0,0
cifar10,20,2,mixed_maturity,rffl_reputation,dirichlet_lcb,diverse_then_repeat_backdoor,0.5,8,33,5,0.341,0.4727777777777778,0.17274927999999998,2,2,1.0,0.0,1.0,0,0,0,0
cifar10,20,2,mixed_maturity,rffl_reputation,dirichlet_lcb,diverse_then_repeat_backdoor,0.5,8,34,5,0.353,0.6033333333333334,0.18569531185695312,2,2,1.0,0.0,1.0,0,0,0,0
cifar10,20,2,mixed_maturity,rffl_reputation,dirichlet_lcb,diverse_then_repeat_backdoor,0.5,8,35,5,0.3485,0.38722222222222225,0.18690554439283363,2,2,1.0,0.0,1.0,0,0,0,0
cifar10,20,2,mixed_maturity,rffl_reputation,dirichlet_lcb,diverse_then_repeat_backdoor,0.5,8,36,5,0.3395,0.5266666666666666,0.18379736183797363,2,2,1.0,0.0,1.0,0,0,0,0
cifar10,20,2,mixed_maturity,rffl_reputation,dirichlet_lcb,diverse_then_repeat_backdoor,0.5,8,37,5,0.3175,0.48388888888888887,0.18435929,2,2,1.0,0.0,1.0,0,0,0,0
cifar10,20,2,mixed_maturity,rffl_reputation,dirichlet_lcb,diverse_then_repeat_backdoor,0.5,8,38,5,0.348,0.6,0.19299656999999998,2,2,1.0,0.0,1.0,0,0,0,0
cifar10,20,2,mixed_maturity,rffl_reputation,dirichlet_lcb,diverse_then_repeat_backdoor,0.5,8,39,5,0.347,0.7305555555555555,0.17496739825032598,2,2,1.0,0.0,1.0,0,0,0,0
cifar10,20,2,mixed_maturity,rffl_reputation,dirichlet_lcb,diverse_then_repeat_backdoor,0.5,8,40,5,0.3255,0.6955555555555556,0.18403828,2,2,1.0,0.0,1.0,0,0,0,0
cifar10,20,2,mixed_maturity,rffl_reputation,dirichlet_lcb,diverse_then_repeat_backdoor,0.5,8,41,5,0.3525,0.6883333333333334,0.180088801800888,2,2,1.0,0.0,1.0,0,0,0,0
cifar10,20,2,mixed_maturity,rffl_reputation,dirichlet_lcb,diverse_then_repeat_backdoor,0.5,8,42,5,0.3155,0.8277777777777777,0.17522696649546068,2,2,1.0,0.0,1.0,0,0,0,0
cifar10,20,2,mixed_maturity,rffl_reputation,dirichlet_lcb,diverse_then_repeat_backdoor,0.5,8,43,5,0.34,0.7094444444444444,0.18746144374922885,2,2,1.0,0.0,1.0,0,0,0,0
cifar10,20,2,mixed_maturity,rffl_reputation,dirichlet_lcb,diverse_then_repeat_backdoor,0.5,8,44,5,0.3025,0.6755555555555556,0.17563991175639912,2,2,1.0,0.0,1.0,0,0,0,0
cifar10,20,2,mixed_maturity,rffl_reputation,dirichlet_lcb,diverse_then_repeat_backdoor,0.5,8,45,5,0.3075,0.8294444444444444,0.15107637848923625,2,2,1.0,0.0,1.0,0,0,0,0
cifar10,20,2,mixed_maturity,rffl_reputation,dirichlet_lcb,diverse_then_repeat_backdoor,0.5,8,46,5,0.3055,0.3427777777777778,0.16633455166334551,2,2,1.0,0.0,1.0,0,0,0,0
cifar10,20,2,mixed_maturity,rffl_reputation,dirichlet_lcb,diverse_then_repeat_backdoor,0.5,8,47,5,0.3525,0.6733333333333333,0.15514362999999998,2,2,1.0,0.0,1.0,0,0,0,0
cifar10,20,2,mixed_maturity,rffl_reputation,dirichlet_lcb,diverse_then_repeat_backdoor,0.5,8,48,5,0.344,0.6794444444444444,0.15656421686871566,2,2,1.0,0.0,1.0,0,0,0,0
cifar10,20,2,mixed_maturity,rffl_reputation,dirichlet_lcb,diverse_then_repeat_backdoor,0.5,8,49,5,0.3445,0.6094444444444445,0.15952153840478464,2,2,1.0,0.0,1.0,0,0,0,0
cifar10,20,2,mixed_maturity,rffl_reputation,dirichlet_lcb,diverse_then_repeat_backdoor,0.5,8,50,5,0.357,0.4305555555555556,0.14339531000000003,2,2,1.0,0.0,1.0,0,0,0,0
cifar10,20,2,mixed_maturity,rffl_reputation,dirichlet_lcb,diverse_then_repeat_backdoor,0.5,9,1,5,0.1115,0.0,0.09999999999999998,2,2,1.0,0.0,1.0,0,0,0,0
cifar10,20,2,mixed_maturity,rffl_reputation,dirichlet_lcb,diverse_then_repeat_backdoor,0.5,9,2,5,0.2275,0.39944444444444444,0.09837179,2,2,1.0,0.0,1.0,0,0,0,0
cifar10,20,2,mixed_maturity,rffl_reputation,dirichlet_lcb,diverse_then_repeat_backdoor,0.5,9,3,5,0.201,0.0011111111111111111,0.10349320000000001,2,2,1.0,0.0,1.0,0,0,0,0
cifar10,20,2,mixed_maturity,rffl_reputation,dirichlet_lcb,diverse_then_repeat_backdoor,0.5,9,4,5,0.2815,0.02722222222222222,0.1043678310436783,2,2,1.0,0.0,1.0,0,0,0,0
cifar10,20,2,mixed_maturity,rffl_reputation,dirichlet_lcb,diverse_then_repeat_backdoor,0.5,9,5,5,0.241,0.31722222222222224,0.10911491890885082,2,2,1.0,0.0,1.0,0,0,0,0
cifar10,20,2,mixed_maturity,rffl_reputation,dirichlet_lcb,diverse_then_repeat_backdoor,0.5,9,6,5,0.299,0.09333333333333334,0.10923803890761963,2,2,1.0,0.0,1.0,0,0,0,0
cifar10,20,2,mixed_maturity,rffl_reputation,dirichlet_lcb,diverse_then_repeat_backdoor,0.5,9,7,5,0.273,0.15888888888888889,0.09499838189996762,2,2,1.0,0.0,1.0,0,0,0,0
cifar10,20,2,mixed_maturity,rffl_reputation,dirichlet_lcb,diverse_then_repeat_backdoor,0.5,9,8,5,0.262,0.2544444444444444,0.09293182814136344,2,2,1.0,0.0,1.0,0,0,0,0
cifar10,20,2,mixed_maturity,rffl_reputation,dirichlet_lcb,diverse_then_repeat_backdoor,0.5,9,9,5,0.257,0.051666666666666666,0.09169964816600704,2,2,1.0,0.0,1.0,0,0,0,0
cifar10,20,2,mixed_maturity,rffl_reputation,dirichlet_lcb,diverse_then_repeat_backdoor,0.5,9,10,5,0.298,0.2544444444444444,0.09695188999999999,2,2,1.0,0.0,1.0,0,0,0,0
cifar10,20,2,mixed_maturity,rffl_reputation,dirichlet_lcb,diverse_then_repeat_backdoor,0.5,9,11,5,0.31,0.017222222222222222,0.094577599054224,2,2,1.0,0.0,1.0,0,0,0,0
cifar10,20,2,mixed_maturity,rffl_reputation,dirichlet_lcb,diverse_then_repeat_backdoor,0.5,9,12,5,0.3335,0.08277777777777778,0.081220600812206,2,2,1.0,0.0,1.0,0,0,0,0
cifar10,20,2,mixed_maturity,rffl_reputation,dirichlet_lcb,diverse_then_repeat_backdoor,0.5,9,13,5,0.309,0.27944444444444444,0.08452596000000001,2,2,1.0,0.0,1.0,0,0,0,0
cifar10,20,2,mixed_maturity,rffl_reputation,dirichlet_lcb,diverse_then_repeat_backdoor,0.5,9,14,5,0.3235,0.28944444444444445,0.09118569908814303,2,2,1.0,0.0,1.0,0,0,0,0
cifar10,20,2,mixed_maturity,rffl_reputation,dirichlet_lcb,diverse_then_repeat_backdoor,0.5,9,15,5,0.3055,0.057777777777777775,0.08074567838508642,2,2,1.0,0.0,1.0,0,0,0,0
cifar10,20,2,mixed_maturity,rffl_reputation,dirichlet_lcb,diverse_then_repeat_backdoor,0.5,9,16,5,0.3165,0.11944444444444445,0.06920362,2,2,1.0,0.0,1.0,0,0,0,0
cifar10,20,2,mixed_maturity,rffl_reputation,dirichlet_lcb,diverse_then_repeat_backdoor,0.5,9,17,5,0.3485,0.14,0.0630549793694502,2,2,1.0,0.0,1.0,0,0,0,0
cifar10,20,2,mixed_maturity,rffl_reputation,dirichlet_lcb,diverse_then_repeat_backdoor,0.5,9,18,5,0.3035,0.13944444444444445,0.07009763789707085,2,2,1.0,0.0,1.0,0,0,0,0
cifar10,20,2,mixed_maturity,rffl_reputation,dirichlet_lcb,diverse_then_repeat_backdoor,0.5,9,19,5,0.3145,0.26222222222222225,0.07195803,2,2,1.0,0.0,1.0,0,0,0,0
cifar10,20,2,mixed_maturity,rffl_reputation,dirichlet_lcb,diverse_then_repeat_backdoor,0.5,9,20,5,0.345,0.15,0.07997232079972323,2,2,1.0,0.0,1.0,0,0,0,0
cifar10,20,2,mixed_maturity,rffl_reputation,dirichlet_lcb,diverse_then_repeat_backdoor,0.5,9,21,5,0.3475,0.315,0.08390473832190525,2,2,1.0,0.0,1.0,0,0,0,0
cifar10,20,2,mixed_maturity,rffl_reputation,dirichlet_lcb,diverse_then_repeat_backdoor,0.5,9,22,5,0.3315,0.26222222222222225,0.10370871000000001,2,2,1.0,0.0,1.0,0,0,0,0
cifar10,20,2,mixed_maturity,rffl_reputation,dirichlet_lcb,diverse_then_repeat_backdoor,0.5,9,23,5,0.3265,0.15,0.10095944697121662,2,2,1.0,0.0,1.0,0,0,0,0
cifar10,20,2,mixed_maturity,rffl_reputation,dirichlet_lcb,diverse_then_repeat_backdoor,0.5,9,24,5,0.345,0.15722222222222224,0.09452789189055785,2,2,1.0,0.0,1.0,0,0,0,0
cifar10,20,2,mixed_maturity,rffl_reputation,dirichlet_lcb,diverse_then_repeat_backdoor,0.5,9,25,5,0.328,0.31055555555555553,0.09441618905583811,2,2,1.0,0.0,1.0,0,0,0,0
cifar10,20,2,mixed_maturity,rffl_reputation,dirichlet_lcb,diverse_then_repeat_backdoor,0.5,9,26,5,0.3435,0.11055555555555556,0.10178477999999999,2,2,1.0,0.0,1.0,0,0,0,0
cifar10,20,2,mixed_maturity,rffl_reputation,dirichlet_lcb,diverse_then_repeat_backdoor,0.5,9,27,5,0.342,0.37555555555555553,0.09724660805506785,2,2,1.0,0.0,1.0,0,0,0,0
cifar10,20,2,mixed_maturity,rffl_reputation,dirichlet_lcb,diverse_then_repeat_backdoor,0.5,9,28,5,0.3505,0.15055555555555555,0.11237791999999999,2,2,1.0,0.0,1.0,0,0,0,0
cifar10,20,2,mixed_maturity,rffl_reputation,dirichlet_lcb,diverse_then_repeat_backdoor,0.5,9,29,5,0.3535,0.31333333333333335,0.11078547221570945,2,2,1.0,0.0,1.0,0,0,0,0
cifar10,20,2,mixed_maturity,rffl_reputation,dirichlet_lcb,diverse_then_repeat_backdoor,0.5,9,30,5,0.359,0.35055555555555556,0.11309656,2,2,1.0,0.0,1.0,0,0,0,0
cifar10,20,2,mixed_maturity,rffl_reputation,dirichlet_lcb,diverse_then_repeat_backdoor,0.5,9,31,5,0.315,0.06666666666666667,0.10581278894187211,2,2,1.0,0.0,1.0,0,0,0,0
cifar10,20,2,mixed_maturity,rffl_reputation,dirichlet_lcb,diverse_then_repeat_backdoor,0.5,9,32,5,0.3255,0.48777777777777775,0.09993803900061962,2,2,1.0,0.0,1.0,0,0,0,0
cifar10,20,2,mixed_maturity,rffl_reputation,dirichlet_lcb,diverse_then_repeat_backdoor,0.5,9,33,5,0.3585,0.2633333333333333,0.09897197098971972,2,2,1.0,0.0,1.0,0,0,0,0
cifar10,20,2,mixed_maturity,rffl_reputation,dirichlet_lcb,diverse_then_repeat_backdoor,0.5,9,34,5,0.353,0.24222222222222223,0.09060946,2,2,1.0,0.0,1.0,0,0,0,0
cifar10,20,2,mixed_maturity,rffl_reputation,dirichlet_lcb,diverse_then_repeat_backdoor,0.5,9,35,5,0.3365,0.22111111111111112,0.09046948819061022,2,2,1.0,0.0,1.0,0,0,0,0
cifar10,20,2,mixed_maturity,rffl_reputation,dirichlet_lcb,diverse_then_repeat_backdoor,0.5,9,36,5,0.342,0.26555555555555554,0.09530749999999996,2,2,1.0,0.0,1.0,0,0,0,0
cifar10,20,2,mixed_maturity,rffl_reputation,dirichlet_lcb,diverse_then_repeat_backdoor,0.5,9,37,5,0.3285,0.34833333333333333,0.09505031095050312,2,2,1.0,0.0,1.0,0,0,0,0
cifar10,20,2,mixed_maturity,rffl_reputation,dirichlet_lcb,diverse_then_repeat_backdoor,0.5,9,38,5,0.329,0.1761111111111111,0.09038862090388622,2,2,1.0,0.0,1.0,0,0,0,0
cifar10,20,2,mixed_maturity,rffl_reputation,dirichlet_lcb,diverse_then_repeat_backdoor,0.5,9,39,5,0.3615,0.3511111111111111,0.08667376826652463,2,2,1.0,0.0,1.0,0,0,0,0
cifar10,20,2,mixed_maturity,rffl_reputation,dirichlet_lcb,diverse_then_repeat_backdoor,0.5,9,40,5,0.349,0.285,0.08769902087699019,2,2,1.0,0.0,1.0,0,0,0,0
cifar10,20,2,mixed_maturity,rffl_reputation,dirichlet_lcb,diverse_then_repeat_backdoor,0.5,9,41,5,0.3415,0.3861111111111111,0.09560194,2,2,1.0,0.0,1.0,0,0,0,0
cifar10,20,2,mixed_maturity,rffl_reputation,dirichlet_lcb,diverse_then_repeat_backdoor,0.5,9,42,5,0.3525,0.19444444444444445,0.096725900967259,2,2,1.0,0.0,1.0,0,0,0,0
cifar10,20,2,mixed_maturity,rffl_reputation,dirichlet_lcb,diverse_then_repeat_backdoor,0.5,9,43,5,0.3465,0.35055555555555556,0.10524764894752349,2,2,1.0,0.0,1.0,0,0,0,0
cifar10,20,2,mixed_maturity,rffl_reputation,dirichlet_lcb,diverse_then_repeat_backdoor,0.5,9,44,5,0.351,0.20222222222222222,0.11258382887416171,2,2,1.0,0.0,1.0,0,0,0,0
cifar10,20,2,mixed_maturity,rffl_reputation,dirichlet_lcb,diverse_then_repeat_backdoor,0.5,9,45,5,0.3235,0.13722222222222222,0.10510995894890042,2,2,1.0,0.0,1.0,0,0,0,0
cifar10,20,2,mixed_maturity,rffl_reputation,dirichlet_lcb,diverse_then_repeat_backdoor,0.5,9,46,5,0.34,0.3877777777777778,0.09801013901989859,2,2,1.0,0.0,1.0,0,0,0,0
cifar10,20,2,mixed_maturity,rffl_reputation,dirichlet_lcb,diverse_then_repeat_backdoor,0.5,9,47,5,0.337,0.5594444444444444,0.11275820112758202,2,2,1.0,0.0,1.0,0,0,0,0
cifar10,20,2,mixed_maturity,rffl_reputation,dirichlet_lcb,diverse_then_repeat_backdoor,0.5,9,48,5,0.3685,0.28,0.11480768000000001,2,2,1.0,0.0,1.0,0,0,0,0
cifar10,20,2,mixed_maturity,rffl_reputation,dirichlet_lcb,diverse_then_repeat_backdoor,0.5,9,49,5,0.363,0.37833333333333335,0.10601045000000003,2,2,1.0,0.0,1.0,0,0,0,0
cifar10,20,2,mixed_maturity,rffl_reputation,dirichlet_lcb,diverse_then_repeat_backdoor,0.5,9,50,5,0.338,0.2561111111111111,0.11535674,2,2,1.0,0.0,1.0,0,0,0,0
