"dataset","client_count","attacker_count","cohort_mode","variant","trust_estimator","attack_scenario","noniid_alpha","repeat","attack_start_round","limited_clean_updates","limited_observation_updates","limited_aggregation_weight","max_probation_tasks","min_probation_completed_tasks","min_evidence_mass","configured_access_lease_full_updates","node_id","profile","cohort_role","initial_access_state","access_state","completed_tasks","credited_independent_tasks","verified_source_records","evidence_types","evidence_mass","minimum_evidence_mass_required","trust_score","history_mean","history_decision_score","history_lcb","history_std","history_evidence_maturity","training_clean_evidence","structurally_accepted_training_updates","structurally_accepted_observation_updates","limited_clean_updates_required","limited_observation_updates_required","freshness_lease_enabled","freshness_lease_applies","access_lease_phase","access_lease_cycle_position","access_lease_full_updates","penalty_debt","hard_failures","onboarding_duration_seconds","flower_fit_events","aggregated_fit_events","aggregated_weight_mass","revoked_round","revocation_reason","norm_escalation_mode"
"cifar10","20","2","mixed_maturity","access_freshness_lease","dirichlet_lcb","diverse_then_repeat_backdoor","0.5","0","6","5","5","0.5","20","9","1.5","5","attacker-1","diverse_then_repeat_backdoor","newcomer","LIMITED","LIMITED","9","9","0","4","4.882922989522995","1.5","0.7462875490779619","0.8370070466491786","0.6465358545084627","0.6465358545084627","0.1157982362815884","0.29254799703263074","50","50","50","5","5","True","True","REVALIDATION","5","5","0.0","0","3.943674087524414","50","50","37.5","","","moderate_shadow"
"cifar10","20","2","mixed_maturity","access_freshness_lease","dirichlet_lcb","diverse_then_repeat_backdoor","0.5","0","6","5","5","0.5","20","9","1.5","5","attacker-2","diverse_then_repeat_backdoor","newcomer","LIMITED","LIMITED","9","9","0","4","4.882922989522995","1.5","0.7462875490779619","0.8370070466491786","0.6465358545084627","0.6465358545084627","0.1157982362815884","0.29254799703263074","50","50","50","5","5","True","True","REVALIDATION","5","5","0.0","0","3.593956232070923","50","50","37.5","","","moderate_shadow"
"cifar10","20","2","mixed_maturity","access_freshness_lease","dirichlet_lcb","diverse_then_repeat_backdoor","0.5","0","6","5","5","0.5","20","9","1.5","5","honest-1","honest","incumbent","ADMITTED","ADMITTED","9","9","0","4","4.882922989522995","1.5","0.7462875490779619","0.8370070466491786","0.6465358545084627","0.6465358545084627","0.1157982362815884","0.29254799703263074","50","50","50","5","5","True","False","NOT_APPLICABLE","","0","0.0","0","34.292978048324585","50","50","50.0","","","moderate_shadow"
"cifar10","20","2","mixed_maturity","access_freshness_lease","dirichlet_lcb","diverse_then_repeat_backdoor","0.5","0","6","5","5","0.5","20","9","1.5","5","honest-10","honest","incumbent","ADMITTED","ADMITTED","9","9","0","4","4.882922989522995","1.5","0.7462875490779619","0.8370070466491786","0.6465358545084627","0.6465358545084627","0.1157982362815884","0.29254799703263074","50","50","50","5","5","True","False","NOT_APPLICABLE","","0","0.0","0","3.13476824760437","50","50","50.0","","","moderate_shadow"
"cifar10","20","2","mixed_maturity","access_freshness_lease","dirichlet_lcb","diverse_then_repeat_backdoor","0.5","0","6","5","5","0.5","20","9","1.5","5","honest-11","honest","incumbent","ADMITTED","ADMITTED","9","9","0","4","4.882922989522995","1.5","0.7462875490779619","0.8370070466491786","0.6465358545084627","0.6465358545084627","0.1157982362815884","0.29254799703263074","50","50","50","5","5","True","False","NOT_APPLICABLE","","0","0.0","0","3.6388866901397705","50","50","50.0","","","moderate_shadow"
"cifar10","20","2","mixed_maturity","access_freshness_lease","dirichlet_lcb","diverse_then_repeat_backdoor","0.5","0","6","5","5","0.5","20","9","1.5","5","honest-12","honest","incumbent","ADMITTED","ADMITTED","9","9","0","4","4.882922989522995","1.5","0.7462875490779619","0.8370070466491786","0.6465358545084627","0.6465358545084627","0.1157982362815884","0.29254799703263074","50","50","50","5","5","True","False","NOT_APPLICABLE","","0","0.0","0","2.8755414485931396","50","50","50.0","","","moderate_shadow"
"cifar10","20","2","mixed_maturity","access_freshness_lease","dirichlet_lcb","diverse_then_repeat_backdoor","0.5","0","6","5","5","0.5","20","9","1.5","5","honest-13","honest","incumbent","ADMITTED","ADMITTED","9","9","0","4","4.882922989522995","1.5","0.7462875490779619","0.8370070466491786","0.6465358545084627","0.6465358545084627","0.1157982362815884","0.29254799703263074","50","50","50","5","5","True","False","NOT_APPLICABLE","","0","0.0","0","2.311202049255371","50","50","50.0","","","moderate_shadow"
"cifar10","20","2","mixed_maturity","access_freshness_lease","dirichlet_lcb","diverse_then_repeat_backdoor","0.5","0","6","5","5","0.5","20","9","1.5","5","honest-14","honest","incumbent","ADMITTED","ADMITTED","9","9","0","4","4.882922989522995","1.5","0.7462875490779619","0.8370070466491786","0.6465358545084627","0.6465358545084627","0.1157982362815884","0.29254799703263074","50","50","50","5","5","True","False","NOT_APPLICABLE","","0","0.0","0","4.1914732456207275","50","50","50.0","","","moderate_shadow"
"cifar10","20","2","mixed_maturity","access_freshness_lease","dirichlet_lcb","diverse_then_repeat_backdoor","0.5","0","6","5","5","0.5","20","9","1.5","5","honest-15","honest","incumbent","ADMITTED","ADMITTED","9","9","0","4","4.882922989522995","1.5","0.7462875490779619","0.8370070466491786","0.6465358545084627","0.6465358545084627","0.1157982362815884","0.29254799703263074","50","50","50","5","5","True","False","NOT_APPLICABLE","","0","0.0","0","2.70530366897583","50","50","50.0","","","moderate_shadow"
"cifar10","20","2","mixed_maturity","access_freshness_lease","dirichlet_lcb","diverse_then_repeat_backdoor","0.5","0","6","5","5","0.5","20","9","1.5","5","honest-16","honest","incumbent","ADMITTED","ADMITTED","9","9","0","4","4.882922989522995","1.5","0.7462875490779619","0.8370070466491786","0.6465358545084627","0.6465358545084627","0.1157982362815884","0.29254799703263074","50","50","50","5","5","True","False","NOT_APPLICABLE","","0","0.0","0","2.716844320297241","50","50","50.0","","","moderate_shadow"
"cifar10","20","2","mixed_maturity","access_freshness_lease","dirichlet_lcb","diverse_then_repeat_backdoor","0.5","0","6","5","5","0.5","20","9","1.5","5","honest-17","honest","incumbent","ADMITTED","ADMITTED","9","9","0","4","4.882922989522995","1.5","0.7462875490779619","0.8370070466491786","0.6465358545084627","0.6465358545084627","0.1157982362815884","0.29254799703263074","50","50","50","5","5","True","False","NOT_APPLICABLE","","0","0.0","0","3.0305240154266357","50","50","50.0","","","moderate_shadow"
"cifar10","20","2","mixed_maturity","access_freshness_lease","dirichlet_lcb","diverse_then_repeat_backdoor","0.5","0","6","5","5","0.5","20","9","1.5","5","honest-18","honest","incumbent","ADMITTED","ADMITTED","9","9","0","4","4.882922989522995","1.5","0.7462875490779619","0.8370070466491786","0.6465358545084627","0.6465358545084627","0.1157982362815884","0.29254799703263074","50","50","50","5","5","True","False","NOT_APPLICABLE","","0","0.0","0","3.9791905879974365","50","50","50.0","","","moderate_shadow"
"cifar10","20","2","mixed_maturity","access_freshness_lease","dirichlet_lcb","diverse_then_repeat_backdoor","0.5","0","6","5","5","0.5","20","9","1.5","5","honest-2","honest","incumbent","ADMITTED","ADMITTED","9","9","0","4","4.882922989522995","1.5","0.7462875490779619","0.8370070466491786","0.6465358545084627","0.6465358545084627","0.1157982362815884","0.29254799703263074","50","50","50","5","5","True","False","NOT_APPLICABLE","","0","0.0","0","3.5952529907226562","50","50","50.0","","","moderate_shadow"
"cifar10","20","2","mixed_maturity","access_freshness_lease","dirichlet_lcb","diverse_then_repeat_backdoor","0.5","0","6","5","5","0.5","20","9","1.5","5","honest-3","honest","incumbent","ADMITTED","ADMITTED","9","9","0","4","4.882922989522995","1.5","0.7462875490779619","0.8370070466491786","0.6465358545084627","0.6465358545084627","0.1157982362815884","0.29254799703263074","50","50","50","5","5","True","False","NOT_APPLICABLE","","0","0.0","0","3.5183112621307373","50","50","50.0","","","moderate_shadow"
"cifar10","20","2","mixed_maturity","access_freshness_lease","dirichlet_lcb","diverse_then_repeat_backdoor","0.5","0","6","5","5","0.5","20","9","1.5","5","honest-4","honest","incumbent","ADMITTED","ADMITTED","9","9","0","4","4.882922989522995","1.5","0.7462875490779619","0.8370070466491786","0.6465358545084627","0.6465358545084627","0.1157982362815884","0.29254799703263074","50","50","50","5","5","True","False","NOT_APPLICABLE","","0","0.0","0","2.149553060531616","50","50","50.0","","","moderate_shadow"
"cifar10","20","2","mixed_maturity","access_freshness_lease","dirichlet_lcb","diverse_then_repeat_backdoor","0.5","0","6","5","5","0.5","20","9","1.5","5","honest-5","honest","incumbent","ADMITTED","ADMITTED","9","9","0","4","4.882922989522995","1.5","0.7462875490779619","0.8370070466491786","0.6465358545084627","0.6465358545084627","0.1157982362815884","0.29254799703263074","50","50","50","5","5","True","False","NOT_APPLICABLE","","0","0.0","0","2.5424704551696777","50","50","50.0","","","moderate_shadow"
"cifar10","20","2","mixed_maturity","access_freshness_lease","dirichlet_lcb","diverse_then_repeat_backdoor","0.5","0","6","5","5","0.5","20","9","1.5","5","honest-6","honest","incumbent","ADMITTED","ADMITTED","9","9","0","4","4.882922989522995","1.5","0.7462875490779619","0.8370070466491786","0.6465358545084627","0.6465358545084627","0.1157982362815884","0.29254799703263074","50","50","50","5","5","True","False","NOT_APPLICABLE","","0","0.0","0","3.3098981380462646","50","50","50.0","","","moderate_shadow"
"cifar10","20","2","mixed_maturity","access_freshness_lease","dirichlet_lcb","diverse_then_repeat_backdoor","0.5","0","6","5","5","0.5","20","9","1.5","5","honest-7","honest","incumbent","ADMITTED","ADMITTED","9","9","0","4","4.882922989522995","1.5","0.7462875490779619","0.8370070466491786","0.6465358545084627","0.6465358545084627","0.1157982362815884","0.29254799703263074","50","50","50","5","5","True","False","NOT_APPLICABLE","","0","0.0","0","94.54309749603271","50","50","50.0","","","moderate_shadow"
"cifar10","20","2","mixed_maturity","access_freshness_lease","dirichlet_lcb","diverse_then_repeat_backdoor","0.5","0","6","5","5","0.5","20","9","1.5","5","honest-8","honest","incumbent","ADMITTED","ADMITTED","9","9","0","4","4.882922989522995","1.5","0.7462875490779619","0.8370070466491786","0.6465358545084627","0.6465358545084627","0.1157982362815884","0.29254799703263074","50","50","50","5","5","True","False","NOT_APPLICABLE","","0","0.0","0","4.154879808425903","50","50","50.0","","","moderate_shadow"
"cifar10","20","2","mixed_maturity","access_freshness_lease","dirichlet_lcb","diverse_then_repeat_backdoor","0.5","0","6","5","5","0.5","20","9","1.5","5","honest-9","honest","incumbent","ADMITTED","ADMITTED","9","9","0","4","4.882922989522995","1.5","0.7462875490779619","0.8370070466491786","0.6465358545084627","0.6465358545084627","0.1157982362815884","0.29254799703263074","50","50","50","5","5","True","False","NOT_APPLICABLE","","0","0.0","0","2.476715087890625","50","50","50.0","","","moderate_shadow"
"cifar10","20","2","mixed_maturity","access_freshness_lease","dirichlet_lcb","diverse_then_repeat_backdoor","0.5","1","6","5","5","0.5","20","9","1.5","5","attacker-1","diverse_then_repeat_backdoor","newcomer","LIMITED","LIMITED","9","9","0","4","4.882922989522995","1.5","0.7462875490779619","0.8370070466491786","0.6465358545084627","0.6465358545084627","0.1157982362815884","0.29254799703263074","50","50","50","5","5","True","True","REVALIDATION","5","5","0.0","0","3.3363468647003174","50","50","37.5","","","moderate_shadow"
"cifar10","20","2","mixed_maturity","access_freshness_lease","dirichlet_lcb","diverse_then_repeat_backdoor","0.5","1","6","5","5","0.5","20","9","1.5","5","attacker-2","diverse_then_repeat_backdoor","newcomer","LIMITED","LIMITED","9","9","0","4","4.882922989522995","1.5","0.7462875490779619","0.8370070466491786","0.6465358545084627","0.6465358545084627","0.1157982362815884","0.29254799703263074","50","50","50","5","5","True","True","REVALIDATION","5","5","0.0","0","3.742366313934326","50","50","37.5","","","moderate_shadow"
"cifar10","20","2","mixed_maturity","access_freshness_lease","dirichlet_lcb","diverse_then_repeat_backdoor","0.5","1","6","5","5","0.5","20","9","1.5","5","honest-1","honest","incumbent","ADMITTED","ADMITTED","9","9","0","4","4.882922989522995","1.5","0.7462875490779619","0.8370070466491786","0.6465358545084627","0.6465358545084627","0.1157982362815884","0.29254799703263074","50","50","50","5","5","True","False","NOT_APPLICABLE","","0","0.0","0","2.6275320053100586","50","50","50.0","","","moderate_shadow"
"cifar10","20","2","mixed_maturity","access_freshness_lease","dirichlet_lcb","diverse_then_repeat_backdoor","0.5","1","6","5","5","0.5","20","9","1.5","5","honest-10","honest","incumbent","ADMITTED","ADMITTED","9","9","0","4","4.882922989522995","1.5","0.7462875490779619","0.8370070466491786","0.6465358545084627","0.6465358545084627","0.1157982362815884","0.29254799703263074","50","50","50","5","5","True","False","NOT_APPLICABLE","","0","0.0","0","32.758599281311035","50","50","50.0","","","moderate_shadow"
"cifar10","20","2","mixed_maturity","access_freshness_lease","dirichlet_lcb","diverse_then_repeat_backdoor","0.5","1","6","5","5","0.5","20","9","1.5","5","honest-11","honest","incumbent","ADMITTED","ADMITTED","9","9","0","4","4.882922989522995","1.5","0.7462875490779619","0.8370070466491786","0.6465358545084627","0.6465358545084627","0.1157982362815884","0.29254799703263074","50","50","50","5","5","True","False","NOT_APPLICABLE","","0","0.0","0","2.6361799240112305","50","50","50.0","","","moderate_shadow"
"cifar10","20","2","mixed_maturity","access_freshness_lease","dirichlet_lcb","diverse_then_repeat_backdoor","0.5","1","6","5","5","0.5","20","9","1.5","5","honest-12","honest","incumbent","ADMITTED","ADMITTED","9","9","0","4","4.882922989522995","1.5","0.7462875490779619","0.8370070466491786","0.6465358545084627","0.6465358545084627","0.1157982362815884","0.29254799703263074","50","50","50","5","5","True","False","NOT_APPLICABLE","","0","0.0","0","2.4252259731292725","50","50","50.0","","","moderate_shadow"
"cifar10","20","2","mixed_maturity","access_freshness_lease","dirichlet_lcb","diverse_then_repeat_backdoor","0.5","1","6","5","5","0.5","20","9","1.5","5","honest-13","honest","incumbent","ADMITTED","ADMITTED","9","9","0","4","4.882922989522995","1.5","0.7462875490779619","0.8370070466491786","0.6465358545084627","0.6465358545084627","0.1157982362815884","0.29254799703263074","50","50","50","5","5","True","False","NOT_APPLICABLE","","0","0.0","0","2.6323235034942627","50","50","50.0","","","moderate_shadow"
"cifar10","20","2","mixed_maturity","access_freshness_lease","dirichlet_lcb","diverse_then_repeat_backdoor","0.5","1","6","5","5","0.5","20","9","1.5","5","honest-14","honest","incumbent","ADMITTED","ADMITTED","9","9","0","4","4.882922989522995","1.5","0.7462875490779619","0.8370070466491786","0.6465358545084627","0.6465358545084627","0.1157982362815884","0.29254799703263074","50","50","50","5","5","True","False","NOT_APPLICABLE","","0","0.0","0","3.4575729370117188","50","50","50.0","","","moderate_shadow"
"cifar10","20","2","mixed_maturity","access_freshness_lease","dirichlet_lcb","diverse_then_repeat_backdoor","0.5","1","6","5","5","0.5","20","9","1.5","5","honest-15","honest","incumbent","ADMITTED","ADMITTED","9","9","0","4","4.882922989522995","1.5","0.7462875490779619","0.8370070466491786","0.6465358545084627","0.6465358545084627","0.1157982362815884","0.29254799703263074","50","50","50","5","5","True","False","NOT_APPLICABLE","","0","0.0","0","2.4332432746887207","50","50","50.0","","","moderate_shadow"
"cifar10","20","2","mixed_maturity","access_freshness_lease","dirichlet_lcb","diverse_then_repeat_backdoor","0.5","1","6","5","5","0.5","20","9","1.5","5","honest-16","honest","incumbent","ADMITTED","ADMITTED","9","9","0","4","4.882922989522995","1.5","0.7462875490779619","0.8370070466491786","0.6465358545084627","0.6465358545084627","0.1157982362815884","0.29254799703263074","50","50","50","5","5","True","False","NOT_APPLICABLE","","0","0.0","0","3.874821901321411","50","50","50.0","","","moderate_shadow"
"cifar10","20","2","mixed_maturity","access_freshness_lease","dirichlet_lcb","diverse_then_repeat_backdoor","0.5","1","6","5","5","0.5","20","9","1.5","5","honest-17","honest","incumbent","ADMITTED","ADMITTED","9","9","0","4","4.882922989522995","1.5","0.7462875490779619","0.8370070466491786","0.6465358545084627","0.6465358545084627","0.1157982362815884","0.29254799703263074","50","50","50","5","5","True","False","NOT_APPLICABLE","","0","0.0","0","2.324824571609497","50","50","50.0","","","moderate_shadow"
"cifar10","20","2","mixed_maturity","access_freshness_lease","dirichlet_lcb","diverse_then_repeat_backdoor","0.5","1","6","5","5","0.5","20","9","1.5","5","honest-18","honest","incumbent","ADMITTED","ADMITTED","9","9","0","3","4.5294892388817605","1.5","0.7401065581334588","0.8277664507491892","0.6288758803813109","0.6288758803813109","0.12091685363435191","0.27568090107538146","50","50","50","5","5","True","False","NOT_APPLICABLE","","0","0.0","0","33.197765588760376","50","50","50.0","","","moderate_shadow"
"cifar10","20","2","mixed_maturity","access_freshness_lease","dirichlet_lcb","diverse_then_repeat_backdoor","0.5","1","6","5","5","0.5","20","9","1.5","5","honest-2","honest","incumbent","ADMITTED","ADMITTED","9","9","0","3","5.004489238881761","1.5","0.7503560216234088","0.8430201361031787","0.6581600617811678","0.6581600617811678","0.11238691964272261","0.3041175807403508","50","50","50","5","5","True","False","NOT_APPLICABLE","","0","0.0","0","63.30213117599487","50","50","50.0","","","moderate_shadow"
"cifar10","20","2","mixed_maturity","access_freshness_lease","dirichlet_lcb","diverse_then_repeat_backdoor","0.5","1","6","5","5","0.5","20","9","1.5","5","honest-3","honest","incumbent","ADMITTED","ADMITTED","9","9","0","4","4.882922989522995","1.5","0.7462875490779619","0.8370070466491786","0.6465358545084627","0.6465358545084627","0.1157982362815884","0.29254799703263074","50","50","50","5","5","True","False","NOT_APPLICABLE","","0","0.0","0","33.18014907836914","50","50","50.0","","","moderate_shadow"
"cifar10","20","2","mixed_maturity","access_freshness_lease","dirichlet_lcb","diverse_then_repeat_backdoor","0.5","1","6","5","5","0.5","20","9","1.5","5","honest-4","honest","incumbent","ADMITTED","ADMITTED","9","9","0","4","4.882922989522995","1.5","0.7462875490779619","0.8370070466491786","0.6465358545084627","0.6465358545084627","0.1157982362815884","0.29254799703263074","50","50","50","5","5","True","False","NOT_APPLICABLE","","0","0.0","0","3.4695277214050293","50","50","50.0","","","moderate_shadow"
"cifar10","20","2","mixed_maturity","access_freshness_lease","dirichlet_lcb","diverse_then_repeat_backdoor","0.5","1","6","5","5","0.5","20","9","1.5","5","honest-5","honest","incumbent","ADMITTED","ADMITTED","9","9","0","4","4.882922989522995","1.5","0.7462875490779619","0.8370070466491786","0.6465358545084627","0.6465358545084627","0.1157982362815884","0.29254799703263074","50","50","50","5","5","True","False","NOT_APPLICABLE","","0","0.0","0","33.74351406097412","50","50","50.0","","","moderate_shadow"
"cifar10","20","2","mixed_maturity","access_freshness_lease","dirichlet_lcb","diverse_then_repeat_backdoor","0.5","1","6","5","5","0.5","20","9","1.5","5","honest-6","honest","incumbent","ADMITTED","ADMITTED","9","9","0","4","4.882922989522995","1.5","0.7462875490779619","0.8370070466491786","0.6465358545084627","0.6465358545084627","0.1157982362815884","0.29254799703263074","50","50","50","5","5","True","False","NOT_APPLICABLE","","0","0.0","0","2.2498714923858643","50","50","50.0","","","moderate_shadow"
"cifar10","20","2","mixed_maturity","access_freshness_lease","dirichlet_lcb","diverse_then_repeat_backdoor","0.5","1","6","5","5","0.5","20","9","1.5","5","honest-7","honest","incumbent","ADMITTED","ADMITTED","9","9","0","4","4.882922989522995","1.5","0.7462875490779619","0.8370070466491786","0.6465358545084627","0.6465358545084627","0.1157982362815884","0.29254799703263074","50","50","50","5","5","True","False","NOT_APPLICABLE","","0","0.0","0","33.82354664802551","50","50","50.0","","","moderate_shadow"
"cifar10","20","2","mixed_maturity","access_freshness_lease","dirichlet_lcb","diverse_then_repeat_backdoor","0.5","1","6","5","5","0.5","20","9","1.5","5","honest-8","honest","incumbent","ADMITTED","ADMITTED","9","9","0","4","4.882922989522995","1.5","0.7462875490779619","0.8370070466491786","0.6465358545084627","0.6465358545084627","0.1157982362815884","0.29254799703263074","50","50","50","5","5","True","False","NOT_APPLICABLE","","0","0.0","0","3.265077829360962","50","50","50.0","","","moderate_shadow"
"cifar10","20","2","mixed_maturity","access_freshness_lease","dirichlet_lcb","diverse_then_repeat_backdoor","0.5","1","6","5","5","0.5","20","9","1.5","5","honest-9","honest","incumbent","ADMITTED","ADMITTED","9","9","0","4","4.882922989522995","1.5","0.7462875490779619","0.8370070466491786","0.6465358545084627","0.6465358545084627","0.1157982362815884","0.29254799703263074","50","50","50","5","5","True","False","NOT_APPLICABLE","","0","0.0","0","3.9435176849365234","50","50","50.0","","","moderate_shadow"
"cifar10","20","2","mixed_maturity","access_freshness_lease","dirichlet_lcb","diverse_then_repeat_backdoor","0.5","2","6","5","5","0.5","20","9","1.5","5","attacker-1","diverse_then_repeat_backdoor","newcomer","LIMITED","LIMITED","9","9","0","4","4.882922989522995","1.5","0.7462875490779619","0.8370070466491786","0.6465358545084627","0.6465358545084627","0.1157982362815884","0.29254799703263074","50","50","50","5","5","True","True","REVALIDATION","5","5","0.0","0","3.550462245941162","50","50","37.5","","","moderate_shadow"
"cifar10","20","2","mixed_maturity","access_freshness_lease","dirichlet_lcb","diverse_then_repeat_backdoor","0.5","2","6","5","5","0.5","20","9","1.5","5","attacker-2","diverse_then_repeat_backdoor","newcomer","LIMITED","LIMITED","9","9","0","4","4.882922989522995","1.5","0.7462875490779619","0.8370070466491786","0.6465358545084627","0.6465358545084627","0.1157982362815884","0.29254799703263074","50","50","50","5","5","True","True","REVALIDATION","5","5","0.0","0","3.3067755699157715","50","50","37.5","","","moderate_shadow"
"cifar10","20","2","mixed_maturity","access_freshness_lease","dirichlet_lcb","diverse_then_repeat_backdoor","0.5","2","6","5","5","0.5","20","9","1.5","5","honest-1","honest","incumbent","ADMITTED","ADMITTED","9","9","0","4","4.882922989522995","1.5","0.7462875490779619","0.8370070466491786","0.6465358545084627","0.6465358545084627","0.1157982362815884","0.29254799703263074","50","50","50","5","5","True","False","NOT_APPLICABLE","","0","0.0","0","33.70158648490906","50","50","50.0","","","moderate_shadow"
"cifar10","20","2","mixed_maturity","access_freshness_lease","dirichlet_lcb","diverse_then_repeat_backdoor","0.5","2","6","5","5","0.5","20","9","1.5","5","honest-10","honest","incumbent","ADMITTED","ADMITTED","11","11","0","3","5.419531626612037","1.5","0.7509212720692868","0.8438513019312254","0.6597750630551052","0.6597750630551052","0.11191038163637629","0.3057557302355997","50","50","50","5","5","True","False","NOT_APPLICABLE","","0","0.0","0","63.64100456237793","50","50","50.0","","","moderate_shadow"
"cifar10","20","2","mixed_maturity","access_freshness_lease","dirichlet_lcb","diverse_then_repeat_backdoor","0.5","2","6","5","5","0.5","20","9","1.5","5","honest-11","honest","incumbent","ADMITTED","ADMITTED","9","9","0","4","4.882922989522995","1.5","0.7462875490779619","0.8370070466491786","0.6465358545084627","0.6465358545084627","0.1157982362815884","0.29254799703263074","50","50","50","5","5","True","False","NOT_APPLICABLE","","0","0.0","0","33.915045499801636","50","50","50.0","","","moderate_shadow"
"cifar10","20","2","mixed_maturity","access_freshness_lease","dirichlet_lcb","diverse_then_repeat_backdoor","0.5","2","6","5","5","0.5","20","9","1.5","5","honest-12","honest","incumbent","ADMITTED","ADMITTED","9","9","0","4","4.882922989522995","1.5","0.7462875490779619","0.8370070466491786","0.6465358545084627","0.6465358545084627","0.1157982362815884","0.29254799703263074","50","50","50","5","5","True","False","NOT_APPLICABLE","","0","0.0","0","32.68641638755798","50","50","50.0","","","moderate_shadow"
"cifar10","20","2","mixed_maturity","access_freshness_lease","dirichlet_lcb","diverse_then_repeat_backdoor","0.5","2","6","5","5","0.5","20","9","1.5","5","honest-13","honest","incumbent","ADMITTED","ADMITTED","9","9","0","4","4.882922989522995","1.5","0.7462875490779619","0.8370070466491786","0.6465358545084627","0.6465358545084627","0.1157982362815884","0.29254799703263074","50","50","50","5","5","True","False","NOT_APPLICABLE","","0","0.0","0","2.3671252727508545","50","50","50.0","","","moderate_shadow"
"cifar10","20","2","mixed_maturity","access_freshness_lease","dirichlet_lcb","diverse_then_repeat_backdoor","0.5","2","6","5","5","0.5","20","9","1.5","5","honest-14","honest","incumbent","ADMITTED","ADMITTED","9","9","0","4","4.882922989522995","1.5","0.7462875490779619","0.8370070466491786","0.6465358545084627","0.6465358545084627","0.1157982362815884","0.29254799703263074","50","50","50","5","5","True","False","NOT_APPLICABLE","","0","0.0","0","2.3269262313842773","50","50","50.0","","","moderate_shadow"
"cifar10","20","2","mixed_maturity","access_freshness_lease","dirichlet_lcb","diverse_then_repeat_backdoor","0.5","2","6","5","5","0.5","20","9","1.5","5","honest-15","honest","incumbent","ADMITTED","ADMITTED","9","9","0","4","4.882922989522995","1.5","0.7462875490779619","0.8370070466491786","0.6465358545084627","0.6465358545084627","0.1157982362815884","0.29254799703263074","50","50","50","5","5","True","False","NOT_APPLICABLE","","0","0.0","0","3.531101703643799","50","50","50.0","","","moderate_shadow"
"cifar10","20","2","mixed_maturity","access_freshness_lease","dirichlet_lcb","diverse_then_repeat_backdoor","0.5","2","6","5","5","0.5","20","9","1.5","5","honest-16","honest","incumbent","ADMITTED","ADMITTED","9","9","0","4","4.882922989522995","1.5","0.7462875490779619","0.8370070466491786","0.6465358545084627","0.6465358545084627","0.1157982362815884","0.29254799703263074","50","50","50","5","5","True","False","NOT_APPLICABLE","","0","0.0","0","32.323650598526","50","50","50.0","","","moderate_shadow"
"cifar10","20","2","mixed_maturity","access_freshness_lease","dirichlet_lcb","diverse_then_repeat_backdoor","0.5","2","6","5","5","0.5","20","9","1.5","5","honest-17","honest","incumbent","ADMITTED","ADMITTED","9","9","0","4","4.882922989522995","1.5","0.7462875490779619","0.8370070466491786","0.6465358545084627","0.6465358545084627","0.1157982362815884","0.29254799703263074","50","50","50","5","5","True","False","NOT_APPLICABLE","","0","0.0","0","2.7642977237701416","50","50","50.0","","","moderate_shadow"
"cifar10","20","2","mixed_maturity","access_freshness_lease","dirichlet_lcb","diverse_then_repeat_backdoor","0.5","2","6","5","5","0.5","20","9","1.5","5","honest-18","honest","incumbent","ADMITTED","ADMITTED","9","9","0","4","4.882922989522995","1.5","0.7462875490779619","0.8370070466491786","0.6465358545084627","0.6465358545084627","0.1157982362815884","0.29254799703263074","50","50","50","5","5","True","False","NOT_APPLICABLE","","0","0.0","0","2.475036382675171","50","50","50.0","","","moderate_shadow"
"cifar10","20","2","mixed_maturity","access_freshness_lease","dirichlet_lcb","diverse_then_repeat_backdoor","0.5","2","6","5","5","0.5","20","9","1.5","5","honest-2","honest","incumbent","ADMITTED","ADMITTED","9","9","0","4","4.882922989522995","1.5","0.7462875490779619","0.8370070466491786","0.6465358545084627","0.6465358545084627","0.1157982362815884","0.29254799703263074","50","50","50","5","5","True","False","NOT_APPLICABLE","","0","0.0","0","3.685945987701416","50","50","50.0","","","moderate_shadow"
"cifar10","20","2","mixed_maturity","access_freshness_lease","dirichlet_lcb","diverse_then_repeat_backdoor","0.5","2","6","5","5","0.5","20","9","1.5","5","honest-3","honest","incumbent","ADMITTED","ADMITTED","9","9","0","4","4.882922989522995","1.5","0.7462875490779619","0.8370070466491786","0.6465358545084627","0.6465358545084627","0.1157982362815884","0.29254799703263074","50","50","50","5","5","True","False","NOT_APPLICABLE","","0","0.0","0","3.740993022918701","50","50","50.0","","","moderate_shadow"
"cifar10","20","2","mixed_maturity","access_freshness_lease","dirichlet_lcb","diverse_then_repeat_backdoor","0.5","2","6","5","5","0.5","20","9","1.5","5","honest-4","honest","incumbent","ADMITTED","ADMITTED","9","9","0","4","4.882922989522995","1.5","0.7462875490779619","0.8370070466491786","0.6465358545084627","0.6465358545084627","0.1157982362815884","0.29254799703263074","50","50","50","5","5","True","False","NOT_APPLICABLE","","0","0.0","0","2.335678815841675","50","50","50.0","","","moderate_shadow"
"cifar10","20","2","mixed_maturity","access_freshness_lease","dirichlet_lcb","diverse_then_repeat_backdoor","0.5","2","6","5","5","0.5","20","9","1.5","5","honest-5","honest","incumbent","ADMITTED","ADMITTED","9","9","0","4","4.882922989522995","1.5","0.7462875490779619","0.8370070466491786","0.6465358545084627","0.6465358545084627","0.1157982362815884","0.29254799703263074","50","50","50","5","5","True","False","NOT_APPLICABLE","","0","0.0","0","32.83721470832825","50","50","50.0","","","moderate_shadow"
"cifar10","20","2","mixed_maturity","access_freshness_lease","dirichlet_lcb","diverse_then_repeat_backdoor","0.5","2","6","5","5","0.5","20","9","1.5","5","honest-6","honest","incumbent","ADMITTED","ADMITTED","9","9","0","4","4.882922989522995","1.5","0.7462875490779619","0.8370070466491786","0.6465358545084627","0.6465358545084627","0.1157982362815884","0.29254799703263074","50","50","50","5","5","True","False","NOT_APPLICABLE","","0","0.0","0","3.789909839630127","50","50","50.0","","","moderate_shadow"
"cifar10","20","2","mixed_maturity","access_freshness_lease","dirichlet_lcb","diverse_then_repeat_backdoor","0.5","2","6","5","5","0.5","20","9","1.5","5","honest-7","honest","incumbent","ADMITTED","ADMITTED","9","9","0","4","4.882922989522995","1.5","0.7462875490779619","0.8370070466491786","0.6465358545084627","0.6465358545084627","0.1157982362815884","0.29254799703263074","50","50","50","5","5","True","False","NOT_APPLICABLE","","0","0.0","0","3.7890889644622803","50","50","50.0","","","moderate_shadow"
"cifar10","20","2","mixed_maturity","access_freshness_lease","dirichlet_lcb","diverse_then_repeat_backdoor","0.5","2","6","5","5","0.5","20","9","1.5","5","honest-8","honest","incumbent","ADMITTED","ADMITTED","9","9","0","4","4.882922989522995","1.5","0.7462875490779619","0.8370070466491786","0.6465358545084627","0.6465358545084627","0.1157982362815884","0.29254799703263074","50","50","50","5","5","True","False","NOT_APPLICABLE","","0","0.0","0","2.6598713397979736","50","50","50.0","","","moderate_shadow"
"cifar10","20","2","mixed_maturity","access_freshness_lease","dirichlet_lcb","diverse_then_repeat_backdoor","0.5","2","6","5","5","0.5","20","9","1.5","5","honest-9","honest","incumbent","ADMITTED","ADMITTED","9","9","0","3","4.76698923888176","1.5","0.7437820368902304","0.8332768051183246","0.6393772482578011","0.6393772482578011","0.11788253356256753","0.28561047849957855","50","50","50","5","5","True","False","NOT_APPLICABLE","","0","0.0","0","32.52915692329407","50","50","50.0","","","moderate_shadow"
"cifar10","20","2","mixed_maturity","access_freshness_lease","dirichlet_lcb","diverse_then_repeat_backdoor","0.5","3","6","5","5","0.5","20","9","1.5","5","attacker-1","diverse_then_repeat_backdoor","newcomer","LIMITED","LIMITED","9","9","0","4","4.882922989522995","1.5","0.7462875490779619","0.8370070466491786","0.6465358545084627","0.6465358545084627","0.1157982362815884","0.29254799703263074","50","50","50","5","5","True","True","REVALIDATION","5","5","0.0","0","2.867530107498169","50","50","37.5","","","moderate_shadow"
"cifar10","20","2","mixed_maturity","access_freshness_lease","dirichlet_lcb","diverse_then_repeat_backdoor","0.5","3","6","5","5","0.5","20","9","1.5","5","attacker-2","diverse_then_repeat_backdoor","newcomer","LIMITED","LIMITED","9","9","0","4","4.882922989522995","1.5","0.7462875490779619","0.8370070466491786","0.6465358545084627","0.6465358545084627","0.1157982362815884","0.29254799703263074","50","50","50","5","5","True","True","REVALIDATION","5","5","0.0","0","3.335331439971924","50","50","37.5","","","moderate_shadow"
"cifar10","20","2","mixed_maturity","access_freshness_lease","dirichlet_lcb","diverse_then_repeat_backdoor","0.5","3","6","5","5","0.5","20","9","1.5","5","honest-1","honest","incumbent","ADMITTED","ADMITTED","9","9","0","4","4.882922989522995","1.5","0.7462875490779619","0.8370070466491786","0.6465358545084627","0.6465358545084627","0.1157982362815884","0.29254799703263074","50","50","50","5","5","True","False","NOT_APPLICABLE","","0","0.0","0","4.003438711166382","50","50","50.0","","","moderate_shadow"
"cifar10","20","2","mixed_maturity","access_freshness_lease","dirichlet_lcb","diverse_then_repeat_backdoor","0.5","3","6","5","5","0.5","20","9","1.5","5","honest-10","honest","incumbent","ADMITTED","ADMITTED","9","9","0","4","4.882922989522995","1.5","0.7462875490779619","0.8370070466491786","0.6465358545084627","0.6465358545084627","0.1157982362815884","0.29254799703263074","50","50","50","5","5","True","False","NOT_APPLICABLE","","0","0.0","0","2.37138295173645","50","50","50.0","","","moderate_shadow"
"cifar10","20","2","mixed_maturity","access_freshness_lease","dirichlet_lcb","diverse_then_repeat_backdoor","0.5","3","6","5","5","0.5","20","9","1.5","5","honest-11","honest","incumbent","ADMITTED","ADMITTED","9","9","0","4","4.882922989522995","1.5","0.7462875490779619","0.8370070466491786","0.6465358545084627","0.6465358545084627","0.1157982362815884","0.29254799703263074","50","50","50","5","5","True","False","NOT_APPLICABLE","","0","0.0","0","3.5610241889953613","50","50","50.0","","","moderate_shadow"
"cifar10","20","2","mixed_maturity","access_freshness_lease","dirichlet_lcb","diverse_then_repeat_backdoor","0.5","3","6","5","5","0.5","20","9","1.5","5","honest-12","honest","incumbent","ADMITTED","ADMITTED","9","9","0","4","4.882922989522995","1.5","0.7462875490779619","0.8370070466491786","0.6465358545084627","0.6465358545084627","0.1157982362815884","0.29254799703263074","50","50","50","5","5","True","False","NOT_APPLICABLE","","0","0.0","0","3.0313217639923096","50","50","50.0","","","moderate_shadow"
"cifar10","20","2","mixed_maturity","access_freshness_lease","dirichlet_lcb","diverse_then_repeat_backdoor","0.5","3","6","5","5","0.5","20","9","1.5","5","honest-13","honest","incumbent","ADMITTED","ADMITTED","9","9","0","4","4.882922989522995","1.5","0.7462875490779619","0.8370070466491786","0.6465358545084627","0.6465358545084627","0.1157982362815884","0.29254799703263074","50","50","50","5","5","True","False","NOT_APPLICABLE","","0","0.0","0","4.041592359542847","50","50","50.0","","","moderate_shadow"
"cifar10","20","2","mixed_maturity","access_freshness_lease","dirichlet_lcb","diverse_then_repeat_backdoor","0.5","3","6","5","5","0.5","20","9","1.5","5","honest-14","honest","incumbent","ADMITTED","ADMITTED","9","9","0","4","4.882922989522995","1.5","0.7462875490779619","0.8370070466491786","0.6465358545084627","0.6465358545084627","0.1157982362815884","0.29254799703263074","50","50","50","5","5","True","False","NOT_APPLICABLE","","0","0.0","0","3.9206011295318604","50","50","50.0","","","moderate_shadow"
"cifar10","20","2","mixed_maturity","access_freshness_lease","dirichlet_lcb","diverse_then_repeat_backdoor","0.5","3","6","5","5","0.5","20","9","1.5","5","honest-15","honest","incumbent","ADMITTED","ADMITTED","9","9","0","4","4.882922989522995","1.5","0.7462875490779619","0.8370070466491786","0.6465358545084627","0.6465358545084627","0.1157982362815884","0.29254799703263074","50","50","50","5","5","True","False","NOT_APPLICABLE","","0","0.0","0","33.147170543670654","50","50","50.0","","","moderate_shadow"
"cifar10","20","2","mixed_maturity","access_freshness_lease","dirichlet_lcb","diverse_then_repeat_backdoor","0.5","3","6","5","5","0.5","20","9","1.5","5","honest-16","honest","incumbent","ADMITTED","ADMITTED","9","9","0","3","5.004489238881761","1.5","0.7503560216234088","0.8430201361031787","0.6581600617811678","0.6581600617811678","0.11238691964272261","0.3041175807403508","50","50","50","5","5","True","False","NOT_APPLICABLE","","0","0.0","0","32.84581518173218","50","50","50.0","","","moderate_shadow"
"cifar10","20","2","mixed_maturity","access_freshness_lease","dirichlet_lcb","diverse_then_repeat_backdoor","0.5","3","6","5","5","0.5","20","9","1.5","5","honest-17","honest","incumbent","ADMITTED","ADMITTED","12","12","0","3","5.3499694871438415","1.5","0.7478143545076069","0.8392699711010733","0.6508981557360198","0.6508981557360198","0.11452190611753592","0.2968448682209436","50","50","50","5","5","True","False","NOT_APPLICABLE","","0","0.0","0","64.22610020637512","50","50","50.0","","","moderate_shadow"
"cifar10","20","2","mixed_maturity","access_freshness_lease","dirichlet_lcb","diverse_then_repeat_backdoor","0.5","3","6","5","5","0.5","20","9","1.5","5","honest-18","honest","incumbent","ADMITTED","ADMITTED","9","9","0","4","4.882922989522995","1.5","0.7462875490779619","0.8370070466491786","0.6465358545084627","0.6465358545084627","0.1157982362815884","0.29254799703263074","50","50","50","5","5","True","False","NOT_APPLICABLE","","0","0.0","0","4.024786472320557","50","50","50.0","","","moderate_shadow"
"cifar10","20","2","mixed_maturity","access_freshness_lease","dirichlet_lcb","diverse_then_repeat_backdoor","0.5","3","6","5","5","0.5","20","9","1.5","5","honest-2","honest","incumbent","ADMITTED","ADMITTED","9","9","0","4","4.882922989522995","1.5","0.7462875490779619","0.8370070466491786","0.6465358545084627","0.6465358545084627","0.1157982362815884","0.29254799703263074","50","50","50","5","5","True","False","NOT_APPLICABLE","","0","0.0","0","2.4624826908111572","50","50","50.0","","","moderate_shadow"
"cifar10","20","2","mixed_maturity","access_freshness_lease","dirichlet_lcb","diverse_then_repeat_backdoor","0.5","3","6","5","5","0.5","20","9","1.5","5","honest-3","honest","incumbent","ADMITTED","ADMITTED","9","9","0","4","4.882922989522995","1.5","0.7462875490779619","0.8370070466491786","0.6465358545084627","0.6465358545084627","0.1157982362815884","0.29254799703263074","50","50","50","5","5","True","False","NOT_APPLICABLE","","0","0.0","0","2.4025890827178955","50","50","50.0","","","moderate_shadow"
"cifar10","20","2","mixed_maturity","access_freshness_lease","dirichlet_lcb","diverse_then_repeat_backdoor","0.5","3","6","5","5","0.5","20","9","1.5","5","honest-4","honest","incumbent","ADMITTED","ADMITTED","9","9","0","4","4.882922989522995","1.5","0.7462875490779619","0.8370070466491786","0.6465358545084627","0.6465358545084627","0.1157982362815884","0.29254799703263074","50","50","50","5","5","True","False","NOT_APPLICABLE","","0","0.0","0","32.94932293891907","50","50","50.0","","","moderate_shadow"
"cifar10","20","2","mixed_maturity","access_freshness_lease","dirichlet_lcb","diverse_then_repeat_backdoor","0.5","3","6","5","5","0.5","20","9","1.5","5","honest-5","honest","incumbent","ADMITTED","ADMITTED","9","9","0","4","4.882922989522995","1.5","0.7462875490779619","0.8370070466491786","0.6465358545084627","0.6465358545084627","0.1157982362815884","0.29254799703263074","50","50","50","5","5","True","False","NOT_APPLICABLE","","0","0.0","0","33.21435523033142","50","50","50.0","","","moderate_shadow"
"cifar10","20","2","mixed_maturity","access_freshness_lease","dirichlet_lcb","diverse_then_repeat_backdoor","0.5","3","6","5","5","0.5","20","9","1.5","5","honest-6","honest","incumbent","ADMITTED","ADMITTED","9","9","0","4","4.882922989522995","1.5","0.7462875490779619","0.8370070466491786","0.6465358545084627","0.6465358545084627","0.1157982362815884","0.29254799703263074","50","50","50","5","5","True","False","NOT_APPLICABLE","","0","0.0","0","34.12870216369629","50","50","50.0","","","moderate_shadow"
"cifar10","20","2","mixed_maturity","access_freshness_lease","dirichlet_lcb","diverse_then_repeat_backdoor","0.5","3","6","5","5","0.5","20","9","1.5","5","honest-7","honest","incumbent","ADMITTED","ADMITTED","9","9","0","4","4.882922989522995","1.5","0.7462875490779619","0.8370070466491786","0.6465358545084627","0.6465358545084627","0.1157982362815884","0.29254799703263074","50","50","50","5","5","True","False","NOT_APPLICABLE","","0","0.0","0","2.902106285095215","50","50","50.0","","","moderate_shadow"
"cifar10","20","2","mixed_maturity","access_freshness_lease","dirichlet_lcb","diverse_then_repeat_backdoor","0.5","3","6","5","5","0.5","20","9","1.5","5","honest-8","honest","incumbent","ADMITTED","ADMITTED","9","9","0","4","4.882922989522995","1.5","0.7462875490779619","0.8370070466491786","0.6465358545084627","0.6465358545084627","0.1157982362815884","0.29254799703263074","50","50","50","5","5","True","False","NOT_APPLICABLE","","0","0.0","0","3.754857301712036","50","50","50.0","","","moderate_shadow"
"cifar10","20","2","mixed_maturity","access_freshness_lease","dirichlet_lcb","diverse_then_repeat_backdoor","0.5","3","6","5","5","0.5","20","9","1.5","5","honest-9","honest","incumbent","ADMITTED","ADMITTED","9","9","0","4","4.882922989522995","1.5","0.7462875490779619","0.8370070466491786","0.6465358545084627","0.6465358545084627","0.1157982362815884","0.29254799703263074","50","50","50","5","5","True","False","NOT_APPLICABLE","","0","0.0","0","2.8550822734832764","50","50","50.0","","","moderate_shadow"
"cifar10","20","2","mixed_maturity","access_freshness_lease","dirichlet_lcb","diverse_then_repeat_backdoor","0.5","4","6","5","5","0.5","20","9","1.5","5","attacker-1","diverse_then_repeat_backdoor","newcomer","LIMITED","LIMITED","9","9","0","4","4.882922989522995","1.5","0.7462875490779619","0.8370070466491786","0.6465358545084627","0.6465358545084627","0.1157982362815884","0.29254799703263074","50","50","50","5","5","True","True","REVALIDATION","5","5","0.0","0","4.556241750717163","50","50","37.5","","","moderate_shadow"
"cifar10","20","2","mixed_maturity","access_freshness_lease","dirichlet_lcb","diverse_then_repeat_backdoor","0.5","4","6","5","5","0.5","20","9","1.5","5","attacker-2","diverse_then_repeat_backdoor","newcomer","LIMITED","LIMITED","9","9","0","4","4.882922989522995","1.5","0.7462875490779619","0.8370070466491786","0.6465358545084627","0.6465358545084627","0.1157982362815884","0.29254799703263074","50","50","50","5","5","True","True","REVALIDATION","5","5","0.0","0","2.9464917182922363","50","50","37.5","","","moderate_shadow"
"cifar10","20","2","mixed_maturity","access_freshness_lease","dirichlet_lcb","diverse_then_repeat_backdoor","0.5","4","6","5","5","0.5","20","9","1.5","5","honest-1","honest","incumbent","ADMITTED","ADMITTED","9","9","0","4","4.882922989522995","1.5","0.7462875490779619","0.8370070466491786","0.6465358545084627","0.6465358545084627","0.1157982362815884","0.29254799703263074","50","50","50","5","5","True","False","NOT_APPLICABLE","","0","0.0","0","4.593413591384888","50","50","50.0","","","moderate_shadow"
"cifar10","20","2","mixed_maturity","access_freshness_lease","dirichlet_lcb","diverse_then_repeat_backdoor","0.5","4","6","5","5","0.5","20","9","1.5","5","honest-10","honest","incumbent","ADMITTED","ADMITTED","9","9","0","4","4.882922989522995","1.5","0.7462875490779619","0.8370070466491786","0.6465358545084627","0.6465358545084627","0.1157982362815884","0.29254799703263074","50","50","50","5","5","True","False","NOT_APPLICABLE","","0","0.0","0","63.07235527038574","50","50","50.0","","","moderate_shadow"
"cifar10","20","2","mixed_maturity","access_freshness_lease","dirichlet_lcb","diverse_then_repeat_backdoor","0.5","4","6","5","5","0.5","20","9","1.5","5","honest-11","honest","incumbent","ADMITTED","ADMITTED","9","9","0","4","4.882922989522995","1.5","0.7462875490779619","0.8370070466491786","0.6465358545084627","0.6465358545084627","0.1157982362815884","0.29254799703263074","50","50","50","5","5","True","False","NOT_APPLICABLE","","0","0.0","0","3.5545146465301514","50","50","50.0","","","moderate_shadow"
"cifar10","20","2","mixed_maturity","access_freshness_lease","dirichlet_lcb","diverse_then_repeat_backdoor","0.5","4","6","5","5","0.5","20","9","1.5","5","honest-12","honest","incumbent","ADMITTED","ADMITTED","9","9","0","4","4.882922989522995","1.5","0.7462875490779619","0.8370070466491786","0.6465358545084627","0.6465358545084627","0.1157982362815884","0.29254799703263074","50","50","50","5","5","True","False","NOT_APPLICABLE","","0","0.0","0","2.550006628036499","50","50","50.0","","","moderate_shadow"
"cifar10","20","2","mixed_maturity","access_freshness_lease","dirichlet_lcb","diverse_then_repeat_backdoor","0.5","4","6","5","5","0.5","20","9","1.5","5","honest-13","honest","incumbent","ADMITTED","ADMITTED","9","9","0","4","4.882922989522995","1.5","0.7462875490779619","0.8370070466491786","0.6465358545084627","0.6465358545084627","0.1157982362815884","0.29254799703263074","50","50","50","5","5","True","False","NOT_APPLICABLE","","0","0.0","0","3.2158522605895996","50","50","50.0","","","moderate_shadow"
"cifar10","20","2","mixed_maturity","access_freshness_lease","dirichlet_lcb","diverse_then_repeat_backdoor","0.5","4","6","5","5","0.5","20","9","1.5","5","honest-14","honest","incumbent","ADMITTED","ADMITTED","9","9","0","4","4.882922989522995","1.5","0.7462875490779619","0.8370070466491786","0.6465358545084627","0.6465358545084627","0.1157982362815884","0.29254799703263074","50","50","50","5","5","True","False","NOT_APPLICABLE","","0","0.0","0","2.5355281829833984","50","50","50.0","","","moderate_shadow"
"cifar10","20","2","mixed_maturity","access_freshness_lease","dirichlet_lcb","diverse_then_repeat_backdoor","0.5","4","6","5","5","0.5","20","9","1.5","5","honest-15","honest","incumbent","ADMITTED","ADMITTED","9","9","0","4","4.882922989522995","1.5","0.7462875490779619","0.8370070466491786","0.6465358545084627","0.6465358545084627","0.1157982362815884","0.29254799703263074","50","50","50","5","5","True","False","NOT_APPLICABLE","","0","0.0","0","4.40576434135437","50","50","50.0","","","moderate_shadow"
"cifar10","20","2","mixed_maturity","access_freshness_lease","dirichlet_lcb","diverse_then_repeat_backdoor","0.5","4","6","5","5","0.5","20","9","1.5","5","honest-16","honest","incumbent","ADMITTED","ADMITTED","9","9","0","4","4.882922989522995","1.5","0.7462875490779619","0.8370070466491786","0.6465358545084627","0.6465358545084627","0.1157982362815884","0.29254799703263074","50","50","50","5","5","True","False","NOT_APPLICABLE","","0","0.0","0","3.9338057041168213","50","50","50.0","","","moderate_shadow"
"cifar10","20","2","mixed_maturity","access_freshness_lease","dirichlet_lcb","diverse_then_repeat_backdoor","0.5","4","6","5","5","0.5","20","9","1.5","5","honest-17","honest","incumbent","ADMITTED","ADMITTED","9","9","0","4","4.882922989522995","1.5","0.7462875490779619","0.8370070466491786","0.6465358545084627","0.6465358545084627","0.1157982362815884","0.29254799703263074","50","50","50","5","5","True","False","NOT_APPLICABLE","","0","0.0","0","3.9320590496063232","50","50","50.0","","","moderate_shadow"
"cifar10","20","2","mixed_maturity","access_freshness_lease","dirichlet_lcb","diverse_then_repeat_backdoor","0.5","4","6","5","5","0.5","20","9","1.5","5","honest-18","honest","incumbent","ADMITTED","ADMITTED","9","9","0","4","4.882922989522995","1.5","0.7462875490779619","0.8370070466491786","0.6465358545084627","0.6465358545084627","0.1157982362815884","0.29254799703263074","50","50","50","5","5","True","False","NOT_APPLICABLE","","0","0.0","0","2.4014086723327637","50","50","50.0","","","moderate_shadow"
"cifar10","20","2","mixed_maturity","access_freshness_lease","dirichlet_lcb","diverse_then_repeat_backdoor","0.5","4","6","5","5","0.5","20","9","1.5","5","honest-2","honest","incumbent","ADMITTED","ADMITTED","9","9","0","4","4.882922989522995","1.5","0.7262875490779619","0.8370070466491786","0.6465358545084627","0.6465358545084627","0.1157982362815884","0.29254799703263074","50","50","50","5","5","True","False","NOT_APPLICABLE","","0","0.0","0","33.102858781814575","50","50","50.0","","","moderate_shadow"
"cifar10","20","2","mixed_maturity","access_freshness_lease","dirichlet_lcb","diverse_then_repeat_backdoor","0.5","4","6","5","5","0.5","20","9","1.5","5","honest-3","honest","incumbent","ADMITTED","ADMITTED","9","9","0","3","5.004489238881761","1.5","0.7503560216234088","0.8430201361031787","0.6581600617811678","0.6581600617811678","0.11238691964272261","0.3041175807403508","50","50","50","5","5","True","False","NOT_APPLICABLE","","0","0.0","0","32.56586289405823","50","50","50.0","","","moderate_shadow"
"cifar10","20","2","mixed_maturity","access_freshness_lease","dirichlet_lcb","diverse_then_repeat_backdoor","0.5","4","6","5","5","0.5","20","9","1.5","5","honest-4","honest","incumbent","ADMITTED","ADMITTED","9","9","0","4","4.882922989522995","1.5","0.7462875490779619","0.8370070466491786","0.6465358545084627","0.6465358545084627","0.1157982362815884","0.29254799703263074","50","50","50","5","5","True","False","NOT_APPLICABLE","","0","0.0","0","33.863261222839355","50","50","50.0","","","moderate_shadow"
"cifar10","20","2","mixed_maturity","access_freshness_lease","dirichlet_lcb","diverse_then_repeat_backdoor","0.5","4","6","5","5","0.5","20","9","1.5","5","honest-5","honest","incumbent","ADMITTED","ADMITTED","9","9","0","4","4.882922989522995","1.5","0.7462875490779619","0.8370070466491786","0.6465358545084627","0.6465358545084627","0.1157982362815884","0.29254799703263074","50","50","50","5","5","True","False","NOT_APPLICABLE","","0","0.0","0","2.8522043228149414","50","50","50.0","","","moderate_shadow"
"cifar10","20","2","mixed_maturity","access_freshness_lease","dirichlet_lcb","diverse_then_repeat_backdoor","0.5","4","6","5","5","0.5","20","9","1.5","5","honest-6","honest","incumbent","ADMITTED","ADMITTED","9","9","0","4","4.882922989522995","1.5","0.7462875490779619","0.8370070466491786","0.6465358545084627","0.6465358545084627","0.1157982362815884","0.29254799703263074","50","50","50","5","5","True","False","NOT_APPLICABLE","","0","0.0","0","4.1306517124176025","50","50","50.0","","","moderate_shadow"
"cifar10","20","2","mixed_maturity","access_freshness_lease","dirichlet_lcb","diverse_then_repeat_backdoor","0.5","4","6","5","5","0.5","20","9","1.5","5","honest-7","honest","incumbent","ADMITTED","ADMITTED","9","9","0","4","4.882922989522995","1.5","0.7462875490779619","0.8370070466491786","0.6465358545084627","0.6465358545084627","0.1157982362815884","0.29254799703263074","50","50","50","5","5","True","False","NOT_APPLICABLE","","0","0.0","0","3.9288082122802734","50","50","50.0","","","moderate_shadow"
"cifar10","20","2","mixed_maturity","access_freshness_lease","dirichlet_lcb","diverse_then_repeat_backdoor","0.5","4","6","5","5","0.5","20","9","1.5","5","honest-8","honest","incumbent","ADMITTED","ADMITTED","9","9","0","4","4.882922989522995","1.5","0.7462875490779619","0.8370070466491786","0.6465358545084627","0.6465358545084627","0.1157982362815884","0.29254799703263074","50","50","50","5","5","True","False","NOT_APPLICABLE","","0","0.0","0","4.204697608947754","50","50","50.0","","","moderate_shadow"
"cifar10","20","2","mixed_maturity","access_freshness_lease","dirichlet_lcb","diverse_then_repeat_backdoor","0.5","4","6","5","5","0.5","20","9","1.5","5","honest-9","honest","incumbent","ADMITTED","ADMITTED","9","9","0","4","4.882922989522995","1.5","0.7462875490779619","0.8370070466491786","0.6465358545084627","0.6465358545084627","0.1157982362815884","0.29254799703263074","50","50","50","5","5","True","False","NOT_APPLICABLE","","0","0.0","0","3.0974254608154297","50","50","50.0","","","moderate_shadow"
"cifar10","20","2","mixed_maturity","access_freshness_lease","dirichlet_lcb","diverse_then_repeat_backdoor","0.5","5","6","5","5","0.5","20","9","1.5","5","attacker-1","diverse_then_repeat_backdoor","newcomer","LIMITED","LIMITED","9","9","0","4","4.882922989522995","1.5","0.7462875490779619","0.8370070466491786","0.6465358545084627","0.6465358545084627","0.1157982362815884","0.29254799703263074","50","50","50","5","5","True","True","REVALIDATION","5","5","0.0","0","4.093436002731323","50","50","37.5","","","moderate_shadow"
"cifar10","20","2","mixed_maturity","access_freshness_lease","dirichlet_lcb","diverse_then_repeat_backdoor","0.5","5","6","5","5","0.5","20","9","1.5","5","attacker-2","diverse_then_repeat_backdoor","newcomer","LIMITED","LIMITED","9","9","0","4","4.882922989522995","1.5","0.7462875490779619","0.8370070466491786","0.6465358545084627","0.6465358545084627","0.1157982362815884","0.29254799703263074","50","50","50","5","5","True","True","REVALIDATION","5","5","0.0","0","3.5619192123413086","50","50","37.5","","","moderate_shadow"
"cifar10","20","2","mixed_maturity","access_freshness_lease","dirichlet_lcb","diverse_then_repeat_backdoor","0.5","5","6","5","5","0.5","20","9","1.5","5","honest-1","honest","incumbent","ADMITTED","ADMITTED","9","9","0","3","4.76698923888176","1.5","0.7437820368902304","0.8332768051183246","0.6393772482578011","0.6393772482578011","0.11788253356256753","0.28561047849957855","50","50","50","5","5","True","False","NOT_APPLICABLE","","0","0.0","0","32.62482047080994","50","50","50.0","","","moderate_shadow"
"cifar10","20","2","mixed_maturity","access_freshness_lease","dirichlet_lcb","diverse_then_repeat_backdoor","0.5","5","6","5","5","0.5","20","9","1.5","5","honest-10","honest","incumbent","ADMITTED","ADMITTED","9","9","0","4","4.882922989522995","1.5","0.7462875490779619","0.8370070466491786","0.6465358545084627","0.6465358545084627","0.1157982362815884","0.29254799703263074","50","50","50","5","5","True","False","NOT_APPLICABLE","","0","0.0","0","3.7897891998291016","50","50","50.0","","","moderate_shadow"
"cifar10","20","2","mixed_maturity","access_freshness_lease","dirichlet_lcb","diverse_then_repeat_backdoor","0.5","5","6","5","5","0.5","20","9","1.5","5","honest-11","honest","incumbent","ADMITTED","ADMITTED","9","9","0","3","4.5294892388817605","1.5","0.7401065581334588","0.8277664507491892","0.6288758803813109","0.6288758803813109","0.12091685363435191","0.27568090107538146","50","50","50","5","5","True","False","NOT_APPLICABLE","","0","0.0","0","32.721672773361206","50","50","50.0","","","moderate_shadow"
"cifar10","20","2","mixed_maturity","access_freshness_lease","dirichlet_lcb","diverse_then_repeat_backdoor","0.5","5","6","5","5","0.5","20","9","1.5","5","honest-12","honest","incumbent","ADMITTED","ADMITTED","9","9","0","4","4.882922989522995","1.5","0.7462875490779619","0.8370070466491786","0.6465358545084627","0.6465358545084627","0.1157982362815884","0.29254799703263074","50","50","50","5","5","True","False","NOT_APPLICABLE","","0","0.0","0","33.37751865386963","50","50","50.0","","","moderate_shadow"
"cifar10","20","2","mixed_maturity","access_freshness_lease","dirichlet_lcb","diverse_then_repeat_backdoor","0.5","5","6","5","5","0.5","20","9","1.5","5","honest-13","honest","incumbent","ADMITTED","ADMITTED","9","9","0","4","4.882922989522995","1.5","0.7462875490779619","0.8370070466491786","0.6465358545084627","0.6465358545084627","0.1157982362815884","0.29254799703263074","50","50","50","5","5","True","False","NOT_APPLICABLE","","0","0.0","0","2.8896737098693848","50","50","50.0","","","moderate_shadow"
"cifar10","20","2","mixed_maturity","access_freshness_lease","dirichlet_lcb","diverse_then_repeat_backdoor","0.5","5","6","5","5","0.5","20","9","1.5","5","honest-14","honest","incumbent","ADMITTED","ADMITTED","9","9","0","4","4.882922989522995","1.5","0.7462875490779619","0.8370070466491786","0.6465358545084627","0.6465358545084627","0.1157982362815884","0.29254799703263074","50","50","50","5","5","True","False","NOT_APPLICABLE","","0","0.0","0","2.536273956298828","50","50","50.0","","","moderate_shadow"
"cifar10","20","2","mixed_maturity","access_freshness_lease","dirichlet_lcb","diverse_then_repeat_backdoor","0.5","5","6","5","5","0.5","20","9","1.5","5","honest-15","honest","incumbent","ADMITTED","ADMITTED","9","9","0","4","4.882922989522995","1.5","0.7462875490779619","0.8370070466491786","0.6465358545084627","0.6465358545084627","0.1157982362815884","0.29254799703263074","50","50","50","5","5","True","False","NOT_APPLICABLE","","0","0.0","0","2.5614542961120605","50","50","50.0","","","moderate_shadow"
"cifar10","20","2","mixed_maturity","access_freshness_lease","dirichlet_lcb","diverse_then_repeat_backdoor","0.5","5","6","5","5","0.5","20","9","1.5","5","honest-16","honest","incumbent","ADMITTED","ADMITTED","9","9","0","4","4.882922989522995","1.5","0.7462875490779619","0.8370070466491786","0.6465358545084627","0.6465358545084627","0.1157982362815884","0.29254799703263074","50","50","50","5","5","True","False","NOT_APPLICABLE","","0","0.0","0","3.1574437618255615","50","50","50.0","","","moderate_shadow"
"cifar10","20","2","mixed_maturity","access_freshness_lease","dirichlet_lcb","diverse_then_repeat_backdoor","0.5","5","6","5","5","0.5","20","9","1.5","5","honest-17","honest","incumbent","ADMITTED","ADMITTED","9","9","0","3","4.5294892388817605","1.5","0.7401065581334588","0.8277664507491892","0.6288758803813109","0.6288758803813109","0.12091685363435191","0.27568090107538146","50","50","50","5","5","True","False","NOT_APPLICABLE","","0","0.0","0","32.57615566253662","50","50","50.0","","","moderate_shadow"
"cifar10","20","2","mixed_maturity","access_freshness_lease","dirichlet_lcb","diverse_then_repeat_backdoor","0.5","5","6","5","5","0.5","20","9","1.5","5","honest-18","honest","incumbent","ADMITTED","ADMITTED","9","9","0","4","4.882922989522995","1.5","0.7462875490779619","0.8370070466491786","0.6465358545084627","0.6465358545084627","0.1157982362815884","0.29254799703263074","50","50","50","5","5","True","False","NOT_APPLICABLE","","0","0.0","0","3.5637755393981934","50","50","50.0","","","moderate_shadow"
"cifar10","20","2","mixed_maturity","access_freshness_lease","dirichlet_lcb","diverse_then_repeat_backdoor","0.5","5","6","5","5","0.5","20","9","1.5","5","honest-2","honest","incumbent","ADMITTED","ADMITTED","9","9","0","4","4.882922989522995","1.5","0.7462875490779619","0.8370070466491786","0.6465358545084627","0.6465358545084627","0.1157982362815884","0.29254799703263074","50","50","50","5","5","True","False","NOT_APPLICABLE","","0","0.0","0","2.3046536445617676","50","50","50.0","","","moderate_shadow"
"cifar10","20","2","mixed_maturity","access_freshness_lease","dirichlet_lcb","diverse_then_repeat_backdoor","0.5","5","6","5","5","0.5","20","9","1.5","5","honest-3","honest","incumbent","ADMITTED","ADMITTED","9","9","0","4","4.882922989522995","1.5","0.7462875490779619","0.8370070466491786","0.6465358545084627","0.6465358545084627","0.1157982362815884","0.29254799703263074","50","50","50","5","5","True","False","NOT_APPLICABLE","","0","0.0","0","4.42238450050354","50","50","50.0","","","moderate_shadow"
"cifar10","20","2","mixed_maturity","access_freshness_lease","dirichlet_lcb","diverse_then_repeat_backdoor","0.5","5","6","5","5","0.5","20","9","1.5","5","honest-4","honest","incumbent","ADMITTED","ADMITTED","9","9","0","4","4.882922989522995","1.5","0.7462875490779619","0.8370070466491786","0.6465358545084627","0.6465358545084627","0.1157982362815884","0.29254799703263074","50","50","50","5","5","True","False","NOT_APPLICABLE","","0","0.0","0","3.6894967555999756","50","50","50.0","","","moderate_shadow"
"cifar10","20","2","mixed_maturity","access_freshness_lease","dirichlet_lcb","diverse_then_repeat_backdoor","0.5","5","6","5","5","0.5","20","9","1.5","5","honest-5","honest","incumbent","ADMITTED","ADMITTED","9","9","0","4","4.882922989522995","1.5","0.7462875490779619","0.8370070466491786","0.6465358545084627","0.6465358545084627","0.1157982362815884","0.29254799703263074","50","50","50","5","5","True","False","NOT_APPLICABLE","","0","0.0","0","33.194127559661865","50","50","50.0","","","moderate_shadow"
"cifar10","20","2","mixed_maturity","access_freshness_lease","dirichlet_lcb","diverse_then_repeat_backdoor","0.5","5","6","5","5","0.5","20","9","1.5","5","honest-6","honest","incumbent","ADMITTED","ADMITTED","9","9","0","4","4.882922989522995","1.5","0.7462875490779619","0.8370070466491786","0.6465358545084627","0.6465358545084627","0.1157982362815884","0.29254799703263074","50","50","50","5","5","True","False","NOT_APPLICABLE","","0","0.0","0","3.1372203826904297","50","50","50.0","","","moderate_shadow"
"cifar10","20","2","mixed_maturity","access_freshness_lease","dirichlet_lcb","diverse_then_repeat_backdoor","0.5","5","6","5","5","0.5","20","9","1.5","5","honest-7","honest","incumbent","ADMITTED","ADMITTED","9","9","0","4","4.882922989522995","1.5","0.7462875490779619","0.8370070466491786","0.6465358545084627","0.6465358545084627","0.1157982362815884","0.29254799703263074","50","50","50","5","5","True","False","NOT_APPLICABLE","","0","0.0","0","2.1783573627471924","50","50","50.0","","","moderate_shadow"
"cifar10","20","2","mixed_maturity","access_freshness_lease","dirichlet_lcb","diverse_then_repeat_backdoor","0.5","5","6","5","5","0.5","20","9","1.5","5","honest-8","honest","incumbent","ADMITTED","ADMITTED","9","9","0","4","4.882922989522995","1.5","0.7462875490779619","0.8370070466491786","0.6465358545084627","0.6465358545084627","0.1157982362815884","0.29254799703263074","50","50","50","5","5","True","False","NOT_APPLICABLE","","0","0.0","0","4.053667068481445","50","50","50.0","","","moderate_shadow"
"cifar10","20","2","mixed_maturity","access_freshness_lease","dirichlet_lcb","diverse_then_repeat_backdoor","0.5","5","6","5","5","0.5","20","9","1.5","5","honest-9","honest","incumbent","ADMITTED","ADMITTED","9","9","0","4","4.882922989522995","1.5","0.7462875490779619","0.8370070466491786","0.6465358545084627","0.6465358545084627","0.1157982362815884","0.29254799703263074","50","50","50","5","5","True","False","NOT_APPLICABLE","","0","0.0","0","2.7814836502075195","50","50","50.0","","","moderate_shadow"
"cifar10","20","2","mixed_maturity","access_freshness_lease","dirichlet_lcb","diverse_then_repeat_backdoor","0.5","6","6","5","5","0.5","20","9","1.5","5","attacker-1","diverse_then_repeat_backdoor","newcomer","LIMITED","LIMITED","9","9","0","4","4.882922989522995","1.5","0.7462875490779619","0.8370070466491786","0.6465358545084627","0.6465358545084627","0.1157982362815884","0.29254799703263074","50","50","50","5","5","True","True","REVALIDATION","5","5","0.0","0","3.2256367206573486","50","50","37.5","","","moderate_shadow"
"cifar10","20","2","mixed_maturity","access_freshness_lease","dirichlet_lcb","diverse_then_repeat_backdoor","0.5","6","6","5","5","0.5","20","9","1.5","5","attacker-2","diverse_then_repeat_backdoor","newcomer","LIMITED","LIMITED","9","9","0","4","4.882922989522995","1.5","0.7462875490779619","0.8370070466491786","0.6465358545084627","0.6465358545084627","0.1157982362815884","0.29254799703263074","50","50","50","5","5","True","True","REVALIDATION","5","5","0.0","0","3.095810890197754","50","50","37.5","","","moderate_shadow"
"cifar10","20","2","mixed_maturity","access_freshness_lease","dirichlet_lcb","diverse_then_repeat_backdoor","0.5","6","6","5","5","0.5","20","9","1.5","5","honest-1","honest","incumbent","ADMITTED","ADMITTED","9","9","0","4","4.882922989522995","1.5","0.7462875490779619","0.8370070466491786","0.6465358545084627","0.6465358545084627","0.1157982362815884","0.29254799703263074","50","50","50","5","5","True","False","NOT_APPLICABLE","","0","0.0","0","4.472132205963135","50","50","50.0","","","moderate_shadow"
"cifar10","20","2","mixed_maturity","access_freshness_lease","dirichlet_lcb","diverse_then_repeat_backdoor","0.5","6","6","5","5","0.5","20","9","1.5","5","honest-10","honest","incumbent","ADMITTED","ADMITTED","9","9","0","4","4.882922989522995","1.5","0.7462875490779619","0.8370070466491786","0.6465358545084627","0.6465358545084627","0.1157982362815884","0.29254799703263074","50","50","50","5","5","True","False","NOT_APPLICABLE","","0","0.0","0","4.685589790344238","50","50","50.0","","","moderate_shadow"
"cifar10","20","2","mixed_maturity","access_freshness_lease","dirichlet_lcb","diverse_then_repeat_backdoor","0.5","6","6","5","5","0.5","20","9","1.5","5","honest-11","honest","incumbent","ADMITTED","ADMITTED","9","9","0","4","4.882922989522995","1.5","0.7462875490779619","0.8370070466491786","0.6465358545084627","0.6465358545084627","0.1157982362815884","0.29254799703263074","50","50","50","5","5","True","False","NOT_APPLICABLE","","0","0.0","0","3.6086437702178955","50","50","50.0","","","moderate_shadow"
"cifar10","20","2","mixed_maturity","access_freshness_lease","dirichlet_lcb","diverse_then_repeat_backdoor","0.5","6","6","5","5","0.5","20","9","1.5","5","honest-12","honest","incumbent","ADMITTED","ADMITTED","9","9","0","4","4.882922989522995","1.5","0.7462875490779619","0.8370070466491786","0.6465358545084627","0.6465358545084627","0.1157982362815884","0.29254799703263074","50","50","50","5","5","True","False","NOT_APPLICABLE","","0","0.0","0","3.2778499126434326","50","50","50.0","","","moderate_shadow"
"cifar10","20","2","mixed_maturity","access_freshness_lease","dirichlet_lcb","diverse_then_repeat_backdoor","0.5","6","6","5","5","0.5","20","9","1.5","5","honest-13","honest","incumbent","ADMITTED","ADMITTED","9","9","0","4","4.882922989522995","1.5","0.7462875490779619","0.8370070466491786","0.6465358545084627","0.6465358545084627","0.1157982362815884","0.29254799703263074","50","50","50","5","5","True","False","NOT_APPLICABLE","","0","0.0","0","2.600198268890381","50","50","50.0","","","moderate_shadow"
"cifar10","20","2","mixed_maturity","access_freshness_lease","dirichlet_lcb","diverse_then_repeat_backdoor","0.5","6","6","5","5","0.5","20","9","1.5","5","honest-14","honest","incumbent","ADMITTED","ADMITTED","9","9","0","4","4.882922989522995","1.5","0.7462875490779619","0.8370070466491786","0.6465358545084627","0.6465358545084627","0.1157982362815884","0.29254799703263074","50","50","50","5","5","True","False","NOT_APPLICABLE","","0","0.0","0","3.3756659030914307","50","50","50.0","","","moderate_shadow"
"cifar10","20","2","mixed_maturity","access_freshness_lease","dirichlet_lcb","diverse_then_repeat_backdoor","0.5","6","6","5","5","0.5","20","9","1.5","5","honest-15","honest","incumbent","ADMITTED","ADMITTED","9","9","0","4","4.882922989522995","1.5","0.7462875490779619","0.8370070466491786","0.6465358545084627","0.6465358545084627","0.1157982362815884","0.29254799703263074","50","50","50","5","5","True","False","NOT_APPLICABLE","","0","0.0","0","2.7883012294769287","50","50","50.0","","","moderate_shadow"
"cifar10","20","2","mixed_maturity","access_freshness_lease","dirichlet_lcb","diverse_then_repeat_backdoor","0.5","6","6","5","5","0.5","20","9","1.5","5","honest-16","honest","incumbent","ADMITTED","ADMITTED","9","9","0","4","4.882922989522995","1.5","0.7462875490779619","0.8370070466491786","0.6465358545084627","0.6465358545084627","0.1157982362815884","0.29254799703263074","50","50","50","5","5","True","False","NOT_APPLICABLE","","0","0.0","0","4.899282217025757","50","50","50.0","","","moderate_shadow"
"cifar10","20","2","mixed_maturity","access_freshness_lease","dirichlet_lcb","diverse_then_repeat_backdoor","0.5","6","6","5","5","0.5","20","9","1.5","5","honest-17","honest","incumbent","ADMITTED","ADMITTED","9","9","0","4","4.882922989522995","1.5","0.7462875490779619","0.8370070466491786","0.6465358545084627","0.6465358545084627","0.1157982362815884","0.29254799703263074","50","50","50","5","5","True","False","NOT_APPLICABLE","","0","0.0","0","4.302169322967529","50","50","50.0","","","moderate_shadow"
"cifar10","20","2","mixed_maturity","access_freshness_lease","dirichlet_lcb","diverse_then_repeat_backdoor","0.5","6","6","5","5","0.5","20","9","1.5","5","honest-18","honest","incumbent","ADMITTED","ADMITTED","9","9","0","4","4.882922989522995","1.5","0.7462875490779619","0.8370070466491786","0.6465358545084627","0.6465358545084627","0.1157982362815884","0.29254799703263074","50","50","50","5","5","True","False","NOT_APPLICABLE","","0","0.0","0","2.345285654067993","50","50","50.0","","","moderate_shadow"
"cifar10","20","2","mixed_maturity","access_freshness_lease","dirichlet_lcb","diverse_then_repeat_backdoor","0.5","6","6","5","5","0.5","20","9","1.5","5","honest-2","honest","incumbent","ADMITTED","ADMITTED","9","9","0","4","4.882922989522995","1.5","0.7462875490779619","0.8370070466491786","0.6465358545084627","0.6465358545084627","0.1157982362815884","0.29254799703263074","50","50","50","5","5","True","False","NOT_APPLICABLE","","0","0.0","0","2.3893074989318848","50","50","50.0","","","moderate_shadow"
"cifar10","20","2","mixed_maturity","access_freshness_lease","dirichlet_lcb","diverse_then_repeat_backdoor","0.5","6","6","5","5","0.5","20","9","1.5","5","honest-3","honest","incumbent","ADMITTED","ADMITTED","9","9","0","4","4.882922989522995","1.5","0.7462875490779619","0.8370070466491786","0.6465358545084627","0.6465358545084627","0.1157982362815884","0.29254799703263074","50","50","50","5","5","True","False","NOT_APPLICABLE","","0","0.0","0","3.632289409637451","50","50","50.0","","","moderate_shadow"
"cifar10","20","2","mixed_maturity","access_freshness_lease","dirichlet_lcb","diverse_then_repeat_backdoor","0.5","6","6","5","5","0.5","20","9","1.5","5","honest-4","honest","incumbent","ADMITTED","ADMITTED","9","9","0","4","4.882922989522995","1.5","0.7462875490779619","0.8370070466491786","0.6465358545084627","0.6465358545084627","0.1157982362815884","0.29254799703263074","50","50","50","5","5","True","False","NOT_APPLICABLE","","0","0.0","0","4.668369770050049","50","50","50.0","","","moderate_shadow"
"cifar10","20","2","mixed_maturity","access_freshness_lease","dirichlet_lcb","diverse_then_repeat_backdoor","0.5","6","6","5","5","0.5","20","9","1.5","5","honest-5","honest","incumbent","ADMITTED","ADMITTED","9","9","0","4","4.882922989522995","1.5","0.7462875490779619","0.8370070466491786","0.6465358545084627","0.6465358545084627","0.1157982362815884","0.29254799703263074","50","50","50","5","5","True","False","NOT_APPLICABLE","","0","0.0","0","3.9351468086242676","50","50","50.0","","","moderate_shadow"
"cifar10","20","2","mixed_maturity","access_freshness_lease","dirichlet_lcb","diverse_then_repeat_backdoor","0.5","6","6","5","5","0.5","20","9","1.5","5","honest-6","honest","incumbent","ADMITTED","ADMITTED","9","9","0","4","4.882922989522995","1.5","0.7462875490779619","0.8370070466491786","0.6465358545084627","0.6465358545084627","0.1157982362815884","0.29254799703263074","50","50","50","5","5","True","False","NOT_APPLICABLE","","0","0.0","0","4.183272123336792","50","50","50.0","","","moderate_shadow"
"cifar10","20","2","mixed_maturity","access_freshness_lease","dirichlet_lcb","diverse_then_repeat_backdoor","0.5","6","6","5","5","0.5","20","9","1.5","5","honest-7","honest","incumbent","ADMITTED","ADMITTED","9","9","0","4","4.882922989522995","1.5","0.7462875490779619","0.8370070466491786","0.6465358545084627","0.6465358545084627","0.1157982362815884","0.29254799703263074","50","50","50","5","5","True","False","NOT_APPLICABLE","","0","0.0","0","4.614558458328247","50","50","50.0","","","moderate_shadow"
"cifar10","20","2","mixed_maturity","access_freshness_lease","dirichlet_lcb","diverse_then_repeat_backdoor","0.5","6","6","5","5","0.5","20","9","1.5","5","honest-8","honest","incumbent","ADMITTED","ADMITTED","9","9","0","4","4.882922989522995","1.5","0.7462875490779619","0.8370070466491786","0.6465358545084627","0.6465358545084627","0.1157982362815884","0.29254799703263074","50","50","50","5","5","True","False","NOT_APPLICABLE","","0","0.0","0","4.584007740020752","50","50","50.0","","","moderate_shadow"
"cifar10","20","2","mixed_maturity","access_freshness_lease","dirichlet_lcb","diverse_then_repeat_backdoor","0.5","6","6","5","5","0.5","20","9","1.5","5","honest-9","honest","incumbent","ADMITTED","ADMITTED","9","9","0","4","4.882922989522995","1.5","0.7462875490779619","0.8370070466491786","0.6465358545084627","0.6465358545084627","0.1157982362815884","0.29254799703263074","50","50","50","5","5","True","False","NOT_APPLICABLE","","0","0.0","0","3.97861385345459","50","50","50.0","","","moderate_shadow"
"cifar10","20","2","mixed_maturity","access_freshness_lease","dirichlet_lcb","diverse_then_repeat_backdoor","0.5","7","6","5","5","0.5","20","9","1.5","5","attacker-1","diverse_then_repeat_backdoor","newcomer","LIMITED","LIMITED","9","9","0","4","4.882922989522995","1.5","0.7462875490779619","0.8370070466491786","0.6465358545084627","0.6465358545084627","0.1157982362815884","0.29254799703263074","50","50","50","5","5","True","True","REVALIDATION","5","5","0.0","0","2.871101140975952","50","50","37.5","","","moderate_shadow"
"cifar10","20","2","mixed_maturity","access_freshness_lease","dirichlet_lcb","diverse_then_repeat_backdoor","0.5","7","6","5","5","0.5","20","9","1.5","5","attacker-2","diverse_then_repeat_backdoor","newcomer","LIMITED","LIMITED","9","9","0","4","4.882922989522995","1.5","0.7462875490779619","0.8370070466491786","0.6465358545084627","0.6465358545084627","0.1157982362815884","0.29254799703263074","50","50","50","5","5","True","True","REVALIDATION","5","5","0.0","0","3.7781667709350586","50","50","37.5","","","moderate_shadow"
"cifar10","20","2","mixed_maturity","access_freshness_lease","dirichlet_lcb","diverse_then_repeat_backdoor","0.5","7","6","5","5","0.5","20","9","1.5","5","honest-1","honest","incumbent","ADMITTED","ADMITTED","9","9","0","4","4.882922989522995","1.5","0.7462875490779619","0.8370070466491786","0.6465358545084627","0.6465358545084627","0.1157982362815884","0.29254799703263074","50","50","50","5","5","True","False","NOT_APPLICABLE","","0","0.0","0","3.1802585124969482","50","50","50.0","","","moderate_shadow"
"cifar10","20","2","mixed_maturity","access_freshness_lease","dirichlet_lcb","diverse_then_repeat_backdoor","0.5","7","6","5","5","0.5","20","9","1.5","5","honest-10","honest","incumbent","ADMITTED","ADMITTED","9","9","0","4","4.882922989522995","1.5","0.7462875490779619","0.8370070466491786","0.6465358545084627","0.6465358545084627","0.1157982362815884","0.29254799703263074","50","50","50","5","5","True","False","NOT_APPLICABLE","","0","0.0","0","3.32340931892395","50","50","50.0","","","moderate_shadow"
"cifar10","20","2","mixed_maturity","access_freshness_lease","dirichlet_lcb","diverse_then_repeat_backdoor","0.5","7","6","5","5","0.5","20","9","1.5","5","honest-11","honest","incumbent","ADMITTED","ADMITTED","9","9","0","4","4.882922989522995","1.5","0.7462875490779619","0.8370070466491786","0.6465358545084627","0.6465358545084627","0.1157982362815884","0.29254799703263074","50","50","50","5","5","True","False","NOT_APPLICABLE","","0","0.0","0","3.571582794189453","50","50","50.0","","","moderate_shadow"
"cifar10","20","2","mixed_maturity","access_freshness_lease","dirichlet_lcb","diverse_then_repeat_backdoor","0.5","7","6","5","5","0.5","20","9","1.5","5","honest-12","honest","incumbent","ADMITTED","ADMITTED","9","9","0","4","4.882922989522995","1.5","0.7462875490779619","0.8370070466491786","0.6465358545084627","0.6465358545084627","0.1157982362815884","0.29254799703263074","50","50","50","5","5","True","False","NOT_APPLICABLE","","0","0.0","0","3.7926411628723145","50","50","50.0","","","moderate_shadow"
"cifar10","20","2","mixed_maturity","access_freshness_lease","dirichlet_lcb","diverse_then_repeat_backdoor","0.5","7","6","5","5","0.5","20","9","1.5","5","honest-13","honest","incumbent","ADMITTED","ADMITTED","9","9","0","3","4.76698923888176","1.5","0.7237820368902304","0.8332768051183246","0.6393772482578011","0.6393772482578011","0.11788253356256753","0.28561047849957855","50","50","50","5","5","True","False","NOT_APPLICABLE","","0","0.0","0","4.018963813781738","50","50","50.0","","","moderate_shadow"
"cifar10","20","2","mixed_maturity","access_freshness_lease","dirichlet_lcb","diverse_then_repeat_backdoor","0.5","7","6","5","5","0.5","20","9","1.5","5","honest-14","honest","incumbent","ADMITTED","ADMITTED","9","9","0","4","4.882922989522995","1.5","0.7462875490779619","0.8370070466491786","0.6465358545084627","0.6465358545084627","0.1157982362815884","0.29254799703263074","50","50","50","5","5","True","False","NOT_APPLICABLE","","0","0.0","0","2.5389609336853027","50","50","50.0","","","moderate_shadow"
"cifar10","20","2","mixed_maturity","access_freshness_lease","dirichlet_lcb","diverse_then_repeat_backdoor","0.5","7","6","5","5","0.5","20","9","1.5","5","honest-15","honest","incumbent","ADMITTED","ADMITTED","9","9","0","4","4.882922989522995","1.5","0.7462875490779619","0.8370070466491786","0.6465358545084627","0.6465358545084627","0.1157982362815884","0.29254799703263074","50","50","50","5","5","True","False","NOT_APPLICABLE","","0","0.0","0","2.165644407272339","50","50","50.0","","","moderate_shadow"
"cifar10","20","2","mixed_maturity","access_freshness_lease","dirichlet_lcb","diverse_then_repeat_backdoor","0.5","7","6","5","5","0.5","20","9","1.5","5","honest-16","honest","incumbent","ADMITTED","ADMITTED","9","9","0","4","4.882922989522995","1.5","0.7462875490779619","0.8370070466491786","0.6465358545084627","0.6465358545084627","0.1157982362815884","0.29254799703263074","50","50","50","5","5","True","False","NOT_APPLICABLE","","0","0.0","0","3.9764344692230225","50","50","50.0","","","moderate_shadow"
"cifar10","20","2","mixed_maturity","access_freshness_lease","dirichlet_lcb","diverse_then_repeat_backdoor","0.5","7","6","5","5","0.5","20","9","1.5","5","honest-17","honest","incumbent","ADMITTED","ADMITTED","9","9","0","4","4.882922989522995","1.5","0.7462875490779619","0.8370070466491786","0.6465358545084627","0.6465358545084627","0.1157982362815884","0.29254799703263074","50","50","50","5","5","True","False","NOT_APPLICABLE","","0","0.0","0","2.7470271587371826","50","50","50.0","","","moderate_shadow"
"cifar10","20","2","mixed_maturity","access_freshness_lease","dirichlet_lcb","diverse_then_repeat_backdoor","0.5","7","6","5","5","0.5","20","9","1.5","5","honest-18","honest","incumbent","ADMITTED","ADMITTED","9","9","0","4","4.882922989522995","1.5","0.7462875490779619","0.8370070466491786","0.6465358545084627","0.6465358545084627","0.1157982362815884","0.29254799703263074","50","50","50","5","5","True","False","NOT_APPLICABLE","","0","0.0","0","4.072868347167969","50","50","50.0","","","moderate_shadow"
"cifar10","20","2","mixed_maturity","access_freshness_lease","dirichlet_lcb","diverse_then_repeat_backdoor","0.5","7","6","5","5","0.5","20","9","1.5","5","honest-2","honest","incumbent","ADMITTED","ADMITTED","9","9","0","4","4.882922989522995","1.5","0.7462875490779619","0.8370070466491786","0.6465358545084627","0.6465358545084627","0.1157982362815884","0.29254799703263074","50","50","50","5","5","True","False","NOT_APPLICABLE","","0","0.0","0","3.4179725646972656","50","50","50.0","","","moderate_shadow"
"cifar10","20","2","mixed_maturity","access_freshness_lease","dirichlet_lcb","diverse_then_repeat_backdoor","0.5","7","6","5","5","0.5","20","9","1.5","5","honest-3","honest","incumbent","ADMITTED","ADMITTED","9","9","0","4","4.882922989522995","1.5","0.7462875490779619","0.8370070466491786","0.6465358545084627","0.6465358545084627","0.1157982362815884","0.29254799703263074","50","50","50","5","5","True","False","NOT_APPLICABLE","","0","0.0","0","2.395411729812622","50","50","50.0","","","moderate_shadow"
"cifar10","20","2","mixed_maturity","access_freshness_lease","dirichlet_lcb","diverse_then_repeat_backdoor","0.5","7","6","5","5","0.5","20","9","1.5","5","honest-4","honest","incumbent","ADMITTED","ADMITTED","9","9","0","4","4.882922989522995","1.5","0.7462875490779619","0.8370070466491786","0.6465358545084627","0.6465358545084627","0.1157982362815884","0.29254799703263074","50","50","50","5","5","True","False","NOT_APPLICABLE","","0","0.0","0","3.3350281715393066","50","50","50.0","","","moderate_shadow"
"cifar10","20","2","mixed_maturity","access_freshness_lease","dirichlet_lcb","diverse_then_repeat_backdoor","0.5","7","6","5","5","0.5","20","9","1.5","5","honest-5","honest","incumbent","ADMITTED","ADMITTED","9","9","0","4","4.882922989522995","1.5","0.7462875490779619","0.8370070466491786","0.6465358545084627","0.6465358545084627","0.1157982362815884","0.29254799703263074","50","50","50","5","5","True","False","NOT_APPLICABLE","","0","0.0","0","32.908530950546265","50","50","50.0","","","moderate_shadow"
"cifar10","20","2","mixed_maturity","access_freshness_lease","dirichlet_lcb","diverse_then_repeat_backdoor","0.5","7","6","5","5","0.5","20","9","1.5","5","honest-6","honest","incumbent","ADMITTED","ADMITTED","9","9","0","4","4.882922989522995","1.5","0.7462875490779619","0.8370070466491786","0.6465358545084627","0.6465358545084627","0.1157982362815884","0.29254799703263074","50","50","50","5","5","True","False","NOT_APPLICABLE","","0","0.0","0","2.947509288787842","50","50","50.0","","","moderate_shadow"
"cifar10","20","2","mixed_maturity","access_freshness_lease","dirichlet_lcb","diverse_then_repeat_backdoor","0.5","7","6","5","5","0.5","20","9","1.5","5","honest-7","honest","incumbent","ADMITTED","ADMITTED","9","9","0","4","4.882922989522995","1.5","0.7462875490779619","0.8370070466491786","0.6465358545084627","0.6465358545084627","0.1157982362815884","0.29254799703263074","50","50","50","5","5","True","False","NOT_APPLICABLE","","0","0.0","0","2.4348838329315186","50","50","50.0","","","moderate_shadow"
"cifar10","20","2","mixed_maturity","access_freshness_lease","dirichlet_lcb","diverse_then_repeat_backdoor","0.5","7","6","5","5","0.5","20","9","1.5","5","honest-8","honest","incumbent","ADMITTED","ADMITTED","9","9","0","4","4.882922989522995","1.5","0.7462875490779619","0.8370070466491786","0.6465358545084627","0.6465358545084627","0.1157982362815884","0.29254799703263074","50","50","50","5","5","True","False","NOT_APPLICABLE","","0","0.0","0","3.8122143745422363","50","50","50.0","","","moderate_shadow"
"cifar10","20","2","mixed_maturity","access_freshness_lease","dirichlet_lcb","diverse_then_repeat_backdoor","0.5","7","6","5","5","0.5","20","9","1.5","5","honest-9","honest","incumbent","ADMITTED","ADMITTED","9","9","0","4","4.882922989522995","1.5","0.7462875490779619","0.8370070466491786","0.6465358545084627","0.6465358545084627","0.1157982362815884","0.29254799703263074","50","50","50","5","5","True","False","NOT_APPLICABLE","","0","0.0","0","33.276638984680176","50","50","50.0","","","moderate_shadow"
"cifar10","20","2","mixed_maturity","access_freshness_lease","dirichlet_lcb","diverse_then_repeat_backdoor","0.5","8","6","5","5","0.5","20","9","1.5","5","attacker-1","diverse_then_repeat_backdoor","newcomer","LIMITED","LIMITED","9","9","0","4","4.882922989522995","1.5","0.7462875490779619","0.8370070466491786","0.6465358545084627","0.6465358545084627","0.1157982362815884","0.29254799703263074","50","50","50","5","5","True","True","REVALIDATION","5","5","0.0","0","2.5346052646636963","50","50","37.5","","","moderate_shadow"
"cifar10","20","2","mixed_maturity","access_freshness_lease","dirichlet_lcb","diverse_then_repeat_backdoor","0.5","8","6","5","5","0.5","20","9","1.5","5","attacker-2","diverse_then_repeat_backdoor","newcomer","LIMITED","LIMITED","9","9","0","4","4.882922989522995","1.5","0.7462875490779619","0.8370070466491786","0.6465358545084627","0.6465358545084627","0.1157982362815884","0.29254799703263074","50","50","50","5","5","True","True","REVALIDATION","5","5","0.0","0","3.6800262928009033","50","50","37.5","","","moderate_shadow"
"cifar10","20","2","mixed_maturity","access_freshness_lease","dirichlet_lcb","diverse_then_repeat_backdoor","0.5","8","6","5","5","0.5","20","9","1.5","5","honest-1","honest","incumbent","ADMITTED","ADMITTED","9","9","0","4","4.882922989522995","1.5","0.7462875490779619","0.8370070466491786","0.6465358545084627","0.6465358545084627","0.1157982362815884","0.29254799703263074","50","50","50","5","5","True","False","NOT_APPLICABLE","","0","0.0","0","3.78611159324646","50","50","50.0","","","moderate_shadow"
"cifar10","20","2","mixed_maturity","access_freshness_lease","dirichlet_lcb","diverse_then_repeat_backdoor","0.5","8","6","5","5","0.5","20","9","1.5","5","honest-10","honest","incumbent","ADMITTED","ADMITTED","9","9","0","4","4.882922989522995","1.5","0.7462875490779619","0.8370070466491786","0.6465358545084627","0.6465358545084627","0.1157982362815884","0.29254799703263074","50","50","50","5","5","True","False","NOT_APPLICABLE","","0","0.0","0","2.6129584312438965","50","50","50.0","","","moderate_shadow"
"cifar10","20","2","mixed_maturity","access_freshness_lease","dirichlet_lcb","diverse_then_repeat_backdoor","0.5","8","6","5","5","0.5","20","9","1.5","5","honest-11","honest","incumbent","ADMITTED","ADMITTED","9","9","0","4","4.882922989522995","1.5","0.7462875490779619","0.8370070466491786","0.6465358545084627","0.6465358545084627","0.1157982362815884","0.29254799703263074","50","50","50","5","5","True","False","NOT_APPLICABLE","","0","0.0","0","3.4309463500976562","50","50","50.0","","","moderate_shadow"
"cifar10","20","2","mixed_maturity","access_freshness_lease","dirichlet_lcb","diverse_then_repeat_backdoor","0.5","8","6","5","5","0.5","20","9","1.5","5","honest-12","honest","incumbent","ADMITTED","ADMITTED","9","9","0","4","4.882922989522995","1.5","0.7462875490779619","0.8370070466491786","0.6465358545084627","0.6465358545084627","0.1157982362815884","0.29254799703263074","50","50","50","5","5","True","False","NOT_APPLICABLE","","0","0.0","0","3.9535608291625977","50","50","50.0","","","moderate_shadow"
"cifar10","20","2","mixed_maturity","access_freshness_lease","dirichlet_lcb","diverse_then_repeat_backdoor","0.5","8","6","5","5","0.5","20","9","1.5","5","honest-13","honest","incumbent","ADMITTED","ADMITTED","9","9","0","4","4.882922989522995","1.5","0.7462875490779619","0.8370070466491786","0.6465358545084627","0.6465358545084627","0.1157982362815884","0.29254799703263074","50","50","50","5","5","True","False","NOT_APPLICABLE","","0","0.0","0","2.2847115993499756","50","50","50.0","","","moderate_shadow"
"cifar10","20","2","mixed_maturity","access_freshness_lease","dirichlet_lcb","diverse_then_repeat_backdoor","0.5","8","6","5","5","0.5","20","9","1.5","5","honest-14","honest","incumbent","ADMITTED","ADMITTED","9","9","0","4","4.882922989522995","1.5","0.7462875490779619","0.8370070466491786","0.6465358545084627","0.6465358545084627","0.1157982362815884","0.29254799703263074","50","50","50","5","5","True","False","NOT_APPLICABLE","","0","0.0","0","3.9026896953582764","50","50","50.0","","","moderate_shadow"
"cifar10","20","2","mixed_maturity","access_freshness_lease","dirichlet_lcb","diverse_then_repeat_backdoor","0.5","8","6","5","5","0.5","20","9","1.5","5","honest-15","honest","incumbent","ADMITTED","ADMITTED","9","9","0","4","4.882922989522995","1.5","0.7462875490779619","0.8370070466491786","0.6465358545084627","0.6465358545084627","0.1157982362815884","0.29254799703263074","50","50","50","5","5","True","False","NOT_APPLICABLE","","0","0.0","0","4.201717376708984","50","50","50.0","","","moderate_shadow"
"cifar10","20","2","mixed_maturity","access_freshness_lease","dirichlet_lcb","diverse_then_repeat_backdoor","0.5","8","6","5","5","0.5","20","9","1.5","5","honest-16","honest","incumbent","ADMITTED","ADMITTED","9","9","0","4","4.882922989522995","1.5","0.7462875490779619","0.8370070466491786","0.6465358545084627","0.6465358545084627","0.1157982362815884","0.29254799703263074","50","50","50","5","5","True","False","NOT_APPLICABLE","","0","0.0","0","32.79747295379639","50","50","50.0","","","moderate_shadow"
"cifar10","20","2","mixed_maturity","access_freshness_lease","dirichlet_lcb","diverse_then_repeat_backdoor","0.5","8","6","5","5","0.5","20","9","1.5","5","honest-17","honest","incumbent","ADMITTED","ADMITTED","9","9","0","4","4.882922989522995","1.5","0.7462875490779619","0.8370070466491786","0.6465358545084627","0.6465358545084627","0.1157982362815884","0.29254799703263074","50","50","50","5","5","True","False","NOT_APPLICABLE","","0","0.0","0","4.117316961288452","50","50","50.0","","","moderate_shadow"
"cifar10","20","2","mixed_maturity","access_freshness_lease","dirichlet_lcb","diverse_then_repeat_backdoor","0.5","8","6","5","5","0.5","20","9","1.5","5","honest-18","honest","incumbent","ADMITTED","ADMITTED","9","9","0","4","4.882922989522995","1.5","0.7462875490779619","0.8370070466491786","0.6465358545084627","0.6465358545084627","0.1157982362815884","0.29254799703263074","50","50","50","5","5","True","False","NOT_APPLICABLE","","0","0.0","0","3.8702399730682373","50","50","50.0","","","moderate_shadow"
"cifar10","20","2","mixed_maturity","access_freshness_lease","dirichlet_lcb","diverse_then_repeat_backdoor","0.5","8","6","5","5","0.5","20","9","1.5","5","honest-2","honest","incumbent","ADMITTED","ADMITTED","9","9","0","4","4.882922989522995","1.5","0.7462875490779619","0.8370070466491786","0.6465358545084627","0.6465358545084627","0.1157982362815884","0.29254799703263074","50","50","50","5","5","True","False","NOT_APPLICABLE","","0","0.0","0","3.0303568840026855","50","50","50.0","","","moderate_shadow"
"cifar10","20","2","mixed_maturity","access_freshness_lease","dirichlet_lcb","diverse_then_repeat_backdoor","0.5","8","6","5","5","0.5","20","9","1.5","5","honest-3","honest","incumbent","ADMITTED","ADMITTED","9","9","0","4","4.882922989522995","1.5","0.7462875490779619","0.8370070466491786","0.6465358545084627","0.6465358545084627","0.1157982362815884","0.29254799703263074","50","50","50","5","5","True","False","NOT_APPLICABLE","","0","0.0","0","3.222362518310547","50","50","50.0","","","moderate_shadow"
"cifar10","20","2","mixed_maturity","access_freshness_lease","dirichlet_lcb","diverse_then_repeat_backdoor","0.5","8","6","5","5","0.5","20","9","1.5","5","honest-4","honest","incumbent","ADMITTED","ADMITTED","9","9","0","4","4.882922989522995","1.5","0.7462875490779619","0.8370070466491786","0.6465358545084627","0.6465358545084627","0.1157982362815884","0.29254799703263074","50","50","50","5","5","True","False","NOT_APPLICABLE","","0","0.0","0","33.88215374946594","50","50","50.0","","","moderate_shadow"
"cifar10","20","2","mixed_maturity","access_freshness_lease","dirichlet_lcb","diverse_then_repeat_backdoor","0.5","8","6","5","5","0.5","20","9","1.5","5","honest-5","honest","incumbent","ADMITTED","ADMITTED","9","9","0","4","4.882922989522995","1.5","0.7462875490779619","0.8370070466491786","0.6465358545084627","0.6465358545084627","0.1157982362815884","0.29254799703263074","50","50","50","5","5","True","False","NOT_APPLICABLE","","0","0.0","0","3.6998212337493896","50","50","50.0","","","moderate_shadow"
"cifar10","20","2","mixed_maturity","access_freshness_lease","dirichlet_lcb","diverse_then_repeat_backdoor","0.5","8","6","5","5","0.5","20","9","1.5","5","honest-6","honest","incumbent","ADMITTED","ADMITTED","9","9","0","4","4.882922989522995","1.5","0.7462875490779619","0.8370070466491786","0.6465358545084627","0.6465358545084627","0.1157982362815884","0.29254799703263074","50","50","50","5","5","True","False","NOT_APPLICABLE","","0","0.0","0","2.807771921157837","50","50","50.0","","","moderate_shadow"
"cifar10","20","2","mixed_maturity","access_freshness_lease","dirichlet_lcb","diverse_then_repeat_backdoor","0.5","8","6","5","5","0.5","20","9","1.5","5","honest-7","honest","incumbent","ADMITTED","ADMITTED","9","9","0","4","4.882922989522995","1.5","0.7462875490779619","0.8370070466491786","0.6465358545084627","0.6465358545084627","0.1157982362815884","0.29254799703263074","50","50","50","5","5","True","False","NOT_APPLICABLE","","0","0.0","0","2.767364025115967","50","50","50.0","","","moderate_shadow"
"cifar10","20","2","mixed_maturity","access_freshness_lease","dirichlet_lcb","diverse_then_repeat_backdoor","0.5","8","6","5","5","0.5","20","9","1.5","5","honest-8","honest","incumbent","ADMITTED","ADMITTED","9","9","0","4","4.882922989522995","1.5","0.7462875490779619","0.8370070466491786","0.6465358545084627","0.6465358545084627","0.1157982362815884","0.29254799703263074","50","50","50","5","5","True","False","NOT_APPLICABLE","","0","0.0","0","4.2318994998931885","50","50","50.0","","","moderate_shadow"
"cifar10","20","2","mixed_maturity","access_freshness_lease","dirichlet_lcb","diverse_then_repeat_backdoor","0.5","8","6","5","5","0.5","20","9","1.5","5","honest-9","honest","incumbent","ADMITTED","ADMITTED","9","9","0","4","4.882922989522995","1.5","0.7462875490779619","0.8370070466491786","0.6465358545084627","0.6465358545084627","0.1157982362815884","0.29254799703263074","50","50","50","5","5","True","False","NOT_APPLICABLE","","0","0.0","0","2.9713656902313232","50","50","50.0","","","moderate_shadow"
"cifar10","20","2","mixed_maturity","access_freshness_lease","dirichlet_lcb","diverse_then_repeat_backdoor","0.5","9","6","5","5","0.5","20","9","1.5","5","attacker-1","diverse_then_repeat_backdoor","newcomer","LIMITED","LIMITED","9","9","0","4","4.882922989522995","1.5","0.7462875490779619","0.8370070466491786","0.6465358545084627","0.6465358545084627","0.1157982362815884","0.29254799703263074","50","50","50","5","5","True","True","REVALIDATION","5","5","0.0","0","3.4211785793304443","50","50","37.5","","","moderate_shadow"
"cifar10","20","2","mixed_maturity","access_freshness_lease","dirichlet_lcb","diverse_then_repeat_backdoor","0.5","9","6","5","5","0.5","20","9","1.5","5","attacker-2","diverse_then_repeat_backdoor","newcomer","LIMITED","LIMITED","9","9","0","4","4.882922989522995","1.5","0.7462875490779619","0.8370070466491786","0.6465358545084627","0.6465358545084627","0.1157982362815884","0.29254799703263074","50","50","50","5","5","True","True","REVALIDATION","5","5","0.0","0","3.890554904937744","50","50","37.5","","","moderate_shadow"
"cifar10","20","2","mixed_maturity","access_freshness_lease","dirichlet_lcb","diverse_then_repeat_backdoor","0.5","9","6","5","5","0.5","20","9","1.5","5","honest-1","honest","incumbent","ADMITTED","ADMITTED","9","9","0","4","4.882922989522995","1.5","0.7462875490779619","0.8370070466491786","0.6465358545084627","0.6465358545084627","0.1157982362815884","0.29254799703263074","50","50","50","5","5","True","False","NOT_APPLICABLE","","0","0.0","0","3.644491195678711","50","50","50.0","","","moderate_shadow"
"cifar10","20","2","mixed_maturity","access_freshness_lease","dirichlet_lcb","diverse_then_repeat_backdoor","0.5","9","6","5","5","0.5","20","9","1.5","5","honest-10","honest","incumbent","ADMITTED","ADMITTED","9","9","0","4","4.882922989522995","1.5","0.7462875490779619","0.8370070466491786","0.6465358545084627","0.6465358545084627","0.1157982362815884","0.29254799703263074","50","50","50","5","5","True","False","NOT_APPLICABLE","","0","0.0","0","2.938347339630127","50","50","50.0","","","moderate_shadow"
"cifar10","20","2","mixed_maturity","access_freshness_lease","dirichlet_lcb","diverse_then_repeat_backdoor","0.5","9","6","5","5","0.5","20","9","1.5","5","honest-11","honest","incumbent","ADMITTED","ADMITTED","9","9","0","4","4.882922989522995","1.5","0.7462875490779619","0.8370070466491786","0.6465358545084627","0.6465358545084627","0.1157982362815884","0.29254799703263074","50","50","50","5","5","True","False","NOT_APPLICABLE","","0","0.0","0","33.87929582595825","50","50","50.0","","","moderate_shadow"
"cifar10","20","2","mixed_maturity","access_freshness_lease","dirichlet_lcb","diverse_then_repeat_backdoor","0.5","9","6","5","5","0.5","20","9","1.5","5","honest-12","honest","incumbent","ADMITTED","ADMITTED","9","9","0","4","4.882922989522995","1.5","0.7462875490779619","0.8370070466491786","0.6465358545084627","0.6465358545084627","0.1157982362815884","0.29254799703263074","50","50","50","5","5","True","False","NOT_APPLICABLE","","0","0.0","0","2.3346810340881348","50","50","50.0","","","moderate_shadow"
"cifar10","20","2","mixed_maturity","access_freshness_lease","dirichlet_lcb","diverse_then_repeat_backdoor","0.5","9","6","5","5","0.5","20","9","1.5","5","honest-13","honest","incumbent","ADMITTED","ADMITTED","9","9","0","4","4.882922989522995","1.5","0.7462875490779619","0.8370070466491786","0.6465358545084627","0.6465358545084627","0.1157982362815884","0.29254799703263074","50","50","50","5","5","True","False","NOT_APPLICABLE","","0","0.0","0","2.683330535888672","50","50","50.0","","","moderate_shadow"
"cifar10","20","2","mixed_maturity","access_freshness_lease","dirichlet_lcb","diverse_then_repeat_backdoor","0.5","9","6","5","5","0.5","20","9","1.5","5","honest-14","honest","incumbent","ADMITTED","ADMITTED","9","9","0","4","4.882922989522995","1.5","0.7462875490779619","0.8370070466491786","0.6465358545084627","0.6465358545084627","0.1157982362815884","0.29254799703263074","50","50","50","5","5","True","False","NOT_APPLICABLE","","0","0.0","0","3.9983530044555664","50","50","50.0","","","moderate_shadow"
"cifar10","20","2","mixed_maturity","access_freshness_lease","dirichlet_lcb","diverse_then_repeat_backdoor","0.5","9","6","5","5","0.5","20","9","1.5","5","honest-15","honest","incumbent","ADMITTED","ADMITTED","9","9","0","3","4.76698923888176","1.5","0.7437820368902304","0.8332768051183246","0.6393772482578011","0.6393772482578011","0.11788253356256753","0.28561047849957855","50","50","50","5","5","True","False","NOT_APPLICABLE","","0","0.0","0","32.69760012626648","50","50","50.0","","","moderate_shadow"
"cifar10","20","2","mixed_maturity","access_freshness_lease","dirichlet_lcb","diverse_then_repeat_backdoor","0.5","9","6","5","5","0.5","20","9","1.5","5","honest-16","honest","incumbent","ADMITTED","ADMITTED","9","9","0","4","4.882922989522995","1.5","0.7462875490779619","0.8370070466491786","0.6465358545084627","0.6465358545084627","0.1157982362815884","0.29254799703263074","50","50","50","5","5","True","False","NOT_APPLICABLE","","0","0.0","0","3.8563859462738037","50","50","50.0","","","moderate_shadow"
"cifar10","20","2","mixed_maturity","access_freshness_lease","dirichlet_lcb","diverse_then_repeat_backdoor","0.5","9","6","5","5","0.5","20","9","1.5","5","honest-17","honest","incumbent","ADMITTED","ADMITTED","9","9","0","4","4.882922989522995","1.5","0.7462875490779619","0.8370070466491786","0.6465358545084627","0.6465358545084627","0.1157982362815884","0.29254799703263074","50","50","50","5","5","True","False","NOT_APPLICABLE","","0","0.0","0","3.6023638248443604","50","50","50.0","","","moderate_shadow"
"cifar10","20","2","mixed_maturity","access_freshness_lease","dirichlet_lcb","diverse_then_repeat_backdoor","0.5","9","6","5","5","0.5","20","9","1.5","5","honest-18","honest","incumbent","ADMITTED","ADMITTED","9","9","0","4","4.882922989522995","1.5","0.7462875490779619","0.8370070466491786","0.6465358545084627","0.6465358545084627","0.1157982362815884","0.29254799703263074","50","50","50","5","5","True","False","NOT_APPLICABLE","","0","0.0","0","2.199242353439331","50","50","50.0","","","moderate_shadow"
"cifar10","20","2","mixed_maturity","access_freshness_lease","dirichlet_lcb","diverse_then_repeat_backdoor","0.5","9","6","5","5","0.5","20","9","1.5","5","honest-2","honest","incumbent","ADMITTED","ADMITTED","9","9","0","4","4.882922989522995","1.5","0.7462875490779619","0.8370070466491786","0.6465358545084627","0.6465358545084627","0.1157982362815884","0.29254799703263074","50","50","50","5","5","True","False","NOT_APPLICABLE","","0","0.0","0","3.2928481101989746","50","50","50.0","","","moderate_shadow"
"cifar10","20","2","mixed_maturity","access_freshness_lease","dirichlet_lcb","diverse_then_repeat_backdoor","0.5","9","6","5","5","0.5","20","9","1.5","5","honest-3","honest","incumbent","ADMITTED","ADMITTED","9","9","0","4","4.882922989522995","1.5","0.7462875490779619","0.8370070466491786","0.6465358545084627","0.6465358545084627","0.1157982362815884","0.29254799703263074","50","50","50","5","5","True","False","NOT_APPLICABLE","","0","0.0","0","2.670567274093628","50","50","50.0","","","moderate_shadow"
"cifar10","20","2","mixed_maturity","access_freshness_lease","dirichlet_lcb","diverse_then_repeat_backdoor","0.5","9","6","5","5","0.5","20","9","1.5","5","honest-4","honest","incumbent","ADMITTED","ADMITTED","9","9","0","3","4.5294892388817605","1.5","0.7401065581334588","0.8277664507491892","0.6288758803813109","0.6288758803813109","0.12091685363435191","0.27568090107538146","50","50","50","5","5","True","False","NOT_APPLICABLE","","0","0.0","0","63.27610969543457","50","50","50.0","","","moderate_shadow"
"cifar10","20","2","mixed_maturity","access_freshness_lease","dirichlet_lcb","diverse_then_repeat_backdoor","0.5","9","6","5","5","0.5","20","9","1.5","5","honest-5","honest","incumbent","ADMITTED","ADMITTED","9","9","0","4","4.882922989522995","1.5","0.7462875490779619","0.8370070466491786","0.6465358545084627","0.6465358545084627","0.1157982362815884","0.29254799703263074","50","50","50","5","5","True","False","NOT_APPLICABLE","","0","0.0","0","32.69659757614136","50","50","50.0","","","moderate_shadow"
"cifar10","20","2","mixed_maturity","access_freshness_lease","dirichlet_lcb","diverse_then_repeat_backdoor","0.5","9","6","5","5","0.5","20","9","1.5","5","honest-6","honest","incumbent","ADMITTED","ADMITTED","9","9","0","3","5.004489238881761","1.5","0.7503560216234088","0.8430201361031787","0.6581600617811678","0.6581600617811678","0.11238691964272261","0.3041175807403508","50","50","50","5","5","True","False","NOT_APPLICABLE","","0","0.0","0","32.49314260482788","50","50","50.0","","","moderate_shadow"
"cifar10","20","2","mixed_maturity","access_freshness_lease","dirichlet_lcb","diverse_then_repeat_backdoor","0.5","9","6","5","5","0.5","20","9","1.5","5","honest-7","honest","incumbent","ADMITTED","ADMITTED","9","9","0","4","4.882922989522995","1.5","0.7462875490779619","0.8370070466491786","0.6465358545084627","0.6465358545084627","0.1157982362815884","0.29254799703263074","50","50","50","5","5","True","False","NOT_APPLICABLE","","0","0.0","0","3.421583414077759","50","50","50.0","","","moderate_shadow"
"cifar10","20","2","mixed_maturity","access_freshness_lease","dirichlet_lcb","diverse_then_repeat_backdoor","0.5","9","6","5","5","0.5","20","9","1.5","5","honest-8","honest","incumbent","ADMITTED","ADMITTED","9","9","0","4","4.882922989522995","1.5","0.7462875490779619","0.8370070466491786","0.6465358545084627","0.6465358545084627","0.1157982362815884","0.29254799703263074","50","50","50","5","5","True","False","NOT_APPLICABLE","","0","0.0","0","2.4765734672546387","50","50","50.0","","","moderate_shadow"
"cifar10","20","2","mixed_maturity","access_freshness_lease","dirichlet_lcb","diverse_then_repeat_backdoor","0.5","9","6","5","5","0.5","20","9","1.5","5","honest-9","honest","incumbent","ADMITTED","ADMITTED","9","9","0","4","4.882922989522995","1.5","0.7462875490779619","0.8370070466491786","0.6465358545084627","0.6465358545084627","0.1157982362815884","0.29254799703263074","50","50","50","5","5","True","False","NOT_APPLICABLE","","0","0.0","0","32.53465938568115","50","50","50.0","","","moderate_shadow"
"cifar10","20","2","mixed_maturity","access_freshness_lease","dirichlet_lcb","benign_concept_drift","0.5","0","6","5","5","0.5","20","9","1.5","5","attacker-1","benign_concept_drift","newcomer","LIMITED","LIMITED","9","9","0","4","4.882922989522995","1.5","0.7462875490779619","0.8370070466491786","0.6465358545084627","0.6465358545084627","0.1157982362815884","0.29254799703263074","50","50","50","5","5","True","True","REVALIDATION","5","5","0.0","0","3.001244068145752","50","50","37.5","","","moderate_shadow"
"cifar10","20","2","mixed_maturity","access_freshness_lease","dirichlet_lcb","benign_concept_drift","0.5","0","6","5","5","0.5","20","9","1.5","5","attacker-2","benign_concept_drift","newcomer","LIMITED","LIMITED","9","9","0","4","4.882922989522995","1.5","0.7462875490779619","0.8370070466491786","0.6465358545084627","0.6465358545084627","0.1157982362815884","0.29254799703263074","50","50","50","5","5","True","True","REVALIDATION","5","5","0.0","0","2.2892065048217773","50","50","37.5","","","moderate_shadow"
"cifar10","20","2","mixed_maturity","access_freshness_lease","dirichlet_lcb","benign_concept_drift","0.5","0","6","5","5","0.5","20","9","1.5","5","honest-1","honest","incumbent","ADMITTED","ADMITTED","9","9","0","4","4.882922989522995","1.5","0.7462875490779619","0.8370070466491786","0.6465358545084627","0.6465358545084627","0.1157982362815884","0.29254799703263074","50","50","50","5","5","True","False","NOT_APPLICABLE","","0","0.0","0","34.4963800907135","50","50","50.0","","","moderate_shadow"
"cifar10","20","2","mixed_maturity","access_freshness_lease","dirichlet_lcb","benign_concept_drift","0.5","0","6","5","5","0.5","20","9","1.5","5","honest-10","honest","incumbent","ADMITTED","ADMITTED","9","9","0","4","4.882922989522995","1.5","0.7462875490779619","0.8370070466491786","0.6465358545084627","0.6465358545084627","0.1157982362815884","0.29254799703263074","50","50","50","5","5","True","False","NOT_APPLICABLE","","0","0.0","0","3.6044394969940186","50","50","50.0","","","moderate_shadow"
"cifar10","20","2","mixed_maturity","access_freshness_lease","dirichlet_lcb","benign_concept_drift","0.5","0","6","5","5","0.5","20","9","1.5","5","honest-11","honest","incumbent","ADMITTED","ADMITTED","9","9","0","4","4.882922989522995","1.5","0.7462875490779619","0.8370070466491786","0.6465358545084627","0.6465358545084627","0.1157982362815884","0.29254799703263074","50","50","50","5","5","True","False","NOT_APPLICABLE","","0","0.0","0","2.301786184310913","50","50","50.0","","","moderate_shadow"
"cifar10","20","2","mixed_maturity","access_freshness_lease","dirichlet_lcb","benign_concept_drift","0.5","0","6","5","5","0.5","20","9","1.5","5","honest-12","honest","incumbent","ADMITTED","ADMITTED","9","9","0","4","4.882922989522995","1.5","0.7462875490779619","0.8370070466491786","0.6465358545084627","0.6465358545084627","0.1157982362815884","0.29254799703263074","50","50","50","5","5","True","False","NOT_APPLICABLE","","0","0.0","0","4.098306894302368","50","50","50.0","","","moderate_shadow"
"cifar10","20","2","mixed_maturity","access_freshness_lease","dirichlet_lcb","benign_concept_drift","0.5","0","6","5","5","0.5","20","9","1.5","5","honest-13","honest","incumbent","ADMITTED","ADMITTED","9","9","0","4","4.882922989522995","1.5","0.7462875490779619","0.8370070466491786","0.6465358545084627","0.6465358545084627","0.1157982362815884","0.29254799703263074","50","50","50","5","5","True","False","NOT_APPLICABLE","","0","0.0","0","3.718777656555176","50","50","50.0","","","moderate_shadow"
"cifar10","20","2","mixed_maturity","access_freshness_lease","dirichlet_lcb","benign_concept_drift","0.5","0","6","5","5","0.5","20","9","1.5","5","honest-14","honest","incumbent","ADMITTED","ADMITTED","9","9","0","4","4.882922989522995","1.5","0.7462875490779619","0.8370070466491786","0.6465358545084627","0.6465358545084627","0.1157982362815884","0.29254799703263074","50","50","50","5","5","True","False","NOT_APPLICABLE","","0","0.0","0","3.6925246715545654","50","50","50.0","","","moderate_shadow"
"cifar10","20","2","mixed_maturity","access_freshness_lease","dirichlet_lcb","benign_concept_drift","0.5","0","6","5","5","0.5","20","9","1.5","5","honest-15","honest","incumbent","ADMITTED","ADMITTED","9","9","0","4","4.882922989522995","1.5","0.7462875490779619","0.8370070466491786","0.6465358545084627","0.6465358545084627","0.1157982362815884","0.29254799703263074","50","50","50","5","5","True","False","NOT_APPLICABLE","","0","0.0","0","2.3716042041778564","50","50","50.0","","","moderate_shadow"
"cifar10","20","2","mixed_maturity","access_freshness_lease","dirichlet_lcb","benign_concept_drift","0.5","0","6","5","5","0.5","20","9","1.5","5","honest-16","honest","incumbent","ADMITTED","ADMITTED","9","9","0","4","4.882922989522995","1.5","0.7462875490779619","0.8370070466491786","0.6465358545084627","0.6465358545084627","0.1157982362815884","0.29254799703263074","50","50","50","5","5","True","False","NOT_APPLICABLE","","0","0.0","0","2.7746808528900146","50","50","50.0","","","moderate_shadow"
"cifar10","20","2","mixed_maturity","access_freshness_lease","dirichlet_lcb","benign_concept_drift","0.5","0","6","5","5","0.5","20","9","1.5","5","honest-17","honest","incumbent","ADMITTED","ADMITTED","9","9","0","4","4.882922989522995","1.5","0.7462875490779619","0.8370070466491786","0.6465358545084627","0.6465358545084627","0.1157982362815884","0.29254799703263074","50","50","50","5","5","True","False","NOT_APPLICABLE","","0","0.0","0","3.202585458755493","50","50","50.0","","","moderate_shadow"
"cifar10","20","2","mixed_maturity","access_freshness_lease","dirichlet_lcb","benign_concept_drift","0.5","0","6","5","5","0.5","20","9","1.5","5","honest-18","honest","incumbent","ADMITTED","ADMITTED","9","9","0","4","4.882922989522995","1.5","0.7462875490779619","0.8370070466491786","0.6465358545084627","0.6465358545084627","0.1157982362815884","0.29254799703263074","50","50","50","5","5","True","False","NOT_APPLICABLE","","0","0.0","0","3.5304205417633057","50","50","50.0","","","moderate_shadow"
"cifar10","20","2","mixed_maturity","access_freshness_lease","dirichlet_lcb","benign_concept_drift","0.5","0","6","5","5","0.5","20","9","1.5","5","honest-2","honest","incumbent","ADMITTED","ADMITTED","9","9","0","4","4.882922989522995","1.5","0.7462875490779619","0.8370070466491786","0.6465358545084627","0.6465358545084627","0.1157982362815884","0.29254799703263074","50","50","50","5","5","True","False","NOT_APPLICABLE","","0","0.0","0","3.405271053314209","50","50","50.0","","","moderate_shadow"
"cifar10","20","2","mixed_maturity","access_freshness_lease","dirichlet_lcb","benign_concept_drift","0.5","0","6","5","5","0.5","20","9","1.5","5","honest-3","honest","incumbent","ADMITTED","ADMITTED","9","9","0","4","4.882922989522995","1.5","0.7462875490779619","0.8370070466491786","0.6465358545084627","0.6465358545084627","0.1157982362815884","0.29254799703263074","50","50","50","5","5","True","False","NOT_APPLICABLE","","0","0.0","0","3.925945281982422","50","50","50.0","","","moderate_shadow"
"cifar10","20","2","mixed_maturity","access_freshness_lease","dirichlet_lcb","benign_concept_drift","0.5","0","6","5","5","0.5","20","9","1.5","5","honest-4","honest","incumbent","ADMITTED","ADMITTED","9","9","0","4","4.882922989522995","1.5","0.7462875490779619","0.8370070466491786","0.6465358545084627","0.6465358545084627","0.1157982362815884","0.29254799703263074","50","50","50","5","5","True","False","NOT_APPLICABLE","","0","0.0","0","4.127601146697998","50","50","50.0","","","moderate_shadow"
"cifar10","20","2","mixed_maturity","access_freshness_lease","dirichlet_lcb","benign_concept_drift","0.5","0","6","5","5","0.5","20","9","1.5","5","honest-5","honest","incumbent","ADMITTED","ADMITTED","9","9","0","4","4.882922989522995","1.5","0.7462875490779619","0.8370070466491786","0.6465358545084627","0.6465358545084627","0.1157982362815884","0.29254799703263074","50","50","50","5","5","True","False","NOT_APPLICABLE","","0","0.0","0","2.4458677768707275","50","50","50.0","","","moderate_shadow"
"cifar10","20","2","mixed_maturity","access_freshness_lease","dirichlet_lcb","benign_concept_drift","0.5","0","6","5","5","0.5","20","9","1.5","5","honest-6","honest","incumbent","ADMITTED","ADMITTED","9","9","0","4","4.882922989522995","1.5","0.7462875490779619","0.8370070466491786","0.6465358545084627","0.6465358545084627","0.1157982362815884","0.29254799703263074","50","50","50","5","5","True","False","NOT_APPLICABLE","","0","0.0","0","4.128608465194702","50","50","50.0","","","moderate_shadow"
"cifar10","20","2","mixed_maturity","access_freshness_lease","dirichlet_lcb","benign_concept_drift","0.5","0","6","5","5","0.5","20","9","1.5","5","honest-7","honest","incumbent","ADMITTED","ADMITTED","9","9","0","4","4.882922989522995","1.5","0.7462875490779619","0.8370070466491786","0.6465358545084627","0.6465358545084627","0.1157982362815884","0.29254799703263074","50","50","50","5","5","True","False","NOT_APPLICABLE","","0","0.0","0","94.17183494567871","50","50","50.0","","","moderate_shadow"
"cifar10","20","2","mixed_maturity","access_freshness_lease","dirichlet_lcb","benign_concept_drift","0.5","0","6","5","5","0.5","20","9","1.5","5","honest-8","honest","incumbent","ADMITTED","ADMITTED","9","9","0","4","4.882922989522995","1.5","0.7462875490779619","0.8370070466491786","0.6465358545084627","0.6465358545084627","0.1157982362815884","0.29254799703263074","50","50","50","5","5","True","False","NOT_APPLICABLE","","0","0.0","0","2.858912229537964","50","50","50.0","","","moderate_shadow"
"cifar10","20","2","mixed_maturity","access_freshness_lease","dirichlet_lcb","benign_concept_drift","0.5","0","6","5","5","0.5","20","9","1.5","5","honest-9","honest","incumbent","ADMITTED","ADMITTED","9","9","0","4","4.882922989522995","1.5","0.7462875490779619","0.8370070466491786","0.6465358545084627","0.6465358545084627","0.1157982362815884","0.29254799703263074","50","50","50","5","5","True","False","NOT_APPLICABLE","","0","0.0","0","2.695089340209961","50","50","50.0","","","moderate_shadow"
"cifar10","20","2","mixed_maturity","access_freshness_lease","dirichlet_lcb","benign_concept_drift","0.5","1","6","5","5","0.5","20","9","1.5","5","attacker-1","benign_concept_drift","newcomer","LIMITED","LIMITED","9","9","0","4","4.882922989522995","1.5","0.7462875490779619","0.8370070466491786","0.6465358545084627","0.6465358545084627","0.1157982362815884","0.29254799703263074","50","50","50","5","5","True","True","REVALIDATION","5","5","0.0","0","4.115826845169067","50","50","37.5","","","moderate_shadow"
"cifar10","20","2","mixed_maturity","access_freshness_lease","dirichlet_lcb","benign_concept_drift","0.5","1","6","5","5","0.5","20","9","1.5","5","attacker-2","benign_concept_drift","newcomer","LIMITED","LIMITED","9","9","0","4","4.882922989522995","1.5","0.7462875490779619","0.8370070466491786","0.6465358545084627","0.6465358545084627","0.1157982362815884","0.29254799703263074","50","50","50","5","5","True","True","REVALIDATION","5","5","0.0","0","2.8518786430358887","50","50","37.5","","","moderate_shadow"
"cifar10","20","2","mixed_maturity","access_freshness_lease","dirichlet_lcb","benign_concept_drift","0.5","1","6","5","5","0.5","20","9","1.5","5","honest-1","honest","incumbent","ADMITTED","ADMITTED","9","9","0","4","4.882922989522995","1.5","0.7462875490779619","0.8370070466491786","0.6465358545084627","0.6465358545084627","0.1157982362815884","0.29254799703263074","50","50","50","5","5","True","False","NOT_APPLICABLE","","0","0.0","0","3.4177379608154297","50","50","50.0","","","moderate_shadow"
"cifar10","20","2","mixed_maturity","access_freshness_lease","dirichlet_lcb","benign_concept_drift","0.5","1","6","5","5","0.5","20","9","1.5","5","honest-10","honest","incumbent","ADMITTED","ADMITTED","9","9","0","4","4.882922989522995","1.5","0.7462875490779619","0.8370070466491786","0.6465358545084627","0.6465358545084627","0.1157982362815884","0.29254799703263074","50","50","50","5","5","True","False","NOT_APPLICABLE","","0","0.0","0","33.30259466171265","50","50","50.0","","","moderate_shadow"
"cifar10","20","2","mixed_maturity","access_freshness_lease","dirichlet_lcb","benign_concept_drift","0.5","1","6","5","5","0.5","20","9","1.5","5","honest-11","honest","incumbent","ADMITTED","ADMITTED","9","9","0","4","4.882922989522995","1.5","0.7462875490779619","0.8370070466491786","0.6465358545084627","0.6465358545084627","0.1157982362815884","0.29254799703263074","50","50","50","5","5","True","False","NOT_APPLICABLE","","0","0.0","0","2.4939849376678467","50","50","50.0","","","moderate_shadow"
"cifar10","20","2","mixed_maturity","access_freshness_lease","dirichlet_lcb","benign_concept_drift","0.5","1","6","5","5","0.5","20","9","1.5","5","honest-12","honest","incumbent","ADMITTED","ADMITTED","9","9","0","4","4.882922989522995","1.5","0.7462875490779619","0.8370070466491786","0.6465358545084627","0.6465358545084627","0.1157982362815884","0.29254799703263074","50","50","50","5","5","True","False","NOT_APPLICABLE","","0","0.0","0","3.573988199234009","50","50","50.0","","","moderate_shadow"
"cifar10","20","2","mixed_maturity","access_freshness_lease","dirichlet_lcb","benign_concept_drift","0.5","1","6","5","5","0.5","20","9","1.5","5","honest-13","honest","incumbent","ADMITTED","ADMITTED","9","9","0","4","4.882922989522995","1.5","0.7462875490779619","0.8370070466491786","0.6465358545084627","0.6465358545084627","0.1157982362815884","0.29254799703263074","50","50","50","5","5","True","False","NOT_APPLICABLE","","0","0.0","0","2.516697406768799","50","50","50.0","","","moderate_shadow"
"cifar10","20","2","mixed_maturity","access_freshness_lease","dirichlet_lcb","benign_concept_drift","0.5","1","6","5","5","0.5","20","9","1.5","5","honest-14","honest","incumbent","ADMITTED","ADMITTED","9","9","0","4","4.882922989522995","1.5","0.7462875490779619","0.8370070466491786","0.6465358545084627","0.6465358545084627","0.1157982362815884","0.29254799703263074","50","50","50","5","5","True","False","NOT_APPLICABLE","","0","0.0","0","3.3833165168762207","50","50","50.0","","","moderate_shadow"
"cifar10","20","2","mixed_maturity","access_freshness_lease","dirichlet_lcb","benign_concept_drift","0.5","1","6","5","5","0.5","20","9","1.5","5","honest-15","honest","incumbent","ADMITTED","ADMITTED","9","9","0","4","4.882922989522995","1.5","0.7462875490779619","0.8370070466491786","0.6465358545084627","0.6465358545084627","0.1157982362815884","0.29254799703263074","50","50","50","5","5","True","False","NOT_APPLICABLE","","0","0.0","0","2.214660406112671","50","50","50.0","","","moderate_shadow"
"cifar10","20","2","mixed_maturity","access_freshness_lease","dirichlet_lcb","benign_concept_drift","0.5","1","6","5","5","0.5","20","9","1.5","5","honest-16","honest","incumbent","ADMITTED","ADMITTED","9","9","0","4","4.882922989522995","1.5","0.7462875490779619","0.8370070466491786","0.6465358545084627","0.6465358545084627","0.1157982362815884","0.29254799703263074","50","50","50","5","5","True","False","NOT_APPLICABLE","","0","0.0","0","2.5487725734710693","50","50","50.0","","","moderate_shadow"
"cifar10","20","2","mixed_maturity","access_freshness_lease","dirichlet_lcb","benign_concept_drift","0.5","1","6","5","5","0.5","20","9","1.5","5","honest-17","honest","incumbent","ADMITTED","ADMITTED","9","9","0","4","4.882922989522995","1.5","0.7462875490779619","0.8370070466491786","0.6465358545084627","0.6465358545084627","0.1157982362815884","0.29254799703263074","50","50","50","5","5","True","False","NOT_APPLICABLE","","0","0.0","0","3.283815622329712","50","50","50.0","","","moderate_shadow"
"cifar10","20","2","mixed_maturity","access_freshness_lease","dirichlet_lcb","benign_concept_drift","0.5","1","6","5","5","0.5","20","9","1.5","5","honest-18","honest","incumbent","ADMITTED","ADMITTED","9","9","0","3","4.5294892388817605","1.5","0.7401065581334588","0.8277664507491892","0.6288758803813109","0.6288758803813109","0.12091685363435191","0.27568090107538146","50","50","50","5","5","True","False","NOT_APPLICABLE","","0","0.0","0","32.706300020217896","50","50","50.0","","","moderate_shadow"
"cifar10","20","2","mixed_maturity","access_freshness_lease","dirichlet_lcb","benign_concept_drift","0.5","1","6","5","5","0.5","20","9","1.5","5","honest-2","honest","incumbent","ADMITTED","ADMITTED","9","9","0","3","5.004489238881761","1.5","0.7503560216234088","0.8430201361031787","0.6581600617811678","0.6581600617811678","0.11238691964272261","0.3041175807403508","50","50","50","5","5","True","False","NOT_APPLICABLE","","0","0.0","0","63.06548810005188","50","50","50.0","","","moderate_shadow"
"cifar10","20","2","mixed_maturity","access_freshness_lease","dirichlet_lcb","benign_concept_drift","0.5","1","6","5","5","0.5","20","9","1.5","5","honest-3","honest","incumbent","ADMITTED","ADMITTED","9","9","0","4","4.882922989522995","1.5","0.7462875490779619","0.8370070466491786","0.6465358545084627","0.6465358545084627","0.1157982362815884","0.29254799703263074","50","50","50","5","5","True","False","NOT_APPLICABLE","","0","0.0","0","33.90338182449341","50","50","50.0","","","moderate_shadow"
"cifar10","20","2","mixed_maturity","access_freshness_lease","dirichlet_lcb","benign_concept_drift","0.5","1","6","5","5","0.5","20","9","1.5","5","honest-4","honest","incumbent","ADMITTED","ADMITTED","9","9","0","4","4.882922989522995","1.5","0.7462875490779619","0.8370070466491786","0.6465358545084627","0.6465358545084627","0.1157982362815884","0.29254799703263074","50","50","50","5","5","True","False","NOT_APPLICABLE","","0","0.0","0","4.004917144775391","50","50","50.0","","","moderate_shadow"
"cifar10","20","2","mixed_maturity","access_freshness_lease","dirichlet_lcb","benign_concept_drift","0.5","1","6","5","5","0.5","20","9","1.5","5","honest-5","honest","incumbent","ADMITTED","ADMITTED","9","9","0","4","4.882922989522995","1.5","0.7462875490779619","0.8370070466491786","0.6465358545084627","0.6465358545084627","0.1157982362815884","0.29254799703263074","50","50","50","5","5","True","False","NOT_APPLICABLE","","0","0.0","0","33.93148374557495","50","50","50.0","","","moderate_shadow"
"cifar10","20","2","mixed_maturity","access_freshness_lease","dirichlet_lcb","benign_concept_drift","0.5","1","6","5","5","0.5","20","9","1.5","5","honest-6","honest","incumbent","ADMITTED","ADMITTED","9","9","0","4","4.882922989522995","1.5","0.7462875490779619","0.8370070466491786","0.6465358545084627","0.6465358545084627","0.1157982362815884","0.29254799703263074","50","50","50","5","5","True","False","NOT_APPLICABLE","","0","0.0","0","3.831249713897705","50","50","50.0","","","moderate_shadow"
"cifar10","20","2","mixed_maturity","access_freshness_lease","dirichlet_lcb","benign_concept_drift","0.5","1","6","5","5","0.5","20","9","1.5","5","honest-7","honest","incumbent","ADMITTED","ADMITTED","9","9","0","4","4.882922989522995","1.5","0.7462875490779619","0.8370070466491786","0.6465358545084627","0.6465358545084627","0.1157982362815884","0.29254799703263074","50","50","50","5","5","True","False","NOT_APPLICABLE","","0","0.0","0","33.35743761062622","50","50","50.0","","","moderate_shadow"
"cifar10","20","2","mixed_maturity","access_freshness_lease","dirichlet_lcb","benign_concept_drift","0.5","1","6","5","5","0.5","20","9","1.5","5","honest-8","honest","incumbent","ADMITTED","ADMITTED","9","9","0","4","4.882922989522995","1.5","0.7462875490779619","0.8370070466491786","0.6465358545084627","0.6465358545084627","0.1157982362815884","0.29254799703263074","50","50","50","5","5","True","False","NOT_APPLICABLE","","0","0.0","0","4.34480619430542","50","50","50.0","","","moderate_shadow"
"cifar10","20","2","mixed_maturity","access_freshness_lease","dirichlet_lcb","benign_concept_drift","0.5","1","6","5","5","0.5","20","9","1.5","5","honest-9","honest","incumbent","ADMITTED","ADMITTED","9","9","0","4","4.882922989522995","1.5","0.7462875490779619","0.8370070466491786","0.6465358545084627","0.6465358545084627","0.1157982362815884","0.29254799703263074","50","50","50","5","5","True","False","NOT_APPLICABLE","","0","0.0","0","2.3988800048828125","50","50","50.0","","","moderate_shadow"
"cifar10","20","2","mixed_maturity","access_freshness_lease","dirichlet_lcb","benign_concept_drift","0.5","2","6","5","5","0.5","20","9","1.5","5","attacker-1","benign_concept_drift","newcomer","LIMITED","LIMITED","9","9","0","4","4.882922989522995","1.5","0.7462875490779619","0.8370070466491786","0.6465358545084627","0.6465358545084627","0.1157982362815884","0.29254799703263074","50","50","50","5","5","True","True","REVALIDATION","5","5","0.0","0","3.397510051727295","50","50","37.5","","","moderate_shadow"
"cifar10","20","2","mixed_maturity","access_freshness_lease","dirichlet_lcb","benign_concept_drift","0.5","2","6","5","5","0.5","20","9","1.5","5","attacker-2","benign_concept_drift","newcomer","LIMITED","LIMITED","9","9","0","4","4.882922989522995","1.5","0.7462875490779619","0.8370070466491786","0.6465358545084627","0.6465358545084627","0.1157982362815884","0.29254799703263074","50","50","50","5","5","True","True","REVALIDATION","5","5","0.0","0","3.260432243347168","50","50","37.5","","","moderate_shadow"
"cifar10","20","2","mixed_maturity","access_freshness_lease","dirichlet_lcb","benign_concept_drift","0.5","2","6","5","5","0.5","20","9","1.5","5","honest-1","honest","incumbent","ADMITTED","ADMITTED","9","9","0","4","4.882922989522995","1.5","0.7462875490779619","0.8370070466491786","0.6465358545084627","0.6465358545084627","0.1157982362815884","0.29254799703263074","50","50","50","5","5","True","False","NOT_APPLICABLE","","0","0.0","0","32.80823588371277","50","50","50.0","","","moderate_shadow"
"cifar10","20","2","mixed_maturity","access_freshness_lease","dirichlet_lcb","benign_concept_drift","0.5","2","6","5","5","0.5","20","9","1.5","5","honest-10","honest","incumbent","ADMITTED","ADMITTED","11","11","0","3","5.419531626612037","1.5","0.7509212720692868","0.8438513019312254","0.6597750630551052","0.6597750630551052","0.11191038163637629","0.3057557302355997","50","50","50","5","5","True","False","NOT_APPLICABLE","","0","0.0","0","63.58115482330322","50","50","50.0","","","moderate_shadow"
"cifar10","20","2","mixed_maturity","access_freshness_lease","dirichlet_lcb","benign_concept_drift","0.5","2","6","5","5","0.5","20","9","1.5","5","honest-11","honest","incumbent","ADMITTED","ADMITTED","9","9","0","4","4.882922989522995","1.5","0.7462875490779619","0.8370070466491786","0.6465358545084627","0.6465358545084627","0.1157982362815884","0.29254799703263074","50","50","50","5","5","True","False","NOT_APPLICABLE","","0","0.0","0","32.693697690963745","50","50","50.0","","","moderate_shadow"
"cifar10","20","2","mixed_maturity","access_freshness_lease","dirichlet_lcb","benign_concept_drift","0.5","2","6","5","5","0.5","20","9","1.5","5","honest-12","honest","incumbent","ADMITTED","ADMITTED","9","9","0","4","4.882922989522995","1.5","0.7462875490779619","0.8370070466491786","0.6465358545084627","0.6465358545084627","0.1157982362815884","0.29254799703263074","50","50","50","5","5","True","False","NOT_APPLICABLE","","0","0.0","0","32.90697622299194","50","50","50.0","","","moderate_shadow"
"cifar10","20","2","mixed_maturity","access_freshness_lease","dirichlet_lcb","benign_concept_drift","0.5","2","6","5","5","0.5","20","9","1.5","5","honest-13","honest","incumbent","ADMITTED","ADMITTED","9","9","0","4","4.882922989522995","1.5","0.7462875490779619","0.8370070466491786","0.6465358545084627","0.6465358545084627","0.1157982362815884","0.29254799703263074","50","50","50","5","5","True","False","NOT_APPLICABLE","","0","0.0","0","3.347604990005493","50","50","50.0","","","moderate_shadow"
"cifar10","20","2","mixed_maturity","access_freshness_lease","dirichlet_lcb","benign_concept_drift","0.5","2","6","5","5","0.5","20","9","1.5","5","honest-14","honest","incumbent","ADMITTED","ADMITTED","9","9","0","4","4.882922989522995","1.5","0.7462875490779619","0.8370070466491786","0.6465358545084627","0.6465358545084627","0.1157982362815884","0.29254799703263074","50","50","50","5","5","True","False","NOT_APPLICABLE","","0","0.0","0","2.4748518466949463","50","50","50.0","","","moderate_shadow"
"cifar10","20","2","mixed_maturity","access_freshness_lease","dirichlet_lcb","benign_concept_drift","0.5","2","6","5","5","0.5","20","9","1.5","5","honest-15","honest","incumbent","ADMITTED","ADMITTED","9","9","0","4","4.882922989522995","1.5","0.7462875490779619","0.8370070466491786","0.6465358545084627","0.6465358545084627","0.1157982362815884","0.29254799703263074","50","50","50","5","5","True","False","NOT_APPLICABLE","","0","0.0","0","2.876694679260254","50","50","50.0","","","moderate_shadow"
"cifar10","20","2","mixed_maturity","access_freshness_lease","dirichlet_lcb","benign_concept_drift","0.5","2","6","5","5","0.5","20","9","1.5","5","honest-16","honest","incumbent","ADMITTED","ADMITTED","9","9","0","4","4.882922989522995","1.5","0.7462875490779619","0.8370070466491786","0.6465358545084627","0.6465358545084627","0.1157982362815884","0.29254799703263074","50","50","50","5","5","True","False","NOT_APPLICABLE","","0","0.0","0","32.5303840637207","50","50","50.0","","","moderate_shadow"
"cifar10","20","2","mixed_maturity","access_freshness_lease","dirichlet_lcb","benign_concept_drift","0.5","2","6","5","5","0.5","20","9","1.5","5","honest-17","honest","incumbent","ADMITTED","ADMITTED","9","9","0","4","4.882922989522995","1.5","0.7462875490779619","0.8370070466491786","0.6465358545084627","0.6465358545084627","0.1157982362815884","0.29254799703263074","50","50","50","5","5","True","False","NOT_APPLICABLE","","0","0.0","0","2.8821020126342773","50","50","50.0","","","moderate_shadow"
"cifar10","20","2","mixed_maturity","access_freshness_lease","dirichlet_lcb","benign_concept_drift","0.5","2","6","5","5","0.5","20","9","1.5","5","honest-18","honest","incumbent","ADMITTED","ADMITTED","9","9","0","4","4.882922989522995","1.5","0.7462875490779619","0.8370070466491786","0.6465358545084627","0.6465358545084627","0.1157982362815884","0.29254799703263074","50","50","50","5","5","True","False","NOT_APPLICABLE","","0","0.0","0","3.194094181060791","50","50","50.0","","","moderate_shadow"
"cifar10","20","2","mixed_maturity","access_freshness_lease","dirichlet_lcb","benign_concept_drift","0.5","2","6","5","5","0.5","20","9","1.5","5","honest-2","honest","incumbent","ADMITTED","ADMITTED","9","9","0","4","4.882922989522995","1.5","0.7462875490779619","0.8370070466491786","0.6465358545084627","0.6465358545084627","0.1157982362815884","0.29254799703263074","50","50","50","5","5","True","False","NOT_APPLICABLE","","0","0.0","0","2.4799370765686035","50","50","50.0","","","moderate_shadow"
"cifar10","20","2","mixed_maturity","access_freshness_lease","dirichlet_lcb","benign_concept_drift","0.5","2","6","5","5","0.5","20","9","1.5","5","honest-3","honest","incumbent","ADMITTED","ADMITTED","9","9","0","4","4.882922989522995","1.5","0.7462875490779619","0.8370070466491786","0.6465358545084627","0.6465358545084627","0.1157982362815884","0.29254799703263074","50","50","50","5","5","True","False","NOT_APPLICABLE","","0","0.0","0","2.485318422317505","50","50","50.0","","","moderate_shadow"
"cifar10","20","2","mixed_maturity","access_freshness_lease","dirichlet_lcb","benign_concept_drift","0.5","2","6","5","5","0.5","20","9","1.5","5","honest-4","honest","incumbent","ADMITTED","ADMITTED","9","9","0","4","4.882922989522995","1.5","0.7462875490779619","0.8370070466491786","0.6465358545084627","0.6465358545084627","0.1157982362815884","0.29254799703263074","50","50","50","5","5","True","False","NOT_APPLICABLE","","0","0.0","0","3.3866288661956787","50","50","50.0","","","moderate_shadow"
"cifar10","20","2","mixed_maturity","access_freshness_lease","dirichlet_lcb","benign_concept_drift","0.5","2","6","5","5","0.5","20","9","1.5","5","honest-5","honest","incumbent","ADMITTED","ADMITTED","9","9","0","4","4.882922989522995","1.5","0.7462875490779619","0.8370070466491786","0.6465358545084627","0.6465358545084627","0.1157982362815884","0.29254799703263074","50","50","50","5","5","True","False","NOT_APPLICABLE","","0","0.0","0","33.234986543655396","50","50","50.0","","","moderate_shadow"
"cifar10","20","2","mixed_maturity","access_freshness_lease","dirichlet_lcb","benign_concept_drift","0.5","2","6","5","5","0.5","20","9","1.5","5","honest-6","honest","incumbent","ADMITTED","ADMITTED","9","9","0","4","4.882922989522995","1.5","0.7462875490779619","0.8370070466491786","0.6465358545084627","0.6465358545084627","0.1157982362815884","0.29254799703263074","50","50","50","5","5","True","False","NOT_APPLICABLE","","0","0.0","0","3.4992196559906006","50","50","50.0","","","moderate_shadow"
"cifar10","20","2","mixed_maturity","access_freshness_lease","dirichlet_lcb","benign_concept_drift","0.5","2","6","5","5","0.5","20","9","1.5","5","honest-7","honest","incumbent","ADMITTED","ADMITTED","9","9","0","4","4.882922989522995","1.5","0.7462875490779619","0.8370070466491786","0.6465358545084627","0.6465358545084627","0.1157982362815884","0.29254799703263074","50","50","50","5","5","True","False","NOT_APPLICABLE","","0","0.0","0","3.3856256008148193","50","50","50.0","","","moderate_shadow"
"cifar10","20","2","mixed_maturity","access_freshness_lease","dirichlet_lcb","benign_concept_drift","0.5","2","6","5","5","0.5","20","9","1.5","5","honest-8","honest","incumbent","ADMITTED","ADMITTED","9","9","0","4","4.882922989522995","1.5","0.7462875490779619","0.8370070466491786","0.6465358545084627","0.6465358545084627","0.1157982362815884","0.29254799703263074","50","50","50","5","5","True","False","NOT_APPLICABLE","","0","0.0","0","2.7565982341766357","50","50","50.0","","","moderate_shadow"
"cifar10","20","2","mixed_maturity","access_freshness_lease","dirichlet_lcb","benign_concept_drift","0.5","2","6","5","5","0.5","20","9","1.5","5","honest-9","honest","incumbent","ADMITTED","ADMITTED","9","9","0","3","4.76698923888176","1.5","0.7437820368902304","0.8332768051183246","0.6393772482578011","0.6393772482578011","0.11788253356256753","0.28561047849957855","50","50","50","5","5","True","False","NOT_APPLICABLE","","0","0.0","0","32.608800172805786","50","50","50.0","","","moderate_shadow"
"cifar10","20","2","mixed_maturity","access_freshness_lease","dirichlet_lcb","benign_concept_drift","0.5","3","6","5","5","0.5","20","9","1.5","5","attacker-1","benign_concept_drift","newcomer","LIMITED","LIMITED","9","9","0","4","4.882922989522995","1.5","0.7462875490779619","0.8370070466491786","0.6465358545084627","0.6465358545084627","0.1157982362815884","0.29254799703263074","50","50","50","5","5","True","True","REVALIDATION","5","5","0.0","0","4.030069828033447","50","50","37.5","","","moderate_shadow"
"cifar10","20","2","mixed_maturity","access_freshness_lease","dirichlet_lcb","benign_concept_drift","0.5","3","6","5","5","0.5","20","9","1.5","5","attacker-2","benign_concept_drift","newcomer","LIMITED","LIMITED","9","9","0","4","4.882922989522995","1.5","0.7462875490779619","0.8370070466491786","0.6465358545084627","0.6465358545084627","0.1157982362815884","0.29254799703263074","50","50","50","5","5","True","True","REVALIDATION","5","5","0.0","0","2.4895548820495605","50","50","37.5","","","moderate_shadow"
"cifar10","20","2","mixed_maturity","access_freshness_lease","dirichlet_lcb","benign_concept_drift","0.5","3","6","5","5","0.5","20","9","1.5","5","honest-1","honest","incumbent","ADMITTED","ADMITTED","9","9","0","4","4.882922989522995","1.5","0.7462875490779619","0.8370070466491786","0.6465358545084627","0.6465358545084627","0.1157982362815884","0.29254799703263074","50","50","50","5","5","True","False","NOT_APPLICABLE","","0","0.0","0","3.2034873962402344","50","50","50.0","","","moderate_shadow"
"cifar10","20","2","mixed_maturity","access_freshness_lease","dirichlet_lcb","benign_concept_drift","0.5","3","6","5","5","0.5","20","9","1.5","5","honest-10","honest","incumbent","ADMITTED","ADMITTED","9","9","0","4","4.882922989522995","1.5","0.7462875490779619","0.8370070466491786","0.6465358545084627","0.6465358545084627","0.1157982362815884","0.29254799703263074","50","50","50","5","5","True","False","NOT_APPLICABLE","","0","0.0","0","3.8229641914367676","50","50","50.0","","","moderate_shadow"
"cifar10","20","2","mixed_maturity","access_freshness_lease","dirichlet_lcb","benign_concept_drift","0.5","3","6","5","5","0.5","20","9","1.5","5","honest-11","honest","incumbent","ADMITTED","ADMITTED","9","9","0","4","4.882922989522995","1.5","0.7462875490779619","0.8370070466491786","0.6465358545084627","0.6465358545084627","0.1157982362815884","0.29254799703263074","50","50","50","5","5","True","False","NOT_APPLICABLE","","0","0.0","0","2.979339122772217","50","50","50.0","","","moderate_shadow"
"cifar10","20","2","mixed_maturity","access_freshness_lease","dirichlet_lcb","benign_concept_drift","0.5","3","6","5","5","0.5","20","9","1.5","5","honest-12","honest","incumbent","ADMITTED","ADMITTED","9","9","0","4","4.882922989522995","1.5","0.7462875490779619","0.8370070466491786","0.6465358545084627","0.6465358545084627","0.1157982362815884","0.29254799703263074","50","50","50","5","5","True","False","NOT_APPLICABLE","","0","0.0","0","3.267298698425293","50","50","50.0","","","moderate_shadow"
"cifar10","20","2","mixed_maturity","access_freshness_lease","dirichlet_lcb","benign_concept_drift","0.5","3","6","5","5","0.5","20","9","1.5","5","honest-13","honest","incumbent","ADMITTED","ADMITTED","9","9","0","4","4.882922989522995","1.5","0.7462875490779619","0.8370070466491786","0.6465358545084627","0.6465358545084627","0.1157982362815884","0.29254799703263074","50","50","50","5","5","True","False","NOT_APPLICABLE","","0","0.0","0","3.7226548194885254","50","50","50.0","","","moderate_shadow"
"cifar10","20","2","mixed_maturity","access_freshness_lease","dirichlet_lcb","benign_concept_drift","0.5","3","6","5","5","0.5","20","9","1.5","5","honest-14","honest","incumbent","ADMITTED","ADMITTED","9","9","0","4","4.882922989522995","1.5","0.7462875490779619","0.8370070466491786","0.6465358545084627","0.6465358545084627","0.1157982362815884","0.29254799703263074","50","50","50","5","5","True","False","NOT_APPLICABLE","","0","0.0","0","2.343806028366089","50","50","50.0","","","moderate_shadow"
"cifar10","20","2","mixed_maturity","access_freshness_lease","dirichlet_lcb","benign_concept_drift","0.5","3","6","5","5","0.5","20","9","1.5","5","honest-15","honest","incumbent","ADMITTED","ADMITTED","9","9","0","4","4.882922989522995","1.5","0.7462875490779619","0.8370070466491786","0.6465358545084627","0.6465358545084627","0.1157982362815884","0.29254799703263074","50","50","50","5","5","True","False","NOT_APPLICABLE","","0","0.0","0","32.766414165496826","50","50","50.0","","","moderate_shadow"
"cifar10","20","2","mixed_maturity","access_freshness_lease","dirichlet_lcb","benign_concept_drift","0.5","3","6","5","5","0.5","20","9","1.5","5","honest-16","honest","incumbent","ADMITTED","ADMITTED","9","9","0","3","5.004489238881761","1.5","0.7503560216234088","0.8430201361031787","0.6581600617811678","0.6581600617811678","0.11238691964272261","0.3041175807403508","50","50","50","5","5","True","False","NOT_APPLICABLE","","0","0.0","0","32.66267919540405","50","50","50.0","","","moderate_shadow"
"cifar10","20","2","mixed_maturity","access_freshness_lease","dirichlet_lcb","benign_concept_drift","0.5","3","6","5","5","0.5","20","9","1.5","5","honest-17","honest","incumbent","ADMITTED","ADMITTED","12","12","0","3","5.3499694871438415","1.5","0.7478143545076069","0.8392699711010733","0.6508981557360198","0.6508981557360198","0.11452190611753592","0.2968448682209436","50","50","50","5","5","True","False","NOT_APPLICABLE","","0","0.0","0","64.0150146484375","50","50","50.0","","","moderate_shadow"
"cifar10","20","2","mixed_maturity","access_freshness_lease","dirichlet_lcb","benign_concept_drift","0.5","3","6","5","5","0.5","20","9","1.5","5","honest-18","honest","incumbent","ADMITTED","ADMITTED","9","9","0","4","4.882922989522995","1.5","0.7462875490779619","0.8370070466491786","0.6465358545084627","0.6465358545084627","0.1157982362815884","0.29254799703263074","50","50","50","5","5","True","False","NOT_APPLICABLE","","0","0.0","0","3.839790105819702","50","50","50.0","","","moderate_shadow"
"cifar10","20","2","mixed_maturity","access_freshness_lease","dirichlet_lcb","benign_concept_drift","0.5","3","6","5","5","0.5","20","9","1.5","5","honest-2","honest","incumbent","ADMITTED","ADMITTED","9","9","0","4","4.882922989522995","1.5","0.7462875490779619","0.8370070466491786","0.6465358545084627","0.6465358545084627","0.1157982362815884","0.29254799703263074","50","50","50","5","5","True","False","NOT_APPLICABLE","","0","0.0","0","3.7866744995117188","50","50","50.0","","","moderate_shadow"
"cifar10","20","2","mixed_maturity","access_freshness_lease","dirichlet_lcb","benign_concept_drift","0.5","3","6","5","5","0.5","20","9","1.5","5","honest-3","honest","incumbent","ADMITTED","ADMITTED","9","9","0","4","4.882922989522995","1.5","0.7462875490779619","0.8370070466491786","0.6465358545084627","0.6465358545084627","0.1157982362815884","0.29254799703263074","50","50","50","5","5","True","False","NOT_APPLICABLE","","0","0.0","0","2.2725000381469727","50","50","50.0","","","moderate_shadow"
"cifar10","20","2","mixed_maturity","access_freshness_lease","dirichlet_lcb","benign_concept_drift","0.5","3","6","5","5","0.5","20","9","1.5","5","honest-4","honest","incumbent","ADMITTED","ADMITTED","9","9","0","4","4.882922989522995","1.5","0.7462875490779619","0.8370070466491786","0.6465358545084627","0.6465358545084627","0.1157982362815884","0.29254799703263074","50","50","50","5","5","True","False","NOT_APPLICABLE","","0","0.0","0","33.02847337722778","50","50","50.0","","","moderate_shadow"
"cifar10","20","2","mixed_maturity","access_freshness_lease","dirichlet_lcb","benign_concept_drift","0.5","3","6","5","5","0.5","20","9","1.5","5","honest-5","honest","incumbent","ADMITTED","ADMITTED","9","9","0","4","4.882922989522995","1.5","0.7462875490779619","0.8370070466491786","0.6465358545084627","0.6465358545084627","0.1157982362815884","0.29254799703263074","50","50","50","5","5","True","False","NOT_APPLICABLE","","0","0.0","0","33.512978076934814","50","50","50.0","","","moderate_shadow"
"cifar10","20","2","mixed_maturity","access_freshness_lease","dirichlet_lcb","benign_concept_drift","0.5","3","6","5","5","0.5","20","9","1.5","5","honest-6","honest","incumbent","ADMITTED","ADMITTED","9","9","0","4","4.882922989522995","1.5","0.7462875490779619","0.8370070466491786","0.6465358545084627","0.6465358545084627","0.1157982362815884","0.29254799703263074","50","50","50","5","5","True","False","NOT_APPLICABLE","","0","0.0","0","34.449899673461914","50","50","50.0","","","moderate_shadow"
"cifar10","20","2","mixed_maturity","access_freshness_lease","dirichlet_lcb","benign_concept_drift","0.5","3","6","5","5","0.5","20","9","1.5","5","honest-7","honest","incumbent","ADMITTED","ADMITTED","9","9","0","4","4.882922989522995","1.5","0.7462875490779619","0.8370070466491786","0.6465358545084627","0.6465358545084627","0.1157982362815884","0.29254799703263074","50","50","50","5","5","True","False","NOT_APPLICABLE","","0","0.0","0","2.53010892868042","50","50","50.0","","","moderate_shadow"
"cifar10","20","2","mixed_maturity","access_freshness_lease","dirichlet_lcb","benign_concept_drift","0.5","3","6","5","5","0.5","20","9","1.5","5","honest-8","honest","incumbent","ADMITTED","ADMITTED","9","9","0","4","4.882922989522995","1.5","0.7462875490779619","0.8370070466491786","0.6465358545084627","0.6465358545084627","0.1157982362815884","0.29254799703263074","50","50","50","5","5","True","False","NOT_APPLICABLE","","0","0.0","0","3.1065995693206787","50","50","50.0","","","moderate_shadow"
"cifar10","20","2","mixed_maturity","access_freshness_lease","dirichlet_lcb","benign_concept_drift","0.5","3","6","5","5","0.5","20","9","1.5","5","honest-9","honest","incumbent","ADMITTED","ADMITTED","9","9","0","4","4.882922989522995","1.5","0.7462875490779619","0.8370070466491786","0.6465358545084627","0.6465358545084627","0.1157982362815884","0.29254799703263074","50","50","50","5","5","True","False","NOT_APPLICABLE","","0","0.0","0","2.5722908973693848","50","50","50.0","","","moderate_shadow"
"cifar10","20","2","mixed_maturity","access_freshness_lease","dirichlet_lcb","benign_concept_drift","0.5","4","6","5","5","0.5","20","9","1.5","5","attacker-1","benign_concept_drift","newcomer","LIMITED","LIMITED","9","9","0","4","4.882922989522995","1.5","0.7462875490779619","0.8370070466491786","0.6465358545084627","0.6465358545084627","0.1157982362815884","0.29254799703263074","50","50","50","5","5","True","True","REVALIDATION","5","5","0.0","0","3.780545949935913","50","50","37.5","","","moderate_shadow"
"cifar10","20","2","mixed_maturity","access_freshness_lease","dirichlet_lcb","benign_concept_drift","0.5","4","6","5","5","0.5","20","9","1.5","5","attacker-2","benign_concept_drift","newcomer","LIMITED","LIMITED","9","9","0","4","4.882922989522995","1.5","0.7462875490779619","0.8370070466491786","0.6465358545084627","0.6465358545084627","0.1157982362815884","0.29254799703263074","50","50","50","5","5","True","True","REVALIDATION","5","5","0.0","0","3.8167123794555664","50","50","37.5","","","moderate_shadow"
"cifar10","20","2","mixed_maturity","access_freshness_lease","dirichlet_lcb","benign_concept_drift","0.5","4","6","5","5","0.5","20","9","1.5","5","honest-1","honest","incumbent","ADMITTED","ADMITTED","9","9","0","4","4.882922989522995","1.5","0.7462875490779619","0.8370070466491786","0.6465358545084627","0.6465358545084627","0.1157982362815884","0.29254799703263074","50","50","50","5","5","True","False","NOT_APPLICABLE","","0","0.0","0","3.981898307800293","50","50","50.0","","","moderate_shadow"
"cifar10","20","2","mixed_maturity","access_freshness_lease","dirichlet_lcb","benign_concept_drift","0.5","4","6","5","5","0.5","20","9","1.5","5","honest-10","honest","incumbent","ADMITTED","ADMITTED","9","9","0","4","4.882922989522995","1.5","0.7462875490779619","0.8370070466491786","0.6465358545084627","0.6465358545084627","0.1157982362815884","0.29254799703263074","50","50","50","5","5","True","False","NOT_APPLICABLE","","0","0.0","0","64.04586625099182","50","50","50.0","","","moderate_shadow"
"cifar10","20","2","mixed_maturity","access_freshness_lease","dirichlet_lcb","benign_concept_drift","0.5","4","6","5","5","0.5","20","9","1.5","5","honest-11","honest","incumbent","ADMITTED","ADMITTED","9","9","0","4","4.882922989522995","1.5","0.7462875490779619","0.8370070466491786","0.6465358545084627","0.6465358545084627","0.1157982362815884","0.29254799703263074","50","50","50","5","5","True","False","NOT_APPLICABLE","","0","0.0","0","2.7045609951019287","50","50","50.0","","","moderate_shadow"
"cifar10","20","2","mixed_maturity","access_freshness_lease","dirichlet_lcb","benign_concept_drift","0.5","4","6","5","5","0.5","20","9","1.5","5","honest-12","honest","incumbent","ADMITTED","ADMITTED","9","9","0","4","4.882922989522995","1.5","0.7462875490779619","0.8370070466491786","0.6465358545084627","0.6465358545084627","0.1157982362815884","0.29254799703263074","50","50","50","5","5","True","False","NOT_APPLICABLE","","0","0.0","0","2.496736526489258","50","50","50.0","","","moderate_shadow"
"cifar10","20","2","mixed_maturity","access_freshness_lease","dirichlet_lcb","benign_concept_drift","0.5","4","6","5","5","0.5","20","9","1.5","5","honest-13","honest","incumbent","ADMITTED","ADMITTED","9","9","0","4","4.882922989522995","1.5","0.7462875490779619","0.8370070466491786","0.6465358545084627","0.6465358545084627","0.1157982362815884","0.29254799703263074","50","50","50","5","5","True","False","NOT_APPLICABLE","","0","0.0","0","3.083606243133545","50","50","50.0","","","moderate_shadow"
"cifar10","20","2","mixed_maturity","access_freshness_lease","dirichlet_lcb","benign_concept_drift","0.5","4","6","5","5","0.5","20","9","1.5","5","honest-14","honest","incumbent","ADMITTED","ADMITTED","9","9","0","4","4.882922989522995","1.5","0.7462875490779619","0.8370070466491786","0.6465358545084627","0.6465358545084627","0.1157982362815884","0.29254799703263074","50","50","50","5","5","True","False","NOT_APPLICABLE","","0","0.0","0","2.65207839012146","50","50","50.0","","","moderate_shadow"
"cifar10","20","2","mixed_maturity","access_freshness_lease","dirichlet_lcb","benign_concept_drift","0.5","4","6","5","5","0.5","20","9","1.5","5","honest-15","honest","incumbent","ADMITTED","ADMITTED","9","9","0","4","4.882922989522995","1.5","0.7462875490779619","0.8370070466491786","0.6465358545084627","0.6465358545084627","0.1157982362815884","0.29254799703263074","50","50","50","5","5","True","False","NOT_APPLICABLE","","0","0.0","0","3.795672655105591","50","50","50.0","","","moderate_shadow"
"cifar10","20","2","mixed_maturity","access_freshness_lease","dirichlet_lcb","benign_concept_drift","0.5","4","6","5","5","0.5","20","9","1.5","5","honest-16","honest","incumbent","ADMITTED","ADMITTED","9","9","0","4","4.882922989522995","1.5","0.7462875490779619","0.8370070466491786","0.6465358545084627","0.6465358545084627","0.1157982362815884","0.29254799703263074","50","50","50","5","5","True","False","NOT_APPLICABLE","","0","0.0","0","2.864333152770996","50","50","50.0","","","moderate_shadow"
"cifar10","20","2","mixed_maturity","access_freshness_lease","dirichlet_lcb","benign_concept_drift","0.5","4","6","5","5","0.5","20","9","1.5","5","honest-17","honest","incumbent","ADMITTED","ADMITTED","9","9","0","4","4.882922989522995","1.5","0.7462875490779619","0.8370070466491786","0.6465358545084627","0.6465358545084627","0.1157982362815884","0.29254799703263074","50","50","50","5","5","True","False","NOT_APPLICABLE","","0","0.0","0","2.645716905593872","50","50","50.0","","","moderate_shadow"
"cifar10","20","2","mixed_maturity","access_freshness_lease","dirichlet_lcb","benign_concept_drift","0.5","4","6","5","5","0.5","20","9","1.5","5","honest-18","honest","incumbent","ADMITTED","ADMITTED","9","9","0","4","4.882922989522995","1.5","0.7462875490779619","0.8370070466491786","0.6465358545084627","0.6465358545084627","0.1157982362815884","0.29254799703263074","50","50","50","5","5","True","False","NOT_APPLICABLE","","0","0.0","0","4.163034677505493","50","50","50.0","","","moderate_shadow"
"cifar10","20","2","mixed_maturity","access_freshness_lease","dirichlet_lcb","benign_concept_drift","0.5","4","6","5","5","0.5","20","9","1.5","5","honest-2","honest","incumbent","ADMITTED","ADMITTED","9","9","0","4","4.882922989522995","1.5","0.7262875490779619","0.8370070466491786","0.6465358545084627","0.6465358545084627","0.1157982362815884","0.29254799703263074","50","50","50","5","5","True","False","NOT_APPLICABLE","","0","0.0","0","33.312442779541016","50","50","50.0","","","moderate_shadow"
"cifar10","20","2","mixed_maturity","access_freshness_lease","dirichlet_lcb","benign_concept_drift","0.5","4","6","5","5","0.5","20","9","1.5","5","honest-3","honest","incumbent","ADMITTED","ADMITTED","9","9","0","3","5.004489238881761","1.5","0.7503560216234088","0.8430201361031787","0.6581600617811678","0.6581600617811678","0.11238691964272261","0.3041175807403508","50","50","50","5","5","True","False","NOT_APPLICABLE","","0","0.0","0","32.57982277870178","50","50","50.0","","","moderate_shadow"
"cifar10","20","2","mixed_maturity","access_freshness_lease","dirichlet_lcb","benign_concept_drift","0.5","4","6","5","5","0.5","20","9","1.5","5","honest-4","honest","incumbent","ADMITTED","ADMITTED","9","9","0","4","4.882922989522995","1.5","0.7462875490779619","0.8370070466491786","0.6465358545084627","0.6465358545084627","0.1157982362815884","0.29254799703263074","50","50","50","5","5","True","False","NOT_APPLICABLE","","0","0.0","0","33.15112590789795","50","50","50.0","","","moderate_shadow"
"cifar10","20","2","mixed_maturity","access_freshness_lease","dirichlet_lcb","benign_concept_drift","0.5","4","6","5","5","0.5","20","9","1.5","5","honest-5","honest","incumbent","ADMITTED","ADMITTED","9","9","0","4","4.882922989522995","1.5","0.7462875490779619","0.8370070466491786","0.6465358545084627","0.6465358545084627","0.1157982362815884","0.29254799703263074","50","50","50","5","5","True","False","NOT_APPLICABLE","","0","0.0","0","3.478463649749756","50","50","50.0","","","moderate_shadow"
"cifar10","20","2","mixed_maturity","access_freshness_lease","dirichlet_lcb","benign_concept_drift","0.5","4","6","5","5","0.5","20","9","1.5","5","honest-6","honest","incumbent","ADMITTED","ADMITTED","9","9","0","4","4.882922989522995","1.5","0.7462875490779619","0.8370070466491786","0.6465358545084627","0.6465358545084627","0.1157982362815884","0.29254799703263074","50","50","50","5","5","True","False","NOT_APPLICABLE","","0","0.0","0","3.642557144165039","50","50","50.0","","","moderate_shadow"
"cifar10","20","2","mixed_maturity","access_freshness_lease","dirichlet_lcb","benign_concept_drift","0.5","4","6","5","5","0.5","20","9","1.5","5","honest-7","honest","incumbent","ADMITTED","ADMITTED","9","9","0","4","4.882922989522995","1.5","0.7462875490779619","0.8370070466491786","0.6465358545084627","0.6465358545084627","0.1157982362815884","0.29254799703263074","50","50","50","5","5","True","False","NOT_APPLICABLE","","0","0.0","0","2.9559812545776367","50","50","50.0","","","moderate_shadow"
"cifar10","20","2","mixed_maturity","access_freshness_lease","dirichlet_lcb","benign_concept_drift","0.5","4","6","5","5","0.5","20","9","1.5","5","honest-8","honest","incumbent","ADMITTED","ADMITTED","9","9","0","4","4.882922989522995","1.5","0.7462875490779619","0.8370070466491786","0.6465358545084627","0.6465358545084627","0.1157982362815884","0.29254799703263074","50","50","50","5","5","True","False","NOT_APPLICABLE","","0","0.0","0","2.7119743824005127","50","50","50.0","","","moderate_shadow"
"cifar10","20","2","mixed_maturity","access_freshness_lease","dirichlet_lcb","benign_concept_drift","0.5","4","6","5","5","0.5","20","9","1.5","5","honest-9","honest","incumbent","ADMITTED","ADMITTED","9","9","0","4","4.882922989522995","1.5","0.7462875490779619","0.8370070466491786","0.6465358545084627","0.6465358545084627","0.1157982362815884","0.29254799703263074","50","50","50","5","5","True","False","NOT_APPLICABLE","","0","0.0","0","2.4725961685180664","50","50","50.0","","","moderate_shadow"
"cifar10","20","2","mixed_maturity","access_freshness_lease","dirichlet_lcb","benign_concept_drift","0.5","5","6","5","5","0.5","20","9","1.5","5","attacker-1","benign_concept_drift","newcomer","LIMITED","LIMITED","9","9","0","4","4.882922989522995","1.5","0.7462875490779619","0.8370070466491786","0.6465358545084627","0.6465358545084627","0.1157982362815884","0.29254799703263074","50","50","50","5","5","True","True","REVALIDATION","5","5","0.0","0","3.7928225994110107","50","50","37.5","","","moderate_shadow"
"cifar10","20","2","mixed_maturity","access_freshness_lease","dirichlet_lcb","benign_concept_drift","0.5","5","6","5","5","0.5","20","9","1.5","5","attacker-2","benign_concept_drift","newcomer","LIMITED","LIMITED","9","9","0","4","4.882922989522995","1.5","0.7462875490779619","0.8370070466491786","0.6465358545084627","0.6465358545084627","0.1157982362815884","0.29254799703263074","50","50","50","5","5","True","True","REVALIDATION","5","5","0.0","0","2.705139636993408","50","50","37.5","","","moderate_shadow"
"cifar10","20","2","mixed_maturity","access_freshness_lease","dirichlet_lcb","benign_concept_drift","0.5","5","6","5","5","0.5","20","9","1.5","5","honest-1","honest","incumbent","ADMITTED","ADMITTED","9","9","0","3","4.76698923888176","1.5","0.7437820368902304","0.8332768051183246","0.6393772482578011","0.6393772482578011","0.11788253356256753","0.28561047849957855","50","50","50","5","5","True","False","NOT_APPLICABLE","","0","0.0","0","32.76698088645935","50","50","50.0","","","moderate_shadow"
"cifar10","20","2","mixed_maturity","access_freshness_lease","dirichlet_lcb","benign_concept_drift","0.5","5","6","5","5","0.5","20","9","1.5","5","honest-10","honest","incumbent","ADMITTED","ADMITTED","9","9","0","4","4.882922989522995","1.5","0.7462875490779619","0.8370070466491786","0.6465358545084627","0.6465358545084627","0.1157982362815884","0.29254799703263074","50","50","50","5","5","True","False","NOT_APPLICABLE","","0","0.0","0","3.4126343727111816","50","50","50.0","","","moderate_shadow"
"cifar10","20","2","mixed_maturity","access_freshness_lease","dirichlet_lcb","benign_concept_drift","0.5","5","6","5","5","0.5","20","9","1.5","5","honest-11","honest","incumbent","ADMITTED","ADMITTED","9","9","0","3","4.5294892388817605","1.5","0.7401065581334588","0.8277664507491892","0.6288758803813109","0.6288758803813109","0.12091685363435191","0.27568090107538146","50","50","50","5","5","True","False","NOT_APPLICABLE","","0","0.0","0","32.64889168739319","50","50","50.0","","","moderate_shadow"
"cifar10","20","2","mixed_maturity","access_freshness_lease","dirichlet_lcb","benign_concept_drift","0.5","5","6","5","5","0.5","20","9","1.5","5","honest-12","honest","incumbent","ADMITTED","ADMITTED","9","9","0","4","4.882922989522995","1.5","0.7462875490779619","0.8370070466491786","0.6465358545084627","0.6465358545084627","0.1157982362815884","0.29254799703263074","50","50","50","5","5","True","False","NOT_APPLICABLE","","0","0.0","0","33.26231908798218","50","50","50.0","","","moderate_shadow"
"cifar10","20","2","mixed_maturity","access_freshness_lease","dirichlet_lcb","benign_concept_drift","0.5","5","6","5","5","0.5","20","9","1.5","5","honest-13","honest","incumbent","ADMITTED","ADMITTED","9","9","0","4","4.882922989522995","1.5","0.7462875490779619","0.8370070466491786","0.6465358545084627","0.6465358545084627","0.1157982362815884","0.29254799703263074","50","50","50","5","5","True","False","NOT_APPLICABLE","","0","0.0","0","2.925771474838257","50","50","50.0","","","moderate_shadow"
"cifar10","20","2","mixed_maturity","access_freshness_lease","dirichlet_lcb","benign_concept_drift","0.5","5","6","5","5","0.5","20","9","1.5","5","honest-14","honest","incumbent","ADMITTED","ADMITTED","9","9","0","4","4.882922989522995","1.5","0.7462875490779619","0.8370070466491786","0.6465358545084627","0.6465358545084627","0.1157982362815884","0.29254799703263074","50","50","50","5","5","True","False","NOT_APPLICABLE","","0","0.0","0","3.463834762573242","50","50","50.0","","","moderate_shadow"
"cifar10","20","2","mixed_maturity","access_freshness_lease","dirichlet_lcb","benign_concept_drift","0.5","5","6","5","5","0.5","20","9","1.5","5","honest-15","honest","incumbent","ADMITTED","ADMITTED","9","9","0","4","4.882922989522995","1.5","0.7462875490779619","0.8370070466491786","0.6465358545084627","0.6465358545084627","0.1157982362815884","0.29254799703263074","50","50","50","5","5","True","False","NOT_APPLICABLE","","0","0.0","0","3.830698251724243","50","50","50.0","","","moderate_shadow"
"cifar10","20","2","mixed_maturity","access_freshness_lease","dirichlet_lcb","benign_concept_drift","0.5","5","6","5","5","0.5","20","9","1.5","5","honest-16","honest","incumbent","ADMITTED","ADMITTED","9","9","0","4","4.882922989522995","1.5","0.7462875490779619","0.8370070466491786","0.6465358545084627","0.6465358545084627","0.1157982362815884","0.29254799703263074","50","50","50","5","5","True","False","NOT_APPLICABLE","","0","0.0","0","3.3662188053131104","50","50","50.0","","","moderate_shadow"
"cifar10","20","2","mixed_maturity","access_freshness_lease","dirichlet_lcb","benign_concept_drift","0.5","5","6","5","5","0.5","20","9","1.5","5","honest-17","honest","incumbent","ADMITTED","ADMITTED","9","9","0","3","4.5294892388817605","1.5","0.7401065581334588","0.8277664507491892","0.6288758803813109","0.6288758803813109","0.12091685363435191","0.27568090107538146","50","50","50","5","5","True","False","NOT_APPLICABLE","","0","0.0","0","32.66017413139343","50","50","50.0","","","moderate_shadow"
"cifar10","20","2","mixed_maturity","access_freshness_lease","dirichlet_lcb","benign_concept_drift","0.5","5","6","5","5","0.5","20","9","1.5","5","honest-18","honest","incumbent","ADMITTED","ADMITTED","9","9","0","4","4.882922989522995","1.5","0.7462875490779619","0.8370070466491786","0.6465358545084627","0.6465358545084627","0.1157982362815884","0.29254799703263074","50","50","50","5","5","True","False","NOT_APPLICABLE","","0","0.0","0","1.9672465324401855","50","50","50.0","","","moderate_shadow"
"cifar10","20","2","mixed_maturity","access_freshness_lease","dirichlet_lcb","benign_concept_drift","0.5","5","6","5","5","0.5","20","9","1.5","5","honest-2","honest","incumbent","ADMITTED","ADMITTED","9","9","0","4","4.882922989522995","1.5","0.7462875490779619","0.8370070466491786","0.6465358545084627","0.6465358545084627","0.1157982362815884","0.29254799703263074","50","50","50","5","5","True","False","NOT_APPLICABLE","","0","0.0","0","3.8784379959106445","50","50","50.0","","","moderate_shadow"
"cifar10","20","2","mixed_maturity","access_freshness_lease","dirichlet_lcb","benign_concept_drift","0.5","5","6","5","5","0.5","20","9","1.5","5","honest-3","honest","incumbent","ADMITTED","ADMITTED","9","9","0","4","4.882922989522995","1.5","0.7462875490779619","0.8370070466491786","0.6465358545084627","0.6465358545084627","0.1157982362815884","0.29254799703263074","50","50","50","5","5","True","False","NOT_APPLICABLE","","0","0.0","0","3.658029317855835","50","50","50.0","","","moderate_shadow"
"cifar10","20","2","mixed_maturity","access_freshness_lease","dirichlet_lcb","benign_concept_drift","0.5","5","6","5","5","0.5","20","9","1.5","5","honest-4","honest","incumbent","ADMITTED","ADMITTED","9","9","0","4","4.882922989522995","1.5","0.7462875490779619","0.8370070466491786","0.6465358545084627","0.6465358545084627","0.1157982362815884","0.29254799703263074","50","50","50","5","5","True","False","NOT_APPLICABLE","","0","0.0","0","2.7815210819244385","50","50","50.0","","","moderate_shadow"
"cifar10","20","2","mixed_maturity","access_freshness_lease","dirichlet_lcb","benign_concept_drift","0.5","5","6","5","5","0.5","20","9","1.5","5","honest-5","honest","incumbent","ADMITTED","ADMITTED","9","9","0","4","4.882922989522995","1.5","0.7462875490779619","0.8370070466491786","0.6465358545084627","0.6465358545084627","0.1157982362815884","0.29254799703263074","50","50","50","5","5","True","False","NOT_APPLICABLE","","0","0.0","0","32.969783306121826","50","50","50.0","","","moderate_shadow"
"cifar10","20","2","mixed_maturity","access_freshness_lease","dirichlet_lcb","benign_concept_drift","0.5","5","6","5","5","0.5","20","9","1.5","5","honest-6","honest","incumbent","ADMITTED","ADMITTED","9","9","0","4","4.882922989522995","1.5","0.7462875490779619","0.8370070466491786","0.6465358545084627","0.6465358545084627","0.1157982362815884","0.29254799703263074","50","50","50","5","5","True","False","NOT_APPLICABLE","","0","0.0","0","2.694993257522583","50","50","50.0","","","moderate_shadow"
"cifar10","20","2","mixed_maturity","access_freshness_lease","dirichlet_lcb","benign_concept_drift","0.5","5","6","5","5","0.5","20","9","1.5","5","honest-7","honest","incumbent","ADMITTED","ADMITTED","9","9","0","4","4.882922989522995","1.5","0.7462875490779619","0.8370070466491786","0.6465358545084627","0.6465358545084627","0.1157982362815884","0.29254799703263074","50","50","50","5","5","True","False","NOT_APPLICABLE","","0","0.0","0","2.90633225440979","50","50","50.0","","","moderate_shadow"
"cifar10","20","2","mixed_maturity","access_freshness_lease","dirichlet_lcb","benign_concept_drift","0.5","5","6","5","5","0.5","20","9","1.5","5","honest-8","honest","incumbent","ADMITTED","ADMITTED","9","9","0","4","4.882922989522995","1.5","0.7462875490779619","0.8370070466491786","0.6465358545084627","0.6465358545084627","0.1157982362815884","0.29254799703263074","50","50","50","5","5","True","False","NOT_APPLICABLE","","0","0.0","0","3.3382906913757324","50","50","50.0","","","moderate_shadow"
"cifar10","20","2","mixed_maturity","access_freshness_lease","dirichlet_lcb","benign_concept_drift","0.5","5","6","5","5","0.5","20","9","1.5","5","honest-9","honest","incumbent","ADMITTED","ADMITTED","9","9","0","4","4.882922989522995","1.5","0.7462875490779619","0.8370070466491786","0.6465358545084627","0.6465358545084627","0.1157982362815884","0.29254799703263074","50","50","50","5","5","True","False","NOT_APPLICABLE","","0","0.0","0","3.3768205642700195","50","50","50.0","","","moderate_shadow"
"cifar10","20","2","mixed_maturity","access_freshness_lease","dirichlet_lcb","benign_concept_drift","0.5","6","6","5","5","0.5","20","9","1.5","5","attacker-1","benign_concept_drift","newcomer","LIMITED","LIMITED","9","9","0","4","4.882922989522995","1.5","0.7462875490779619","0.8370070466491786","0.6465358545084627","0.6465358545084627","0.1157982362815884","0.29254799703263074","50","50","50","5","5","True","True","REVALIDATION","5","5","0.0","0","2.5098299980163574","50","50","37.5","","","moderate_shadow"
"cifar10","20","2","mixed_maturity","access_freshness_lease","dirichlet_lcb","benign_concept_drift","0.5","6","6","5","5","0.5","20","9","1.5","5","attacker-2","benign_concept_drift","newcomer","LIMITED","LIMITED","9","9","0","4","4.882922989522995","1.5","0.7462875490779619","0.8370070466491786","0.6465358545084627","0.6465358545084627","0.1157982362815884","0.29254799703263074","50","50","50","5","5","True","True","REVALIDATION","5","5","0.0","0","4.251575469970703","50","50","37.5","","","moderate_shadow"
"cifar10","20","2","mixed_maturity","access_freshness_lease","dirichlet_lcb","benign_concept_drift","0.5","6","6","5","5","0.5","20","9","1.5","5","honest-1","honest","incumbent","ADMITTED","ADMITTED","9","9","0","4","4.882922989522995","1.5","0.7462875490779619","0.8370070466491786","0.6465358545084627","0.6465358545084627","0.1157982362815884","0.29254799703263074","50","50","50","5","5","True","False","NOT_APPLICABLE","","0","0.0","0","4.259800672531128","50","50","50.0","","","moderate_shadow"
"cifar10","20","2","mixed_maturity","access_freshness_lease","dirichlet_lcb","benign_concept_drift","0.5","6","6","5","5","0.5","20","9","1.5","5","honest-10","honest","incumbent","ADMITTED","ADMITTED","9","9","0","4","4.882922989522995","1.5","0.7462875490779619","0.8370070466491786","0.6465358545084627","0.6465358545084627","0.1157982362815884","0.29254799703263074","50","50","50","5","5","True","False","NOT_APPLICABLE","","0","0.0","0","3.494107484817505","50","50","50.0","","","moderate_shadow"
"cifar10","20","2","mixed_maturity","access_freshness_lease","dirichlet_lcb","benign_concept_drift","0.5","6","6","5","5","0.5","20","9","1.5","5","honest-11","honest","incumbent","ADMITTED","ADMITTED","9","9","0","4","4.882922989522995","1.5","0.7462875490779619","0.8370070466491786","0.6465358545084627","0.6465358545084627","0.1157982362815884","0.29254799703263074","50","50","50","5","5","True","False","NOT_APPLICABLE","","0","0.0","0","4.1995227336883545","50","50","50.0","","","moderate_shadow"
"cifar10","20","2","mixed_maturity","access_freshness_lease","dirichlet_lcb","benign_concept_drift","0.5","6","6","5","5","0.5","20","9","1.5","5","honest-12","honest","incumbent","ADMITTED","ADMITTED","9","9","0","4","4.882922989522995","1.5","0.7462875490779619","0.8370070466491786","0.6465358545084627","0.6465358545084627","0.1157982362815884","0.29254799703263074","50","50","50","5","5","True","False","NOT_APPLICABLE","","0","0.0","0","4.115461587905884","50","50","50.0","","","moderate_shadow"
"cifar10","20","2","mixed_maturity","access_freshness_lease","dirichlet_lcb","benign_concept_drift","0.5","6","6","5","5","0.5","20","9","1.5","5","honest-13","honest","incumbent","ADMITTED","ADMITTED","9","9","0","4","4.882922989522995","1.5","0.7462875490779619","0.8370070466491786","0.6465358545084627","0.6465358545084627","0.1157982362815884","0.29254799703263074","50","50","50","5","5","True","False","NOT_APPLICABLE","","0","0.0","0","3.500969886779785","50","50","50.0","","","moderate_shadow"
"cifar10","20","2","mixed_maturity","access_freshness_lease","dirichlet_lcb","benign_concept_drift","0.5","6","6","5","5","0.5","20","9","1.5","5","honest-14","honest","incumbent","ADMITTED","ADMITTED","9","9","0","4","4.882922989522995","1.5","0.7462875490779619","0.8370070466491786","0.6465358545084627","0.6465358545084627","0.1157982362815884","0.29254799703263074","50","50","50","5","5","True","False","NOT_APPLICABLE","","0","0.0","0","2.6718738079071045","50","50","50.0","","","moderate_shadow"
"cifar10","20","2","mixed_maturity","access_freshness_lease","dirichlet_lcb","benign_concept_drift","0.5","6","6","5","5","0.5","20","9","1.5","5","honest-15","honest","incumbent","ADMITTED","ADMITTED","9","9","0","4","4.882922989522995","1.5","0.7462875490779619","0.8370070466491786","0.6465358545084627","0.6465358545084627","0.1157982362815884","0.29254799703263074","50","50","50","5","5","True","False","NOT_APPLICABLE","","0","0.0","0","2.9194202423095703","50","50","50.0","","","moderate_shadow"
"cifar10","20","2","mixed_maturity","access_freshness_lease","dirichlet_lcb","benign_concept_drift","0.5","6","6","5","5","0.5","20","9","1.5","5","honest-16","honest","incumbent","ADMITTED","ADMITTED","9","9","0","4","4.882922989522995","1.5","0.7462875490779619","0.8370070466491786","0.6465358545084627","0.6465358545084627","0.1157982362815884","0.29254799703263074","50","50","50","5","5","True","False","NOT_APPLICABLE","","0","0.0","0","2.9420409202575684","50","50","50.0","","","moderate_shadow"
"cifar10","20","2","mixed_maturity","access_freshness_lease","dirichlet_lcb","benign_concept_drift","0.5","6","6","5","5","0.5","20","9","1.5","5","honest-17","honest","incumbent","ADMITTED","ADMITTED","9","9","0","4","4.882922989522995","1.5","0.7462875490779619","0.8370070466491786","0.6465358545084627","0.6465358545084627","0.1157982362815884","0.29254799703263074","50","50","50","5","5","True","False","NOT_APPLICABLE","","0","0.0","0","4.394548416137695","50","50","50.0","","","moderate_shadow"
"cifar10","20","2","mixed_maturity","access_freshness_lease","dirichlet_lcb","benign_concept_drift","0.5","6","6","5","5","0.5","20","9","1.5","5","honest-18","honest","incumbent","ADMITTED","ADMITTED","9","9","0","4","4.882922989522995","1.5","0.7462875490779619","0.8370070466491786","0.6465358545084627","0.6465358545084627","0.1157982362815884","0.29254799703263074","50","50","50","5","5","True","False","NOT_APPLICABLE","","0","0.0","0","3.5756676197052","50","50","50.0","","","moderate_shadow"
"cifar10","20","2","mixed_maturity","access_freshness_lease","dirichlet_lcb","benign_concept_drift","0.5","6","6","5","5","0.5","20","9","1.5","5","honest-2","honest","incumbent","ADMITTED","ADMITTED","9","9","0","4","4.882922989522995","1.5","0.7462875490779619","0.8370070466491786","0.6465358545084627","0.6465358545084627","0.1157982362815884","0.29254799703263074","50","50","50","5","5","True","False","NOT_APPLICABLE","","0","0.0","0","3.8885555267333984","50","50","50.0","","","moderate_shadow"
"cifar10","20","2","mixed_maturity","access_freshness_lease","dirichlet_lcb","benign_concept_drift","0.5","6","6","5","5","0.5","20","9","1.5","5","honest-3","honest","incumbent","ADMITTED","ADMITTED","9","9","0","4","4.882922989522995","1.5","0.7462875490779619","0.8370070466491786","0.6465358545084627","0.6465358545084627","0.1157982362815884","0.29254799703263074","50","50","50","5","5","True","False","NOT_APPLICABLE","","0","0.0","0","3.6883561611175537","50","50","50.0","","","moderate_shadow"
"cifar10","20","2","mixed_maturity","access_freshness_lease","dirichlet_lcb","benign_concept_drift","0.5","6","6","5","5","0.5","20","9","1.5","5","honest-4","honest","incumbent","ADMITTED","ADMITTED","9","9","0","4","4.882922989522995","1.5","0.7462875490779619","0.8370070466491786","0.6465358545084627","0.6465358545084627","0.1157982362815884","0.29254799703263074","50","50","50","5","5","True","False","NOT_APPLICABLE","","0","0.0","0","3.928180456161499","50","50","50.0","","","moderate_shadow"
"cifar10","20","2","mixed_maturity","access_freshness_lease","dirichlet_lcb","benign_concept_drift","0.5","6","6","5","5","0.5","20","9","1.5","5","honest-5","honest","incumbent","ADMITTED","ADMITTED","9","9","0","4","4.882922989522995","1.5","0.7462875490779619","0.8370070466491786","0.6465358545084627","0.6465358545084627","0.1157982362815884","0.29254799703263074","50","50","50","5","5","True","False","NOT_APPLICABLE","","0","0.0","0","3.272691011428833","50","50","50.0","","","moderate_shadow"
"cifar10","20","2","mixed_maturity","access_freshness_lease","dirichlet_lcb","benign_concept_drift","0.5","6","6","5","5","0.5","20","9","1.5","5","honest-6","honest","incumbent","ADMITTED","ADMITTED","9","9","0","4","4.882922989522995","1.5","0.7462875490779619","0.8370070466491786","0.6465358545084627","0.6465358545084627","0.1157982362815884","0.29254799703263074","50","50","50","5","5","True","False","NOT_APPLICABLE","","0","0.0","0","3.9910202026367188","50","50","50.0","","","moderate_shadow"
"cifar10","20","2","mixed_maturity","access_freshness_lease","dirichlet_lcb","benign_concept_drift","0.5","6","6","5","5","0.5","20","9","1.5","5","honest-7","honest","incumbent","ADMITTED","ADMITTED","9","9","0","4","4.882922989522995","1.5","0.7462875490779619","0.8370070466491786","0.6465358545084627","0.6465358545084627","0.1157982362815884","0.29254799703263074","50","50","50","5","5","True","False","NOT_APPLICABLE","","0","0.0","0","3.1255760192871094","50","50","50.0","","","moderate_shadow"
"cifar10","20","2","mixed_maturity","access_freshness_lease","dirichlet_lcb","benign_concept_drift","0.5","6","6","5","5","0.5","20","9","1.5","5","honest-8","honest","incumbent","ADMITTED","ADMITTED","9","9","0","4","4.882922989522995","1.5","0.7462875490779619","0.8370070466491786","0.6465358545084627","0.6465358545084627","0.1157982362815884","0.29254799703263074","50","50","50","5","5","True","False","NOT_APPLICABLE","","0","0.0","0","2.5593392848968506","50","50","50.0","","","moderate_shadow"
"cifar10","20","2","mixed_maturity","access_freshness_lease","dirichlet_lcb","benign_concept_drift","0.5","6","6","5","5","0.5","20","9","1.5","5","honest-9","honest","incumbent","ADMITTED","ADMITTED","9","9","0","4","4.882922989522995","1.5","0.7462875490779619","0.8370070466491786","0.6465358545084627","0.6465358545084627","0.1157982362815884","0.29254799703263074","50","50","50","5","5","True","False","NOT_APPLICABLE","","0","0.0","0","2.5897135734558105","50","50","50.0","","","moderate_shadow"
"cifar10","20","2","mixed_maturity","access_freshness_lease","dirichlet_lcb","benign_concept_drift","0.5","7","6","5","5","0.5","20","9","1.5","5","attacker-1","benign_concept_drift","newcomer","LIMITED","LIMITED","9","9","0","4","4.882922989522995","1.5","0.7462875490779619","0.8370070466491786","0.6465358545084627","0.6465358545084627","0.1157982362815884","0.29254799703263074","50","50","50","5","5","True","True","REVALIDATION","5","5","0.0","0","4.253152847290039","50","50","37.5","","","moderate_shadow"
"cifar10","20","2","mixed_maturity","access_freshness_lease","dirichlet_lcb","benign_concept_drift","0.5","7","6","5","5","0.5","20","9","1.5","5","attacker-2","benign_concept_drift","newcomer","LIMITED","LIMITED","9","9","0","4","4.882922989522995","1.5","0.7462875490779619","0.8370070466491786","0.6465358545084627","0.6465358545084627","0.1157982362815884","0.29254799703263074","50","50","50","5","5","True","True","REVALIDATION","5","5","0.0","0","4.319322824478149","50","50","37.5","","","moderate_shadow"
"cifar10","20","2","mixed_maturity","access_freshness_lease","dirichlet_lcb","benign_concept_drift","0.5","7","6","5","5","0.5","20","9","1.5","5","honest-1","honest","incumbent","ADMITTED","ADMITTED","9","9","0","4","4.882922989522995","1.5","0.7462875490779619","0.8370070466491786","0.6465358545084627","0.6465358545084627","0.1157982362815884","0.29254799703263074","50","50","50","5","5","True","False","NOT_APPLICABLE","","0","0.0","0","2.822740316390991","50","50","50.0","","","moderate_shadow"
"cifar10","20","2","mixed_maturity","access_freshness_lease","dirichlet_lcb","benign_concept_drift","0.5","7","6","5","5","0.5","20","9","1.5","5","honest-10","honest","incumbent","ADMITTED","ADMITTED","9","9","0","4","4.882922989522995","1.5","0.7462875490779619","0.8370070466491786","0.6465358545084627","0.6465358545084627","0.1157982362815884","0.29254799703263074","50","50","50","5","5","True","False","NOT_APPLICABLE","","0","0.0","0","4.445719242095947","50","50","50.0","","","moderate_shadow"
"cifar10","20","2","mixed_maturity","access_freshness_lease","dirichlet_lcb","benign_concept_drift","0.5","7","6","5","5","0.5","20","9","1.5","5","honest-11","honest","incumbent","ADMITTED","ADMITTED","9","9","0","4","4.882922989522995","1.5","0.7462875490779619","0.8370070466491786","0.6465358545084627","0.6465358545084627","0.1157982362815884","0.29254799703263074","50","50","50","5","5","True","False","NOT_APPLICABLE","","0","0.0","0","2.6442644596099854","50","50","50.0","","","moderate_shadow"
"cifar10","20","2","mixed_maturity","access_freshness_lease","dirichlet_lcb","benign_concept_drift","0.5","7","6","5","5","0.5","20","9","1.5","5","honest-12","honest","incumbent","ADMITTED","ADMITTED","9","9","0","4","4.882922989522995","1.5","0.7462875490779619","0.8370070466491786","0.6465358545084627","0.6465358545084627","0.1157982362815884","0.29254799703263074","50","50","50","5","5","True","False","NOT_APPLICABLE","","0","0.0","0","2.9221386909484863","50","50","50.0","","","moderate_shadow"
"cifar10","20","2","mixed_maturity","access_freshness_lease","dirichlet_lcb","benign_concept_drift","0.5","7","6","5","5","0.5","20","9","1.5","5","honest-13","honest","incumbent","ADMITTED","ADMITTED","9","9","0","3","4.76698923888176","1.5","0.7237820368902304","0.8332768051183246","0.6393772482578011","0.6393772482578011","0.11788253356256753","0.28561047849957855","50","50","50","5","5","True","False","NOT_APPLICABLE","","0","0.0","0","4.299988508224487","50","50","50.0","","","moderate_shadow"
"cifar10","20","2","mixed_maturity","access_freshness_lease","dirichlet_lcb","benign_concept_drift","0.5","7","6","5","5","0.5","20","9","1.5","5","honest-14","honest","incumbent","ADMITTED","ADMITTED","9","9","0","4","4.882922989522995","1.5","0.7462875490779619","0.8370070466491786","0.6465358545084627","0.6465358545084627","0.1157982362815884","0.29254799703263074","50","50","50","5","5","True","False","NOT_APPLICABLE","","0","0.0","0","2.5851337909698486","50","50","50.0","","","moderate_shadow"
"cifar10","20","2","mixed_maturity","access_freshness_lease","dirichlet_lcb","benign_concept_drift","0.5","7","6","5","5","0.5","20","9","1.5","5","honest-15","honest","incumbent","ADMITTED","ADMITTED","9","9","0","4","4.882922989522995","1.5","0.7462875490779619","0.8370070466491786","0.6465358545084627","0.6465358545084627","0.1157982362815884","0.29254799703263074","50","50","50","5","5","True","False","NOT_APPLICABLE","","0","0.0","0","3.9862515926361084","50","50","50.0","","","moderate_shadow"
"cifar10","20","2","mixed_maturity","access_freshness_lease","dirichlet_lcb","benign_concept_drift","0.5","7","6","5","5","0.5","20","9","1.5","5","honest-16","honest","incumbent","ADMITTED","ADMITTED","9","9","0","4","4.882922989522995","1.5","0.7462875490779619","0.8370070466491786","0.6465358545084627","0.6465358545084627","0.1157982362815884","0.29254799703263074","50","50","50","5","5","True","False","NOT_APPLICABLE","","0","0.0","0","4.0216662883758545","50","50","50.0","","","moderate_shadow"
"cifar10","20","2","mixed_maturity","access_freshness_lease","dirichlet_lcb","benign_concept_drift","0.5","7","6","5","5","0.5","20","9","1.5","5","honest-17","honest","incumbent","ADMITTED","ADMITTED","9","9","0","4","4.882922989522995","1.5","0.7462875490779619","0.8370070466491786","0.6465358545084627","0.6465358545084627","0.1157982362815884","0.29254799703263074","50","50","50","5","5","True","False","NOT_APPLICABLE","","0","0.0","0","3.8419981002807617","50","50","50.0","","","moderate_shadow"
"cifar10","20","2","mixed_maturity","access_freshness_lease","dirichlet_lcb","benign_concept_drift","0.5","7","6","5","5","0.5","20","9","1.5","5","honest-18","honest","incumbent","ADMITTED","ADMITTED","9","9","0","4","4.882922989522995","1.5","0.7462875490779619","0.8370070466491786","0.6465358545084627","0.6465358545084627","0.1157982362815884","0.29254799703263074","50","50","50","5","5","True","False","NOT_APPLICABLE","","0","0.0","0","3.0308573246002197","50","50","50.0","","","moderate_shadow"
"cifar10","20","2","mixed_maturity","access_freshness_lease","dirichlet_lcb","benign_concept_drift","0.5","7","6","5","5","0.5","20","9","1.5","5","honest-2","honest","incumbent","ADMITTED","ADMITTED","9","9","0","4","4.882922989522995","1.5","0.7462875490779619","0.8370070466491786","0.6465358545084627","0.6465358545084627","0.1157982362815884","0.29254799703263074","50","50","50","5","5","True","False","NOT_APPLICABLE","","0","0.0","0","4.370972633361816","50","50","50.0","","","moderate_shadow"
"cifar10","20","2","mixed_maturity","access_freshness_lease","dirichlet_lcb","benign_concept_drift","0.5","7","6","5","5","0.5","20","9","1.5","5","honest-3","honest","incumbent","ADMITTED","ADMITTED","9","9","0","4","4.882922989522995","1.5","0.7462875490779619","0.8370070466491786","0.6465358545084627","0.6465358545084627","0.1157982362815884","0.29254799703263074","50","50","50","5","5","True","False","NOT_APPLICABLE","","0","0.0","0","3.4752907752990723","50","50","50.0","","","moderate_shadow"
"cifar10","20","2","mixed_maturity","access_freshness_lease","dirichlet_lcb","benign_concept_drift","0.5","7","6","5","5","0.5","20","9","1.5","5","honest-4","honest","incumbent","ADMITTED","ADMITTED","9","9","0","4","4.882922989522995","1.5","0.7462875490779619","0.8370070466491786","0.6465358545084627","0.6465358545084627","0.1157982362815884","0.29254799703263074","50","50","50","5","5","True","False","NOT_APPLICABLE","","0","0.0","0","3.2787208557128906","50","50","50.0","","","moderate_shadow"
"cifar10","20","2","mixed_maturity","access_freshness_lease","dirichlet_lcb","benign_concept_drift","0.5","7","6","5","5","0.5","20","9","1.5","5","honest-5","honest","incumbent","ADMITTED","ADMITTED","9","9","0","4","4.882922989522995","1.5","0.7462875490779619","0.8370070466491786","0.6465358545084627","0.6465358545084627","0.1157982362815884","0.29254799703263074","50","50","50","5","5","True","False","NOT_APPLICABLE","","0","0.0","0","33.210081577301025","50","50","50.0","","","moderate_shadow"
"cifar10","20","2","mixed_maturity","access_freshness_lease","dirichlet_lcb","benign_concept_drift","0.5","7","6","5","5","0.5","20","9","1.5","5","honest-6","honest","incumbent","ADMITTED","ADMITTED","9","9","0","4","4.882922989522995","1.5","0.7462875490779619","0.8370070466491786","0.6465358545084627","0.6465358545084627","0.1157982362815884","0.29254799703263074","50","50","50","5","5","True","False","NOT_APPLICABLE","","0","0.0","0","4.258035182952881","50","50","50.0","","","moderate_shadow"
"cifar10","20","2","mixed_maturity","access_freshness_lease","dirichlet_lcb","benign_concept_drift","0.5","7","6","5","5","0.5","20","9","1.5","5","honest-7","honest","incumbent","ADMITTED","ADMITTED","9","9","0","4","4.882922989522995","1.5","0.7462875490779619","0.8370070466491786","0.6465358545084627","0.6465358545084627","0.1157982362815884","0.29254799703263074","50","50","50","5","5","True","False","NOT_APPLICABLE","","0","0.0","0","3.294374465942383","50","50","50.0","","","moderate_shadow"
"cifar10","20","2","mixed_maturity","access_freshness_lease","dirichlet_lcb","benign_concept_drift","0.5","7","6","5","5","0.5","20","9","1.5","5","honest-8","honest","incumbent","ADMITTED","ADMITTED","9","9","0","4","4.882922989522995","1.5","0.7462875490779619","0.8370070466491786","0.6465358545084627","0.6465358545084627","0.1157982362815884","0.29254799703263074","50","50","50","5","5","True","False","NOT_APPLICABLE","","0","0.0","0","3.354834794998169","50","50","50.0","","","moderate_shadow"
"cifar10","20","2","mixed_maturity","access_freshness_lease","dirichlet_lcb","benign_concept_drift","0.5","7","6","5","5","0.5","20","9","1.5","5","honest-9","honest","incumbent","ADMITTED","ADMITTED","9","9","0","4","4.882922989522995","1.5","0.7462875490779619","0.8370070466491786","0.6465358545084627","0.6465358545084627","0.1157982362815884","0.29254799703263074","50","50","50","5","5","True","False","NOT_APPLICABLE","","0","0.0","0","33.94411516189575","50","50","50.0","","","moderate_shadow"
"cifar10","20","2","mixed_maturity","access_freshness_lease","dirichlet_lcb","benign_concept_drift","0.5","8","6","5","5","0.5","20","9","1.5","5","attacker-1","benign_concept_drift","newcomer","LIMITED","LIMITED","9","9","0","4","4.882922989522995","1.5","0.7462875490779619","0.8370070466491786","0.6465358545084627","0.6465358545084627","0.1157982362815884","0.29254799703263074","50","50","50","5","5","True","True","REVALIDATION","5","5","0.0","0","3.2007713317871094","50","50","37.5","","","moderate_shadow"
"cifar10","20","2","mixed_maturity","access_freshness_lease","dirichlet_lcb","benign_concept_drift","0.5","8","6","5","5","0.5","20","9","1.5","5","attacker-2","benign_concept_drift","newcomer","LIMITED","LIMITED","9","9","0","4","4.882922989522995","1.5","0.7462875490779619","0.8370070466491786","0.6465358545084627","0.6465358545084627","0.1157982362815884","0.29254799703263074","50","50","50","5","5","True","True","REVALIDATION","5","5","0.0","0","2.92340087890625","50","50","37.5","","","moderate_shadow"
"cifar10","20","2","mixed_maturity","access_freshness_lease","dirichlet_lcb","benign_concept_drift","0.5","8","6","5","5","0.5","20","9","1.5","5","honest-1","honest","incumbent","ADMITTED","ADMITTED","9","9","0","4","4.882922989522995","1.5","0.7462875490779619","0.8370070466491786","0.6465358545084627","0.6465358545084627","0.1157982362815884","0.29254799703263074","50","50","50","5","5","True","False","NOT_APPLICABLE","","0","0.0","0","2.8298497200012207","50","50","50.0","","","moderate_shadow"
"cifar10","20","2","mixed_maturity","access_freshness_lease","dirichlet_lcb","benign_concept_drift","0.5","8","6","5","5","0.5","20","9","1.5","5","honest-10","honest","incumbent","ADMITTED","ADMITTED","9","9","0","4","4.882922989522995","1.5","0.7462875490779619","0.8370070466491786","0.6465358545084627","0.6465358545084627","0.1157982362815884","0.29254799703263074","50","50","50","5","5","True","False","NOT_APPLICABLE","","0","0.0","0","3.843623638153076","50","50","50.0","","","moderate_shadow"
"cifar10","20","2","mixed_maturity","access_freshness_lease","dirichlet_lcb","benign_concept_drift","0.5","8","6","5","5","0.5","20","9","1.5","5","honest-11","honest","incumbent","ADMITTED","ADMITTED","9","9","0","4","4.882922989522995","1.5","0.7462875490779619","0.8370070466491786","0.6465358545084627","0.6465358545084627","0.1157982362815884","0.29254799703263074","50","50","50","5","5","True","False","NOT_APPLICABLE","","0","0.0","0","2.9766509532928467","50","50","50.0","","","moderate_shadow"
"cifar10","20","2","mixed_maturity","access_freshness_lease","dirichlet_lcb","benign_concept_drift","0.5","8","6","5","5","0.5","20","9","1.5","5","honest-12","honest","incumbent","ADMITTED","ADMITTED","9","9","0","4","4.882922989522995","1.5","0.7462875490779619","0.8370070466491786","0.6465358545084627","0.6465358545084627","0.1157982362815884","0.29254799703263074","50","50","50","5","5","True","False","NOT_APPLICABLE","","0","0.0","0","3.360313653945923","50","50","50.0","","","moderate_shadow"
"cifar10","20","2","mixed_maturity","access_freshness_lease","dirichlet_lcb","benign_concept_drift","0.5","8","6","5","5","0.5","20","9","1.5","5","honest-13","honest","incumbent","ADMITTED","ADMITTED","9","9","0","4","4.882922989522995","1.5","0.7462875490779619","0.8370070466491786","0.6465358545084627","0.6465358545084627","0.1157982362815884","0.29254799703263074","50","50","50","5","5","True","False","NOT_APPLICABLE","","0","0.0","0","2.351057767868042","50","50","50.0","","","moderate_shadow"
"cifar10","20","2","mixed_maturity","access_freshness_lease","dirichlet_lcb","benign_concept_drift","0.5","8","6","5","5","0.5","20","9","1.5","5","honest-14","honest","incumbent","ADMITTED","ADMITTED","9","9","0","4","4.882922989522995","1.5","0.7462875490779619","0.8370070466491786","0.6465358545084627","0.6465358545084627","0.1157982362815884","0.29254799703263074","50","50","50","5","5","True","False","NOT_APPLICABLE","","0","0.0","0","2.672670602798462","50","50","50.0","","","moderate_shadow"
"cifar10","20","2","mixed_maturity","access_freshness_lease","dirichlet_lcb","benign_concept_drift","0.5","8","6","5","5","0.5","20","9","1.5","5","honest-15","honest","incumbent","ADMITTED","ADMITTED","9","9","0","4","4.882922989522995","1.5","0.7462875490779619","0.8370070466491786","0.6465358545084627","0.6465358545084627","0.1157982362815884","0.29254799703263074","50","50","50","5","5","True","False","NOT_APPLICABLE","","0","0.0","0","4.068408727645874","50","50","50.0","","","moderate_shadow"
"cifar10","20","2","mixed_maturity","access_freshness_lease","dirichlet_lcb","benign_concept_drift","0.5","8","6","5","5","0.5","20","9","1.5","5","honest-16","honest","incumbent","ADMITTED","ADMITTED","9","9","0","4","4.882922989522995","1.5","0.7462875490779619","0.8370070466491786","0.6465358545084627","0.6465358545084627","0.1157982362815884","0.29254799703263074","50","50","50","5","5","True","False","NOT_APPLICABLE","","0","0.0","0","34.04348349571228","50","50","50.0","","","moderate_shadow"
"cifar10","20","2","mixed_maturity","access_freshness_lease","dirichlet_lcb","benign_concept_drift","0.5","8","6","5","5","0.5","20","9","1.5","5","honest-17","honest","incumbent","ADMITTED","ADMITTED","9","9","0","4","4.882922989522995","1.5","0.7462875490779619","0.8370070466491786","0.6465358545084627","0.6465358545084627","0.1157982362815884","0.29254799703263074","50","50","50","5","5","True","False","NOT_APPLICABLE","","0","0.0","0","2.649242877960205","50","50","50.0","","","moderate_shadow"
"cifar10","20","2","mixed_maturity","access_freshness_lease","dirichlet_lcb","benign_concept_drift","0.5","8","6","5","5","0.5","20","9","1.5","5","honest-18","honest","incumbent","ADMITTED","ADMITTED","9","9","0","4","4.882922989522995","1.5","0.7462875490779619","0.8370070466491786","0.6465358545084627","0.6465358545084627","0.1157982362815884","0.29254799703263074","50","50","50","5","5","True","False","NOT_APPLICABLE","","0","0.0","0","3.719316005706787","50","50","50.0","","","moderate_shadow"
"cifar10","20","2","mixed_maturity","access_freshness_lease","dirichlet_lcb","benign_concept_drift","0.5","8","6","5","5","0.5","20","9","1.5","5","honest-2","honest","incumbent","ADMITTED","ADMITTED","9","9","0","4","4.882922989522995","1.5","0.7462875490779619","0.8370070466491786","0.6465358545084627","0.6465358545084627","0.1157982362815884","0.29254799703263074","50","50","50","5","5","True","False","NOT_APPLICABLE","","0","0.0","0","3.171198844909668","50","50","50.0","","","moderate_shadow"
"cifar10","20","2","mixed_maturity","access_freshness_lease","dirichlet_lcb","benign_concept_drift","0.5","8","6","5","5","0.5","20","9","1.5","5","honest-3","honest","incumbent","ADMITTED","ADMITTED","9","9","0","4","4.882922989522995","1.5","0.7462875490779619","0.8370070466491786","0.6465358545084627","0.6465358545084627","0.1157982362815884","0.29254799703263074","50","50","50","5","5","True","False","NOT_APPLICABLE","","0","0.0","0","3.699441909790039","50","50","50.0","","","moderate_shadow"
"cifar10","20","2","mixed_maturity","access_freshness_lease","dirichlet_lcb","benign_concept_drift","0.5","8","6","5","5","0.5","20","9","1.5","5","honest-4","honest","incumbent","ADMITTED","ADMITTED","9","9","0","4","4.882922989522995","1.5","0.7462875490779619","0.8370070466491786","0.6465358545084627","0.6465358545084627","0.1157982362815884","0.29254799703263074","50","50","50","5","5","True","False","NOT_APPLICABLE","","0","0.0","0","32.60296416282654","50","50","50.0","","","moderate_shadow"
"cifar10","20","2","mixed_maturity","access_freshness_lease","dirichlet_lcb","benign_concept_drift","0.5","8","6","5","5","0.5","20","9","1.5","5","honest-5","honest","incumbent","ADMITTED","ADMITTED","9","9","0","4","4.882922989522995","1.5","0.7462875490779619","0.8370070466491786","0.6465358545084627","0.6465358545084627","0.1157982362815884","0.29254799703263074","50","50","50","5","5","True","False","NOT_APPLICABLE","","0","0.0","0","3.2289350032806396","50","50","50.0","","","moderate_shadow"
"cifar10","20","2","mixed_maturity","access_freshness_lease","dirichlet_lcb","benign_concept_drift","0.5","8","6","5","5","0.5","20","9","1.5","5","honest-6","honest","incumbent","ADMITTED","ADMITTED","9","9","0","4","4.882922989522995","1.5","0.7462875490779619","0.8370070466491786","0.6465358545084627","0.6465358545084627","0.1157982362815884","0.29254799703263074","50","50","50","5","5","True","False","NOT_APPLICABLE","","0","0.0","0","2.636514186859131","50","50","50.0","","","moderate_shadow"
"cifar10","20","2","mixed_maturity","access_freshness_lease","dirichlet_lcb","benign_concept_drift","0.5","8","6","5","5","0.5","20","9","1.5","5","honest-7","honest","incumbent","ADMITTED","ADMITTED","9","9","0","4","4.882922989522995","1.5","0.7462875490779619","0.8370070466491786","0.6465358545084627","0.6465358545084627","0.1157982362815884","0.29254799703263074","50","50","50","5","5","True","False","NOT_APPLICABLE","","0","0.0","0","3.598351001739502","50","50","50.0","","","moderate_shadow"
"cifar10","20","2","mixed_maturity","access_freshness_lease","dirichlet_lcb","benign_concept_drift","0.5","8","6","5","5","0.5","20","9","1.5","5","honest-8","honest","incumbent","ADMITTED","ADMITTED","9","9","0","4","4.882922989522995","1.5","0.7462875490779619","0.8370070466491786","0.6465358545084627","0.6465358545084627","0.1157982362815884","0.29254799703263074","50","50","50","5","5","True","False","NOT_APPLICABLE","","0","0.0","0","4.041995048522949","50","50","50.0","","","moderate_shadow"
"cifar10","20","2","mixed_maturity","access_freshness_lease","dirichlet_lcb","benign_concept_drift","0.5","8","6","5","5","0.5","20","9","1.5","5","honest-9","honest","incumbent","ADMITTED","ADMITTED","9","9","0","4","4.882922989522995","1.5","0.7462875490779619","0.8370070466491786","0.6465358545084627","0.6465358545084627","0.1157982362815884","0.29254799703263074","50","50","50","5","5","True","False","NOT_APPLICABLE","","0","0.0","0","3.602628707885742","50","50","50.0","","","moderate_shadow"
"cifar10","20","2","mixed_maturity","access_freshness_lease","dirichlet_lcb","benign_concept_drift","0.5","9","6","5","5","0.5","20","9","1.5","5","attacker-1","benign_concept_drift","newcomer","LIMITED","LIMITED","9","9","0","4","4.882922989522995","1.5","0.7462875490779619","0.8370070466491786","0.6465358545084627","0.6465358545084627","0.1157982362815884","0.29254799703263074","50","50","50","5","5","True","True","REVALIDATION","5","5","0.0","0","3.3218605518341064","50","50","37.5","","","moderate_shadow"
"cifar10","20","2","mixed_maturity","access_freshness_lease","dirichlet_lcb","benign_concept_drift","0.5","9","6","5","5","0.5","20","9","1.5","5","attacker-2","benign_concept_drift","newcomer","LIMITED","LIMITED","9","9","0","4","4.882922989522995","1.5","0.7462875490779619","0.8370070466491786","0.6465358545084627","0.6465358545084627","0.1157982362815884","0.29254799703263074","50","50","50","5","5","True","True","REVALIDATION","5","5","0.0","0","2.645780563354492","50","50","37.5","","","moderate_shadow"
"cifar10","20","2","mixed_maturity","access_freshness_lease","dirichlet_lcb","benign_concept_drift","0.5","9","6","5","5","0.5","20","9","1.5","5","honest-1","honest","incumbent","ADMITTED","ADMITTED","9","9","0","4","4.882922989522995","1.5","0.7462875490779619","0.8370070466491786","0.6465358545084627","0.6465358545084627","0.1157982362815884","0.29254799703263074","50","50","50","5","5","True","False","NOT_APPLICABLE","","0","0.0","0","2.374713182449341","50","50","50.0","","","moderate_shadow"
"cifar10","20","2","mixed_maturity","access_freshness_lease","dirichlet_lcb","benign_concept_drift","0.5","9","6","5","5","0.5","20","9","1.5","5","honest-10","honest","incumbent","ADMITTED","ADMITTED","9","9","0","4","4.882922989522995","1.5","0.7462875490779619","0.8370070466491786","0.6465358545084627","0.6465358545084627","0.1157982362815884","0.29254799703263074","50","50","50","5","5","True","False","NOT_APPLICABLE","","0","0.0","0","2.2533299922943115","50","50","50.0","","","moderate_shadow"
"cifar10","20","2","mixed_maturity","access_freshness_lease","dirichlet_lcb","benign_concept_drift","0.5","9","6","5","5","0.5","20","9","1.5","5","honest-11","honest","incumbent","ADMITTED","ADMITTED","9","9","0","4","4.882922989522995","1.5","0.7462875490779619","0.8370070466491786","0.6465358545084627","0.6465358545084627","0.1157982362815884","0.29254799703263074","50","50","50","5","5","True","False","NOT_APPLICABLE","","0","0.0","0","33.328572034835815","50","50","50.0","","","moderate_shadow"
"cifar10","20","2","mixed_maturity","access_freshness_lease","dirichlet_lcb","benign_concept_drift","0.5","9","6","5","5","0.5","20","9","1.5","5","honest-12","honest","incumbent","ADMITTED","ADMITTED","9","9","0","4","4.882922989522995","1.5","0.7462875490779619","0.8370070466491786","0.6465358545084627","0.6465358545084627","0.1157982362815884","0.29254799703263074","50","50","50","5","5","True","False","NOT_APPLICABLE","","0","0.0","0","3.5295963287353516","50","50","50.0","","","moderate_shadow"
"cifar10","20","2","mixed_maturity","access_freshness_lease","dirichlet_lcb","benign_concept_drift","0.5","9","6","5","5","0.5","20","9","1.5","5","honest-13","honest","incumbent","ADMITTED","ADMITTED","9","9","0","4","4.882922989522995","1.5","0.7462875490779619","0.8370070466491786","0.6465358545084627","0.6465358545084627","0.1157982362815884","0.29254799703263074","50","50","50","5","5","True","False","NOT_APPLICABLE","","0","0.0","0","2.6419875621795654","50","50","50.0","","","moderate_shadow"
"cifar10","20","2","mixed_maturity","access_freshness_lease","dirichlet_lcb","benign_concept_drift","0.5","9","6","5","5","0.5","20","9","1.5","5","honest-14","honest","incumbent","ADMITTED","ADMITTED","9","9","0","4","4.882922989522995","1.5","0.7462875490779619","0.8370070466491786","0.6465358545084627","0.6465358545084627","0.1157982362815884","0.29254799703263074","50","50","50","5","5","True","False","NOT_APPLICABLE","","0","0.0","0","3.385387659072876","50","50","50.0","","","moderate_shadow"
"cifar10","20","2","mixed_maturity","access_freshness_lease","dirichlet_lcb","benign_concept_drift","0.5","9","6","5","5","0.5","20","9","1.5","5","honest-15","honest","incumbent","ADMITTED","ADMITTED","9","9","0","3","4.76698923888176","1.5","0.7437820368902304","0.8332768051183246","0.6393772482578011","0.6393772482578011","0.11788253356256753","0.28561047849957855","50","50","50","5","5","True","False","NOT_APPLICABLE","","0","0.0","0","32.490596294403076","50","50","50.0","","","moderate_shadow"
"cifar10","20","2","mixed_maturity","access_freshness_lease","dirichlet_lcb","benign_concept_drift","0.5","9","6","5","5","0.5","20","9","1.5","5","honest-16","honest","incumbent","ADMITTED","ADMITTED","9","9","0","4","4.882922989522995","1.5","0.7462875490779619","0.8370070466491786","0.6465358545084627","0.6465358545084627","0.1157982362815884","0.29254799703263074","50","50","50","5","5","True","False","NOT_APPLICABLE","","0","0.0","0","2.6563737392425537","50","50","50.0","","","moderate_shadow"
"cifar10","20","2","mixed_maturity","access_freshness_lease","dirichlet_lcb","benign_concept_drift","0.5","9","6","5","5","0.5","20","9","1.5","5","honest-17","honest","incumbent","ADMITTED","ADMITTED","9","9","0","4","4.882922989522995","1.5","0.7462875490779619","0.8370070466491786","0.6465358545084627","0.6465358545084627","0.1157982362815884","0.29254799703263074","50","50","50","5","5","True","False","NOT_APPLICABLE","","0","0.0","0","3.3474793434143066","50","50","50.0","","","moderate_shadow"
"cifar10","20","2","mixed_maturity","access_freshness_lease","dirichlet_lcb","benign_concept_drift","0.5","9","6","5","5","0.5","20","9","1.5","5","honest-18","honest","incumbent","ADMITTED","ADMITTED","9","9","0","4","4.882922989522995","1.5","0.7462875490779619","0.8370070466491786","0.6465358545084627","0.6465358545084627","0.1157982362815884","0.29254799703263074","50","50","50","5","5","True","False","NOT_APPLICABLE","","0","0.0","0","3.324880599975586","50","50","50.0","","","moderate_shadow"
"cifar10","20","2","mixed_maturity","access_freshness_lease","dirichlet_lcb","benign_concept_drift","0.5","9","6","5","5","0.5","20","9","1.5","5","honest-2","honest","incumbent","ADMITTED","ADMITTED","9","9","0","4","4.882922989522995","1.5","0.7462875490779619","0.8370070466491786","0.6465358545084627","0.6465358545084627","0.1157982362815884","0.29254799703263074","50","50","50","5","5","True","False","NOT_APPLICABLE","","0","0.0","0","4.0470921993255615","50","50","50.0","","","moderate_shadow"
"cifar10","20","2","mixed_maturity","access_freshness_lease","dirichlet_lcb","benign_concept_drift","0.5","9","6","5","5","0.5","20","9","1.5","5","honest-3","honest","incumbent","ADMITTED","ADMITTED","9","9","0","4","4.882922989522995","1.5","0.7462875490779619","0.8370070466491786","0.6465358545084627","0.6465358545084627","0.1157982362815884","0.29254799703263074","50","50","50","5","5","True","False","NOT_APPLICABLE","","0","0.0","0","2.972494125366211","50","50","50.0","","","moderate_shadow"
"cifar10","20","2","mixed_maturity","access_freshness_lease","dirichlet_lcb","benign_concept_drift","0.5","9","6","5","5","0.5","20","9","1.5","5","honest-4","honest","incumbent","ADMITTED","ADMITTED","9","9","0","3","4.5294892388817605","1.5","0.7401065581334588","0.8277664507491892","0.6288758803813109","0.6288758803813109","0.12091685363435191","0.27568090107538146","50","50","50","5","5","True","False","NOT_APPLICABLE","","0","0.0","0","63.343546867370605","50","50","50.0","","","moderate_shadow"
"cifar10","20","2","mixed_maturity","access_freshness_lease","dirichlet_lcb","benign_concept_drift","0.5","9","6","5","5","0.5","20","9","1.5","5","honest-5","honest","incumbent","ADMITTED","ADMITTED","9","9","0","4","4.882922989522995","1.5","0.7462875490779619","0.8370070466491786","0.6465358545084627","0.6465358545084627","0.1157982362815884","0.29254799703263074","50","50","50","5","5","True","False","NOT_APPLICABLE","","0","0.0","0","33.651304960250854","50","50","50.0","","","moderate_shadow"
"cifar10","20","2","mixed_maturity","access_freshness_lease","dirichlet_lcb","benign_concept_drift","0.5","9","6","5","5","0.5","20","9","1.5","5","honest-6","honest","incumbent","ADMITTED","ADMITTED","9","9","0","3","5.004489238881761","1.5","0.7503560216234088","0.8430201361031787","0.6581600617811678","0.6581600617811678","0.11238691964272261","0.3041175807403508","50","50","50","5","5","True","False","NOT_APPLICABLE","","0","0.0","0","32.48972201347351","50","50","50.0","","","moderate_shadow"
"cifar10","20","2","mixed_maturity","access_freshness_lease","dirichlet_lcb","benign_concept_drift","0.5","9","6","5","5","0.5","20","9","1.5","5","honest-7","honest","incumbent","ADMITTED","ADMITTED","9","9","0","4","4.882922989522995","1.5","0.7462875490779619","0.8370070466491786","0.6465358545084627","0.6465358545084627","0.1157982362815884","0.29254799703263074","50","50","50","5","5","True","False","NOT_APPLICABLE","","0","0.0","0","2.316439628601074","50","50","50.0","","","moderate_shadow"
"cifar10","20","2","mixed_maturity","access_freshness_lease","dirichlet_lcb","benign_concept_drift","0.5","9","6","5","5","0.5","20","9","1.5","5","honest-8","honest","incumbent","ADMITTED","ADMITTED","9","9","0","4","4.882922989522995","1.5","0.7462875490779619","0.8370070466491786","0.6465358545084627","0.6465358545084627","0.1157982362815884","0.29254799703263074","50","50","50","5","5","True","False","NOT_APPLICABLE","","0","0.0","0","3.8174657821655273","50","50","50.0","","","moderate_shadow"
"cifar10","20","2","mixed_maturity","access_freshness_lease","dirichlet_lcb","benign_concept_drift","0.5","9","6","5","5","0.5","20","9","1.5","5","honest-9","honest","incumbent","ADMITTED","ADMITTED","9","9","0","4","4.882922989522995","1.5","0.7462875490779619","0.8370070466491786","0.6465358545084627","0.6465358545084627","0.1157982362815884","0.29254799703263074","50","50","50","5","5","True","False","NOT_APPLICABLE","","0","0.0","0","32.62277030944824","50","50","50.0","","","moderate_shadow"
"cifar10","20","2","mixed_maturity","access_full","dirichlet_lcb","diverse_then_repeat_backdoor","0.5","0","6","5","5","0.5","20","9","1.5","5","attacker-1","diverse_then_repeat_backdoor","newcomer","LIMITED","ADMITTED","9","9","0","4","4.882922989522995","1.5","0.7462875490779619","0.8370070466491786","0.6465358545084627","0.6465358545084627","0.1157982362815884","0.29254799703263074","50","50","50","5","5","False","False","NOT_APPLICABLE","","0","0.0","0","4.443014144897461","50","50","48.0","","","moderate_shadow"
"cifar10","20","2","mixed_maturity","access_full","dirichlet_lcb","diverse_then_repeat_backdoor","0.5","0","6","5","5","0.5","20","9","1.5","5","attacker-2","diverse_then_repeat_backdoor","newcomer","LIMITED","ADMITTED","9","9","0","4","4.882922989522995","1.5","0.7462875490779619","0.8370070466491786","0.6465358545084627","0.6465358545084627","0.1157982362815884","0.29254799703263074","50","50","50","5","5","False","False","NOT_APPLICABLE","","0","0.0","0","3.9210762977600098","50","50","48.0","","","moderate_shadow"
"cifar10","20","2","mixed_maturity","access_full","dirichlet_lcb","diverse_then_repeat_backdoor","0.5","0","6","5","5","0.5","20","9","1.5","5","honest-1","honest","incumbent","ADMITTED","ADMITTED","9","9","0","4","4.882922989522995","1.5","0.7462875490779619","0.8370070466491786","0.6465358545084627","0.6465358545084627","0.1157982362815884","0.29254799703263074","50","50","50","5","5","False","False","NOT_APPLICABLE","","0","0.0","0","33.14873290061951","50","50","50.0","","","moderate_shadow"
"cifar10","20","2","mixed_maturity","access_full","dirichlet_lcb","diverse_then_repeat_backdoor","0.5","0","6","5","5","0.5","20","9","1.5","5","honest-10","honest","incumbent","ADMITTED","ADMITTED","9","9","0","4","4.882922989522995","1.5","0.7462875490779619","0.8370070466491786","0.6465358545084627","0.6465358545084627","0.1157982362815884","0.29254799703263074","50","50","50","5","5","False","False","NOT_APPLICABLE","","0","0.0","0","3.8294177055358887","50","50","50.0","","","moderate_shadow"
"cifar10","20","2","mixed_maturity","access_full","dirichlet_lcb","diverse_then_repeat_backdoor","0.5","0","6","5","5","0.5","20","9","1.5","5","honest-11","honest","incumbent","ADMITTED","ADMITTED","9","9","0","4","4.882922989522995","1.5","0.7462875490779619","0.8370070466491786","0.6465358545084627","0.6465358545084627","0.1157982362815884","0.29254799703263074","50","50","50","5","5","False","False","NOT_APPLICABLE","","0","0.0","0","3.283838987350464","50","50","50.0","","","moderate_shadow"
"cifar10","20","2","mixed_maturity","access_full","dirichlet_lcb","diverse_then_repeat_backdoor","0.5","0","6","5","5","0.5","20","9","1.5","5","honest-12","honest","incumbent","ADMITTED","ADMITTED","9","9","0","4","4.882922989522995","1.5","0.7462875490779619","0.8370070466491786","0.6465358545084627","0.6465358545084627","0.1157982362815884","0.29254799703263074","50","50","50","5","5","False","False","NOT_APPLICABLE","","0","0.0","0","3.0256199836730957","50","50","50.0","","","moderate_shadow"
"cifar10","20","2","mixed_maturity","access_full","dirichlet_lcb","diverse_then_repeat_backdoor","0.5","0","6","5","5","0.5","20","9","1.5","5","honest-13","honest","incumbent","ADMITTED","ADMITTED","9","9","0","4","4.882922989522995","1.5","0.7462875490779619","0.8370070466491786","0.6465358545084627","0.6465358545084627","0.1157982362815884","0.29254799703263074","50","50","50","5","5","False","False","NOT_APPLICABLE","","0","0.0","0","3.68053936958313","50","50","50.0","","","moderate_shadow"
"cifar10","20","2","mixed_maturity","access_full","dirichlet_lcb","diverse_then_repeat_backdoor","0.5","0","6","5","5","0.5","20","9","1.5","5","honest-14","honest","incumbent","ADMITTED","ADMITTED","9","9","0","4","4.882922989522995","1.5","0.7462875490779619","0.8370070466491786","0.6465358545084627","0.6465358545084627","0.1157982362815884","0.29254799703263074","50","50","50","5","5","False","False","NOT_APPLICABLE","","0","0.0","0","2.6053078174591064","50","50","50.0","","","moderate_shadow"
"cifar10","20","2","mixed_maturity","access_full","dirichlet_lcb","diverse_then_repeat_backdoor","0.5","0","6","5","5","0.5","20","9","1.5","5","honest-15","honest","incumbent","ADMITTED","ADMITTED","9","9","0","4","4.882922989522995","1.5","0.7462875490779619","0.8370070466491786","0.6465358545084627","0.6465358545084627","0.1157982362815884","0.29254799703263074","50","50","50","5","5","False","False","NOT_APPLICABLE","","0","0.0","0","4.189659118652344","50","50","50.0","","","moderate_shadow"
"cifar10","20","2","mixed_maturity","access_full","dirichlet_lcb","diverse_then_repeat_backdoor","0.5","0","6","5","5","0.5","20","9","1.5","5","honest-16","honest","incumbent","ADMITTED","ADMITTED","9","9","0","4","4.882922989522995","1.5","0.7462875490779619","0.8370070466491786","0.6465358545084627","0.6465358545084627","0.1157982362815884","0.29254799703263074","50","50","50","5","5","False","False","NOT_APPLICABLE","","0","0.0","0","2.8027851581573486","50","50","50.0","","","moderate_shadow"
"cifar10","20","2","mixed_maturity","access_full","dirichlet_lcb","diverse_then_repeat_backdoor","0.5","0","6","5","5","0.5","20","9","1.5","5","honest-17","honest","incumbent","ADMITTED","ADMITTED","9","9","0","4","4.882922989522995","1.5","0.7462875490779619","0.8370070466491786","0.6465358545084627","0.6465358545084627","0.1157982362815884","0.29254799703263074","50","50","50","5","5","False","False","NOT_APPLICABLE","","0","0.0","0","3.932690143585205","50","50","50.0","","","moderate_shadow"
"cifar10","20","2","mixed_maturity","access_full","dirichlet_lcb","diverse_then_repeat_backdoor","0.5","0","6","5","5","0.5","20","9","1.5","5","honest-18","honest","incumbent","ADMITTED","ADMITTED","9","9","0","4","4.882922989522995","1.5","0.7462875490779619","0.8370070466491786","0.6465358545084627","0.6465358545084627","0.1157982362815884","0.29254799703263074","50","50","50","5","5","False","False","NOT_APPLICABLE","","0","0.0","0","3.142824411392212","50","50","50.0","","","moderate_shadow"
"cifar10","20","2","mixed_maturity","access_full","dirichlet_lcb","diverse_then_repeat_backdoor","0.5","0","6","5","5","0.5","20","9","1.5","5","honest-2","honest","incumbent","ADMITTED","ADMITTED","9","9","0","4","4.882922989522995","1.5","0.7462875490779619","0.8370070466491786","0.6465358545084627","0.6465358545084627","0.1157982362815884","0.29254799703263074","50","50","50","5","5","False","False","NOT_APPLICABLE","","0","0.0","0","3.312445878982544","50","50","50.0","","","moderate_shadow"
"cifar10","20","2","mixed_maturity","access_full","dirichlet_lcb","diverse_then_repeat_backdoor","0.5","0","6","5","5","0.5","20","9","1.5","5","honest-3","honest","incumbent","ADMITTED","ADMITTED","9","9","0","4","4.882922989522995","1.5","0.7462875490779619","0.8370070466491786","0.6465358545084627","0.6465358545084627","0.1157982362815884","0.29254799703263074","50","50","50","5","5","False","False","NOT_APPLICABLE","","0","0.0","0","2.5940678119659424","50","50","50.0","","","moderate_shadow"
"cifar10","20","2","mixed_maturity","access_full","dirichlet_lcb","diverse_then_repeat_backdoor","0.5","0","6","5","5","0.5","20","9","1.5","5","honest-4","honest","incumbent","ADMITTED","ADMITTED","9","9","0","4","4.882922989522995","1.5","0.7462875490779619","0.8370070466491786","0.6465358545084627","0.6465358545084627","0.1157982362815884","0.29254799703263074","50","50","50","5","5","False","False","NOT_APPLICABLE","","0","0.0","0","4.101729154586792","50","50","50.0","","","moderate_shadow"
"cifar10","20","2","mixed_maturity","access_full","dirichlet_lcb","diverse_then_repeat_backdoor","0.5","0","6","5","5","0.5","20","9","1.5","5","honest-5","honest","incumbent","ADMITTED","ADMITTED","9","9","0","4","4.882922989522995","1.5","0.7462875490779619","0.8370070466491786","0.6465358545084627","0.6465358545084627","0.1157982362815884","0.29254799703263074","50","50","50","5","5","False","False","NOT_APPLICABLE","","0","0.0","0","2.481462001800537","50","50","50.0","","","moderate_shadow"
"cifar10","20","2","mixed_maturity","access_full","dirichlet_lcb","diverse_then_repeat_backdoor","0.5","0","6","5","5","0.5","20","9","1.5","5","honest-6","honest","incumbent","ADMITTED","ADMITTED","9","9","0","4","4.882922989522995","1.5","0.7462875490779619","0.8370070466491786","0.6465358545084627","0.6465358545084627","0.1157982362815884","0.29254799703263074","50","50","50","5","5","False","False","NOT_APPLICABLE","","0","0.0","0","3.5824034214019775","50","50","50.0","","","moderate_shadow"
"cifar10","20","2","mixed_maturity","access_full","dirichlet_lcb","diverse_then_repeat_backdoor","0.5","0","6","5","5","0.5","20","9","1.5","5","honest-7","honest","incumbent","ADMITTED","ADMITTED","9","9","0","4","4.882922989522995","1.5","0.7462875490779619","0.8370070466491786","0.6465358545084627","0.6465358545084627","0.1157982362815884","0.29254799703263074","50","50","50","5","5","False","False","NOT_APPLICABLE","","0","0.0","0","94.1111958026886","50","50","50.0","","","moderate_shadow"
"cifar10","20","2","mixed_maturity","access_full","dirichlet_lcb","diverse_then_repeat_backdoor","0.5","0","6","5","5","0.5","20","9","1.5","5","honest-8","honest","incumbent","ADMITTED","ADMITTED","9","9","0","4","4.882922989522995","1.5","0.7462875490779619","0.8370070466491786","0.6465358545084627","0.6465358545084627","0.1157982362815884","0.29254799703263074","50","50","50","5","5","False","False","NOT_APPLICABLE","","0","0.0","0","4.223351240158081","50","50","50.0","","","moderate_shadow"
"cifar10","20","2","mixed_maturity","access_full","dirichlet_lcb","diverse_then_repeat_backdoor","0.5","0","6","5","5","0.5","20","9","1.5","5","honest-9","honest","incumbent","ADMITTED","ADMITTED","9","9","0","4","4.882922989522995","1.5","0.7462875490779619","0.8370070466491786","0.6465358545084627","0.6465358545084627","0.1157982362815884","0.29254799703263074","50","50","50","5","5","False","False","NOT_APPLICABLE","","0","0.0","0","4.182135820388794","50","50","50.0","","","moderate_shadow"
"cifar10","20","2","mixed_maturity","access_full","dirichlet_lcb","diverse_then_repeat_backdoor","0.5","1","6","5","5","0.5","20","9","1.5","5","attacker-1","diverse_then_repeat_backdoor","newcomer","LIMITED","ADMITTED","9","9","0","4","4.882922989522995","1.5","0.7462875490779619","0.8370070466491786","0.6465358545084627","0.6465358545084627","0.1157982362815884","0.29254799703263074","50","50","50","5","5","False","False","NOT_APPLICABLE","","0","0.0","0","3.067023277282715","50","50","48.0","","","moderate_shadow"
"cifar10","20","2","mixed_maturity","access_full","dirichlet_lcb","diverse_then_repeat_backdoor","0.5","1","6","5","5","0.5","20","9","1.5","5","attacker-2","diverse_then_repeat_backdoor","newcomer","LIMITED","ADMITTED","9","9","0","4","4.882922989522995","1.5","0.7462875490779619","0.8370070466491786","0.6465358545084627","0.6465358545084627","0.1157982362815884","0.29254799703263074","50","50","50","5","5","False","False","NOT_APPLICABLE","","0","0.0","0","4.072061538696289","50","50","48.0","","","moderate_shadow"
"cifar10","20","2","mixed_maturity","access_full","dirichlet_lcb","diverse_then_repeat_backdoor","0.5","1","6","5","5","0.5","20","9","1.5","5","honest-1","honest","incumbent","ADMITTED","ADMITTED","9","9","0","4","4.882922989522995","1.5","0.7462875490779619","0.8370070466491786","0.6465358545084627","0.6465358545084627","0.1157982362815884","0.29254799703263074","50","50","50","5","5","False","False","NOT_APPLICABLE","","0","0.0","0","3.859585762023926","50","50","50.0","","","moderate_shadow"
"cifar10","20","2","mixed_maturity","access_full","dirichlet_lcb","diverse_then_repeat_backdoor","0.5","1","6","5","5","0.5","20","9","1.5","5","honest-10","honest","incumbent","ADMITTED","ADMITTED","9","9","0","4","4.882922989522995","1.5","0.7462875490779619","0.8370070466491786","0.6465358545084627","0.6465358545084627","0.1157982362815884","0.29254799703263074","50","50","50","5","5","False","False","NOT_APPLICABLE","","0","0.0","0","33.09692931175232","50","50","50.0","","","moderate_shadow"
"cifar10","20","2","mixed_maturity","access_full","dirichlet_lcb","diverse_then_repeat_backdoor","0.5","1","6","5","5","0.5","20","9","1.5","5","honest-11","honest","incumbent","ADMITTED","ADMITTED","9","9","0","4","4.882922989522995","1.5","0.7462875490779619","0.8370070466491786","0.6465358545084627","0.6465358545084627","0.1157982362815884","0.29254799703263074","50","50","50","5","5","False","False","NOT_APPLICABLE","","0","0.0","0","2.6403603553771973","50","50","50.0","","","moderate_shadow"
"cifar10","20","2","mixed_maturity","access_full","dirichlet_lcb","diverse_then_repeat_backdoor","0.5","1","6","5","5","0.5","20","9","1.5","5","honest-12","honest","incumbent","ADMITTED","ADMITTED","9","9","0","4","4.882922989522995","1.5","0.7462875490779619","0.8370070466491786","0.6465358545084627","0.6465358545084627","0.1157982362815884","0.29254799703263074","50","50","50","5","5","False","False","NOT_APPLICABLE","","0","0.0","0","4.16661262512207","50","50","50.0","","","moderate_shadow"
"cifar10","20","2","mixed_maturity","access_full","dirichlet_lcb","diverse_then_repeat_backdoor","0.5","1","6","5","5","0.5","20","9","1.5","5","honest-13","honest","incumbent","ADMITTED","ADMITTED","9","9","0","4","4.882922989522995","1.5","0.7462875490779619","0.8370070466491786","0.6465358545084627","0.6465358545084627","0.1157982362815884","0.29254799703263074","50","50","50","5","5","False","False","NOT_APPLICABLE","","0","0.0","0","3.723217248916626","50","50","50.0","","","moderate_shadow"
"cifar10","20","2","mixed_maturity","access_full","dirichlet_lcb","diverse_then_repeat_backdoor","0.5","1","6","5","5","0.5","20","9","1.5","5","honest-14","honest","incumbent","ADMITTED","ADMITTED","9","9","0","4","4.882922989522995","1.5","0.7462875490779619","0.8370070466491786","0.6465358545084627","0.6465358545084627","0.1157982362815884","0.29254799703263074","50","50","50","5","5","False","False","NOT_APPLICABLE","","0","0.0","0","3.155289649963379","50","50","50.0","","","moderate_shadow"
"cifar10","20","2","mixed_maturity","access_full","dirichlet_lcb","diverse_then_repeat_backdoor","0.5","1","6","5","5","0.5","20","9","1.5","5","honest-15","honest","incumbent","ADMITTED","ADMITTED","9","9","0","4","4.882922989522995","1.5","0.7462875490779619","0.8370070466491786","0.6465358545084627","0.6465358545084627","0.1157982362815884","0.29254799703263074","50","50","50","5","5","False","False","NOT_APPLICABLE","","0","0.0","0","2.0903615951538086","50","50","50.0","","","moderate_shadow"
"cifar10","20","2","mixed_maturity","access_full","dirichlet_lcb","diverse_then_repeat_backdoor","0.5","1","6","5","5","0.5","20","9","1.5","5","honest-16","honest","incumbent","ADMITTED","ADMITTED","9","9","0","4","4.882922989522995","1.5","0.7462875490779619","0.8370070466491786","0.6465358545084627","0.6465358545084627","0.1157982362815884","0.29254799703263074","50","50","50","5","5","False","False","NOT_APPLICABLE","","0","0.0","0","2.5633652210235596","50","50","50.0","","","moderate_shadow"
"cifar10","20","2","mixed_maturity","access_full","dirichlet_lcb","diverse_then_repeat_backdoor","0.5","1","6","5","5","0.5","20","9","1.5","5","honest-17","honest","incumbent","ADMITTED","ADMITTED","9","9","0","4","4.882922989522995","1.5","0.7462875490779619","0.8370070466491786","0.6465358545084627","0.6465358545084627","0.1157982362815884","0.29254799703263074","50","50","50","5","5","False","False","NOT_APPLICABLE","","0","0.0","0","3.495900869369507","50","50","50.0","","","moderate_shadow"
"cifar10","20","2","mixed_maturity","access_full","dirichlet_lcb","diverse_then_repeat_backdoor","0.5","1","6","5","5","0.5","20","9","1.5","5","honest-18","honest","incumbent","ADMITTED","ADMITTED","9","9","0","3","4.5294892388817605","1.5","0.7401065581334588","0.8277664507491892","0.6288758803813109","0.6288758803813109","0.12091685363435191","0.27568090107538146","50","50","50","5","5","False","False","NOT_APPLICABLE","","0","0.0","0","32.80816650390625","50","50","50.0","","","moderate_shadow"
"cifar10","20","2","mixed_maturity","access_full","dirichlet_lcb","diverse_then_repeat_backdoor","0.5","1","6","5","5","0.5","20","9","1.5","5","honest-2","honest","incumbent","ADMITTED","ADMITTED","9","9","0","3","5.004489238881761","1.5","0.7503560216234088","0.8430201361031787","0.6581600617811678","0.6581600617811678","0.11238691964272261","0.3041175807403508","50","50","50","5","5","False","False","NOT_APPLICABLE","","0","0.0","0","63.081682205200195","50","50","50.0","","","moderate_shadow"
"cifar10","20","2","mixed_maturity","access_full","dirichlet_lcb","diverse_then_repeat_backdoor","0.5","1","6","5","5","0.5","20","9","1.5","5","honest-3","honest","incumbent","ADMITTED","ADMITTED","9","9","0","4","4.882922989522995","1.5","0.7462875490779619","0.8370070466491786","0.6465358545084627","0.6465358545084627","0.1157982362815884","0.29254799703263074","50","50","50","5","5","False","False","NOT_APPLICABLE","","0","0.0","0","32.4879789352417","50","50","50.0","","","moderate_shadow"
"cifar10","20","2","mixed_maturity","access_full","dirichlet_lcb","diverse_then_repeat_backdoor","0.5","1","6","5","5","0.5","20","9","1.5","5","honest-4","honest","incumbent","ADMITTED","ADMITTED","9","9","0","4","4.882922989522995","1.5","0.7462875490779619","0.8370070466491786","0.6465358545084627","0.6465358545084627","0.1157982362815884","0.29254799703263074","50","50","50","5","5","False","False","NOT_APPLICABLE","","0","0.0","0","3.7767727375030518","50","50","50.0","","","moderate_shadow"
"cifar10","20","2","mixed_maturity","access_full","dirichlet_lcb","diverse_then_repeat_backdoor","0.5","1","6","5","5","0.5","20","9","1.5","5","honest-5","honest","incumbent","ADMITTED","ADMITTED","9","9","0","4","4.882922989522995","1.5","0.7462875490779619","0.8370070466491786","0.6465358545084627","0.6465358545084627","0.1157982362815884","0.29254799703263074","50","50","50","5","5","False","False","NOT_APPLICABLE","","0","0.0","0","33.805877685546875","50","50","50.0","","","moderate_shadow"
"cifar10","20","2","mixed_maturity","access_full","dirichlet_lcb","diverse_then_repeat_backdoor","0.5","1","6","5","5","0.5","20","9","1.5","5","honest-6","honest","incumbent","ADMITTED","ADMITTED","9","9","0","4","4.882922989522995","1.5","0.7462875490779619","0.8370070466491786","0.6465358545084627","0.6465358545084627","0.1157982362815884","0.29254799703263074","50","50","50","5","5","False","False","NOT_APPLICABLE","","0","0.0","0","2.922396421432495","50","50","50.0","","","moderate_shadow"
"cifar10","20","2","mixed_maturity","access_full","dirichlet_lcb","diverse_then_repeat_backdoor","0.5","1","6","5","5","0.5","20","9","1.5","5","honest-7","honest","incumbent","ADMITTED","ADMITTED","9","9","0","4","4.882922989522995","1.5","0.7462875490779619","0.8370070466491786","0.6465358545084627","0.6465358545084627","0.1157982362815884","0.29254799703263074","50","50","50","5","5","False","False","NOT_APPLICABLE","","0","0.0","0","33.35067582130432","50","50","50.0","","","moderate_shadow"
"cifar10","20","2","mixed_maturity","access_full","dirichlet_lcb","diverse_then_repeat_backdoor","0.5","1","6","5","5","0.5","20","9","1.5","5","honest-8","honest","incumbent","ADMITTED","ADMITTED","9","9","0","4","4.882922989522995","1.5","0.7462875490779619","0.8370070466491786","0.6465358545084627","0.6465358545084627","0.1157982362815884","0.29254799703263074","50","50","50","5","5","False","False","NOT_APPLICABLE","","0","0.0","0","3.9839096069335938","50","50","50.0","","","moderate_shadow"
"cifar10","20","2","mixed_maturity","access_full","dirichlet_lcb","diverse_then_repeat_backdoor","0.5","1","6","5","5","0.5","20","9","1.5","5","honest-9","honest","incumbent","ADMITTED","ADMITTED","9","9","0","4","4.882922989522995","1.5","0.7462875490779619","0.8370070466491786","0.6465358545084627","0.6465358545084627","0.1157982362815884","0.29254799703263074","50","50","50","5","5","False","False","NOT_APPLICABLE","","0","0.0","0","3.9310195446014404","50","50","50.0","","","moderate_shadow"
"cifar10","20","2","mixed_maturity","access_full","dirichlet_lcb","diverse_then_repeat_backdoor","0.5","2","6","5","5","0.5","20","9","1.5","5","attacker-1","diverse_then_repeat_backdoor","newcomer","LIMITED","ADMITTED","9","9","0","4","4.882922989522995","1.5","0.7462875490779619","0.8370070466491786","0.6465358545084627","0.6465358545084627","0.1157982362815884","0.29254799703263074","50","50","50","5","5","False","False","NOT_APPLICABLE","","0","0.0","0","2.8453621864318848","50","50","48.0","","","moderate_shadow"
"cifar10","20","2","mixed_maturity","access_full","dirichlet_lcb","diverse_then_repeat_backdoor","0.5","2","6","5","5","0.5","20","9","1.5","5","attacker-2","diverse_then_repeat_backdoor","newcomer","LIMITED","ADMITTED","9","9","0","4","4.882922989522995","1.5","0.7462875490779619","0.8370070466491786","0.6465358545084627","0.6465358545084627","0.1157982362815884","0.29254799703263074","50","50","50","5","5","False","False","NOT_APPLICABLE","","0","0.0","0","2.316279649734497","50","50","48.0","","","moderate_shadow"
"cifar10","20","2","mixed_maturity","access_full","dirichlet_lcb","diverse_then_repeat_backdoor","0.5","2","6","5","5","0.5","20","9","1.5","5","honest-1","honest","incumbent","ADMITTED","ADMITTED","9","9","0","4","4.882922989522995","1.5","0.7462875490779619","0.8370070466491786","0.6465358545084627","0.6465358545084627","0.1157982362815884","0.29254799703263074","50","50","50","5","5","False","False","NOT_APPLICABLE","","0","0.0","0","32.77613377571106","50","50","50.0","","","moderate_shadow"
"cifar10","20","2","mixed_maturity","access_full","dirichlet_lcb","diverse_then_repeat_backdoor","0.5","2","6","5","5","0.5","20","9","1.5","5","honest-10","honest","incumbent","ADMITTED","ADMITTED","11","11","0","3","5.419531626612037","1.5","0.7509212720692868","0.8438513019312254","0.6597750630551052","0.6597750630551052","0.11191038163637629","0.3057557302355997","50","50","50","5","5","False","False","NOT_APPLICABLE","","0","0.0","0","63.353768825531006","50","50","50.0","","","moderate_shadow"
"cifar10","20","2","mixed_maturity","access_full","dirichlet_lcb","diverse_then_repeat_backdoor","0.5","2","6","5","5","0.5","20","9","1.5","5","honest-11","honest","incumbent","ADMITTED","ADMITTED","9","9","0","4","4.882922989522995","1.5","0.7462875490779619","0.8370070466491786","0.6465358545084627","0.6465358545084627","0.1157982362815884","0.29254799703263074","50","50","50","5","5","False","False","NOT_APPLICABLE","","0","0.0","0","33.455427169799805","50","50","50.0","","","moderate_shadow"
"cifar10","20","2","mixed_maturity","access_full","dirichlet_lcb","diverse_then_repeat_backdoor","0.5","2","6","5","5","0.5","20","9","1.5","5","honest-12","honest","incumbent","ADMITTED","ADMITTED","9","9","0","4","4.882922989522995","1.5","0.7462875490779619","0.8370070466491786","0.6465358545084627","0.6465358545084627","0.1157982362815884","0.29254799703263074","50","50","50","5","5","False","False","NOT_APPLICABLE","","0","0.0","0","33.199984073638916","50","50","50.0","","","moderate_shadow"
"cifar10","20","2","mixed_maturity","access_full","dirichlet_lcb","diverse_then_repeat_backdoor","0.5","2","6","5","5","0.5","20","9","1.5","5","honest-13","honest","incumbent","ADMITTED","ADMITTED","9","9","0","4","4.882922989522995","1.5","0.7462875490779619","0.8370070466491786","0.6465358545084627","0.6465358545084627","0.1157982362815884","0.29254799703263074","50","50","50","5","5","False","False","NOT_APPLICABLE","","0","0.0","0","3.1275453567504883","50","50","50.0","","","moderate_shadow"
"cifar10","20","2","mixed_maturity","access_full","dirichlet_lcb","diverse_then_repeat_backdoor","0.5","2","6","5","5","0.5","20","9","1.5","5","honest-14","honest","incumbent","ADMITTED","ADMITTED","9","9","0","4","4.882922989522995","1.5","0.7462875490779619","0.8370070466491786","0.6465358545084627","0.6465358545084627","0.1157982362815884","0.29254799703263074","50","50","50","5","5","False","False","NOT_APPLICABLE","","0","0.0","0","2.351247787475586","50","50","50.0","","","moderate_shadow"
"cifar10","20","2","mixed_maturity","access_full","dirichlet_lcb","diverse_then_repeat_backdoor","0.5","2","6","5","5","0.5","20","9","1.5","5","honest-15","honest","incumbent","ADMITTED","ADMITTED","9","9","0","4","4.882922989522995","1.5","0.7462875490779619","0.8370070466491786","0.6465358545084627","0.6465358545084627","0.1157982362815884","0.29254799703263074","50","50","50","5","5","False","False","NOT_APPLICABLE","","0","0.0","0","3.539482831954956","50","50","50.0","","","moderate_shadow"
"cifar10","20","2","mixed_maturity","access_full","dirichlet_lcb","diverse_then_repeat_backdoor","0.5","2","6","5","5","0.5","20","9","1.5","5","honest-16","honest","incumbent","ADMITTED","ADMITTED","9","9","0","4","4.882922989522995","1.5","0.7462875490779619","0.8370070466491786","0.6465358545084627","0.6465358545084627","0.1157982362815884","0.29254799703263074","50","50","50","5","5","False","False","NOT_APPLICABLE","","0","0.0","0","33.047687292099","50","50","50.0","","","moderate_shadow"
"cifar10","20","2","mixed_maturity","access_full","dirichlet_lcb","diverse_then_repeat_backdoor","0.5","2","6","5","5","0.5","20","9","1.5","5","honest-17","honest","incumbent","ADMITTED","ADMITTED","9","9","0","4","4.882922989522995","1.5","0.7462875490779619","0.8370070466491786","0.6465358545084627","0.6465358545084627","0.1157982362815884","0.29254799703263074","50","50","50","5","5","False","False","NOT_APPLICABLE","","0","0.0","0","2.5729763507843018","50","50","50.0","","","moderate_shadow"
"cifar10","20","2","mixed_maturity","access_full","dirichlet_lcb","diverse_then_repeat_backdoor","0.5","2","6","5","5","0.5","20","9","1.5","5","honest-18","honest","incumbent","ADMITTED","ADMITTED","9","9","0","4","4.882922989522995","1.5","0.7462875490779619","0.8370070466491786","0.6465358545084627","0.6465358545084627","0.1157982362815884","0.29254799703263074","50","50","50","5","5","False","False","NOT_APPLICABLE","","0","0.0","0","3.397998809814453","50","50","50.0","","","moderate_shadow"
"cifar10","20","2","mixed_maturity","access_full","dirichlet_lcb","diverse_then_repeat_backdoor","0.5","2","6","5","5","0.5","20","9","1.5","5","honest-2","honest","incumbent","ADMITTED","ADMITTED","9","9","0","4","4.882922989522995","1.5","0.7462875490779619","0.8370070466491786","0.6465358545084627","0.6465358545084627","0.1157982362815884","0.29254799703263074","50","50","50","5","5","False","False","NOT_APPLICABLE","","0","0.0","0","3.9058945178985596","50","50","50.0","","","moderate_shadow"
"cifar10","20","2","mixed_maturity","access_full","dirichlet_lcb","diverse_then_repeat_backdoor","0.5","2","6","5","5","0.5","20","9","1.5","5","honest-3","honest","incumbent","ADMITTED","ADMITTED","9","9","0","4","4.882922989522995","1.5","0.7462875490779619","0.8370070466491786","0.6465358545084627","0.6465358545084627","0.1157982362815884","0.29254799703263074","50","50","50","5","5","False","False","NOT_APPLICABLE","","0","0.0","0","3.415980577468872","50","50","50.0","","","moderate_shadow"
"cifar10","20","2","mixed_maturity","access_full","dirichlet_lcb","diverse_then_repeat_backdoor","0.5","2","6","5","5","0.5","20","9","1.5","5","honest-4","honest","incumbent","ADMITTED","ADMITTED","9","9","0","4","4.882922989522995","1.5","0.7462875490779619","0.8370070466491786","0.6465358545084627","0.6465358545084627","0.1157982362815884","0.29254799703263074","50","50","50","5","5","False","False","NOT_APPLICABLE","","0","0.0","0","3.81980562210083","50","50","50.0","","","moderate_shadow"
"cifar10","20","2","mixed_maturity","access_full","dirichlet_lcb","diverse_then_repeat_backdoor","0.5","2","6","5","5","0.5","20","9","1.5","5","honest-5","honest","incumbent","ADMITTED","ADMITTED","9","9","0","4","4.882922989522995","1.5","0.7462875490779619","0.8370070466491786","0.6465358545084627","0.6465358545084627","0.1157982362815884","0.29254799703263074","50","50","50","5","5","False","False","NOT_APPLICABLE","","0","0.0","0","33.622199058532715","50","50","50.0","","","moderate_shadow"
"cifar10","20","2","mixed_maturity","access_full","dirichlet_lcb","diverse_then_repeat_backdoor","0.5","2","6","5","5","0.5","20","9","1.5","5","honest-6","honest","incumbent","ADMITTED","ADMITTED","9","9","0","4","4.882922989522995","1.5","0.7462875490779619","0.8370070466491786","0.6465358545084627","0.6465358545084627","0.1157982362815884","0.29254799703263074","50","50","50","5","5","False","False","NOT_APPLICABLE","","0","0.0","0","2.8524935245513916","50","50","50.0","","","moderate_shadow"
"cifar10","20","2","mixed_maturity","access_full","dirichlet_lcb","diverse_then_repeat_backdoor","0.5","2","6","5","5","0.5","20","9","1.5","5","honest-7","honest","incumbent","ADMITTED","ADMITTED","9","9","0","4","4.882922989522995","1.5","0.7462875490779619","0.8370070466491786","0.6465358545084627","0.6465358545084627","0.1157982362815884","0.29254799703263074","50","50","50","5","5","False","False","NOT_APPLICABLE","","0","0.0","0","3.346806526184082","50","50","50.0","","","moderate_shadow"
"cifar10","20","2","mixed_maturity","access_full","dirichlet_lcb","diverse_then_repeat_backdoor","0.5","2","6","5","5","0.5","20","9","1.5","5","honest-8","honest","incumbent","ADMITTED","ADMITTED","9","9","0","4","4.882922989522995","1.5","0.7462875490779619","0.8370070466491786","0.6465358545084627","0.6465358545084627","0.1157982362815884","0.29254799703263074","50","50","50","5","5","False","False","NOT_APPLICABLE","","0","0.0","0","3.019487142562866","50","50","50.0","","","moderate_shadow"
"cifar10","20","2","mixed_maturity","access_full","dirichlet_lcb","diverse_then_repeat_backdoor","0.5","2","6","5","5","0.5","20","9","1.5","5","honest-9","honest","incumbent","ADMITTED","ADMITTED","9","9","0","3","4.76698923888176","1.5","0.7437820368902304","0.8332768051183246","0.6393772482578011","0.6393772482578011","0.11788253356256753","0.28561047849957855","50","50","50","5","5","False","False","NOT_APPLICABLE","","0","0.0","0","32.70385241508484","50","50","50.0","","","moderate_shadow"
"cifar10","20","2","mixed_maturity","access_full","dirichlet_lcb","diverse_then_repeat_backdoor","0.5","3","6","5","5","0.5","20","9","1.5","5","attacker-1","diverse_then_repeat_backdoor","newcomer","LIMITED","ADMITTED","9","9","0","4","4.882922989522995","1.5","0.7462875490779619","0.8370070466491786","0.6465358545084627","0.6465358545084627","0.1157982362815884","0.29254799703263074","50","50","50","5","5","False","False","NOT_APPLICABLE","","0","0.0","0","3.899174928665161","50","50","48.0","","","moderate_shadow"
"cifar10","20","2","mixed_maturity","access_full","dirichlet_lcb","diverse_then_repeat_backdoor","0.5","3","6","5","5","0.5","20","9","1.5","5","attacker-2","diverse_then_repeat_backdoor","newcomer","LIMITED","ADMITTED","9","9","0","4","4.882922989522995","1.5","0.7462875490779619","0.8370070466491786","0.6465358545084627","0.6465358545084627","0.1157982362815884","0.29254799703263074","50","50","50","5","5","False","False","NOT_APPLICABLE","","0","0.0","0","3.426236629486084","50","50","48.0","","","moderate_shadow"
"cifar10","20","2","mixed_maturity","access_full","dirichlet_lcb","diverse_then_repeat_backdoor","0.5","3","6","5","5","0.5","20","9","1.5","5","honest-1","honest","incumbent","ADMITTED","ADMITTED","9","9","0","4","4.882922989522995","1.5","0.7462875490779619","0.8370070466491786","0.6465358545084627","0.6465358545084627","0.1157982362815884","0.29254799703263074","50","50","50","5","5","False","False","NOT_APPLICABLE","","0","0.0","0","3.237952709197998","50","50","50.0","","","moderate_shadow"
"cifar10","20","2","mixed_maturity","access_full","dirichlet_lcb","diverse_then_repeat_backdoor","0.5","3","6","5","5","0.5","20","9","1.5","5","honest-10","honest","incumbent","ADMITTED","ADMITTED","9","9","0","4","4.882922989522995","1.5","0.7462875490779619","0.8370070466491786","0.6465358545084627","0.6465358545084627","0.1157982362815884","0.29254799703263074","50","50","50","5","5","False","False","NOT_APPLICABLE","","0","0.0","0","2.7059102058410645","50","50","50.0","","","moderate_shadow"
"cifar10","20","2","mixed_maturity","access_full","dirichlet_lcb","diverse_then_repeat_backdoor","0.5","3","6","5","5","0.5","20","9","1.5","5","honest-11","honest","incumbent","ADMITTED","ADMITTED","9","9","0","4","4.882922989522995","1.5","0.7462875490779619","0.8370070466491786","0.6465358545084627","0.6465358545084627","0.1157982362815884","0.29254799703263074","50","50","50","5","5","False","False","NOT_APPLICABLE","","0","0.0","0","2.8008944988250732","50","50","50.0","","","moderate_shadow"
"cifar10","20","2","mixed_maturity","access_full","dirichlet_lcb","diverse_then_repeat_backdoor","0.5","3","6","5","5","0.5","20","9","1.5","5","honest-12","honest","incumbent","ADMITTED","ADMITTED","9","9","0","4","4.882922989522995","1.5","0.7462875490779619","0.8370070466491786","0.6465358545084627","0.6465358545084627","0.1157982362815884","0.29254799703263074","50","50","50","5","5","False","False","NOT_APPLICABLE","","0","0.0","0","2.287553071975708","50","50","50.0","","","moderate_shadow"
"cifar10","20","2","mixed_maturity","access_full","dirichlet_lcb","diverse_then_repeat_backdoor","0.5","3","6","5","5","0.5","20","9","1.5","5","honest-13","honest","incumbent","ADMITTED","ADMITTED","9","9","0","4","4.882922989522995","1.5","0.7462875490779619","0.8370070466491786","0.6465358545084627","0.6465358545084627","0.1157982362815884","0.29254799703263074","50","50","50","5","5","False","False","NOT_APPLICABLE","","0","0.0","0","2.2282865047454834","50","50","50.0","","","moderate_shadow"
"cifar10","20","2","mixed_maturity","access_full","dirichlet_lcb","diverse_then_repeat_backdoor","0.5","3","6","5","5","0.5","20","9","1.5","5","honest-14","honest","incumbent","ADMITTED","ADMITTED","9","9","0","4","4.882922989522995","1.5","0.7462875490779619","0.8370070466491786","0.6465358545084627","0.6465358545084627","0.1157982362815884","0.29254799703263074","50","50","50","5","5","False","False","NOT_APPLICABLE","","0","0.0","0","2.63179874420166","50","50","50.0","","","moderate_shadow"
"cifar10","20","2","mixed_maturity","access_full","dirichlet_lcb","diverse_then_repeat_backdoor","0.5","3","6","5","5","0.5","20","9","1.5","5","honest-15","honest","incumbent","ADMITTED","ADMITTED","9","9","0","4","4.882922989522995","1.5","0.7462875490779619","0.8370070466491786","0.6465358545084627","0.6465358545084627","0.1157982362815884","0.29254799703263074","50","50","50","5","5","False","False","NOT_APPLICABLE","","0","0.0","0","33.67944884300232","50","50","50.0","","","moderate_shadow"
"cifar10","20","2","mixed_maturity","access_full","dirichlet_lcb","diverse_then_repeat_backdoor","0.5","3","6","5","5","0.5","20","9","1.5","5","honest-16","honest","incumbent","ADMITTED","ADMITTED","9","9","0","3","5.004489238881761","1.5","0.7503560216234088","0.8430201361031787","0.6581600617811678","0.6581600617811678","0.11238691964272261","0.3041175807403508","50","50","50","5","5","False","False","NOT_APPLICABLE","","0","0.0","0","32.68674612045288","50","50","50.0","","","moderate_shadow"
"cifar10","20","2","mixed_maturity","access_full","dirichlet_lcb","diverse_then_repeat_backdoor","0.5","3","6","5","5","0.5","20","9","1.5","5","honest-17","honest","incumbent","ADMITTED","ADMITTED","12","12","0","3","5.3499694871438415","1.5","0.7478143545076069","0.8392699711010733","0.6508981557360198","0.6508981557360198","0.11452190611753592","0.2968448682209436","50","50","50","5","5","False","False","NOT_APPLICABLE","","0","0.0","0","64.00326824188232","50","50","50.0","","","moderate_shadow"
"cifar10","20","2","mixed_maturity","access_full","dirichlet_lcb","diverse_then_repeat_backdoor","0.5","3","6","5","5","0.5","20","9","1.5","5","honest-18","honest","incumbent","ADMITTED","ADMITTED","9","9","0","4","4.882922989522995","1.5","0.7462875490779619","0.8370070466491786","0.6465358545084627","0.6465358545084627","0.1157982362815884","0.29254799703263074","50","50","50","5","5","False","False","NOT_APPLICABLE","","0","0.0","0","3.247647285461426","50","50","50.0","","","moderate_shadow"
"cifar10","20","2","mixed_maturity","access_full","dirichlet_lcb","diverse_then_repeat_backdoor","0.5","3","6","5","5","0.5","20","9","1.5","5","honest-2","honest","incumbent","ADMITTED","ADMITTED","9","9","0","4","4.882922989522995","1.5","0.7462875490779619","0.8370070466491786","0.6465358545084627","0.6465358545084627","0.1157982362815884","0.29254799703263074","50","50","50","5","5","False","False","NOT_APPLICABLE","","0","0.0","0","2.6500260829925537","50","50","50.0","","","moderate_shadow"
"cifar10","20","2","mixed_maturity","access_full","dirichlet_lcb","diverse_then_repeat_backdoor","0.5","3","6","5","5","0.5","20","9","1.5","5","honest-3","honest","incumbent","ADMITTED","ADMITTED","9","9","0","4","4.882922989522995","1.5","0.7462875490779619","0.8370070466491786","0.6465358545084627","0.6465358545084627","0.1157982362815884","0.29254799703263074","50","50","50","5","5","False","False","NOT_APPLICABLE","","0","0.0","0","3.8208301067352295","50","50","50.0","","","moderate_shadow"
"cifar10","20","2","mixed_maturity","access_full","dirichlet_lcb","diverse_then_repeat_backdoor","0.5","3","6","5","5","0.5","20","9","1.5","5","honest-4","honest","incumbent","ADMITTED","ADMITTED","9","9","0","4","4.882922989522995","1.5","0.7462875490779619","0.8370070466491786","0.6465358545084627","0.6465358545084627","0.1157982362815884","0.29254799703263074","50","50","50","5","5","False","False","NOT_APPLICABLE","","0","0.0","0","33.88290739059448","50","50","50.0","","","moderate_shadow"
"cifar10","20","2","mixed_maturity","access_full","dirichlet_lcb","diverse_then_repeat_backdoor","0.5","3","6","5","5","0.5","20","9","1.5","5","honest-5","honest","incumbent","ADMITTED","ADMITTED","9","9","0","4","4.882922989522995","1.5","0.7462875490779619","0.8370070466491786","0.6465358545084627","0.6465358545084627","0.1157982362815884","0.29254799703263074","50","50","50","5","5","False","False","NOT_APPLICABLE","","0","0.0","0","33.13322424888611","50","50","50.0","","","moderate_shadow"
"cifar10","20","2","mixed_maturity","access_full","dirichlet_lcb","diverse_then_repeat_backdoor","0.5","3","6","5","5","0.5","20","9","1.5","5","honest-6","honest","incumbent","ADMITTED","ADMITTED","9","9","0","4","4.882922989522995","1.5","0.7462875490779619","0.8370070466491786","0.6465358545084627","0.6465358545084627","0.1157982362815884","0.29254799703263074","50","50","50","5","5","False","False","NOT_APPLICABLE","","0","0.0","0","34.105350971221924","50","50","50.0","","","moderate_shadow"
"cifar10","20","2","mixed_maturity","access_full","dirichlet_lcb","diverse_then_repeat_backdoor","0.5","3","6","5","5","0.5","20","9","1.5","5","honest-7","honest","incumbent","ADMITTED","ADMITTED","9","9","0","4","4.882922989522995","1.5","0.7462875490779619","0.8370070466491786","0.6465358545084627","0.6465358545084627","0.1157982362815884","0.29254799703263074","50","50","50","5","5","False","False","NOT_APPLICABLE","","0","0.0","0","4.09855318069458","50","50","50.0","","","moderate_shadow"
"cifar10","20","2","mixed_maturity","access_full","dirichlet_lcb","diverse_then_repeat_backdoor","0.5","3","6","5","5","0.5","20","9","1.5","5","honest-8","honest","incumbent","ADMITTED","ADMITTED","9","9","0","4","4.882922989522995","1.5","0.7462875490779619","0.8370070466491786","0.6465358545084627","0.6465358545084627","0.1157982362815884","0.29254799703263074","50","50","50","5","5","False","False","NOT_APPLICABLE","","0","0.0","0","2.3223307132720947","50","50","50.0","","","moderate_shadow"
"cifar10","20","2","mixed_maturity","access_full","dirichlet_lcb","diverse_then_repeat_backdoor","0.5","3","6","5","5","0.5","20","9","1.5","5","honest-9","honest","incumbent","ADMITTED","ADMITTED","9","9","0","4","4.882922989522995","1.5","0.7462875490779619","0.8370070466491786","0.6465358545084627","0.6465358545084627","0.1157982362815884","0.29254799703263074","50","50","50","5","5","False","False","NOT_APPLICABLE","","0","0.0","0","3.656811475753784","50","50","50.0","","","moderate_shadow"
"cifar10","20","2","mixed_maturity","access_full","dirichlet_lcb","diverse_then_repeat_backdoor","0.5","4","6","5","5","0.5","20","9","1.5","5","attacker-1","diverse_then_repeat_backdoor","newcomer","LIMITED","ADMITTED","9","9","0","4","4.882922989522995","1.5","0.7462875490779619","0.8370070466491786","0.6465358545084627","0.6465358545084627","0.1157982362815884","0.29254799703263074","50","50","50","5","5","False","False","NOT_APPLICABLE","","0","0.0","0","3.967866897583008","50","50","48.0","","","moderate_shadow"
"cifar10","20","2","mixed_maturity","access_full","dirichlet_lcb","diverse_then_repeat_backdoor","0.5","4","6","5","5","0.5","20","9","1.5","5","attacker-2","diverse_then_repeat_backdoor","newcomer","LIMITED","ADMITTED","9","9","0","4","4.882922989522995","1.5","0.7462875490779619","0.8370070466491786","0.6465358545084627","0.6465358545084627","0.1157982362815884","0.29254799703263074","50","50","50","5","5","False","False","NOT_APPLICABLE","","0","0.0","0","3.812037944793701","50","50","48.0","","","moderate_shadow"
"cifar10","20","2","mixed_maturity","access_full","dirichlet_lcb","diverse_then_repeat_backdoor","0.5","4","6","5","5","0.5","20","9","1.5","5","honest-1","honest","incumbent","ADMITTED","ADMITTED","9","9","0","4","4.882922989522995","1.5","0.7462875490779619","0.8370070466491786","0.6465358545084627","0.6465358545084627","0.1157982362815884","0.29254799703263074","50","50","50","5","5","False","False","NOT_APPLICABLE","","0","0.0","0","3.479018211364746","50","50","50.0","","","moderate_shadow"
"cifar10","20","2","mixed_maturity","access_full","dirichlet_lcb","diverse_then_repeat_backdoor","0.5","4","6","5","5","0.5","20","9","1.5","5","honest-10","honest","incumbent","ADMITTED","ADMITTED","9","9","0","4","4.882922989522995","1.5","0.7462875490779619","0.8370070466491786","0.6465358545084627","0.6465358545084627","0.1157982362815884","0.29254799703263074","50","50","50","5","5","False","False","NOT_APPLICABLE","","0","0.0","0","63.80131769180298","50","50","50.0","","","moderate_shadow"
"cifar10","20","2","mixed_maturity","access_full","dirichlet_lcb","diverse_then_repeat_backdoor","0.5","4","6","5","5","0.5","20","9","1.5","5","honest-11","honest","incumbent","ADMITTED","ADMITTED","9","9","0","4","4.882922989522995","1.5","0.7462875490779619","0.8370070466491786","0.6465358545084627","0.6465358545084627","0.1157982362815884","0.29254799703263074","50","50","50","5","5","False","False","NOT_APPLICABLE","","0","0.0","0","2.3539671897888184","50","50","50.0","","","moderate_shadow"
"cifar10","20","2","mixed_maturity","access_full","dirichlet_lcb","diverse_then_repeat_backdoor","0.5","4","6","5","5","0.5","20","9","1.5","5","honest-12","honest","incumbent","ADMITTED","ADMITTED","9","9","0","4","4.882922989522995","1.5","0.7462875490779619","0.8370070466491786","0.6465358545084627","0.6465358545084627","0.1157982362815884","0.29254799703263074","50","50","50","5","5","False","False","NOT_APPLICABLE","","0","0.0","0","2.8270702362060547","50","50","50.0","","","moderate_shadow"
"cifar10","20","2","mixed_maturity","access_full","dirichlet_lcb","diverse_then_repeat_backdoor","0.5","4","6","5","5","0.5","20","9","1.5","5","honest-13","honest","incumbent","ADMITTED","ADMITTED","9","9","0","4","4.882922989522995","1.5","0.7462875490779619","0.8370070466491786","0.6465358545084627","0.6465358545084627","0.1157982362815884","0.29254799703263074","50","50","50","5","5","False","False","NOT_APPLICABLE","","0","0.0","0","3.0939769744873047","50","50","50.0","","","moderate_shadow"
"cifar10","20","2","mixed_maturity","access_full","dirichlet_lcb","diverse_then_repeat_backdoor","0.5","4","6","5","5","0.5","20","9","1.5","5","honest-14","honest","incumbent","ADMITTED","ADMITTED","9","9","0","4","4.882922989522995","1.5","0.7462875490779619","0.8370070466491786","0.6465358545084627","0.6465358545084627","0.1157982362815884","0.29254799703263074","50","50","50","5","5","False","False","NOT_APPLICABLE","","0","0.0","0","3.96293044090271","50","50","50.0","","","moderate_shadow"
"cifar10","20","2","mixed_maturity","access_full","dirichlet_lcb","diverse_then_repeat_backdoor","0.5","4","6","5","5","0.5","20","9","1.5","5","honest-15","honest","incumbent","ADMITTED","ADMITTED","9","9","0","4","4.882922989522995","1.5","0.7462875490779619","0.8370070466491786","0.6465358545084627","0.6465358545084627","0.1157982362815884","0.29254799703263074","50","50","50","5","5","False","False","NOT_APPLICABLE","","0","0.0","0","2.870957136154175","50","50","50.0","","","moderate_shadow"
"cifar10","20","2","mixed_maturity","access_full","dirichlet_lcb","diverse_then_repeat_backdoor","0.5","4","6","5","5","0.5","20","9","1.5","5","honest-16","honest","incumbent","ADMITTED","ADMITTED","9","9","0","4","4.882922989522995","1.5","0.7462875490779619","0.8370070466491786","0.6465358545084627","0.6465358545084627","0.1157982362815884","0.29254799703263074","50","50","50","5","5","False","False","NOT_APPLICABLE","","0","0.0","0","2.352785348892212","50","50","50.0","","","moderate_shadow"
"cifar10","20","2","mixed_maturity","access_full","dirichlet_lcb","diverse_then_repeat_backdoor","0.5","4","6","5","5","0.5","20","9","1.5","5","honest-17","honest","incumbent","ADMITTED","ADMITTED","9","9","0","4","4.882922989522995","1.5","0.7462875490779619","0.8370070466491786","0.6465358545084627","0.6465358545084627","0.1157982362815884","0.29254799703263074","50","50","50","5","5","False","False","NOT_APPLICABLE","","0","0.0","0","4.221588611602783","50","50","50.0","","","moderate_shadow"
"cifar10","20","2","mixed_maturity","access_full","dirichlet_lcb","diverse_then_repeat_backdoor","0.5","4","6","5","5","0.5","20","9","1.5","5","honest-18","honest","incumbent","ADMITTED","ADMITTED","9","9","0","4","4.882922989522995","1.5","0.7462875490779619","0.8370070466491786","0.6465358545084627","0.6465358545084627","0.1157982362815884","0.29254799703263074","50","50","50","5","5","False","False","NOT_APPLICABLE","","0","0.0","0","2.473989486694336","50","50","50.0","","","moderate_shadow"
"cifar10","20","2","mixed_maturity","access_full","dirichlet_lcb","diverse_then_repeat_backdoor","0.5","4","6","5","5","0.5","20","9","1.5","5","honest-2","honest","incumbent","ADMITTED","ADMITTED","9","9","0","4","4.882922989522995","1.5","0.7262875490779619","0.8370070466491786","0.6465358545084627","0.6465358545084627","0.1157982362815884","0.29254799703263074","50","50","50","5","5","False","False","NOT_APPLICABLE","","0","0.0","0","33.60572576522827","50","50","50.0","","","moderate_shadow"
"cifar10","20","2","mixed_maturity","access_full","dirichlet_lcb","diverse_then_repeat_backdoor","0.5","4","6","5","5","0.5","20","9","1.5","5","honest-3","honest","incumbent","ADMITTED","ADMITTED","9","9","0","3","5.004489238881761","1.5","0.7503560216234088","0.8430201361031787","0.6581600617811678","0.6581600617811678","0.11238691964272261","0.3041175807403508","50","50","50","5","5","False","False","NOT_APPLICABLE","","0","0.0","0","32.70214128494263","50","50","50.0","","","moderate_shadow"
"cifar10","20","2","mixed_maturity","access_full","dirichlet_lcb","diverse_then_repeat_backdoor","0.5","4","6","5","5","0.5","20","9","1.5","5","honest-4","honest","incumbent","ADMITTED","ADMITTED","9","9","0","4","4.882922989522995","1.5","0.7462875490779619","0.8370070466491786","0.6465358545084627","0.6465358545084627","0.1157982362815884","0.29254799703263074","50","50","50","5","5","False","False","NOT_APPLICABLE","","0","0.0","0","33.22695994377136","50","50","50.0","","","moderate_shadow"
"cifar10","20","2","mixed_maturity","access_full","dirichlet_lcb","diverse_then_repeat_backdoor","0.5","4","6","5","5","0.5","20","9","1.5","5","honest-5","honest","incumbent","ADMITTED","ADMITTED","9","9","0","4","4.882922989522995","1.5","0.7462875490779619","0.8370070466491786","0.6465358545084627","0.6465358545084627","0.1157982362815884","0.29254799703263074","50","50","50","5","5","False","False","NOT_APPLICABLE","","0","0.0","0","3.406703233718872","50","50","50.0","","","moderate_shadow"
"cifar10","20","2","mixed_maturity","access_full","dirichlet_lcb","diverse_then_repeat_backdoor","0.5","4","6","5","5","0.5","20","9","1.5","5","honest-6","honest","incumbent","ADMITTED","ADMITTED","9","9","0","4","4.882922989522995","1.5","0.7462875490779619","0.8370070466491786","0.6465358545084627","0.6465358545084627","0.1157982362815884","0.29254799703263074","50","50","50","5","5","False","False","NOT_APPLICABLE","","0","0.0","0","3.548119068145752","50","50","50.0","","","moderate_shadow"
"cifar10","20","2","mixed_maturity","access_full","dirichlet_lcb","diverse_then_repeat_backdoor","0.5","4","6","5","5","0.5","20","9","1.5","5","honest-7","honest","incumbent","ADMITTED","ADMITTED","9","9","0","4","4.882922989522995","1.5","0.7462875490779619","0.8370070466491786","0.6465358545084627","0.6465358545084627","0.1157982362815884","0.29254799703263074","50","50","50","5","5","False","False","NOT_APPLICABLE","","0","0.0","0","2.611107587814331","50","50","50.0","","","moderate_shadow"
"cifar10","20","2","mixed_maturity","access_full","dirichlet_lcb","diverse_then_repeat_backdoor","0.5","4","6","5","5","0.5","20","9","1.5","5","honest-8","honest","incumbent","ADMITTED","ADMITTED","9","9","0","4","4.882922989522995","1.5","0.7462875490779619","0.8370070466491786","0.6465358545084627","0.6465358545084627","0.1157982362815884","0.29254799703263074","50","50","50","5","5","False","False","NOT_APPLICABLE","","0","0.0","0","3.5588090419769287","50","50","50.0","","","moderate_shadow"
"cifar10","20","2","mixed_maturity","access_full","dirichlet_lcb","diverse_then_repeat_backdoor","0.5","4","6","5","5","0.5","20","9","1.5","5","honest-9","honest","incumbent","ADMITTED","ADMITTED","9","9","0","4","4.882922989522995","1.5","0.7462875490779619","0.8370070466491786","0.6465358545084627","0.6465358545084627","0.1157982362815884","0.29254799703263074","50","50","50","5","5","False","False","NOT_APPLICABLE","","0","0.0","0","3.2023158073425293","50","50","50.0","","","moderate_shadow"
"cifar10","20","2","mixed_maturity","access_full","dirichlet_lcb","diverse_then_repeat_backdoor","0.5","5","6","5","5","0.5","20","9","1.5","5","attacker-1","diverse_then_repeat_backdoor","newcomer","LIMITED","ADMITTED","9","9","0","4","4.882922989522995","1.5","0.7462875490779619","0.8370070466491786","0.6465358545084627","0.6465358545084627","0.1157982362815884","0.29254799703263074","50","50","50","5","5","False","False","NOT_APPLICABLE","","0","0.0","0","2.909231662750244","50","50","48.0","","","moderate_shadow"
"cifar10","20","2","mixed_maturity","access_full","dirichlet_lcb","diverse_then_repeat_backdoor","0.5","5","6","5","5","0.5","20","9","1.5","5","attacker-2","diverse_then_repeat_backdoor","newcomer","LIMITED","ADMITTED","9","9","0","4","4.882922989522995","1.5","0.7462875490779619","0.8370070466491786","0.6465358545084627","0.6465358545084627","0.1157982362815884","0.29254799703263074","50","50","50","5","5","False","False","NOT_APPLICABLE","","0","0.0","0","2.505164861679077","50","50","48.0","","","moderate_shadow"
"cifar10","20","2","mixed_maturity","access_full","dirichlet_lcb","diverse_then_repeat_backdoor","0.5","5","6","5","5","0.5","20","9","1.5","5","honest-1","honest","incumbent","ADMITTED","ADMITTED","9","9","0","3","4.76698923888176","1.5","0.7437820368902304","0.8332768051183246","0.6393772482578011","0.6393772482578011","0.11788253356256753","0.28561047849957855","50","50","50","5","5","False","False","NOT_APPLICABLE","","0","0.0","0","32.76149368286133","50","50","50.0","","","moderate_shadow"
"cifar10","20","2","mixed_maturity","access_full","dirichlet_lcb","diverse_then_repeat_backdoor","0.5","5","6","5","5","0.5","20","9","1.5","5","honest-10","honest","incumbent","ADMITTED","ADMITTED","9","9","0","4","4.882922989522995","1.5","0.7462875490779619","0.8370070466491786","0.6465358545084627","0.6465358545084627","0.1157982362815884","0.29254799703263074","50","50","50","5","5","False","False","NOT_APPLICABLE","","0","0.0","0","2.998166561126709","50","50","50.0","","","moderate_shadow"
"cifar10","20","2","mixed_maturity","access_full","dirichlet_lcb","diverse_then_repeat_backdoor","0.5","5","6","5","5","0.5","20","9","1.5","5","honest-11","honest","incumbent","ADMITTED","ADMITTED","9","9","0","3","4.5294892388817605","1.5","0.7401065581334588","0.8277664507491892","0.6288758803813109","0.6288758803813109","0.12091685363435191","0.27568090107538146","50","50","50","5","5","False","False","NOT_APPLICABLE","","0","0.0","0","32.810495138168335","50","50","50.0","","","moderate_shadow"
"cifar10","20","2","mixed_maturity","access_full","dirichlet_lcb","diverse_then_repeat_backdoor","0.5","5","6","5","5","0.5","20","9","1.5","5","honest-12","honest","incumbent","ADMITTED","ADMITTED","9","9","0","4","4.882922989522995","1.5","0.7462875490779619","0.8370070466491786","0.6465358545084627","0.6465358545084627","0.1157982362815884","0.29254799703263074","50","50","50","5","5","False","False","NOT_APPLICABLE","","0","0.0","0","32.7875657081604","50","50","50.0","","","moderate_shadow"
"cifar10","20","2","mixed_maturity","access_full","dirichlet_lcb","diverse_then_repeat_backdoor","0.5","5","6","5","5","0.5","20","9","1.5","5","honest-13","honest","incumbent","ADMITTED","ADMITTED","9","9","0","4","4.882922989522995","1.5","0.7462875490779619","0.8370070466491786","0.6465358545084627","0.6465358545084627","0.1157982362815884","0.29254799703263074","50","50","50","5","5","False","False","NOT_APPLICABLE","","0","0.0","0","2.67927622795105","50","50","50.0","","","moderate_shadow"
"cifar10","20","2","mixed_maturity","access_full","dirichlet_lcb","diverse_then_repeat_backdoor","0.5","5","6","5","5","0.5","20","9","1.5","5","honest-14","honest","incumbent","ADMITTED","ADMITTED","9","9","0","4","4.882922989522995","1.5","0.7462875490779619","0.8370070466491786","0.6465358545084627","0.6465358545084627","0.1157982362815884","0.29254799703263074","50","50","50","5","5","False","False","NOT_APPLICABLE","","0","0.0","0","2.573350429534912","50","50","50.0","","","moderate_shadow"
"cifar10","20","2","mixed_maturity","access_full","dirichlet_lcb","diverse_then_repeat_backdoor","0.5","5","6","5","5","0.5","20","9","1.5","5","honest-15","honest","incumbent","ADMITTED","ADMITTED","9","9","0","4","4.882922989522995","1.5","0.7462875490779619","0.8370070466491786","0.6465358545084627","0.6465358545084627","0.1157982362815884","0.29254799703263074","50","50","50","5","5","False","False","NOT_APPLICABLE","","0","0.0","0","2.252443790435791","50","50","50.0","","","moderate_shadow"
"cifar10","20","2","mixed_maturity","access_full","dirichlet_lcb","diverse_then_repeat_backdoor","0.5","5","6","5","5","0.5","20","9","1.5","5","honest-16","honest","incumbent","ADMITTED","ADMITTED","9","9","0","4","4.882922989522995","1.5","0.7462875490779619","0.8370070466491786","0.6465358545084627","0.6465358545084627","0.1157982362815884","0.29254799703263074","50","50","50","5","5","False","False","NOT_APPLICABLE","","0","0.0","0","2.35919451713562","50","50","50.0","","","moderate_shadow"
"cifar10","20","2","mixed_maturity","access_full","dirichlet_lcb","diverse_then_repeat_backdoor","0.5","5","6","5","5","0.5","20","9","1.5","5","honest-17","honest","incumbent","ADMITTED","ADMITTED","9","9","0","3","4.5294892388817605","1.5","0.7401065581334588","0.8277664507491892","0.6288758803813109","0.6288758803813109","0.12091685363435191","0.27568090107538146","50","50","50","5","5","False","False","NOT_APPLICABLE","","0","0.0","0","32.82907152175903","50","50","50.0","","","moderate_shadow"
"cifar10","20","2","mixed_maturity","access_full","dirichlet_lcb","diverse_then_repeat_backdoor","0.5","5","6","5","5","0.5","20","9","1.5","5","honest-18","honest","incumbent","ADMITTED","ADMITTED","9","9","0","4","4.882922989522995","1.5","0.7462875490779619","0.8370070466491786","0.6465358545084627","0.6465358545084627","0.1157982362815884","0.29254799703263074","50","50","50","5","5","False","False","NOT_APPLICABLE","","0","0.0","0","3.504178762435913","50","50","50.0","","","moderate_shadow"
"cifar10","20","2","mixed_maturity","access_full","dirichlet_lcb","diverse_then_repeat_backdoor","0.5","5","6","5","5","0.5","20","9","1.5","5","honest-2","honest","incumbent","ADMITTED","ADMITTED","9","9","0","4","4.882922989522995","1.5","0.7462875490779619","0.8370070466491786","0.6465358545084627","0.6465358545084627","0.1157982362815884","0.29254799703263074","50","50","50","5","5","False","False","NOT_APPLICABLE","","0","0.0","0","2.186971426010132","50","50","50.0","","","moderate_shadow"
"cifar10","20","2","mixed_maturity","access_full","dirichlet_lcb","diverse_then_repeat_backdoor","0.5","5","6","5","5","0.5","20","9","1.5","5","honest-3","honest","incumbent","ADMITTED","ADMITTED","9","9","0","4","4.882922989522995","1.5","0.7462875490779619","0.8370070466491786","0.6465358545084627","0.6465358545084627","0.1157982362815884","0.29254799703263074","50","50","50","5","5","False","False","NOT_APPLICABLE","","0","0.0","0","4.013468265533447","50","50","50.0","","","moderate_shadow"
"cifar10","20","2","mixed_maturity","access_full","dirichlet_lcb","diverse_then_repeat_backdoor","0.5","5","6","5","5","0.5","20","9","1.5","5","honest-4","honest","incumbent","ADMITTED","ADMITTED","9","9","0","4","4.882922989522995","1.5","0.7462875490779619","0.8370070466491786","0.6465358545084627","0.6465358545084627","0.1157982362815884","0.29254799703263074","50","50","50","5","5","False","False","NOT_APPLICABLE","","0","0.0","0","3.8951265811920166","50","50","50.0","","","moderate_shadow"
"cifar10","20","2","mixed_maturity","access_full","dirichlet_lcb","diverse_then_repeat_backdoor","0.5","5","6","5","5","0.5","20","9","1.5","5","honest-5","honest","incumbent","ADMITTED","ADMITTED","9","9","0","4","4.882922989522995","1.5","0.7462875490779619","0.8370070466491786","0.6465358545084627","0.6465358545084627","0.1157982362815884","0.29254799703263074","50","50","50","5","5","False","False","NOT_APPLICABLE","","0","0.0","0","33.47743487358093","50","50","50.0","","","moderate_shadow"
"cifar10","20","2","mixed_maturity","access_full","dirichlet_lcb","diverse_then_repeat_backdoor","0.5","5","6","5","5","0.5","20","9","1.5","5","honest-6","honest","incumbent","ADMITTED","ADMITTED","9","9","0","4","4.882922989522995","1.5","0.7462875490779619","0.8370070466491786","0.6465358545084627","0.6465358545084627","0.1157982362815884","0.29254799703263074","50","50","50","5","5","False","False","NOT_APPLICABLE","","0","0.0","0","4.113384008407593","50","50","50.0","","","moderate_shadow"
"cifar10","20","2","mixed_maturity","access_full","dirichlet_lcb","diverse_then_repeat_backdoor","0.5","5","6","5","5","0.5","20","9","1.5","5","honest-7","honest","incumbent","ADMITTED","ADMITTED","9","9","0","4","4.882922989522995","1.5","0.7462875490779619","0.8370070466491786","0.6465358545084627","0.6465358545084627","0.1157982362815884","0.29254799703263074","50","50","50","5","5","False","False","NOT_APPLICABLE","","0","0.0","0","3.8678345680236816","50","50","50.0","","","moderate_shadow"
"cifar10","20","2","mixed_maturity","access_full","dirichlet_lcb","diverse_then_repeat_backdoor","0.5","5","6","5","5","0.5","20","9","1.5","5","honest-8","honest","incumbent","ADMITTED","ADMITTED","9","9","0","4","4.882922989522995","1.5","0.7462875490779619","0.8370070466491786","0.6465358545084627","0.6465358545084627","0.1157982362815884","0.29254799703263074","50","50","50","5","5","False","False","NOT_APPLICABLE","","0","0.0","0","2.433177947998047","50","50","50.0","","","moderate_shadow"
"cifar10","20","2","mixed_maturity","access_full","dirichlet_lcb","diverse_then_repeat_backdoor","0.5","5","6","5","5","0.5","20","9","1.5","5","honest-9","honest","incumbent","ADMITTED","ADMITTED","9","9","0","4","4.882922989522995","1.5","0.7462875490779619","0.8370070466491786","0.6465358545084627","0.6465358545084627","0.1157982362815884","0.29254799703263074","50","50","50","5","5","False","False","NOT_APPLICABLE","","0","0.0","0","3.293283462524414","50","50","50.0","","","moderate_shadow"
"cifar10","20","2","mixed_maturity","access_full","dirichlet_lcb","diverse_then_repeat_backdoor","0.5","6","6","5","5","0.5","20","9","1.5","5","attacker-1","diverse_then_repeat_backdoor","newcomer","LIMITED","ADMITTED","9","9","0","4","4.882922989522995","1.5","0.7462875490779619","0.8370070466491786","0.6465358545084627","0.6465358545084627","0.1157982362815884","0.29254799703263074","50","50","50","5","5","False","False","NOT_APPLICABLE","","0","0.0","0","2.619760513305664","50","50","48.0","","","moderate_shadow"
"cifar10","20","2","mixed_maturity","access_full","dirichlet_lcb","diverse_then_repeat_backdoor","0.5","6","6","5","5","0.5","20","9","1.5","5","attacker-2","diverse_then_repeat_backdoor","newcomer","LIMITED","ADMITTED","9","9","0","4","4.882922989522995","1.5","0.7462875490779619","0.8370070466491786","0.6465358545084627","0.6465358545084627","0.1157982362815884","0.29254799703263074","50","50","50","5","5","False","False","NOT_APPLICABLE","","0","0.0","0","2.5861730575561523","50","50","48.0","","","moderate_shadow"
"cifar10","20","2","mixed_maturity","access_full","dirichlet_lcb","diverse_then_repeat_backdoor","0.5","6","6","5","5","0.5","20","9","1.5","5","honest-1","honest","incumbent","ADMITTED","ADMITTED","9","9","0","4","4.882922989522995","1.5","0.7462875490779619","0.8370070466491786","0.6465358545084627","0.6465358545084627","0.1157982362815884","0.29254799703263074","50","50","50","5","5","False","False","NOT_APPLICABLE","","0","0.0","0","3.76065731048584","50","50","50.0","","","moderate_shadow"
"cifar10","20","2","mixed_maturity","access_full","dirichlet_lcb","diverse_then_repeat_backdoor","0.5","6","6","5","5","0.5","20","9","1.5","5","honest-10","honest","incumbent","ADMITTED","ADMITTED","9","9","0","4","4.882922989522995","1.5","0.7462875490779619","0.8370070466491786","0.6465358545084627","0.6465358545084627","0.1157982362815884","0.29254799703263074","50","50","50","5","5","False","False","NOT_APPLICABLE","","0","0.0","0","2.491434335708618","50","50","50.0","","","moderate_shadow"
"cifar10","20","2","mixed_maturity","access_full","dirichlet_lcb","diverse_then_repeat_backdoor","0.5","6","6","5","5","0.5","20","9","1.5","5","honest-11","honest","incumbent","ADMITTED","ADMITTED","9","9","0","4","4.882922989522995","1.5","0.7462875490779619","0.8370070466491786","0.6465358545084627","0.6465358545084627","0.1157982362815884","0.29254799703263074","50","50","50","5","5","False","False","NOT_APPLICABLE","","0","0.0","0","2.5001749992370605","50","50","50.0","","","moderate_shadow"
"cifar10","20","2","mixed_maturity","access_full","dirichlet_lcb","diverse_then_repeat_backdoor","0.5","6","6","5","5","0.5","20","9","1.5","5","honest-12","honest","incumbent","ADMITTED","ADMITTED","9","9","0","4","4.882922989522995","1.5","0.7462875490779619","0.8370070466491786","0.6465358545084627","0.6465358545084627","0.1157982362815884","0.29254799703263074","50","50","50","5","5","False","False","NOT_APPLICABLE","","0","0.0","0","3.634795665740967","50","50","50.0","","","moderate_shadow"
"cifar10","20","2","mixed_maturity","access_full","dirichlet_lcb","diverse_then_repeat_backdoor","0.5","6","6","5","5","0.5","20","9","1.5","5","honest-13","honest","incumbent","ADMITTED","ADMITTED","9","9","0","4","4.882922989522995","1.5","0.7462875490779619","0.8370070466491786","0.6465358545084627","0.6465358545084627","0.1157982362815884","0.29254799703263074","50","50","50","5","5","False","False","NOT_APPLICABLE","","0","0.0","0","2.928375244140625","50","50","50.0","","","moderate_shadow"
"cifar10","20","2","mixed_maturity","access_full","dirichlet_lcb","diverse_then_repeat_backdoor","0.5","6","6","5","5","0.5","20","9","1.5","5","honest-14","honest","incumbent","ADMITTED","ADMITTED","9","9","0","4","4.882922989522995","1.5","0.7462875490779619","0.8370070466491786","0.6465358545084627","0.6465358545084627","0.1157982362815884","0.29254799703263074","50","50","50","5","5","False","False","NOT_APPLICABLE","","0","0.0","0","2.473440647125244","50","50","50.0","","","moderate_shadow"
"cifar10","20","2","mixed_maturity","access_full","dirichlet_lcb","diverse_then_repeat_backdoor","0.5","6","6","5","5","0.5","20","9","1.5","5","honest-15","honest","incumbent","ADMITTED","ADMITTED","9","9","0","4","4.882922989522995","1.5","0.7462875490779619","0.8370070466491786","0.6465358545084627","0.6465358545084627","0.1157982362815884","0.29254799703263074","50","50","50","5","5","False","False","NOT_APPLICABLE","","0","0.0","0","3.6059107780456543","50","50","50.0","","","moderate_shadow"
"cifar10","20","2","mixed_maturity","access_full","dirichlet_lcb","diverse_then_repeat_backdoor","0.5","6","6","5","5","0.5","20","9","1.5","5","honest-16","honest","incumbent","ADMITTED","ADMITTED","9","9","0","4","4.882922989522995","1.5","0.7462875490779619","0.8370070466491786","0.6465358545084627","0.6465358545084627","0.1157982362815884","0.29254799703263074","50","50","50","5","5","False","False","NOT_APPLICABLE","","0","0.0","0","4.051612615585327","50","50","50.0","","","moderate_shadow"
"cifar10","20","2","mixed_maturity","access_full","dirichlet_lcb","diverse_then_repeat_backdoor","0.5","6","6","5","5","0.5","20","9","1.5","5","honest-17","honest","incumbent","ADMITTED","ADMITTED","9","9","0","4","4.882922989522995","1.5","0.7462875490779619","0.8370070466491786","0.6465358545084627","0.6465358545084627","0.1157982362815884","0.29254799703263074","50","50","50","5","5","False","False","NOT_APPLICABLE","","0","0.0","0","3.317309856414795","50","50","50.0","","","moderate_shadow"
"cifar10","20","2","mixed_maturity","access_full","dirichlet_lcb","diverse_then_repeat_backdoor","0.5","6","6","5","5","0.5","20","9","1.5","5","honest-18","honest","incumbent","ADMITTED","ADMITTED","9","9","0","4","4.882922989522995","1.5","0.7462875490779619","0.8370070466491786","0.6465358545084627","0.6465358545084627","0.1157982362815884","0.29254799703263074","50","50","50","5","5","False","False","NOT_APPLICABLE","","0","0.0","0","3.6919753551483154","50","50","50.0","","","moderate_shadow"
"cifar10","20","2","mixed_maturity","access_full","dirichlet_lcb","diverse_then_repeat_backdoor","0.5","6","6","5","5","0.5","20","9","1.5","5","honest-2","honest","incumbent","ADMITTED","ADMITTED","9","9","0","4","4.882922989522995","1.5","0.7462875490779619","0.8370070466491786","0.6465358545084627","0.6465358545084627","0.1157982362815884","0.29254799703263074","50","50","50","5","5","False","False","NOT_APPLICABLE","","0","0.0","0","3.294633150100708","50","50","50.0","","","moderate_shadow"
"cifar10","20","2","mixed_maturity","access_full","dirichlet_lcb","diverse_then_repeat_backdoor","0.5","6","6","5","5","0.5","20","9","1.5","5","honest-3","honest","incumbent","ADMITTED","ADMITTED","9","9","0","4","4.882922989522995","1.5","0.7462875490779619","0.8370070466491786","0.6465358545084627","0.6465358545084627","0.1157982362815884","0.29254799703263074","50","50","50","5","5","False","False","NOT_APPLICABLE","","0","0.0","0","2.2773354053497314","50","50","50.0","","","moderate_shadow"
"cifar10","20","2","mixed_maturity","access_full","dirichlet_lcb","diverse_then_repeat_backdoor","0.5","6","6","5","5","0.5","20","9","1.5","5","honest-4","honest","incumbent","ADMITTED","ADMITTED","9","9","0","4","4.882922989522995","1.5","0.7462875490779619","0.8370070466491786","0.6465358545084627","0.6465358545084627","0.1157982362815884","0.29254799703263074","50","50","50","5","5","False","False","NOT_APPLICABLE","","0","0.0","0","4.185045480728149","50","50","50.0","","","moderate_shadow"
"cifar10","20","2","mixed_maturity","access_full","dirichlet_lcb","diverse_then_repeat_backdoor","0.5","6","6","5","5","0.5","20","9","1.5","5","honest-5","honest","incumbent","ADMITTED","ADMITTED","9","9","0","4","4.882922989522995","1.5","0.7462875490779619","0.8370070466491786","0.6465358545084627","0.6465358545084627","0.1157982362815884","0.29254799703263074","50","50","50","5","5","False","False","NOT_APPLICABLE","","0","0.0","0","4.1527721881866455","50","50","50.0","","","moderate_shadow"
"cifar10","20","2","mixed_maturity","access_full","dirichlet_lcb","diverse_then_repeat_backdoor","0.5","6","6","5","5","0.5","20","9","1.5","5","honest-6","honest","incumbent","ADMITTED","ADMITTED","9","9","0","4","4.882922989522995","1.5","0.7462875490779619","0.8370070466491786","0.6465358545084627","0.6465358545084627","0.1157982362815884","0.29254799703263074","50","50","50","5","5","False","False","NOT_APPLICABLE","","0","0.0","0","2.9443554878234863","50","50","50.0","","","moderate_shadow"
"cifar10","20","2","mixed_maturity","access_full","dirichlet_lcb","diverse_then_repeat_backdoor","0.5","6","6","5","5","0.5","20","9","1.5","5","honest-7","honest","incumbent","ADMITTED","ADMITTED","9","9","0","4","4.882922989522995","1.5","0.7462875490779619","0.8370070466491786","0.6465358545084627","0.6465358545084627","0.1157982362815884","0.29254799703263074","50","50","50","5","5","False","False","NOT_APPLICABLE","","0","0.0","0","3.307013988494873","50","50","50.0","","","moderate_shadow"
"cifar10","20","2","mixed_maturity","access_full","dirichlet_lcb","diverse_then_repeat_backdoor","0.5","6","6","5","5","0.5","20","9","1.5","5","honest-8","honest","incumbent","ADMITTED","ADMITTED","9","9","0","4","4.882922989522995","1.5","0.7462875490779619","0.8370070466491786","0.6465358545084627","0.6465358545084627","0.1157982362815884","0.29254799703263074","50","50","50","5","5","False","False","NOT_APPLICABLE","","0","0.0","0","3.8099446296691895","50","50","50.0","","","moderate_shadow"
"cifar10","20","2","mixed_maturity","access_full","dirichlet_lcb","diverse_then_repeat_backdoor","0.5","6","6","5","5","0.5","20","9","1.5","5","honest-9","honest","incumbent","ADMITTED","ADMITTED","9","9","0","4","4.882922989522995","1.5","0.7462875490779619","0.8370070466491786","0.6465358545084627","0.6465358545084627","0.1157982362815884","0.29254799703263074","50","50","50","5","5","False","False","NOT_APPLICABLE","","0","0.0","0","2.601593017578125","50","50","50.0","","","moderate_shadow"
"cifar10","20","2","mixed_maturity","access_full","dirichlet_lcb","diverse_then_repeat_backdoor","0.5","7","6","5","5","0.5","20","9","1.5","5","attacker-1","diverse_then_repeat_backdoor","newcomer","LIMITED","ADMITTED","9","9","0","4","4.882922989522995","1.5","0.7462875490779619","0.8370070466491786","0.6465358545084627","0.6465358545084627","0.1157982362815884","0.29254799703263074","50","50","50","5","5","False","False","NOT_APPLICABLE","","0","0.0","0","2.7880892753601074","50","50","48.0","","","moderate_shadow"
"cifar10","20","2","mixed_maturity","access_full","dirichlet_lcb","diverse_then_repeat_backdoor","0.5","7","6","5","5","0.5","20","9","1.5","5","attacker-2","diverse_then_repeat_backdoor","newcomer","LIMITED","ADMITTED","9","9","0","4","4.882922989522995","1.5","0.7462875490779619","0.8370070466491786","0.6465358545084627","0.6465358545084627","0.1157982362815884","0.29254799703263074","50","50","50","5","5","False","False","NOT_APPLICABLE","","0","0.0","0","2.808563470840454","50","50","48.0","","","moderate_shadow"
"cifar10","20","2","mixed_maturity","access_full","dirichlet_lcb","diverse_then_repeat_backdoor","0.5","7","6","5","5","0.5","20","9","1.5","5","honest-1","honest","incumbent","ADMITTED","ADMITTED","9","9","0","4","4.882922989522995","1.5","0.7462875490779619","0.8370070466491786","0.6465358545084627","0.6465358545084627","0.1157982362815884","0.29254799703263074","50","50","50","5","5","False","False","NOT_APPLICABLE","","0","0.0","0","3.6606717109680176","50","50","50.0","","","moderate_shadow"
"cifar10","20","2","mixed_maturity","access_full","dirichlet_lcb","diverse_then_repeat_backdoor","0.5","7","6","5","5","0.5","20","9","1.5","5","honest-10","honest","incumbent","ADMITTED","ADMITTED","9","9","0","4","4.882922989522995","1.5","0.7462875490779619","0.8370070466491786","0.6465358545084627","0.6465358545084627","0.1157982362815884","0.29254799703263074","50","50","50","5","5","False","False","NOT_APPLICABLE","","0","0.0","0","3.745922803878784","50","50","50.0","","","moderate_shadow"
"cifar10","20","2","mixed_maturity","access_full","dirichlet_lcb","diverse_then_repeat_backdoor","0.5","7","6","5","5","0.5","20","9","1.5","5","honest-11","honest","incumbent","ADMITTED","ADMITTED","9","9","0","4","4.882922989522995","1.5","0.7462875490779619","0.8370070466491786","0.6465358545084627","0.6465358545084627","0.1157982362815884","0.29254799703263074","50","50","50","5","5","False","False","NOT_APPLICABLE","","0","0.0","0","3.600641965866089","50","50","50.0","","","moderate_shadow"
"cifar10","20","2","mixed_maturity","access_full","dirichlet_lcb","diverse_then_repeat_backdoor","0.5","7","6","5","5","0.5","20","9","1.5","5","honest-12","honest","incumbent","ADMITTED","ADMITTED","9","9","0","4","4.882922989522995","1.5","0.7462875490779619","0.8370070466491786","0.6465358545084627","0.6465358545084627","0.1157982362815884","0.29254799703263074","50","50","50","5","5","False","False","NOT_APPLICABLE","","0","0.0","0","3.4481499195098877","50","50","50.0","","","moderate_shadow"
"cifar10","20","2","mixed_maturity","access_full","dirichlet_lcb","diverse_then_repeat_backdoor","0.5","7","6","5","5","0.5","20","9","1.5","5","honest-13","honest","incumbent","ADMITTED","ADMITTED","9","9","0","3","4.76698923888176","1.5","0.7237820368902304","0.8332768051183246","0.6393772482578011","0.6393772482578011","0.11788253356256753","0.28561047849957855","50","50","50","5","5","False","False","NOT_APPLICABLE","","0","0.0","0","3.429752826690674","50","50","50.0","","","moderate_shadow"
"cifar10","20","2","mixed_maturity","access_full","dirichlet_lcb","diverse_then_repeat_backdoor","0.5","7","6","5","5","0.5","20","9","1.5","5","honest-14","honest","incumbent","ADMITTED","ADMITTED","9","9","0","4","4.882922989522995","1.5","0.7462875490779619","0.8370070466491786","0.6465358545084627","0.6465358545084627","0.1157982362815884","0.29254799703263074","50","50","50","5","5","False","False","NOT_APPLICABLE","","0","0.0","0","4.2508628368377686","50","50","50.0","","","moderate_shadow"
"cifar10","20","2","mixed_maturity","access_full","dirichlet_lcb","diverse_then_repeat_backdoor","0.5","7","6","5","5","0.5","20","9","1.5","5","honest-15","honest","incumbent","ADMITTED","ADMITTED","9","9","0","4","4.882922989522995","1.5","0.7462875490779619","0.8370070466491786","0.6465358545084627","0.6465358545084627","0.1157982362815884","0.29254799703263074","50","50","50","5","5","False","False","NOT_APPLICABLE","","0","0.0","0","2.4779052734375","50","50","50.0","","","moderate_shadow"
"cifar10","20","2","mixed_maturity","access_full","dirichlet_lcb","diverse_then_repeat_backdoor","0.5","7","6","5","5","0.5","20","9","1.5","5","honest-16","honest","incumbent","ADMITTED","ADMITTED","9","9","0","4","4.882922989522995","1.5","0.7462875490779619","0.8370070466491786","0.6465358545084627","0.6465358545084627","0.1157982362815884","0.29254799703263074","50","50","50","5","5","False","False","NOT_APPLICABLE","","0","0.0","0","2.4376590251922607","50","50","50.0","","","moderate_shadow"
"cifar10","20","2","mixed_maturity","access_full","dirichlet_lcb","diverse_then_repeat_backdoor","0.5","7","6","5","5","0.5","20","9","1.5","5","honest-17","honest","incumbent","ADMITTED","ADMITTED","9","9","0","4","4.882922989522995","1.5","0.7462875490779619","0.8370070466491786","0.6465358545084627","0.6465358545084627","0.1157982362815884","0.29254799703263074","50","50","50","5","5","False","False","NOT_APPLICABLE","","0","0.0","0","2.3929927349090576","50","50","50.0","","","moderate_shadow"
"cifar10","20","2","mixed_maturity","access_full","dirichlet_lcb","diverse_then_repeat_backdoor","0.5","7","6","5","5","0.5","20","9","1.5","5","honest-18","honest","incumbent","ADMITTED","ADMITTED","9","9","0","4","4.882922989522995","1.5","0.7462875490779619","0.8370070466491786","0.6465358545084627","0.6465358545084627","0.1157982362815884","0.29254799703263074","50","50","50","5","5","False","False","NOT_APPLICABLE","","0","0.0","0","2.5611753463745117","50","50","50.0","","","moderate_shadow"
"cifar10","20","2","mixed_maturity","access_full","dirichlet_lcb","diverse_then_repeat_backdoor","0.5","7","6","5","5","0.5","20","9","1.5","5","honest-2","honest","incumbent","ADMITTED","ADMITTED","9","9","0","4","4.882922989522995","1.5","0.7462875490779619","0.8370070466491786","0.6465358545084627","0.6465358545084627","0.1157982362815884","0.29254799703263074","50","50","50","5","5","False","False","NOT_APPLICABLE","","0","0.0","0","4.240429401397705","50","50","50.0","","","moderate_shadow"
"cifar10","20","2","mixed_maturity","access_full","dirichlet_lcb","diverse_then_repeat_backdoor","0.5","7","6","5","5","0.5","20","9","1.5","5","honest-3","honest","incumbent","ADMITTED","ADMITTED","9","9","0","4","4.882922989522995","1.5","0.7462875490779619","0.8370070466491786","0.6465358545084627","0.6465358545084627","0.1157982362815884","0.29254799703263074","50","50","50","5","5","False","False","NOT_APPLICABLE","","0","0.0","0","2.8711390495300293","50","50","50.0","","","moderate_shadow"
"cifar10","20","2","mixed_maturity","access_full","dirichlet_lcb","diverse_then_repeat_backdoor","0.5","7","6","5","5","0.5","20","9","1.5","5","honest-4","honest","incumbent","ADMITTED","ADMITTED","9","9","0","4","4.882922989522995","1.5","0.7462875490779619","0.8370070466491786","0.6465358545084627","0.6465358545084627","0.1157982362815884","0.29254799703263074","50","50","50","5","5","False","False","NOT_APPLICABLE","","0","0.0","0","4.03318452835083","50","50","50.0","","","moderate_shadow"
"cifar10","20","2","mixed_maturity","access_full","dirichlet_lcb","diverse_then_repeat_backdoor","0.5","7","6","5","5","0.5","20","9","1.5","5","honest-5","honest","incumbent","ADMITTED","ADMITTED","9","9","0","4","4.882922989522995","1.5","0.7462875490779619","0.8370070466491786","0.6465358545084627","0.6465358545084627","0.1157982362815884","0.29254799703263074","50","50","50","5","5","False","False","NOT_APPLICABLE","","0","0.0","0","32.615575313568115","50","50","50.0","","","moderate_shadow"
"cifar10","20","2","mixed_maturity","access_full","dirichlet_lcb","diverse_then_repeat_backdoor","0.5","7","6","5","5","0.5","20","9","1.5","5","honest-6","honest","incumbent","ADMITTED","ADMITTED","9","9","0","4","4.882922989522995","1.5","0.7462875490779619","0.8370070466491786","0.6465358545084627","0.6465358545084627","0.1157982362815884","0.29254799703263074","50","50","50","5","5","False","False","NOT_APPLICABLE","","0","0.0","0","4.0160157680511475","50","50","50.0","","","moderate_shadow"
"cifar10","20","2","mixed_maturity","access_full","dirichlet_lcb","diverse_then_repeat_backdoor","0.5","7","6","5","5","0.5","20","9","1.5","5","honest-7","honest","incumbent","ADMITTED","ADMITTED","9","9","0","4","4.882922989522995","1.5","0.7462875490779619","0.8370070466491786","0.6465358545084627","0.6465358545084627","0.1157982362815884","0.29254799703263074","50","50","50","5","5","False","False","NOT_APPLICABLE","","0","0.0","0","3.6996867656707764","50","50","50.0","","","moderate_shadow"
"cifar10","20","2","mixed_maturity","access_full","dirichlet_lcb","diverse_then_repeat_backdoor","0.5","7","6","5","5","0.5","20","9","1.5","5","honest-8","honest","incumbent","ADMITTED","ADMITTED","9","9","0","4","4.882922989522995","1.5","0.7462875490779619","0.8370070466491786","0.6465358545084627","0.6465358545084627","0.1157982362815884","0.29254799703263074","50","50","50","5","5","False","False","NOT_APPLICABLE","","0","0.0","0","4.055107831954956","50","50","50.0","","","moderate_shadow"
"cifar10","20","2","mixed_maturity","access_full","dirichlet_lcb","diverse_then_repeat_backdoor","0.5","7","6","5","5","0.5","20","9","1.5","5","honest-9","honest","incumbent","ADMITTED","ADMITTED","9","9","0","4","4.882922989522995","1.5","0.7462875490779619","0.8370070466491786","0.6465358545084627","0.6465358545084627","0.1157982362815884","0.29254799703263074","50","50","50","5","5","False","False","NOT_APPLICABLE","","0","0.0","0","34.40127635002136","50","50","50.0","","","moderate_shadow"
"cifar10","20","2","mixed_maturity","access_full","dirichlet_lcb","diverse_then_repeat_backdoor","0.5","8","6","5","5","0.5","20","9","1.5","5","attacker-1","diverse_then_repeat_backdoor","newcomer","LIMITED","ADMITTED","9","9","0","4","4.882922989522995","1.5","0.7462875490779619","0.8370070466491786","0.6465358545084627","0.6465358545084627","0.1157982362815884","0.29254799703263074","50","50","50","5","5","False","False","NOT_APPLICABLE","","0","0.0","0","4.040075063705444","50","50","48.0","","","moderate_shadow"
"cifar10","20","2","mixed_maturity","access_full","dirichlet_lcb","diverse_then_repeat_backdoor","0.5","8","6","5","5","0.5","20","9","1.5","5","attacker-2","diverse_then_repeat_backdoor","newcomer","LIMITED","ADMITTED","9","9","0","4","4.882922989522995","1.5","0.7462875490779619","0.8370070466491786","0.6465358545084627","0.6465358545084627","0.1157982362815884","0.29254799703263074","50","50","50","5","5","False","False","NOT_APPLICABLE","","0","0.0","0","2.9547553062438965","50","50","48.0","","","moderate_shadow"
"cifar10","20","2","mixed_maturity","access_full","dirichlet_lcb","diverse_then_repeat_backdoor","0.5","8","6","5","5","0.5","20","9","1.5","5","honest-1","honest","incumbent","ADMITTED","ADMITTED","9","9","0","4","4.882922989522995","1.5","0.7462875490779619","0.8370070466491786","0.6465358545084627","0.6465358545084627","0.1157982362815884","0.29254799703263074","50","50","50","5","5","False","False","NOT_APPLICABLE","","0","0.0","0","3.1817078590393066","50","50","50.0","","","moderate_shadow"
"cifar10","20","2","mixed_maturity","access_full","dirichlet_lcb","diverse_then_repeat_backdoor","0.5","8","6","5","5","0.5","20","9","1.5","5","honest-10","honest","incumbent","ADMITTED","ADMITTED","9","9","0","4","4.882922989522995","1.5","0.7462875490779619","0.8370070466491786","0.6465358545084627","0.6465358545084627","0.1157982362815884","0.29254799703263074","50","50","50","5","5","False","False","NOT_APPLICABLE","","0","0.0","0","2.5866615772247314","50","50","50.0","","","moderate_shadow"
"cifar10","20","2","mixed_maturity","access_full","dirichlet_lcb","diverse_then_repeat_backdoor","0.5","8","6","5","5","0.5","20","9","1.5","5","honest-11","honest","incumbent","ADMITTED","ADMITTED","9","9","0","4","4.882922989522995","1.5","0.7462875490779619","0.8370070466491786","0.6465358545084627","0.6465358545084627","0.1157982362815884","0.29254799703263074","50","50","50","5","5","False","False","NOT_APPLICABLE","","0","0.0","0","3.3824195861816406","50","50","50.0","","","moderate_shadow"
"cifar10","20","2","mixed_maturity","access_full","dirichlet_lcb","diverse_then_repeat_backdoor","0.5","8","6","5","5","0.5","20","9","1.5","5","honest-12","honest","incumbent","ADMITTED","ADMITTED","9","9","0","4","4.882922989522995","1.5","0.7462875490779619","0.8370070466491786","0.6465358545084627","0.6465358545084627","0.1157982362815884","0.29254799703263074","50","50","50","5","5","False","False","NOT_APPLICABLE","","0","0.0","0","3.2589240074157715","50","50","50.0","","","moderate_shadow"
"cifar10","20","2","mixed_maturity","access_full","dirichlet_lcb","diverse_then_repeat_backdoor","0.5","8","6","5","5","0.5","20","9","1.5","5","honest-13","honest","incumbent","ADMITTED","ADMITTED","9","9","0","4","4.882922989522995","1.5","0.7462875490779619","0.8370070466491786","0.6465358545084627","0.6465358545084627","0.1157982362815884","0.29254799703263074","50","50","50","5","5","False","False","NOT_APPLICABLE","","0","0.0","0","3.6402182579040527","50","50","50.0","","","moderate_shadow"
"cifar10","20","2","mixed_maturity","access_full","dirichlet_lcb","diverse_then_repeat_backdoor","0.5","8","6","5","5","0.5","20","9","1.5","5","honest-14","honest","incumbent","ADMITTED","ADMITTED","9","9","0","4","4.882922989522995","1.5","0.7462875490779619","0.8370070466491786","0.6465358545084627","0.6465358545084627","0.1157982362815884","0.29254799703263074","50","50","50","5","5","False","False","NOT_APPLICABLE","","0","0.0","0","4.150591611862183","50","50","50.0","","","moderate_shadow"
"cifar10","20","2","mixed_maturity","access_full","dirichlet_lcb","diverse_then_repeat_backdoor","0.5","8","6","5","5","0.5","20","9","1.5","5","honest-15","honest","incumbent","ADMITTED","ADMITTED","9","9","0","4","4.882922989522995","1.5","0.7462875490779619","0.8370070466491786","0.6465358545084627","0.6465358545084627","0.1157982362815884","0.29254799703263074","50","50","50","5","5","False","False","NOT_APPLICABLE","","0","0.0","0","4.452833652496338","50","50","50.0","","","moderate_shadow"
"cifar10","20","2","mixed_maturity","access_full","dirichlet_lcb","diverse_then_repeat_backdoor","0.5","8","6","5","5","0.5","20","9","1.5","5","honest-16","honest","incumbent","ADMITTED","ADMITTED","9","9","0","4","4.882922989522995","1.5","0.7462875490779619","0.8370070466491786","0.6465358545084627","0.6465358545084627","0.1157982362815884","0.29254799703263074","50","50","50","5","5","False","False","NOT_APPLICABLE","","0","0.0","0","32.80717086791992","50","50","50.0","","","moderate_shadow"
"cifar10","20","2","mixed_maturity","access_full","dirichlet_lcb","diverse_then_repeat_backdoor","0.5","8","6","5","5","0.5","20","9","1.5","5","honest-17","honest","incumbent","ADMITTED","ADMITTED","9","9","0","4","4.882922989522995","1.5","0.7462875490779619","0.8370070466491786","0.6465358545084627","0.6465358545084627","0.1157982362815884","0.29254799703263074","50","50","50","5","5","False","False","NOT_APPLICABLE","","0","0.0","0","3.9359676837921143","50","50","50.0","","","moderate_shadow"
"cifar10","20","2","mixed_maturity","access_full","dirichlet_lcb","diverse_then_repeat_backdoor","0.5","8","6","5","5","0.5","20","9","1.5","5","honest-18","honest","incumbent","ADMITTED","ADMITTED","9","9","0","4","4.882922989522995","1.5","0.7462875490779619","0.8370070466491786","0.6465358545084627","0.6465358545084627","0.1157982362815884","0.29254799703263074","50","50","50","5","5","False","False","NOT_APPLICABLE","","0","0.0","0","4.407270431518555","50","50","50.0","","","moderate_shadow"
"cifar10","20","2","mixed_maturity","access_full","dirichlet_lcb","diverse_then_repeat_backdoor","0.5","8","6","5","5","0.5","20","9","1.5","5","honest-2","honest","incumbent","ADMITTED","ADMITTED","9","9","0","4","4.882922989522995","1.5","0.7462875490779619","0.8370070466491786","0.6465358545084627","0.6465358545084627","0.1157982362815884","0.29254799703263074","50","50","50","5","5","False","False","NOT_APPLICABLE","","0","0.0","0","4.348533868789673","50","50","50.0","","","moderate_shadow"
"cifar10","20","2","mixed_maturity","access_full","dirichlet_lcb","diverse_then_repeat_backdoor","0.5","8","6","5","5","0.5","20","9","1.5","5","honest-3","honest","incumbent","ADMITTED","ADMITTED","9","9","0","4","4.882922989522995","1.5","0.7462875490779619","0.8370070466491786","0.6465358545084627","0.6465358545084627","0.1157982362815884","0.29254799703263074","50","50","50","5","5","False","False","NOT_APPLICABLE","","0","0.0","0","2.535984992980957","50","50","50.0","","","moderate_shadow"
"cifar10","20","2","mixed_maturity","access_full","dirichlet_lcb","diverse_then_repeat_backdoor","0.5","8","6","5","5","0.5","20","9","1.5","5","honest-4","honest","incumbent","ADMITTED","ADMITTED","9","9","0","4","4.882922989522995","1.5","0.7462875490779619","0.8370070466491786","0.6465358545084627","0.6465358545084627","0.1157982362815884","0.29254799703263074","50","50","50","5","5","False","False","NOT_APPLICABLE","","0","0.0","0","33.932554721832275","50","50","50.0","","","moderate_shadow"
"cifar10","20","2","mixed_maturity","access_full","dirichlet_lcb","diverse_then_repeat_backdoor","0.5","8","6","5","5","0.5","20","9","1.5","5","honest-5","honest","incumbent","ADMITTED","ADMITTED","9","9","0","4","4.882922989522995","1.5","0.7462875490779619","0.8370070466491786","0.6465358545084627","0.6465358545084627","0.1157982362815884","0.29254799703263074","50","50","50","5","5","False","False","NOT_APPLICABLE","","0","0.0","0","3.821725845336914","50","50","50.0","","","moderate_shadow"
"cifar10","20","2","mixed_maturity","access_full","dirichlet_lcb","diverse_then_repeat_backdoor","0.5","8","6","5","5","0.5","20","9","1.5","5","honest-6","honest","incumbent","ADMITTED","ADMITTED","9","9","0","4","4.882922989522995","1.5","0.7462875490779619","0.8370070466491786","0.6465358545084627","0.6465358545084627","0.1157982362815884","0.29254799703263074","50","50","50","5","5","False","False","NOT_APPLICABLE","","0","0.0","0","4.035201549530029","50","50","50.0","","","moderate_shadow"
"cifar10","20","2","mixed_maturity","access_full","dirichlet_lcb","diverse_then_repeat_backdoor","0.5","8","6","5","5","0.5","20","9","1.5","5","honest-7","honest","incumbent","ADMITTED","ADMITTED","9","9","0","4","4.882922989522995","1.5","0.7462875490779619","0.8370070466491786","0.6465358545084627","0.6465358545084627","0.1157982362815884","0.29254799703263074","50","50","50","5","5","False","False","NOT_APPLICABLE","","0","0.0","0","2.2512216567993164","50","50","50.0","","","moderate_shadow"
"cifar10","20","2","mixed_maturity","access_full","dirichlet_lcb","diverse_then_repeat_backdoor","0.5","8","6","5","5","0.5","20","9","1.5","5","honest-8","honest","incumbent","ADMITTED","ADMITTED","9","9","0","4","4.882922989522995","1.5","0.7462875490779619","0.8370070466491786","0.6465358545084627","0.6465358545084627","0.1157982362815884","0.29254799703263074","50","50","50","5","5","False","False","NOT_APPLICABLE","","0","0.0","0","3.320913791656494","50","50","50.0","","","moderate_shadow"
"cifar10","20","2","mixed_maturity","access_full","dirichlet_lcb","diverse_then_repeat_backdoor","0.5","8","6","5","5","0.5","20","9","1.5","5","honest-9","honest","incumbent","ADMITTED","ADMITTED","9","9","0","4","4.882922989522995","1.5","0.7462875490779619","0.8370070466491786","0.6465358545084627","0.6465358545084627","0.1157982362815884","0.29254799703263074","50","50","50","5","5","False","False","NOT_APPLICABLE","","0","0.0","0","3.987359046936035","50","50","50.0","","","moderate_shadow"
"cifar10","20","2","mixed_maturity","access_full","dirichlet_lcb","diverse_then_repeat_backdoor","0.5","9","6","5","5","0.5","20","9","1.5","5","attacker-1","diverse_then_repeat_backdoor","newcomer","LIMITED","ADMITTED","9","9","0","4","4.882922989522995","1.5","0.7462875490779619","0.8370070466491786","0.6465358545084627","0.6465358545084627","0.1157982362815884","0.29254799703263074","50","50","50","5","5","False","False","NOT_APPLICABLE","","0","0.0","0","2.6873769760131836","50","50","48.0","","","moderate_shadow"
"cifar10","20","2","mixed_maturity","access_full","dirichlet_lcb","diverse_then_repeat_backdoor","0.5","9","6","5","5","0.5","20","9","1.5","5","attacker-2","diverse_then_repeat_backdoor","newcomer","LIMITED","ADMITTED","9","9","0","4","4.882922989522995","1.5","0.7462875490779619","0.8370070466491786","0.6465358545084627","0.6465358545084627","0.1157982362815884","0.29254799703263074","50","50","50","5","5","False","False","NOT_APPLICABLE","","0","0.0","0","3.693606376647949","50","50","48.0","","","moderate_shadow"
"cifar10","20","2","mixed_maturity","access_full","dirichlet_lcb","diverse_then_repeat_backdoor","0.5","9","6","5","5","0.5","20","9","1.5","5","honest-1","honest","incumbent","ADMITTED","ADMITTED","9","9","0","4","4.882922989522995","1.5","0.7462875490779619","0.8370070466491786","0.6465358545084627","0.6465358545084627","0.1157982362815884","0.29254799703263074","50","50","50","5","5","False","False","NOT_APPLICABLE","","0","0.0","0","3.9718427658081055","50","50","50.0","","","moderate_shadow"
"cifar10","20","2","mixed_maturity","access_full","dirichlet_lcb","diverse_then_repeat_backdoor","0.5","9","6","5","5","0.5","20","9","1.5","5","honest-10","honest","incumbent","ADMITTED","ADMITTED","9","9","0","4","4.882922989522995","1.5","0.7462875490779619","0.8370070466491786","0.6465358545084627","0.6465358545084627","0.1157982362815884","0.29254799703263074","50","50","50","5","5","False","False","NOT_APPLICABLE","","0","0.0","0","2.9598190784454346","50","50","50.0","","","moderate_shadow"
"cifar10","20","2","mixed_maturity","access_full","dirichlet_lcb","diverse_then_repeat_backdoor","0.5","9","6","5","5","0.5","20","9","1.5","5","honest-11","honest","incumbent","ADMITTED","ADMITTED","9","9","0","4","4.882922989522995","1.5","0.7462875490779619","0.8370070466491786","0.6465358545084627","0.6465358545084627","0.1157982362815884","0.29254799703263074","50","50","50","5","5","False","False","NOT_APPLICABLE","","0","0.0","0","33.35133981704712","50","50","50.0","","","moderate_shadow"
"cifar10","20","2","mixed_maturity","access_full","dirichlet_lcb","diverse_then_repeat_backdoor","0.5","9","6","5","5","0.5","20","9","1.5","5","honest-12","honest","incumbent","ADMITTED","ADMITTED","9","9","0","4","4.882922989522995","1.5","0.7462875490779619","0.8370070466491786","0.6465358545084627","0.6465358545084627","0.1157982362815884","0.29254799703263074","50","50","50","5","5","False","False","NOT_APPLICABLE","","0","0.0","0","3.6932873725891113","50","50","50.0","","","moderate_shadow"
"cifar10","20","2","mixed_maturity","access_full","dirichlet_lcb","diverse_then_repeat_backdoor","0.5","9","6","5","5","0.5","20","9","1.5","5","honest-13","honest","incumbent","ADMITTED","ADMITTED","9","9","0","4","4.882922989522995","1.5","0.7462875490779619","0.8370070466491786","0.6465358545084627","0.6465358545084627","0.1157982362815884","0.29254799703263074","50","50","50","5","5","False","False","NOT_APPLICABLE","","0","0.0","0","3.7031571865081787","50","50","50.0","","","moderate_shadow"
"cifar10","20","2","mixed_maturity","access_full","dirichlet_lcb","diverse_then_repeat_backdoor","0.5","9","6","5","5","0.5","20","9","1.5","5","honest-14","honest","incumbent","ADMITTED","ADMITTED","9","9","0","4","4.882922989522995","1.5","0.7462875490779619","0.8370070466491786","0.6465358545084627","0.6465358545084627","0.1157982362815884","0.29254799703263074","50","50","50","5","5","False","False","NOT_APPLICABLE","","0","0.0","0","3.9655027389526367","50","50","50.0","","","moderate_shadow"
"cifar10","20","2","mixed_maturity","access_full","dirichlet_lcb","diverse_then_repeat_backdoor","0.5","9","6","5","5","0.5","20","9","1.5","5","honest-15","honest","incumbent","ADMITTED","ADMITTED","9","9","0","3","4.76698923888176","1.5","0.7437820368902304","0.8332768051183246","0.6393772482578011","0.6393772482578011","0.11788253356256753","0.28561047849957855","50","50","50","5","5","False","False","NOT_APPLICABLE","","0","0.0","0","32.903594732284546","50","50","50.0","","","moderate_shadow"
"cifar10","20","2","mixed_maturity","access_full","dirichlet_lcb","diverse_then_repeat_backdoor","0.5","9","6","5","5","0.5","20","9","1.5","5","honest-16","honest","incumbent","ADMITTED","ADMITTED","9","9","0","4","4.882922989522995","1.5","0.7462875490779619","0.8370070466491786","0.6465358545084627","0.6465358545084627","0.1157982362815884","0.29254799703263074","50","50","50","5","5","False","False","NOT_APPLICABLE","","0","0.0","0","2.5913381576538086","50","50","50.0","","","moderate_shadow"
"cifar10","20","2","mixed_maturity","access_full","dirichlet_lcb","diverse_then_repeat_backdoor","0.5","9","6","5","5","0.5","20","9","1.5","5","honest-17","honest","incumbent","ADMITTED","ADMITTED","9","9","0","4","4.882922989522995","1.5","0.7462875490779619","0.8370070466491786","0.6465358545084627","0.6465358545084627","0.1157982362815884","0.29254799703263074","50","50","50","5","5","False","False","NOT_APPLICABLE","","0","0.0","0","3.607579231262207","50","50","50.0","","","moderate_shadow"
"cifar10","20","2","mixed_maturity","access_full","dirichlet_lcb","diverse_then_repeat_backdoor","0.5","9","6","5","5","0.5","20","9","1.5","5","honest-18","honest","incumbent","ADMITTED","ADMITTED","9","9","0","4","4.882922989522995","1.5","0.7462875490779619","0.8370070466491786","0.6465358545084627","0.6465358545084627","0.1157982362815884","0.29254799703263074","50","50","50","5","5","False","False","NOT_APPLICABLE","","0","0.0","0","2.9524378776550293","50","50","50.0","","","moderate_shadow"
"cifar10","20","2","mixed_maturity","access_full","dirichlet_lcb","diverse_then_repeat_backdoor","0.5","9","6","5","5","0.5","20","9","1.5","5","honest-2","honest","incumbent","ADMITTED","ADMITTED","9","9","0","4","4.882922989522995","1.5","0.7462875490779619","0.8370070466491786","0.6465358545084627","0.6465358545084627","0.1157982362815884","0.29254799703263074","50","50","50","5","5","False","False","NOT_APPLICABLE","","0","0.0","0","2.938485860824585","50","50","50.0","","","moderate_shadow"
"cifar10","20","2","mixed_maturity","access_full","dirichlet_lcb","diverse_then_repeat_backdoor","0.5","9","6","5","5","0.5","20","9","1.5","5","honest-3","honest","incumbent","ADMITTED","ADMITTED","9","9","0","4","4.882922989522995","1.5","0.7462875490779619","0.8370070466491786","0.6465358545084627","0.6465358545084627","0.1157982362815884","0.29254799703263074","50","50","50","5","5","False","False","NOT_APPLICABLE","","0","0.0","0","4.426302194595337","50","50","50.0","","","moderate_shadow"
"cifar10","20","2","mixed_maturity","access_full","dirichlet_lcb","diverse_then_repeat_backdoor","0.5","9","6","5","5","0.5","20","9","1.5","5","honest-4","honest","incumbent","ADMITTED","ADMITTED","9","9","0","3","4.5294892388817605","1.5","0.7401065581334588","0.8277664507491892","0.6288758803813109","0.6288758803813109","0.12091685363435191","0.27568090107538146","50","50","50","5","5","False","False","NOT_APPLICABLE","","0","0.0","0","63.35829567909241","50","50","50.0","","","moderate_shadow"
"cifar10","20","2","mixed_maturity","access_full","dirichlet_lcb","diverse_then_repeat_backdoor","0.5","9","6","5","5","0.5","20","9","1.5","5","honest-5","honest","incumbent","ADMITTED","ADMITTED","9","9","0","4","4.882922989522995","1.5","0.7462875490779619","0.8370070466491786","0.6465358545084627","0.6465358545084627","0.1157982362815884","0.29254799703263074","50","50","50","5","5","False","False","NOT_APPLICABLE","","0","0.0","0","33.08863401412964","50","50","50.0","","","moderate_shadow"
"cifar10","20","2","mixed_maturity","access_full","dirichlet_lcb","diverse_then_repeat_backdoor","0.5","9","6","5","5","0.5","20","9","1.5","5","honest-6","honest","incumbent","ADMITTED","ADMITTED","9","9","0","3","5.004489238881761","1.5","0.7503560216234088","0.8430201361031787","0.6581600617811678","0.6581600617811678","0.11238691964272261","0.3041175807403508","50","50","50","5","5","False","False","NOT_APPLICABLE","","0","0.0","0","32.61457133293152","50","50","50.0","","","moderate_shadow"
"cifar10","20","2","mixed_maturity","access_full","dirichlet_lcb","diverse_then_repeat_backdoor","0.5","9","6","5","5","0.5","20","9","1.5","5","honest-7","honest","incumbent","ADMITTED","ADMITTED","9","9","0","4","4.882922989522995","1.5","0.7462875490779619","0.8370070466491786","0.6465358545084627","0.6465358545084627","0.1157982362815884","0.29254799703263074","50","50","50","5","5","False","False","NOT_APPLICABLE","","0","0.0","0","4.224160194396973","50","50","50.0","","","moderate_shadow"
"cifar10","20","2","mixed_maturity","access_full","dirichlet_lcb","diverse_then_repeat_backdoor","0.5","9","6","5","5","0.5","20","9","1.5","5","honest-8","honest","incumbent","ADMITTED","ADMITTED","9","9","0","4","4.882922989522995","1.5","0.7462875490779619","0.8370070466491786","0.6465358545084627","0.6465358545084627","0.1157982362815884","0.29254799703263074","50","50","50","5","5","False","False","NOT_APPLICABLE","","0","0.0","0","2.50956654548645","50","50","50.0","","","moderate_shadow"
"cifar10","20","2","mixed_maturity","access_full","dirichlet_lcb","diverse_then_repeat_backdoor","0.5","9","6","5","5","0.5","20","9","1.5","5","honest-9","honest","incumbent","ADMITTED","ADMITTED","9","9","0","4","4.882922989522995","1.5","0.7462875490779619","0.8370070466491786","0.6465358545084627","0.6465358545084627","0.1157982362815884","0.29254799703263074","50","50","50","5","5","False","False","NOT_APPLICABLE","","0","0.0","0","32.986618995666504","50","50","50.0","","","moderate_shadow"
"cifar10","20","2","mixed_maturity","access_full","dirichlet_lcb","benign_concept_drift","0.5","0","6","5","5","0.5","20","9","1.5","5","attacker-1","benign_concept_drift","newcomer","LIMITED","ADMITTED","9","9","0","4","4.882922989522995","1.5","0.7462875490779619","0.8370070466491786","0.6465358545084627","0.6465358545084627","0.1157982362815884","0.29254799703263074","50","50","50","5","5","False","False","NOT_APPLICABLE","","0","0.0","0","2.547412395477295","50","50","48.0","","","moderate_shadow"
"cifar10","20","2","mixed_maturity","access_full","dirichlet_lcb","benign_concept_drift","0.5","0","6","5","5","0.5","20","9","1.5","5","attacker-2","benign_concept_drift","newcomer","LIMITED","ADMITTED","9","9","0","4","4.882922989522995","1.5","0.7462875490779619","0.8370070466491786","0.6465358545084627","0.6465358545084627","0.1157982362815884","0.29254799703263074","50","50","50","5","5","False","False","NOT_APPLICABLE","","0","0.0","0","3.832836627960205","50","50","48.0","","","moderate_shadow"
"cifar10","20","2","mixed_maturity","access_full","dirichlet_lcb","benign_concept_drift","0.5","0","6","5","5","0.5","20","9","1.5","5","honest-1","honest","incumbent","ADMITTED","ADMITTED","9","9","0","4","4.882922989522995","1.5","0.7462875490779619","0.8370070466491786","0.6465358545084627","0.6465358545084627","0.1157982362815884","0.29254799703263074","50","50","50","5","5","False","False","NOT_APPLICABLE","","0","0.0","0","34.30643320083618","50","50","50.0","","","moderate_shadow"
"cifar10","20","2","mixed_maturity","access_full","dirichlet_lcb","benign_concept_drift","0.5","0","6","5","5","0.5","20","9","1.5","5","honest-10","honest","incumbent","ADMITTED","ADMITTED","9","9","0","4","4.882922989522995","1.5","0.7462875490779619","0.8370070466491786","0.6465358545084627","0.6465358545084627","0.1157982362815884","0.29254799703263074","50","50","50","5","5","False","False","NOT_APPLICABLE","","0","0.0","0","3.715726613998413","50","50","50.0","","","moderate_shadow"
"cifar10","20","2","mixed_maturity","access_full","dirichlet_lcb","benign_concept_drift","0.5","0","6","5","5","0.5","20","9","1.5","5","honest-11","honest","incumbent","ADMITTED","ADMITTED","9","9","0","4","4.882922989522995","1.5","0.7462875490779619","0.8370070466491786","0.6465358545084627","0.6465358545084627","0.1157982362815884","0.29254799703263074","50","50","50","5","5","False","False","NOT_APPLICABLE","","0","0.0","0","3.5061941146850586","50","50","50.0","","","moderate_shadow"
"cifar10","20","2","mixed_maturity","access_full","dirichlet_lcb","benign_concept_drift","0.5","0","6","5","5","0.5","20","9","1.5","5","honest-12","honest","incumbent","ADMITTED","ADMITTED","9","9","0","4","4.882922989522995","1.5","0.7462875490779619","0.8370070466491786","0.6465358545084627","0.6465358545084627","0.1157982362815884","0.29254799703263074","50","50","50","5","5","False","False","NOT_APPLICABLE","","0","0.0","0","2.857313871383667","50","50","50.0","","","moderate_shadow"
"cifar10","20","2","mixed_maturity","access_full","dirichlet_lcb","benign_concept_drift","0.5","0","6","5","5","0.5","20","9","1.5","5","honest-13","honest","incumbent","ADMITTED","ADMITTED","9","9","0","4","4.882922989522995","1.5","0.7462875490779619","0.8370070466491786","0.6465358545084627","0.6465358545084627","0.1157982362815884","0.29254799703263074","50","50","50","5","5","False","False","NOT_APPLICABLE","","0","0.0","0","3.387983560562134","50","50","50.0","","","moderate_shadow"
"cifar10","20","2","mixed_maturity","access_full","dirichlet_lcb","benign_concept_drift","0.5","0","6","5","5","0.5","20","9","1.5","5","honest-14","honest","incumbent","ADMITTED","ADMITTED","9","9","0","4","4.882922989522995","1.5","0.7462875490779619","0.8370070466491786","0.6465358545084627","0.6465358545084627","0.1157982362815884","0.29254799703263074","50","50","50","5","5","False","False","NOT_APPLICABLE","","0","0.0","0","3.6633877754211426","50","50","50.0","","","moderate_shadow"
"cifar10","20","2","mixed_maturity","access_full","dirichlet_lcb","benign_concept_drift","0.5","0","6","5","5","0.5","20","9","1.5","5","honest-15","honest","incumbent","ADMITTED","ADMITTED","9","9","0","4","4.882922989522995","1.5","0.7462875490779619","0.8370070466491786","0.6465358545084627","0.6465358545084627","0.1157982362815884","0.29254799703263074","50","50","50","5","5","False","False","NOT_APPLICABLE","","0","0.0","0","3.9431145191192627","50","50","50.0","","","moderate_shadow"
"cifar10","20","2","mixed_maturity","access_full","dirichlet_lcb","benign_concept_drift","0.5","0","6","5","5","0.5","20","9","1.5","5","honest-16","honest","incumbent","ADMITTED","ADMITTED","9","9","0","4","4.882922989522995","1.5","0.7462875490779619","0.8370070466491786","0.6465358545084627","0.6465358545084627","0.1157982362815884","0.29254799703263074","50","50","50","5","5","False","False","NOT_APPLICABLE","","0","0.0","0","2.484046697616577","50","50","50.0","","","moderate_shadow"
"cifar10","20","2","mixed_maturity","access_full","dirichlet_lcb","benign_concept_drift","0.5","0","6","5","5","0.5","20","9","1.5","5","honest-17","honest","incumbent","ADMITTED","ADMITTED","9","9","0","4","4.882922989522995","1.5","0.7462875490779619","0.8370070466491786","0.6465358545084627","0.6465358545084627","0.1157982362815884","0.29254799703263074","50","50","50","5","5","False","False","NOT_APPLICABLE","","0","0.0","0","2.5856757164001465","50","50","50.0","","","moderate_shadow"
"cifar10","20","2","mixed_maturity","access_full","dirichlet_lcb","benign_concept_drift","0.5","0","6","5","5","0.5","20","9","1.5","5","honest-18","honest","incumbent","ADMITTED","ADMITTED","9","9","0","4","4.882922989522995","1.5","0.7462875490779619","0.8370070466491786","0.6465358545084627","0.6465358545084627","0.1157982362815884","0.29254799703263074","50","50","50","5","5","False","False","NOT_APPLICABLE","","0","0.0","0","3.990208625793457","50","50","50.0","","","moderate_shadow"
"cifar10","20","2","mixed_maturity","access_full","dirichlet_lcb","benign_concept_drift","0.5","0","6","5","5","0.5","20","9","1.5","5","honest-2","honest","incumbent","ADMITTED","ADMITTED","9","9","0","4","4.882922989522995","1.5","0.7462875490779619","0.8370070466491786","0.6465358545084627","0.6465358545084627","0.1157982362815884","0.29254799703263074","50","50","50","5","5","False","False","NOT_APPLICABLE","","0","0.0","0","2.266209363937378","50","50","50.0","","","moderate_shadow"
"cifar10","20","2","mixed_maturity","access_full","dirichlet_lcb","benign_concept_drift","0.5","0","6","5","5","0.5","20","9","1.5","5","honest-3","honest","incumbent","ADMITTED","ADMITTED","9","9","0","4","4.882922989522995","1.5","0.7462875490779619","0.8370070466491786","0.6465358545084627","0.6465358545084627","0.1157982362815884","0.29254799703263074","50","50","50","5","5","False","False","NOT_APPLICABLE","","0","0.0","0","4.541333436965942","50","50","50.0","","","moderate_shadow"
"cifar10","20","2","mixed_maturity","access_full","dirichlet_lcb","benign_concept_drift","0.5","0","6","5","5","0.5","20","9","1.5","5","honest-4","honest","incumbent","ADMITTED","ADMITTED","9","9","0","4","4.882922989522995","1.5","0.7462875490779619","0.8370070466491786","0.6465358545084627","0.6465358545084627","0.1157982362815884","0.29254799703263074","50","50","50","5","5","False","False","NOT_APPLICABLE","","0","0.0","0","2.157841205596924","50","50","50.0","","","moderate_shadow"
"cifar10","20","2","mixed_maturity","access_full","dirichlet_lcb","benign_concept_drift","0.5","0","6","5","5","0.5","20","9","1.5","5","honest-5","honest","incumbent","ADMITTED","ADMITTED","9","9","0","4","4.882922989522995","1.5","0.7462875490779619","0.8370070466491786","0.6465358545084627","0.6465358545084627","0.1157982362815884","0.29254799703263074","50","50","50","5","5","False","False","NOT_APPLICABLE","","0","0.0","0","2.8871006965637207","50","50","50.0","","","moderate_shadow"
"cifar10","20","2","mixed_maturity","access_full","dirichlet_lcb","benign_concept_drift","0.5","0","6","5","5","0.5","20","9","1.5","5","honest-6","honest","incumbent","ADMITTED","ADMITTED","9","9","0","4","4.882922989522995","1.5","0.7462875490779619","0.8370070466491786","0.6465358545084627","0.6465358545084627","0.1157982362815884","0.29254799703263074","50","50","50","5","5","False","False","NOT_APPLICABLE","","0","0.0","0","4.090991258621216","50","50","50.0","","","moderate_shadow"
"cifar10","20","2","mixed_maturity","access_full","dirichlet_lcb","benign_concept_drift","0.5","0","6","5","5","0.5","20","9","1.5","5","honest-7","honest","incumbent","ADMITTED","ADMITTED","9","9","0","4","4.882922989522995","1.5","0.7462875490779619","0.8370070466491786","0.6465358545084627","0.6465358545084627","0.1157982362815884","0.29254799703263074","50","50","50","5","5","False","False","NOT_APPLICABLE","","0","0.0","0","93.83547043800354","50","50","50.0","","","moderate_shadow"
"cifar10","20","2","mixed_maturity","access_full","dirichlet_lcb","benign_concept_drift","0.5","0","6","5","5","0.5","20","9","1.5","5","honest-8","honest","incumbent","ADMITTED","ADMITTED","9","9","0","4","4.882922989522995","1.5","0.7462875490779619","0.8370070466491786","0.6465358545084627","0.6465358545084627","0.1157982362815884","0.29254799703263074","50","50","50","5","5","False","False","NOT_APPLICABLE","","0","0.0","0","3.9710984230041504","50","50","50.0","","","moderate_shadow"
"cifar10","20","2","mixed_maturity","access_full","dirichlet_lcb","benign_concept_drift","0.5","0","6","5","5","0.5","20","9","1.5","5","honest-9","honest","incumbent","ADMITTED","ADMITTED","9","9","0","4","4.882922989522995","1.5","0.7462875490779619","0.8370070466491786","0.6465358545084627","0.6465358545084627","0.1157982362815884","0.29254799703263074","50","50","50","5","5","False","False","NOT_APPLICABLE","","0","0.0","0","3.5361244678497314","50","50","50.0","","","moderate_shadow"
"cifar10","20","2","mixed_maturity","access_full","dirichlet_lcb","benign_concept_drift","0.5","1","6","5","5","0.5","20","9","1.5","5","attacker-1","benign_concept_drift","newcomer","LIMITED","ADMITTED","9","9","0","4","4.882922989522995","1.5","0.7462875490779619","0.8370070466491786","0.6465358545084627","0.6465358545084627","0.1157982362815884","0.29254799703263074","50","50","50","5","5","False","False","NOT_APPLICABLE","","0","0.0","0","2.4996182918548584","50","50","48.0","","","moderate_shadow"
"cifar10","20","2","mixed_maturity","access_full","dirichlet_lcb","benign_concept_drift","0.5","1","6","5","5","0.5","20","9","1.5","5","attacker-2","benign_concept_drift","newcomer","LIMITED","ADMITTED","9","9","0","4","4.882922989522995","1.5","0.7462875490779619","0.8370070466491786","0.6465358545084627","0.6465358545084627","0.1157982362815884","0.29254799703263074","50","50","50","5","5","False","False","NOT_APPLICABLE","","0","0.0","0","3.2742199897766113","50","50","48.0","","","moderate_shadow"
"cifar10","20","2","mixed_maturity","access_full","dirichlet_lcb","benign_concept_drift","0.5","1","6","5","5","0.5","20","9","1.5","5","honest-1","honest","incumbent","ADMITTED","ADMITTED","9","9","0","4","4.882922989522995","1.5","0.7462875490779619","0.8370070466491786","0.6465358545084627","0.6465358545084627","0.1157982362815884","0.29254799703263074","50","50","50","5","5","False","False","NOT_APPLICABLE","","0","0.0","0","2.581174850463867","50","50","50.0","","","moderate_shadow"
"cifar10","20","2","mixed_maturity","access_full","dirichlet_lcb","benign_concept_drift","0.5","1","6","5","5","0.5","20","9","1.5","5","honest-10","honest","incumbent","ADMITTED","ADMITTED","9","9","0","4","4.882922989522995","1.5","0.7462875490779619","0.8370070466491786","0.6465358545084627","0.6465358545084627","0.1157982362815884","0.29254799703263074","50","50","50","5","5","False","False","NOT_APPLICABLE","","0","0.0","0","32.686784505844116","50","50","50.0","","","moderate_shadow"
"cifar10","20","2","mixed_maturity","access_full","dirichlet_lcb","benign_concept_drift","0.5","1","6","5","5","0.5","20","9","1.5","5","honest-11","honest","incumbent","ADMITTED","ADMITTED","9","9","0","4","4.882922989522995","1.5","0.7462875490779619","0.8370070466491786","0.6465358545084627","0.6465358545084627","0.1157982362815884","0.29254799703263074","50","50","50","5","5","False","False","NOT_APPLICABLE","","0","0.0","0","2.359421968460083","50","50","50.0","","","moderate_shadow"
"cifar10","20","2","mixed_maturity","access_full","dirichlet_lcb","benign_concept_drift","0.5","1","6","5","5","0.5","20","9","1.5","5","honest-12","honest","incumbent","ADMITTED","ADMITTED","9","9","0","4","4.882922989522995","1.5","0.7462875490779619","0.8370070466491786","0.6465358545084627","0.6465358545084627","0.1157982362815884","0.29254799703263074","50","50","50","5","5","False","False","NOT_APPLICABLE","","0","0.0","0","3.053901433944702","50","50","50.0","","","moderate_shadow"
"cifar10","20","2","mixed_maturity","access_full","dirichlet_lcb","benign_concept_drift","0.5","1","6","5","5","0.5","20","9","1.5","5","honest-13","honest","incumbent","ADMITTED","ADMITTED","9","9","0","4","4.882922989522995","1.5","0.7462875490779619","0.8370070466491786","0.6465358545084627","0.6465358545084627","0.1157982362815884","0.29254799703263074","50","50","50","5","5","False","False","NOT_APPLICABLE","","0","0.0","0","3.6114137172698975","50","50","50.0","","","moderate_shadow"
"cifar10","20","2","mixed_maturity","access_full","dirichlet_lcb","benign_concept_drift","0.5","1","6","5","5","0.5","20","9","1.5","5","honest-14","honest","incumbent","ADMITTED","ADMITTED","9","9","0","4","4.882922989522995","1.5","0.7462875490779619","0.8370070466491786","0.6465358545084627","0.6465358545084627","0.1157982362815884","0.29254799703263074","50","50","50","5","5","False","False","NOT_APPLICABLE","","0","0.0","0","3.0684759616851807","50","50","50.0","","","moderate_shadow"
"cifar10","20","2","mixed_maturity","access_full","dirichlet_lcb","benign_concept_drift","0.5","1","6","5","5","0.5","20","9","1.5","5","honest-15","honest","incumbent","ADMITTED","ADMITTED","9","9","0","4","4.882922989522995","1.5","0.7462875490779619","0.8370070466491786","0.6465358545084627","0.6465358545084627","0.1157982362815884","0.29254799703263074","50","50","50","5","5","False","False","NOT_APPLICABLE","","0","0.0","0","2.66933274269104","50","50","50.0","","","moderate_shadow"
"cifar10","20","2","mixed_maturity","access_full","dirichlet_lcb","benign_concept_drift","0.5","1","6","5","5","0.5","20","9","1.5","5","honest-16","honest","incumbent","ADMITTED","ADMITTED","9","9","0","4","4.882922989522995","1.5","0.7462875490779619","0.8370070466491786","0.6465358545084627","0.6465358545084627","0.1157982362815884","0.29254799703263074","50","50","50","5","5","False","False","NOT_APPLICABLE","","0","0.0","0","2.5738489627838135","50","50","50.0","","","moderate_shadow"
"cifar10","20","2","mixed_maturity","access_full","dirichlet_lcb","benign_concept_drift","0.5","1","6","5","5","0.5","20","9","1.5","5","honest-17","honest","incumbent","ADMITTED","ADMITTED","9","9","0","4","4.882922989522995","1.5","0.7462875490779619","0.8370070466491786","0.6465358545084627","0.6465358545084627","0.1157982362815884","0.29254799703263074","50","50","50","5","5","False","False","NOT_APPLICABLE","","0","0.0","0","2.527503728866577","50","50","50.0","","","moderate_shadow"
"cifar10","20","2","mixed_maturity","access_full","dirichlet_lcb","benign_concept_drift","0.5","1","6","5","5","0.5","20","9","1.5","5","honest-18","honest","incumbent","ADMITTED","ADMITTED","9","9","0","3","4.5294892388817605","1.5","0.7401065581334588","0.8277664507491892","0.6288758803813109","0.6288758803813109","0.12091685363435191","0.27568090107538146","50","50","50","5","5","False","False","NOT_APPLICABLE","","0","0.0","0","32.94834518432617","50","50","50.0","","","moderate_shadow"
"cifar10","20","2","mixed_maturity","access_full","dirichlet_lcb","benign_concept_drift","0.5","1","6","5","5","0.5","20","9","1.5","5","honest-2","honest","incumbent","ADMITTED","ADMITTED","9","9","0","3","5.004489238881761","1.5","0.7503560216234088","0.8430201361031787","0.6581600617811678","0.6581600617811678","0.11238691964272261","0.3041175807403508","50","50","50","5","5","False","False","NOT_APPLICABLE","","0","0.0","0","63.06227707862854","50","50","50.0","","","moderate_shadow"
"cifar10","20","2","mixed_maturity","access_full","dirichlet_lcb","benign_concept_drift","0.5","1","6","5","5","0.5","20","9","1.5","5","honest-3","honest","incumbent","ADMITTED","ADMITTED","9","9","0","4","4.882922989522995","1.5","0.7462875490779619","0.8370070466491786","0.6465358545084627","0.6465358545084627","0.1157982362815884","0.29254799703263074","50","50","50","5","5","False","False","NOT_APPLICABLE","","0","0.0","0","32.82056546211243","50","50","50.0","","","moderate_shadow"
"cifar10","20","2","mixed_maturity","access_full","dirichlet_lcb","benign_concept_drift","0.5","1","6","5","5","0.5","20","9","1.5","5","honest-4","honest","incumbent","ADMITTED","ADMITTED","9","9","0","4","4.882922989522995","1.5","0.7462875490779619","0.8370070466491786","0.6465358545084627","0.6465358545084627","0.1157982362815884","0.29254799703263074","50","50","50","5","5","False","False","NOT_APPLICABLE","","0","0.0","0","3.365428924560547","50","50","50.0","","","moderate_shadow"
"cifar10","20","2","mixed_maturity","access_full","dirichlet_lcb","benign_concept_drift","0.5","1","6","5","5","0.5","20","9","1.5","5","honest-5","honest","incumbent","ADMITTED","ADMITTED","9","9","0","4","4.882922989522995","1.5","0.7462875490779619","0.8370070466491786","0.6465358545084627","0.6465358545084627","0.1157982362815884","0.29254799703263074","50","50","50","5","5","False","False","NOT_APPLICABLE","","0","0.0","0","33.0211226940155","50","50","50.0","","","moderate_shadow"
"cifar10","20","2","mixed_maturity","access_full","dirichlet_lcb","benign_concept_drift","0.5","1","6","5","5","0.5","20","9","1.5","5","honest-6","honest","incumbent","ADMITTED","ADMITTED","9","9","0","4","4.882922989522995","1.5","0.7462875490779619","0.8370070466491786","0.6465358545084627","0.6465358545084627","0.1157982362815884","0.29254799703263074","50","50","50","5","5","False","False","NOT_APPLICABLE","","0","0.0","0","3.467688798904419","50","50","50.0","","","moderate_shadow"
"cifar10","20","2","mixed_maturity","access_full","dirichlet_lcb","benign_concept_drift","0.5","1","6","5","5","0.5","20","9","1.5","5","honest-7","honest","incumbent","ADMITTED","ADMITTED","9","9","0","4","4.882922989522995","1.5","0.7462875490779619","0.8370070466491786","0.6465358545084627","0.6465358545084627","0.1157982362815884","0.29254799703263074","50","50","50","5","5","False","False","NOT_APPLICABLE","","0","0.0","0","32.956058740615845","50","50","50.0","","","moderate_shadow"
"cifar10","20","2","mixed_maturity","access_full","dirichlet_lcb","benign_concept_drift","0.5","1","6","5","5","0.5","20","9","1.5","5","honest-8","honest","incumbent","ADMITTED","ADMITTED","9","9","0","4","4.882922989522995","1.5","0.7462875490779619","0.8370070466491786","0.6465358545084627","0.6465358545084627","0.1157982362815884","0.29254799703263074","50","50","50","5","5","False","False","NOT_APPLICABLE","","0","0.0","0","3.7168519496917725","50","50","50.0","","","moderate_shadow"
"cifar10","20","2","mixed_maturity","access_full","dirichlet_lcb","benign_concept_drift","0.5","1","6","5","5","0.5","20","9","1.5","5","honest-9","honest","incumbent","ADMITTED","ADMITTED","9","9","0","4","4.882922989522995","1.5","0.7462875490779619","0.8370070466491786","0.6465358545084627","0.6465358545084627","0.1157982362815884","0.29254799703263074","50","50","50","5","5","False","False","NOT_APPLICABLE","","0","0.0","0","3.4784531593322754","50","50","50.0","","","moderate_shadow"
"cifar10","20","2","mixed_maturity","access_full","dirichlet_lcb","benign_concept_drift","0.5","2","6","5","5","0.5","20","9","1.5","5","attacker-1","benign_concept_drift","newcomer","LIMITED","ADMITTED","9","9","0","4","4.882922989522995","1.5","0.7462875490779619","0.8370070466491786","0.6465358545084627","0.6465358545084627","0.1157982362815884","0.29254799703263074","50","50","50","5","5","False","False","NOT_APPLICABLE","","0","0.0","0","3.0234925746917725","50","50","48.0","","","moderate_shadow"
"cifar10","20","2","mixed_maturity","access_full","dirichlet_lcb","benign_concept_drift","0.5","2","6","5","5","0.5","20","9","1.5","5","attacker-2","benign_concept_drift","newcomer","LIMITED","ADMITTED","9","9","0","4","4.882922989522995","1.5","0.7462875490779619","0.8370070466491786","0.6465358545084627","0.6465358545084627","0.1157982362815884","0.29254799703263074","50","50","50","5","5","False","False","NOT_APPLICABLE","","0","0.0","0","3.3313076496124268","50","50","48.0","","","moderate_shadow"
"cifar10","20","2","mixed_maturity","access_full","dirichlet_lcb","benign_concept_drift","0.5","2","6","5","5","0.5","20","9","1.5","5","honest-1","honest","incumbent","ADMITTED","ADMITTED","9","9","0","4","4.882922989522995","1.5","0.7462875490779619","0.8370070466491786","0.6465358545084627","0.6465358545084627","0.1157982362815884","0.29254799703263074","50","50","50","5","5","False","False","NOT_APPLICABLE","","0","0.0","0","33.62709832191467","50","50","50.0","","","moderate_shadow"
"cifar10","20","2","mixed_maturity","access_full","dirichlet_lcb","benign_concept_drift","0.5","2","6","5","5","0.5","20","9","1.5","5","honest-10","honest","incumbent","ADMITTED","ADMITTED","11","11","0","3","5.419531626612037","1.5","0.7509212720692868","0.8438513019312254","0.6597750630551052","0.6597750630551052","0.11191038163637629","0.3057557302355997","50","50","50","5","5","False","False","NOT_APPLICABLE","","0","0.0","0","63.313663959503174","50","50","50.0","","","moderate_shadow"
"cifar10","20","2","mixed_maturity","access_full","dirichlet_lcb","benign_concept_drift","0.5","2","6","5","5","0.5","20","9","1.5","5","honest-11","honest","incumbent","ADMITTED","ADMITTED","9","9","0","4","4.882922989522995","1.5","0.7462875490779619","0.8370070466491786","0.6465358545084627","0.6465358545084627","0.1157982362815884","0.29254799703263074","50","50","50","5","5","False","False","NOT_APPLICABLE","","0","0.0","0","32.697495460510254","50","50","50.0","","","moderate_shadow"
"cifar10","20","2","mixed_maturity","access_full","dirichlet_lcb","benign_concept_drift","0.5","2","6","5","5","0.5","20","9","1.5","5","honest-12","honest","incumbent","ADMITTED","ADMITTED","9","9","0","4","4.882922989522995","1.5","0.7462875490779619","0.8370070466491786","0.6465358545084627","0.6465358545084627","0.1157982362815884","0.29254799703263074","50","50","50","5","5","False","False","NOT_APPLICABLE","","0","0.0","0","32.69319748878479","50","50","50.0","","","moderate_shadow"
"cifar10","20","2","mixed_maturity","access_full","dirichlet_lcb","benign_concept_drift","0.5","2","6","5","5","0.5","20","9","1.5","5","honest-13","honest","incumbent","ADMITTED","ADMITTED","9","9","0","4","4.882922989522995","1.5","0.7462875490779619","0.8370070466491786","0.6465358545084627","0.6465358545084627","0.1157982362815884","0.29254799703263074","50","50","50","5","5","False","False","NOT_APPLICABLE","","0","0.0","0","2.875788688659668","50","50","50.0","","","moderate_shadow"
"cifar10","20","2","mixed_maturity","access_full","dirichlet_lcb","benign_concept_drift","0.5","2","6","5","5","0.5","20","9","1.5","5","honest-14","honest","incumbent","ADMITTED","ADMITTED","9","9","0","4","4.882922989522995","1.5","0.7462875490779619","0.8370070466491786","0.6465358545084627","0.6465358545084627","0.1157982362815884","0.29254799703263074","50","50","50","5","5","False","False","NOT_APPLICABLE","","0","0.0","0","2.416066884994507","50","50","50.0","","","moderate_shadow"
"cifar10","20","2","mixed_maturity","access_full","dirichlet_lcb","benign_concept_drift","0.5","2","6","5","5","0.5","20","9","1.5","5","honest-15","honest","incumbent","ADMITTED","ADMITTED","9","9","0","4","4.882922989522995","1.5","0.7462875490779619","0.8370070466491786","0.6465358545084627","0.6465358545084627","0.1157982362815884","0.29254799703263074","50","50","50","5","5","False","False","NOT_APPLICABLE","","0","0.0","0","2.156102418899536","50","50","50.0","","","moderate_shadow"
"cifar10","20","2","mixed_maturity","access_full","dirichlet_lcb","benign_concept_drift","0.5","2","6","5","5","0.5","20","9","1.5","5","honest-16","honest","incumbent","ADMITTED","ADMITTED","9","9","0","4","4.882922989522995","1.5","0.7462875490779619","0.8370070466491786","0.6465358545084627","0.6465358545084627","0.1157982362815884","0.29254799703263074","50","50","50","5","5","False","False","NOT_APPLICABLE","","0","0.0","0","32.749436378479004","50","50","50.0","","","moderate_shadow"
"cifar10","20","2","mixed_maturity","access_full","dirichlet_lcb","benign_concept_drift","0.5","2","6","5","5","0.5","20","9","1.5","5","honest-17","honest","incumbent","ADMITTED","ADMITTED","9","9","0","4","4.882922989522995","1.5","0.7462875490779619","0.8370070466491786","0.6465358545084627","0.6465358545084627","0.1157982362815884","0.29254799703263074","50","50","50","5","5","False","False","NOT_APPLICABLE","","0","0.0","0","2.4564549922943115","50","50","50.0","","","moderate_shadow"
"cifar10","20","2","mixed_maturity","access_full","dirichlet_lcb","benign_concept_drift","0.5","2","6","5","5","0.5","20","9","1.5","5","honest-18","honest","incumbent","ADMITTED","ADMITTED","9","9","0","4","4.882922989522995","1.5","0.7462875490779619","0.8370070466491786","0.6465358545084627","0.6465358545084627","0.1157982362815884","0.29254799703263074","50","50","50","5","5","False","False","NOT_APPLICABLE","","0","0.0","0","2.2874794006347656","50","50","50.0","","","moderate_shadow"
"cifar10","20","2","mixed_maturity","access_full","dirichlet_lcb","benign_concept_drift","0.5","2","6","5","5","0.5","20","9","1.5","5","honest-2","honest","incumbent","ADMITTED","ADMITTED","9","9","0","4","4.882922989522995","1.5","0.7462875490779619","0.8370070466491786","0.6465358545084627","0.6465358545084627","0.1157982362815884","0.29254799703263074","50","50","50","5","5","False","False","NOT_APPLICABLE","","0","0.0","0","3.5928380489349365","50","50","50.0","","","moderate_shadow"
"cifar10","20","2","mixed_maturity","access_full","dirichlet_lcb","benign_concept_drift","0.5","2","6","5","5","0.5","20","9","1.5","5","honest-3","honest","incumbent","ADMITTED","ADMITTED","9","9","0","4","4.882922989522995","1.5","0.7462875490779619","0.8370070466491786","0.6465358545084627","0.6465358545084627","0.1157982362815884","0.29254799703263074","50","50","50","5","5","False","False","NOT_APPLICABLE","","0","0.0","0","3.156677722930908","50","50","50.0","","","moderate_shadow"
"cifar10","20","2","mixed_maturity","access_full","dirichlet_lcb","benign_concept_drift","0.5","2","6","5","5","0.5","20","9","1.5","5","honest-4","honest","incumbent","ADMITTED","ADMITTED","9","9","0","4","4.882922989522995","1.5","0.7462875490779619","0.8370070466491786","0.6465358545084627","0.6465358545084627","0.1157982362815884","0.29254799703263074","50","50","50","5","5","False","False","NOT_APPLICABLE","","0","0.0","0","2.3067121505737305","50","50","50.0","","","moderate_shadow"
"cifar10","20","2","mixed_maturity","access_full","dirichlet_lcb","benign_concept_drift","0.5","2","6","5","5","0.5","20","9","1.5","5","honest-5","honest","incumbent","ADMITTED","ADMITTED","9","9","0","4","4.882922989522995","1.5","0.7462875490779619","0.8370070466491786","0.6465358545084627","0.6465358545084627","0.1157982362815884","0.29254799703263074","50","50","50","5","5","False","False","NOT_APPLICABLE","","0","0.0","0","33.153156042099","50","50","50.0","","","moderate_shadow"
"cifar10","20","2","mixed_maturity","access_full","dirichlet_lcb","benign_concept_drift","0.5","2","6","5","5","0.5","20","9","1.5","5","honest-6","honest","incumbent","ADMITTED","ADMITTED","9","9","0","4","4.882922989522995","1.5","0.7462875490779619","0.8370070466491786","0.6465358545084627","0.6465358545084627","0.1157982362815884","0.29254799703263074","50","50","50","5","5","False","False","NOT_APPLICABLE","","0","0.0","0","3.8307390213012695","50","50","50.0","","","moderate_shadow"
"cifar10","20","2","mixed_maturity","access_full","dirichlet_lcb","benign_concept_drift","0.5","2","6","5","5","0.5","20","9","1.5","5","honest-7","honest","incumbent","ADMITTED","ADMITTED","9","9","0","4","4.882922989522995","1.5","0.7462875490779619","0.8370070466491786","0.6465358545084627","0.6465358545084627","0.1157982362815884","0.29254799703263074","50","50","50","5","5","False","False","NOT_APPLICABLE","","0","0.0","0","3.2576918601989746","50","50","50.0","","","moderate_shadow"
"cifar10","20","2","mixed_maturity","access_full","dirichlet_lcb","benign_concept_drift","0.5","2","6","5","5","0.5","20","9","1.5","5","honest-8","honest","incumbent","ADMITTED","ADMITTED","9","9","0","4","4.882922989522995","1.5","0.7462875490779619","0.8370070466491786","0.6465358545084627","0.6465358545084627","0.1157982362815884","0.29254799703263074","50","50","50","5","5","False","False","NOT_APPLICABLE","","0","0.0","0","2.586920738220215","50","50","50.0","","","moderate_shadow"
"cifar10","20","2","mixed_maturity","access_full","dirichlet_lcb","benign_concept_drift","0.5","2","6","5","5","0.5","20","9","1.5","5","honest-9","honest","incumbent","ADMITTED","ADMITTED","9","9","0","3","4.76698923888176","1.5","0.7437820368902304","0.8332768051183246","0.6393772482578011","0.6393772482578011","0.11788253356256753","0.28561047849957855","50","50","50","5","5","False","False","NOT_APPLICABLE","","0","0.0","0","32.77220392227173","50","50","50.0","","","moderate_shadow"
"cifar10","20","2","mixed_maturity","access_full","dirichlet_lcb","benign_concept_drift","0.5","3","6","5","5","0.5","20","9","1.5","5","attacker-1","benign_concept_drift","newcomer","LIMITED","ADMITTED","9","9","0","4","4.882922989522995","1.5","0.7462875490779619","0.8370070466491786","0.6465358545084627","0.6465358545084627","0.1157982362815884","0.29254799703263074","50","50","50","5","5","False","False","NOT_APPLICABLE","","0","0.0","0","2.5549442768096924","50","50","48.0","","","moderate_shadow"
"cifar10","20","2","mixed_maturity","access_full","dirichlet_lcb","benign_concept_drift","0.5","3","6","5","5","0.5","20","9","1.5","5","attacker-2","benign_concept_drift","newcomer","LIMITED","ADMITTED","9","9","0","4","4.882922989522995","1.5","0.7462875490779619","0.8370070466491786","0.6465358545084627","0.6465358545084627","0.1157982362815884","0.29254799703263074","50","50","50","5","5","False","False","NOT_APPLICABLE","","0","0.0","0","4.068052768707275","50","50","48.0","","","moderate_shadow"
"cifar10","20","2","mixed_maturity","access_full","dirichlet_lcb","benign_concept_drift","0.5","3","6","5","5","0.5","20","9","1.5","5","honest-1","honest","incumbent","ADMITTED","ADMITTED","9","9","0","4","4.882922989522995","1.5","0.7462875490779619","0.8370070466491786","0.6465358545084627","0.6465358545084627","0.1157982362815884","0.29254799703263074","50","50","50","5","5","False","False","NOT_APPLICABLE","","0","0.0","0","2.9665725231170654","50","50","50.0","","","moderate_shadow"
"cifar10","20","2","mixed_maturity","access_full","dirichlet_lcb","benign_concept_drift","0.5","3","6","5","5","0.5","20","9","1.5","5","honest-10","honest","incumbent","ADMITTED","ADMITTED","9","9","0","4","4.882922989522995","1.5","0.7462875490779619","0.8370070466491786","0.6465358545084627","0.6465358545084627","0.1157982362815884","0.29254799703263074","50","50","50","5","5","False","False","NOT_APPLICABLE","","0","0.0","0","3.81011700630188","50","50","50.0","","","moderate_shadow"
"cifar10","20","2","mixed_maturity","access_full","dirichlet_lcb","benign_concept_drift","0.5","3","6","5","5","0.5","20","9","1.5","5","honest-11","honest","incumbent","ADMITTED","ADMITTED","9","9","0","4","4.882922989522995","1.5","0.7462875490779619","0.8370070466491786","0.6465358545084627","0.6465358545084627","0.1157982362815884","0.29254799703263074","50","50","50","5","5","False","False","NOT_APPLICABLE","","0","0.0","0","3.523247003555298","50","50","50.0","","","moderate_shadow"
"cifar10","20","2","mixed_maturity","access_full","dirichlet_lcb","benign_concept_drift","0.5","3","6","5","5","0.5","20","9","1.5","5","honest-12","honest","incumbent","ADMITTED","ADMITTED","9","9","0","4","4.882922989522995","1.5","0.7462875490779619","0.8370070466491786","0.6465358545084627","0.6465358545084627","0.1157982362815884","0.29254799703263074","50","50","50","5","5","False","False","NOT_APPLICABLE","","0","0.0","0","3.024611234664917","50","50","50.0","","","moderate_shadow"
"cifar10","20","2","mixed_maturity","access_full","dirichlet_lcb","benign_concept_drift","0.5","3","6","5","5","0.5","20","9","1.5","5","honest-13","honest","incumbent","ADMITTED","ADMITTED","9","9","0","4","4.882922989522995","1.5","0.7462875490779619","0.8370070466491786","0.6465358545084627","0.6465358545084627","0.1157982362815884","0.29254799703263074","50","50","50","5","5","False","False","NOT_APPLICABLE","","0","0.0","0","2.543003559112549","50","50","50.0","","","moderate_shadow"
"cifar10","20","2","mixed_maturity","access_full","dirichlet_lcb","benign_concept_drift","0.5","3","6","5","5","0.5","20","9","1.5","5","honest-14","honest","incumbent","ADMITTED","ADMITTED","9","9","0","4","4.882922989522995","1.5","0.7462875490779619","0.8370070466491786","0.6465358545084627","0.6465358545084627","0.1157982362815884","0.29254799703263074","50","50","50","5","5","False","False","NOT_APPLICABLE","","0","0.0","0","2.3900489807128906","50","50","50.0","","","moderate_shadow"
"cifar10","20","2","mixed_maturity","access_full","dirichlet_lcb","benign_concept_drift","0.5","3","6","5","5","0.5","20","9","1.5","5","honest-15","honest","incumbent","ADMITTED","ADMITTED","9","9","0","4","4.882922989522995","1.5","0.7462875490779619","0.8370070466491786","0.6465358545084627","0.6465358545084627","0.1157982362815884","0.29254799703263074","50","50","50","5","5","False","False","NOT_APPLICABLE","","0","0.0","0","34.09812140464783","50","50","50.0","","","moderate_shadow"
"cifar10","20","2","mixed_maturity","access_full","dirichlet_lcb","benign_concept_drift","0.5","3","6","5","5","0.5","20","9","1.5","5","honest-16","honest","incumbent","ADMITTED","ADMITTED","9","9","0","3","5.004489238881761","1.5","0.7503560216234088","0.8430201361031787","0.6581600617811678","0.6581600617811678","0.11238691964272261","0.3041175807403508","50","50","50","5","5","False","False","NOT_APPLICABLE","","0","0.0","0","32.71923780441284","50","50","50.0","","","moderate_shadow"
"cifar10","20","2","mixed_maturity","access_full","dirichlet_lcb","benign_concept_drift","0.5","3","6","5","5","0.5","20","9","1.5","5","honest-17","honest","incumbent","ADMITTED","ADMITTED","12","12","0","3","5.3499694871438415","1.5","0.7478143545076069","0.8392699711010733","0.6508981557360198","0.6508981557360198","0.11452190611753592","0.2968448682209436","50","50","50","5","5","False","False","NOT_APPLICABLE","","0","0.0","0","63.876991748809814","50","50","50.0","","","moderate_shadow"
"cifar10","20","2","mixed_maturity","access_full","dirichlet_lcb","benign_concept_drift","0.5","3","6","5","5","0.5","20","9","1.5","5","honest-18","honest","incumbent","ADMITTED","ADMITTED","9","9","0","4","4.882922989522995","1.5","0.7462875490779619","0.8370070466491786","0.6465358545084627","0.6465358545084627","0.1157982362815884","0.29254799703263074","50","50","50","5","5","False","False","NOT_APPLICABLE","","0","0.0","0","3.668288230895996","50","50","50.0","","","moderate_shadow"
"cifar10","20","2","mixed_maturity","access_full","dirichlet_lcb","benign_concept_drift","0.5","3","6","5","5","0.5","20","9","1.5","5","honest-2","honest","incumbent","ADMITTED","ADMITTED","9","9","0","4","4.882922989522995","1.5","0.7462875490779619","0.8370070466491786","0.6465358545084627","0.6465358545084627","0.1157982362815884","0.29254799703263074","50","50","50","5","5","False","False","NOT_APPLICABLE","","0","0.0","0","2.4896860122680664","50","50","50.0","","","moderate_shadow"
"cifar10","20","2","mixed_maturity","access_full","dirichlet_lcb","benign_concept_drift","0.5","3","6","5","5","0.5","20","9","1.5","5","honest-3","honest","incumbent","ADMITTED","ADMITTED","9","9","0","4","4.882922989522995","1.5","0.7462875490779619","0.8370070466491786","0.6465358545084627","0.6465358545084627","0.1157982362815884","0.29254799703263074","50","50","50","5","5","False","False","NOT_APPLICABLE","","0","0.0","0","2.4271223545074463","50","50","50.0","","","moderate_shadow"
"cifar10","20","2","mixed_maturity","access_full","dirichlet_lcb","benign_concept_drift","0.5","3","6","5","5","0.5","20","9","1.5","5","honest-4","honest","incumbent","ADMITTED","ADMITTED","9","9","0","4","4.882922989522995","1.5","0.7462875490779619","0.8370070466491786","0.6465358545084627","0.6465358545084627","0.1157982362815884","0.29254799703263074","50","50","50","5","5","False","False","NOT_APPLICABLE","","0","0.0","0","33.00898766517639","50","50","50.0","","","moderate_shadow"
"cifar10","20","2","mixed_maturity","access_full","dirichlet_lcb","benign_concept_drift","0.5","3","6","5","5","0.5","20","9","1.5","5","honest-5","honest","incumbent","ADMITTED","ADMITTED","9","9","0","4","4.882922989522995","1.5","0.7462875490779619","0.8370070466491786","0.6465358545084627","0.6465358545084627","0.1157982362815884","0.29254799703263074","50","50","50","5","5","False","False","NOT_APPLICABLE","","0","0.0","0","33.49114751815796","50","50","50.0","","","moderate_shadow"
"cifar10","20","2","mixed_maturity","access_full","dirichlet_lcb","benign_concept_drift","0.5","3","6","5","5","0.5","20","9","1.5","5","honest-6","honest","incumbent","ADMITTED","ADMITTED","9","9","0","4","4.882922989522995","1.5","0.7462875490779619","0.8370070466491786","0.6465358545084627","0.6465358545084627","0.1157982362815884","0.29254799703263074","50","50","50","5","5","False","False","NOT_APPLICABLE","","0","0.0","0","33.84410738945007","50","50","50.0","","","moderate_shadow"
"cifar10","20","2","mixed_maturity","access_full","dirichlet_lcb","benign_concept_drift","0.5","3","6","5","5","0.5","20","9","1.5","5","honest-7","honest","incumbent","ADMITTED","ADMITTED","9","9","0","4","4.882922989522995","1.5","0.7462875490779619","0.8370070466491786","0.6465358545084627","0.6465358545084627","0.1157982362815884","0.29254799703263074","50","50","50","5","5","False","False","NOT_APPLICABLE","","0","0.0","0","3.829293966293335","50","50","50.0","","","moderate_shadow"
"cifar10","20","2","mixed_maturity","access_full","dirichlet_lcb","benign_concept_drift","0.5","3","6","5","5","0.5","20","9","1.5","5","honest-8","honest","incumbent","ADMITTED","ADMITTED","9","9","0","4","4.882922989522995","1.5","0.7462875490779619","0.8370070466491786","0.6465358545084627","0.6465358545084627","0.1157982362815884","0.29254799703263074","50","50","50","5","5","False","False","NOT_APPLICABLE","","0","0.0","0","2.813051223754883","50","50","50.0","","","moderate_shadow"
"cifar10","20","2","mixed_maturity","access_full","dirichlet_lcb","benign_concept_drift","0.5","3","6","5","5","0.5","20","9","1.5","5","honest-9","honest","incumbent","ADMITTED","ADMITTED","9","9","0","4","4.882922989522995","1.5","0.7462875490779619","0.8370070466491786","0.6465358545084627","0.6465358545084627","0.1157982362815884","0.29254799703263074","50","50","50","5","5","False","False","NOT_APPLICABLE","","0","0.0","0","3.0404298305511475","50","50","50.0","","","moderate_shadow"
"cifar10","20","2","mixed_maturity","access_full","dirichlet_lcb","benign_concept_drift","0.5","4","6","5","5","0.5","20","9","1.5","5","attacker-1","benign_concept_drift","newcomer","LIMITED","ADMITTED","9","9","0","4","4.882922989522995","1.5","0.7462875490779619","0.8370070466491786","0.6465358545084627","0.6465358545084627","0.1157982362815884","0.29254799703263074","50","50","50","5","5","False","False","NOT_APPLICABLE","","0","0.0","0","2.6330885887145996","50","50","48.0","","","moderate_shadow"
"cifar10","20","2","mixed_maturity","access_full","dirichlet_lcb","benign_concept_drift","0.5","4","6","5","5","0.5","20","9","1.5","5","attacker-2","benign_concept_drift","newcomer","LIMITED","ADMITTED","9","9","0","4","4.882922989522995","1.5","0.7462875490779619","0.8370070466491786","0.6465358545084627","0.6465358545084627","0.1157982362815884","0.29254799703263074","50","50","50","5","5","False","False","NOT_APPLICABLE","","0","0.0","0","3.271965980529785","50","50","48.0","","","moderate_shadow"
"cifar10","20","2","mixed_maturity","access_full","dirichlet_lcb","benign_concept_drift","0.5","4","6","5","5","0.5","20","9","1.5","5","honest-1","honest","incumbent","ADMITTED","ADMITTED","9","9","0","4","4.882922989522995","1.5","0.7462875490779619","0.8370070466491786","0.6465358545084627","0.6465358545084627","0.1157982362815884","0.29254799703263074","50","50","50","5","5","False","False","NOT_APPLICABLE","","0","0.0","0","4.127118110656738","50","50","50.0","","","moderate_shadow"
"cifar10","20","2","mixed_maturity","access_full","dirichlet_lcb","benign_concept_drift","0.5","4","6","5","5","0.5","20","9","1.5","5","honest-10","honest","incumbent","ADMITTED","ADMITTED","9","9","0","4","4.882922989522995","1.5","0.7462875490779619","0.8370070466491786","0.6465358545084627","0.6465358545084627","0.1157982362815884","0.29254799703263074","50","50","50","5","5","False","False","NOT_APPLICABLE","","0","0.0","0","63.67114782333374","50","50","50.0","","","moderate_shadow"
"cifar10","20","2","mixed_maturity","access_full","dirichlet_lcb","benign_concept_drift","0.5","4","6","5","5","0.5","20","9","1.5","5","honest-11","honest","incumbent","ADMITTED","ADMITTED","9","9","0","4","4.882922989522995","1.5","0.7462875490779619","0.8370070466491786","0.6465358545084627","0.6465358545084627","0.1157982362815884","0.29254799703263074","50","50","50","5","5","False","False","NOT_APPLICABLE","","0","0.0","0","2.7374460697174072","50","50","50.0","","","moderate_shadow"
"cifar10","20","2","mixed_maturity","access_full","dirichlet_lcb","benign_concept_drift","0.5","4","6","5","5","0.5","20","9","1.5","5","honest-12","honest","incumbent","ADMITTED","ADMITTED","9","9","0","4","4.882922989522995","1.5","0.7462875490779619","0.8370070466491786","0.6465358545084627","0.6465358545084627","0.1157982362815884","0.29254799703263074","50","50","50","5","5","False","False","NOT_APPLICABLE","","0","0.0","0","3.751662492752075","50","50","50.0","","","moderate_shadow"
"cifar10","20","2","mixed_maturity","access_full","dirichlet_lcb","benign_concept_drift","0.5","4","6","5","5","0.5","20","9","1.5","5","honest-13","honest","incumbent","ADMITTED","ADMITTED","9","9","0","4","4.882922989522995","1.5","0.7462875490779619","0.8370070466491786","0.6465358545084627","0.6465358545084627","0.1157982362815884","0.29254799703263074","50","50","50","5","5","False","False","NOT_APPLICABLE","","0","0.0","0","4.054418563842773","50","50","50.0","","","moderate_shadow"
"cifar10","20","2","mixed_maturity","access_full","dirichlet_lcb","benign_concept_drift","0.5","4","6","5","5","0.5","20","9","1.5","5","honest-14","honest","incumbent","ADMITTED","ADMITTED","9","9","0","4","4.882922989522995","1.5","0.7462875490779619","0.8370070466491786","0.6465358545084627","0.6465358545084627","0.1157982362815884","0.29254799703263074","50","50","50","5","5","False","False","NOT_APPLICABLE","","0","0.0","0","2.363704204559326","50","50","50.0","","","moderate_shadow"
"cifar10","20","2","mixed_maturity","access_full","dirichlet_lcb","benign_concept_drift","0.5","4","6","5","5","0.5","20","9","1.5","5","honest-15","honest","incumbent","ADMITTED","ADMITTED","9","9","0","4","4.882922989522995","1.5","0.7462875490779619","0.8370070466491786","0.6465358545084627","0.6465358545084627","0.1157982362815884","0.29254799703263074","50","50","50","5","5","False","False","NOT_APPLICABLE","","0","0.0","0","2.7208447456359863","50","50","50.0","","","moderate_shadow"
"cifar10","20","2","mixed_maturity","access_full","dirichlet_lcb","benign_concept_drift","0.5","4","6","5","5","0.5","20","9","1.5","5","honest-16","honest","incumbent","ADMITTED","ADMITTED","9","9","0","4","4.882922989522995","1.5","0.7462875490779619","0.8370070466491786","0.6465358545084627","0.6465358545084627","0.1157982362815884","0.29254799703263074","50","50","50","5","5","False","False","NOT_APPLICABLE","","0","0.0","0","2.529315948486328","50","50","50.0","","","moderate_shadow"
"cifar10","20","2","mixed_maturity","access_full","dirichlet_lcb","benign_concept_drift","0.5","4","6","5","5","0.5","20","9","1.5","5","honest-17","honest","incumbent","ADMITTED","ADMITTED","9","9","0","4","4.882922989522995","1.5","0.7462875490779619","0.8370070466491786","0.6465358545084627","0.6465358545084627","0.1157982362815884","0.29254799703263074","50","50","50","5","5","False","False","NOT_APPLICABLE","","0","0.0","0","3.0289394855499268","50","50","50.0","","","moderate_shadow"
"cifar10","20","2","mixed_maturity","access_full","dirichlet_lcb","benign_concept_drift","0.5","4","6","5","5","0.5","20","9","1.5","5","honest-18","honest","incumbent","ADMITTED","ADMITTED","9","9","0","4","4.882922989522995","1.5","0.7462875490779619","0.8370070466491786","0.6465358545084627","0.6465358545084627","0.1157982362815884","0.29254799703263074","50","50","50","5","5","False","False","NOT_APPLICABLE","","0","0.0","0","2.637122869491577","50","50","50.0","","","moderate_shadow"
"cifar10","20","2","mixed_maturity","access_full","dirichlet_lcb","benign_concept_drift","0.5","4","6","5","5","0.5","20","9","1.5","5","honest-2","honest","incumbent","ADMITTED","ADMITTED","9","9","0","4","4.882922989522995","1.5","0.7262875490779619","0.8370070466491786","0.6465358545084627","0.6465358545084627","0.1157982362815884","0.29254799703263074","50","50","50","5","5","False","False","NOT_APPLICABLE","","0","0.0","0","33.468552589416504","50","50","50.0","","","moderate_shadow"
"cifar10","20","2","mixed_maturity","access_full","dirichlet_lcb","benign_concept_drift","0.5","4","6","5","5","0.5","20","9","1.5","5","honest-3","honest","incumbent","ADMITTED","ADMITTED","9","9","0","3","5.004489238881761","1.5","0.7503560216234088","0.8430201361031787","0.6581600617811678","0.6581600617811678","0.11238691964272261","0.3041175807403508","50","50","50","5","5","False","False","NOT_APPLICABLE","","0","0.0","0","32.63230299949646","50","50","50.0","","","moderate_shadow"
"cifar10","20","2","mixed_maturity","access_full","dirichlet_lcb","benign_concept_drift","0.5","4","6","5","5","0.5","20","9","1.5","5","honest-4","honest","incumbent","ADMITTED","ADMITTED","9","9","0","4","4.882922989522995","1.5","0.7462875490779619","0.8370070466491786","0.6465358545084627","0.6465358545084627","0.1157982362815884","0.29254799703263074","50","50","50","5","5","False","False","NOT_APPLICABLE","","0","0.0","0","33.509130001068115","50","50","50.0","","","moderate_shadow"
"cifar10","20","2","mixed_maturity","access_full","dirichlet_lcb","benign_concept_drift","0.5","4","6","5","5","0.5","20","9","1.5","5","honest-5","honest","incumbent","ADMITTED","ADMITTED","9","9","0","4","4.882922989522995","1.5","0.7462875490779619","0.8370070466491786","0.6465358545084627","0.6465358545084627","0.1157982362815884","0.29254799703263074","50","50","50","5","5","False","False","NOT_APPLICABLE","","0","0.0","0","4.197551250457764","50","50","50.0","","","moderate_shadow"
"cifar10","20","2","mixed_maturity","access_full","dirichlet_lcb","benign_concept_drift","0.5","4","6","5","5","0.5","20","9","1.5","5","honest-6","honest","incumbent","ADMITTED","ADMITTED","9","9","0","4","4.882922989522995","1.5","0.7462875490779619","0.8370070466491786","0.6465358545084627","0.6465358545084627","0.1157982362815884","0.29254799703263074","50","50","50","5","5","False","False","NOT_APPLICABLE","","0","0.0","0","3.20554256439209","50","50","50.0","","","moderate_shadow"
"cifar10","20","2","mixed_maturity","access_full","dirichlet_lcb","benign_concept_drift","0.5","4","6","5","5","0.5","20","9","1.5","5","honest-7","honest","incumbent","ADMITTED","ADMITTED","9","9","0","4","4.882922989522995","1.5","0.7462875490779619","0.8370070466491786","0.6465358545084627","0.6465358545084627","0.1157982362815884","0.29254799703263074","50","50","50","5","5","False","False","NOT_APPLICABLE","","0","0.0","0","3.3745360374450684","50","50","50.0","","","moderate_shadow"
"cifar10","20","2","mixed_maturity","access_full","dirichlet_lcb","benign_concept_drift","0.5","4","6","5","5","0.5","20","9","1.5","5","honest-8","honest","incumbent","ADMITTED","ADMITTED","9","9","0","4","4.882922989522995","1.5","0.7462875490779619","0.8370070466491786","0.6465358545084627","0.6465358545084627","0.1157982362815884","0.29254799703263074","50","50","50","5","5","False","False","NOT_APPLICABLE","","0","0.0","0","3.782029867172241","50","50","50.0","","","moderate_shadow"
"cifar10","20","2","mixed_maturity","access_full","dirichlet_lcb","benign_concept_drift","0.5","4","6","5","5","0.5","20","9","1.5","5","honest-9","honest","incumbent","ADMITTED","ADMITTED","9","9","0","4","4.882922989522995","1.5","0.7462875490779619","0.8370070466491786","0.6465358545084627","0.6465358545084627","0.1157982362815884","0.29254799703263074","50","50","50","5","5","False","False","NOT_APPLICABLE","","0","0.0","0","2.3529648780822754","50","50","50.0","","","moderate_shadow"
"cifar10","20","2","mixed_maturity","access_full","dirichlet_lcb","benign_concept_drift","0.5","5","6","5","5","0.5","20","9","1.5","5","attacker-1","benign_concept_drift","newcomer","LIMITED","ADMITTED","9","9","0","4","4.882922989522995","1.5","0.7462875490779619","0.8370070466491786","0.6465358545084627","0.6465358545084627","0.1157982362815884","0.29254799703263074","50","50","50","5","5","False","False","NOT_APPLICABLE","","0","0.0","0","2.3855111598968506","50","50","48.0","","","moderate_shadow"
"cifar10","20","2","mixed_maturity","access_full","dirichlet_lcb","benign_concept_drift","0.5","5","6","5","5","0.5","20","9","1.5","5","attacker-2","benign_concept_drift","newcomer","LIMITED","ADMITTED","9","9","0","4","4.882922989522995","1.5","0.7462875490779619","0.8370070466491786","0.6465358545084627","0.6465358545084627","0.1157982362815884","0.29254799703263074","50","50","50","5","5","False","False","NOT_APPLICABLE","","0","0.0","0","3.0437734127044678","50","50","48.0","","","moderate_shadow"
"cifar10","20","2","mixed_maturity","access_full","dirichlet_lcb","benign_concept_drift","0.5","5","6","5","5","0.5","20","9","1.5","5","honest-1","honest","incumbent","ADMITTED","ADMITTED","9","9","0","3","4.76698923888176","1.5","0.7437820368902304","0.8332768051183246","0.6393772482578011","0.6393772482578011","0.11788253356256753","0.28561047849957855","50","50","50","5","5","False","False","NOT_APPLICABLE","","0","0.0","0","32.949424743652344","50","50","50.0","","","moderate_shadow"
"cifar10","20","2","mixed_maturity","access_full","dirichlet_lcb","benign_concept_drift","0.5","5","6","5","5","0.5","20","9","1.5","5","honest-10","honest","incumbent","ADMITTED","ADMITTED","9","9","0","4","4.882922989522995","1.5","0.7462875490779619","0.8370070466491786","0.6465358545084627","0.6465358545084627","0.1157982362815884","0.29254799703263074","50","50","50","5","5","False","False","NOT_APPLICABLE","","0","0.0","0","3.3114757537841797","50","50","50.0","","","moderate_shadow"
"cifar10","20","2","mixed_maturity","access_full","dirichlet_lcb","benign_concept_drift","0.5","5","6","5","5","0.5","20","9","1.5","5","honest-11","honest","incumbent","ADMITTED","ADMITTED","9","9","0","3","4.5294892388817605","1.5","0.7401065581334588","0.8277664507491892","0.6288758803813109","0.6288758803813109","0.12091685363435191","0.27568090107538146","50","50","50","5","5","False","False","NOT_APPLICABLE","","0","0.0","0","32.58139491081238","50","50","50.0","","","moderate_shadow"
"cifar10","20","2","mixed_maturity","access_full","dirichlet_lcb","benign_concept_drift","0.5","5","6","5","5","0.5","20","9","1.5","5","honest-12","honest","incumbent","ADMITTED","ADMITTED","9","9","0","4","4.882922989522995","1.5","0.7462875490779619","0.8370070466491786","0.6465358545084627","0.6465358545084627","0.1157982362815884","0.29254799703263074","50","50","50","5","5","False","False","NOT_APPLICABLE","","0","0.0","0","33.04680562019348","50","50","50.0","","","moderate_shadow"
"cifar10","20","2","mixed_maturity","access_full","dirichlet_lcb","benign_concept_drift","0.5","5","6","5","5","0.5","20","9","1.5","5","honest-13","honest","incumbent","ADMITTED","ADMITTED","9","9","0","4","4.882922989522995","1.5","0.7462875490779619","0.8370070466491786","0.6465358545084627","0.6465358545084627","0.1157982362815884","0.29254799703263074","50","50","50","5","5","False","False","NOT_APPLICABLE","","0","0.0","0","2.560979127883911","50","50","50.0","","","moderate_shadow"
"cifar10","20","2","mixed_maturity","access_full","dirichlet_lcb","benign_concept_drift","0.5","5","6","5","5","0.5","20","9","1.5","5","honest-14","honest","incumbent","ADMITTED","ADMITTED","9","9","0","4","4.882922989522995","1.5","0.7462875490779619","0.8370070466491786","0.6465358545084627","0.6465358545084627","0.1157982362815884","0.29254799703263074","50","50","50","5","5","False","False","NOT_APPLICABLE","","0","0.0","0","3.1906216144561768","50","50","50.0","","","moderate_shadow"
"cifar10","20","2","mixed_maturity","access_full","dirichlet_lcb","benign_concept_drift","0.5","5","6","5","5","0.5","20","9","1.5","5","honest-15","honest","incumbent","ADMITTED","ADMITTED","9","9","0","4","4.882922989522995","1.5","0.7462875490779619","0.8370070466491786","0.6465358545084627","0.6465358545084627","0.1157982362815884","0.29254799703263074","50","50","50","5","5","False","False","NOT_APPLICABLE","","0","0.0","0","2.556518793106079","50","50","50.0","","","moderate_shadow"
"cifar10","20","2","mixed_maturity","access_full","dirichlet_lcb","benign_concept_drift","0.5","5","6","5","5","0.5","20","9","1.5","5","honest-16","honest","incumbent","ADMITTED","ADMITTED","9","9","0","4","4.882922989522995","1.5","0.7462875490779619","0.8370070466491786","0.6465358545084627","0.6465358545084627","0.1157982362815884","0.29254799703263074","50","50","50","5","5","False","False","NOT_APPLICABLE","","0","0.0","0","2.86393666267395","50","50","50.0","","","moderate_shadow"
"cifar10","20","2","mixed_maturity","access_full","dirichlet_lcb","benign_concept_drift","0.5","5","6","5","5","0.5","20","9","1.5","5","honest-17","honest","incumbent","ADMITTED","ADMITTED","9","9","0","3","4.5294892388817605","1.5","0.7401065581334588","0.8277664507491892","0.6288758803813109","0.6288758803813109","0.12091685363435191","0.27568090107538146","50","50","50","5","5","False","False","NOT_APPLICABLE","","0","0.0","0","32.92944812774658","50","50","50.0","","","moderate_shadow"
"cifar10","20","2","mixed_maturity","access_full","dirichlet_lcb","benign_concept_drift","0.5","5","6","5","5","0.5","20","9","1.5","5","honest-18","honest","incumbent","ADMITTED","ADMITTED","9","9","0","4","4.882922989522995","1.5","0.7462875490779619","0.8370070466491786","0.6465358545084627","0.6465358545084627","0.1157982362815884","0.29254799703263074","50","50","50","5","5","False","False","NOT_APPLICABLE","","0","0.0","0","3.273149251937866","50","50","50.0","","","moderate_shadow"
"cifar10","20","2","mixed_maturity","access_full","dirichlet_lcb","benign_concept_drift","0.5","5","6","5","5","0.5","20","9","1.5","5","honest-2","honest","incumbent","ADMITTED","ADMITTED","9","9","0","4","4.882922989522995","1.5","0.7462875490779619","0.8370070466491786","0.6465358545084627","0.6465358545084627","0.1157982362815884","0.29254799703263074","50","50","50","5","5","False","False","NOT_APPLICABLE","","0","0.0","0","3.3651700019836426","50","50","50.0","","","moderate_shadow"
"cifar10","20","2","mixed_maturity","access_full","dirichlet_lcb","benign_concept_drift","0.5","5","6","5","5","0.5","20","9","1.5","5","honest-3","honest","incumbent","ADMITTED","ADMITTED","9","9","0","4","4.882922989522995","1.5","0.7462875490779619","0.8370070466491786","0.6465358545084627","0.6465358545084627","0.1157982362815884","0.29254799703263074","50","50","50","5","5","False","False","NOT_APPLICABLE","","0","0.0","0","3.3016750812530518","50","50","50.0","","","moderate_shadow"
"cifar10","20","2","mixed_maturity","access_full","dirichlet_lcb","benign_concept_drift","0.5","5","6","5","5","0.5","20","9","1.5","5","honest-4","honest","incumbent","ADMITTED","ADMITTED","9","9","0","4","4.882922989522995","1.5","0.7462875490779619","0.8370070466491786","0.6465358545084627","0.6465358545084627","0.1157982362815884","0.29254799703263074","50","50","50","5","5","False","False","NOT_APPLICABLE","","0","0.0","0","3.1774492263793945","50","50","50.0","","","moderate_shadow"
"cifar10","20","2","mixed_maturity","access_full","dirichlet_lcb","benign_concept_drift","0.5","5","6","5","5","0.5","20","9","1.5","5","honest-5","honest","incumbent","ADMITTED","ADMITTED","9","9","0","4","4.882922989522995","1.5","0.7462875490779619","0.8370070466491786","0.6465358545084627","0.6465358545084627","0.1157982362815884","0.29254799703263074","50","50","50","5","5","False","False","NOT_APPLICABLE","","0","0.0","0","33.03316640853882","50","50","50.0","","","moderate_shadow"
"cifar10","20","2","mixed_maturity","access_full","dirichlet_lcb","benign_concept_drift","0.5","5","6","5","5","0.5","20","9","1.5","5","honest-6","honest","incumbent","ADMITTED","ADMITTED","9","9","0","4","4.882922989522995","1.5","0.7462875490779619","0.8370070466491786","0.6465358545084627","0.6465358545084627","0.1157982362815884","0.29254799703263074","50","50","50","5","5","False","False","NOT_APPLICABLE","","0","0.0","0","2.629002332687378","50","50","50.0","","","moderate_shadow"
"cifar10","20","2","mixed_maturity","access_full","dirichlet_lcb","benign_concept_drift","0.5","5","6","5","5","0.5","20","9","1.5","5","honest-7","honest","incumbent","ADMITTED","ADMITTED","9","9","0","4","4.882922989522995","1.5","0.7462875490779619","0.8370070466491786","0.6465358545084627","0.6465358545084627","0.1157982362815884","0.29254799703263074","50","50","50","5","5","False","False","NOT_APPLICABLE","","0","0.0","0","2.2868494987487793","50","50","50.0","","","moderate_shadow"
"cifar10","20","2","mixed_maturity","access_full","dirichlet_lcb","benign_concept_drift","0.5","5","6","5","5","0.5","20","9","1.5","5","honest-8","honest","incumbent","ADMITTED","ADMITTED","9","9","0","4","4.882922989522995","1.5","0.7462875490779619","0.8370070466491786","0.6465358545084627","0.6465358545084627","0.1157982362815884","0.29254799703263074","50","50","50","5","5","False","False","NOT_APPLICABLE","","0","0.0","0","3.6600842475891113","50","50","50.0","","","moderate_shadow"
"cifar10","20","2","mixed_maturity","access_full","dirichlet_lcb","benign_concept_drift","0.5","5","6","5","5","0.5","20","9","1.5","5","honest-9","honest","incumbent","ADMITTED","ADMITTED","9","9","0","4","4.882922989522995","1.5","0.7462875490779619","0.8370070466491786","0.6465358545084627","0.6465358545084627","0.1157982362815884","0.29254799703263074","50","50","50","5","5","False","False","NOT_APPLICABLE","","0","0.0","0","2.5031306743621826","50","50","50.0","","","moderate_shadow"
"cifar10","20","2","mixed_maturity","access_full","dirichlet_lcb","benign_concept_drift","0.5","6","6","5","5","0.5","20","9","1.5","5","attacker-1","benign_concept_drift","newcomer","LIMITED","ADMITTED","9","9","0","4","4.882922989522995","1.5","0.7462875490779619","0.8370070466491786","0.6465358545084627","0.6465358545084627","0.1157982362815884","0.29254799703263074","50","50","50","5","5","False","False","NOT_APPLICABLE","","0","0.0","0","4.391507148742676","50","50","48.0","","","moderate_shadow"
"cifar10","20","2","mixed_maturity","access_full","dirichlet_lcb","benign_concept_drift","0.5","6","6","5","5","0.5","20","9","1.5","5","attacker-2","benign_concept_drift","newcomer","LIMITED","ADMITTED","9","9","0","4","4.882922989522995","1.5","0.7462875490779619","0.8370070466491786","0.6465358545084627","0.6465358545084627","0.1157982362815884","0.29254799703263074","50","50","50","5","5","False","False","NOT_APPLICABLE","","0","0.0","0","2.6898040771484375","50","50","48.0","","","moderate_shadow"
"cifar10","20","2","mixed_maturity","access_full","dirichlet_lcb","benign_concept_drift","0.5","6","6","5","5","0.5","20","9","1.5","5","honest-1","honest","incumbent","ADMITTED","ADMITTED","9","9","0","4","4.882922989522995","1.5","0.7462875490779619","0.8370070466491786","0.6465358545084627","0.6465358545084627","0.1157982362815884","0.29254799703263074","50","50","50","5","5","False","False","NOT_APPLICABLE","","0","0.0","0","4.59478497505188","50","50","50.0","","","moderate_shadow"
"cifar10","20","2","mixed_maturity","access_full","dirichlet_lcb","benign_concept_drift","0.5","6","6","5","5","0.5","20","9","1.5","5","honest-10","honest","incumbent","ADMITTED","ADMITTED","9","9","0","4","4.882922989522995","1.5","0.7462875490779619","0.8370070466491786","0.6465358545084627","0.6465358545084627","0.1157982362815884","0.29254799703263074","50","50","50","5","5","False","False","NOT_APPLICABLE","","0","0.0","0","2.6901583671569824","50","50","50.0","","","moderate_shadow"
"cifar10","20","2","mixed_maturity","access_full","dirichlet_lcb","benign_concept_drift","0.5","6","6","5","5","0.5","20","9","1.5","5","honest-11","honest","incumbent","ADMITTED","ADMITTED","9","9","0","4","4.882922989522995","1.5","0.7462875490779619","0.8370070466491786","0.6465358545084627","0.6465358545084627","0.1157982362815884","0.29254799703263074","50","50","50","5","5","False","False","NOT_APPLICABLE","","0","0.0","0","4.174982309341431","50","50","50.0","","","moderate_shadow"
"cifar10","20","2","mixed_maturity","access_full","dirichlet_lcb","benign_concept_drift","0.5","6","6","5","5","0.5","20","9","1.5","5","honest-12","honest","incumbent","ADMITTED","ADMITTED","9","9","0","4","4.882922989522995","1.5","0.7462875490779619","0.8370070466491786","0.6465358545084627","0.6465358545084627","0.1157982362815884","0.29254799703263074","50","50","50","5","5","False","False","NOT_APPLICABLE","","0","0.0","0","3.2224831581115723","50","50","50.0","","","moderate_shadow"
"cifar10","20","2","mixed_maturity","access_full","dirichlet_lcb","benign_concept_drift","0.5","6","6","5","5","0.5","20","9","1.5","5","honest-13","honest","incumbent","ADMITTED","ADMITTED","9","9","0","4","4.882922989522995","1.5","0.7462875490779619","0.8370070466491786","0.6465358545084627","0.6465358545084627","0.1157982362815884","0.29254799703263074","50","50","50","5","5","False","False","NOT_APPLICABLE","","0","0.0","0","2.9824376106262207","50","50","50.0","","","moderate_shadow"
"cifar10","20","2","mixed_maturity","access_full","dirichlet_lcb","benign_concept_drift","0.5","6","6","5","5","0.5","20","9","1.5","5","honest-14","honest","incumbent","ADMITTED","ADMITTED","9","9","0","4","4.882922989522995","1.5","0.7462875490779619","0.8370070466491786","0.6465358545084627","0.6465358545084627","0.1157982362815884","0.29254799703263074","50","50","50","5","5","False","False","NOT_APPLICABLE","","0","0.0","0","4.369294166564941","50","50","50.0","","","moderate_shadow"
"cifar10","20","2","mixed_maturity","access_full","dirichlet_lcb","benign_concept_drift","0.5","6","6","5","5","0.5","20","9","1.5","5","honest-15","honest","incumbent","ADMITTED","ADMITTED","9","9","0","4","4.882922989522995","1.5","0.7462875490779619","0.8370070466491786","0.6465358545084627","0.6465358545084627","0.1157982362815884","0.29254799703263074","50","50","50","5","5","False","False","NOT_APPLICABLE","","0","0.0","0","3.4619367122650146","50","50","50.0","","","moderate_shadow"
"cifar10","20","2","mixed_maturity","access_full","dirichlet_lcb","benign_concept_drift","0.5","6","6","5","5","0.5","20","9","1.5","5","honest-16","honest","incumbent","ADMITTED","ADMITTED","9","9","0","4","4.882922989522995","1.5","0.7462875490779619","0.8370070466491786","0.6465358545084627","0.6465358545084627","0.1157982362815884","0.29254799703263074","50","50","50","5","5","False","False","NOT_APPLICABLE","","0","0.0","0","4.39181923866272","50","50","50.0","","","moderate_shadow"
"cifar10","20","2","mixed_maturity","access_full","dirichlet_lcb","benign_concept_drift","0.5","6","6","5","5","0.5","20","9","1.5","5","honest-17","honest","incumbent","ADMITTED","ADMITTED","9","9","0","4","4.882922989522995","1.5","0.7462875490779619","0.8370070466491786","0.6465358545084627","0.6465358545084627","0.1157982362815884","0.29254799703263074","50","50","50","5","5","False","False","NOT_APPLICABLE","","0","0.0","0","2.8864057064056396","50","50","50.0","","","moderate_shadow"
"cifar10","20","2","mixed_maturity","access_full","dirichlet_lcb","benign_concept_drift","0.5","6","6","5","5","0.5","20","9","1.5","5","honest-18","honest","incumbent","ADMITTED","ADMITTED","9","9","0","4","4.882922989522995","1.5","0.7462875490779619","0.8370070466491786","0.6465358545084627","0.6465358545084627","0.1157982362815884","0.29254799703263074","50","50","50","5","5","False","False","NOT_APPLICABLE","","0","0.0","0","4.079673528671265","50","50","50.0","","","moderate_shadow"
"cifar10","20","2","mixed_maturity","access_full","dirichlet_lcb","benign_concept_drift","0.5","6","6","5","5","0.5","20","9","1.5","5","honest-2","honest","incumbent","ADMITTED","ADMITTED","9","9","0","4","4.882922989522995","1.5","0.7462875490779619","0.8370070466491786","0.6465358545084627","0.6465358545084627","0.1157982362815884","0.29254799703263074","50","50","50","5","5","False","False","NOT_APPLICABLE","","0","0.0","0","2.3223886489868164","50","50","50.0","","","moderate_shadow"
"cifar10","20","2","mixed_maturity","access_full","dirichlet_lcb","benign_concept_drift","0.5","6","6","5","5","0.5","20","9","1.5","5","honest-3","honest","incumbent","ADMITTED","ADMITTED","9","9","0","4","4.882922989522995","1.5","0.7462875490779619","0.8370070466491786","0.6465358545084627","0.6465358545084627","0.1157982362815884","0.29254799703263074","50","50","50","5","5","False","False","NOT_APPLICABLE","","0","0.0","0","3.5964858531951904","50","50","50.0","","","moderate_shadow"
"cifar10","20","2","mixed_maturity","access_full","dirichlet_lcb","benign_concept_drift","0.5","6","6","5","5","0.5","20","9","1.5","5","honest-4","honest","incumbent","ADMITTED","ADMITTED","9","9","0","4","4.882922989522995","1.5","0.7462875490779619","0.8370070466491786","0.6465358545084627","0.6465358545084627","0.1157982362815884","0.29254799703263074","50","50","50","5","5","False","False","NOT_APPLICABLE","","0","0.0","0","2.748143196105957","50","50","50.0","","","moderate_shadow"
"cifar10","20","2","mixed_maturity","access_full","dirichlet_lcb","benign_concept_drift","0.5","6","6","5","5","0.5","20","9","1.5","5","honest-5","honest","incumbent","ADMITTED","ADMITTED","9","9","0","4","4.882922989522995","1.5","0.7462875490779619","0.8370070466491786","0.6465358545084627","0.6465358545084627","0.1157982362815884","0.29254799703263074","50","50","50","5","5","False","False","NOT_APPLICABLE","","0","0.0","0","4.4440977573394775","50","50","50.0","","","moderate_shadow"
"cifar10","20","2","mixed_maturity","access_full","dirichlet_lcb","benign_concept_drift","0.5","6","6","5","5","0.5","20","9","1.5","5","honest-6","honest","incumbent","ADMITTED","ADMITTED","9","9","0","4","4.882922989522995","1.5","0.7462875490779619","0.8370070466491786","0.6465358545084627","0.6465358545084627","0.1157982362815884","0.29254799703263074","50","50","50","5","5","False","False","NOT_APPLICABLE","","0","0.0","0","2.2958860397338867","50","50","50.0","","","moderate_shadow"
"cifar10","20","2","mixed_maturity","access_full","dirichlet_lcb","benign_concept_drift","0.5","6","6","5","5","0.5","20","9","1.5","5","honest-7","honest","incumbent","ADMITTED","ADMITTED","9","9","0","4","4.882922989522995","1.5","0.7462875490779619","0.8370070466491786","0.6465358545084627","0.6465358545084627","0.1157982362815884","0.29254799703263074","50","50","50","5","5","False","False","NOT_APPLICABLE","","0","0.0","0","3.830596685409546","50","50","50.0","","","moderate_shadow"
"cifar10","20","2","mixed_maturity","access_full","dirichlet_lcb","benign_concept_drift","0.5","6","6","5","5","0.5","20","9","1.5","5","honest-8","honest","incumbent","ADMITTED","ADMITTED","9","9","0","4","4.882922989522995","1.5","0.7462875490779619","0.8370070466491786","0.6465358545084627","0.6465358545084627","0.1157982362815884","0.29254799703263074","50","50","50","5","5","False","False","NOT_APPLICABLE","","0","0.0","0","2.9900882244110107","50","50","50.0","","","moderate_shadow"
"cifar10","20","2","mixed_maturity","access_full","dirichlet_lcb","benign_concept_drift","0.5","6","6","5","5","0.5","20","9","1.5","5","honest-9","honest","incumbent","ADMITTED","ADMITTED","9","9","0","4","4.882922989522995","1.5","0.7462875490779619","0.8370070466491786","0.6465358545084627","0.6465358545084627","0.1157982362815884","0.29254799703263074","50","50","50","5","5","False","False","NOT_APPLICABLE","","0","0.0","0","3.012141704559326","50","50","50.0","","","moderate_shadow"
"cifar10","20","2","mixed_maturity","access_full","dirichlet_lcb","benign_concept_drift","0.5","7","6","5","5","0.5","20","9","1.5","5","attacker-1","benign_concept_drift","newcomer","LIMITED","ADMITTED","9","9","0","4","4.882922989522995","1.5","0.7462875490779619","0.8370070466491786","0.6465358545084627","0.6465358545084627","0.1157982362815884","0.29254799703263074","50","50","50","5","5","False","False","NOT_APPLICABLE","","0","0.0","0","3.9529366493225098","50","50","48.0","","","moderate_shadow"
"cifar10","20","2","mixed_maturity","access_full","dirichlet_lcb","benign_concept_drift","0.5","7","6","5","5","0.5","20","9","1.5","5","attacker-2","benign_concept_drift","newcomer","LIMITED","ADMITTED","9","9","0","4","4.882922989522995","1.5","0.7462875490779619","0.8370070466491786","0.6465358545084627","0.6465358545084627","0.1157982362815884","0.29254799703263074","50","50","50","5","5","False","False","NOT_APPLICABLE","","0","0.0","0","3.592139959335327","50","50","48.0","","","moderate_shadow"
"cifar10","20","2","mixed_maturity","access_full","dirichlet_lcb","benign_concept_drift","0.5","7","6","5","5","0.5","20","9","1.5","5","honest-1","honest","incumbent","ADMITTED","ADMITTED","9","9","0","4","4.882922989522995","1.5","0.7462875490779619","0.8370070466491786","0.6465358545084627","0.6465358545084627","0.1157982362815884","0.29254799703263074","50","50","50","5","5","False","False","NOT_APPLICABLE","","0","0.0","0","3.7433316707611084","50","50","50.0","","","moderate_shadow"
"cifar10","20","2","mixed_maturity","access_full","dirichlet_lcb","benign_concept_drift","0.5","7","6","5","5","0.5","20","9","1.5","5","honest-10","honest","incumbent","ADMITTED","ADMITTED","9","9","0","4","4.882922989522995","1.5","0.7462875490779619","0.8370070466491786","0.6465358545084627","0.6465358545084627","0.1157982362815884","0.29254799703263074","50","50","50","5","5","False","False","NOT_APPLICABLE","","0","0.0","0","4.200578927993774","50","50","50.0","","","moderate_shadow"
"cifar10","20","2","mixed_maturity","access_full","dirichlet_lcb","benign_concept_drift","0.5","7","6","5","5","0.5","20","9","1.5","5","honest-11","honest","incumbent","ADMITTED","ADMITTED","9","9","0","4","4.882922989522995","1.5","0.7462875490779619","0.8370070466491786","0.6465358545084627","0.6465358545084627","0.1157982362815884","0.29254799703263074","50","50","50","5","5","False","False","NOT_APPLICABLE","","0","0.0","0","3.9019033908843994","50","50","50.0","","","moderate_shadow"
"cifar10","20","2","mixed_maturity","access_full","dirichlet_lcb","benign_concept_drift","0.5","7","6","5","5","0.5","20","9","1.5","5","honest-12","honest","incumbent","ADMITTED","ADMITTED","9","9","0","4","4.882922989522995","1.5","0.7462875490779619","0.8370070466491786","0.6465358545084627","0.6465358545084627","0.1157982362815884","0.29254799703263074","50","50","50","5","5","False","False","NOT_APPLICABLE","","0","0.0","0","2.8813226222991943","50","50","50.0","","","moderate_shadow"
"cifar10","20","2","mixed_maturity","access_full","dirichlet_lcb","benign_concept_drift","0.5","7","6","5","5","0.5","20","9","1.5","5","honest-13","honest","incumbent","ADMITTED","ADMITTED","9","9","0","3","4.76698923888176","1.5","0.7237820368902304","0.8332768051183246","0.6393772482578011","0.6393772482578011","0.11788253356256753","0.28561047849957855","50","50","50","5","5","False","False","NOT_APPLICABLE","","0","0.0","0","2.5498464107513428","50","50","50.0","","","moderate_shadow"
"cifar10","20","2","mixed_maturity","access_full","dirichlet_lcb","benign_concept_drift","0.5","7","6","5","5","0.5","20","9","1.5","5","honest-14","honest","incumbent","ADMITTED","ADMITTED","9","9","0","4","4.882922989522995","1.5","0.7462875490779619","0.8370070466491786","0.6465358545084627","0.6465358545084627","0.1157982362815884","0.29254799703263074","50","50","50","5","5","False","False","NOT_APPLICABLE","","0","0.0","0","3.8066484928131104","50","50","50.0","","","moderate_shadow"
"cifar10","20","2","mixed_maturity","access_full","dirichlet_lcb","benign_concept_drift","0.5","7","6","5","5","0.5","20","9","1.5","5","honest-15","honest","incumbent","ADMITTED","ADMITTED","9","9","0","4","4.882922989522995","1.5","0.7462875490779619","0.8370070466491786","0.6465358545084627","0.6465358545084627","0.1157982362815884","0.29254799703263074","50","50","50","5","5","False","False","NOT_APPLICABLE","","0","0.0","0","2.65771484375","50","50","50.0","","","moderate_shadow"
"cifar10","20","2","mixed_maturity","access_full","dirichlet_lcb","benign_concept_drift","0.5","7","6","5","5","0.5","20","9","1.5","5","honest-16","honest","incumbent","ADMITTED","ADMITTED","9","9","0","4","4.882922989522995","1.5","0.7462875490779619","0.8370070466491786","0.6465358545084627","0.6465358545084627","0.1157982362815884","0.29254799703263074","50","50","50","5","5","False","False","NOT_APPLICABLE","","0","0.0","0","4.300745487213135","50","50","50.0","","","moderate_shadow"
"cifar10","20","2","mixed_maturity","access_full","dirichlet_lcb","benign_concept_drift","0.5","7","6","5","5","0.5","20","9","1.5","5","honest-17","honest","incumbent","ADMITTED","ADMITTED","9","9","0","4","4.882922989522995","1.5","0.7462875490779619","0.8370070466491786","0.6465358545084627","0.6465358545084627","0.1157982362815884","0.29254799703263074","50","50","50","5","5","False","False","NOT_APPLICABLE","","0","0.0","0","2.910240650177002","50","50","50.0","","","moderate_shadow"
"cifar10","20","2","mixed_maturity","access_full","dirichlet_lcb","benign_concept_drift","0.5","7","6","5","5","0.5","20","9","1.5","5","honest-18","honest","incumbent","ADMITTED","ADMITTED","9","9","0","4","4.882922989522995","1.5","0.7462875490779619","0.8370070466491786","0.6465358545084627","0.6465358545084627","0.1157982362815884","0.29254799703263074","50","50","50","5","5","False","False","NOT_APPLICABLE","","0","0.0","0","2.792444944381714","50","50","50.0","","","moderate_shadow"
"cifar10","20","2","mixed_maturity","access_full","dirichlet_lcb","benign_concept_drift","0.5","7","6","5","5","0.5","20","9","1.5","5","honest-2","honest","incumbent","ADMITTED","ADMITTED","9","9","0","4","4.882922989522995","1.5","0.7462875490779619","0.8370070466491786","0.6465358545084627","0.6465358545084627","0.1157982362815884","0.29254799703263074","50","50","50","5","5","False","False","NOT_APPLICABLE","","0","0.0","0","3.2909584045410156","50","50","50.0","","","moderate_shadow"
"cifar10","20","2","mixed_maturity","access_full","dirichlet_lcb","benign_concept_drift","0.5","7","6","5","5","0.5","20","9","1.5","5","honest-3","honest","incumbent","ADMITTED","ADMITTED","9","9","0","4","4.882922989522995","1.5","0.7462875490779619","0.8370070466491786","0.6465358545084627","0.6465358545084627","0.1157982362815884","0.29254799703263074","50","50","50","5","5","False","False","NOT_APPLICABLE","","0","0.0","0","2.4488329887390137","50","50","50.0","","","moderate_shadow"
"cifar10","20","2","mixed_maturity","access_full","dirichlet_lcb","benign_concept_drift","0.5","7","6","5","5","0.5","20","9","1.5","5","honest-4","honest","incumbent","ADMITTED","ADMITTED","9","9","0","4","4.882922989522995","1.5","0.7462875490779619","0.8370070466491786","0.6465358545084627","0.6465358545084627","0.1157982362815884","0.29254799703263074","50","50","50","5","5","False","False","NOT_APPLICABLE","","0","0.0","0","3.788455009460449","50","50","50.0","","","moderate_shadow"
"cifar10","20","2","mixed_maturity","access_full","dirichlet_lcb","benign_concept_drift","0.5","7","6","5","5","0.5","20","9","1.5","5","honest-5","honest","incumbent","ADMITTED","ADMITTED","9","9","0","4","4.882922989522995","1.5","0.7462875490779619","0.8370070466491786","0.6465358545084627","0.6465358545084627","0.1157982362815884","0.29254799703263074","50","50","50","5","5","False","False","NOT_APPLICABLE","","0","0.0","0","33.71324300765991","50","50","50.0","","","moderate_shadow"
"cifar10","20","2","mixed_maturity","access_full","dirichlet_lcb","benign_concept_drift","0.5","7","6","5","5","0.5","20","9","1.5","5","honest-6","honest","incumbent","ADMITTED","ADMITTED","9","9","0","4","4.882922989522995","1.5","0.7462875490779619","0.8370070466491786","0.6465358545084627","0.6465358545084627","0.1157982362815884","0.29254799703263074","50","50","50","5","5","False","False","NOT_APPLICABLE","","0","0.0","0","3.19146728515625","50","50","50.0","","","moderate_shadow"
"cifar10","20","2","mixed_maturity","access_full","dirichlet_lcb","benign_concept_drift","0.5","7","6","5","5","0.5","20","9","1.5","5","honest-7","honest","incumbent","ADMITTED","ADMITTED","9","9","0","4","4.882922989522995","1.5","0.7462875490779619","0.8370070466491786","0.6465358545084627","0.6465358545084627","0.1157982362815884","0.29254799703263074","50","50","50","5","5","False","False","NOT_APPLICABLE","","0","0.0","0","4.3034772872924805","50","50","50.0","","","moderate_shadow"
"cifar10","20","2","mixed_maturity","access_full","dirichlet_lcb","benign_concept_drift","0.5","7","6","5","5","0.5","20","9","1.5","5","honest-8","honest","incumbent","ADMITTED","ADMITTED","9","9","0","4","4.882922989522995","1.5","0.7462875490779619","0.8370070466491786","0.6465358545084627","0.6465358545084627","0.1157982362815884","0.29254799703263074","50","50","50","5","5","False","False","NOT_APPLICABLE","","0","0.0","0","2.491915225982666","50","50","50.0","","","moderate_shadow"
"cifar10","20","2","mixed_maturity","access_full","dirichlet_lcb","benign_concept_drift","0.5","7","6","5","5","0.5","20","9","1.5","5","honest-9","honest","incumbent","ADMITTED","ADMITTED","9","9","0","4","4.882922989522995","1.5","0.7462875490779619","0.8370070466491786","0.6465358545084627","0.6465358545084627","0.1157982362815884","0.29254799703263074","50","50","50","5","5","False","False","NOT_APPLICABLE","","0","0.0","0","32.91538667678833","50","50","50.0","","","moderate_shadow"
"cifar10","20","2","mixed_maturity","access_full","dirichlet_lcb","benign_concept_drift","0.5","8","6","5","5","0.5","20","9","1.5","5","attacker-1","benign_concept_drift","newcomer","LIMITED","ADMITTED","9","9","0","4","4.882922989522995","1.5","0.7462875490779619","0.8370070466491786","0.6465358545084627","0.6465358545084627","0.1157982362815884","0.29254799703263074","50","50","50","5","5","False","False","NOT_APPLICABLE","","0","0.0","0","3.8939037322998047","50","50","48.0","","","moderate_shadow"
"cifar10","20","2","mixed_maturity","access_full","dirichlet_lcb","benign_concept_drift","0.5","8","6","5","5","0.5","20","9","1.5","5","attacker-2","benign_concept_drift","newcomer","LIMITED","ADMITTED","9","9","0","4","4.882922989522995","1.5","0.7462875490779619","0.8370070466491786","0.6465358545084627","0.6465358545084627","0.1157982362815884","0.29254799703263074","50","50","50","5","5","False","False","NOT_APPLICABLE","","0","0.0","0","2.4909563064575195","50","50","48.0","","","moderate_shadow"
"cifar10","20","2","mixed_maturity","access_full","dirichlet_lcb","benign_concept_drift","0.5","8","6","5","5","0.5","20","9","1.5","5","honest-1","honest","incumbent","ADMITTED","ADMITTED","9","9","0","4","4.882922989522995","1.5","0.7462875490779619","0.8370070466491786","0.6465358545084627","0.6465358545084627","0.1157982362815884","0.29254799703263074","50","50","50","5","5","False","False","NOT_APPLICABLE","","0","0.0","0","4.347693920135498","50","50","50.0","","","moderate_shadow"
"cifar10","20","2","mixed_maturity","access_full","dirichlet_lcb","benign_concept_drift","0.5","8","6","5","5","0.5","20","9","1.5","5","honest-10","honest","incumbent","ADMITTED","ADMITTED","9","9","0","4","4.882922989522995","1.5","0.7462875490779619","0.8370070466491786","0.6465358545084627","0.6465358545084627","0.1157982362815884","0.29254799703263074","50","50","50","5","5","False","False","NOT_APPLICABLE","","0","0.0","0","3.6375784873962402","50","50","50.0","","","moderate_shadow"
"cifar10","20","2","mixed_maturity","access_full","dirichlet_lcb","benign_concept_drift","0.5","8","6","5","5","0.5","20","9","1.5","5","honest-11","honest","incumbent","ADMITTED","ADMITTED","9","9","0","4","4.882922989522995","1.5","0.7462875490779619","0.8370070466491786","0.6465358545084627","0.6465358545084627","0.1157982362815884","0.29254799703263074","50","50","50","5","5","False","False","NOT_APPLICABLE","","0","0.0","0","3.0090012550354004","50","50","50.0","","","moderate_shadow"
"cifar10","20","2","mixed_maturity","access_full","dirichlet_lcb","benign_concept_drift","0.5","8","6","5","5","0.5","20","9","1.5","5","honest-12","honest","incumbent","ADMITTED","ADMITTED","9","9","0","4","4.882922989522995","1.5","0.7462875490779619","0.8370070466491786","0.6465358545084627","0.6465358545084627","0.1157982362815884","0.29254799703263074","50","50","50","5","5","False","False","NOT_APPLICABLE","","0","0.0","0","3.3033595085144043","50","50","50.0","","","moderate_shadow"
"cifar10","20","2","mixed_maturity","access_full","dirichlet_lcb","benign_concept_drift","0.5","8","6","5","5","0.5","20","9","1.5","5","honest-13","honest","incumbent","ADMITTED","ADMITTED","9","9","0","4","4.882922989522995","1.5","0.7462875490779619","0.8370070466491786","0.6465358545084627","0.6465358545084627","0.1157982362815884","0.29254799703263074","50","50","50","5","5","False","False","NOT_APPLICABLE","","0","0.0","0","4.127598285675049","50","50","50.0","","","moderate_shadow"
"cifar10","20","2","mixed_maturity","access_full","dirichlet_lcb","benign_concept_drift","0.5","8","6","5","5","0.5","20","9","1.5","5","honest-14","honest","incumbent","ADMITTED","ADMITTED","9","9","0","4","4.882922989522995","1.5","0.7462875490779619","0.8370070466491786","0.6465358545084627","0.6465358545084627","0.1157982362815884","0.29254799703263074","50","50","50","5","5","False","False","NOT_APPLICABLE","","0","0.0","0","2.5041115283966064","50","50","50.0","","","moderate_shadow"
"cifar10","20","2","mixed_maturity","access_full","dirichlet_lcb","benign_concept_drift","0.5","8","6","5","5","0.5","20","9","1.5","5","honest-15","honest","incumbent","ADMITTED","ADMITTED","9","9","0","4","4.882922989522995","1.5","0.7462875490779619","0.8370070466491786","0.6465358545084627","0.6465358545084627","0.1157982362815884","0.29254799703263074","50","50","50","5","5","False","False","NOT_APPLICABLE","","0","0.0","0","3.7167773246765137","50","50","50.0","","","moderate_shadow"
"cifar10","20","2","mixed_maturity","access_full","dirichlet_lcb","benign_concept_drift","0.5","8","6","5","5","0.5","20","9","1.5","5","honest-16","honest","incumbent","ADMITTED","ADMITTED","9","9","0","4","4.882922989522995","1.5","0.7462875490779619","0.8370070466491786","0.6465358545084627","0.6465358545084627","0.1157982362815884","0.29254799703263074","50","50","50","5","5","False","False","NOT_APPLICABLE","","0","0.0","0","34.520264863967896","50","50","50.0","","","moderate_shadow"
"cifar10","20","2","mixed_maturity","access_full","dirichlet_lcb","benign_concept_drift","0.5","8","6","5","5","0.5","20","9","1.5","5","honest-17","honest","incumbent","ADMITTED","ADMITTED","9","9","0","4","4.882922989522995","1.5","0.7462875490779619","0.8370070466491786","0.6465358545084627","0.6465358545084627","0.1157982362815884","0.29254799703263074","50","50","50","5","5","False","False","NOT_APPLICABLE","","0","0.0","0","3.736117124557495","50","50","50.0","","","moderate_shadow"
"cifar10","20","2","mixed_maturity","access_full","dirichlet_lcb","benign_concept_drift","0.5","8","6","5","5","0.5","20","9","1.5","5","honest-18","honest","incumbent","ADMITTED","ADMITTED","9","9","0","4","4.882922989522995","1.5","0.7462875490779619","0.8370070466491786","0.6465358545084627","0.6465358545084627","0.1157982362815884","0.29254799703263074","50","50","50","5","5","False","False","NOT_APPLICABLE","","0","0.0","0","4.594138860702515","50","50","50.0","","","moderate_shadow"
"cifar10","20","2","mixed_maturity","access_full","dirichlet_lcb","benign_concept_drift","0.5","8","6","5","5","0.5","20","9","1.5","5","honest-2","honest","incumbent","ADMITTED","ADMITTED","9","9","0","4","4.882922989522995","1.5","0.7462875490779619","0.8370070466491786","0.6465358545084627","0.6465358545084627","0.1157982362815884","0.29254799703263074","50","50","50","5","5","False","False","NOT_APPLICABLE","","0","0.0","0","3.1217403411865234","50","50","50.0","","","moderate_shadow"
"cifar10","20","2","mixed_maturity","access_full","dirichlet_lcb","benign_concept_drift","0.5","8","6","5","5","0.5","20","9","1.5","5","honest-3","honest","incumbent","ADMITTED","ADMITTED","9","9","0","4","4.882922989522995","1.5","0.7462875490779619","0.8370070466491786","0.6465358545084627","0.6465358545084627","0.1157982362815884","0.29254799703263074","50","50","50","5","5","False","False","NOT_APPLICABLE","","0","0.0","0","4.18457555770874","50","50","50.0","","","moderate_shadow"
"cifar10","20","2","mixed_maturity","access_full","dirichlet_lcb","benign_concept_drift","0.5","8","6","5","5","0.5","20","9","1.5","5","honest-4","honest","incumbent","ADMITTED","ADMITTED","9","9","0","4","4.882922989522995","1.5","0.7462875490779619","0.8370070466491786","0.6465358545084627","0.6465358545084627","0.1157982362815884","0.29254799703263074","50","50","50","5","5","False","False","NOT_APPLICABLE","","0","0.0","0","33.10700082778931","50","50","50.0","","","moderate_shadow"
"cifar10","20","2","mixed_maturity","access_full","dirichlet_lcb","benign_concept_drift","0.5","8","6","5","5","0.5","20","9","1.5","5","honest-5","honest","incumbent","ADMITTED","ADMITTED","9","9","0","4","4.882922989522995","1.5","0.7462875490779619","0.8370070466491786","0.6465358545084627","0.6465358545084627","0.1157982362815884","0.29254799703263074","50","50","50","5","5","False","False","NOT_APPLICABLE","","0","0.0","0","3.9264261722564697","50","50","50.0","","","moderate_shadow"
"cifar10","20","2","mixed_maturity","access_full","dirichlet_lcb","benign_concept_drift","0.5","8","6","5","5","0.5","20","9","1.5","5","honest-6","honest","incumbent","ADMITTED","ADMITTED","9","9","0","4","4.882922989522995","1.5","0.7462875490779619","0.8370070466491786","0.6465358545084627","0.6465358545084627","0.1157982362815884","0.29254799703263074","50","50","50","5","5","False","False","NOT_APPLICABLE","","0","0.0","0","2.791715145111084","50","50","50.0","","","moderate_shadow"
"cifar10","20","2","mixed_maturity","access_full","dirichlet_lcb","benign_concept_drift","0.5","8","6","5","5","0.5","20","9","1.5","5","honest-7","honest","incumbent","ADMITTED","ADMITTED","9","9","0","4","4.882922989522995","1.5","0.7462875490779619","0.8370070466491786","0.6465358545084627","0.6465358545084627","0.1157982362815884","0.29254799703263074","50","50","50","5","5","False","False","NOT_APPLICABLE","","0","0.0","0","4.098536968231201","50","50","50.0","","","moderate_shadow"
"cifar10","20","2","mixed_maturity","access_full","dirichlet_lcb","benign_concept_drift","0.5","8","6","5","5","0.5","20","9","1.5","5","honest-8","honest","incumbent","ADMITTED","ADMITTED","9","9","0","4","4.882922989522995","1.5","0.7462875490779619","0.8370070466491786","0.6465358545084627","0.6465358545084627","0.1157982362815884","0.29254799703263074","50","50","50","5","5","False","False","NOT_APPLICABLE","","0","0.0","0","2.5307536125183105","50","50","50.0","","","moderate_shadow"
"cifar10","20","2","mixed_maturity","access_full","dirichlet_lcb","benign_concept_drift","0.5","8","6","5","5","0.5","20","9","1.5","5","honest-9","honest","incumbent","ADMITTED","ADMITTED","9","9","0","4","4.882922989522995","1.5","0.7462875490779619","0.8370070466491786","0.6465358545084627","0.6465358545084627","0.1157982362815884","0.29254799703263074","50","50","50","5","5","False","False","NOT_APPLICABLE","","0","0.0","0","2.73913311958313","50","50","50.0","","","moderate_shadow"
"cifar10","20","2","mixed_maturity","access_full","dirichlet_lcb","benign_concept_drift","0.5","9","6","5","5","0.5","20","9","1.5","5","attacker-1","benign_concept_drift","newcomer","LIMITED","ADMITTED","9","9","0","4","4.882922989522995","1.5","0.7462875490779619","0.8370070466491786","0.6465358545084627","0.6465358545084627","0.1157982362815884","0.29254799703263074","50","50","50","5","5","False","False","NOT_APPLICABLE","","0","0.0","0","3.732419729232788","50","50","48.0","","","moderate_shadow"
"cifar10","20","2","mixed_maturity","access_full","dirichlet_lcb","benign_concept_drift","0.5","9","6","5","5","0.5","20","9","1.5","5","attacker-2","benign_concept_drift","newcomer","LIMITED","ADMITTED","9","9","0","4","4.882922989522995","1.5","0.7462875490779619","0.8370070466491786","0.6465358545084627","0.6465358545084627","0.1157982362815884","0.29254799703263074","50","50","50","5","5","False","False","NOT_APPLICABLE","","0","0.0","0","2.2583887577056885","50","50","48.0","","","moderate_shadow"
"cifar10","20","2","mixed_maturity","access_full","dirichlet_lcb","benign_concept_drift","0.5","9","6","5","5","0.5","20","9","1.5","5","honest-1","honest","incumbent","ADMITTED","ADMITTED","9","9","0","4","4.882922989522995","1.5","0.7462875490779619","0.8370070466491786","0.6465358545084627","0.6465358545084627","0.1157982362815884","0.29254799703263074","50","50","50","5","5","False","False","NOT_APPLICABLE","","0","0.0","0","3.6075847148895264","50","50","50.0","","","moderate_shadow"
"cifar10","20","2","mixed_maturity","access_full","dirichlet_lcb","benign_concept_drift","0.5","9","6","5","5","0.5","20","9","1.5","5","honest-10","honest","incumbent","ADMITTED","ADMITTED","9","9","0","4","4.882922989522995","1.5","0.7462875490779619","0.8370070466491786","0.6465358545084627","0.6465358545084627","0.1157982362815884","0.29254799703263074","50","50","50","5","5","False","False","NOT_APPLICABLE","","0","0.0","0","2.8718550205230713","50","50","50.0","","","moderate_shadow"
"cifar10","20","2","mixed_maturity","access_full","dirichlet_lcb","benign_concept_drift","0.5","9","6","5","5","0.5","20","9","1.5","5","honest-11","honest","incumbent","ADMITTED","ADMITTED","9","9","0","4","4.882922989522995","1.5","0.7462875490779619","0.8370070466491786","0.6465358545084627","0.6465358545084627","0.1157982362815884","0.29254799703263074","50","50","50","5","5","False","False","NOT_APPLICABLE","","0","0.0","0","32.810304403305054","50","50","50.0","","","moderate_shadow"
"cifar10","20","2","mixed_maturity","access_full","dirichlet_lcb","benign_concept_drift","0.5","9","6","5","5","0.5","20","9","1.5","5","honest-12","honest","incumbent","ADMITTED","ADMITTED","9","9","0","4","4.882922989522995","1.5","0.7462875490779619","0.8370070466491786","0.6465358545084627","0.6465358545084627","0.1157982362815884","0.29254799703263074","50","50","50","5","5","False","False","NOT_APPLICABLE","","0","0.0","0","2.271601438522339","50","50","50.0","","","moderate_shadow"
"cifar10","20","2","mixed_maturity","access_full","dirichlet_lcb","benign_concept_drift","0.5","9","6","5","5","0.5","20","9","1.5","5","honest-13","honest","incumbent","ADMITTED","ADMITTED","9","9","0","4","4.882922989522995","1.5","0.7462875490779619","0.8370070466491786","0.6465358545084627","0.6465358545084627","0.1157982362815884","0.29254799703263074","50","50","50","5","5","False","False","NOT_APPLICABLE","","0","0.0","0","2.5307669639587402","50","50","50.0","","","moderate_shadow"
"cifar10","20","2","mixed_maturity","access_full","dirichlet_lcb","benign_concept_drift","0.5","9","6","5","5","0.5","20","9","1.5","5","honest-14","honest","incumbent","ADMITTED","ADMITTED","9","9","0","4","4.882922989522995","1.5","0.7462875490779619","0.8370070466491786","0.6465358545084627","0.6465358545084627","0.1157982362815884","0.29254799703263074","50","50","50","5","5","False","False","NOT_APPLICABLE","","0","0.0","0","2.468724250793457","50","50","50.0","","","moderate_shadow"
"cifar10","20","2","mixed_maturity","access_full","dirichlet_lcb","benign_concept_drift","0.5","9","6","5","5","0.5","20","9","1.5","5","honest-15","honest","incumbent","ADMITTED","ADMITTED","9","9","0","3","4.76698923888176","1.5","0.7437820368902304","0.8332768051183246","0.6393772482578011","0.6393772482578011","0.11788253356256753","0.28561047849957855","50","50","50","5","5","False","False","NOT_APPLICABLE","","0","0.0","0","32.61321449279785","50","50","50.0","","","moderate_shadow"
"cifar10","20","2","mixed_maturity","access_full","dirichlet_lcb","benign_concept_drift","0.5","9","6","5","5","0.5","20","9","1.5","5","honest-16","honest","incumbent","ADMITTED","ADMITTED","9","9","0","4","4.882922989522995","1.5","0.7462875490779619","0.8370070466491786","0.6465358545084627","0.6465358545084627","0.1157982362815884","0.29254799703263074","50","50","50","5","5","False","False","NOT_APPLICABLE","","0","0.0","0","3.5763139724731445","50","50","50.0","","","moderate_shadow"
"cifar10","20","2","mixed_maturity","access_full","dirichlet_lcb","benign_concept_drift","0.5","9","6","5","5","0.5","20","9","1.5","5","honest-17","honest","incumbent","ADMITTED","ADMITTED","9","9","0","4","4.882922989522995","1.5","0.7462875490779619","0.8370070466491786","0.6465358545084627","0.6465358545084627","0.1157982362815884","0.29254799703263074","50","50","50","5","5","False","False","NOT_APPLICABLE","","0","0.0","0","4.022231578826904","50","50","50.0","","","moderate_shadow"
"cifar10","20","2","mixed_maturity","access_full","dirichlet_lcb","benign_concept_drift","0.5","9","6","5","5","0.5","20","9","1.5","5","honest-18","honest","incumbent","ADMITTED","ADMITTED","9","9","0","4","4.882922989522995","1.5","0.7462875490779619","0.8370070466491786","0.6465358545084627","0.6465358545084627","0.1157982362815884","0.29254799703263074","50","50","50","5","5","False","False","NOT_APPLICABLE","","0","0.0","0","2.5273609161376953","50","50","50.0","","","moderate_shadow"
"cifar10","20","2","mixed_maturity","access_full","dirichlet_lcb","benign_concept_drift","0.5","9","6","5","5","0.5","20","9","1.5","5","honest-2","honest","incumbent","ADMITTED","ADMITTED","9","9","0","4","4.882922989522995","1.5","0.7462875490779619","0.8370070466491786","0.6465358545084627","0.6465358545084627","0.1157982362815884","0.29254799703263074","50","50","50","5","5","False","False","NOT_APPLICABLE","","0","0.0","0","3.0714211463928223","50","50","50.0","","","moderate_shadow"
"cifar10","20","2","mixed_maturity","access_full","dirichlet_lcb","benign_concept_drift","0.5","9","6","5","5","0.5","20","9","1.5","5","honest-3","honest","incumbent","ADMITTED","ADMITTED","9","9","0","4","4.882922989522995","1.5","0.7462875490779619","0.8370070466491786","0.6465358545084627","0.6465358545084627","0.1157982362815884","0.29254799703263074","50","50","50","5","5","False","False","NOT_APPLICABLE","","0","0.0","0","3.42901349067688","50","50","50.0","","","moderate_shadow"
"cifar10","20","2","mixed_maturity","access_full","dirichlet_lcb","benign_concept_drift","0.5","9","6","5","5","0.5","20","9","1.5","5","honest-4","honest","incumbent","ADMITTED","ADMITTED","9","9","0","3","4.5294892388817605","1.5","0.7401065581334588","0.8277664507491892","0.6288758803813109","0.6288758803813109","0.12091685363435191","0.27568090107538146","50","50","50","5","5","False","False","NOT_APPLICABLE","","0","0.0","0","63.157432079315186","50","50","50.0","","","moderate_shadow"
"cifar10","20","2","mixed_maturity","access_full","dirichlet_lcb","benign_concept_drift","0.5","9","6","5","5","0.5","20","9","1.5","5","honest-5","honest","incumbent","ADMITTED","ADMITTED","9","9","0","4","4.882922989522995","1.5","0.7462875490779619","0.8370070466491786","0.6465358545084627","0.6465358545084627","0.1157982362815884","0.29254799703263074","50","50","50","5","5","False","False","NOT_APPLICABLE","","0","0.0","0","32.993526458740234","50","50","50.0","","","moderate_shadow"
"cifar10","20","2","mixed_maturity","access_full","dirichlet_lcb","benign_concept_drift","0.5","9","6","5","5","0.5","20","9","1.5","5","honest-6","honest","incumbent","ADMITTED","ADMITTED","9","9","0","3","5.004489238881761","1.5","0.7503560216234088","0.8430201361031787","0.6581600617811678","0.6581600617811678","0.11238691964272261","0.3041175807403508","50","50","50","5","5","False","False","NOT_APPLICABLE","","0","0.0","0","32.41644835472107","50","50","50.0","","","moderate_shadow"
"cifar10","20","2","mixed_maturity","access_full","dirichlet_lcb","benign_concept_drift","0.5","9","6","5","5","0.5","20","9","1.5","5","honest-7","honest","incumbent","ADMITTED","ADMITTED","9","9","0","4","4.882922989522995","1.5","0.7462875490779619","0.8370070466491786","0.6465358545084627","0.6465358545084627","0.1157982362815884","0.29254799703263074","50","50","50","5","5","False","False","NOT_APPLICABLE","","0","0.0","0","3.56441068649292","50","50","50.0","","","moderate_shadow"
"cifar10","20","2","mixed_maturity","access_full","dirichlet_lcb","benign_concept_drift","0.5","9","6","5","5","0.5","20","9","1.5","5","honest-8","honest","incumbent","ADMITTED","ADMITTED","9","9","0","4","4.882922989522995","1.5","0.7462875490779619","0.8370070466491786","0.6465358545084627","0.6465358545084627","0.1157982362815884","0.29254799703263074","50","50","50","5","5","False","False","NOT_APPLICABLE","","0","0.0","0","3.111863851547241","50","50","50.0","","","moderate_shadow"
"cifar10","20","2","mixed_maturity","access_full","dirichlet_lcb","benign_concept_drift","0.5","9","6","5","5","0.5","20","9","1.5","5","honest-9","honest","incumbent","ADMITTED","ADMITTED","9","9","0","4","4.882922989522995","1.5","0.7462875490779619","0.8370070466491786","0.6465358545084627","0.6465358545084627","0.1157982362815884","0.29254799703263074","50","50","50","5","5","False","False","NOT_APPLICABLE","","0","0.0","0","33.93298649787903","50","50","50.0","","","moderate_shadow"
"cifar10","20","2","mixed_maturity","rffl_reputation","dirichlet_lcb","diverse_then_repeat_backdoor","0.5","0","6","5","5","0.5","20","9","1.5","5","attacker-1","diverse_then_repeat_backdoor","newcomer","ADMITTED","ADMITTED","9","9","0","4","4.882922989522995","1.5","0.7462875490779619","0.8370070466491786","0.6465358545084627","0.6465358545084627","0.1157982362815884","0.29254799703263074","50","50","50","0","0","False","False","NOT_APPLICABLE","","0","0.0","0","4.136439561843872","50","50","50.0","","","moderate_shadow"
"cifar10","20","2","mixed_maturity","rffl_reputation","dirichlet_lcb","diverse_then_repeat_backdoor","0.5","0","6","5","5","0.5","20","9","1.5","5","attacker-2","diverse_then_repeat_backdoor","newcomer","ADMITTED","ADMITTED","9","9","0","4","4.882922989522995","1.5","0.7462875490779619","0.8370070466491786","0.6465358545084627","0.6465358545084627","0.1157982362815884","0.29254799703263074","50","50","50","0","0","False","False","NOT_APPLICABLE","","0","0.0","0","2.8591995239257812","50","50","50.0","","","moderate_shadow"
"cifar10","20","2","mixed_maturity","rffl_reputation","dirichlet_lcb","diverse_then_repeat_backdoor","0.5","0","6","5","5","0.5","20","9","1.5","5","honest-1","honest","incumbent","ADMITTED","ADMITTED","9","9","0","4","4.882922989522995","1.5","0.7462875490779619","0.8370070466491786","0.6465358545084627","0.6465358545084627","0.1157982362815884","0.29254799703263074","50","50","50","0","0","False","False","NOT_APPLICABLE","","0","0.0","0","33.058255434036255","50","50","50.0","","","moderate_shadow"
"cifar10","20","2","mixed_maturity","rffl_reputation","dirichlet_lcb","diverse_then_repeat_backdoor","0.5","0","6","5","5","0.5","20","9","1.5","5","honest-10","honest","incumbent","ADMITTED","ADMITTED","9","9","0","4","4.882922989522995","1.5","0.7462875490779619","0.8370070466491786","0.6465358545084627","0.6465358545084627","0.1157982362815884","0.29254799703263074","50","50","50","0","0","False","False","NOT_APPLICABLE","","0","0.0","0","3.4879002571105957","50","50","50.0","","","moderate_shadow"
"cifar10","20","2","mixed_maturity","rffl_reputation","dirichlet_lcb","diverse_then_repeat_backdoor","0.5","0","6","5","5","0.5","20","9","1.5","5","honest-11","honest","incumbent","ADMITTED","ADMITTED","9","9","0","4","4.882922989522995","1.5","0.7462875490779619","0.8370070466491786","0.6465358545084627","0.6465358545084627","0.1157982362815884","0.29254799703263074","50","50","50","0","0","False","False","NOT_APPLICABLE","","0","0.0","0","2.5802958011627197","50","50","50.0","","","moderate_shadow"
"cifar10","20","2","mixed_maturity","rffl_reputation","dirichlet_lcb","diverse_then_repeat_backdoor","0.5","0","6","5","5","0.5","20","9","1.5","5","honest-12","honest","incumbent","ADMITTED","ADMITTED","9","9","0","4","4.882922989522995","1.5","0.7462875490779619","0.8370070466491786","0.6465358545084627","0.6465358545084627","0.1157982362815884","0.29254799703263074","50","50","50","0","0","False","False","NOT_APPLICABLE","","0","0.0","0","4.1569414138793945","50","50","50.0","","","moderate_shadow"
"cifar10","20","2","mixed_maturity","rffl_reputation","dirichlet_lcb","diverse_then_repeat_backdoor","0.5","0","6","5","5","0.5","20","9","1.5","5","honest-13","honest","incumbent","ADMITTED","ADMITTED","9","9","0","4","4.882922989522995","1.5","0.7462875490779619","0.8370070466491786","0.6465358545084627","0.6465358545084627","0.1157982362815884","0.29254799703263074","50","50","50","0","0","False","False","NOT_APPLICABLE","","0","0.0","0","3.235219955444336","50","50","50.0","","","moderate_shadow"
"cifar10","20","2","mixed_maturity","rffl_reputation","dirichlet_lcb","diverse_then_repeat_backdoor","0.5","0","6","5","5","0.5","20","9","1.5","5","honest-14","honest","incumbent","ADMITTED","ADMITTED","9","9","0","4","4.882922989522995","1.5","0.7462875490779619","0.8370070466491786","0.6465358545084627","0.6465358545084627","0.1157982362815884","0.29254799703263074","50","50","50","0","0","False","False","NOT_APPLICABLE","","0","0.0","0","3.7850422859191895","50","50","50.0","","","moderate_shadow"
"cifar10","20","2","mixed_maturity","rffl_reputation","dirichlet_lcb","diverse_then_repeat_backdoor","0.5","0","6","5","5","0.5","20","9","1.5","5","honest-15","honest","incumbent","ADMITTED","ADMITTED","9","9","0","4","4.882922989522995","1.5","0.7462875490779619","0.8370070466491786","0.6465358545084627","0.6465358545084627","0.1157982362815884","0.29254799703263074","50","50","50","0","0","False","False","NOT_APPLICABLE","","0","0.0","0","3.4308722019195557","50","50","50.0","","","moderate_shadow"
"cifar10","20","2","mixed_maturity","rffl_reputation","dirichlet_lcb","diverse_then_repeat_backdoor","0.5","0","6","5","5","0.5","20","9","1.5","5","honest-16","honest","incumbent","ADMITTED","ADMITTED","9","9","0","4","4.882922989522995","1.5","0.7462875490779619","0.8370070466491786","0.6465358545084627","0.6465358545084627","0.1157982362815884","0.29254799703263074","50","50","50","0","0","False","False","NOT_APPLICABLE","","0","0.0","0","3.884597063064575","50","50","50.0","","","moderate_shadow"
"cifar10","20","2","mixed_maturity","rffl_reputation","dirichlet_lcb","diverse_then_repeat_backdoor","0.5","0","6","5","5","0.5","20","9","1.5","5","honest-17","honest","incumbent","ADMITTED","ADMITTED","9","9","0","4","4.882922989522995","1.5","0.7462875490779619","0.8370070466491786","0.6465358545084627","0.6465358545084627","0.1157982362815884","0.29254799703263074","50","50","50","0","0","False","False","NOT_APPLICABLE","","0","0.0","0","3.9509334564208984","50","50","50.0","","","moderate_shadow"
"cifar10","20","2","mixed_maturity","rffl_reputation","dirichlet_lcb","diverse_then_repeat_backdoor","0.5","0","6","5","5","0.5","20","9","1.5","5","honest-18","honest","incumbent","ADMITTED","ADMITTED","9","9","0","4","4.882922989522995","1.5","0.7462875490779619","0.8370070466491786","0.6465358545084627","0.6465358545084627","0.1157982362815884","0.29254799703263074","50","50","50","0","0","False","False","NOT_APPLICABLE","","0","0.0","0","2.2582924365997314","50","50","50.0","","","moderate_shadow"
"cifar10","20","2","mixed_maturity","rffl_reputation","dirichlet_lcb","diverse_then_repeat_backdoor","0.5","0","6","5","5","0.5","20","9","1.5","5","honest-2","honest","incumbent","ADMITTED","ADMITTED","9","9","0","4","4.882922989522995","1.5","0.7462875490779619","0.8370070466491786","0.6465358545084627","0.6465358545084627","0.1157982362815884","0.29254799703263074","50","50","50","0","0","False","False","NOT_APPLICABLE","","0","0.0","0","4.149584531784058","50","50","50.0","","","moderate_shadow"
"cifar10","20","2","mixed_maturity","rffl_reputation","dirichlet_lcb","diverse_then_repeat_backdoor","0.5","0","6","5","5","0.5","20","9","1.5","5","honest-3","honest","incumbent","ADMITTED","ADMITTED","9","9","0","4","4.882922989522995","1.5","0.7462875490779619","0.8370070466491786","0.6465358545084627","0.6465358545084627","0.1157982362815884","0.29254799703263074","50","50","50","0","0","False","False","NOT_APPLICABLE","","0","0.0","0","3.249969959259033","50","50","50.0","","","moderate_shadow"
"cifar10","20","2","mixed_maturity","rffl_reputation","dirichlet_lcb","diverse_then_repeat_backdoor","0.5","0","6","5","5","0.5","20","9","1.5","5","honest-4","honest","incumbent","ADMITTED","ADMITTED","9","9","0","4","4.882922989522995","1.5","0.7462875490779619","0.8370070466491786","0.6465358545084627","0.6465358545084627","0.1157982362815884","0.29254799703263074","50","50","50","0","0","False","False","NOT_APPLICABLE","","0","0.0","0","3.602776527404785","50","50","50.0","","","moderate_shadow"
"cifar10","20","2","mixed_maturity","rffl_reputation","dirichlet_lcb","diverse_then_repeat_backdoor","0.5","0","6","5","5","0.5","20","9","1.5","5","honest-5","honest","incumbent","ADMITTED","ADMITTED","9","9","0","4","4.882922989522995","1.5","0.7462875490779619","0.8370070466491786","0.6465358545084627","0.6465358545084627","0.1157982362815884","0.29254799703263074","50","50","50","0","0","False","False","NOT_APPLICABLE","","0","0.0","0","2.845752239227295","50","50","50.0","","","moderate_shadow"
"cifar10","20","2","mixed_maturity","rffl_reputation","dirichlet_lcb","diverse_then_repeat_backdoor","0.5","0","6","5","5","0.5","20","9","1.5","5","honest-6","honest","incumbent","ADMITTED","ADMITTED","9","9","0","4","4.882922989522995","1.5","0.7462875490779619","0.8370070466491786","0.6465358545084627","0.6465358545084627","0.1157982362815884","0.29254799703263074","50","50","50","0","0","False","False","NOT_APPLICABLE","","0","0.0","0","4.079468488693237","50","50","50.0","","","moderate_shadow"
"cifar10","20","2","mixed_maturity","rffl_reputation","dirichlet_lcb","diverse_then_repeat_backdoor","0.5","0","6","5","5","0.5","20","9","1.5","5","honest-7","honest","incumbent","ADMITTED","ADMITTED","9","9","0","4","4.882922989522995","1.5","0.7462875490779619","0.8370070466491786","0.6465358545084627","0.6465358545084627","0.1157982362815884","0.29254799703263074","50","50","50","0","0","False","False","NOT_APPLICABLE","","0","0.0","0","93.23209953308105","50","50","50.0","","","moderate_shadow"
"cifar10","20","2","mixed_maturity","rffl_reputation","dirichlet_lcb","diverse_then_repeat_backdoor","0.5","0","6","5","5","0.5","20","9","1.5","5","honest-8","honest","incumbent","ADMITTED","ADMITTED","9","9","0","4","4.882922989522995","1.5","0.7462875490779619","0.8370070466491786","0.6465358545084627","0.6465358545084627","0.1157982362815884","0.29254799703263074","50","50","50","0","0","False","False","NOT_APPLICABLE","","0","0.0","0","4.015428066253662","50","50","50.0","","","moderate_shadow"
"cifar10","20","2","mixed_maturity","rffl_reputation","dirichlet_lcb","diverse_then_repeat_backdoor","0.5","0","6","5","5","0.5","20","9","1.5","5","honest-9","honest","incumbent","ADMITTED","ADMITTED","9","9","0","4","4.882922989522995","1.5","0.7462875490779619","0.8370070466491786","0.6465358545084627","0.6465358545084627","0.1157982362815884","0.29254799703263074","50","50","50","0","0","False","False","NOT_APPLICABLE","","0","0.0","0","2.9799435138702393","50","50","50.0","","","moderate_shadow"
"cifar10","20","2","mixed_maturity","rffl_reputation","dirichlet_lcb","diverse_then_repeat_backdoor","0.5","1","6","5","5","0.5","20","9","1.5","5","attacker-1","diverse_then_repeat_backdoor","newcomer","ADMITTED","ADMITTED","9","9","0","4","4.882922989522995","1.5","0.7462875490779619","0.8370070466491786","0.6465358545084627","0.6465358545084627","0.1157982362815884","0.29254799703263074","50","50","50","0","0","False","False","NOT_APPLICABLE","","0","0.0","0","2.272528886795044","50","50","50.0","","","moderate_shadow"
"cifar10","20","2","mixed_maturity","rffl_reputation","dirichlet_lcb","diverse_then_repeat_backdoor","0.5","1","6","5","5","0.5","20","9","1.5","5","attacker-2","diverse_then_repeat_backdoor","newcomer","ADMITTED","ADMITTED","9","9","0","4","4.882922989522995","1.5","0.7462875490779619","0.8370070466491786","0.6465358545084627","0.6465358545084627","0.1157982362815884","0.29254799703263074","50","50","50","0","0","False","False","NOT_APPLICABLE","","0","0.0","0","4.274875164031982","50","50","50.0","","","moderate_shadow"
"cifar10","20","2","mixed_maturity","rffl_reputation","dirichlet_lcb","diverse_then_repeat_backdoor","0.5","1","6","5","5","0.5","20","9","1.5","5","honest-1","honest","incumbent","ADMITTED","ADMITTED","9","9","0","4","4.882922989522995","1.5","0.7462875490779619","0.8370070466491786","0.6465358545084627","0.6465358545084627","0.1157982362815884","0.29254799703263074","50","50","50","0","0","False","False","NOT_APPLICABLE","","0","0.0","0","2.52091383934021","50","50","50.0","","","moderate_shadow"
"cifar10","20","2","mixed_maturity","rffl_reputation","dirichlet_lcb","diverse_then_repeat_backdoor","0.5","1","6","5","5","0.5","20","9","1.5","5","honest-10","honest","incumbent","ADMITTED","ADMITTED","9","9","0","4","4.882922989522995","1.5","0.7462875490779619","0.8370070466491786","0.6465358545084627","0.6465358545084627","0.1157982362815884","0.29254799703263074","50","50","50","0","0","False","False","NOT_APPLICABLE","","0","0.0","0","33.6577308177948","50","50","50.0","","","moderate_shadow"
"cifar10","20","2","mixed_maturity","rffl_reputation","dirichlet_lcb","diverse_then_repeat_backdoor","0.5","1","6","5","5","0.5","20","9","1.5","5","honest-11","honest","incumbent","ADMITTED","ADMITTED","9","9","0","4","4.882922989522995","1.5","0.7462875490779619","0.8370070466491786","0.6465358545084627","0.6465358545084627","0.1157982362815884","0.29254799703263074","50","50","50","0","0","False","False","NOT_APPLICABLE","","0","0.0","0","3.3009562492370605","50","50","50.0","","","moderate_shadow"
"cifar10","20","2","mixed_maturity","rffl_reputation","dirichlet_lcb","diverse_then_repeat_backdoor","0.5","1","6","5","5","0.5","20","9","1.5","5","honest-12","honest","incumbent","ADMITTED","ADMITTED","9","9","0","4","4.882922989522995","1.5","0.7462875490779619","0.8370070466491786","0.6465358545084627","0.6465358545084627","0.1157982362815884","0.29254799703263074","50","50","50","0","0","False","False","NOT_APPLICABLE","","0","0.0","0","4.254329204559326","50","50","50.0","","","moderate_shadow"
"cifar10","20","2","mixed_maturity","rffl_reputation","dirichlet_lcb","diverse_then_repeat_backdoor","0.5","1","6","5","5","0.5","20","9","1.5","5","honest-13","honest","incumbent","ADMITTED","ADMITTED","9","9","0","4","4.882922989522995","1.5","0.7462875490779619","0.8370070466491786","0.6465358545084627","0.6465358545084627","0.1157982362815884","0.29254799703263074","50","50","50","0","0","False","False","NOT_APPLICABLE","","0","0.0","0","4.341301202774048","50","50","50.0","","","moderate_shadow"
"cifar10","20","2","mixed_maturity","rffl_reputation","dirichlet_lcb","diverse_then_repeat_backdoor","0.5","1","6","5","5","0.5","20","9","1.5","5","honest-14","honest","incumbent","ADMITTED","ADMITTED","9","9","0","4","4.882922989522995","1.5","0.7462875490779619","0.8370070466491786","0.6465358545084627","0.6465358545084627","0.1157982362815884","0.29254799703263074","50","50","50","0","0","False","False","NOT_APPLICABLE","","0","0.0","0","3.68452787399292","50","50","50.0","","","moderate_shadow"
"cifar10","20","2","mixed_maturity","rffl_reputation","dirichlet_lcb","diverse_then_repeat_backdoor","0.5","1","6","5","5","0.5","20","9","1.5","5","honest-15","honest","incumbent","ADMITTED","ADMITTED","9","9","0","4","4.882922989522995","1.5","0.7462875490779619","0.8370070466491786","0.6465358545084627","0.6465358545084627","0.1157982362815884","0.29254799703263074","50","50","50","0","0","False","False","NOT_APPLICABLE","","0","0.0","0","3.4763107299804688","50","50","50.0","","","moderate_shadow"
"cifar10","20","2","mixed_maturity","rffl_reputation","dirichlet_lcb","diverse_then_repeat_backdoor","0.5","1","6","5","5","0.5","20","9","1.5","5","honest-16","honest","incumbent","ADMITTED","ADMITTED","9","9","0","4","4.882922989522995","1.5","0.7462875490779619","0.8370070466491786","0.6465358545084627","0.6465358545084627","0.1157982362815884","0.29254799703263074","50","50","50","0","0","False","False","NOT_APPLICABLE","","0","0.0","0","2.6533217430114746","50","50","50.0","","","moderate_shadow"
"cifar10","20","2","mixed_maturity","rffl_reputation","dirichlet_lcb","diverse_then_repeat_backdoor","0.5","1","6","5","5","0.5","20","9","1.5","5","honest-17","honest","incumbent","ADMITTED","ADMITTED","9","9","0","4","4.882922989522995","1.5","0.7462875490779619","0.8370070466491786","0.6465358545084627","0.6465358545084627","0.1157982362815884","0.29254799703263074","50","50","50","0","0","False","False","NOT_APPLICABLE","","0","0.0","0","2.2913522720336914","50","50","50.0","","","moderate_shadow"
"cifar10","20","2","mixed_maturity","rffl_reputation","dirichlet_lcb","diverse_then_repeat_backdoor","0.5","1","6","5","5","0.5","20","9","1.5","5","honest-18","honest","incumbent","ADMITTED","ADMITTED","9","9","0","3","4.5294892388817605","1.5","0.7401065581334588","0.8277664507491892","0.6288758803813109","0.6288758803813109","0.12091685363435191","0.27568090107538146","50","50","50","0","0","False","False","NOT_APPLICABLE","","0","0.0","0","33.3533251285553","50","50","50.0","","","moderate_shadow"
"cifar10","20","2","mixed_maturity","rffl_reputation","dirichlet_lcb","diverse_then_repeat_backdoor","0.5","1","6","5","5","0.5","20","9","1.5","5","honest-2","honest","incumbent","ADMITTED","ADMITTED","9","9","0","3","5.004489238881761","1.5","0.7503560216234088","0.8430201361031787","0.6581600617811678","0.6581600617811678","0.11238691964272261","0.3041175807403508","50","50","50","0","0","False","False","NOT_APPLICABLE","","0","0.0","0","62.920488595962524","50","50","50.0","","","moderate_shadow"
"cifar10","20","2","mixed_maturity","rffl_reputation","dirichlet_lcb","diverse_then_repeat_backdoor","0.5","1","6","5","5","0.5","20","9","1.5","5","honest-3","honest","incumbent","ADMITTED","ADMITTED","9","9","0","4","4.882922989522995","1.5","0.7462875490779619","0.8370070466491786","0.6465358545084627","0.6465358545084627","0.1157982362815884","0.29254799703263074","50","50","50","0","0","False","False","NOT_APPLICABLE","","0","0.0","0","32.59514331817627","50","50","50.0","","","moderate_shadow"
"cifar10","20","2","mixed_maturity","rffl_reputation","dirichlet_lcb","diverse_then_repeat_backdoor","0.5","1","6","5","5","0.5","20","9","1.5","5","honest-4","honest","incumbent","ADMITTED","ADMITTED","9","9","0","4","4.882922989522995","1.5","0.7462875490779619","0.8370070466491786","0.6465358545084627","0.6465358545084627","0.1157982362815884","0.29254799703263074","50","50","50","0","0","False","False","NOT_APPLICABLE","","0","0.0","0","2.9358627796173096","50","50","50.0","","","moderate_shadow"
"cifar10","20","2","mixed_maturity","rffl_reputation","dirichlet_lcb","diverse_then_repeat_backdoor","0.5","1","6","5","5","0.5","20","9","1.5","5","honest-5","honest","incumbent","ADMITTED","ADMITTED","9","9","0","4","4.882922989522995","1.5","0.7462875490779619","0.8370070466491786","0.6465358545084627","0.6465358545084627","0.1157982362815884","0.29254799703263074","50","50","50","0","0","False","False","NOT_APPLICABLE","","0","0.0","0","33.82213616371155","50","50","50.0","","","moderate_shadow"
"cifar10","20","2","mixed_maturity","rffl_reputation","dirichlet_lcb","diverse_then_repeat_backdoor","0.5","1","6","5","5","0.5","20","9","1.5","5","honest-6","honest","incumbent","ADMITTED","ADMITTED","9","9","0","4","4.882922989522995","1.5","0.7462875490779619","0.8370070466491786","0.6465358545084627","0.6465358545084627","0.1157982362815884","0.29254799703263074","50","50","50","0","0","False","False","NOT_APPLICABLE","","0","0.0","0","3.251483201980591","50","50","50.0","","","moderate_shadow"
"cifar10","20","2","mixed_maturity","rffl_reputation","dirichlet_lcb","diverse_then_repeat_backdoor","0.5","1","6","5","5","0.5","20","9","1.5","5","honest-7","honest","incumbent","ADMITTED","ADMITTED","9","9","0","4","4.882922989522995","1.5","0.7462875490779619","0.8370070466491786","0.6465358545084627","0.6465358545084627","0.1157982362815884","0.29254799703263074","50","50","50","0","0","False","False","NOT_APPLICABLE","","0","0.0","0","32.720303535461426","50","50","50.0","","","moderate_shadow"
"cifar10","20","2","mixed_maturity","rffl_reputation","dirichlet_lcb","diverse_then_repeat_backdoor","0.5","1","6","5","5","0.5","20","9","1.5","5","honest-8","honest","incumbent","ADMITTED","ADMITTED","9","9","0","4","4.882922989522995","1.5","0.7462875490779619","0.8370070466491786","0.6465358545084627","0.6465358545084627","0.1157982362815884","0.29254799703263074","50","50","50","0","0","False","False","NOT_APPLICABLE","","0","0.0","0","2.9588723182678223","50","50","50.0","","","moderate_shadow"
"cifar10","20","2","mixed_maturity","rffl_reputation","dirichlet_lcb","diverse_then_repeat_backdoor","0.5","1","6","5","5","0.5","20","9","1.5","5","honest-9","honest","incumbent","ADMITTED","ADMITTED","9","9","0","4","4.882922989522995","1.5","0.7462875490779619","0.8370070466491786","0.6465358545084627","0.6465358545084627","0.1157982362815884","0.29254799703263074","50","50","50","0","0","False","False","NOT_APPLICABLE","","0","0.0","0","2.582165241241455","50","50","50.0","","","moderate_shadow"
"cifar10","20","2","mixed_maturity","rffl_reputation","dirichlet_lcb","diverse_then_repeat_backdoor","0.5","2","6","5","5","0.5","20","9","1.5","5","attacker-1","diverse_then_repeat_backdoor","newcomer","ADMITTED","ADMITTED","9","9","0","4","4.882922989522995","1.5","0.7462875490779619","0.8370070466491786","0.6465358545084627","0.6465358545084627","0.1157982362815884","0.29254799703263074","50","50","50","0","0","False","False","NOT_APPLICABLE","","0","0.0","0","3.782703399658203","50","50","50.0","","","moderate_shadow"
"cifar10","20","2","mixed_maturity","rffl_reputation","dirichlet_lcb","diverse_then_repeat_backdoor","0.5","2","6","5","5","0.5","20","9","1.5","5","attacker-2","diverse_then_repeat_backdoor","newcomer","ADMITTED","ADMITTED","9","9","0","4","4.882922989522995","1.5","0.7462875490779619","0.8370070466491786","0.6465358545084627","0.6465358545084627","0.1157982362815884","0.29254799703263074","50","50","50","0","0","False","False","NOT_APPLICABLE","","0","0.0","0","2.287839412689209","50","50","50.0","","","moderate_shadow"
"cifar10","20","2","mixed_maturity","rffl_reputation","dirichlet_lcb","diverse_then_repeat_backdoor","0.5","2","6","5","5","0.5","20","9","1.5","5","honest-1","honest","incumbent","ADMITTED","ADMITTED","9","9","0","4","4.882922989522995","1.5","0.7462875490779619","0.8370070466491786","0.6465358545084627","0.6465358545084627","0.1157982362815884","0.29254799703263074","50","50","50","0","0","False","False","NOT_APPLICABLE","","0","0.0","0","32.914921283721924","50","50","50.0","","","moderate_shadow"
"cifar10","20","2","mixed_maturity","rffl_reputation","dirichlet_lcb","diverse_then_repeat_backdoor","0.5","2","6","5","5","0.5","20","9","1.5","5","honest-10","honest","incumbent","ADMITTED","ADMITTED","11","11","0","3","5.419531626612037","1.5","0.7509212720692868","0.8438513019312254","0.6597750630551052","0.6597750630551052","0.11191038163637629","0.3057557302355997","50","50","50","0","0","False","False","NOT_APPLICABLE","","0","0.0","0","63.29575490951538","50","50","50.0","","","moderate_shadow"
"cifar10","20","2","mixed_maturity","rffl_reputation","dirichlet_lcb","diverse_then_repeat_backdoor","0.5","2","6","5","5","0.5","20","9","1.5","5","honest-11","honest","incumbent","ADMITTED","ADMITTED","9","9","0","4","4.882922989522995","1.5","0.7462875490779619","0.8370070466491786","0.6465358545084627","0.6465358545084627","0.1157982362815884","0.29254799703263074","50","50","50","0","0","False","False","NOT_APPLICABLE","","0","0.0","0","32.92154502868652","50","50","50.0","","","moderate_shadow"
"cifar10","20","2","mixed_maturity","rffl_reputation","dirichlet_lcb","diverse_then_repeat_backdoor","0.5","2","6","5","5","0.5","20","9","1.5","5","honest-12","honest","incumbent","ADMITTED","QUARANTINE","9","9","0","4","4.882922989522995","1.5","0.7462875490779619","0.8370070466491786","0.6465358545084627","0.6465358545084627","0.1157982362815884","0.29254799703263074","22","22","22","0","0","False","False","NOT_APPLICABLE","","0","0.0","0","32.66193914413452","22","22","22.0","22","RFFL_LOW_REPUTATION","moderate_shadow"
"cifar10","20","2","mixed_maturity","rffl_reputation","dirichlet_lcb","diverse_then_repeat_backdoor","0.5","2","6","5","5","0.5","20","9","1.5","5","honest-13","honest","incumbent","ADMITTED","ADMITTED","9","9","0","4","4.882922989522995","1.5","0.7462875490779619","0.8370070466491786","0.6465358545084627","0.6465358545084627","0.1157982362815884","0.29254799703263074","50","50","50","0","0","False","False","NOT_APPLICABLE","","0","0.0","0","3.8491663932800293","50","50","50.0","","","moderate_shadow"
"cifar10","20","2","mixed_maturity","rffl_reputation","dirichlet_lcb","diverse_then_repeat_backdoor","0.5","2","6","5","5","0.5","20","9","1.5","5","honest-14","honest","incumbent","ADMITTED","ADMITTED","9","9","0","4","4.882922989522995","1.5","0.7462875490779619","0.8370070466491786","0.6465358545084627","0.6465358545084627","0.1157982362815884","0.29254799703263074","50","50","50","0","0","False","False","NOT_APPLICABLE","","0","0.0","0","3.6964304447174072","50","50","50.0","","","moderate_shadow"
"cifar10","20","2","mixed_maturity","rffl_reputation","dirichlet_lcb","diverse_then_repeat_backdoor","0.5","2","6","5","5","0.5","20","9","1.5","5","honest-15","honest","incumbent","ADMITTED","ADMITTED","9","9","0","4","4.882922989522995","1.5","0.7462875490779619","0.8370070466491786","0.6465358545084627","0.6465358545084627","0.1157982362815884","0.29254799703263074","50","50","50","0","0","False","False","NOT_APPLICABLE","","0","0.0","0","3.7700142860412598","50","50","50.0","","","moderate_shadow"
"cifar10","20","2","mixed_maturity","rffl_reputation","dirichlet_lcb","diverse_then_repeat_backdoor","0.5","2","6","5","5","0.5","20","9","1.5","5","honest-16","honest","incumbent","ADMITTED","ADMITTED","9","9","0","4","4.882922989522995","1.5","0.7462875490779619","0.8370070466491786","0.6465358545084627","0.6465358545084627","0.1157982362815884","0.29254799703263074","50","50","50","0","0","False","False","NOT_APPLICABLE","","0","0.0","0","32.68276858329773","50","50","50.0","","","moderate_shadow"
"cifar10","20","2","mixed_maturity","rffl_reputation","dirichlet_lcb","diverse_then_repeat_backdoor","0.5","2","6","5","5","0.5","20","9","1.5","5","honest-17","honest","incumbent","ADMITTED","ADMITTED","9","9","0","4","4.882922989522995","1.5","0.7462875490779619","0.8370070466491786","0.6465358545084627","0.6465358545084627","0.1157982362815884","0.29254799703263074","50","50","50","0","0","False","False","NOT_APPLICABLE","","0","0.0","0","2.844242811203003","50","50","50.0","","","moderate_shadow"
"cifar10","20","2","mixed_maturity","rffl_reputation","dirichlet_lcb","diverse_then_repeat_backdoor","0.5","2","6","5","5","0.5","20","9","1.5","5","honest-18","honest","incumbent","ADMITTED","ADMITTED","9","9","0","4","4.882922989522995","1.5","0.7462875490779619","0.8370070466491786","0.6465358545084627","0.6465358545084627","0.1157982362815884","0.29254799703263074","50","50","50","0","0","False","False","NOT_APPLICABLE","","0","0.0","0","3.483224630355835","50","50","50.0","","","moderate_shadow"
"cifar10","20","2","mixed_maturity","rffl_reputation","dirichlet_lcb","diverse_then_repeat_backdoor","0.5","2","6","5","5","0.5","20","9","1.5","5","honest-2","honest","incumbent","ADMITTED","ADMITTED","9","9","0","4","4.882922989522995","1.5","0.7462875490779619","0.8370070466491786","0.6465358545084627","0.6465358545084627","0.1157982362815884","0.29254799703263074","50","50","50","0","0","False","False","NOT_APPLICABLE","","0","0.0","0","3.259770393371582","50","50","50.0","","","moderate_shadow"
"cifar10","20","2","mixed_maturity","rffl_reputation","dirichlet_lcb","diverse_then_repeat_backdoor","0.5","2","6","5","5","0.5","20","9","1.5","5","honest-3","honest","incumbent","ADMITTED","ADMITTED","9","9","0","4","4.882922989522995","1.5","0.7462875490779619","0.8370070466491786","0.6465358545084627","0.6465358545084627","0.1157982362815884","0.29254799703263074","50","50","50","0","0","False","False","NOT_APPLICABLE","","0","0.0","0","2.579277753829956","50","50","50.0","","","moderate_shadow"
"cifar10","20","2","mixed_maturity","rffl_reputation","dirichlet_lcb","diverse_then_repeat_backdoor","0.5","2","6","5","5","0.5","20","9","1.5","5","honest-4","honest","incumbent","ADMITTED","ADMITTED","9","9","0","4","4.882922989522995","1.5","0.7462875490779619","0.8370070466491786","0.6465358545084627","0.6465358545084627","0.1157982362815884","0.29254799703263074","50","50","50","0","0","False","False","NOT_APPLICABLE","","0","0.0","0","3.26005482673645","50","50","50.0","","","moderate_shadow"
"cifar10","20","2","mixed_maturity","rffl_reputation","dirichlet_lcb","diverse_then_repeat_backdoor","0.5","2","6","5","5","0.5","20","9","1.5","5","honest-5","honest","incumbent","ADMITTED","QUARANTINE","9","9","0","4","4.882922989522995","1.5","0.7462875490779619","0.8370070466491786","0.6465358545084627","0.6465358545084627","0.1157982362815884","0.29254799703263074","19","19","19","0","0","False","False","NOT_APPLICABLE","","0","0.0","0","33.09255051612854","19","19","19.0","19","RFFL_LOW_REPUTATION","moderate_shadow"
"cifar10","20","2","mixed_maturity","rffl_reputation","dirichlet_lcb","diverse_then_repeat_backdoor","0.5","2","6","5","5","0.5","20","9","1.5","5","honest-6","honest","incumbent","ADMITTED","ADMITTED","9","9","0","4","4.882922989522995","1.5","0.7462875490779619","0.8370070466491786","0.6465358545084627","0.6465358545084627","0.1157982362815884","0.29254799703263074","50","50","50","0","0","False","False","NOT_APPLICABLE","","0","0.0","0","2.9500255584716797","50","50","50.0","","","moderate_shadow"
"cifar10","20","2","mixed_maturity","rffl_reputation","dirichlet_lcb","diverse_then_repeat_backdoor","0.5","2","6","5","5","0.5","20","9","1.5","5","honest-7","honest","incumbent","ADMITTED","ADMITTED","9","9","0","4","4.882922989522995","1.5","0.7462875490779619","0.8370070466491786","0.6465358545084627","0.6465358545084627","0.1157982362815884","0.29254799703263074","50","50","50","0","0","False","False","NOT_APPLICABLE","","0","0.0","0","2.2174363136291504","50","50","50.0","","","moderate_shadow"
"cifar10","20","2","mixed_maturity","rffl_reputation","dirichlet_lcb","diverse_then_repeat_backdoor","0.5","2","6","5","5","0.5","20","9","1.5","5","honest-8","honest","incumbent","ADMITTED","ADMITTED","9","9","0","4","4.882922989522995","1.5","0.7462875490779619","0.8370070466491786","0.6465358545084627","0.6465358545084627","0.1157982362815884","0.29254799703263074","50","50","50","0","0","False","False","NOT_APPLICABLE","","0","0.0","0","2.704775810241699","50","50","50.0","","","moderate_shadow"
"cifar10","20","2","mixed_maturity","rffl_reputation","dirichlet_lcb","diverse_then_repeat_backdoor","0.5","2","6","5","5","0.5","20","9","1.5","5","honest-9","honest","incumbent","ADMITTED","ADMITTED","9","9","0","3","4.76698923888176","1.5","0.7437820368902304","0.8332768051183246","0.6393772482578011","0.6393772482578011","0.11788253356256753","0.28561047849957855","50","50","50","0","0","False","False","NOT_APPLICABLE","","0","0.0","0","32.737223386764526","50","50","50.0","","","moderate_shadow"
"cifar10","20","2","mixed_maturity","rffl_reputation","dirichlet_lcb","diverse_then_repeat_backdoor","0.5","3","6","5","5","0.5","20","9","1.5","5","attacker-1","diverse_then_repeat_backdoor","newcomer","ADMITTED","ADMITTED","9","9","0","4","4.882922989522995","1.5","0.7462875490779619","0.8370070466491786","0.6465358545084627","0.6465358545084627","0.1157982362815884","0.29254799703263074","50","50","50","0","0","False","False","NOT_APPLICABLE","","0","0.0","0","2.559300661087036","50","50","50.0","","","moderate_shadow"
"cifar10","20","2","mixed_maturity","rffl_reputation","dirichlet_lcb","diverse_then_repeat_backdoor","0.5","3","6","5","5","0.5","20","9","1.5","5","attacker-2","diverse_then_repeat_backdoor","newcomer","ADMITTED","ADMITTED","9","9","0","4","4.882922989522995","1.5","0.7462875490779619","0.8370070466491786","0.6465358545084627","0.6465358545084627","0.1157982362815884","0.29254799703263074","50","50","50","0","0","False","False","NOT_APPLICABLE","","0","0.0","0","2.159043312072754","50","50","50.0","","","moderate_shadow"
"cifar10","20","2","mixed_maturity","rffl_reputation","dirichlet_lcb","diverse_then_repeat_backdoor","0.5","3","6","5","5","0.5","20","9","1.5","5","honest-1","honest","incumbent","ADMITTED","ADMITTED","9","9","0","4","4.882922989522995","1.5","0.7462875490779619","0.8370070466491786","0.6465358545084627","0.6465358545084627","0.1157982362815884","0.29254799703263074","50","50","50","0","0","False","False","NOT_APPLICABLE","","0","0.0","0","2.3779683113098145","50","50","50.0","","","moderate_shadow"
"cifar10","20","2","mixed_maturity","rffl_reputation","dirichlet_lcb","diverse_then_repeat_backdoor","0.5","3","6","5","5","0.5","20","9","1.5","5","honest-10","honest","incumbent","ADMITTED","ADMITTED","9","9","0","4","4.882922989522995","1.5","0.7462875490779619","0.8370070466491786","0.6465358545084627","0.6465358545084627","0.1157982362815884","0.29254799703263074","50","50","50","0","0","False","False","NOT_APPLICABLE","","0","0.0","0","2.3234758377075195","50","50","50.0","","","moderate_shadow"
"cifar10","20","2","mixed_maturity","rffl_reputation","dirichlet_lcb","diverse_then_repeat_backdoor","0.5","3","6","5","5","0.5","20","9","1.5","5","honest-11","honest","incumbent","ADMITTED","ADMITTED","9","9","0","4","4.882922989522995","1.5","0.7462875490779619","0.8370070466491786","0.6465358545084627","0.6465358545084627","0.1157982362815884","0.29254799703263074","50","50","50","0","0","False","False","NOT_APPLICABLE","","0","0.0","0","3.3863351345062256","50","50","50.0","","","moderate_shadow"
"cifar10","20","2","mixed_maturity","rffl_reputation","dirichlet_lcb","diverse_then_repeat_backdoor","0.5","3","6","5","5","0.5","20","9","1.5","5","honest-12","honest","incumbent","ADMITTED","ADMITTED","9","9","0","4","4.882922989522995","1.5","0.7462875490779619","0.8370070466491786","0.6465358545084627","0.6465358545084627","0.1157982362815884","0.29254799703263074","50","50","50","0","0","False","False","NOT_APPLICABLE","","0","0.0","0","3.6444201469421387","50","50","50.0","","","moderate_shadow"
"cifar10","20","2","mixed_maturity","rffl_reputation","dirichlet_lcb","diverse_then_repeat_backdoor","0.5","3","6","5","5","0.5","20","9","1.5","5","honest-13","honest","incumbent","ADMITTED","ADMITTED","9","9","0","4","4.882922989522995","1.5","0.7462875490779619","0.8370070466491786","0.6465358545084627","0.6465358545084627","0.1157982362815884","0.29254799703263074","50","50","50","0","0","False","False","NOT_APPLICABLE","","0","0.0","0","2.275409698486328","50","50","50.0","","","moderate_shadow"
"cifar10","20","2","mixed_maturity","rffl_reputation","dirichlet_lcb","diverse_then_repeat_backdoor","0.5","3","6","5","5","0.5","20","9","1.5","5","honest-14","honest","incumbent","ADMITTED","ADMITTED","9","9","0","4","4.882922989522995","1.5","0.7462875490779619","0.8370070466491786","0.6465358545084627","0.6465358545084627","0.1157982362815884","0.29254799703263074","50","50","50","0","0","False","False","NOT_APPLICABLE","","0","0.0","0","3.411160945892334","50","50","50.0","","","moderate_shadow"
"cifar10","20","2","mixed_maturity","rffl_reputation","dirichlet_lcb","diverse_then_repeat_backdoor","0.5","3","6","5","5","0.5","20","9","1.5","5","honest-15","honest","incumbent","ADMITTED","ADMITTED","9","9","0","4","4.882922989522995","1.5","0.7462875490779619","0.8370070466491786","0.6465358545084627","0.6465358545084627","0.1157982362815884","0.29254799703263074","50","50","50","0","0","False","False","NOT_APPLICABLE","","0","0.0","0","32.56794047355652","50","50","50.0","","","moderate_shadow"
"cifar10","20","2","mixed_maturity","rffl_reputation","dirichlet_lcb","diverse_then_repeat_backdoor","0.5","3","6","5","5","0.5","20","9","1.5","5","honest-16","honest","incumbent","ADMITTED","ADMITTED","9","9","0","3","5.004489238881761","1.5","0.7503560216234088","0.8430201361031787","0.6581600617811678","0.6581600617811678","0.11238691964272261","0.3041175807403508","50","50","50","0","0","False","False","NOT_APPLICABLE","","0","0.0","0","32.67027950286865","50","50","50.0","","","moderate_shadow"
"cifar10","20","2","mixed_maturity","rffl_reputation","dirichlet_lcb","diverse_then_repeat_backdoor","0.5","3","6","5","5","0.5","20","9","1.5","5","honest-17","honest","incumbent","ADMITTED","ADMITTED","12","12","0","3","5.3499694871438415","1.5","0.7478143545076069","0.8392699711010733","0.6508981557360198","0.6508981557360198","0.11452190611753592","0.2968448682209436","50","50","50","0","0","False","False","NOT_APPLICABLE","","0","0.0","0","63.85656952857971","50","50","50.0","","","moderate_shadow"
"cifar10","20","2","mixed_maturity","rffl_reputation","dirichlet_lcb","diverse_then_repeat_backdoor","0.5","3","6","5","5","0.5","20","9","1.5","5","honest-18","honest","incumbent","ADMITTED","ADMITTED","9","9","0","4","4.882922989522995","1.5","0.7462875490779619","0.8370070466491786","0.6465358545084627","0.6465358545084627","0.1157982362815884","0.29254799703263074","50","50","50","0","0","False","False","NOT_APPLICABLE","","0","0.0","0","2.8541877269744873","50","50","50.0","","","moderate_shadow"
"cifar10","20","2","mixed_maturity","rffl_reputation","dirichlet_lcb","diverse_then_repeat_backdoor","0.5","3","6","5","5","0.5","20","9","1.5","5","honest-2","honest","incumbent","ADMITTED","ADMITTED","9","9","0","4","4.882922989522995","1.5","0.7462875490779619","0.8370070466491786","0.6465358545084627","0.6465358545084627","0.1157982362815884","0.29254799703263074","50","50","50","0","0","False","False","NOT_APPLICABLE","","0","0.0","0","3.21675968170166","50","50","50.0","","","moderate_shadow"
"cifar10","20","2","mixed_maturity","rffl_reputation","dirichlet_lcb","diverse_then_repeat_backdoor","0.5","3","6","5","5","0.5","20","9","1.5","5","honest-3","honest","incumbent","ADMITTED","ADMITTED","9","9","0","4","4.882922989522995","1.5","0.7462875490779619","0.8370070466491786","0.6465358545084627","0.6465358545084627","0.1157982362815884","0.29254799703263074","50","50","50","0","0","False","False","NOT_APPLICABLE","","0","0.0","0","3.8404884338378906","50","50","50.0","","","moderate_shadow"
"cifar10","20","2","mixed_maturity","rffl_reputation","dirichlet_lcb","diverse_then_repeat_backdoor","0.5","3","6","5","5","0.5","20","9","1.5","5","honest-4","honest","incumbent","ADMITTED","ADMITTED","9","9","0","4","4.882922989522995","1.5","0.7462875490779619","0.8370070466491786","0.6465358545084627","0.6465358545084627","0.1157982362815884","0.29254799703263074","50","50","50","0","0","False","False","NOT_APPLICABLE","","0","0.0","0","32.90587139129639","50","50","50.0","","","moderate_shadow"
"cifar10","20","2","mixed_maturity","rffl_reputation","dirichlet_lcb","diverse_then_repeat_backdoor","0.5","3","6","5","5","0.5","20","9","1.5","5","honest-5","honest","incumbent","ADMITTED","ADMITTED","9","9","0","4","4.882922989522995","1.5","0.7462875490779619","0.8370070466491786","0.6465358545084627","0.6465358545084627","0.1157982362815884","0.29254799703263074","50","50","50","0","0","False","False","NOT_APPLICABLE","","0","0.0","0","33.826268672943115","50","50","50.0","","","moderate_shadow"
"cifar10","20","2","mixed_maturity","rffl_reputation","dirichlet_lcb","diverse_then_repeat_backdoor","0.5","3","6","5","5","0.5","20","9","1.5","5","honest-6","honest","incumbent","ADMITTED","ADMITTED","9","9","0","4","4.882922989522995","1.5","0.7462875490779619","0.8370070466491786","0.6465358545084627","0.6465358545084627","0.1157982362815884","0.29254799703263074","50","50","50","0","0","False","False","NOT_APPLICABLE","","0","0.0","0","33.82293772697449","50","50","50.0","","","moderate_shadow"
"cifar10","20","2","mixed_maturity","rffl_reputation","dirichlet_lcb","diverse_then_repeat_backdoor","0.5","3","6","5","5","0.5","20","9","1.5","5","honest-7","honest","incumbent","ADMITTED","ADMITTED","9","9","0","4","4.882922989522995","1.5","0.7462875490779619","0.8370070466491786","0.6465358545084627","0.6465358545084627","0.1157982362815884","0.29254799703263074","50","50","50","0","0","False","False","NOT_APPLICABLE","","0","0.0","0","3.2636587619781494","50","50","50.0","","","moderate_shadow"
"cifar10","20","2","mixed_maturity","rffl_reputation","dirichlet_lcb","diverse_then_repeat_backdoor","0.5","3","6","5","5","0.5","20","9","1.5","5","honest-8","honest","incumbent","ADMITTED","ADMITTED","9","9","0","4","4.882922989522995","1.5","0.7462875490779619","0.8370070466491786","0.6465358545084627","0.6465358545084627","0.1157982362815884","0.29254799703263074","50","50","50","0","0","False","False","NOT_APPLICABLE","","0","0.0","0","4.005810260772705","50","50","50.0","","","moderate_shadow"
"cifar10","20","2","mixed_maturity","rffl_reputation","dirichlet_lcb","diverse_then_repeat_backdoor","0.5","3","6","5","5","0.5","20","9","1.5","5","honest-9","honest","incumbent","ADMITTED","ADMITTED","9","9","0","4","4.882922989522995","1.5","0.7462875490779619","0.8370070466491786","0.6465358545084627","0.6465358545084627","0.1157982362815884","0.29254799703263074","50","50","50","0","0","False","False","NOT_APPLICABLE","","0","0.0","0","2.9194469451904297","50","50","50.0","","","moderate_shadow"
"cifar10","20","2","mixed_maturity","rffl_reputation","dirichlet_lcb","diverse_then_repeat_backdoor","0.5","4","6","5","5","0.5","20","9","1.5","5","attacker-1","diverse_then_repeat_backdoor","newcomer","ADMITTED","ADMITTED","9","9","0","4","4.882922989522995","1.5","0.7462875490779619","0.8370070466491786","0.6465358545084627","0.6465358545084627","0.1157982362815884","0.29254799703263074","50","50","50","0","0","False","False","NOT_APPLICABLE","","0","0.0","0","3.0317420959472656","50","50","50.0","","","moderate_shadow"
"cifar10","20","2","mixed_maturity","rffl_reputation","dirichlet_lcb","diverse_then_repeat_backdoor","0.5","4","6","5","5","0.5","20","9","1.5","5","attacker-2","diverse_then_repeat_backdoor","newcomer","ADMITTED","ADMITTED","9","9","0","4","4.882922989522995","1.5","0.7462875490779619","0.8370070466491786","0.6465358545084627","0.6465358545084627","0.1157982362815884","0.29254799703263074","50","50","50","0","0","False","False","NOT_APPLICABLE","","0","0.0","0","2.7370147705078125","50","50","50.0","","","moderate_shadow"
"cifar10","20","2","mixed_maturity","rffl_reputation","dirichlet_lcb","diverse_then_repeat_backdoor","0.5","4","6","5","5","0.5","20","9","1.5","5","honest-1","honest","incumbent","ADMITTED","ADMITTED","9","9","0","4","4.882922989522995","1.5","0.7462875490779619","0.8370070466491786","0.6465358545084627","0.6465358545084627","0.1157982362815884","0.29254799703263074","50","50","50","0","0","False","False","NOT_APPLICABLE","","0","0.0","0","2.3384106159210205","50","50","50.0","","","moderate_shadow"
"cifar10","20","2","mixed_maturity","rffl_reputation","dirichlet_lcb","diverse_then_repeat_backdoor","0.5","4","6","5","5","0.5","20","9","1.5","5","honest-10","honest","incumbent","ADMITTED","ADMITTED","9","9","0","4","4.882922989522995","1.5","0.7462875490779619","0.8370070466491786","0.6465358545084627","0.6465358545084627","0.1157982362815884","0.29254799703263074","50","50","50","0","0","False","False","NOT_APPLICABLE","","0","0.0","0","63.98926854133606","50","50","50.0","","","moderate_shadow"
"cifar10","20","2","mixed_maturity","rffl_reputation","dirichlet_lcb","diverse_then_repeat_backdoor","0.5","4","6","5","5","0.5","20","9","1.5","5","honest-11","honest","incumbent","ADMITTED","ADMITTED","9","9","0","4","4.882922989522995","1.5","0.7462875490779619","0.8370070466491786","0.6465358545084627","0.6465358545084627","0.1157982362815884","0.29254799703263074","50","50","50","0","0","False","False","NOT_APPLICABLE","","0","0.0","0","4.200807094573975","50","50","50.0","","","moderate_shadow"
"cifar10","20","2","mixed_maturity","rffl_reputation","dirichlet_lcb","diverse_then_repeat_backdoor","0.5","4","6","5","5","0.5","20","9","1.5","5","honest-12","honest","incumbent","ADMITTED","ADMITTED","9","9","0","4","4.882922989522995","1.5","0.7462875490779619","0.8370070466491786","0.6465358545084627","0.6465358545084627","0.1157982362815884","0.29254799703263074","50","50","50","0","0","False","False","NOT_APPLICABLE","","0","0.0","0","4.415197849273682","50","50","50.0","","","moderate_shadow"
"cifar10","20","2","mixed_maturity","rffl_reputation","dirichlet_lcb","diverse_then_repeat_backdoor","0.5","4","6","5","5","0.5","20","9","1.5","5","honest-13","honest","incumbent","ADMITTED","ADMITTED","9","9","0","4","4.882922989522995","1.5","0.7462875490779619","0.8370070466491786","0.6465358545084627","0.6465358545084627","0.1157982362815884","0.29254799703263074","50","50","50","0","0","False","False","NOT_APPLICABLE","","0","0.0","0","2.469644546508789","50","50","50.0","","","moderate_shadow"
"cifar10","20","2","mixed_maturity","rffl_reputation","dirichlet_lcb","diverse_then_repeat_backdoor","0.5","4","6","5","5","0.5","20","9","1.5","5","honest-14","honest","incumbent","ADMITTED","ADMITTED","9","9","0","4","4.882922989522995","1.5","0.7462875490779619","0.8370070466491786","0.6465358545084627","0.6465358545084627","0.1157982362815884","0.29254799703263074","50","50","50","0","0","False","False","NOT_APPLICABLE","","0","0.0","0","3.2649176120758057","50","50","50.0","","","moderate_shadow"
"cifar10","20","2","mixed_maturity","rffl_reputation","dirichlet_lcb","diverse_then_repeat_backdoor","0.5","4","6","5","5","0.5","20","9","1.5","5","honest-15","honest","incumbent","ADMITTED","ADMITTED","9","9","0","4","4.882922989522995","1.5","0.7462875490779619","0.8370070466491786","0.6465358545084627","0.6465358545084627","0.1157982362815884","0.29254799703263074","50","50","50","0","0","False","False","NOT_APPLICABLE","","0","0.0","0","4.680512189865112","50","50","50.0","","","moderate_shadow"
"cifar10","20","2","mixed_maturity","rffl_reputation","dirichlet_lcb","diverse_then_repeat_backdoor","0.5","4","6","5","5","0.5","20","9","1.5","5","honest-16","honest","incumbent","ADMITTED","ADMITTED","9","9","0","4","4.882922989522995","1.5","0.7462875490779619","0.8370070466491786","0.6465358545084627","0.6465358545084627","0.1157982362815884","0.29254799703263074","50","50","50","0","0","False","False","NOT_APPLICABLE","","0","0.0","0","4.309285402297974","50","50","50.0","","","moderate_shadow"
"cifar10","20","2","mixed_maturity","rffl_reputation","dirichlet_lcb","diverse_then_repeat_backdoor","0.5","4","6","5","5","0.5","20","9","1.5","5","honest-17","honest","incumbent","ADMITTED","ADMITTED","9","9","0","4","4.882922989522995","1.5","0.7462875490779619","0.8370070466491786","0.6465358545084627","0.6465358545084627","0.1157982362815884","0.29254799703263074","50","50","50","0","0","False","False","NOT_APPLICABLE","","0","0.0","0","3.912677764892578","50","50","50.0","","","moderate_shadow"
"cifar10","20","2","mixed_maturity","rffl_reputation","dirichlet_lcb","diverse_then_repeat_backdoor","0.5","4","6","5","5","0.5","20","9","1.5","5","honest-18","honest","incumbent","ADMITTED","ADMITTED","9","9","0","4","4.882922989522995","1.5","0.7462875490779619","0.8370070466491786","0.6465358545084627","0.6465358545084627","0.1157982362815884","0.29254799703263074","50","50","50","0","0","False","False","NOT_APPLICABLE","","0","0.0","0","2.701178789138794","50","50","50.0","","","moderate_shadow"
"cifar10","20","2","mixed_maturity","rffl_reputation","dirichlet_lcb","diverse_then_repeat_backdoor","0.5","4","6","5","5","0.5","20","9","1.5","5","honest-2","honest","incumbent","ADMITTED","ADMITTED","9","9","0","4","4.882922989522995","1.5","0.7262875490779619","0.8370070466491786","0.6465358545084627","0.6465358545084627","0.1157982362815884","0.29254799703263074","50","50","50","0","0","False","False","NOT_APPLICABLE","","0","0.0","0","34.177146911621094","50","50","50.0","","","moderate_shadow"
"cifar10","20","2","mixed_maturity","rffl_reputation","dirichlet_lcb","diverse_then_repeat_backdoor","0.5","4","6","5","5","0.5","20","9","1.5","5","honest-3","honest","incumbent","ADMITTED","ADMITTED","9","9","0","3","5.004489238881761","1.5","0.7503560216234088","0.8430201361031787","0.6581600617811678","0.6581600617811678","0.11238691964272261","0.3041175807403508","50","50","50","0","0","False","False","NOT_APPLICABLE","","0","0.0","0","32.56664824485779","50","50","50.0","","","moderate_shadow"
"cifar10","20","2","mixed_maturity","rffl_reputation","dirichlet_lcb","diverse_then_repeat_backdoor","0.5","4","6","5","5","0.5","20","9","1.5","5","honest-4","honest","incumbent","ADMITTED","ADMITTED","9","9","0","4","4.882922989522995","1.5","0.7462875490779619","0.8370070466491786","0.6465358545084627","0.6465358545084627","0.1157982362815884","0.29254799703263074","50","50","50","0","0","False","False","NOT_APPLICABLE","","0","0.0","0","32.917206048965454","50","50","50.0","","","moderate_shadow"
"cifar10","20","2","mixed_maturity","rffl_reputation","dirichlet_lcb","diverse_then_repeat_backdoor","0.5","4","6","5","5","0.5","20","9","1.5","5","honest-5","honest","incumbent","ADMITTED","ADMITTED","9","9","0","4","4.882922989522995","1.5","0.7462875490779619","0.8370070466491786","0.6465358545084627","0.6465358545084627","0.1157982362815884","0.29254799703263074","50","50","50","0","0","False","False","NOT_APPLICABLE","","0","0.0","0","4.079277038574219","50","50","50.0","","","moderate_shadow"
"cifar10","20","2","mixed_maturity","rffl_reputation","dirichlet_lcb","diverse_then_repeat_backdoor","0.5","4","6","5","5","0.5","20","9","1.5","5","honest-6","honest","incumbent","ADMITTED","ADMITTED","9","9","0","4","4.882922989522995","1.5","0.7462875490779619","0.8370070466491786","0.6465358545084627","0.6465358545084627","0.1157982362815884","0.29254799703263074","50","50","50","0","0","False","False","NOT_APPLICABLE","","0","0.0","0","2.4814696311950684","50","50","50.0","","","moderate_shadow"
"cifar10","20","2","mixed_maturity","rffl_reputation","dirichlet_lcb","diverse_then_repeat_backdoor","0.5","4","6","5","5","0.5","20","9","1.5","5","honest-7","honest","incumbent","ADMITTED","ADMITTED","9","9","0","4","4.882922989522995","1.5","0.7462875490779619","0.8370070466491786","0.6465358545084627","0.6465358545084627","0.1157982362815884","0.29254799703263074","50","50","50","0","0","False","False","NOT_APPLICABLE","","0","0.0","0","4.182445764541626","50","50","50.0","","","moderate_shadow"
"cifar10","20","2","mixed_maturity","rffl_reputation","dirichlet_lcb","diverse_then_repeat_backdoor","0.5","4","6","5","5","0.5","20","9","1.5","5","honest-8","honest","incumbent","ADMITTED","ADMITTED","9","9","0","4","4.882922989522995","1.5","0.7462875490779619","0.8370070466491786","0.6465358545084627","0.6465358545084627","0.1157982362815884","0.29254799703263074","50","50","50","0","0","False","False","NOT_APPLICABLE","","0","0.0","0","2.488992214202881","50","50","50.0","","","moderate_shadow"
"cifar10","20","2","mixed_maturity","rffl_reputation","dirichlet_lcb","diverse_then_repeat_backdoor","0.5","4","6","5","5","0.5","20","9","1.5","5","honest-9","honest","incumbent","ADMITTED","ADMITTED","9","9","0","4","4.882922989522995","1.5","0.7462875490779619","0.8370070466491786","0.6465358545084627","0.6465358545084627","0.1157982362815884","0.29254799703263074","50","50","50","0","0","False","False","NOT_APPLICABLE","","0","0.0","0","3.864215135574341","50","50","50.0","","","moderate_shadow"
"cifar10","20","2","mixed_maturity","rffl_reputation","dirichlet_lcb","diverse_then_repeat_backdoor","0.5","5","6","5","5","0.5","20","9","1.5","5","attacker-1","diverse_then_repeat_backdoor","newcomer","ADMITTED","ADMITTED","9","9","0","4","4.882922989522995","1.5","0.7462875490779619","0.8370070466491786","0.6465358545084627","0.6465358545084627","0.1157982362815884","0.29254799703263074","50","50","50","0","0","False","False","NOT_APPLICABLE","","0","0.0","0","3.321608543395996","50","50","50.0","","","moderate_shadow"
"cifar10","20","2","mixed_maturity","rffl_reputation","dirichlet_lcb","diverse_then_repeat_backdoor","0.5","5","6","5","5","0.5","20","9","1.5","5","attacker-2","diverse_then_repeat_backdoor","newcomer","ADMITTED","ADMITTED","9","9","0","4","4.882922989522995","1.5","0.7462875490779619","0.8370070466491786","0.6465358545084627","0.6465358545084627","0.1157982362815884","0.29254799703263074","50","50","50","0","0","False","False","NOT_APPLICABLE","","0","0.0","0","2.2769391536712646","50","50","50.0","","","moderate_shadow"
"cifar10","20","2","mixed_maturity","rffl_reputation","dirichlet_lcb","diverse_then_repeat_backdoor","0.5","5","6","5","5","0.5","20","9","1.5","5","honest-1","honest","incumbent","ADMITTED","ADMITTED","9","9","0","3","4.76698923888176","1.5","0.7437820368902304","0.8332768051183246","0.6393772482578011","0.6393772482578011","0.11788253356256753","0.28561047849957855","50","50","50","0","0","False","False","NOT_APPLICABLE","","0","0.0","0","32.570053815841675","50","50","50.0","","","moderate_shadow"
"cifar10","20","2","mixed_maturity","rffl_reputation","dirichlet_lcb","diverse_then_repeat_backdoor","0.5","5","6","5","5","0.5","20","9","1.5","5","honest-10","honest","incumbent","ADMITTED","ADMITTED","9","9","0","4","4.882922989522995","1.5","0.7462875490779619","0.8370070466491786","0.6465358545084627","0.6465358545084627","0.1157982362815884","0.29254799703263074","50","50","50","0","0","False","False","NOT_APPLICABLE","","0","0.0","0","3.620835304260254","50","50","50.0","","","moderate_shadow"
"cifar10","20","2","mixed_maturity","rffl_reputation","dirichlet_lcb","diverse_then_repeat_backdoor","0.5","5","6","5","5","0.5","20","9","1.5","5","honest-11","honest","incumbent","ADMITTED","ADMITTED","9","9","0","3","4.5294892388817605","1.5","0.7401065581334588","0.8277664507491892","0.6288758803813109","0.6288758803813109","0.12091685363435191","0.27568090107538146","50","50","50","0","0","False","False","NOT_APPLICABLE","","0","0.0","0","32.460487604141235","50","50","50.0","","","moderate_shadow"
"cifar10","20","2","mixed_maturity","rffl_reputation","dirichlet_lcb","diverse_then_repeat_backdoor","0.5","5","6","5","5","0.5","20","9","1.5","5","honest-12","honest","incumbent","ADMITTED","ADMITTED","9","9","0","4","4.882922989522995","1.5","0.7462875490779619","0.8370070466491786","0.6465358545084627","0.6465358545084627","0.1157982362815884","0.29254799703263074","50","50","50","0","0","False","False","NOT_APPLICABLE","","0","0.0","0","33.196415424346924","50","50","50.0","","","moderate_shadow"
"cifar10","20","2","mixed_maturity","rffl_reputation","dirichlet_lcb","diverse_then_repeat_backdoor","0.5","5","6","5","5","0.5","20","9","1.5","5","honest-13","honest","incumbent","ADMITTED","ADMITTED","9","9","0","4","4.882922989522995","1.5","0.7462875490779619","0.8370070466491786","0.6465358545084627","0.6465358545084627","0.1157982362815884","0.29254799703263074","50","50","50","0","0","False","False","NOT_APPLICABLE","","0","0.0","0","4.226590156555176","50","50","50.0","","","moderate_shadow"
"cifar10","20","2","mixed_maturity","rffl_reputation","dirichlet_lcb","diverse_then_repeat_backdoor","0.5","5","6","5","5","0.5","20","9","1.5","5","honest-14","honest","incumbent","ADMITTED","ADMITTED","9","9","0","4","4.882922989522995","1.5","0.7462875490779619","0.8370070466491786","0.6465358545084627","0.6465358545084627","0.1157982362815884","0.29254799703263074","50","50","50","0","0","False","False","NOT_APPLICABLE","","0","0.0","0","3.5696325302124023","50","50","50.0","","","moderate_shadow"
"cifar10","20","2","mixed_maturity","rffl_reputation","dirichlet_lcb","diverse_then_repeat_backdoor","0.5","5","6","5","5","0.5","20","9","1.5","5","honest-15","honest","incumbent","ADMITTED","ADMITTED","9","9","0","4","4.882922989522995","1.5","0.7462875490779619","0.8370070466491786","0.6465358545084627","0.6465358545084627","0.1157982362815884","0.29254799703263074","50","50","50","0","0","False","False","NOT_APPLICABLE","","0","0.0","0","2.579814910888672","50","50","50.0","","","moderate_shadow"
"cifar10","20","2","mixed_maturity","rffl_reputation","dirichlet_lcb","diverse_then_repeat_backdoor","0.5","5","6","5","5","0.5","20","9","1.5","5","honest-16","honest","incumbent","ADMITTED","ADMITTED","9","9","0","4","4.882922989522995","1.5","0.7462875490779619","0.8370070466491786","0.6465358545084627","0.6465358545084627","0.1157982362815884","0.29254799703263074","50","50","50","0","0","False","False","NOT_APPLICABLE","","0","0.0","0","2.4180426597595215","50","50","50.0","","","moderate_shadow"
"cifar10","20","2","mixed_maturity","rffl_reputation","dirichlet_lcb","diverse_then_repeat_backdoor","0.5","5","6","5","5","0.5","20","9","1.5","5","honest-17","honest","incumbent","ADMITTED","ADMITTED","9","9","0","3","4.5294892388817605","1.5","0.7401065581334588","0.8277664507491892","0.6288758803813109","0.6288758803813109","0.12091685363435191","0.27568090107538146","50","50","50","0","0","False","False","NOT_APPLICABLE","","0","0.0","0","33.33765935897827","50","50","50.0","","","moderate_shadow"
"cifar10","20","2","mixed_maturity","rffl_reputation","dirichlet_lcb","diverse_then_repeat_backdoor","0.5","5","6","5","5","0.5","20","9","1.5","5","honest-18","honest","incumbent","ADMITTED","ADMITTED","9","9","0","4","4.882922989522995","1.5","0.7462875490779619","0.8370070466491786","0.6465358545084627","0.6465358545084627","0.1157982362815884","0.29254799703263074","50","50","50","0","0","False","False","NOT_APPLICABLE","","0","0.0","0","2.060676336288452","50","50","50.0","","","moderate_shadow"
"cifar10","20","2","mixed_maturity","rffl_reputation","dirichlet_lcb","diverse_then_repeat_backdoor","0.5","5","6","5","5","0.5","20","9","1.5","5","honest-2","honest","incumbent","ADMITTED","ADMITTED","9","9","0","4","4.882922989522995","1.5","0.7462875490779619","0.8370070466491786","0.6465358545084627","0.6465358545084627","0.1157982362815884","0.29254799703263074","50","50","50","0","0","False","False","NOT_APPLICABLE","","0","0.0","0","3.4904301166534424","50","50","50.0","","","moderate_shadow"
"cifar10","20","2","mixed_maturity","rffl_reputation","dirichlet_lcb","diverse_then_repeat_backdoor","0.5","5","6","5","5","0.5","20","9","1.5","5","honest-3","honest","incumbent","ADMITTED","ADMITTED","9","9","0","4","4.882922989522995","1.5","0.7462875490779619","0.8370070466491786","0.6465358545084627","0.6465358545084627","0.1157982362815884","0.29254799703263074","50","50","50","0","0","False","False","NOT_APPLICABLE","","0","0.0","0","2.4862027168273926","50","50","50.0","","","moderate_shadow"
"cifar10","20","2","mixed_maturity","rffl_reputation","dirichlet_lcb","diverse_then_repeat_backdoor","0.5","5","6","5","5","0.5","20","9","1.5","5","honest-4","honest","incumbent","ADMITTED","ADMITTED","9","9","0","4","4.882922989522995","1.5","0.7462875490779619","0.8370070466491786","0.6465358545084627","0.6465358545084627","0.1157982362815884","0.29254799703263074","50","50","50","0","0","False","False","NOT_APPLICABLE","","0","0.0","0","4.003510475158691","50","50","50.0","","","moderate_shadow"
"cifar10","20","2","mixed_maturity","rffl_reputation","dirichlet_lcb","diverse_then_repeat_backdoor","0.5","5","6","5","5","0.5","20","9","1.5","5","honest-5","honest","incumbent","ADMITTED","ADMITTED","9","9","0","4","4.882922989522995","1.5","0.7462875490779619","0.8370070466491786","0.6465358545084627","0.6465358545084627","0.1157982362815884","0.29254799703263074","50","50","50","0","0","False","False","NOT_APPLICABLE","","0","0.0","0","32.86195492744446","50","50","50.0","","","moderate_shadow"
"cifar10","20","2","mixed_maturity","rffl_reputation","dirichlet_lcb","diverse_then_repeat_backdoor","0.5","5","6","5","5","0.5","20","9","1.5","5","honest-6","honest","incumbent","ADMITTED","ADMITTED","9","9","0","4","4.882922989522995","1.5","0.7462875490779619","0.8370070466491786","0.6465358545084627","0.6465358545084627","0.1157982362815884","0.29254799703263074","50","50","50","0","0","False","False","NOT_APPLICABLE","","0","0.0","0","3.0561704635620117","50","50","50.0","","","moderate_shadow"
"cifar10","20","2","mixed_maturity","rffl_reputation","dirichlet_lcb","diverse_then_repeat_backdoor","0.5","5","6","5","5","0.5","20","9","1.5","5","honest-7","honest","incumbent","ADMITTED","ADMITTED","9","9","0","4","4.882922989522995","1.5","0.7462875490779619","0.8370070466491786","0.6465358545084627","0.6465358545084627","0.1157982362815884","0.29254799703263074","50","50","50","0","0","False","False","NOT_APPLICABLE","","0","0.0","0","3.797445058822632","50","50","50.0","","","moderate_shadow"
"cifar10","20","2","mixed_maturity","rffl_reputation","dirichlet_lcb","diverse_then_repeat_backdoor","0.5","5","6","5","5","0.5","20","9","1.5","5","honest-8","honest","incumbent","ADMITTED","ADMITTED","9","9","0","4","4.882922989522995","1.5","0.7462875490779619","0.8370070466491786","0.6465358545084627","0.6465358545084627","0.1157982362815884","0.29254799703263074","50","50","50","0","0","False","False","NOT_APPLICABLE","","0","0.0","0","4.099848747253418","50","50","50.0","","","moderate_shadow"
"cifar10","20","2","mixed_maturity","rffl_reputation","dirichlet_lcb","diverse_then_repeat_backdoor","0.5","5","6","5","5","0.5","20","9","1.5","5","honest-9","honest","incumbent","ADMITTED","ADMITTED","9","9","0","4","4.882922989522995","1.5","0.7462875490779619","0.8370070466491786","0.6465358545084627","0.6465358545084627","0.1157982362815884","0.29254799703263074","50","50","50","0","0","False","False","NOT_APPLICABLE","","0","0.0","0","2.424860954284668","50","50","50.0","","","moderate_shadow"
"cifar10","20","2","mixed_maturity","rffl_reputation","dirichlet_lcb","diverse_then_repeat_backdoor","0.5","6","6","5","5","0.5","20","9","1.5","5","attacker-1","diverse_then_repeat_backdoor","newcomer","ADMITTED","ADMITTED","9","9","0","4","4.882922989522995","1.5","0.7462875490779619","0.8370070466491786","0.6465358545084627","0.6465358545084627","0.1157982362815884","0.29254799703263074","50","50","50","0","0","False","False","NOT_APPLICABLE","","0","0.0","0","4.319207668304443","50","50","50.0","","","moderate_shadow"
"cifar10","20","2","mixed_maturity","rffl_reputation","dirichlet_lcb","diverse_then_repeat_backdoor","0.5","6","6","5","5","0.5","20","9","1.5","5","attacker-2","diverse_then_repeat_backdoor","newcomer","ADMITTED","ADMITTED","9","9","0","4","4.882922989522995","1.5","0.7462875490779619","0.8370070466491786","0.6465358545084627","0.6465358545084627","0.1157982362815884","0.29254799703263074","50","50","50","0","0","False","False","NOT_APPLICABLE","","0","0.0","0","2.835411548614502","50","50","50.0","","","moderate_shadow"
"cifar10","20","2","mixed_maturity","rffl_reputation","dirichlet_lcb","diverse_then_repeat_backdoor","0.5","6","6","5","5","0.5","20","9","1.5","5","honest-1","honest","incumbent","ADMITTED","ADMITTED","9","9","0","4","4.882922989522995","1.5","0.7462875490779619","0.8370070466491786","0.6465358545084627","0.6465358545084627","0.1157982362815884","0.29254799703263074","50","50","50","0","0","False","False","NOT_APPLICABLE","","0","0.0","0","4.344833850860596","50","50","50.0","","","moderate_shadow"
"cifar10","20","2","mixed_maturity","rffl_reputation","dirichlet_lcb","diverse_then_repeat_backdoor","0.5","6","6","5","5","0.5","20","9","1.5","5","honest-10","honest","incumbent","ADMITTED","ADMITTED","9","9","0","4","4.882922989522995","1.5","0.7462875490779619","0.8370070466491786","0.6465358545084627","0.6465358545084627","0.1157982362815884","0.29254799703263074","50","50","50","0","0","False","False","NOT_APPLICABLE","","0","0.0","0","2.7336552143096924","50","50","50.0","","","moderate_shadow"
"cifar10","20","2","mixed_maturity","rffl_reputation","dirichlet_lcb","diverse_then_repeat_backdoor","0.5","6","6","5","5","0.5","20","9","1.5","5","honest-11","honest","incumbent","ADMITTED","ADMITTED","9","9","0","4","4.882922989522995","1.5","0.7462875490779619","0.8370070466491786","0.6465358545084627","0.6465358545084627","0.1157982362815884","0.29254799703263074","50","50","50","0","0","False","False","NOT_APPLICABLE","","0","0.0","0","3.083486318588257","50","50","50.0","","","moderate_shadow"
"cifar10","20","2","mixed_maturity","rffl_reputation","dirichlet_lcb","diverse_then_repeat_backdoor","0.5","6","6","5","5","0.5","20","9","1.5","5","honest-12","honest","incumbent","ADMITTED","ADMITTED","9","9","0","4","4.882922989522995","1.5","0.7462875490779619","0.8370070466491786","0.6465358545084627","0.6465358545084627","0.1157982362815884","0.29254799703263074","50","50","50","0","0","False","False","NOT_APPLICABLE","","0","0.0","0","3.3403732776641846","50","50","50.0","","","moderate_shadow"
"cifar10","20","2","mixed_maturity","rffl_reputation","dirichlet_lcb","diverse_then_repeat_backdoor","0.5","6","6","5","5","0.5","20","9","1.5","5","honest-13","honest","incumbent","ADMITTED","ADMITTED","9","9","0","4","4.882922989522995","1.5","0.7462875490779619","0.8370070466491786","0.6465358545084627","0.6465358545084627","0.1157982362815884","0.29254799703263074","50","50","50","0","0","False","False","NOT_APPLICABLE","","0","0.0","0","4.271774053573608","50","50","50.0","","","moderate_shadow"
"cifar10","20","2","mixed_maturity","rffl_reputation","dirichlet_lcb","diverse_then_repeat_backdoor","0.5","6","6","5","5","0.5","20","9","1.5","5","honest-14","honest","incumbent","ADMITTED","ADMITTED","9","9","0","4","4.882922989522995","1.5","0.7462875490779619","0.8370070466491786","0.6465358545084627","0.6465358545084627","0.1157982362815884","0.29254799703263074","50","50","50","0","0","False","False","NOT_APPLICABLE","","0","0.0","0","3.1452059745788574","50","50","50.0","","","moderate_shadow"
"cifar10","20","2","mixed_maturity","rffl_reputation","dirichlet_lcb","diverse_then_repeat_backdoor","0.5","6","6","5","5","0.5","20","9","1.5","5","honest-15","honest","incumbent","ADMITTED","QUARANTINE","9","9","0","4","4.882922989522995","1.5","0.7462875490779619","0.8370070466491786","0.6465358545084627","0.6465358545084627","0.1157982362815884","0.29254799703263074","49","49","49","0","0","False","False","NOT_APPLICABLE","","0","0.0","0","4.058624267578125","49","49","49.0","49","RFFL_LOW_REPUTATION","moderate_shadow"
"cifar10","20","2","mixed_maturity","rffl_reputation","dirichlet_lcb","diverse_then_repeat_backdoor","0.5","6","6","5","5","0.5","20","9","1.5","5","honest-16","honest","incumbent","ADMITTED","ADMITTED","9","9","0","4","4.882922989522995","1.5","0.7462875490779619","0.8370070466491786","0.6465358545084627","0.6465358545084627","0.1157982362815884","0.29254799703263074","50","50","50","0","0","False","False","NOT_APPLICABLE","","0","0.0","0","3.404942035675049","50","50","50.0","","","moderate_shadow"
"cifar10","20","2","mixed_maturity","rffl_reputation","dirichlet_lcb","diverse_then_repeat_backdoor","0.5","6","6","5","5","0.5","20","9","1.5","5","honest-17","honest","incumbent","ADMITTED","ADMITTED","9","9","0","4","4.882922989522995","1.5","0.7462875490779619","0.8370070466491786","0.6465358545084627","0.6465358545084627","0.1157982362815884","0.29254799703263074","50","50","50","0","0","False","False","NOT_APPLICABLE","","0","0.0","0","3.915083169937134","50","50","50.0","","","moderate_shadow"
"cifar10","20","2","mixed_maturity","rffl_reputation","dirichlet_lcb","diverse_then_repeat_backdoor","0.5","6","6","5","5","0.5","20","9","1.5","5","honest-18","honest","incumbent","ADMITTED","ADMITTED","9","9","0","4","4.882922989522995","1.5","0.7462875490779619","0.8370070466491786","0.6465358545084627","0.6465358545084627","0.1157982362815884","0.29254799703263074","50","50","50","0","0","False","False","NOT_APPLICABLE","","0","0.0","0","4.371557712554932","50","50","50.0","","","moderate_shadow"
"cifar10","20","2","mixed_maturity","rffl_reputation","dirichlet_lcb","diverse_then_repeat_backdoor","0.5","6","6","5","5","0.5","20","9","1.5","5","honest-2","honest","incumbent","ADMITTED","ADMITTED","9","9","0","4","4.882922989522995","1.5","0.7462875490779619","0.8370070466491786","0.6465358545084627","0.6465358545084627","0.1157982362815884","0.29254799703263074","50","50","50","0","0","False","False","NOT_APPLICABLE","","0","0.0","0","4.255574703216553","50","50","50.0","","","moderate_shadow"
"cifar10","20","2","mixed_maturity","rffl_reputation","dirichlet_lcb","diverse_then_repeat_backdoor","0.5","6","6","5","5","0.5","20","9","1.5","5","honest-3","honest","incumbent","ADMITTED","QUARANTINE","9","9","0","4","4.882922989522995","1.5","0.7462875490779619","0.8370070466491786","0.6465358545084627","0.6465358545084627","0.1157982362815884","0.29254799703263074","50","50","50","0","0","False","False","NOT_APPLICABLE","","0","0.0","0","2.9500107765197754","50","50","50.0","50","RFFL_LOW_REPUTATION","moderate_shadow"
"cifar10","20","2","mixed_maturity","rffl_reputation","dirichlet_lcb","diverse_then_repeat_backdoor","0.5","6","6","5","5","0.5","20","9","1.5","5","honest-4","honest","incumbent","ADMITTED","QUARANTINE","9","9","0","4","4.882922989522995","1.5","0.7462875490779619","0.8370070466491786","0.6465358545084627","0.6465358545084627","0.1157982362815884","0.29254799703263074","37","37","37","0","0","False","False","NOT_APPLICABLE","","0","0.0","0","2.620873212814331","37","37","37.0","37","RFFL_LOW_REPUTATION","moderate_shadow"
"cifar10","20","2","mixed_maturity","rffl_reputation","dirichlet_lcb","diverse_then_repeat_backdoor","0.5","6","6","5","5","0.5","20","9","1.5","5","honest-5","honest","incumbent","ADMITTED","ADMITTED","9","9","0","4","4.882922989522995","1.5","0.7462875490779619","0.8370070466491786","0.6465358545084627","0.6465358545084627","0.1157982362815884","0.29254799703263074","50","50","50","0","0","False","False","NOT_APPLICABLE","","0","0.0","0","4.237401962280273","50","50","50.0","","","moderate_shadow"
"cifar10","20","2","mixed_maturity","rffl_reputation","dirichlet_lcb","diverse_then_repeat_backdoor","0.5","6","6","5","5","0.5","20","9","1.5","5","honest-6","honest","incumbent","ADMITTED","ADMITTED","9","9","0","4","4.882922989522995","1.5","0.7462875490779619","0.8370070466491786","0.6465358545084627","0.6465358545084627","0.1157982362815884","0.29254799703263074","50","50","50","0","0","False","False","NOT_APPLICABLE","","0","0.0","0","3.5054478645324707","50","50","50.0","","","moderate_shadow"
"cifar10","20","2","mixed_maturity","rffl_reputation","dirichlet_lcb","diverse_then_repeat_backdoor","0.5","6","6","5","5","0.5","20","9","1.5","5","honest-7","honest","incumbent","ADMITTED","ADMITTED","9","9","0","4","4.882922989522995","1.5","0.7462875490779619","0.8370070466491786","0.6465358545084627","0.6465358545084627","0.1157982362815884","0.29254799703263074","50","50","50","0","0","False","False","NOT_APPLICABLE","","0","0.0","0","4.44169282913208","50","50","50.0","","","moderate_shadow"
"cifar10","20","2","mixed_maturity","rffl_reputation","dirichlet_lcb","diverse_then_repeat_backdoor","0.5","6","6","5","5","0.5","20","9","1.5","5","honest-8","honest","incumbent","ADMITTED","ADMITTED","9","9","0","4","4.882922989522995","1.5","0.7462875490779619","0.8370070466491786","0.6465358545084627","0.6465358545084627","0.1157982362815884","0.29254799703263074","50","50","50","0","0","False","False","NOT_APPLICABLE","","0","0.0","0","4.341165781021118","50","50","50.0","","","moderate_shadow"
"cifar10","20","2","mixed_maturity","rffl_reputation","dirichlet_lcb","diverse_then_repeat_backdoor","0.5","6","6","5","5","0.5","20","9","1.5","5","honest-9","honest","incumbent","ADMITTED","ADMITTED","9","9","0","4","4.882922989522995","1.5","0.7462875490779619","0.8370070466491786","0.6465358545084627","0.6465358545084627","0.1157982362815884","0.29254799703263074","50","50","50","0","0","False","False","NOT_APPLICABLE","","0","0.0","0","2.9214730262756348","50","50","50.0","","","moderate_shadow"
"cifar10","20","2","mixed_maturity","rffl_reputation","dirichlet_lcb","diverse_then_repeat_backdoor","0.5","7","6","5","5","0.5","20","9","1.5","5","attacker-1","diverse_then_repeat_backdoor","newcomer","ADMITTED","ADMITTED","9","9","0","4","4.882922989522995","1.5","0.7462875490779619","0.8370070466491786","0.6465358545084627","0.6465358545084627","0.1157982362815884","0.29254799703263074","50","50","50","0","0","False","False","NOT_APPLICABLE","","0","0.0","0","4.458562850952148","50","50","50.0","","","moderate_shadow"
"cifar10","20","2","mixed_maturity","rffl_reputation","dirichlet_lcb","diverse_then_repeat_backdoor","0.5","7","6","5","5","0.5","20","9","1.5","5","attacker-2","diverse_then_repeat_backdoor","newcomer","ADMITTED","ADMITTED","9","9","0","4","4.882922989522995","1.5","0.7462875490779619","0.8370070466491786","0.6465358545084627","0.6465358545084627","0.1157982362815884","0.29254799703263074","50","50","50","0","0","False","False","NOT_APPLICABLE","","0","0.0","0","4.150268077850342","50","50","50.0","","","moderate_shadow"
"cifar10","20","2","mixed_maturity","rffl_reputation","dirichlet_lcb","diverse_then_repeat_backdoor","0.5","7","6","5","5","0.5","20","9","1.5","5","honest-1","honest","incumbent","ADMITTED","ADMITTED","9","9","0","4","4.882922989522995","1.5","0.7462875490779619","0.8370070466491786","0.6465358545084627","0.6465358545084627","0.1157982362815884","0.29254799703263074","50","50","50","0","0","False","False","NOT_APPLICABLE","","0","0.0","0","2.630533218383789","50","50","50.0","","","moderate_shadow"
"cifar10","20","2","mixed_maturity","rffl_reputation","dirichlet_lcb","diverse_then_repeat_backdoor","0.5","7","6","5","5","0.5","20","9","1.5","5","honest-10","honest","incumbent","ADMITTED","ADMITTED","9","9","0","4","4.882922989522995","1.5","0.7462875490779619","0.8370070466491786","0.6465358545084627","0.6465358545084627","0.1157982362815884","0.29254799703263074","50","50","50","0","0","False","False","NOT_APPLICABLE","","0","0.0","0","4.313828945159912","50","50","50.0","","","moderate_shadow"
"cifar10","20","2","mixed_maturity","rffl_reputation","dirichlet_lcb","diverse_then_repeat_backdoor","0.5","7","6","5","5","0.5","20","9","1.5","5","honest-11","honest","incumbent","ADMITTED","QUARANTINE","9","9","0","4","4.882922989522995","1.5","0.7462875490779619","0.8370070466491786","0.6465358545084627","0.6465358545084627","0.1157982362815884","0.29254799703263074","44","44","44","0","0","False","False","NOT_APPLICABLE","","0","0.0","0","2.3605475425720215","44","44","44.0","44","RFFL_LOW_REPUTATION","moderate_shadow"
"cifar10","20","2","mixed_maturity","rffl_reputation","dirichlet_lcb","diverse_then_repeat_backdoor","0.5","7","6","5","5","0.5","20","9","1.5","5","honest-12","honest","incumbent","ADMITTED","ADMITTED","9","9","0","4","4.882922989522995","1.5","0.7462875490779619","0.8370070466491786","0.6465358545084627","0.6465358545084627","0.1157982362815884","0.29254799703263074","50","50","50","0","0","False","False","NOT_APPLICABLE","","0","0.0","0","3.6037468910217285","50","50","50.0","","","moderate_shadow"
"cifar10","20","2","mixed_maturity","rffl_reputation","dirichlet_lcb","diverse_then_repeat_backdoor","0.5","7","6","5","5","0.5","20","9","1.5","5","honest-13","honest","incumbent","ADMITTED","ADMITTED","9","9","0","3","4.76698923888176","1.5","0.7237820368902304","0.8332768051183246","0.6393772482578011","0.6393772482578011","0.11788253356256753","0.28561047849957855","50","50","50","0","0","False","False","NOT_APPLICABLE","","0","0.0","0","4.357329845428467","50","50","50.0","","","moderate_shadow"
"cifar10","20","2","mixed_maturity","rffl_reputation","dirichlet_lcb","diverse_then_repeat_backdoor","0.5","7","6","5","5","0.5","20","9","1.5","5","honest-14","honest","incumbent","ADMITTED","ADMITTED","9","9","0","4","4.882922989522995","1.5","0.7462875490779619","0.8370070466491786","0.6465358545084627","0.6465358545084627","0.1157982362815884","0.29254799703263074","50","50","50","0","0","False","False","NOT_APPLICABLE","","0","0.0","0","4.171716213226318","50","50","50.0","","","moderate_shadow"
"cifar10","20","2","mixed_maturity","rffl_reputation","dirichlet_lcb","diverse_then_repeat_backdoor","0.5","7","6","5","5","0.5","20","9","1.5","5","honest-15","honest","incumbent","ADMITTED","ADMITTED","9","9","0","4","4.882922989522995","1.5","0.7462875490779619","0.8370070466491786","0.6465358545084627","0.6465358545084627","0.1157982362815884","0.29254799703263074","50","50","50","0","0","False","False","NOT_APPLICABLE","","0","0.0","0","3.8782896995544434","50","50","50.0","","","moderate_shadow"
"cifar10","20","2","mixed_maturity","rffl_reputation","dirichlet_lcb","diverse_then_repeat_backdoor","0.5","7","6","5","5","0.5","20","9","1.5","5","honest-16","honest","incumbent","ADMITTED","ADMITTED","9","9","0","4","4.882922989522995","1.5","0.7462875490779619","0.8370070466491786","0.6465358545084627","0.6465358545084627","0.1157982362815884","0.29254799703263074","50","50","50","0","0","False","False","NOT_APPLICABLE","","0","0.0","0","3.071021556854248","50","50","50.0","","","moderate_shadow"
"cifar10","20","2","mixed_maturity","rffl_reputation","dirichlet_lcb","diverse_then_repeat_backdoor","0.5","7","6","5","5","0.5","20","9","1.5","5","honest-17","honest","incumbent","ADMITTED","QUARANTINE","9","9","0","4","4.882922989522995","1.5","0.7462875490779619","0.8370070466491786","0.6465358545084627","0.6465358545084627","0.1157982362815884","0.29254799703263074","27","27","27","0","0","False","False","NOT_APPLICABLE","","0","0.0","0","4.228062629699707","27","27","27.0","27","RFFL_LOW_REPUTATION","moderate_shadow"
"cifar10","20","2","mixed_maturity","rffl_reputation","dirichlet_lcb","diverse_then_repeat_backdoor","0.5","7","6","5","5","0.5","20","9","1.5","5","honest-18","honest","incumbent","ADMITTED","ADMITTED","9","9","0","4","4.882922989522995","1.5","0.7462875490779619","0.8370070466491786","0.6465358545084627","0.6465358545084627","0.1157982362815884","0.29254799703263074","50","50","50","0","0","False","False","NOT_APPLICABLE","","0","0.0","0","4.38214898109436","50","50","50.0","","","moderate_shadow"
"cifar10","20","2","mixed_maturity","rffl_reputation","dirichlet_lcb","diverse_then_repeat_backdoor","0.5","7","6","5","5","0.5","20","9","1.5","5","honest-2","honest","incumbent","ADMITTED","ADMITTED","9","9","0","4","4.882922989522995","1.5","0.7462875490779619","0.8370070466491786","0.6465358545084627","0.6465358545084627","0.1157982362815884","0.29254799703263074","50","50","50","0","0","False","False","NOT_APPLICABLE","","0","0.0","0","2.646662712097168","50","50","50.0","","","moderate_shadow"
"cifar10","20","2","mixed_maturity","rffl_reputation","dirichlet_lcb","diverse_then_repeat_backdoor","0.5","7","6","5","5","0.5","20","9","1.5","5","honest-3","honest","incumbent","ADMITTED","ADMITTED","9","9","0","4","4.882922989522995","1.5","0.7462875490779619","0.8370070466491786","0.6465358545084627","0.6465358545084627","0.1157982362815884","0.29254799703263074","50","50","50","0","0","False","False","NOT_APPLICABLE","","0","0.0","0","2.4242429733276367","50","50","50.0","","","moderate_shadow"
"cifar10","20","2","mixed_maturity","rffl_reputation","dirichlet_lcb","diverse_then_repeat_backdoor","0.5","7","6","5","5","0.5","20","9","1.5","5","honest-4","honest","incumbent","ADMITTED","ADMITTED","9","9","0","4","4.882922989522995","1.5","0.7462875490779619","0.8370070466491786","0.6465358545084627","0.6465358545084627","0.1157982362815884","0.29254799703263074","50","50","50","0","0","False","False","NOT_APPLICABLE","","0","0.0","0","3.3959834575653076","50","50","50.0","","","moderate_shadow"
"cifar10","20","2","mixed_maturity","rffl_reputation","dirichlet_lcb","diverse_then_repeat_backdoor","0.5","7","6","5","5","0.5","20","9","1.5","5","honest-5","honest","incumbent","ADMITTED","QUARANTINE","9","9","0","4","4.882922989522995","1.5","0.7462875490779619","0.8370070466491786","0.6465358545084627","0.6465358545084627","0.1157982362815884","0.29254799703263074","46","46","46","0","0","False","False","NOT_APPLICABLE","","0","0.0","0","33.84791564941406","46","46","46.0","46","RFFL_LOW_REPUTATION","moderate_shadow"
"cifar10","20","2","mixed_maturity","rffl_reputation","dirichlet_lcb","diverse_then_repeat_backdoor","0.5","7","6","5","5","0.5","20","9","1.5","5","honest-6","honest","incumbent","ADMITTED","ADMITTED","9","9","0","4","4.882922989522995","1.5","0.7462875490779619","0.8370070466491786","0.6465358545084627","0.6465358545084627","0.1157982362815884","0.29254799703263074","50","50","50","0","0","False","False","NOT_APPLICABLE","","0","0.0","0","2.827051877975464","50","50","50.0","","","moderate_shadow"
"cifar10","20","2","mixed_maturity","rffl_reputation","dirichlet_lcb","diverse_then_repeat_backdoor","0.5","7","6","5","5","0.5","20","9","1.5","5","honest-7","honest","incumbent","ADMITTED","ADMITTED","9","9","0","4","4.882922989522995","1.5","0.7462875490779619","0.8370070466491786","0.6465358545084627","0.6465358545084627","0.1157982362815884","0.29254799703263074","50","50","50","0","0","False","False","NOT_APPLICABLE","","0","0.0","0","4.227776765823364","50","50","50.0","","","moderate_shadow"
"cifar10","20","2","mixed_maturity","rffl_reputation","dirichlet_lcb","diverse_then_repeat_backdoor","0.5","7","6","5","5","0.5","20","9","1.5","5","honest-8","honest","incumbent","ADMITTED","ADMITTED","9","9","0","4","4.882922989522995","1.5","0.7462875490779619","0.8370070466491786","0.6465358545084627","0.6465358545084627","0.1157982362815884","0.29254799703263074","50","50","50","0","0","False","False","NOT_APPLICABLE","","0","0.0","0","3.0493736267089844","50","50","50.0","","","moderate_shadow"
"cifar10","20","2","mixed_maturity","rffl_reputation","dirichlet_lcb","diverse_then_repeat_backdoor","0.5","7","6","5","5","0.5","20","9","1.5","5","honest-9","honest","incumbent","ADMITTED","ADMITTED","9","9","0","4","4.882922989522995","1.5","0.7462875490779619","0.8370070466491786","0.6465358545084627","0.6465358545084627","0.1157982362815884","0.29254799703263074","50","50","50","0","0","False","False","NOT_APPLICABLE","","0","0.0","0","33.382275342941284","50","50","50.0","","","moderate_shadow"
"cifar10","20","2","mixed_maturity","rffl_reputation","dirichlet_lcb","diverse_then_repeat_backdoor","0.5","8","6","5","5","0.5","20","9","1.5","5","attacker-1","diverse_then_repeat_backdoor","newcomer","ADMITTED","ADMITTED","9","9","0","4","4.882922989522995","1.5","0.7462875490779619","0.8370070466491786","0.6465358545084627","0.6465358545084627","0.1157982362815884","0.29254799703263074","50","50","50","0","0","False","False","NOT_APPLICABLE","","0","0.0","0","2.4493727684020996","50","50","50.0","","","moderate_shadow"
"cifar10","20","2","mixed_maturity","rffl_reputation","dirichlet_lcb","diverse_then_repeat_backdoor","0.5","8","6","5","5","0.5","20","9","1.5","5","attacker-2","diverse_then_repeat_backdoor","newcomer","ADMITTED","ADMITTED","9","9","0","4","4.882922989522995","1.5","0.7462875490779619","0.8370070466491786","0.6465358545084627","0.6465358545084627","0.1157982362815884","0.29254799703263074","50","50","50","0","0","False","False","NOT_APPLICABLE","","0","0.0","0","2.2812063694000244","50","50","50.0","","","moderate_shadow"
"cifar10","20","2","mixed_maturity","rffl_reputation","dirichlet_lcb","diverse_then_repeat_backdoor","0.5","8","6","5","5","0.5","20","9","1.5","5","honest-1","honest","incumbent","ADMITTED","ADMITTED","9","9","0","4","4.882922989522995","1.5","0.7462875490779619","0.8370070466491786","0.6465358545084627","0.6465358545084627","0.1157982362815884","0.29254799703263074","50","50","50","0","0","False","False","NOT_APPLICABLE","","0","0.0","0","2.860241651535034","50","50","50.0","","","moderate_shadow"
"cifar10","20","2","mixed_maturity","rffl_reputation","dirichlet_lcb","diverse_then_repeat_backdoor","0.5","8","6","5","5","0.5","20","9","1.5","5","honest-10","honest","incumbent","ADMITTED","ADMITTED","9","9","0","4","4.882922989522995","1.5","0.7462875490779619","0.8370070466491786","0.6465358545084627","0.6465358545084627","0.1157982362815884","0.29254799703263074","50","50","50","0","0","False","False","NOT_APPLICABLE","","0","0.0","0","3.9103939533233643","50","50","50.0","","","moderate_shadow"
"cifar10","20","2","mixed_maturity","rffl_reputation","dirichlet_lcb","diverse_then_repeat_backdoor","0.5","8","6","5","5","0.5","20","9","1.5","5","honest-11","honest","incumbent","ADMITTED","QUARANTINE","9","9","0","4","4.882922989522995","1.5","0.7462875490779619","0.8370070466491786","0.6465358545084627","0.6465358545084627","0.1157982362815884","0.29254799703263074","32","32","32","0","0","False","False","NOT_APPLICABLE","","0","0.0","0","3.1011128425598145","32","32","32.0","32","RFFL_LOW_REPUTATION","moderate_shadow"
"cifar10","20","2","mixed_maturity","rffl_reputation","dirichlet_lcb","diverse_then_repeat_backdoor","0.5","8","6","5","5","0.5","20","9","1.5","5","honest-12","honest","incumbent","ADMITTED","ADMITTED","9","9","0","4","4.882922989522995","1.5","0.7462875490779619","0.8370070466491786","0.6465358545084627","0.6465358545084627","0.1157982362815884","0.29254799703263074","50","50","50","0","0","False","False","NOT_APPLICABLE","","0","0.0","0","4.266186237335205","50","50","50.0","","","moderate_shadow"
"cifar10","20","2","mixed_maturity","rffl_reputation","dirichlet_lcb","diverse_then_repeat_backdoor","0.5","8","6","5","5","0.5","20","9","1.5","5","honest-13","honest","incumbent","ADMITTED","ADMITTED","9","9","0","4","4.882922989522995","1.5","0.7462875490779619","0.8370070466491786","0.6465358545084627","0.6465358545084627","0.1157982362815884","0.29254799703263074","50","50","50","0","0","False","False","NOT_APPLICABLE","","0","0.0","0","2.7072269916534424","50","50","50.0","","","moderate_shadow"
"cifar10","20","2","mixed_maturity","rffl_reputation","dirichlet_lcb","diverse_then_repeat_backdoor","0.5","8","6","5","5","0.5","20","9","1.5","5","honest-14","honest","incumbent","ADMITTED","ADMITTED","9","9","0","4","4.882922989522995","1.5","0.7462875490779619","0.8370070466491786","0.6465358545084627","0.6465358545084627","0.1157982362815884","0.29254799703263074","50","50","50","0","0","False","False","NOT_APPLICABLE","","0","0.0","0","2.6226634979248047","50","50","50.0","","","moderate_shadow"
"cifar10","20","2","mixed_maturity","rffl_reputation","dirichlet_lcb","diverse_then_repeat_backdoor","0.5","8","6","5","5","0.5","20","9","1.5","5","honest-15","honest","incumbent","ADMITTED","ADMITTED","9","9","0","4","4.882922989522995","1.5","0.7462875490779619","0.8370070466491786","0.6465358545084627","0.6465358545084627","0.1157982362815884","0.29254799703263074","50","50","50","0","0","False","False","NOT_APPLICABLE","","0","0.0","0","4.531573295593262","50","50","50.0","","","moderate_shadow"
"cifar10","20","2","mixed_maturity","rffl_reputation","dirichlet_lcb","diverse_then_repeat_backdoor","0.5","8","6","5","5","0.5","20","9","1.5","5","honest-16","honest","incumbent","ADMITTED","ADMITTED","9","9","0","4","4.882922989522995","1.5","0.7462875490779619","0.8370070466491786","0.6465358545084627","0.6465358545084627","0.1157982362815884","0.29254799703263074","50","50","50","0","0","False","False","NOT_APPLICABLE","","0","0.0","0","33.44234108924866","50","50","50.0","","","moderate_shadow"
"cifar10","20","2","mixed_maturity","rffl_reputation","dirichlet_lcb","diverse_then_repeat_backdoor","0.5","8","6","5","5","0.5","20","9","1.5","5","honest-17","honest","incumbent","ADMITTED","ADMITTED","9","9","0","4","4.882922989522995","1.5","0.7462875490779619","0.8370070466491786","0.6465358545084627","0.6465358545084627","0.1157982362815884","0.29254799703263074","50","50","50","0","0","False","False","NOT_APPLICABLE","","0","0.0","0","3.6244521141052246","50","50","50.0","","","moderate_shadow"
"cifar10","20","2","mixed_maturity","rffl_reputation","dirichlet_lcb","diverse_then_repeat_backdoor","0.5","8","6","5","5","0.5","20","9","1.5","5","honest-18","honest","incumbent","ADMITTED","QUARANTINE","9","9","0","4","4.882922989522995","1.5","0.7462875490779619","0.8370070466491786","0.6465358545084627","0.6465358545084627","0.1157982362815884","0.29254799703263074","13","13","13","0","0","False","False","NOT_APPLICABLE","","0","0.0","0","4.306586027145386","13","13","13.0","13","RFFL_LOW_REPUTATION","moderate_shadow"
"cifar10","20","2","mixed_maturity","rffl_reputation","dirichlet_lcb","diverse_then_repeat_backdoor","0.5","8","6","5","5","0.5","20","9","1.5","5","honest-2","honest","incumbent","ADMITTED","ADMITTED","9","9","0","4","4.882922989522995","1.5","0.7462875490779619","0.8370070466491786","0.6465358545084627","0.6465358545084627","0.1157982362815884","0.29254799703263074","50","50","50","0","0","False","False","NOT_APPLICABLE","","0","0.0","0","4.13434100151062","50","50","50.0","","","moderate_shadow"
"cifar10","20","2","mixed_maturity","rffl_reputation","dirichlet_lcb","diverse_then_repeat_backdoor","0.5","8","6","5","5","0.5","20","9","1.5","5","honest-3","honest","incumbent","ADMITTED","ADMITTED","9","9","0","4","4.882922989522995","1.5","0.7462875490779619","0.8370070466491786","0.6465358545084627","0.6465358545084627","0.1157982362815884","0.29254799703263074","50","50","50","0","0","False","False","NOT_APPLICABLE","","0","0.0","0","2.269545078277588","50","50","50.0","","","moderate_shadow"
"cifar10","20","2","mixed_maturity","rffl_reputation","dirichlet_lcb","diverse_then_repeat_backdoor","0.5","8","6","5","5","0.5","20","9","1.5","5","honest-4","honest","incumbent","ADMITTED","ADMITTED","9","9","0","4","4.882922989522995","1.5","0.7462875490779619","0.8370070466491786","0.6465358545084627","0.6465358545084627","0.1157982362815884","0.29254799703263074","50","50","50","0","0","False","False","NOT_APPLICABLE","","0","0.0","0","33.95346689224243","50","50","50.0","","","moderate_shadow"
"cifar10","20","2","mixed_maturity","rffl_reputation","dirichlet_lcb","diverse_then_repeat_backdoor","0.5","8","6","5","5","0.5","20","9","1.5","5","honest-5","honest","incumbent","ADMITTED","ADMITTED","9","9","0","4","4.882922989522995","1.5","0.7462875490779619","0.8370070466491786","0.6465358545084627","0.6465358545084627","0.1157982362815884","0.29254799703263074","50","50","50","0","0","False","False","NOT_APPLICABLE","","0","0.0","0","2.4332289695739746","50","50","50.0","","","moderate_shadow"
"cifar10","20","2","mixed_maturity","rffl_reputation","dirichlet_lcb","diverse_then_repeat_backdoor","0.5","8","6","5","5","0.5","20","9","1.5","5","honest-6","honest","incumbent","ADMITTED","ADMITTED","9","9","0","4","4.882922989522995","1.5","0.7462875490779619","0.8370070466491786","0.6465358545084627","0.6465358545084627","0.1157982362815884","0.29254799703263074","50","50","50","0","0","False","False","NOT_APPLICABLE","","0","0.0","0","3.610727548599243","50","50","50.0","","","moderate_shadow"
"cifar10","20","2","mixed_maturity","rffl_reputation","dirichlet_lcb","diverse_then_repeat_backdoor","0.5","8","6","5","5","0.5","20","9","1.5","5","honest-7","honest","incumbent","ADMITTED","ADMITTED","9","9","0","4","4.882922989522995","1.5","0.7462875490779619","0.8370070466491786","0.6465358545084627","0.6465358545084627","0.1157982362815884","0.29254799703263074","50","50","50","0","0","False","False","NOT_APPLICABLE","","0","0.0","0","3.724327802658081","50","50","50.0","","","moderate_shadow"
"cifar10","20","2","mixed_maturity","rffl_reputation","dirichlet_lcb","diverse_then_repeat_backdoor","0.5","8","6","5","5","0.5","20","9","1.5","5","honest-8","honest","incumbent","ADMITTED","ADMITTED","9","9","0","4","4.882922989522995","1.5","0.7462875490779619","0.8370070466491786","0.6465358545084627","0.6465358545084627","0.1157982362815884","0.29254799703263074","50","50","50","0","0","False","False","NOT_APPLICABLE","","0","0.0","0","4.633232831954956","50","50","50.0","","","moderate_shadow"
"cifar10","20","2","mixed_maturity","rffl_reputation","dirichlet_lcb","diverse_then_repeat_backdoor","0.5","8","6","5","5","0.5","20","9","1.5","5","honest-9","honest","incumbent","ADMITTED","ADMITTED","9","9","0","4","4.882922989522995","1.5","0.7462875490779619","0.8370070466491786","0.6465358545084627","0.6465358545084627","0.1157982362815884","0.29254799703263074","50","50","50","0","0","False","False","NOT_APPLICABLE","","0","0.0","0","4.249289035797119","50","50","50.0","","","moderate_shadow"
"cifar10","20","2","mixed_maturity","rffl_reputation","dirichlet_lcb","diverse_then_repeat_backdoor","0.5","9","6","5","5","0.5","20","9","1.5","5","attacker-1","diverse_then_repeat_backdoor","newcomer","ADMITTED","ADMITTED","9","9","0","4","4.882922989522995","1.5","0.7462875490779619","0.8370070466491786","0.6465358545084627","0.6465358545084627","0.1157982362815884","0.29254799703263074","50","50","50","0","0","False","False","NOT_APPLICABLE","","0","0.0","0","3.293945789337158","50","50","50.0","","","moderate_shadow"
"cifar10","20","2","mixed_maturity","rffl_reputation","dirichlet_lcb","diverse_then_repeat_backdoor","0.5","9","6","5","5","0.5","20","9","1.5","5","attacker-2","diverse_then_repeat_backdoor","newcomer","ADMITTED","ADMITTED","9","9","0","4","4.882922989522995","1.5","0.7462875490779619","0.8370070466491786","0.6465358545084627","0.6465358545084627","0.1157982362815884","0.29254799703263074","50","50","50","0","0","False","False","NOT_APPLICABLE","","0","0.0","0","3.580305576324463","50","50","50.0","","","moderate_shadow"
"cifar10","20","2","mixed_maturity","rffl_reputation","dirichlet_lcb","diverse_then_repeat_backdoor","0.5","9","6","5","5","0.5","20","9","1.5","5","honest-1","honest","incumbent","ADMITTED","ADMITTED","9","9","0","4","4.882922989522995","1.5","0.7462875490779619","0.8370070466491786","0.6465358545084627","0.6465358545084627","0.1157982362815884","0.29254799703263074","50","50","50","0","0","False","False","NOT_APPLICABLE","","0","0.0","0","2.3993544578552246","50","50","50.0","","","moderate_shadow"
"cifar10","20","2","mixed_maturity","rffl_reputation","dirichlet_lcb","diverse_then_repeat_backdoor","0.5","9","6","5","5","0.5","20","9","1.5","5","honest-10","honest","incumbent","ADMITTED","ADMITTED","9","9","0","4","4.882922989522995","1.5","0.7462875490779619","0.8370070466491786","0.6465358545084627","0.6465358545084627","0.1157982362815884","0.29254799703263074","50","50","50","0","0","False","False","NOT_APPLICABLE","","0","0.0","0","3.7925238609313965","50","50","50.0","","","moderate_shadow"
"cifar10","20","2","mixed_maturity","rffl_reputation","dirichlet_lcb","diverse_then_repeat_backdoor","0.5","9","6","5","5","0.5","20","9","1.5","5","honest-11","honest","incumbent","ADMITTED","ADMITTED","9","9","0","4","4.882922989522995","1.5","0.7462875490779619","0.8370070466491786","0.6465358545084627","0.6465358545084627","0.1157982362815884","0.29254799703263074","50","50","50","0","0","False","False","NOT_APPLICABLE","","0","0.0","0","32.50921654701233","50","50","50.0","","","moderate_shadow"
"cifar10","20","2","mixed_maturity","rffl_reputation","dirichlet_lcb","diverse_then_repeat_backdoor","0.5","9","6","5","5","0.5","20","9","1.5","5","honest-12","honest","incumbent","ADMITTED","ADMITTED","9","9","0","4","4.882922989522995","1.5","0.7462875490779619","0.8370070466491786","0.6465358545084627","0.6465358545084627","0.1157982362815884","0.29254799703263074","50","50","50","0","0","False","False","NOT_APPLICABLE","","0","0.0","0","3.250530242919922","50","50","50.0","","","moderate_shadow"
"cifar10","20","2","mixed_maturity","rffl_reputation","dirichlet_lcb","diverse_then_repeat_backdoor","0.5","9","6","5","5","0.5","20","9","1.5","5","honest-13","honest","incumbent","ADMITTED","ADMITTED","9","9","0","4","4.882922989522995","1.5","0.7462875490779619","0.8370070466491786","0.6465358545084627","0.6465358545084627","0.1157982362815884","0.29254799703263074","50","50","50","0","0","False","False","NOT_APPLICABLE","","0","0.0","0","3.019937515258789","50","50","50.0","","","moderate_shadow"
"cifar10","20","2","mixed_maturity","rffl_reputation","dirichlet_lcb","diverse_then_repeat_backdoor","0.5","9","6","5","5","0.5","20","9","1.5","5","honest-14","honest","incumbent","ADMITTED","ADMITTED","9","9","0","4","4.882922989522995","1.5","0.7462875490779619","0.8370070466491786","0.6465358545084627","0.6465358545084627","0.1157982362815884","0.29254799703263074","50","50","50","0","0","False","False","NOT_APPLICABLE","","0","0.0","0","2.7212719917297363","50","50","50.0","","","moderate_shadow"
"cifar10","20","2","mixed_maturity","rffl_reputation","dirichlet_lcb","diverse_then_repeat_backdoor","0.5","9","6","5","5","0.5","20","9","1.5","5","honest-15","honest","incumbent","ADMITTED","ADMITTED","9","9","0","3","4.76698923888176","1.5","0.7437820368902304","0.8332768051183246","0.6393772482578011","0.6393772482578011","0.11788253356256753","0.28561047849957855","50","50","50","0","0","False","False","NOT_APPLICABLE","","0","0.0","0","32.557007789611816","50","50","50.0","","","moderate_shadow"
"cifar10","20","2","mixed_maturity","rffl_reputation","dirichlet_lcb","diverse_then_repeat_backdoor","0.5","9","6","5","5","0.5","20","9","1.5","5","honest-16","honest","incumbent","ADMITTED","ADMITTED","9","9","0","4","4.882922989522995","1.5","0.7462875490779619","0.8370070466491786","0.6465358545084627","0.6465358545084627","0.1157982362815884","0.29254799703263074","50","50","50","0","0","False","False","NOT_APPLICABLE","","0","0.0","0","2.646679401397705","50","50","50.0","","","moderate_shadow"
"cifar10","20","2","mixed_maturity","rffl_reputation","dirichlet_lcb","diverse_then_repeat_backdoor","0.5","9","6","5","5","0.5","20","9","1.5","5","honest-17","honest","incumbent","ADMITTED","ADMITTED","9","9","0","4","4.882922989522995","1.5","0.7462875490779619","0.8370070466491786","0.6465358545084627","0.6465358545084627","0.1157982362815884","0.29254799703263074","50","50","50","0","0","False","False","NOT_APPLICABLE","","0","0.0","0","2.370370626449585","50","50","50.0","","","moderate_shadow"
"cifar10","20","2","mixed_maturity","rffl_reputation","dirichlet_lcb","diverse_then_repeat_backdoor","0.5","9","6","5","5","0.5","20","9","1.5","5","honest-18","honest","incumbent","ADMITTED","ADMITTED","9","9","0","4","4.882922989522995","1.5","0.7462875490779619","0.8370070466491786","0.6465358545084627","0.6465358545084627","0.1157982362815884","0.29254799703263074","50","50","50","0","0","False","False","NOT_APPLICABLE","","0","0.0","0","3.9083471298217773","50","50","50.0","","","moderate_shadow"
"cifar10","20","2","mixed_maturity","rffl_reputation","dirichlet_lcb","diverse_then_repeat_backdoor","0.5","9","6","5","5","0.5","20","9","1.5","5","honest-2","honest","incumbent","ADMITTED","ADMITTED","9","9","0","4","4.882922989522995","1.5","0.7462875490779619","0.8370070466491786","0.6465358545084627","0.6465358545084627","0.1157982362815884","0.29254799703263074","50","50","50","0","0","False","False","NOT_APPLICABLE","","0","0.0","0","3.587392568588257","50","50","50.0","","","moderate_shadow"
"cifar10","20","2","mixed_maturity","rffl_reputation","dirichlet_lcb","diverse_then_repeat_backdoor","0.5","9","6","5","5","0.5","20","9","1.5","5","honest-3","honest","incumbent","ADMITTED","ADMITTED","9","9","0","4","4.882922989522995","1.5","0.7462875490779619","0.8370070466491786","0.6465358545084627","0.6465358545084627","0.1157982362815884","0.29254799703263074","50","50","50","0","0","False","False","NOT_APPLICABLE","","0","0.0","0","2.8463099002838135","50","50","50.0","","","moderate_shadow"
"cifar10","20","2","mixed_maturity","rffl_reputation","dirichlet_lcb","diverse_then_repeat_backdoor","0.5","9","6","5","5","0.5","20","9","1.5","5","honest-4","honest","incumbent","ADMITTED","ADMITTED","9","9","0","3","4.5294892388817605","1.5","0.7401065581334588","0.8277664507491892","0.6288758803813109","0.6288758803813109","0.12091685363435191","0.27568090107538146","50","50","50","0","0","False","False","NOT_APPLICABLE","","0","0.0","0","63.05282473564148","50","50","50.0","","","moderate_shadow"
"cifar10","20","2","mixed_maturity","rffl_reputation","dirichlet_lcb","diverse_then_repeat_backdoor","0.5","9","6","5","5","0.5","20","9","1.5","5","honest-5","honest","incumbent","ADMITTED","ADMITTED","9","9","0","4","4.882922989522995","1.5","0.7462875490779619","0.8370070466491786","0.6465358545084627","0.6465358545084627","0.1157982362815884","0.29254799703263074","50","50","50","0","0","False","False","NOT_APPLICABLE","","0","0.0","0","33.71607422828674","50","50","50.0","","","moderate_shadow"
"cifar10","20","2","mixed_maturity","rffl_reputation","dirichlet_lcb","diverse_then_repeat_backdoor","0.5","9","6","5","5","0.5","20","9","1.5","5","honest-6","honest","incumbent","ADMITTED","ADMITTED","9","9","0","3","5.004489238881761","1.5","0.7503560216234088","0.8430201361031787","0.6581600617811678","0.6581600617811678","0.11238691964272261","0.3041175807403508","50","50","50","0","0","False","False","NOT_APPLICABLE","","0","0.0","0","32.44587993621826","50","50","50.0","","","moderate_shadow"
"cifar10","20","2","mixed_maturity","rffl_reputation","dirichlet_lcb","diverse_then_repeat_backdoor","0.5","9","6","5","5","0.5","20","9","1.5","5","honest-7","honest","incumbent","ADMITTED","ADMITTED","9","9","0","4","4.882922989522995","1.5","0.7462875490779619","0.8370070466491786","0.6465358545084627","0.6465358545084627","0.1157982362815884","0.29254799703263074","50","50","50","0","0","False","False","NOT_APPLICABLE","","0","0.0","0","3.9427947998046875","50","50","50.0","","","moderate_shadow"
"cifar10","20","2","mixed_maturity","rffl_reputation","dirichlet_lcb","diverse_then_repeat_backdoor","0.5","9","6","5","5","0.5","20","9","1.5","5","honest-8","honest","incumbent","ADMITTED","ADMITTED","9","9","0","4","4.882922989522995","1.5","0.7462875490779619","0.8370070466491786","0.6465358545084627","0.6465358545084627","0.1157982362815884","0.29254799703263074","50","50","50","0","0","False","False","NOT_APPLICABLE","","0","0.0","0","4.071385145187378","50","50","50.0","","","moderate_shadow"
"cifar10","20","2","mixed_maturity","rffl_reputation","dirichlet_lcb","diverse_then_repeat_backdoor","0.5","9","6","5","5","0.5","20","9","1.5","5","honest-9","honest","incumbent","ADMITTED","ADMITTED","9","9","0","4","4.882922989522995","1.5","0.7462875490779619","0.8370070466491786","0.6465358545084627","0.6465358545084627","0.1157982362815884","0.29254799703263074","50","50","50","0","0","False","False","NOT_APPLICABLE","","0","0.0","0","33.777756690979004","50","50","50.0","","","moderate_shadow"
"cifar10","20","2","mixed_maturity","rffl_reputation","dirichlet_lcb","benign_concept_drift","0.5","0","6","5","5","0.5","20","9","1.5","5","attacker-1","benign_concept_drift","newcomer","ADMITTED","ADMITTED","9","9","0","4","4.882922989522995","1.5","0.7462875490779619","0.8370070466491786","0.6465358545084627","0.6465358545084627","0.1157982362815884","0.29254799703263074","50","50","50","0","0","False","False","NOT_APPLICABLE","","0","0.0","0","4.115019798278809","50","50","50.0","","","moderate_shadow"
"cifar10","20","2","mixed_maturity","rffl_reputation","dirichlet_lcb","benign_concept_drift","0.5","0","6","5","5","0.5","20","9","1.5","5","attacker-2","benign_concept_drift","newcomer","ADMITTED","ADMITTED","9","9","0","4","4.882922989522995","1.5","0.7462875490779619","0.8370070466491786","0.6465358545084627","0.6465358545084627","0.1157982362815884","0.29254799703263074","50","50","50","0","0","False","False","NOT_APPLICABLE","","0","0.0","0","2.26444673538208","50","50","50.0","","","moderate_shadow"
"cifar10","20","2","mixed_maturity","rffl_reputation","dirichlet_lcb","benign_concept_drift","0.5","0","6","5","5","0.5","20","9","1.5","5","honest-1","honest","incumbent","ADMITTED","ADMITTED","9","9","0","4","4.882922989522995","1.5","0.7462875490779619","0.8370070466491786","0.6465358545084627","0.6465358545084627","0.1157982362815884","0.29254799703263074","50","50","50","0","0","False","False","NOT_APPLICABLE","","0","0.0","0","33.913684368133545","50","50","50.0","","","moderate_shadow"
"cifar10","20","2","mixed_maturity","rffl_reputation","dirichlet_lcb","benign_concept_drift","0.5","0","6","5","5","0.5","20","9","1.5","5","honest-10","honest","incumbent","ADMITTED","ADMITTED","9","9","0","4","4.882922989522995","1.5","0.7462875490779619","0.8370070466491786","0.6465358545084627","0.6465358545084627","0.1157982362815884","0.29254799703263074","50","50","50","0","0","False","False","NOT_APPLICABLE","","0","0.0","0","2.7719268798828125","50","50","50.0","","","moderate_shadow"
"cifar10","20","2","mixed_maturity","rffl_reputation","dirichlet_lcb","benign_concept_drift","0.5","0","6","5","5","0.5","20","9","1.5","5","honest-11","honest","incumbent","ADMITTED","ADMITTED","9","9","0","4","4.882922989522995","1.5","0.7462875490779619","0.8370070466491786","0.6465358545084627","0.6465358545084627","0.1157982362815884","0.29254799703263074","50","50","50","0","0","False","False","NOT_APPLICABLE","","0","0.0","0","3.8262414932250977","50","50","50.0","","","moderate_shadow"
"cifar10","20","2","mixed_maturity","rffl_reputation","dirichlet_lcb","benign_concept_drift","0.5","0","6","5","5","0.5","20","9","1.5","5","honest-12","honest","incumbent","ADMITTED","ADMITTED","9","9","0","4","4.882922989522995","1.5","0.7462875490779619","0.8370070466491786","0.6465358545084627","0.6465358545084627","0.1157982362815884","0.29254799703263074","50","50","50","0","0","False","False","NOT_APPLICABLE","","0","0.0","0","3.5585389137268066","50","50","50.0","","","moderate_shadow"
"cifar10","20","2","mixed_maturity","rffl_reputation","dirichlet_lcb","benign_concept_drift","0.5","0","6","5","5","0.5","20","9","1.5","5","honest-13","honest","incumbent","ADMITTED","ADMITTED","9","9","0","4","4.882922989522995","1.5","0.7462875490779619","0.8370070466491786","0.6465358545084627","0.6465358545084627","0.1157982362815884","0.29254799703263074","50","50","50","0","0","False","False","NOT_APPLICABLE","","0","0.0","0","3.3110909461975098","50","50","50.0","","","moderate_shadow"
"cifar10","20","2","mixed_maturity","rffl_reputation","dirichlet_lcb","benign_concept_drift","0.5","0","6","5","5","0.5","20","9","1.5","5","honest-14","honest","incumbent","ADMITTED","QUARANTINE","9","9","0","4","4.882922989522995","1.5","0.7462875490779619","0.8370070466491786","0.6465358545084627","0.6465358545084627","0.1157982362815884","0.29254799703263074","21","21","21","0","0","False","False","NOT_APPLICABLE","","0","0.0","0","4.036381721496582","21","21","21.0","21","RFFL_LOW_REPUTATION","moderate_shadow"
"cifar10","20","2","mixed_maturity","rffl_reputation","dirichlet_lcb","benign_concept_drift","0.5","0","6","5","5","0.5","20","9","1.5","5","honest-15","honest","incumbent","ADMITTED","ADMITTED","9","9","0","4","4.882922989522995","1.5","0.7462875490779619","0.8370070466491786","0.6465358545084627","0.6465358545084627","0.1157982362815884","0.29254799703263074","50","50","50","0","0","False","False","NOT_APPLICABLE","","0","0.0","0","4.169986724853516","50","50","50.0","","","moderate_shadow"
"cifar10","20","2","mixed_maturity","rffl_reputation","dirichlet_lcb","benign_concept_drift","0.5","0","6","5","5","0.5","20","9","1.5","5","honest-16","honest","incumbent","ADMITTED","ADMITTED","9","9","0","4","4.882922989522995","1.5","0.7462875490779619","0.8370070466491786","0.6465358545084627","0.6465358545084627","0.1157982362815884","0.29254799703263074","50","50","50","0","0","False","False","NOT_APPLICABLE","","0","0.0","0","2.446486473083496","50","50","50.0","","","moderate_shadow"
"cifar10","20","2","mixed_maturity","rffl_reputation","dirichlet_lcb","benign_concept_drift","0.5","0","6","5","5","0.5","20","9","1.5","5","honest-17","honest","incumbent","ADMITTED","ADMITTED","9","9","0","4","4.882922989522995","1.5","0.7462875490779619","0.8370070466491786","0.6465358545084627","0.6465358545084627","0.1157982362815884","0.29254799703263074","50","50","50","0","0","False","False","NOT_APPLICABLE","","0","0.0","0","3.9995856285095215","50","50","50.0","","","moderate_shadow"
"cifar10","20","2","mixed_maturity","rffl_reputation","dirichlet_lcb","benign_concept_drift","0.5","0","6","5","5","0.5","20","9","1.5","5","honest-18","honest","incumbent","ADMITTED","ADMITTED","9","9","0","4","4.882922989522995","1.5","0.7462875490779619","0.8370070466491786","0.6465358545084627","0.6465358545084627","0.1157982362815884","0.29254799703263074","50","50","50","0","0","False","False","NOT_APPLICABLE","","0","0.0","0","3.671971321105957","50","50","50.0","","","moderate_shadow"
"cifar10","20","2","mixed_maturity","rffl_reputation","dirichlet_lcb","benign_concept_drift","0.5","0","6","5","5","0.5","20","9","1.5","5","honest-2","honest","incumbent","ADMITTED","ADMITTED","9","9","0","4","4.882922989522995","1.5","0.7462875490779619","0.8370070466491786","0.6465358545084627","0.6465358545084627","0.1157982362815884","0.29254799703263074","50","50","50","0","0","False","False","NOT_APPLICABLE","","0","0.0","0","2.2162532806396484","50","50","50.0","","","moderate_shadow"
"cifar10","20","2","mixed_maturity","rffl_reputation","dirichlet_lcb","benign_concept_drift","0.5","0","6","5","5","0.5","20","9","1.5","5","honest-3","honest","incumbent","ADMITTED","ADMITTED","9","9","0","4","4.882922989522995","1.5","0.7462875490779619","0.8370070466491786","0.6465358545084627","0.6465358545084627","0.1157982362815884","0.29254799703263074","50","50","50","0","0","False","False","NOT_APPLICABLE","","0","0.0","0","2.4122140407562256","50","50","50.0","","","moderate_shadow"
"cifar10","20","2","mixed_maturity","rffl_reputation","dirichlet_lcb","benign_concept_drift","0.5","0","6","5","5","0.5","20","9","1.5","5","honest-4","honest","incumbent","ADMITTED","ADMITTED","9","9","0","4","4.882922989522995","1.5","0.7462875490779619","0.8370070466491786","0.6465358545084627","0.6465358545084627","0.1157982362815884","0.29254799703263074","50","50","50","0","0","False","False","NOT_APPLICABLE","","0","0.0","0","3.989994525909424","50","50","50.0","","","moderate_shadow"
"cifar10","20","2","mixed_maturity","rffl_reputation","dirichlet_lcb","benign_concept_drift","0.5","0","6","5","5","0.5","20","9","1.5","5","honest-5","honest","incumbent","ADMITTED","ADMITTED","9","9","0","4","4.882922989522995","1.5","0.7462875490779619","0.8370070466491786","0.6465358545084627","0.6465358545084627","0.1157982362815884","0.29254799703263074","50","50","50","0","0","False","False","NOT_APPLICABLE","","0","0.0","0","2.4316492080688477","50","50","50.0","","","moderate_shadow"
"cifar10","20","2","mixed_maturity","rffl_reputation","dirichlet_lcb","benign_concept_drift","0.5","0","6","5","5","0.5","20","9","1.5","5","honest-6","honest","incumbent","ADMITTED","ADMITTED","9","9","0","4","4.882922989522995","1.5","0.7462875490779619","0.8370070466491786","0.6465358545084627","0.6465358545084627","0.1157982362815884","0.29254799703263074","50","50","50","0","0","False","False","NOT_APPLICABLE","","0","0.0","0","2.647196054458618","50","50","50.0","","","moderate_shadow"
"cifar10","20","2","mixed_maturity","rffl_reputation","dirichlet_lcb","benign_concept_drift","0.5","0","6","5","5","0.5","20","9","1.5","5","honest-7","honest","incumbent","ADMITTED","ADMITTED","9","9","0","4","4.882922989522995","1.5","0.7462875490779619","0.8370070466491786","0.6465358545084627","0.6465358545084627","0.1157982362815884","0.29254799703263074","50","50","50","0","0","False","False","NOT_APPLICABLE","","0","0.0","0","93.80087995529175","50","50","50.0","","","moderate_shadow"
"cifar10","20","2","mixed_maturity","rffl_reputation","dirichlet_lcb","benign_concept_drift","0.5","0","6","5","5","0.5","20","9","1.5","5","honest-8","honest","incumbent","ADMITTED","ADMITTED","9","9","0","4","4.882922989522995","1.5","0.7462875490779619","0.8370070466491786","0.6465358545084627","0.6465358545084627","0.1157982362815884","0.29254799703263074","50","50","50","0","0","False","False","NOT_APPLICABLE","","0","0.0","0","3.5107619762420654","50","50","50.0","","","moderate_shadow"
"cifar10","20","2","mixed_maturity","rffl_reputation","dirichlet_lcb","benign_concept_drift","0.5","0","6","5","5","0.5","20","9","1.5","5","honest-9","honest","incumbent","ADMITTED","ADMITTED","9","9","0","4","4.882922989522995","1.5","0.7462875490779619","0.8370070466491786","0.6465358545084627","0.6465358545084627","0.1157982362815884","0.29254799703263074","50","50","50","0","0","False","False","NOT_APPLICABLE","","0","0.0","0","2.8410582542419434","50","50","50.0","","","moderate_shadow"
"cifar10","20","2","mixed_maturity","rffl_reputation","dirichlet_lcb","benign_concept_drift","0.5","1","6","5","5","0.5","20","9","1.5","5","attacker-1","benign_concept_drift","newcomer","ADMITTED","ADMITTED","9","9","0","4","4.882922989522995","1.5","0.7462875490779619","0.8370070466491786","0.6465358545084627","0.6465358545084627","0.1157982362815884","0.29254799703263074","50","50","50","0","0","False","False","NOT_APPLICABLE","","0","0.0","0","3.1054985523223877","50","50","50.0","","","moderate_shadow"
"cifar10","20","2","mixed_maturity","rffl_reputation","dirichlet_lcb","benign_concept_drift","0.5","1","6","5","5","0.5","20","9","1.5","5","attacker-2","benign_concept_drift","newcomer","ADMITTED","ADMITTED","9","9","0","4","4.882922989522995","1.5","0.7462875490779619","0.8370070466491786","0.6465358545084627","0.6465358545084627","0.1157982362815884","0.29254799703263074","50","50","50","0","0","False","False","NOT_APPLICABLE","","0","0.0","0","3.4176888465881348","50","50","50.0","","","moderate_shadow"
"cifar10","20","2","mixed_maturity","rffl_reputation","dirichlet_lcb","benign_concept_drift","0.5","1","6","5","5","0.5","20","9","1.5","5","honest-1","honest","incumbent","ADMITTED","ADMITTED","9","9","0","4","4.882922989522995","1.5","0.7462875490779619","0.8370070466491786","0.6465358545084627","0.6465358545084627","0.1157982362815884","0.29254799703263074","50","50","50","0","0","False","False","NOT_APPLICABLE","","0","0.0","0","2.343796491622925","50","50","50.0","","","moderate_shadow"
"cifar10","20","2","mixed_maturity","rffl_reputation","dirichlet_lcb","benign_concept_drift","0.5","1","6","5","5","0.5","20","9","1.5","5","honest-10","honest","incumbent","ADMITTED","ADMITTED","9","9","0","4","4.882922989522995","1.5","0.7462875490779619","0.8370070466491786","0.6465358545084627","0.6465358545084627","0.1157982362815884","0.29254799703263074","50","50","50","0","0","False","False","NOT_APPLICABLE","","0","0.0","0","32.90747594833374","50","50","50.0","","","moderate_shadow"
"cifar10","20","2","mixed_maturity","rffl_reputation","dirichlet_lcb","benign_concept_drift","0.5","1","6","5","5","0.5","20","9","1.5","5","honest-11","honest","incumbent","ADMITTED","ADMITTED","9","9","0","4","4.882922989522995","1.5","0.7462875490779619","0.8370070466491786","0.6465358545084627","0.6465358545084627","0.1157982362815884","0.29254799703263074","50","50","50","0","0","False","False","NOT_APPLICABLE","","0","0.0","0","2.2682390213012695","50","50","50.0","","","moderate_shadow"
"cifar10","20","2","mixed_maturity","rffl_reputation","dirichlet_lcb","benign_concept_drift","0.5","1","6","5","5","0.5","20","9","1.5","5","honest-12","honest","incumbent","ADMITTED","ADMITTED","9","9","0","4","4.882922989522995","1.5","0.7462875490779619","0.8370070466491786","0.6465358545084627","0.6465358545084627","0.1157982362815884","0.29254799703263074","50","50","50","0","0","False","False","NOT_APPLICABLE","","0","0.0","0","2.4131312370300293","50","50","50.0","","","moderate_shadow"
"cifar10","20","2","mixed_maturity","rffl_reputation","dirichlet_lcb","benign_concept_drift","0.5","1","6","5","5","0.5","20","9","1.5","5","honest-13","honest","incumbent","ADMITTED","ADMITTED","9","9","0","4","4.882922989522995","1.5","0.7462875490779619","0.8370070466491786","0.6465358545084627","0.6465358545084627","0.1157982362815884","0.29254799703263074","50","50","50","0","0","False","False","NOT_APPLICABLE","","0","0.0","0","3.2879860401153564","50","50","50.0","","","moderate_shadow"
"cifar10","20","2","mixed_maturity","rffl_reputation","dirichlet_lcb","benign_concept_drift","0.5","1","6","5","5","0.5","20","9","1.5","5","honest-14","honest","incumbent","ADMITTED","ADMITTED","9","9","0","4","4.882922989522995","1.5","0.7462875490779619","0.8370070466491786","0.6465358545084627","0.6465358545084627","0.1157982362815884","0.29254799703263074","50","50","50","0","0","False","False","NOT_APPLICABLE","","0","0.0","0","2.2336409091949463","50","50","50.0","","","moderate_shadow"
"cifar10","20","2","mixed_maturity","rffl_reputation","dirichlet_lcb","benign_concept_drift","0.5","1","6","5","5","0.5","20","9","1.5","5","honest-15","honest","incumbent","ADMITTED","ADMITTED","9","9","0","4","4.882922989522995","1.5","0.7462875490779619","0.8370070466491786","0.6465358545084627","0.6465358545084627","0.1157982362815884","0.29254799703263074","50","50","50","0","0","False","False","NOT_APPLICABLE","","0","0.0","0","2.1601786613464355","50","50","50.0","","","moderate_shadow"
"cifar10","20","2","mixed_maturity","rffl_reputation","dirichlet_lcb","benign_concept_drift","0.5","1","6","5","5","0.5","20","9","1.5","5","honest-16","honest","incumbent","ADMITTED","ADMITTED","9","9","0","4","4.882922989522995","1.5","0.7462875490779619","0.8370070466491786","0.6465358545084627","0.6465358545084627","0.1157982362815884","0.29254799703263074","50","50","50","0","0","False","False","NOT_APPLICABLE","","0","0.0","0","2.9275729656219482","50","50","50.0","","","moderate_shadow"
"cifar10","20","2","mixed_maturity","rffl_reputation","dirichlet_lcb","benign_concept_drift","0.5","1","6","5","5","0.5","20","9","1.5","5","honest-17","honest","incumbent","ADMITTED","ADMITTED","9","9","0","4","4.882922989522995","1.5","0.7462875490779619","0.8370070466491786","0.6465358545084627","0.6465358545084627","0.1157982362815884","0.29254799703263074","50","50","50","0","0","False","False","NOT_APPLICABLE","","0","0.0","0","3.1184043884277344","50","50","50.0","","","moderate_shadow"
"cifar10","20","2","mixed_maturity","rffl_reputation","dirichlet_lcb","benign_concept_drift","0.5","1","6","5","5","0.5","20","9","1.5","5","honest-18","honest","incumbent","ADMITTED","ADMITTED","9","9","0","3","4.5294892388817605","1.5","0.7401065581334588","0.8277664507491892","0.6288758803813109","0.6288758803813109","0.12091685363435191","0.27568090107538146","50","50","50","0","0","False","False","NOT_APPLICABLE","","0","0.0","0","32.708176136016846","50","50","50.0","","","moderate_shadow"
"cifar10","20","2","mixed_maturity","rffl_reputation","dirichlet_lcb","benign_concept_drift","0.5","1","6","5","5","0.5","20","9","1.5","5","honest-2","honest","incumbent","ADMITTED","ADMITTED","9","9","0","3","5.004489238881761","1.5","0.7503560216234088","0.8430201361031787","0.6581600617811678","0.6581600617811678","0.11238691964272261","0.3041175807403508","50","50","50","0","0","False","False","NOT_APPLICABLE","","0","0.0","0","63.07444787025452","50","50","50.0","","","moderate_shadow"
"cifar10","20","2","mixed_maturity","rffl_reputation","dirichlet_lcb","benign_concept_drift","0.5","1","6","5","5","0.5","20","9","1.5","5","honest-3","honest","incumbent","ADMITTED","ADMITTED","9","9","0","4","4.882922989522995","1.5","0.7462875490779619","0.8370070466491786","0.6465358545084627","0.6465358545084627","0.1157982362815884","0.29254799703263074","50","50","50","0","0","False","False","NOT_APPLICABLE","","0","0.0","0","33.044365882873535","50","50","50.0","","","moderate_shadow"
"cifar10","20","2","mixed_maturity","rffl_reputation","dirichlet_lcb","benign_concept_drift","0.5","1","6","5","5","0.5","20","9","1.5","5","honest-4","honest","incumbent","ADMITTED","ADMITTED","9","9","0","4","4.882922989522995","1.5","0.7462875490779619","0.8370070466491786","0.6465358545084627","0.6465358545084627","0.1157982362815884","0.29254799703263074","50","50","50","0","0","False","False","NOT_APPLICABLE","","0","0.0","0","2.3545618057250977","50","50","50.0","","","moderate_shadow"
"cifar10","20","2","mixed_maturity","rffl_reputation","dirichlet_lcb","benign_concept_drift","0.5","1","6","5","5","0.5","20","9","1.5","5","honest-5","honest","incumbent","ADMITTED","ADMITTED","9","9","0","4","4.882922989522995","1.5","0.7462875490779619","0.8370070466491786","0.6465358545084627","0.6465358545084627","0.1157982362815884","0.29254799703263074","50","50","50","0","0","False","False","NOT_APPLICABLE","","0","0.0","0","32.94105362892151","50","50","50.0","","","moderate_shadow"
"cifar10","20","2","mixed_maturity","rffl_reputation","dirichlet_lcb","benign_concept_drift","0.5","1","6","5","5","0.5","20","9","1.5","5","honest-6","honest","incumbent","ADMITTED","ADMITTED","9","9","0","4","4.882922989522995","1.5","0.7462875490779619","0.8370070466491786","0.6465358545084627","0.6465358545084627","0.1157982362815884","0.29254799703263074","50","50","50","0","0","False","False","NOT_APPLICABLE","","0","0.0","0","2.829599618911743","50","50","50.0","","","moderate_shadow"
"cifar10","20","2","mixed_maturity","rffl_reputation","dirichlet_lcb","benign_concept_drift","0.5","1","6","5","5","0.5","20","9","1.5","5","honest-7","honest","incumbent","ADMITTED","ADMITTED","9","9","0","4","4.882922989522995","1.5","0.7462875490779619","0.8370070466491786","0.6465358545084627","0.6465358545084627","0.1157982362815884","0.29254799703263074","50","50","50","0","0","False","False","NOT_APPLICABLE","","0","0.0","0","32.76765990257263","50","50","50.0","","","moderate_shadow"
"cifar10","20","2","mixed_maturity","rffl_reputation","dirichlet_lcb","benign_concept_drift","0.5","1","6","5","5","0.5","20","9","1.5","5","honest-8","honest","incumbent","ADMITTED","ADMITTED","9","9","0","4","4.882922989522995","1.5","0.7462875490779619","0.8370070466491786","0.6465358545084627","0.6465358545084627","0.1157982362815884","0.29254799703263074","50","50","50","0","0","False","False","NOT_APPLICABLE","","0","0.0","0","3.408254623413086","50","50","50.0","","","moderate_shadow"
"cifar10","20","2","mixed_maturity","rffl_reputation","dirichlet_lcb","benign_concept_drift","0.5","1","6","5","5","0.5","20","9","1.5","5","honest-9","honest","incumbent","ADMITTED","ADMITTED","9","9","0","4","4.882922989522995","1.5","0.7462875490779619","0.8370070466491786","0.6465358545084627","0.6465358545084627","0.1157982362815884","0.29254799703263074","50","50","50","0","0","False","False","NOT_APPLICABLE","","0","0.0","0","2.3672263622283936","50","50","50.0","","","moderate_shadow"
"cifar10","20","2","mixed_maturity","rffl_reputation","dirichlet_lcb","benign_concept_drift","0.5","2","6","5","5","0.5","20","9","1.5","5","attacker-1","benign_concept_drift","newcomer","ADMITTED","ADMITTED","9","9","0","4","4.882922989522995","1.5","0.7462875490779619","0.8370070466491786","0.6465358545084627","0.6465358545084627","0.1157982362815884","0.29254799703263074","50","50","50","0","0","False","False","NOT_APPLICABLE","","0","0.0","0","2.236544132232666","50","50","50.0","","","moderate_shadow"
"cifar10","20","2","mixed_maturity","rffl_reputation","dirichlet_lcb","benign_concept_drift","0.5","2","6","5","5","0.5","20","9","1.5","5","attacker-2","benign_concept_drift","newcomer","ADMITTED","ADMITTED","9","9","0","4","4.882922989522995","1.5","0.7462875490779619","0.8370070466491786","0.6465358545084627","0.6465358545084627","0.1157982362815884","0.29254799703263074","50","50","50","0","0","False","False","NOT_APPLICABLE","","0","0.0","0","2.537707805633545","50","50","50.0","","","moderate_shadow"
"cifar10","20","2","mixed_maturity","rffl_reputation","dirichlet_lcb","benign_concept_drift","0.5","2","6","5","5","0.5","20","9","1.5","5","honest-1","honest","incumbent","ADMITTED","ADMITTED","9","9","0","4","4.882922989522995","1.5","0.7462875490779619","0.8370070466491786","0.6465358545084627","0.6465358545084627","0.1157982362815884","0.29254799703263074","50","50","50","0","0","False","False","NOT_APPLICABLE","","0","0.0","0","33.6899049282074","50","50","50.0","","","moderate_shadow"
"cifar10","20","2","mixed_maturity","rffl_reputation","dirichlet_lcb","benign_concept_drift","0.5","2","6","5","5","0.5","20","9","1.5","5","honest-10","honest","incumbent","ADMITTED","ADMITTED","11","11","0","3","5.419531626612037","1.5","0.7509212720692868","0.8438513019312254","0.6597750630551052","0.6597750630551052","0.11191038163637629","0.3057557302355997","50","50","50","0","0","False","False","NOT_APPLICABLE","","0","0.0","0","63.502901792526245","50","50","50.0","","","moderate_shadow"
"cifar10","20","2","mixed_maturity","rffl_reputation","dirichlet_lcb","benign_concept_drift","0.5","2","6","5","5","0.5","20","9","1.5","5","honest-11","honest","incumbent","ADMITTED","ADMITTED","9","9","0","4","4.882922989522995","1.5","0.7462875490779619","0.8370070466491786","0.6465358545084627","0.6465358545084627","0.1157982362815884","0.29254799703263074","50","50","50","0","0","False","False","NOT_APPLICABLE","","0","0.0","0","33.56512761116028","50","50","50.0","","","moderate_shadow"
"cifar10","20","2","mixed_maturity","rffl_reputation","dirichlet_lcb","benign_concept_drift","0.5","2","6","5","5","0.5","20","9","1.5","5","honest-12","honest","incumbent","ADMITTED","ADMITTED","9","9","0","4","4.882922989522995","1.5","0.7462875490779619","0.8370070466491786","0.6465358545084627","0.6465358545084627","0.1157982362815884","0.29254799703263074","50","50","50","0","0","False","False","NOT_APPLICABLE","","0","0.0","0","32.85193419456482","50","50","50.0","","","moderate_shadow"
"cifar10","20","2","mixed_maturity","rffl_reputation","dirichlet_lcb","benign_concept_drift","0.5","2","6","5","5","0.5","20","9","1.5","5","honest-13","honest","incumbent","ADMITTED","ADMITTED","9","9","0","4","4.882922989522995","1.5","0.7462875490779619","0.8370070466491786","0.6465358545084627","0.6465358545084627","0.1157982362815884","0.29254799703263074","50","50","50","0","0","False","False","NOT_APPLICABLE","","0","0.0","0","2.2913594245910645","50","50","50.0","","","moderate_shadow"
"cifar10","20","2","mixed_maturity","rffl_reputation","dirichlet_lcb","benign_concept_drift","0.5","2","6","5","5","0.5","20","9","1.5","5","honest-14","honest","incumbent","ADMITTED","QUARANTINE","9","9","0","4","4.882922989522995","1.5","0.7462875490779619","0.8370070466491786","0.6465358545084627","0.6465358545084627","0.1157982362815884","0.29254799703263074","46","46","46","0","0","False","False","NOT_APPLICABLE","","0","0.0","0","2.290825843811035","46","46","46.0","46","RFFL_LOW_REPUTATION","moderate_shadow"
"cifar10","20","2","mixed_maturity","rffl_reputation","dirichlet_lcb","benign_concept_drift","0.5","2","6","5","5","0.5","20","9","1.5","5","honest-15","honest","incumbent","ADMITTED","ADMITTED","9","9","0","4","4.882922989522995","1.5","0.7462875490779619","0.8370070466491786","0.6465358545084627","0.6465358545084627","0.1157982362815884","0.29254799703263074","50","50","50","0","0","False","False","NOT_APPLICABLE","","0","0.0","0","2.2919256687164307","50","50","50.0","","","moderate_shadow"
"cifar10","20","2","mixed_maturity","rffl_reputation","dirichlet_lcb","benign_concept_drift","0.5","2","6","5","5","0.5","20","9","1.5","5","honest-16","honest","incumbent","ADMITTED","ADMITTED","9","9","0","4","4.882922989522995","1.5","0.7462875490779619","0.8370070466491786","0.6465358545084627","0.6465358545084627","0.1157982362815884","0.29254799703263074","50","50","50","0","0","False","False","NOT_APPLICABLE","","0","0.0","0","32.15711784362793","50","50","50.0","","","moderate_shadow"
"cifar10","20","2","mixed_maturity","rffl_reputation","dirichlet_lcb","benign_concept_drift","0.5","2","6","5","5","0.5","20","9","1.5","5","honest-17","honest","incumbent","ADMITTED","ADMITTED","9","9","0","4","4.882922989522995","1.5","0.7462875490779619","0.8370070466491786","0.6465358545084627","0.6465358545084627","0.1157982362815884","0.29254799703263074","50","50","50","0","0","False","False","NOT_APPLICABLE","","0","0.0","0","3.595872402191162","50","50","50.0","","","moderate_shadow"
"cifar10","20","2","mixed_maturity","rffl_reputation","dirichlet_lcb","benign_concept_drift","0.5","2","6","5","5","0.5","20","9","1.5","5","honest-18","honest","incumbent","ADMITTED","QUARANTINE","9","9","0","4","4.882922989522995","1.5","0.7462875490779619","0.8370070466491786","0.6465358545084627","0.6465358545084627","0.1157982362815884","0.29254799703263074","18","18","18","0","0","False","False","NOT_APPLICABLE","","0","0.0","0","2.90122127532959","18","18","18.0","18","RFFL_LOW_REPUTATION","moderate_shadow"
"cifar10","20","2","mixed_maturity","rffl_reputation","dirichlet_lcb","benign_concept_drift","0.5","2","6","5","5","0.5","20","9","1.5","5","honest-2","honest","incumbent","ADMITTED","ADMITTED","9","9","0","4","4.882922989522995","1.5","0.7462875490779619","0.8370070466491786","0.6465358545084627","0.6465358545084627","0.1157982362815884","0.29254799703263074","50","50","50","0","0","False","False","NOT_APPLICABLE","","0","0.0","0","2.9749178886413574","50","50","50.0","","","moderate_shadow"
"cifar10","20","2","mixed_maturity","rffl_reputation","dirichlet_lcb","benign_concept_drift","0.5","2","6","5","5","0.5","20","9","1.5","5","honest-3","honest","incumbent","ADMITTED","ADMITTED","9","9","0","4","4.882922989522995","1.5","0.7462875490779619","0.8370070466491786","0.6465358545084627","0.6465358545084627","0.1157982362815884","0.29254799703263074","50","50","50","0","0","False","False","NOT_APPLICABLE","","0","0.0","0","3.3540375232696533","50","50","50.0","","","moderate_shadow"
"cifar10","20","2","mixed_maturity","rffl_reputation","dirichlet_lcb","benign_concept_drift","0.5","2","6","5","5","0.5","20","9","1.5","5","honest-4","honest","incumbent","ADMITTED","ADMITTED","9","9","0","4","4.882922989522995","1.5","0.7462875490779619","0.8370070466491786","0.6465358545084627","0.6465358545084627","0.1157982362815884","0.29254799703263074","50","50","50","0","0","False","False","NOT_APPLICABLE","","0","0.0","0","3.7077009677886963","50","50","50.0","","","moderate_shadow"
"cifar10","20","2","mixed_maturity","rffl_reputation","dirichlet_lcb","benign_concept_drift","0.5","2","6","5","5","0.5","20","9","1.5","5","honest-5","honest","incumbent","ADMITTED","ADMITTED","9","9","0","4","4.882922989522995","1.5","0.7462875490779619","0.8370070466491786","0.6465358545084627","0.6465358545084627","0.1157982362815884","0.29254799703263074","50","50","50","0","0","False","False","NOT_APPLICABLE","","0","0.0","0","33.301379680633545","50","50","50.0","","","moderate_shadow"
"cifar10","20","2","mixed_maturity","rffl_reputation","dirichlet_lcb","benign_concept_drift","0.5","2","6","5","5","0.5","20","9","1.5","5","honest-6","honest","incumbent","ADMITTED","ADMITTED","9","9","0","4","4.882922989522995","1.5","0.7462875490779619","0.8370070466491786","0.6465358545084627","0.6465358545084627","0.1157982362815884","0.29254799703263074","50","50","50","0","0","False","False","NOT_APPLICABLE","","0","0.0","0","3.929661273956299","50","50","50.0","","","moderate_shadow"
"cifar10","20","2","mixed_maturity","rffl_reputation","dirichlet_lcb","benign_concept_drift","0.5","2","6","5","5","0.5","20","9","1.5","5","honest-7","honest","incumbent","ADMITTED","ADMITTED","9","9","0","4","4.882922989522995","1.5","0.7462875490779619","0.8370070466491786","0.6465358545084627","0.6465358545084627","0.1157982362815884","0.29254799703263074","50","50","50","0","0","False","False","NOT_APPLICABLE","","0","0.0","0","3.267207384109497","50","50","50.0","","","moderate_shadow"
"cifar10","20","2","mixed_maturity","rffl_reputation","dirichlet_lcb","benign_concept_drift","0.5","2","6","5","5","0.5","20","9","1.5","5","honest-8","honest","incumbent","ADMITTED","ADMITTED","9","9","0","4","4.882922989522995","1.5","0.7462875490779619","0.8370070466491786","0.6465358545084627","0.6465358545084627","0.1157982362815884","0.29254799703263074","50","50","50","0","0","False","False","NOT_APPLICABLE","","0","0.0","0","3.9243667125701904","50","50","50.0","","","moderate_shadow"
"cifar10","20","2","mixed_maturity","rffl_reputation","dirichlet_lcb","benign_concept_drift","0.5","2","6","5","5","0.5","20","9","1.5","5","honest-9","honest","incumbent","ADMITTED","ADMITTED","9","9","0","3","4.76698923888176","1.5","0.7437820368902304","0.8332768051183246","0.6393772482578011","0.6393772482578011","0.11788253356256753","0.28561047849957855","50","50","50","0","0","False","False","NOT_APPLICABLE","","0","0.0","0","32.5088210105896","50","50","50.0","","","moderate_shadow"
"cifar10","20","2","mixed_maturity","rffl_reputation","dirichlet_lcb","benign_concept_drift","0.5","3","6","5","5","0.5","20","9","1.5","5","attacker-1","benign_concept_drift","newcomer","ADMITTED","ADMITTED","9","9","0","4","4.882922989522995","1.5","0.7462875490779619","0.8370070466491786","0.6465358545084627","0.6465358545084627","0.1157982362815884","0.29254799703263074","50","50","50","0","0","False","False","NOT_APPLICABLE","","0","0.0","0","3.3759357929229736","50","50","50.0","","","moderate_shadow"
"cifar10","20","2","mixed_maturity","rffl_reputation","dirichlet_lcb","benign_concept_drift","0.5","3","6","5","5","0.5","20","9","1.5","5","attacker-2","benign_concept_drift","newcomer","ADMITTED","ADMITTED","9","9","0","4","4.882922989522995","1.5","0.7462875490779619","0.8370070466491786","0.6465358545084627","0.6465358545084627","0.1157982362815884","0.29254799703263074","50","50","50","0","0","False","False","NOT_APPLICABLE","","0","0.0","0","2.7602200508117676","50","50","50.0","","","moderate_shadow"
"cifar10","20","2","mixed_maturity","rffl_reputation","dirichlet_lcb","benign_concept_drift","0.5","3","6","5","5","0.5","20","9","1.5","5","honest-1","honest","incumbent","ADMITTED","ADMITTED","9","9","0","4","4.882922989522995","1.5","0.7462875490779619","0.8370070466491786","0.6465358545084627","0.6465358545084627","0.1157982362815884","0.29254799703263074","50","50","50","0","0","False","False","NOT_APPLICABLE","","0","0.0","0","3.274064540863037","50","50","50.0","","","moderate_shadow"
"cifar10","20","2","mixed_maturity","rffl_reputation","dirichlet_lcb","benign_concept_drift","0.5","3","6","5","5","0.5","20","9","1.5","5","honest-10","honest","incumbent","ADMITTED","ADMITTED","9","9","0","4","4.882922989522995","1.5","0.7462875490779619","0.8370070466491786","0.6465358545084627","0.6465358545084627","0.1157982362815884","0.29254799703263074","50","50","50","0","0","False","False","NOT_APPLICABLE","","0","0.0","0","2.5461740493774414","50","50","50.0","","","moderate_shadow"
"cifar10","20","2","mixed_maturity","rffl_reputation","dirichlet_lcb","benign_concept_drift","0.5","3","6","5","5","0.5","20","9","1.5","5","honest-11","honest","incumbent","ADMITTED","ADMITTED","9","9","0","4","4.882922989522995","1.5","0.7462875490779619","0.8370070466491786","0.6465358545084627","0.6465358545084627","0.1157982362815884","0.29254799703263074","50","50","50","0","0","False","False","NOT_APPLICABLE","","0","0.0","0","2.293827772140503","50","50","50.0","","","moderate_shadow"
"cifar10","20","2","mixed_maturity","rffl_reputation","dirichlet_lcb","benign_concept_drift","0.5","3","6","5","5","0.5","20","9","1.5","5","honest-12","honest","incumbent","ADMITTED","ADMITTED","9","9","0","4","4.882922989522995","1.5","0.7462875490779619","0.8370070466491786","0.6465358545084627","0.6465358545084627","0.1157982362815884","0.29254799703263074","50","50","50","0","0","False","False","NOT_APPLICABLE","","0","0.0","0","3.0867958068847656","50","50","50.0","","","moderate_shadow"
"cifar10","20","2","mixed_maturity","rffl_reputation","dirichlet_lcb","benign_concept_drift","0.5","3","6","5","5","0.5","20","9","1.5","5","honest-13","honest","incumbent","ADMITTED","ADMITTED","9","9","0","4","4.882922989522995","1.5","0.7462875490779619","0.8370070466491786","0.6465358545084627","0.6465358545084627","0.1157982362815884","0.29254799703263074","50","50","50","0","0","False","False","NOT_APPLICABLE","","0","0.0","0","2.370028495788574","50","50","50.0","","","moderate_shadow"
"cifar10","20","2","mixed_maturity","rffl_reputation","dirichlet_lcb","benign_concept_drift","0.5","3","6","5","5","0.5","20","9","1.5","5","honest-14","honest","incumbent","ADMITTED","ADMITTED","9","9","0","4","4.882922989522995","1.5","0.7462875490779619","0.8370070466491786","0.6465358545084627","0.6465358545084627","0.1157982362815884","0.29254799703263074","50","50","50","0","0","False","False","NOT_APPLICABLE","","0","0.0","0","3.3094279766082764","50","50","50.0","","","moderate_shadow"
"cifar10","20","2","mixed_maturity","rffl_reputation","dirichlet_lcb","benign_concept_drift","0.5","3","6","5","5","0.5","20","9","1.5","5","honest-15","honest","incumbent","ADMITTED","ADMITTED","9","9","0","4","4.882922989522995","1.5","0.7462875490779619","0.8370070466491786","0.6465358545084627","0.6465358545084627","0.1157982362815884","0.29254799703263074","50","50","50","0","0","False","False","NOT_APPLICABLE","","0","0.0","0","32.83113098144531","50","50","50.0","","","moderate_shadow"
"cifar10","20","2","mixed_maturity","rffl_reputation","dirichlet_lcb","benign_concept_drift","0.5","3","6","5","5","0.5","20","9","1.5","5","honest-16","honest","incumbent","ADMITTED","ADMITTED","9","9","0","3","5.004489238881761","1.5","0.7503560216234088","0.8430201361031787","0.6581600617811678","0.6581600617811678","0.11238691964272261","0.3041175807403508","50","50","50","0","0","False","False","NOT_APPLICABLE","","0","0.0","0","32.76359295845032","50","50","50.0","","","moderate_shadow"
"cifar10","20","2","mixed_maturity","rffl_reputation","dirichlet_lcb","benign_concept_drift","0.5","3","6","5","5","0.5","20","9","1.5","5","honest-17","honest","incumbent","ADMITTED","QUARANTINE","12","12","0","3","5.3499694871438415","1.5","0.7478143545076069","0.8392699711010733","0.6508981557360198","0.6508981557360198","0.11452190611753592","0.2968448682209436","21","21","21","0","0","False","False","NOT_APPLICABLE","","0","0.0","0","63.8819465637207","21","21","21.0","21","RFFL_LOW_REPUTATION","moderate_shadow"
"cifar10","20","2","mixed_maturity","rffl_reputation","dirichlet_lcb","benign_concept_drift","0.5","3","6","5","5","0.5","20","9","1.5","5","honest-18","honest","incumbent","ADMITTED","ADMITTED","9","9","0","4","4.882922989522995","1.5","0.7462875490779619","0.8370070466491786","0.6465358545084627","0.6465358545084627","0.1157982362815884","0.29254799703263074","50","50","50","0","0","False","False","NOT_APPLICABLE","","0","0.0","0","3.5911288261413574","50","50","50.0","","","moderate_shadow"
"cifar10","20","2","mixed_maturity","rffl_reputation","dirichlet_lcb","benign_concept_drift","0.5","3","6","5","5","0.5","20","9","1.5","5","honest-2","honest","incumbent","ADMITTED","ADMITTED","9","9","0","4","4.882922989522995","1.5","0.7462875490779619","0.8370070466491786","0.6465358545084627","0.6465358545084627","0.1157982362815884","0.29254799703263074","50","50","50","0","0","False","False","NOT_APPLICABLE","","0","0.0","0","2.366486072540283","50","50","50.0","","","moderate_shadow"
"cifar10","20","2","mixed_maturity","rffl_reputation","dirichlet_lcb","benign_concept_drift","0.5","3","6","5","5","0.5","20","9","1.5","5","honest-3","honest","incumbent","ADMITTED","ADMITTED","9","9","0","4","4.882922989522995","1.5","0.7462875490779619","0.8370070466491786","0.6465358545084627","0.6465358545084627","0.1157982362815884","0.29254799703263074","50","50","50","0","0","False","False","NOT_APPLICABLE","","0","0.0","0","2.717839479446411","50","50","50.0","","","moderate_shadow"
"cifar10","20","2","mixed_maturity","rffl_reputation","dirichlet_lcb","benign_concept_drift","0.5","3","6","5","5","0.5","20","9","1.5","5","honest-4","honest","incumbent","ADMITTED","ADMITTED","9","9","0","4","4.882922989522995","1.5","0.7462875490779619","0.8370070466491786","0.6465358545084627","0.6465358545084627","0.1157982362815884","0.29254799703263074","50","50","50","0","0","False","False","NOT_APPLICABLE","","0","0.0","0","33.46424150466919","50","50","50.0","","","moderate_shadow"
"cifar10","20","2","mixed_maturity","rffl_reputation","dirichlet_lcb","benign_concept_drift","0.5","3","6","5","5","0.5","20","9","1.5","5","honest-5","honest","incumbent","ADMITTED","ADMITTED","9","9","0","4","4.882922989522995","1.5","0.7462875490779619","0.8370070466491786","0.6465358545084627","0.6465358545084627","0.1157982362815884","0.29254799703263074","50","50","50","0","0","False","False","NOT_APPLICABLE","","0","0.0","0","33.219897985458374","50","50","50.0","","","moderate_shadow"
"cifar10","20","2","mixed_maturity","rffl_reputation","dirichlet_lcb","benign_concept_drift","0.5","3","6","5","5","0.5","20","9","1.5","5","honest-6","honest","incumbent","ADMITTED","ADMITTED","9","9","0","4","4.882922989522995","1.5","0.7462875490779619","0.8370070466491786","0.6465358545084627","0.6465358545084627","0.1157982362815884","0.29254799703263074","50","50","50","0","0","False","False","NOT_APPLICABLE","","0","0.0","0","33.30154609680176","50","50","50.0","","","moderate_shadow"
"cifar10","20","2","mixed_maturity","rffl_reputation","dirichlet_lcb","benign_concept_drift","0.5","3","6","5","5","0.5","20","9","1.5","5","honest-7","honest","incumbent","ADMITTED","ADMITTED","9","9","0","4","4.882922989522995","1.5","0.7462875490779619","0.8370070466491786","0.6465358545084627","0.6465358545084627","0.1157982362815884","0.29254799703263074","50","50","50","0","0","False","False","NOT_APPLICABLE","","0","0.0","0","2.4188804626464844","50","50","50.0","","","moderate_shadow"
"cifar10","20","2","mixed_maturity","rffl_reputation","dirichlet_lcb","benign_concept_drift","0.5","3","6","5","5","0.5","20","9","1.5","5","honest-8","honest","incumbent","ADMITTED","ADMITTED","9","9","0","4","4.882922989522995","1.5","0.7462875490779619","0.8370070466491786","0.6465358545084627","0.6465358545084627","0.1157982362815884","0.29254799703263074","50","50","50","0","0","False","False","NOT_APPLICABLE","","0","0.0","0","2.4912593364715576","50","50","50.0","","","moderate_shadow"
"cifar10","20","2","mixed_maturity","rffl_reputation","dirichlet_lcb","benign_concept_drift","0.5","3","6","5","5","0.5","20","9","1.5","5","honest-9","honest","incumbent","ADMITTED","ADMITTED","9","9","0","4","4.882922989522995","1.5","0.7462875490779619","0.8370070466491786","0.6465358545084627","0.6465358545084627","0.1157982362815884","0.29254799703263074","50","50","50","0","0","False","False","NOT_APPLICABLE","","0","0.0","0","2.1758997440338135","50","50","50.0","","","moderate_shadow"
"cifar10","20","2","mixed_maturity","rffl_reputation","dirichlet_lcb","benign_concept_drift","0.5","4","6","5","5","0.5","20","9","1.5","5","attacker-1","benign_concept_drift","newcomer","ADMITTED","ADMITTED","9","9","0","4","4.882922989522995","1.5","0.7462875490779619","0.8370070466491786","0.6465358545084627","0.6465358545084627","0.1157982362815884","0.29254799703263074","50","50","50","0","0","False","False","NOT_APPLICABLE","","0","0.0","0","2.572299003601074","50","50","50.0","","","moderate_shadow"
"cifar10","20","2","mixed_maturity","rffl_reputation","dirichlet_lcb","benign_concept_drift","0.5","4","6","5","5","0.5","20","9","1.5","5","attacker-2","benign_concept_drift","newcomer","ADMITTED","ADMITTED","9","9","0","4","4.882922989522995","1.5","0.7462875490779619","0.8370070466491786","0.6465358545084627","0.6465358545084627","0.1157982362815884","0.29254799703263074","50","50","50","0","0","False","False","NOT_APPLICABLE","","0","0.0","0","2.203061819076538","50","50","50.0","","","moderate_shadow"
"cifar10","20","2","mixed_maturity","rffl_reputation","dirichlet_lcb","benign_concept_drift","0.5","4","6","5","5","0.5","20","9","1.5","5","honest-1","honest","incumbent","ADMITTED","ADMITTED","9","9","0","4","4.882922989522995","1.5","0.7462875490779619","0.8370070466491786","0.6465358545084627","0.6465358545084627","0.1157982362815884","0.29254799703263074","50","50","50","0","0","False","False","NOT_APPLICABLE","","0","0.0","0","2.442209243774414","50","50","50.0","","","moderate_shadow"
"cifar10","20","2","mixed_maturity","rffl_reputation","dirichlet_lcb","benign_concept_drift","0.5","4","6","5","5","0.5","20","9","1.5","5","honest-10","honest","incumbent","ADMITTED","ADMITTED","9","9","0","4","4.882922989522995","1.5","0.7462875490779619","0.8370070466491786","0.6465358545084627","0.6465358545084627","0.1157982362815884","0.29254799703263074","50","50","50","0","0","False","False","NOT_APPLICABLE","","0","0.0","0","63.48282074928284","50","50","50.0","","","moderate_shadow"
"cifar10","20","2","mixed_maturity","rffl_reputation","dirichlet_lcb","benign_concept_drift","0.5","4","6","5","5","0.5","20","9","1.5","5","honest-11","honest","incumbent","ADMITTED","ADMITTED","9","9","0","4","4.882922989522995","1.5","0.7462875490779619","0.8370070466491786","0.6465358545084627","0.6465358545084627","0.1157982362815884","0.29254799703263074","50","50","50","0","0","False","False","NOT_APPLICABLE","","0","0.0","0","3.3990061283111572","50","50","50.0","","","moderate_shadow"
"cifar10","20","2","mixed_maturity","rffl_reputation","dirichlet_lcb","benign_concept_drift","0.5","4","6","5","5","0.5","20","9","1.5","5","honest-12","honest","incumbent","ADMITTED","ADMITTED","9","9","0","4","4.882922989522995","1.5","0.7462875490779619","0.8370070466491786","0.6465358545084627","0.6465358545084627","0.1157982362815884","0.29254799703263074","50","50","50","0","0","False","False","NOT_APPLICABLE","","0","0.0","0","3.6974282264709473","50","50","50.0","","","moderate_shadow"
"cifar10","20","2","mixed_maturity","rffl_reputation","dirichlet_lcb","benign_concept_drift","0.5","4","6","5","5","0.5","20","9","1.5","5","honest-13","honest","incumbent","ADMITTED","ADMITTED","9","9","0","4","4.882922989522995","1.5","0.7462875490779619","0.8370070466491786","0.6465358545084627","0.6465358545084627","0.1157982362815884","0.29254799703263074","50","50","50","0","0","False","False","NOT_APPLICABLE","","0","0.0","0","2.5181937217712402","50","50","50.0","","","moderate_shadow"
"cifar10","20","2","mixed_maturity","rffl_reputation","dirichlet_lcb","benign_concept_drift","0.5","4","6","5","5","0.5","20","9","1.5","5","honest-14","honest","incumbent","ADMITTED","ADMITTED","9","9","0","4","4.882922989522995","1.5","0.7462875490779619","0.8370070466491786","0.6465358545084627","0.6465358545084627","0.1157982362815884","0.29254799703263074","50","50","50","0","0","False","False","NOT_APPLICABLE","","0","0.0","0","3.4931163787841797","50","50","50.0","","","moderate_shadow"
"cifar10","20","2","mixed_maturity","rffl_reputation","dirichlet_lcb","benign_concept_drift","0.5","4","6","5","5","0.5","20","9","1.5","5","honest-15","honest","incumbent","ADMITTED","ADMITTED","9","9","0","4","4.882922989522995","1.5","0.7462875490779619","0.8370070466491786","0.6465358545084627","0.6465358545084627","0.1157982362815884","0.29254799703263074","50","50","50","0","0","False","False","NOT_APPLICABLE","","0","0.0","0","2.649366855621338","50","50","50.0","","","moderate_shadow"
"cifar10","20","2","mixed_maturity","rffl_reputation","dirichlet_lcb","benign_concept_drift","0.5","4","6","5","5","0.5","20","9","1.5","5","honest-16","honest","incumbent","ADMITTED","ADMITTED","9","9","0","4","4.882922989522995","1.5","0.7462875490779619","0.8370070466491786","0.6465358545084627","0.6465358545084627","0.1157982362815884","0.29254799703263074","50","50","50","0","0","False","False","NOT_APPLICABLE","","0","0.0","0","3.9199140071868896","50","50","50.0","","","moderate_shadow"
"cifar10","20","2","mixed_maturity","rffl_reputation","dirichlet_lcb","benign_concept_drift","0.5","4","6","5","5","0.5","20","9","1.5","5","honest-17","honest","incumbent","ADMITTED","ADMITTED","9","9","0","4","4.882922989522995","1.5","0.7462875490779619","0.8370070466491786","0.6465358545084627","0.6465358545084627","0.1157982362815884","0.29254799703263074","50","50","50","0","0","False","False","NOT_APPLICABLE","","0","0.0","0","2.7044732570648193","50","50","50.0","","","moderate_shadow"
"cifar10","20","2","mixed_maturity","rffl_reputation","dirichlet_lcb","benign_concept_drift","0.5","4","6","5","5","0.5","20","9","1.5","5","honest-18","honest","incumbent","ADMITTED","ADMITTED","9","9","0","4","4.882922989522995","1.5","0.7462875490779619","0.8370070466491786","0.6465358545084627","0.6465358545084627","0.1157982362815884","0.29254799703263074","50","50","50","0","0","False","False","NOT_APPLICABLE","","0","0.0","0","2.3274269104003906","50","50","50.0","","","moderate_shadow"
"cifar10","20","2","mixed_maturity","rffl_reputation","dirichlet_lcb","benign_concept_drift","0.5","4","6","5","5","0.5","20","9","1.5","5","honest-2","honest","incumbent","ADMITTED","ADMITTED","9","9","0","4","4.882922989522995","1.5","0.7262875490779619","0.8370070466491786","0.6465358545084627","0.6465358545084627","0.1157982362815884","0.29254799703263074","50","50","50","0","0","False","False","NOT_APPLICABLE","","0","0.0","0","33.97086429595947","50","50","50.0","","","moderate_shadow"
"cifar10","20","2","mixed_maturity","rffl_reputation","dirichlet_lcb","benign_concept_drift","0.5","4","6","5","5","0.5","20","9","1.5","5","honest-3","honest","incumbent","ADMITTED","ADMITTED","9","9","0","3","5.004489238881761","1.5","0.7503560216234088","0.8430201361031787","0.6581600617811678","0.6581600617811678","0.11238691964272261","0.3041175807403508","50","50","50","0","0","False","False","NOT_APPLICABLE","","0","0.0","0","32.56698274612427","50","50","50.0","","","moderate_shadow"
"cifar10","20","2","mixed_maturity","rffl_reputation","dirichlet_lcb","benign_concept_drift","0.5","4","6","5","5","0.5","20","9","1.5","5","honest-4","honest","incumbent","ADMITTED","ADMITTED","9","9","0","4","4.882922989522995","1.5","0.7462875490779619","0.8370070466491786","0.6465358545084627","0.6465358545084627","0.1157982362815884","0.29254799703263074","50","50","50","0","0","False","False","NOT_APPLICABLE","","0","0.0","0","33.035085678100586","50","50","50.0","","","moderate_shadow"
"cifar10","20","2","mixed_maturity","rffl_reputation","dirichlet_lcb","benign_concept_drift","0.5","4","6","5","5","0.5","20","9","1.5","5","honest-5","honest","incumbent","ADMITTED","ADMITTED","9","9","0","4","4.882922989522995","1.5","0.7462875490779619","0.8370070466491786","0.6465358545084627","0.6465358545084627","0.1157982362815884","0.29254799703263074","50","50","50","0","0","False","False","NOT_APPLICABLE","","0","0.0","0","3.768350839614868","50","50","50.0","","","moderate_shadow"
"cifar10","20","2","mixed_maturity","rffl_reputation","dirichlet_lcb","benign_concept_drift","0.5","4","6","5","5","0.5","20","9","1.5","5","honest-6","honest","incumbent","ADMITTED","ADMITTED","9","9","0","4","4.882922989522995","1.5","0.7462875490779619","0.8370070466491786","0.6465358545084627","0.6465358545084627","0.1157982362815884","0.29254799703263074","50","50","50","0","0","False","False","NOT_APPLICABLE","","0","0.0","0","3.6653029918670654","50","50","50.0","","","moderate_shadow"
"cifar10","20","2","mixed_maturity","rffl_reputation","dirichlet_lcb","benign_concept_drift","0.5","4","6","5","5","0.5","20","9","1.5","5","honest-7","honest","incumbent","ADMITTED","ADMITTED","9","9","0","4","4.882922989522995","1.5","0.7462875490779619","0.8370070466491786","0.6465358545084627","0.6465358545084627","0.1157982362815884","0.29254799703263074","50","50","50","0","0","False","False","NOT_APPLICABLE","","0","0.0","0","2.1508758068084717","50","50","50.0","","","moderate_shadow"
"cifar10","20","2","mixed_maturity","rffl_reputation","dirichlet_lcb","benign_concept_drift","0.5","4","6","5","5","0.5","20","9","1.5","5","honest-8","honest","incumbent","ADMITTED","ADMITTED","9","9","0","4","4.882922989522995","1.5","0.7462875490779619","0.8370070466491786","0.6465358545084627","0.6465358545084627","0.1157982362815884","0.29254799703263074","50","50","50","0","0","False","False","NOT_APPLICABLE","","0","0.0","0","3.374265670776367","50","50","50.0","","","moderate_shadow"
"cifar10","20","2","mixed_maturity","rffl_reputation","dirichlet_lcb","benign_concept_drift","0.5","4","6","5","5","0.5","20","9","1.5","5","honest-9","honest","incumbent","ADMITTED","ADMITTED","9","9","0","4","4.882922989522995","1.5","0.7462875490779619","0.8370070466491786","0.6465358545084627","0.6465358545084627","0.1157982362815884","0.29254799703263074","50","50","50","0","0","False","False","NOT_APPLICABLE","","0","0.0","0","3.712799549102783","50","50","50.0","","","moderate_shadow"
"cifar10","20","2","mixed_maturity","rffl_reputation","dirichlet_lcb","benign_concept_drift","0.5","5","6","5","5","0.5","20","9","1.5","5","attacker-1","benign_concept_drift","newcomer","ADMITTED","ADMITTED","9","9","0","4","4.882922989522995","1.5","0.7462875490779619","0.8370070466491786","0.6465358545084627","0.6465358545084627","0.1157982362815884","0.29254799703263074","50","50","50","0","0","False","False","NOT_APPLICABLE","","0","0.0","0","2.9999091625213623","50","50","50.0","","","moderate_shadow"
"cifar10","20","2","mixed_maturity","rffl_reputation","dirichlet_lcb","benign_concept_drift","0.5","5","6","5","5","0.5","20","9","1.5","5","attacker-2","benign_concept_drift","newcomer","ADMITTED","ADMITTED","9","9","0","4","4.882922989522995","1.5","0.7462875490779619","0.8370070466491786","0.6465358545084627","0.6465358545084627","0.1157982362815884","0.29254799703263074","50","50","50","0","0","False","False","NOT_APPLICABLE","","0","0.0","0","3.419955015182495","50","50","50.0","","","moderate_shadow"
"cifar10","20","2","mixed_maturity","rffl_reputation","dirichlet_lcb","benign_concept_drift","0.5","5","6","5","5","0.5","20","9","1.5","5","honest-1","honest","incumbent","ADMITTED","ADMITTED","9","9","0","3","4.76698923888176","1.5","0.7437820368902304","0.8332768051183246","0.6393772482578011","0.6393772482578011","0.11788253356256753","0.28561047849957855","50","50","50","0","0","False","False","NOT_APPLICABLE","","0","0.0","0","32.42961072921753","50","50","50.0","","","moderate_shadow"
"cifar10","20","2","mixed_maturity","rffl_reputation","dirichlet_lcb","benign_concept_drift","0.5","5","6","5","5","0.5","20","9","1.5","5","honest-10","honest","incumbent","ADMITTED","ADMITTED","9","9","0","4","4.882922989522995","1.5","0.7462875490779619","0.8370070466491786","0.6465358545084627","0.6465358545084627","0.1157982362815884","0.29254799703263074","50","50","50","0","0","False","False","NOT_APPLICABLE","","0","0.0","0","3.0580101013183594","50","50","50.0","","","moderate_shadow"
"cifar10","20","2","mixed_maturity","rffl_reputation","dirichlet_lcb","benign_concept_drift","0.5","5","6","5","5","0.5","20","9","1.5","5","honest-11","honest","incumbent","ADMITTED","ADMITTED","9","9","0","3","4.5294892388817605","1.5","0.7401065581334588","0.8277664507491892","0.6288758803813109","0.6288758803813109","0.12091685363435191","0.27568090107538146","50","50","50","0","0","False","False","NOT_APPLICABLE","","0","0.0","0","32.8095064163208","50","50","50.0","","","moderate_shadow"
"cifar10","20","2","mixed_maturity","rffl_reputation","dirichlet_lcb","benign_concept_drift","0.5","5","6","5","5","0.5","20","9","1.5","5","honest-12","honest","incumbent","ADMITTED","ADMITTED","9","9","0","4","4.882922989522995","1.5","0.7462875490779619","0.8370070466491786","0.6465358545084627","0.6465358545084627","0.1157982362815884","0.29254799703263074","50","50","50","0","0","False","False","NOT_APPLICABLE","","0","0.0","0","32.43867492675781","50","50","50.0","","","moderate_shadow"
"cifar10","20","2","mixed_maturity","rffl_reputation","dirichlet_lcb","benign_concept_drift","0.5","5","6","5","5","0.5","20","9","1.5","5","honest-13","honest","incumbent","ADMITTED","ADMITTED","9","9","0","4","4.882922989522995","1.5","0.7462875490779619","0.8370070466491786","0.6465358545084627","0.6465358545084627","0.1157982362815884","0.29254799703263074","50","50","50","0","0","False","False","NOT_APPLICABLE","","0","0.0","0","3.025970935821533","50","50","50.0","","","moderate_shadow"
"cifar10","20","2","mixed_maturity","rffl_reputation","dirichlet_lcb","benign_concept_drift","0.5","5","6","5","5","0.5","20","9","1.5","5","honest-14","honest","incumbent","ADMITTED","ADMITTED","9","9","0","4","4.882922989522995","1.5","0.7462875490779619","0.8370070466491786","0.6465358545084627","0.6465358545084627","0.1157982362815884","0.29254799703263074","50","50","50","0","0","False","False","NOT_APPLICABLE","","0","0.0","0","2.472137212753296","50","50","50.0","","","moderate_shadow"
"cifar10","20","2","mixed_maturity","rffl_reputation","dirichlet_lcb","benign_concept_drift","0.5","5","6","5","5","0.5","20","9","1.5","5","honest-15","honest","incumbent","ADMITTED","ADMITTED","9","9","0","4","4.882922989522995","1.5","0.7462875490779619","0.8370070466491786","0.6465358545084627","0.6465358545084627","0.1157982362815884","0.29254799703263074","50","50","50","0","0","False","False","NOT_APPLICABLE","","0","0.0","0","3.409257411956787","50","50","50.0","","","moderate_shadow"
"cifar10","20","2","mixed_maturity","rffl_reputation","dirichlet_lcb","benign_concept_drift","0.5","5","6","5","5","0.5","20","9","1.5","5","honest-16","honest","incumbent","ADMITTED","ADMITTED","9","9","0","4","4.882922989522995","1.5","0.7462875490779619","0.8370070466491786","0.6465358545084627","0.6465358545084627","0.1157982362815884","0.29254799703263074","50","50","50","0","0","False","False","NOT_APPLICABLE","","0","0.0","0","2.2901859283447266","50","50","50.0","","","moderate_shadow"
"cifar10","20","2","mixed_maturity","rffl_reputation","dirichlet_lcb","benign_concept_drift","0.5","5","6","5","5","0.5","20","9","1.5","5","honest-17","honest","incumbent","ADMITTED","ADMITTED","9","9","0","3","4.5294892388817605","1.5","0.7401065581334588","0.8277664507491892","0.6288758803813109","0.6288758803813109","0.12091685363435191","0.27568090107538146","50","50","50","0","0","False","False","NOT_APPLICABLE","","0","0.0","0","32.58918833732605","50","50","50.0","","","moderate_shadow"
"cifar10","20","2","mixed_maturity","rffl_reputation","dirichlet_lcb","benign_concept_drift","0.5","5","6","5","5","0.5","20","9","1.5","5","honest-18","honest","incumbent","ADMITTED","ADMITTED","9","9","0","4","4.882922989522995","1.5","0.7462875490779619","0.8370070466491786","0.6465358545084627","0.6465358545084627","0.1157982362815884","0.29254799703263074","50","50","50","0","0","False","False","NOT_APPLICABLE","","0","0.0","0","2.6228456497192383","50","50","50.0","","","moderate_shadow"
"cifar10","20","2","mixed_maturity","rffl_reputation","dirichlet_lcb","benign_concept_drift","0.5","5","6","5","5","0.5","20","9","1.5","5","honest-2","honest","incumbent","ADMITTED","ADMITTED","9","9","0","4","4.882922989522995","1.5","0.7462875490779619","0.8370070466491786","0.6465358545084627","0.6465358545084627","0.1157982362815884","0.29254799703263074","50","50","50","0","0","False","False","NOT_APPLICABLE","","0","0.0","0","2.3613157272338867","50","50","50.0","","","moderate_shadow"
"cifar10","20","2","mixed_maturity","rffl_reputation","dirichlet_lcb","benign_concept_drift","0.5","5","6","5","5","0.5","20","9","1.5","5","honest-3","honest","incumbent","ADMITTED","ADMITTED","9","9","0","4","4.882922989522995","1.5","0.7462875490779619","0.8370070466491786","0.6465358545084627","0.6465358545084627","0.1157982362815884","0.29254799703263074","50","50","50","0","0","False","False","NOT_APPLICABLE","","0","0.0","0","3.261604070663452","50","50","50.0","","","moderate_shadow"
"cifar10","20","2","mixed_maturity","rffl_reputation","dirichlet_lcb","benign_concept_drift","0.5","5","6","5","5","0.5","20","9","1.5","5","honest-4","honest","incumbent","ADMITTED","ADMITTED","9","9","0","4","4.882922989522995","1.5","0.7462875490779619","0.8370070466491786","0.6465358545084627","0.6465358545084627","0.1157982362815884","0.29254799703263074","50","50","50","0","0","False","False","NOT_APPLICABLE","","0","0.0","0","3.4178731441497803","50","50","50.0","","","moderate_shadow"
"cifar10","20","2","mixed_maturity","rffl_reputation","dirichlet_lcb","benign_concept_drift","0.5","5","6","5","5","0.5","20","9","1.5","5","honest-5","honest","incumbent","ADMITTED","ADMITTED","9","9","0","4","4.882922989522995","1.5","0.7462875490779619","0.8370070466491786","0.6465358545084627","0.6465358545084627","0.1157982362815884","0.29254799703263074","50","50","50","0","0","False","False","NOT_APPLICABLE","","0","0.0","0","32.5959198474884","50","50","50.0","","","moderate_shadow"
"cifar10","20","2","mixed_maturity","rffl_reputation","dirichlet_lcb","benign_concept_drift","0.5","5","6","5","5","0.5","20","9","1.5","5","honest-6","honest","incumbent","ADMITTED","ADMITTED","9","9","0","4","4.882922989522995","1.5","0.7462875490779619","0.8370070466491786","0.6465358545084627","0.6465358545084627","0.1157982362815884","0.29254799703263074","50","50","50","0","0","False","False","NOT_APPLICABLE","","0","0.0","0","3.062145233154297","50","50","50.0","","","moderate_shadow"
"cifar10","20","2","mixed_maturity","rffl_reputation","dirichlet_lcb","benign_concept_drift","0.5","5","6","5","5","0.5","20","9","1.5","5","honest-7","honest","incumbent","ADMITTED","ADMITTED","9","9","0","4","4.882922989522995","1.5","0.7462875490779619","0.8370070466491786","0.6465358545084627","0.6465358545084627","0.1157982362815884","0.29254799703263074","50","50","50","0","0","False","False","NOT_APPLICABLE","","0","0.0","0","2.102909564971924","50","50","50.0","","","moderate_shadow"
"cifar10","20","2","mixed_maturity","rffl_reputation","dirichlet_lcb","benign_concept_drift","0.5","5","6","5","5","0.5","20","9","1.5","5","honest-8","honest","incumbent","ADMITTED","ADMITTED","9","9","0","4","4.882922989522995","1.5","0.7462875490779619","0.8370070466491786","0.6465358545084627","0.6465358545084627","0.1157982362815884","0.29254799703263074","50","50","50","0","0","False","False","NOT_APPLICABLE","","0","0.0","0","2.468831777572632","50","50","50.0","","","moderate_shadow"
"cifar10","20","2","mixed_maturity","rffl_reputation","dirichlet_lcb","benign_concept_drift","0.5","5","6","5","5","0.5","20","9","1.5","5","honest-9","honest","incumbent","ADMITTED","ADMITTED","9","9","0","4","4.882922989522995","1.5","0.7462875490779619","0.8370070466491786","0.6465358545084627","0.6465358545084627","0.1157982362815884","0.29254799703263074","50","50","50","0","0","False","False","NOT_APPLICABLE","","0","0.0","0","3.1125123500823975","50","50","50.0","","","moderate_shadow"
"cifar10","20","2","mixed_maturity","rffl_reputation","dirichlet_lcb","benign_concept_drift","0.5","6","6","5","5","0.5","20","9","1.5","5","attacker-1","benign_concept_drift","newcomer","ADMITTED","ADMITTED","9","9","0","4","4.882922989522995","1.5","0.7462875490779619","0.8370070466491786","0.6465358545084627","0.6465358545084627","0.1157982362815884","0.29254799703263074","50","50","50","0","0","False","False","NOT_APPLICABLE","","0","0.0","0","2.2670223712921143","50","50","50.0","","","moderate_shadow"
"cifar10","20","2","mixed_maturity","rffl_reputation","dirichlet_lcb","benign_concept_drift","0.5","6","6","5","5","0.5","20","9","1.5","5","attacker-2","benign_concept_drift","newcomer","ADMITTED","ADMITTED","9","9","0","4","4.882922989522995","1.5","0.7462875490779619","0.8370070466491786","0.6465358545084627","0.6465358545084627","0.1157982362815884","0.29254799703263074","50","50","50","0","0","False","False","NOT_APPLICABLE","","0","0.0","0","3.5338895320892334","50","50","50.0","","","moderate_shadow"
"cifar10","20","2","mixed_maturity","rffl_reputation","dirichlet_lcb","benign_concept_drift","0.5","6","6","5","5","0.5","20","9","1.5","5","honest-1","honest","incumbent","ADMITTED","ADMITTED","9","9","0","4","4.882922989522995","1.5","0.7462875490779619","0.8370070466491786","0.6465358545084627","0.6465358545084627","0.1157982362815884","0.29254799703263074","50","50","50","0","0","False","False","NOT_APPLICABLE","","0","0.0","0","2.6494498252868652","50","50","50.0","","","moderate_shadow"
"cifar10","20","2","mixed_maturity","rffl_reputation","dirichlet_lcb","benign_concept_drift","0.5","6","6","5","5","0.5","20","9","1.5","5","honest-10","honest","incumbent","ADMITTED","ADMITTED","9","9","0","4","4.882922989522995","1.5","0.7462875490779619","0.8370070466491786","0.6465358545084627","0.6465358545084627","0.1157982362815884","0.29254799703263074","50","50","50","0","0","False","False","NOT_APPLICABLE","","0","0.0","0","3.754035234451294","50","50","50.0","","","moderate_shadow"
"cifar10","20","2","mixed_maturity","rffl_reputation","dirichlet_lcb","benign_concept_drift","0.5","6","6","5","5","0.5","20","9","1.5","5","honest-11","honest","incumbent","ADMITTED","ADMITTED","9","9","0","4","4.882922989522995","1.5","0.7462875490779619","0.8370070466491786","0.6465358545084627","0.6465358545084627","0.1157982362815884","0.29254799703263074","50","50","50","0","0","False","False","NOT_APPLICABLE","","0","0.0","0","3.244464635848999","50","50","50.0","","","moderate_shadow"
"cifar10","20","2","mixed_maturity","rffl_reputation","dirichlet_lcb","benign_concept_drift","0.5","6","6","5","5","0.5","20","9","1.5","5","honest-12","honest","incumbent","ADMITTED","ADMITTED","9","9","0","4","4.882922989522995","1.5","0.7462875490779619","0.8370070466491786","0.6465358545084627","0.6465358545084627","0.1157982362815884","0.29254799703263074","50","50","50","0","0","False","False","NOT_APPLICABLE","","0","0.0","0","2.7597391605377197","50","50","50.0","","","moderate_shadow"
"cifar10","20","2","mixed_maturity","rffl_reputation","dirichlet_lcb","benign_concept_drift","0.5","6","6","5","5","0.5","20","9","1.5","5","honest-13","honest","incumbent","ADMITTED","ADMITTED","9","9","0","4","4.882922989522995","1.5","0.7462875490779619","0.8370070466491786","0.6465358545084627","0.6465358545084627","0.1157982362815884","0.29254799703263074","50","50","50","0","0","False","False","NOT_APPLICABLE","","0","0.0","0","3.23158860206604","50","50","50.0","","","moderate_shadow"
"cifar10","20","2","mixed_maturity","rffl_reputation","dirichlet_lcb","benign_concept_drift","0.5","6","6","5","5","0.5","20","9","1.5","5","honest-14","honest","incumbent","ADMITTED","ADMITTED","9","9","0","4","4.882922989522995","1.5","0.7462875490779619","0.8370070466491786","0.6465358545084627","0.6465358545084627","0.1157982362815884","0.29254799703263074","50","50","50","0","0","False","False","NOT_APPLICABLE","","0","0.0","0","3.5148863792419434","50","50","50.0","","","moderate_shadow"
"cifar10","20","2","mixed_maturity","rffl_reputation","dirichlet_lcb","benign_concept_drift","0.5","6","6","5","5","0.5","20","9","1.5","5","honest-15","honest","incumbent","ADMITTED","ADMITTED","9","9","0","4","4.882922989522995","1.5","0.7462875490779619","0.8370070466491786","0.6465358545084627","0.6465358545084627","0.1157982362815884","0.29254799703263074","50","50","50","0","0","False","False","NOT_APPLICABLE","","0","0.0","0","2.471048593521118","50","50","50.0","","","moderate_shadow"
"cifar10","20","2","mixed_maturity","rffl_reputation","dirichlet_lcb","benign_concept_drift","0.5","6","6","5","5","0.5","20","9","1.5","5","honest-16","honest","incumbent","ADMITTED","ADMITTED","9","9","0","4","4.882922989522995","1.5","0.7462875490779619","0.8370070466491786","0.6465358545084627","0.6465358545084627","0.1157982362815884","0.29254799703263074","50","50","50","0","0","False","False","NOT_APPLICABLE","","0","0.0","0","2.345186233520508","50","50","50.0","","","moderate_shadow"
"cifar10","20","2","mixed_maturity","rffl_reputation","dirichlet_lcb","benign_concept_drift","0.5","6","6","5","5","0.5","20","9","1.5","5","honest-17","honest","incumbent","ADMITTED","ADMITTED","9","9","0","4","4.882922989522995","1.5","0.7462875490779619","0.8370070466491786","0.6465358545084627","0.6465358545084627","0.1157982362815884","0.29254799703263074","50","50","50","0","0","False","False","NOT_APPLICABLE","","0","0.0","0","3.541841506958008","50","50","50.0","","","moderate_shadow"
"cifar10","20","2","mixed_maturity","rffl_reputation","dirichlet_lcb","benign_concept_drift","0.5","6","6","5","5","0.5","20","9","1.5","5","honest-18","honest","incumbent","ADMITTED","ADMITTED","9","9","0","4","4.882922989522995","1.5","0.7462875490779619","0.8370070466491786","0.6465358545084627","0.6465358545084627","0.1157982362815884","0.29254799703263074","50","50","50","0","0","False","False","NOT_APPLICABLE","","0","0.0","0","3.284041404724121","50","50","50.0","","","moderate_shadow"
"cifar10","20","2","mixed_maturity","rffl_reputation","dirichlet_lcb","benign_concept_drift","0.5","6","6","5","5","0.5","20","9","1.5","5","honest-2","honest","incumbent","ADMITTED","ADMITTED","9","9","0","4","4.882922989522995","1.5","0.7462875490779619","0.8370070466491786","0.6465358545084627","0.6465358545084627","0.1157982362815884","0.29254799703263074","50","50","50","0","0","False","False","NOT_APPLICABLE","","0","0.0","0","3.521940231323242","50","50","50.0","","","moderate_shadow"
"cifar10","20","2","mixed_maturity","rffl_reputation","dirichlet_lcb","benign_concept_drift","0.5","6","6","5","5","0.5","20","9","1.5","5","honest-3","honest","incumbent","ADMITTED","ADMITTED","9","9","0","4","4.882922989522995","1.5","0.7462875490779619","0.8370070466491786","0.6465358545084627","0.6465358545084627","0.1157982362815884","0.29254799703263074","50","50","50","0","0","False","False","NOT_APPLICABLE","","0","0.0","0","3.3901171684265137","50","50","50.0","","","moderate_shadow"
"cifar10","20","2","mixed_maturity","rffl_reputation","dirichlet_lcb","benign_concept_drift","0.5","6","6","5","5","0.5","20","9","1.5","5","honest-4","honest","incumbent","ADMITTED","ADMITTED","9","9","0","4","4.882922989522995","1.5","0.7462875490779619","0.8370070466491786","0.6465358545084627","0.6465358545084627","0.1157982362815884","0.29254799703263074","50","50","50","0","0","False","False","NOT_APPLICABLE","","0","0.0","0","2.6716079711914062","50","50","50.0","","","moderate_shadow"
"cifar10","20","2","mixed_maturity","rffl_reputation","dirichlet_lcb","benign_concept_drift","0.5","6","6","5","5","0.5","20","9","1.5","5","honest-5","honest","incumbent","ADMITTED","ADMITTED","9","9","0","4","4.882922989522995","1.5","0.7462875490779619","0.8370070466491786","0.6465358545084627","0.6465358545084627","0.1157982362815884","0.29254799703263074","50","50","50","0","0","False","False","NOT_APPLICABLE","","0","0.0","0","2.9512228965759277","50","50","50.0","","","moderate_shadow"
"cifar10","20","2","mixed_maturity","rffl_reputation","dirichlet_lcb","benign_concept_drift","0.5","6","6","5","5","0.5","20","9","1.5","5","honest-6","honest","incumbent","ADMITTED","ADMITTED","9","9","0","4","4.882922989522995","1.5","0.7462875490779619","0.8370070466491786","0.6465358545084627","0.6465358545084627","0.1157982362815884","0.29254799703263074","50","50","50","0","0","False","False","NOT_APPLICABLE","","0","0.0","0","2.551656484603882","50","50","50.0","","","moderate_shadow"
"cifar10","20","2","mixed_maturity","rffl_reputation","dirichlet_lcb","benign_concept_drift","0.5","6","6","5","5","0.5","20","9","1.5","5","honest-7","honest","incumbent","ADMITTED","ADMITTED","9","9","0","4","4.882922989522995","1.5","0.7462875490779619","0.8370070466491786","0.6465358545084627","0.6465358545084627","0.1157982362815884","0.29254799703263074","50","50","50","0","0","False","False","NOT_APPLICABLE","","0","0.0","0","2.709221839904785","50","50","50.0","","","moderate_shadow"
"cifar10","20","2","mixed_maturity","rffl_reputation","dirichlet_lcb","benign_concept_drift","0.5","6","6","5","5","0.5","20","9","1.5","5","honest-8","honest","incumbent","ADMITTED","ADMITTED","9","9","0","4","4.882922989522995","1.5","0.7462875490779619","0.8370070466491786","0.6465358545084627","0.6465358545084627","0.1157982362815884","0.29254799703263074","50","50","50","0","0","False","False","NOT_APPLICABLE","","0","0.0","0","3.059831380844116","50","50","50.0","","","moderate_shadow"
"cifar10","20","2","mixed_maturity","rffl_reputation","dirichlet_lcb","benign_concept_drift","0.5","6","6","5","5","0.5","20","9","1.5","5","honest-9","honest","incumbent","ADMITTED","ADMITTED","9","9","0","4","4.882922989522995","1.5","0.7462875490779619","0.8370070466491786","0.6465358545084627","0.6465358545084627","0.1157982362815884","0.29254799703263074","50","50","50","0","0","False","False","NOT_APPLICABLE","","0","0.0","0","3.127347946166992","50","50","50.0","","","moderate_shadow"
"cifar10","20","2","mixed_maturity","rffl_reputation","dirichlet_lcb","benign_concept_drift","0.5","7","6","5","5","0.5","20","9","1.5","5","attacker-1","benign_concept_drift","newcomer","ADMITTED","ADMITTED","9","9","0","4","4.882922989522995","1.5","0.7462875490779619","0.8370070466491786","0.6465358545084627","0.6465358545084627","0.1157982362815884","0.29254799703263074","50","50","50","0","0","False","False","NOT_APPLICABLE","","0","0.0","0","2.3755881786346436","50","50","50.0","","","moderate_shadow"
"cifar10","20","2","mixed_maturity","rffl_reputation","dirichlet_lcb","benign_concept_drift","0.5","7","6","5","5","0.5","20","9","1.5","5","attacker-2","benign_concept_drift","newcomer","ADMITTED","ADMITTED","9","9","0","4","4.882922989522995","1.5","0.7462875490779619","0.8370070466491786","0.6465358545084627","0.6465358545084627","0.1157982362815884","0.29254799703263074","50","50","50","0","0","False","False","NOT_APPLICABLE","","0","0.0","0","3.9881057739257812","50","50","50.0","","","moderate_shadow"
"cifar10","20","2","mixed_maturity","rffl_reputation","dirichlet_lcb","benign_concept_drift","0.5","7","6","5","5","0.5","20","9","1.5","5","honest-1","honest","incumbent","ADMITTED","ADMITTED","9","9","0","4","4.882922989522995","1.5","0.7462875490779619","0.8370070466491786","0.6465358545084627","0.6465358545084627","0.1157982362815884","0.29254799703263074","50","50","50","0","0","False","False","NOT_APPLICABLE","","0","0.0","0","2.5775270462036133","50","50","50.0","","","moderate_shadow"
"cifar10","20","2","mixed_maturity","rffl_reputation","dirichlet_lcb","benign_concept_drift","0.5","7","6","5","5","0.5","20","9","1.5","5","honest-10","honest","incumbent","ADMITTED","ADMITTED","9","9","0","4","4.882922989522995","1.5","0.7462875490779619","0.8370070466491786","0.6465358545084627","0.6465358545084627","0.1157982362815884","0.29254799703263074","50","50","50","0","0","False","False","NOT_APPLICABLE","","0","0.0","0","3.3395016193389893","50","50","50.0","","","moderate_shadow"
"cifar10","20","2","mixed_maturity","rffl_reputation","dirichlet_lcb","benign_concept_drift","0.5","7","6","5","5","0.5","20","9","1.5","5","honest-11","honest","incumbent","ADMITTED","ADMITTED","9","9","0","4","4.882922989522995","1.5","0.7462875490779619","0.8370070466491786","0.6465358545084627","0.6465358545084627","0.1157982362815884","0.29254799703263074","50","50","50","0","0","False","False","NOT_APPLICABLE","","0","0.0","0","2.547288417816162","50","50","50.0","","","moderate_shadow"
"cifar10","20","2","mixed_maturity","rffl_reputation","dirichlet_lcb","benign_concept_drift","0.5","7","6","5","5","0.5","20","9","1.5","5","honest-12","honest","incumbent","ADMITTED","ADMITTED","9","9","0","4","4.882922989522995","1.5","0.7462875490779619","0.8370070466491786","0.6465358545084627","0.6465358545084627","0.1157982362815884","0.29254799703263074","50","50","50","0","0","False","False","NOT_APPLICABLE","","0","0.0","0","2.9783027172088623","50","50","50.0","","","moderate_shadow"
"cifar10","20","2","mixed_maturity","rffl_reputation","dirichlet_lcb","benign_concept_drift","0.5","7","6","5","5","0.5","20","9","1.5","5","honest-13","honest","incumbent","ADMITTED","ADMITTED","9","9","0","3","4.76698923888176","1.5","0.7237820368902304","0.8332768051183246","0.6393772482578011","0.6393772482578011","0.11788253356256753","0.28561047849957855","50","50","50","0","0","False","False","NOT_APPLICABLE","","0","0.0","0","4.036599159240723","50","50","50.0","","","moderate_shadow"
"cifar10","20","2","mixed_maturity","rffl_reputation","dirichlet_lcb","benign_concept_drift","0.5","7","6","5","5","0.5","20","9","1.5","5","honest-14","honest","incumbent","ADMITTED","ADMITTED","9","9","0","4","4.882922989522995","1.5","0.7462875490779619","0.8370070466491786","0.6465358545084627","0.6465358545084627","0.1157982362815884","0.29254799703263074","50","50","50","0","0","False","False","NOT_APPLICABLE","","0","0.0","0","3.6881682872772217","50","50","50.0","","","moderate_shadow"
"cifar10","20","2","mixed_maturity","rffl_reputation","dirichlet_lcb","benign_concept_drift","0.5","7","6","5","5","0.5","20","9","1.5","5","honest-15","honest","incumbent","ADMITTED","ADMITTED","9","9","0","4","4.882922989522995","1.5","0.7462875490779619","0.8370070466491786","0.6465358545084627","0.6465358545084627","0.1157982362815884","0.29254799703263074","50","50","50","0","0","False","False","NOT_APPLICABLE","","0","0.0","0","2.899228572845459","50","50","50.0","","","moderate_shadow"
"cifar10","20","2","mixed_maturity","rffl_reputation","dirichlet_lcb","benign_concept_drift","0.5","7","6","5","5","0.5","20","9","1.5","5","honest-16","honest","incumbent","ADMITTED","ADMITTED","9","9","0","4","4.882922989522995","1.5","0.7462875490779619","0.8370070466491786","0.6465358545084627","0.6465358545084627","0.1157982362815884","0.29254799703263074","50","50","50","0","0","False","False","NOT_APPLICABLE","","0","0.0","0","4.1297125816345215","50","50","50.0","","","moderate_shadow"
"cifar10","20","2","mixed_maturity","rffl_reputation","dirichlet_lcb","benign_concept_drift","0.5","7","6","5","5","0.5","20","9","1.5","5","honest-17","honest","incumbent","ADMITTED","ADMITTED","9","9","0","4","4.882922989522995","1.5","0.7462875490779619","0.8370070466491786","0.6465358545084627","0.6465358545084627","0.1157982362815884","0.29254799703263074","50","50","50","0","0","False","False","NOT_APPLICABLE","","0","0.0","0","4.126928329467773","50","50","50.0","","","moderate_shadow"
"cifar10","20","2","mixed_maturity","rffl_reputation","dirichlet_lcb","benign_concept_drift","0.5","7","6","5","5","0.5","20","9","1.5","5","honest-18","honest","incumbent","ADMITTED","ADMITTED","9","9","0","4","4.882922989522995","1.5","0.7462875490779619","0.8370070466491786","0.6465358545084627","0.6465358545084627","0.1157982362815884","0.29254799703263074","50","50","50","0","0","False","False","NOT_APPLICABLE","","0","0.0","0","2.374255895614624","50","50","50.0","","","moderate_shadow"
"cifar10","20","2","mixed_maturity","rffl_reputation","dirichlet_lcb","benign_concept_drift","0.5","7","6","5","5","0.5","20","9","1.5","5","honest-2","honest","incumbent","ADMITTED","ADMITTED","9","9","0","4","4.882922989522995","1.5","0.7462875490779619","0.8370070466491786","0.6465358545084627","0.6465358545084627","0.1157982362815884","0.29254799703263074","50","50","50","0","0","False","False","NOT_APPLICABLE","","0","0.0","0","3.6624064445495605","50","50","50.0","","","moderate_shadow"
"cifar10","20","2","mixed_maturity","rffl_reputation","dirichlet_lcb","benign_concept_drift","0.5","7","6","5","5","0.5","20","9","1.5","5","honest-3","honest","incumbent","ADMITTED","ADMITTED","9","9","0","4","4.882922989522995","1.5","0.7462875490779619","0.8370070466491786","0.6465358545084627","0.6465358545084627","0.1157982362815884","0.29254799703263074","50","50","50","0","0","False","False","NOT_APPLICABLE","","0","0.0","0","2.602365493774414","50","50","50.0","","","moderate_shadow"
"cifar10","20","2","mixed_maturity","rffl_reputation","dirichlet_lcb","benign_concept_drift","0.5","7","6","5","5","0.5","20","9","1.5","5","honest-4","honest","incumbent","ADMITTED","ADMITTED","9","9","0","4","4.882922989522995","1.5","0.7462875490779619","0.8370070466491786","0.6465358545084627","0.6465358545084627","0.1157982362815884","0.29254799703263074","50","50","50","0","0","False","False","NOT_APPLICABLE","","0","0.0","0","3.8056249618530273","50","50","50.0","","","moderate_shadow"
"cifar10","20","2","mixed_maturity","rffl_reputation","dirichlet_lcb","benign_concept_drift","0.5","7","6","5","5","0.5","20","9","1.5","5","honest-5","honest","incumbent","ADMITTED","ADMITTED","9","9","0","4","4.882922989522995","1.5","0.7462875490779619","0.8370070466491786","0.6465358545084627","0.6465358545084627","0.1157982362815884","0.29254799703263074","50","50","50","0","0","False","False","NOT_APPLICABLE","","0","0.0","0","32.613213539123535","50","50","50.0","","","moderate_shadow"
"cifar10","20","2","mixed_maturity","rffl_reputation","dirichlet_lcb","benign_concept_drift","0.5","7","6","5","5","0.5","20","9","1.5","5","honest-6","honest","incumbent","ADMITTED","ADMITTED","9","9","0","4","4.882922989522995","1.5","0.7462875490779619","0.8370070466491786","0.6465358545084627","0.6465358545084627","0.1157982362815884","0.29254799703263074","50","50","50","0","0","False","False","NOT_APPLICABLE","","0","0.0","0","3.771799325942993","50","50","50.0","","","moderate_shadow"
"cifar10","20","2","mixed_maturity","rffl_reputation","dirichlet_lcb","benign_concept_drift","0.5","7","6","5","5","0.5","20","9","1.5","5","honest-7","honest","incumbent","ADMITTED","ADMITTED","9","9","0","4","4.882922989522995","1.5","0.7462875490779619","0.8370070466491786","0.6465358545084627","0.6465358545084627","0.1157982362815884","0.29254799703263074","50","50","50","0","0","False","False","NOT_APPLICABLE","","0","0.0","0","3.4519410133361816","50","50","50.0","","","moderate_shadow"
"cifar10","20","2","mixed_maturity","rffl_reputation","dirichlet_lcb","benign_concept_drift","0.5","7","6","5","5","0.5","20","9","1.5","5","honest-8","honest","incumbent","ADMITTED","ADMITTED","9","9","0","4","4.882922989522995","1.5","0.7462875490779619","0.8370070466491786","0.6465358545084627","0.6465358545084627","0.1157982362815884","0.29254799703263074","50","50","50","0","0","False","False","NOT_APPLICABLE","","0","0.0","0","3.9753522872924805","50","50","50.0","","","moderate_shadow"
"cifar10","20","2","mixed_maturity","rffl_reputation","dirichlet_lcb","benign_concept_drift","0.5","7","6","5","5","0.5","20","9","1.5","5","honest-9","honest","incumbent","ADMITTED","ADMITTED","9","9","0","4","4.882922989522995","1.5","0.7462875490779619","0.8370070466491786","0.6465358545084627","0.6465358545084627","0.1157982362815884","0.29254799703263074","50","50","50","0","0","False","False","NOT_APPLICABLE","","0","0.0","0","33.01508641242981","50","50","50.0","","","moderate_shadow"
"cifar10","20","2","mixed_maturity","rffl_reputation","dirichlet_lcb","benign_concept_drift","0.5","8","6","5","5","0.5","20","9","1.5","5","attacker-1","benign_concept_drift","newcomer","ADMITTED","ADMITTED","9","9","0","4","4.882922989522995","1.5","0.7462875490779619","0.8370070466491786","0.6465358545084627","0.6465358545084627","0.1157982362815884","0.29254799703263074","50","50","50","0","0","False","False","NOT_APPLICABLE","","0","0.0","0","3.963186264038086","50","50","50.0","","","moderate_shadow"
"cifar10","20","2","mixed_maturity","rffl_reputation","dirichlet_lcb","benign_concept_drift","0.5","8","6","5","5","0.5","20","9","1.5","5","attacker-2","benign_concept_drift","newcomer","ADMITTED","ADMITTED","9","9","0","4","4.882922989522995","1.5","0.7462875490779619","0.8370070466491786","0.6465358545084627","0.6465358545084627","0.1157982362815884","0.29254799703263074","50","50","50","0","0","False","False","NOT_APPLICABLE","","0","0.0","0","3.8334579467773438","50","50","50.0","","","moderate_shadow"
"cifar10","20","2","mixed_maturity","rffl_reputation","dirichlet_lcb","benign_concept_drift","0.5","8","6","5","5","0.5","20","9","1.5","5","honest-1","honest","incumbent","ADMITTED","ADMITTED","9","9","0","4","4.882922989522995","1.5","0.7462875490779619","0.8370070466491786","0.6465358545084627","0.6465358545084627","0.1157982362815884","0.29254799703263074","50","50","50","0","0","False","False","NOT_APPLICABLE","","0","0.0","0","2.979757308959961","50","50","50.0","","","moderate_shadow"
"cifar10","20","2","mixed_maturity","rffl_reputation","dirichlet_lcb","benign_concept_drift","0.5","8","6","5","5","0.5","20","9","1.5","5","honest-10","honest","incumbent","ADMITTED","ADMITTED","9","9","0","4","4.882922989522995","1.5","0.7462875490779619","0.8370070466491786","0.6465358545084627","0.6465358545084627","0.1157982362815884","0.29254799703263074","50","50","50","0","0","False","False","NOT_APPLICABLE","","0","0.0","0","3.2618937492370605","50","50","50.0","","","moderate_shadow"
"cifar10","20","2","mixed_maturity","rffl_reputation","dirichlet_lcb","benign_concept_drift","0.5","8","6","5","5","0.5","20","9","1.5","5","honest-11","honest","incumbent","ADMITTED","ADMITTED","9","9","0","4","4.882922989522995","1.5","0.7462875490779619","0.8370070466491786","0.6465358545084627","0.6465358545084627","0.1157982362815884","0.29254799703263074","50","50","50","0","0","False","False","NOT_APPLICABLE","","0","0.0","0","3.6193394660949707","50","50","50.0","","","moderate_shadow"
"cifar10","20","2","mixed_maturity","rffl_reputation","dirichlet_lcb","benign_concept_drift","0.5","8","6","5","5","0.5","20","9","1.5","5","honest-12","honest","incumbent","ADMITTED","ADMITTED","9","9","0","4","4.882922989522995","1.5","0.7462875490779619","0.8370070466491786","0.6465358545084627","0.6465358545084627","0.1157982362815884","0.29254799703263074","50","50","50","0","0","False","False","NOT_APPLICABLE","","0","0.0","0","2.7019553184509277","50","50","50.0","","","moderate_shadow"
"cifar10","20","2","mixed_maturity","rffl_reputation","dirichlet_lcb","benign_concept_drift","0.5","8","6","5","5","0.5","20","9","1.5","5","honest-13","honest","incumbent","ADMITTED","ADMITTED","9","9","0","4","4.882922989522995","1.5","0.7462875490779619","0.8370070466491786","0.6465358545084627","0.6465358545084627","0.1157982362815884","0.29254799703263074","50","50","50","0","0","False","False","NOT_APPLICABLE","","0","0.0","0","2.660202741622925","50","50","50.0","","","moderate_shadow"
"cifar10","20","2","mixed_maturity","rffl_reputation","dirichlet_lcb","benign_concept_drift","0.5","8","6","5","5","0.5","20","9","1.5","5","honest-14","honest","incumbent","ADMITTED","ADMITTED","9","9","0","4","4.882922989522995","1.5","0.7462875490779619","0.8370070466491786","0.6465358545084627","0.6465358545084627","0.1157982362815884","0.29254799703263074","50","50","50","0","0","False","False","NOT_APPLICABLE","","0","0.0","0","3.5595006942749023","50","50","50.0","","","moderate_shadow"
"cifar10","20","2","mixed_maturity","rffl_reputation","dirichlet_lcb","benign_concept_drift","0.5","8","6","5","5","0.5","20","9","1.5","5","honest-15","honest","incumbent","ADMITTED","ADMITTED","9","9","0","4","4.882922989522995","1.5","0.7462875490779619","0.8370070466491786","0.6465358545084627","0.6465358545084627","0.1157982362815884","0.29254799703263074","50","50","50","0","0","False","False","NOT_APPLICABLE","","0","0.0","0","2.7962310314178467","50","50","50.0","","","moderate_shadow"
"cifar10","20","2","mixed_maturity","rffl_reputation","dirichlet_lcb","benign_concept_drift","0.5","8","6","5","5","0.5","20","9","1.5","5","honest-16","honest","incumbent","ADMITTED","ADMITTED","9","9","0","4","4.882922989522995","1.5","0.7462875490779619","0.8370070466491786","0.6465358545084627","0.6465358545084627","0.1157982362815884","0.29254799703263074","50","50","50","0","0","False","False","NOT_APPLICABLE","","0","0.0","0","32.63289427757263","50","50","50.0","","","moderate_shadow"
"cifar10","20","2","mixed_maturity","rffl_reputation","dirichlet_lcb","benign_concept_drift","0.5","8","6","5","5","0.5","20","9","1.5","5","honest-17","honest","incumbent","ADMITTED","ADMITTED","9","9","0","4","4.882922989522995","1.5","0.7462875490779619","0.8370070466491786","0.6465358545084627","0.6465358545084627","0.1157982362815884","0.29254799703263074","50","50","50","0","0","False","False","NOT_APPLICABLE","","0","0.0","0","2.318357229232788","50","50","50.0","","","moderate_shadow"
"cifar10","20","2","mixed_maturity","rffl_reputation","dirichlet_lcb","benign_concept_drift","0.5","8","6","5","5","0.5","20","9","1.5","5","honest-18","honest","incumbent","ADMITTED","ADMITTED","9","9","0","4","4.882922989522995","1.5","0.7462875490779619","0.8370070466491786","0.6465358545084627","0.6465358545084627","0.1157982362815884","0.29254799703263074","50","50","50","0","0","False","False","NOT_APPLICABLE","","0","0.0","0","2.3459339141845703","50","50","50.0","","","moderate_shadow"
"cifar10","20","2","mixed_maturity","rffl_reputation","dirichlet_lcb","benign_concept_drift","0.5","8","6","5","5","0.5","20","9","1.5","5","honest-2","honest","incumbent","ADMITTED","ADMITTED","9","9","0","4","4.882922989522995","1.5","0.7462875490779619","0.8370070466491786","0.6465358545084627","0.6465358545084627","0.1157982362815884","0.29254799703263074","50","50","50","0","0","False","False","NOT_APPLICABLE","","0","0.0","0","3.913201093673706","50","50","50.0","","","moderate_shadow"
"cifar10","20","2","mixed_maturity","rffl_reputation","dirichlet_lcb","benign_concept_drift","0.5","8","6","5","5","0.5","20","9","1.5","5","honest-3","honest","incumbent","ADMITTED","ADMITTED","9","9","0","4","4.882922989522995","1.5","0.7462875490779619","0.8370070466491786","0.6465358545084627","0.6465358545084627","0.1157982362815884","0.29254799703263074","50","50","50","0","0","False","False","NOT_APPLICABLE","","0","0.0","0","3.5222713947296143","50","50","50.0","","","moderate_shadow"
"cifar10","20","2","mixed_maturity","rffl_reputation","dirichlet_lcb","benign_concept_drift","0.5","8","6","5","5","0.5","20","9","1.5","5","honest-4","honest","incumbent","ADMITTED","ADMITTED","9","9","0","4","4.882922989522995","1.5","0.7462875490779619","0.8370070466491786","0.6465358545084627","0.6465358545084627","0.1157982362815884","0.29254799703263074","50","50","50","0","0","False","False","NOT_APPLICABLE","","0","0.0","0","32.71534514427185","50","50","50.0","","","moderate_shadow"
"cifar10","20","2","mixed_maturity","rffl_reputation","dirichlet_lcb","benign_concept_drift","0.5","8","6","5","5","0.5","20","9","1.5","5","honest-5","honest","incumbent","ADMITTED","ADMITTED","9","9","0","4","4.882922989522995","1.5","0.7462875490779619","0.8370070466491786","0.6465358545084627","0.6465358545084627","0.1157982362815884","0.29254799703263074","50","50","50","0","0","False","False","NOT_APPLICABLE","","0","0.0","0","3.939049482345581","50","50","50.0","","","moderate_shadow"
"cifar10","20","2","mixed_maturity","rffl_reputation","dirichlet_lcb","benign_concept_drift","0.5","8","6","5","5","0.5","20","9","1.5","5","honest-6","honest","incumbent","ADMITTED","ADMITTED","9","9","0","4","4.882922989522995","1.5","0.7462875490779619","0.8370070466491786","0.6465358545084627","0.6465358545084627","0.1157982362815884","0.29254799703263074","50","50","50","0","0","False","False","NOT_APPLICABLE","","0","0.0","0","2.60752534866333","50","50","50.0","","","moderate_shadow"
"cifar10","20","2","mixed_maturity","rffl_reputation","dirichlet_lcb","benign_concept_drift","0.5","8","6","5","5","0.5","20","9","1.5","5","honest-7","honest","incumbent","ADMITTED","QUARANTINE","9","9","0","4","4.882922989522995","1.5","0.7462875490779619","0.8370070466491786","0.6465358545084627","0.6465358545084627","0.1157982362815884","0.29254799703263074","27","27","27","0","0","False","False","NOT_APPLICABLE","","0","0.0","0","3.5960500240325928","27","27","27.0","27","RFFL_LOW_REPUTATION","moderate_shadow"
"cifar10","20","2","mixed_maturity","rffl_reputation","dirichlet_lcb","benign_concept_drift","0.5","8","6","5","5","0.5","20","9","1.5","5","honest-8","honest","incumbent","ADMITTED","ADMITTED","9","9","0","4","4.882922989522995","1.5","0.7462875490779619","0.8370070466491786","0.6465358545084627","0.6465358545084627","0.1157982362815884","0.29254799703263074","50","50","50","0","0","False","False","NOT_APPLICABLE","","0","0.0","0","4.0488831996917725","50","50","50.0","","","moderate_shadow"
"cifar10","20","2","mixed_maturity","rffl_reputation","dirichlet_lcb","benign_concept_drift","0.5","8","6","5","5","0.5","20","9","1.5","5","honest-9","honest","incumbent","ADMITTED","ADMITTED","9","9","0","4","4.882922989522995","1.5","0.7462875490779619","0.8370070466491786","0.6465358545084627","0.6465358545084627","0.1157982362815884","0.29254799703263074","50","50","50","0","0","False","False","NOT_APPLICABLE","","0","0.0","0","2.965416669845581","50","50","50.0","","","moderate_shadow"
"cifar10","20","2","mixed_maturity","rffl_reputation","dirichlet_lcb","benign_concept_drift","0.5","9","6","5","5","0.5","20","9","1.5","5","attacker-1","benign_concept_drift","newcomer","ADMITTED","ADMITTED","9","9","0","4","4.882922989522995","1.5","0.7462875490779619","0.8370070466491786","0.6465358545084627","0.6465358545084627","0.1157982362815884","0.29254799703263074","50","50","50","0","0","False","False","NOT_APPLICABLE","","0","0.0","0","2.1314899921417236","50","50","50.0","","","moderate_shadow"
"cifar10","20","2","mixed_maturity","rffl_reputation","dirichlet_lcb","benign_concept_drift","0.5","9","6","5","5","0.5","20","9","1.5","5","attacker-2","benign_concept_drift","newcomer","ADMITTED","ADMITTED","9","9","0","4","4.882922989522995","1.5","0.7462875490779619","0.8370070466491786","0.6465358545084627","0.6465358545084627","0.1157982362815884","0.29254799703263074","50","50","50","0","0","False","False","NOT_APPLICABLE","","0","0.0","0","3.2004566192626953","50","50","50.0","","","moderate_shadow"
"cifar10","20","2","mixed_maturity","rffl_reputation","dirichlet_lcb","benign_concept_drift","0.5","9","6","5","5","0.5","20","9","1.5","5","honest-1","honest","incumbent","ADMITTED","ADMITTED","9","9","0","4","4.882922989522995","1.5","0.7462875490779619","0.8370070466491786","0.6465358545084627","0.6465358545084627","0.1157982362815884","0.29254799703263074","50","50","50","0","0","False","False","NOT_APPLICABLE","","0","0.0","0","2.162357807159424","50","50","50.0","","","moderate_shadow"
"cifar10","20","2","mixed_maturity","rffl_reputation","dirichlet_lcb","benign_concept_drift","0.5","9","6","5","5","0.5","20","9","1.5","5","honest-10","honest","incumbent","ADMITTED","ADMITTED","9","9","0","4","4.882922989522995","1.5","0.7462875490779619","0.8370070466491786","0.6465358545084627","0.6465358545084627","0.1157982362815884","0.29254799703263074","50","50","50","0","0","False","False","NOT_APPLICABLE","","0","0.0","0","3.038146734237671","50","50","50.0","","","moderate_shadow"
"cifar10","20","2","mixed_maturity","rffl_reputation","dirichlet_lcb","benign_concept_drift","0.5","9","6","5","5","0.5","20","9","1.5","5","honest-11","honest","incumbent","ADMITTED","QUARANTINE","9","9","0","4","4.882922989522995","1.5","0.7462875490779619","0.8370070466491786","0.6465358545084627","0.6465358545084627","0.1157982362815884","0.29254799703263074","46","46","46","0","0","False","False","NOT_APPLICABLE","","0","0.0","0","32.75795602798462","46","46","46.0","46","RFFL_LOW_REPUTATION","moderate_shadow"
"cifar10","20","2","mixed_maturity","rffl_reputation","dirichlet_lcb","benign_concept_drift","0.5","9","6","5","5","0.5","20","9","1.5","5","honest-12","honest","incumbent","ADMITTED","ADMITTED","9","9","0","4","4.882922989522995","1.5","0.7462875490779619","0.8370070466491786","0.6465358545084627","0.6465358545084627","0.1157982362815884","0.29254799703263074","50","50","50","0","0","False","False","NOT_APPLICABLE","","0","0.0","0","2.349822998046875","50","50","50.0","","","moderate_shadow"
"cifar10","20","2","mixed_maturity","rffl_reputation","dirichlet_lcb","benign_concept_drift","0.5","9","6","5","5","0.5","20","9","1.5","5","honest-13","honest","incumbent","ADMITTED","ADMITTED","9","9","0","4","4.882922989522995","1.5","0.7462875490779619","0.8370070466491786","0.6465358545084627","0.6465358545084627","0.1157982362815884","0.29254799703263074","50","50","50","0","0","False","False","NOT_APPLICABLE","","0","0.0","0","3.4126062393188477","50","50","50.0","","","moderate_shadow"
"cifar10","20","2","mixed_maturity","rffl_reputation","dirichlet_lcb","benign_concept_drift","0.5","9","6","5","5","0.5","20","9","1.5","5","honest-14","honest","incumbent","ADMITTED","ADMITTED","9","9","0","4","4.882922989522995","1.5","0.7462875490779619","0.8370070466491786","0.6465358545084627","0.6465358545084627","0.1157982362815884","0.29254799703263074","50","50","50","0","0","False","False","NOT_APPLICABLE","","0","0.0","0","3.261129856109619","50","50","50.0","","","moderate_shadow"
"cifar10","20","2","mixed_maturity","rffl_reputation","dirichlet_lcb","benign_concept_drift","0.5","9","6","5","5","0.5","20","9","1.5","5","honest-15","honest","incumbent","ADMITTED","ADMITTED","9","9","0","3","4.76698923888176","1.5","0.7437820368902304","0.8332768051183246","0.6393772482578011","0.6393772482578011","0.11788253356256753","0.28561047849957855","50","50","50","0","0","False","False","NOT_APPLICABLE","","0","0.0","0","32.72865176200867","50","50","50.0","","","moderate_shadow"
"cifar10","20","2","mixed_maturity","rffl_reputation","dirichlet_lcb","benign_concept_drift","0.5","9","6","5","5","0.5","20","9","1.5","5","honest-16","honest","incumbent","ADMITTED","ADMITTED","9","9","0","4","4.882922989522995","1.5","0.7462875490779619","0.8370070466491786","0.6465358545084627","0.6465358545084627","0.1157982362815884","0.29254799703263074","50","50","50","0","0","False","False","NOT_APPLICABLE","","0","0.0","0","2.5209848880767822","50","50","50.0","","","moderate_shadow"
"cifar10","20","2","mixed_maturity","rffl_reputation","dirichlet_lcb","benign_concept_drift","0.5","9","6","5","5","0.5","20","9","1.5","5","honest-17","honest","incumbent","ADMITTED","ADMITTED","9","9","0","4","4.882922989522995","1.5","0.7462875490779619","0.8370070466491786","0.6465358545084627","0.6465358545084627","0.1157982362815884","0.29254799703263074","50","50","50","0","0","False","False","NOT_APPLICABLE","","0","0.0","0","3.0934698581695557","50","50","50.0","","","moderate_shadow"
"cifar10","20","2","mixed_maturity","rffl_reputation","dirichlet_lcb","benign_concept_drift","0.5","9","6","5","5","0.5","20","9","1.5","5","honest-18","honest","incumbent","ADMITTED","ADMITTED","9","9","0","4","4.882922989522995","1.5","0.7462875490779619","0.8370070466491786","0.6465358545084627","0.6465358545084627","0.1157982362815884","0.29254799703263074","50","50","50","0","0","False","False","NOT_APPLICABLE","","0","0.0","0","3.465445041656494","50","50","50.0","","","moderate_shadow"
"cifar10","20","2","mixed_maturity","rffl_reputation","dirichlet_lcb","benign_concept_drift","0.5","9","6","5","5","0.5","20","9","1.5","5","honest-2","honest","incumbent","ADMITTED","ADMITTED","9","9","0","4","4.882922989522995","1.5","0.7462875490779619","0.8370070466491786","0.6465358545084627","0.6465358545084627","0.1157982362815884","0.29254799703263074","50","50","50","0","0","False","False","NOT_APPLICABLE","","0","0.0","0","2.319697141647339","50","50","50.0","","","moderate_shadow"
"cifar10","20","2","mixed_maturity","rffl_reputation","dirichlet_lcb","benign_concept_drift","0.5","9","6","5","5","0.5","20","9","1.5","5","honest-3","honest","incumbent","ADMITTED","ADMITTED","9","9","0","4","4.882922989522995","1.5","0.7462875490779619","0.8370070466491786","0.6465358545084627","0.6465358545084627","0.1157982362815884","0.29254799703263074","50","50","50","0","0","False","False","NOT_APPLICABLE","","0","0.0","0","3.2613580226898193","50","50","50.0","","","moderate_shadow"
"cifar10","20","2","mixed_maturity","rffl_reputation","dirichlet_lcb","benign_concept_drift","0.5","9","6","5","5","0.5","20","9","1.5","5","honest-4","honest","incumbent","ADMITTED","ADMITTED","9","9","0","3","4.5294892388817605","1.5","0.7401065581334588","0.8277664507491892","0.6288758803813109","0.6288758803813109","0.12091685363435191","0.27568090107538146","50","50","50","0","0","False","False","NOT_APPLICABLE","","0","0.0","0","62.8066189289093","50","50","50.0","","","moderate_shadow"
"cifar10","20","2","mixed_maturity","rffl_reputation","dirichlet_lcb","benign_concept_drift","0.5","9","6","5","5","0.5","20","9","1.5","5","honest-5","honest","incumbent","ADMITTED","ADMITTED","9","9","0","4","4.882922989522995","1.5","0.7462875490779619","0.8370070466491786","0.6465358545084627","0.6465358545084627","0.1157982362815884","0.29254799703263074","50","50","50","0","0","False","False","NOT_APPLICABLE","","0","0.0","0","33.38695168495178","50","50","50.0","","","moderate_shadow"
"cifar10","20","2","mixed_maturity","rffl_reputation","dirichlet_lcb","benign_concept_drift","0.5","9","6","5","5","0.5","20","9","1.5","5","honest-6","honest","incumbent","ADMITTED","ADMITTED","9","9","0","3","5.004489238881761","1.5","0.7503560216234088","0.8430201361031787","0.6581600617811678","0.6581600617811678","0.11238691964272261","0.3041175807403508","50","50","50","0","0","False","False","NOT_APPLICABLE","","0","0.0","0","32.38871216773987","50","50","50.0","","","moderate_shadow"
"cifar10","20","2","mixed_maturity","rffl_reputation","dirichlet_lcb","benign_concept_drift","0.5","9","6","5","5","0.5","20","9","1.5","5","honest-7","honest","incumbent","ADMITTED","ADMITTED","9","9","0","4","4.882922989522995","1.5","0.7462875490779619","0.8370070466491786","0.6465358545084627","0.6465358545084627","0.1157982362815884","0.29254799703263074","50","50","50","0","0","False","False","NOT_APPLICABLE","","0","0.0","0","2.496527910232544","50","50","50.0","","","moderate_shadow"
"cifar10","20","2","mixed_maturity","rffl_reputation","dirichlet_lcb","benign_concept_drift","0.5","9","6","5","5","0.5","20","9","1.5","5","honest-8","honest","incumbent","ADMITTED","ADMITTED","9","9","0","4","4.882922989522995","1.5","0.7462875490779619","0.8370070466491786","0.6465358545084627","0.6465358545084627","0.1157982362815884","0.29254799703263074","50","50","50","0","0","False","False","NOT_APPLICABLE","","0","0.0","0","3.5172393321990967","50","50","50.0","","","moderate_shadow"
"cifar10","20","2","mixed_maturity","rffl_reputation","dirichlet_lcb","benign_concept_drift","0.5","9","6","5","5","0.5","20","9","1.5","5","honest-9","honest","incumbent","ADMITTED","ADMITTED","9","9","0","4","4.882922989522995","1.5","0.7462875490779619","0.8370070466491786","0.6465358545084627","0.6465358545084627","0.1157982362815884","0.29254799703263074","50","50","50","0","0","False","False","NOT_APPLICABLE","","0","0.0","0","32.5291953086853","50","50","50.0","","","moderate_shadow"
