dataset,client_count,attacker_count,cohort_mode,variant,trust_estimator,attack_scenario,noniid_alpha,repeat,round,accuracy,backdoor_asr,target_effective_aggregation_share,target_returned_updates,target_aggregated_updates,target_observed_node_rate,target_limited_rate,target_admitted_rate,target_rffl_removals,target_lease_expirations,target_lease_renewals
fashion_mnist,20,2,mixed_maturity,access_freshness_lease,dirichlet_lcb,benign_concept_drift,0.5,0,1,0.7388,0.005333333333333333,0.04300664772803008,2,2,1.0,1.0,0.0,0,0,0
fashion_mnist,20,2,mixed_maturity,access_freshness_lease,dirichlet_lcb,benign_concept_drift,0.5,0,2,0.7932,0.05355555555555556,0.04300664772803008,2,2,1.0,1.0,0.0,0,0,0
fashion_mnist,20,2,mixed_maturity,access_freshness_lease,dirichlet_lcb,benign_concept_drift,0.5,0,3,0.808,0.011111111111111112,0.04300664772803008,2,2,1.0,1.0,0.0,0,0,0
fashion_mnist,20,2,mixed_maturity,access_freshness_lease,dirichlet_lcb,benign_concept_drift,0.5,0,4,0.8036,0.013777777777777778,0.0430066477280301,2,2,1.0,1.0,0.0,0,0,0
fashion_mnist,20,2,mixed_maturity,access_freshness_lease,dirichlet_lcb,benign_concept_drift,0.5,0,5,0.8184,0.01577777777777778,0.08246666164933322,2,2,1.0,0.0,1.0,0,0,0
fashion_mnist,20,2,mixed_maturity,access_freshness_lease,dirichlet_lcb,benign_concept_drift,0.5,0,6,0.8184,0.014888888888888889,0.08246666164933322,2,2,1.0,0.0,1.0,0,0,0
fashion_mnist,20,2,mixed_maturity,access_freshness_lease,dirichlet_lcb,benign_concept_drift,0.5,0,7,0.7938,0.007555555555555556,0.08246666164933324,2,2,1.0,0.0,1.0,0,0,0
fashion_mnist,20,2,mixed_maturity,access_freshness_lease,dirichlet_lcb,benign_concept_drift,0.5,0,8,0.8118,0.009555555555555555,0.08246666164933322,2,2,1.0,0.0,1.0,0,0,0
fashion_mnist,20,2,mixed_maturity,access_freshness_lease,dirichlet_lcb,benign_concept_drift,0.5,0,9,0.8174,0.012222222222222223,0.08246666164933324,2,2,1.0,0.0,1.0,0,0,0
fashion_mnist,20,2,mixed_maturity,access_freshness_lease,dirichlet_lcb,benign_concept_drift,0.5,0,10,0.83,0.014222222222222223,0.04300664772803008,2,2,1.0,1.0,0.0,0,2,0
fashion_mnist,20,2,mixed_maturity,access_freshness_lease,dirichlet_lcb,benign_concept_drift,0.5,0,11,0.8162,0.012888888888888889,0.04300664772803008,2,2,1.0,1.0,0.0,0,0,0
fashion_mnist,20,2,mixed_maturity,access_freshness_lease,dirichlet_lcb,benign_concept_drift,0.5,0,12,0.8292,0.014444444444444444,0.04300664772803008,2,2,1.0,1.0,0.0,0,0,0
fashion_mnist,20,2,mixed_maturity,access_freshness_lease,dirichlet_lcb,benign_concept_drift,0.5,0,13,0.8048,0.004666666666666667,0.04300664772803008,2,2,1.0,1.0,0.0,0,0,0
fashion_mnist,20,2,mixed_maturity,access_freshness_lease,dirichlet_lcb,benign_concept_drift,0.5,0,14,0.8318,0.017777777777777778,0.04300664772803008,2,2,1.0,1.0,0.0,0,0,0
fashion_mnist,20,2,mixed_maturity,access_freshness_lease,dirichlet_lcb,benign_concept_drift,0.5,0,15,0.8252,0.012222222222222223,0.08246666164933322,2,2,1.0,0.0,1.0,0,0,2
fashion_mnist,20,2,mixed_maturity,access_freshness_lease,dirichlet_lcb,benign_concept_drift,0.5,0,16,0.8298,0.012666666666666666,0.08246666164933322,2,2,1.0,0.0,1.0,0,0,0
fashion_mnist,20,2,mixed_maturity,access_freshness_lease,dirichlet_lcb,benign_concept_drift,0.5,0,17,0.8278,0.011333333333333334,0.08246666164933324,2,2,1.0,0.0,1.0,0,0,0
fashion_mnist,20,2,mixed_maturity,access_freshness_lease,dirichlet_lcb,benign_concept_drift,0.5,0,18,0.8358,0.01711111111111111,0.08246666164933322,2,2,1.0,0.0,1.0,0,0,0
fashion_mnist,20,2,mixed_maturity,access_freshness_lease,dirichlet_lcb,benign_concept_drift,0.5,0,19,0.8172,0.009777777777777778,0.08246666164933322,2,2,1.0,0.0,1.0,0,0,0
fashion_mnist,20,2,mixed_maturity,access_freshness_lease,dirichlet_lcb,benign_concept_drift,0.5,0,20,0.8368,0.01911111111111111,0.04300664772803008,2,2,1.0,1.0,0.0,0,2,0
fashion_mnist,20,2,mixed_maturity,access_freshness_lease,dirichlet_lcb,benign_concept_drift,0.5,0,21,0.8336,0.014444444444444444,0.04300664772803009,2,2,1.0,1.0,0.0,0,0,0
fashion_mnist,20,2,mixed_maturity,access_freshness_lease,dirichlet_lcb,benign_concept_drift,0.5,0,22,0.816,0.006,0.04300664772803008,2,2,1.0,1.0,0.0,0,0,0
fashion_mnist,20,2,mixed_maturity,access_freshness_lease,dirichlet_lcb,benign_concept_drift,0.5,0,23,0.8276,0.014888888888888889,0.0430066477280301,2,2,1.0,1.0,0.0,0,0,0
fashion_mnist,20,2,mixed_maturity,access_freshness_lease,dirichlet_lcb,benign_concept_drift,0.5,0,24,0.8376,0.015555555555555555,0.04300664772803008,2,2,1.0,1.0,0.0,0,0,0
fashion_mnist,20,2,mixed_maturity,access_freshness_lease,dirichlet_lcb,benign_concept_drift,0.5,0,25,0.8314,0.014888888888888889,0.08246666164933324,2,2,1.0,0.0,1.0,0,0,2
fashion_mnist,20,2,mixed_maturity,access_freshness_lease,dirichlet_lcb,benign_concept_drift,0.5,0,26,0.7874,0.006,0.08246666164933322,2,2,1.0,0.0,1.0,0,0,0
fashion_mnist,20,2,mixed_maturity,access_freshness_lease,dirichlet_lcb,benign_concept_drift,0.5,0,27,0.8172,0.010444444444444444,0.08246666164933324,2,2,1.0,0.0,1.0,0,0,0
fashion_mnist,20,2,mixed_maturity,access_freshness_lease,dirichlet_lcb,benign_concept_drift,0.5,0,28,0.832,0.011555555555555555,0.08246666164933322,2,2,1.0,0.0,1.0,0,0,0
fashion_mnist,20,2,mixed_maturity,access_freshness_lease,dirichlet_lcb,benign_concept_drift,0.5,0,29,0.8288,0.009555555555555555,0.08246666164933322,2,2,1.0,0.0,1.0,0,0,0
fashion_mnist,20,2,mixed_maturity,access_freshness_lease,dirichlet_lcb,benign_concept_drift,0.5,0,30,0.8352,0.013777777777777778,0.04300664772803009,2,2,1.0,1.0,0.0,0,2,0
fashion_mnist,20,2,mixed_maturity,access_freshness_lease,dirichlet_lcb,benign_concept_drift,0.5,0,31,0.778,0.008888888888888889,0.04300664772803009,2,2,1.0,1.0,0.0,0,0,0
fashion_mnist,20,2,mixed_maturity,access_freshness_lease,dirichlet_lcb,benign_concept_drift,0.5,0,32,0.791,0.009111111111111111,0.04300664772803008,2,2,1.0,1.0,0.0,0,0,0
fashion_mnist,20,2,mixed_maturity,access_freshness_lease,dirichlet_lcb,benign_concept_drift,0.5,0,33,0.8362,0.016,0.04300664772803008,2,2,1.0,1.0,0.0,0,0,0
fashion_mnist,20,2,mixed_maturity,access_freshness_lease,dirichlet_lcb,benign_concept_drift,0.5,0,34,0.8414,0.018666666666666668,0.04300664772803008,2,2,1.0,1.0,0.0,0,0,0
fashion_mnist,20,2,mixed_maturity,access_freshness_lease,dirichlet_lcb,benign_concept_drift,0.5,0,35,0.8314,0.013333333333333334,0.08246666164933324,2,2,1.0,0.0,1.0,0,0,2
fashion_mnist,20,2,mixed_maturity,access_freshness_lease,dirichlet_lcb,benign_concept_drift,0.5,0,36,0.8352,0.01577777777777778,0.08246666164933322,2,2,1.0,0.0,1.0,0,0,0
fashion_mnist,20,2,mixed_maturity,access_freshness_lease,dirichlet_lcb,benign_concept_drift,0.5,0,37,0.8332,0.010222222222222223,0.08246666164933322,2,2,1.0,0.0,1.0,0,0,0
fashion_mnist,20,2,mixed_maturity,access_freshness_lease,dirichlet_lcb,benign_concept_drift,0.5,0,38,0.844,0.017555555555555557,0.08246666164933324,2,2,1.0,0.0,1.0,0,0,0
fashion_mnist,20,2,mixed_maturity,access_freshness_lease,dirichlet_lcb,benign_concept_drift,0.5,0,39,0.8178,0.011777777777777778,0.08246666164933324,2,2,1.0,0.0,1.0,0,0,0
fashion_mnist,20,2,mixed_maturity,access_freshness_lease,dirichlet_lcb,benign_concept_drift,0.5,0,40,0.8334,0.013777777777777778,0.04300664772803008,2,2,1.0,1.0,0.0,0,2,0
fashion_mnist,20,2,mixed_maturity,access_freshness_lease,dirichlet_lcb,benign_concept_drift,0.5,0,41,0.828,0.010888888888888889,0.04300664772803008,2,2,1.0,1.0,0.0,0,0,0
fashion_mnist,20,2,mixed_maturity,access_freshness_lease,dirichlet_lcb,benign_concept_drift,0.5,0,42,0.8324,0.014888888888888889,0.04300664772803008,2,2,1.0,1.0,0.0,0,0,0
fashion_mnist,20,2,mixed_maturity,access_freshness_lease,dirichlet_lcb,benign_concept_drift,0.5,0,43,0.8286,0.015333333333333332,0.04300664772803008,2,2,1.0,1.0,0.0,0,0,0
fashion_mnist,20,2,mixed_maturity,access_freshness_lease,dirichlet_lcb,benign_concept_drift,0.5,0,44,0.8322,0.010222222222222223,0.04300664772803008,2,2,1.0,1.0,0.0,0,0,0
fashion_mnist,20,2,mixed_maturity,access_freshness_lease,dirichlet_lcb,benign_concept_drift,0.5,0,45,0.8362,0.011111111111111112,0.08246666164933322,2,2,1.0,0.0,1.0,0,0,2
fashion_mnist,20,2,mixed_maturity,access_freshness_lease,dirichlet_lcb,benign_concept_drift,0.5,0,46,0.8352,0.016666666666666666,0.08246666164933324,2,2,1.0,0.0,1.0,0,0,0
fashion_mnist,20,2,mixed_maturity,access_freshness_lease,dirichlet_lcb,benign_concept_drift,0.5,0,47,0.829,0.011777777777777778,0.08246666164933324,2,2,1.0,0.0,1.0,0,0,0
fashion_mnist,20,2,mixed_maturity,access_freshness_lease,dirichlet_lcb,benign_concept_drift,0.5,0,48,0.8324,0.010222222222222223,0.08246666164933322,2,2,1.0,0.0,1.0,0,0,0
fashion_mnist,20,2,mixed_maturity,access_freshness_lease,dirichlet_lcb,benign_concept_drift,0.5,0,49,0.834,0.014,0.08246666164933322,2,2,1.0,0.0,1.0,0,0,0
fashion_mnist,20,2,mixed_maturity,access_freshness_lease,dirichlet_lcb,benign_concept_drift,0.5,0,50,0.8398,0.013333333333333334,0.04300664772803008,2,2,1.0,1.0,0.0,0,2,0
fashion_mnist,20,2,mixed_maturity,access_freshness_lease,dirichlet_lcb,benign_concept_drift,0.5,1,1,0.7556,0.04088888888888889,0.07646488544093835,2,2,1.0,1.0,0.0,0,0,0
fashion_mnist,20,2,mixed_maturity,access_freshness_lease,dirichlet_lcb,benign_concept_drift,0.5,1,2,0.7952,0.026444444444444444,0.07646488544093837,2,2,1.0,1.0,0.0,0,0,0
fashion_mnist,20,2,mixed_maturity,access_freshness_lease,dirichlet_lcb,benign_concept_drift,0.5,1,3,0.8004,0.027333333333333334,0.07646488544093838,2,2,1.0,1.0,0.0,0,0,0
fashion_mnist,20,2,mixed_maturity,access_freshness_lease,dirichlet_lcb,benign_concept_drift,0.5,1,4,0.811,0.022222222222222223,0.0764648854409384,2,2,1.0,1.0,0.0,0,0,0
fashion_mnist,20,2,mixed_maturity,access_freshness_lease,dirichlet_lcb,benign_concept_drift,0.5,1,5,0.8154,0.02266666666666667,0.14206666857933334,2,2,1.0,0.0,1.0,0,0,0
fashion_mnist,20,2,mixed_maturity,access_freshness_lease,dirichlet_lcb,benign_concept_drift,0.5,1,6,0.8216,0.01888888888888889,0.14206666857933326,2,2,1.0,0.0,1.0,0,0,0
fashion_mnist,20,2,mixed_maturity,access_freshness_lease,dirichlet_lcb,benign_concept_drift,0.5,1,7,0.813,0.026,0.14206666857933334,2,2,1.0,0.0,1.0,0,0,0
fashion_mnist,20,2,mixed_maturity,access_freshness_lease,dirichlet_lcb,benign_concept_drift,0.5,1,8,0.8128,0.019555555555555555,0.1420666685793333,2,2,1.0,0.0,1.0,0,0,0
fashion_mnist,20,2,mixed_maturity,access_freshness_lease,dirichlet_lcb,benign_concept_drift,0.5,1,9,0.8178,0.021111111111111112,0.14206666857933334,2,2,1.0,0.0,1.0,0,0,0
fashion_mnist,20,2,mixed_maturity,access_freshness_lease,dirichlet_lcb,benign_concept_drift,0.5,1,10,0.8134,0.017333333333333333,0.07646488544093838,2,2,1.0,1.0,0.0,0,2,0
fashion_mnist,20,2,mixed_maturity,access_freshness_lease,dirichlet_lcb,benign_concept_drift,0.5,1,11,0.8256,0.019555555555555555,0.07646488544093838,2,2,1.0,1.0,0.0,0,0,0
fashion_mnist,20,2,mixed_maturity,access_freshness_lease,dirichlet_lcb,benign_concept_drift,0.5,1,12,0.826,0.03266666666666666,0.0764648854409384,2,2,1.0,1.0,0.0,0,0,0
fashion_mnist,20,2,mixed_maturity,access_freshness_lease,dirichlet_lcb,benign_concept_drift,0.5,1,13,0.8238,0.024666666666666667,0.07646488544093837,2,2,1.0,1.0,0.0,0,0,0
fashion_mnist,20,2,mixed_maturity,access_freshness_lease,dirichlet_lcb,benign_concept_drift,0.5,1,14,0.8336,0.021555555555555557,0.07646488544093837,2,2,1.0,1.0,0.0,0,0,0
fashion_mnist,20,2,mixed_maturity,access_freshness_lease,dirichlet_lcb,benign_concept_drift,0.5,1,15,0.8296,0.02711111111111111,0.1420666685793333,2,2,1.0,0.0,1.0,0,0,2
fashion_mnist,20,2,mixed_maturity,access_freshness_lease,dirichlet_lcb,benign_concept_drift,0.5,1,16,0.8306,0.022444444444444444,0.14206666857933334,2,2,1.0,0.0,1.0,0,0,0
fashion_mnist,20,2,mixed_maturity,access_freshness_lease,dirichlet_lcb,benign_concept_drift,0.5,1,17,0.8302,0.022,0.1420666685793333,2,2,1.0,0.0,1.0,0,0,0
fashion_mnist,20,2,mixed_maturity,access_freshness_lease,dirichlet_lcb,benign_concept_drift,0.5,1,18,0.8336,0.026222222222222223,0.1420666685793333,2,2,1.0,0.0,1.0,0,0,0
fashion_mnist,20,2,mixed_maturity,access_freshness_lease,dirichlet_lcb,benign_concept_drift,0.5,1,19,0.8262,0.019333333333333334,0.1420666685793333,2,2,1.0,0.0,1.0,0,0,0
fashion_mnist,20,2,mixed_maturity,access_freshness_lease,dirichlet_lcb,benign_concept_drift,0.5,1,20,0.8302,0.028666666666666667,0.07646488544093837,2,2,1.0,1.0,0.0,0,2,0
fashion_mnist,20,2,mixed_maturity,access_freshness_lease,dirichlet_lcb,benign_concept_drift,0.5,1,21,0.8324,0.02666666666666667,0.07646488544093837,2,2,1.0,1.0,0.0,0,0,0
fashion_mnist,20,2,mixed_maturity,access_freshness_lease,dirichlet_lcb,benign_concept_drift,0.5,1,22,0.8228,0.014222222222222223,0.0764648854409384,2,2,1.0,1.0,0.0,0,0,0
fashion_mnist,20,2,mixed_maturity,access_freshness_lease,dirichlet_lcb,benign_concept_drift,0.5,1,23,0.8326,0.022444444444444444,0.07646488544093837,2,2,1.0,1.0,0.0,0,0,0
fashion_mnist,20,2,mixed_maturity,access_freshness_lease,dirichlet_lcb,benign_concept_drift,0.5,1,24,0.8356,0.024,0.07646488544093837,2,2,1.0,1.0,0.0,0,0,0
fashion_mnist,20,2,mixed_maturity,access_freshness_lease,dirichlet_lcb,benign_concept_drift,0.5,1,25,0.8338,0.015333333333333332,0.1420666685793333,2,2,1.0,0.0,1.0,0,0,2
fashion_mnist,20,2,mixed_maturity,access_freshness_lease,dirichlet_lcb,benign_concept_drift,0.5,1,26,0.8316,0.015555555555555555,0.14206666857933334,2,2,1.0,0.0,1.0,0,0,0
fashion_mnist,20,2,mixed_maturity,access_freshness_lease,dirichlet_lcb,benign_concept_drift,0.5,1,27,0.837,0.02711111111111111,0.1420666685793333,2,2,1.0,0.0,1.0,0,0,0
fashion_mnist,20,2,mixed_maturity,access_freshness_lease,dirichlet_lcb,benign_concept_drift,0.5,1,28,0.8306,0.017555555555555557,0.1420666685793333,2,2,1.0,0.0,1.0,0,0,0
fashion_mnist,20,2,mixed_maturity,access_freshness_lease,dirichlet_lcb,benign_concept_drift,0.5,1,29,0.831,0.01711111111111111,0.1420666685793333,2,2,1.0,0.0,1.0,0,0,0
fashion_mnist,20,2,mixed_maturity,access_freshness_lease,dirichlet_lcb,benign_concept_drift,0.5,1,30,0.831,0.020444444444444446,0.07646488544093837,2,2,1.0,1.0,0.0,0,2,0
fashion_mnist,20,2,mixed_maturity,access_freshness_lease,dirichlet_lcb,benign_concept_drift,0.5,1,31,0.8352,0.024,0.07646488544093837,2,2,1.0,1.0,0.0,0,0,0
fashion_mnist,20,2,mixed_maturity,access_freshness_lease,dirichlet_lcb,benign_concept_drift,0.5,1,32,0.8248,0.010888888888888889,0.07646488544093838,2,2,1.0,1.0,0.0,0,0,0
fashion_mnist,20,2,mixed_maturity,access_freshness_lease,dirichlet_lcb,benign_concept_drift,0.5,1,33,0.8348,0.03,0.07646488544093837,2,2,1.0,1.0,0.0,0,0,0
fashion_mnist,20,2,mixed_maturity,access_freshness_lease,dirichlet_lcb,benign_concept_drift,0.5,1,34,0.8344,0.02311111111111111,0.07646488544093837,2,2,1.0,1.0,0.0,0,0,0
fashion_mnist,20,2,mixed_maturity,access_freshness_lease,dirichlet_lcb,benign_concept_drift,0.5,1,35,0.8246,0.013333333333333334,0.14206666857933334,2,2,1.0,0.0,1.0,0,0,2
fashion_mnist,20,2,mixed_maturity,access_freshness_lease,dirichlet_lcb,benign_concept_drift,0.5,1,36,0.8338,0.023333333333333334,0.1420666685793333,2,2,1.0,0.0,1.0,0,0,0
fashion_mnist,20,2,mixed_maturity,access_freshness_lease,dirichlet_lcb,benign_concept_drift,0.5,1,37,0.8342,0.025555555555555557,0.1420666685793333,2,2,1.0,0.0,1.0,0,0,0
fashion_mnist,20,2,mixed_maturity,access_freshness_lease,dirichlet_lcb,benign_concept_drift,0.5,1,38,0.833,0.018,0.1420666685793333,2,2,1.0,0.0,1.0,0,0,0
fashion_mnist,20,2,mixed_maturity,access_freshness_lease,dirichlet_lcb,benign_concept_drift,0.5,1,39,0.8334,0.024,0.1420666685793333,2,2,1.0,0.0,1.0,0,0,0
fashion_mnist,20,2,mixed_maturity,access_freshness_lease,dirichlet_lcb,benign_concept_drift,0.5,1,40,0.8402,0.028888888888888888,0.07646488544093837,2,2,1.0,1.0,0.0,0,2,0
fashion_mnist,20,2,mixed_maturity,access_freshness_lease,dirichlet_lcb,benign_concept_drift,0.5,1,41,0.8282,0.012222222222222223,0.07646488544093838,2,2,1.0,1.0,0.0,0,0,0
fashion_mnist,20,2,mixed_maturity,access_freshness_lease,dirichlet_lcb,benign_concept_drift,0.5,1,42,0.8234,0.013777777777777778,0.07646488544093838,2,2,1.0,1.0,0.0,0,0,0
fashion_mnist,20,2,mixed_maturity,access_freshness_lease,dirichlet_lcb,benign_concept_drift,0.5,1,43,0.828,0.019555555555555555,0.07646488544093837,2,2,1.0,1.0,0.0,0,0,0
fashion_mnist,20,2,mixed_maturity,access_freshness_lease,dirichlet_lcb,benign_concept_drift,0.5,1,44,0.837,0.035555555555555556,0.07646488544093837,2,2,1.0,1.0,0.0,0,0,0
fashion_mnist,20,2,mixed_maturity,access_freshness_lease,dirichlet_lcb,benign_concept_drift,0.5,1,45,0.8352,0.024,0.1420666685793333,2,2,1.0,0.0,1.0,0,0,2
fashion_mnist,20,2,mixed_maturity,access_freshness_lease,dirichlet_lcb,benign_concept_drift,0.5,1,46,0.837,0.021111111111111112,0.14206666857933334,2,2,1.0,0.0,1.0,0,0,0
fashion_mnist,20,2,mixed_maturity,access_freshness_lease,dirichlet_lcb,benign_concept_drift,0.5,1,47,0.8302,0.035777777777777776,0.1420666685793333,2,2,1.0,0.0,1.0,0,0,0
fashion_mnist,20,2,mixed_maturity,access_freshness_lease,dirichlet_lcb,benign_concept_drift,0.5,1,48,0.8258,0.010888888888888889,0.1420666685793333,2,2,1.0,0.0,1.0,0,0,0
fashion_mnist,20,2,mixed_maturity,access_freshness_lease,dirichlet_lcb,benign_concept_drift,0.5,1,49,0.834,0.025777777777777778,0.1420666685793333,2,2,1.0,0.0,1.0,0,0,0
fashion_mnist,20,2,mixed_maturity,access_freshness_lease,dirichlet_lcb,benign_concept_drift,0.5,1,50,0.8394,0.029555555555555557,0.07646488544093837,2,2,1.0,1.0,0.0,0,2,0
fashion_mnist,20,2,mixed_maturity,access_freshness_lease,dirichlet_lcb,benign_concept_drift,0.5,2,1,0.7684,0.032,0.049574917964175666,2,2,1.0,1.0,0.0,0,0,0
fashion_mnist,20,2,mixed_maturity,access_freshness_lease,dirichlet_lcb,benign_concept_drift,0.5,2,2,0.8018,0.03266666666666666,0.049574917964175666,2,2,1.0,1.0,0.0,0,0,0
fashion_mnist,20,2,mixed_maturity,access_freshness_lease,dirichlet_lcb,benign_concept_drift,0.5,2,3,0.8172,0.01911111111111111,0.049574917964175666,2,2,1.0,1.0,0.0,0,0,0
fashion_mnist,20,2,mixed_maturity,access_freshness_lease,dirichlet_lcb,benign_concept_drift,0.5,2,4,0.814,0.018,0.04957491796417566,2,2,1.0,1.0,0.0,0,0,0
fashion_mnist,20,2,mixed_maturity,access_freshness_lease,dirichlet_lcb,benign_concept_drift,0.5,2,5,0.8246,0.025555555555555557,0.09446666811066665,2,2,1.0,0.0,1.0,0,0,0
fashion_mnist,20,2,mixed_maturity,access_freshness_lease,dirichlet_lcb,benign_concept_drift,0.5,2,6,0.8242,0.018444444444444444,0.09446666811066663,2,2,1.0,0.0,1.0,0,0,0
fashion_mnist,20,2,mixed_maturity,access_freshness_lease,dirichlet_lcb,benign_concept_drift,0.5,2,7,0.82,0.019333333333333334,0.09446666811066665,2,2,1.0,0.0,1.0,0,0,0
fashion_mnist,20,2,mixed_maturity,access_freshness_lease,dirichlet_lcb,benign_concept_drift,0.5,2,8,0.8196,0.016888888888888887,0.09446666811066663,2,2,1.0,0.0,1.0,0,0,0
fashion_mnist,20,2,mixed_maturity,access_freshness_lease,dirichlet_lcb,benign_concept_drift,0.5,2,9,0.82,0.012888888888888889,0.09446666811066665,2,2,1.0,0.0,1.0,0,0,0
fashion_mnist,20,2,mixed_maturity,access_freshness_lease,dirichlet_lcb,benign_concept_drift,0.5,2,10,0.8266,0.017777777777777778,0.049574917964175666,2,2,1.0,1.0,0.0,0,2,0
fashion_mnist,20,2,mixed_maturity,access_freshness_lease,dirichlet_lcb,benign_concept_drift,0.5,2,11,0.8352,0.018,0.049574917964175666,2,2,1.0,1.0,0.0,0,0,0
fashion_mnist,20,2,mixed_maturity,access_freshness_lease,dirichlet_lcb,benign_concept_drift,0.5,2,12,0.8284,0.01911111111111111,0.049574917964175666,2,2,1.0,1.0,0.0,0,0,0
fashion_mnist,20,2,mixed_maturity,access_freshness_lease,dirichlet_lcb,benign_concept_drift,0.5,2,13,0.8308,0.016444444444444446,0.049574917964175666,2,2,1.0,1.0,0.0,0,0,0
fashion_mnist,20,2,mixed_maturity,access_freshness_lease,dirichlet_lcb,benign_concept_drift,0.5,2,14,0.8338,0.015555555555555555,0.049574917964175666,2,2,1.0,1.0,0.0,0,0,0
fashion_mnist,20,2,mixed_maturity,access_freshness_lease,dirichlet_lcb,benign_concept_drift,0.5,2,15,0.8322,0.01577777777777778,0.09446666811066665,2,2,1.0,0.0,1.0,0,0,2
fashion_mnist,20,2,mixed_maturity,access_freshness_lease,dirichlet_lcb,benign_concept_drift,0.5,2,16,0.8332,0.017333333333333333,0.09446666811066665,2,2,1.0,0.0,1.0,0,0,0
fashion_mnist,20,2,mixed_maturity,access_freshness_lease,dirichlet_lcb,benign_concept_drift,0.5,2,17,0.837,0.02822222222222222,0.09446666811066663,2,2,1.0,0.0,1.0,0,0,0
fashion_mnist,20,2,mixed_maturity,access_freshness_lease,dirichlet_lcb,benign_concept_drift,0.5,2,18,0.8326,0.016666666666666666,0.09446666811066663,2,2,1.0,0.0,1.0,0,0,0
fashion_mnist,20,2,mixed_maturity,access_freshness_lease,dirichlet_lcb,benign_concept_drift,0.5,2,19,0.8358,0.03333333333333333,0.09446666811066665,2,2,1.0,0.0,1.0,0,0,0
fashion_mnist,20,2,mixed_maturity,access_freshness_lease,dirichlet_lcb,benign_concept_drift,0.5,2,20,0.8356,0.01911111111111111,0.04957491796417567,2,2,1.0,1.0,0.0,0,2,0
fashion_mnist,20,2,mixed_maturity,access_freshness_lease,dirichlet_lcb,benign_concept_drift,0.5,2,21,0.8346,0.019777777777777776,0.049574917964175666,2,2,1.0,1.0,0.0,0,0,0
fashion_mnist,20,2,mixed_maturity,access_freshness_lease,dirichlet_lcb,benign_concept_drift,0.5,2,22,0.8416,0.022444444444444444,0.049574917964175666,2,2,1.0,1.0,0.0,0,0,0
fashion_mnist,20,2,mixed_maturity,access_freshness_lease,dirichlet_lcb,benign_concept_drift,0.5,2,23,0.8404,0.021333333333333333,0.049574917964175666,2,2,1.0,1.0,0.0,0,0,0
fashion_mnist,20,2,mixed_maturity,access_freshness_lease,dirichlet_lcb,benign_concept_drift,0.5,2,24,0.8368,0.019555555555555555,0.049574917964175666,2,2,1.0,1.0,0.0,0,0,0
fashion_mnist,20,2,mixed_maturity,access_freshness_lease,dirichlet_lcb,benign_concept_drift,0.5,2,25,0.8338,0.01911111111111111,0.09446666811066665,2,2,1.0,0.0,1.0,0,0,2
fashion_mnist,20,2,mixed_maturity,access_freshness_lease,dirichlet_lcb,benign_concept_drift,0.5,2,26,0.8302,0.015333333333333332,0.09446666811066665,2,2,1.0,0.0,1.0,0,0,0
fashion_mnist,20,2,mixed_maturity,access_freshness_lease,dirichlet_lcb,benign_concept_drift,0.5,2,27,0.8428,0.018666666666666668,0.09446666811066665,2,2,1.0,0.0,1.0,0,0,0
fashion_mnist,20,2,mixed_maturity,access_freshness_lease,dirichlet_lcb,benign_concept_drift,0.5,2,28,0.8318,0.013777777777777778,0.09446666811066665,2,2,1.0,0.0,1.0,0,0,0
fashion_mnist,20,2,mixed_maturity,access_freshness_lease,dirichlet_lcb,benign_concept_drift,0.5,2,29,0.8376,0.02022222222222222,0.09446666811066665,2,2,1.0,0.0,1.0,0,0,0
fashion_mnist,20,2,mixed_maturity,access_freshness_lease,dirichlet_lcb,benign_concept_drift,0.5,2,30,0.8364,0.014444444444444444,0.049574917964175666,2,2,1.0,1.0,0.0,0,2,0
fashion_mnist,20,2,mixed_maturity,access_freshness_lease,dirichlet_lcb,benign_concept_drift,0.5,2,31,0.8426,0.015333333333333332,0.04957491796417566,2,2,1.0,1.0,0.0,0,0,0
fashion_mnist,20,2,mixed_maturity,access_freshness_lease,dirichlet_lcb,benign_concept_drift,0.5,2,32,0.8438,0.021333333333333333,0.049574917964175666,2,2,1.0,1.0,0.0,0,0,0
fashion_mnist,20,2,mixed_maturity,access_freshness_lease,dirichlet_lcb,benign_concept_drift,0.5,2,33,0.8422,0.021111111111111112,0.049574917964175666,2,2,1.0,1.0,0.0,0,0,0
fashion_mnist,20,2,mixed_maturity,access_freshness_lease,dirichlet_lcb,benign_concept_drift,0.5,2,34,0.8376,0.022222222222222223,0.04957491796417567,2,2,1.0,1.0,0.0,0,0,0
fashion_mnist,20,2,mixed_maturity,access_freshness_lease,dirichlet_lcb,benign_concept_drift,0.5,2,35,0.8394,0.021777777777777778,0.09446666811066665,2,2,1.0,0.0,1.0,0,0,2
fashion_mnist,20,2,mixed_maturity,access_freshness_lease,dirichlet_lcb,benign_concept_drift,0.5,2,36,0.8296,0.018666666666666668,0.09446666811066665,2,2,1.0,0.0,1.0,0,0,0
fashion_mnist,20,2,mixed_maturity,access_freshness_lease,dirichlet_lcb,benign_concept_drift,0.5,2,37,0.8378,0.028444444444444446,0.09446666811066665,2,2,1.0,0.0,1.0,0,0,0
fashion_mnist,20,2,mixed_maturity,access_freshness_lease,dirichlet_lcb,benign_concept_drift,0.5,2,38,0.8366,0.017555555555555557,0.09446666811066663,2,2,1.0,0.0,1.0,0,0,0
fashion_mnist,20,2,mixed_maturity,access_freshness_lease,dirichlet_lcb,benign_concept_drift,0.5,2,39,0.8422,0.018222222222222223,0.09446666811066665,2,2,1.0,0.0,1.0,0,0,0
fashion_mnist,20,2,mixed_maturity,access_freshness_lease,dirichlet_lcb,benign_concept_drift,0.5,2,40,0.8464,0.027333333333333334,0.049574917964175666,2,2,1.0,1.0,0.0,0,2,0
fashion_mnist,20,2,mixed_maturity,access_freshness_lease,dirichlet_lcb,benign_concept_drift,0.5,2,41,0.8404,0.01577777777777778,0.049574917964175666,2,2,1.0,1.0,0.0,0,0,0
fashion_mnist,20,2,mixed_maturity,access_freshness_lease,dirichlet_lcb,benign_concept_drift,0.5,2,42,0.8364,0.012888888888888889,0.049574917964175666,2,2,1.0,1.0,0.0,0,0,0
fashion_mnist,20,2,mixed_maturity,access_freshness_lease,dirichlet_lcb,benign_concept_drift,0.5,2,43,0.8298,0.012666666666666666,0.049574917964175666,2,2,1.0,1.0,0.0,0,0,0
fashion_mnist,20,2,mixed_maturity,access_freshness_lease,dirichlet_lcb,benign_concept_drift,0.5,2,44,0.8394,0.019555555555555555,0.04957491796417566,2,2,1.0,1.0,0.0,0,0,0
fashion_mnist,20,2,mixed_maturity,access_freshness_lease,dirichlet_lcb,benign_concept_drift,0.5,2,45,0.8384,0.017555555555555557,0.09446666811066665,2,2,1.0,0.0,1.0,0,0,2
fashion_mnist,20,2,mixed_maturity,access_freshness_lease,dirichlet_lcb,benign_concept_drift,0.5,2,46,0.8422,0.021777777777777778,0.09446666811066663,2,2,1.0,0.0,1.0,0,0,0
fashion_mnist,20,2,mixed_maturity,access_freshness_lease,dirichlet_lcb,benign_concept_drift,0.5,2,47,0.83,0.015111111111111112,0.09446666811066665,2,2,1.0,0.0,1.0,0,0,0
fashion_mnist,20,2,mixed_maturity,access_freshness_lease,dirichlet_lcb,benign_concept_drift,0.5,2,48,0.8438,0.01911111111111111,0.09446666811066663,2,2,1.0,0.0,1.0,0,0,0
fashion_mnist,20,2,mixed_maturity,access_freshness_lease,dirichlet_lcb,benign_concept_drift,0.5,2,49,0.837,0.014,0.09446666811066665,2,2,1.0,0.0,1.0,0,0,0
fashion_mnist,20,2,mixed_maturity,access_freshness_lease,dirichlet_lcb,benign_concept_drift,0.5,2,50,0.8372,0.016,0.04957491796417567,2,2,1.0,1.0,0.0,0,2,0
fashion_mnist,20,2,mixed_maturity,access_freshness_lease,dirichlet_lcb,benign_concept_drift,0.5,3,1,0.7664,0.027777777777777776,0.07000508177508406,2,2,1.0,1.0,0.0,0,0,0
fashion_mnist,20,2,mixed_maturity,access_freshness_lease,dirichlet_lcb,benign_concept_drift,0.5,3,2,0.7798,0.005333333333333333,0.07000508177508406,2,2,1.0,1.0,0.0,0,0,0
fashion_mnist,20,2,mixed_maturity,access_freshness_lease,dirichlet_lcb,benign_concept_drift,0.5,3,3,0.7992,0.008888888888888889,0.07000508177508406,2,2,1.0,1.0,0.0,0,0,0
fashion_mnist,20,2,mixed_maturity,access_freshness_lease,dirichlet_lcb,benign_concept_drift,0.5,3,4,0.8124,0.016444444444444446,0.07000508177508405,2,2,1.0,1.0,0.0,0,0,0
fashion_mnist,20,2,mixed_maturity,access_freshness_lease,dirichlet_lcb,benign_concept_drift,0.5,3,5,0.8114,0.014888888888888889,0.13084999869150002,2,2,1.0,0.0,1.0,0,0,0
fashion_mnist,20,2,mixed_maturity,access_freshness_lease,dirichlet_lcb,benign_concept_drift,0.5,3,6,0.813,0.016888888888888887,0.13084999869150002,2,2,1.0,0.0,1.0,0,0,0
fashion_mnist,20,2,mixed_maturity,access_freshness_lease,dirichlet_lcb,benign_concept_drift,0.5,3,7,0.8258,0.024444444444444446,0.13084999869150002,2,2,1.0,0.0,1.0,0,0,0
fashion_mnist,20,2,mixed_maturity,access_freshness_lease,dirichlet_lcb,benign_concept_drift,0.5,3,8,0.824,0.018222222222222223,0.13084999869150002,2,2,1.0,0.0,1.0,0,0,0
fashion_mnist,20,2,mixed_maturity,access_freshness_lease,dirichlet_lcb,benign_concept_drift,0.5,3,9,0.8176,0.014,0.13084999869150002,2,2,1.0,0.0,1.0,0,0,0
fashion_mnist,20,2,mixed_maturity,access_freshness_lease,dirichlet_lcb,benign_concept_drift,0.5,3,10,0.8272,0.02022222222222222,0.07000508177508405,2,2,1.0,1.0,0.0,0,2,0
fashion_mnist,20,2,mixed_maturity,access_freshness_lease,dirichlet_lcb,benign_concept_drift,0.5,3,11,0.8288,0.017555555555555557,0.07000508177508406,2,2,1.0,1.0,0.0,0,0,0
fashion_mnist,20,2,mixed_maturity,access_freshness_lease,dirichlet_lcb,benign_concept_drift,0.5,3,12,0.8306,0.020888888888888887,0.07000508177508406,2,2,1.0,1.0,0.0,0,0,0
fashion_mnist,20,2,mixed_maturity,access_freshness_lease,dirichlet_lcb,benign_concept_drift,0.5,3,13,0.83,0.019333333333333334,0.07000508177508408,2,2,1.0,1.0,0.0,0,0,0
fashion_mnist,20,2,mixed_maturity,access_freshness_lease,dirichlet_lcb,benign_concept_drift,0.5,3,14,0.8282,0.016888888888888887,0.07000508177508405,2,2,1.0,1.0,0.0,0,0,0
fashion_mnist,20,2,mixed_maturity,access_freshness_lease,dirichlet_lcb,benign_concept_drift,0.5,3,15,0.821,0.015111111111111112,0.1308499986915,2,2,1.0,0.0,1.0,0,0,2
fashion_mnist,20,2,mixed_maturity,access_freshness_lease,dirichlet_lcb,benign_concept_drift,0.5,3,16,0.83,0.02711111111111111,0.13084999869150002,2,2,1.0,0.0,1.0,0,0,0
fashion_mnist,20,2,mixed_maturity,access_freshness_lease,dirichlet_lcb,benign_concept_drift,0.5,3,17,0.8362,0.022444444444444444,0.13084999869150002,2,2,1.0,0.0,1.0,0,0,0
fashion_mnist,20,2,mixed_maturity,access_freshness_lease,dirichlet_lcb,benign_concept_drift,0.5,3,18,0.8338,0.020666666666666667,0.13084999869150002,2,2,1.0,0.0,1.0,0,0,0
fashion_mnist,20,2,mixed_maturity,access_freshness_lease,dirichlet_lcb,benign_concept_drift,0.5,3,19,0.8292,0.016888888888888887,0.13084999869150002,2,2,1.0,0.0,1.0,0,0,0
fashion_mnist,20,2,mixed_maturity,access_freshness_lease,dirichlet_lcb,benign_concept_drift,0.5,3,20,0.8274,0.015555555555555555,0.07000508177508406,2,2,1.0,1.0,0.0,0,2,0
fashion_mnist,20,2,mixed_maturity,access_freshness_lease,dirichlet_lcb,benign_concept_drift,0.5,3,21,0.816,0.010666666666666666,0.07000508177508408,2,2,1.0,1.0,0.0,0,0,0
fashion_mnist,20,2,mixed_maturity,access_freshness_lease,dirichlet_lcb,benign_concept_drift,0.5,3,22,0.8336,0.016444444444444446,0.07000508177508406,2,2,1.0,1.0,0.0,0,0,0
fashion_mnist,20,2,mixed_maturity,access_freshness_lease,dirichlet_lcb,benign_concept_drift,0.5,3,23,0.8092,0.008444444444444444,0.07000508177508406,2,2,1.0,1.0,0.0,0,0,0
fashion_mnist,20,2,mixed_maturity,access_freshness_lease,dirichlet_lcb,benign_concept_drift,0.5,3,24,0.8352,0.018,0.07000508177508405,2,2,1.0,1.0,0.0,0,0,0
fashion_mnist,20,2,mixed_maturity,access_freshness_lease,dirichlet_lcb,benign_concept_drift,0.5,3,25,0.8224,0.018444444444444444,0.13084999869150005,2,2,1.0,0.0,1.0,0,0,2
fashion_mnist,20,2,mixed_maturity,access_freshness_lease,dirichlet_lcb,benign_concept_drift,0.5,3,26,0.8246,0.024444444444444446,0.13084999869150002,2,2,1.0,0.0,1.0,0,0,0
fashion_mnist,20,2,mixed_maturity,access_freshness_lease,dirichlet_lcb,benign_concept_drift,0.5,3,27,0.8316,0.023555555555555555,0.13084999869150002,2,2,1.0,0.0,1.0,0,0,0
fashion_mnist,20,2,mixed_maturity,access_freshness_lease,dirichlet_lcb,benign_concept_drift,0.5,3,28,0.8362,0.025111111111111112,0.13084999869150002,2,2,1.0,0.0,1.0,0,0,0
fashion_mnist,20,2,mixed_maturity,access_freshness_lease,dirichlet_lcb,benign_concept_drift,0.5,3,29,0.8336,0.02422222222222222,0.13084999869150002,2,2,1.0,0.0,1.0,0,0,0
fashion_mnist,20,2,mixed_maturity,access_freshness_lease,dirichlet_lcb,benign_concept_drift,0.5,3,30,0.8272,0.03155555555555556,0.07000508177508405,2,2,1.0,1.0,0.0,0,2,0
fashion_mnist,20,2,mixed_maturity,access_freshness_lease,dirichlet_lcb,benign_concept_drift,0.5,3,31,0.8384,0.021555555555555557,0.07000508177508406,2,2,1.0,1.0,0.0,0,0,0
fashion_mnist,20,2,mixed_maturity,access_freshness_lease,dirichlet_lcb,benign_concept_drift,0.5,3,32,0.838,0.018444444444444444,0.07000508177508408,2,2,1.0,1.0,0.0,0,0,0
fashion_mnist,20,2,mixed_maturity,access_freshness_lease,dirichlet_lcb,benign_concept_drift,0.5,3,33,0.8282,0.012444444444444444,0.07000508177508406,2,2,1.0,1.0,0.0,0,0,0
fashion_mnist,20,2,mixed_maturity,access_freshness_lease,dirichlet_lcb,benign_concept_drift,0.5,3,34,0.8396,0.022444444444444444,0.07000508177508408,2,2,1.0,1.0,0.0,0,0,0
fashion_mnist,20,2,mixed_maturity,access_freshness_lease,dirichlet_lcb,benign_concept_drift,0.5,3,35,0.835,0.02022222222222222,0.13084999869150002,2,2,1.0,0.0,1.0,0,0,2
fashion_mnist,20,2,mixed_maturity,access_freshness_lease,dirichlet_lcb,benign_concept_drift,0.5,3,36,0.8328,0.026444444444444444,0.13084999869150002,2,2,1.0,0.0,1.0,0,0,0
fashion_mnist,20,2,mixed_maturity,access_freshness_lease,dirichlet_lcb,benign_concept_drift,0.5,3,37,0.83,0.012666666666666666,0.13084999869150002,2,2,1.0,0.0,1.0,0,0,0
fashion_mnist,20,2,mixed_maturity,access_freshness_lease,dirichlet_lcb,benign_concept_drift,0.5,3,38,0.8318,0.020888888888888887,0.13084999869150002,2,2,1.0,0.0,1.0,0,0,0
fashion_mnist,20,2,mixed_maturity,access_freshness_lease,dirichlet_lcb,benign_concept_drift,0.5,3,39,0.8232,0.02288888888888889,0.13084999869150002,2,2,1.0,0.0,1.0,0,0,0
fashion_mnist,20,2,mixed_maturity,access_freshness_lease,dirichlet_lcb,benign_concept_drift,0.5,3,40,0.8298,0.01911111111111111,0.07000508177508406,2,2,1.0,1.0,0.0,0,2,0
fashion_mnist,20,2,mixed_maturity,access_freshness_lease,dirichlet_lcb,benign_concept_drift,0.5,3,41,0.837,0.02,0.07000508177508406,2,2,1.0,1.0,0.0,0,0,0
fashion_mnist,20,2,mixed_maturity,access_freshness_lease,dirichlet_lcb,benign_concept_drift,0.5,3,42,0.836,0.024666666666666667,0.07000508177508406,2,2,1.0,1.0,0.0,0,0,0
fashion_mnist,20,2,mixed_maturity,access_freshness_lease,dirichlet_lcb,benign_concept_drift,0.5,3,43,0.84,0.023777777777777776,0.07000508177508405,2,2,1.0,1.0,0.0,0,0,0
fashion_mnist,20,2,mixed_maturity,access_freshness_lease,dirichlet_lcb,benign_concept_drift,0.5,3,44,0.8358,0.013333333333333334,0.07000508177508406,2,2,1.0,1.0,0.0,0,0,0
fashion_mnist,20,2,mixed_maturity,access_freshness_lease,dirichlet_lcb,benign_concept_drift,0.5,3,45,0.8344,0.027777777777777776,0.13084999869150002,2,2,1.0,0.0,1.0,0,0,2
fashion_mnist,20,2,mixed_maturity,access_freshness_lease,dirichlet_lcb,benign_concept_drift,0.5,3,46,0.8374,0.024,0.13084999869150002,2,2,1.0,0.0,1.0,0,0,0
fashion_mnist,20,2,mixed_maturity,access_freshness_lease,dirichlet_lcb,benign_concept_drift,0.5,3,47,0.8344,0.024666666666666667,0.13084999869150002,2,2,1.0,0.0,1.0,0,0,0
fashion_mnist,20,2,mixed_maturity,access_freshness_lease,dirichlet_lcb,benign_concept_drift,0.5,3,48,0.8374,0.02311111111111111,0.13084999869150005,2,2,1.0,0.0,1.0,0,0,0
fashion_mnist,20,2,mixed_maturity,access_freshness_lease,dirichlet_lcb,benign_concept_drift,0.5,3,49,0.8364,0.02311111111111111,0.13084999869150002,2,2,1.0,0.0,1.0,0,0,0
fashion_mnist,20,2,mixed_maturity,access_freshness_lease,dirichlet_lcb,benign_concept_drift,0.5,3,50,0.827,0.011333333333333334,0.07000508177508406,2,2,1.0,1.0,0.0,0,2,0
fashion_mnist,20,2,mixed_maturity,access_freshness_lease,dirichlet_lcb,benign_concept_drift,0.5,4,1,0.7592,0.04733333333333333,0.035866891476026314,2,2,1.0,1.0,0.0,0,0,0
fashion_mnist,20,2,mixed_maturity,access_freshness_lease,dirichlet_lcb,benign_concept_drift,0.5,4,2,0.7834,0.014444444444444444,0.035866891476026314,2,2,1.0,1.0,0.0,0,0,0
fashion_mnist,20,2,mixed_maturity,access_freshness_lease,dirichlet_lcb,benign_concept_drift,0.5,4,3,0.8002,0.026,0.03586689147602632,2,2,1.0,1.0,0.0,0,0,0
fashion_mnist,20,2,mixed_maturity,access_freshness_lease,dirichlet_lcb,benign_concept_drift,0.5,4,4,0.7974,0.033777777777777775,0.03586689147602632,2,2,1.0,1.0,0.0,0,0,0
fashion_mnist,20,2,mixed_maturity,access_freshness_lease,dirichlet_lcb,benign_concept_drift,0.5,4,5,0.8142,0.030222222222222223,0.06925000069250001,2,2,1.0,0.0,1.0,0,0,0
fashion_mnist,20,2,mixed_maturity,access_freshness_lease,dirichlet_lcb,benign_concept_drift,0.5,4,6,0.7954,0.010666666666666666,0.06925000069250001,2,2,1.0,0.0,1.0,0,0,0
fashion_mnist,20,2,mixed_maturity,access_freshness_lease,dirichlet_lcb,benign_concept_drift,0.5,4,7,0.822,0.027333333333333334,0.06925000069250001,2,2,1.0,0.0,1.0,0,0,0
fashion_mnist,20,2,mixed_maturity,access_freshness_lease,dirichlet_lcb,benign_concept_drift,0.5,4,8,0.822,0.03155555555555556,0.06925000069250002,2,2,1.0,0.0,1.0,0,0,0
fashion_mnist,20,2,mixed_maturity,access_freshness_lease,dirichlet_lcb,benign_concept_drift,0.5,4,9,0.8264,0.02711111111111111,0.06925000069250002,2,2,1.0,0.0,1.0,0,0,0
fashion_mnist,20,2,mixed_maturity,access_freshness_lease,dirichlet_lcb,benign_concept_drift,0.5,4,10,0.827,0.021555555555555557,0.03586689147602632,2,2,1.0,1.0,0.0,0,2,0
fashion_mnist,20,2,mixed_maturity,access_freshness_lease,dirichlet_lcb,benign_concept_drift,0.5,4,11,0.826,0.026222222222222223,0.03586689147602633,2,2,1.0,1.0,0.0,0,0,0
fashion_mnist,20,2,mixed_maturity,access_freshness_lease,dirichlet_lcb,benign_concept_drift,0.5,4,12,0.8234,0.011333333333333334,0.03586689147602633,2,2,1.0,1.0,0.0,0,0,0
fashion_mnist,20,2,mixed_maturity,access_freshness_lease,dirichlet_lcb,benign_concept_drift,0.5,4,13,0.8252,0.026444444444444444,0.03586689147602632,2,2,1.0,1.0,0.0,0,0,0
fashion_mnist,20,2,mixed_maturity,access_freshness_lease,dirichlet_lcb,benign_concept_drift,0.5,4,14,0.8296,0.029111111111111112,0.03586689147602632,2,2,1.0,1.0,0.0,0,0,0
fashion_mnist,20,2,mixed_maturity,access_freshness_lease,dirichlet_lcb,benign_concept_drift,0.5,4,15,0.8282,0.020666666666666667,0.06925000069250001,2,2,1.0,0.0,1.0,0,0,2
fashion_mnist,20,2,mixed_maturity,access_freshness_lease,dirichlet_lcb,benign_concept_drift,0.5,4,16,0.825,0.018666666666666668,0.06925000069250002,2,2,1.0,0.0,1.0,0,0,0
fashion_mnist,20,2,mixed_maturity,access_freshness_lease,dirichlet_lcb,benign_concept_drift,0.5,4,17,0.8284,0.023555555555555555,0.06925000069250001,2,2,1.0,0.0,1.0,0,0,0
fashion_mnist,20,2,mixed_maturity,access_freshness_lease,dirichlet_lcb,benign_concept_drift,0.5,4,18,0.825,0.020444444444444446,0.06925000069250002,2,2,1.0,0.0,1.0,0,0,0
fashion_mnist,20,2,mixed_maturity,access_freshness_lease,dirichlet_lcb,benign_concept_drift,0.5,4,19,0.8288,0.029555555555555557,0.06925000069250001,2,2,1.0,0.0,1.0,0,0,0
fashion_mnist,20,2,mixed_maturity,access_freshness_lease,dirichlet_lcb,benign_concept_drift,0.5,4,20,0.83,0.02711111111111111,0.03586689147602632,2,2,1.0,1.0,0.0,0,2,0
fashion_mnist,20,2,mixed_maturity,access_freshness_lease,dirichlet_lcb,benign_concept_drift,0.5,4,21,0.8284,0.018222222222222223,0.03586689147602633,2,2,1.0,1.0,0.0,0,0,0
fashion_mnist,20,2,mixed_maturity,access_freshness_lease,dirichlet_lcb,benign_concept_drift,0.5,4,22,0.8362,0.028888888888888888,0.03586689147602632,2,2,1.0,1.0,0.0,0,0,0
fashion_mnist,20,2,mixed_maturity,access_freshness_lease,dirichlet_lcb,benign_concept_drift,0.5,4,23,0.8298,0.018,0.03586689147602632,2,2,1.0,1.0,0.0,0,0,0
fashion_mnist,20,2,mixed_maturity,access_freshness_lease,dirichlet_lcb,benign_concept_drift,0.5,4,24,0.8336,0.03311111111111111,0.03586689147602633,2,2,1.0,1.0,0.0,0,0,0
fashion_mnist,20,2,mixed_maturity,access_freshness_lease,dirichlet_lcb,benign_concept_drift,0.5,4,25,0.8302,0.028,0.06925000069250001,2,2,1.0,0.0,1.0,0,0,2
fashion_mnist,20,2,mixed_maturity,access_freshness_lease,dirichlet_lcb,benign_concept_drift,0.5,4,26,0.8346,0.01577777777777778,0.06925000069250001,2,2,1.0,0.0,1.0,0,0,0
fashion_mnist,20,2,mixed_maturity,access_freshness_lease,dirichlet_lcb,benign_concept_drift,0.5,4,27,0.8322,0.01888888888888889,0.06925000069250001,2,2,1.0,0.0,1.0,0,0,0
fashion_mnist,20,2,mixed_maturity,access_freshness_lease,dirichlet_lcb,benign_concept_drift,0.5,4,28,0.8298,0.020888888888888887,0.06925000069250002,2,2,1.0,0.0,1.0,0,0,0
fashion_mnist,20,2,mixed_maturity,access_freshness_lease,dirichlet_lcb,benign_concept_drift,0.5,4,29,0.827,0.03155555555555556,0.06925000069250001,2,2,1.0,0.0,1.0,0,0,0
fashion_mnist,20,2,mixed_maturity,access_freshness_lease,dirichlet_lcb,benign_concept_drift,0.5,4,30,0.8374,0.028444444444444446,0.03586689147602632,2,2,1.0,1.0,0.0,0,2,0
fashion_mnist,20,2,mixed_maturity,access_freshness_lease,dirichlet_lcb,benign_concept_drift,0.5,4,31,0.821,0.02022222222222222,0.03586689147602632,2,2,1.0,1.0,0.0,0,0,0
fashion_mnist,20,2,mixed_maturity,access_freshness_lease,dirichlet_lcb,benign_concept_drift,0.5,4,32,0.8308,0.02022222222222222,0.03586689147602633,2,2,1.0,1.0,0.0,0,0,0
fashion_mnist,20,2,mixed_maturity,access_freshness_lease,dirichlet_lcb,benign_concept_drift,0.5,4,33,0.8382,0.029111111111111112,0.03586689147602633,2,2,1.0,1.0,0.0,0,0,0
fashion_mnist,20,2,mixed_maturity,access_freshness_lease,dirichlet_lcb,benign_concept_drift,0.5,4,34,0.8218,0.014444444444444444,0.03586689147602633,2,2,1.0,1.0,0.0,0,0,0
fashion_mnist,20,2,mixed_maturity,access_freshness_lease,dirichlet_lcb,benign_concept_drift,0.5,4,35,0.8328,0.03,0.06925000069250002,2,2,1.0,0.0,1.0,0,0,2
fashion_mnist,20,2,mixed_maturity,access_freshness_lease,dirichlet_lcb,benign_concept_drift,0.5,4,36,0.836,0.023555555555555555,0.06925000069250002,2,2,1.0,0.0,1.0,0,0,0
fashion_mnist,20,2,mixed_maturity,access_freshness_lease,dirichlet_lcb,benign_concept_drift,0.5,4,37,0.8314,0.021777777777777778,0.06925000069250001,2,2,1.0,0.0,1.0,0,0,0
fashion_mnist,20,2,mixed_maturity,access_freshness_lease,dirichlet_lcb,benign_concept_drift,0.5,4,38,0.8254,0.012222222222222223,0.06925000069250002,2,2,1.0,0.0,1.0,0,0,0
fashion_mnist,20,2,mixed_maturity,access_freshness_lease,dirichlet_lcb,benign_concept_drift,0.5,4,39,0.8372,0.026444444444444444,0.06925000069250001,2,2,1.0,0.0,1.0,0,0,0
fashion_mnist,20,2,mixed_maturity,access_freshness_lease,dirichlet_lcb,benign_concept_drift,0.5,4,40,0.836,0.029111111111111112,0.03586689147602632,2,2,1.0,1.0,0.0,0,2,0
fashion_mnist,20,2,mixed_maturity,access_freshness_lease,dirichlet_lcb,benign_concept_drift,0.5,4,41,0.838,0.030444444444444444,0.035866891476026314,2,2,1.0,1.0,0.0,0,0,0
fashion_mnist,20,2,mixed_maturity,access_freshness_lease,dirichlet_lcb,benign_concept_drift,0.5,4,42,0.8268,0.020666666666666667,0.03586689147602633,2,2,1.0,1.0,0.0,0,0,0
fashion_mnist,20,2,mixed_maturity,access_freshness_lease,dirichlet_lcb,benign_concept_drift,0.5,4,43,0.8284,0.018444444444444444,0.035866891476026334,2,2,1.0,1.0,0.0,0,0,0
fashion_mnist,20,2,mixed_maturity,access_freshness_lease,dirichlet_lcb,benign_concept_drift,0.5,4,44,0.8304,0.01911111111111111,0.035866891476026314,2,2,1.0,1.0,0.0,0,0,0
fashion_mnist,20,2,mixed_maturity,access_freshness_lease,dirichlet_lcb,benign_concept_drift,0.5,4,45,0.8334,0.023333333333333334,0.06925000069250001,2,2,1.0,0.0,1.0,0,0,2
fashion_mnist,20,2,mixed_maturity,access_freshness_lease,dirichlet_lcb,benign_concept_drift,0.5,4,46,0.8354,0.02266666666666667,0.06925000069250001,2,2,1.0,0.0,1.0,0,0,0
fashion_mnist,20,2,mixed_maturity,access_freshness_lease,dirichlet_lcb,benign_concept_drift,0.5,4,47,0.8334,0.020444444444444446,0.06925000069250001,2,2,1.0,0.0,1.0,0,0,0
fashion_mnist,20,2,mixed_maturity,access_freshness_lease,dirichlet_lcb,benign_concept_drift,0.5,4,48,0.8384,0.028888888888888888,0.06925000069250002,2,2,1.0,0.0,1.0,0,0,0
fashion_mnist,20,2,mixed_maturity,access_freshness_lease,dirichlet_lcb,benign_concept_drift,0.5,4,49,0.8376,0.026,0.06925000069250001,2,2,1.0,0.0,1.0,0,0,0
fashion_mnist,20,2,mixed_maturity,access_freshness_lease,dirichlet_lcb,benign_concept_drift,0.5,4,50,0.8332,0.021555555555555557,0.03586689147602632,2,2,1.0,1.0,0.0,0,2,0
fashion_mnist,20,2,mixed_maturity,access_freshness_lease,dirichlet_lcb,diverse_then_repeat_backdoor,0.5,0,1,0.7388,0.005333333333333333,0.04300664772803009,2,2,1.0,1.0,0.0,0,0,0
fashion_mnist,20,2,mixed_maturity,access_freshness_lease,dirichlet_lcb,diverse_then_repeat_backdoor,0.5,0,2,0.7906,0.07088888888888889,0.043006647728030076,2,2,1.0,1.0,0.0,0,0,0
fashion_mnist,20,2,mixed_maturity,access_freshness_lease,dirichlet_lcb,diverse_then_repeat_backdoor,0.5,0,3,0.8076,0.02266666666666667,0.0430066477280301,2,2,1.0,1.0,0.0,0,0,0
fashion_mnist,20,2,mixed_maturity,access_freshness_lease,dirichlet_lcb,diverse_then_repeat_backdoor,0.5,0,4,0.8108,0.03955555555555555,0.04300664772803009,2,2,1.0,1.0,0.0,0,0,0
fashion_mnist,20,2,mixed_maturity,access_freshness_lease,dirichlet_lcb,diverse_then_repeat_backdoor,0.5,0,5,0.8228,0.06644444444444444,0.08246666164933322,2,2,1.0,0.0,1.0,0,0,0
fashion_mnist,20,2,mixed_maturity,access_freshness_lease,dirichlet_lcb,diverse_then_repeat_backdoor,0.5,0,6,0.825,0.08444444444444445,0.08246666164933325,2,2,1.0,0.0,1.0,0,0,0
fashion_mnist,20,2,mixed_maturity,access_freshness_lease,dirichlet_lcb,diverse_then_repeat_backdoor,0.5,0,7,0.8188,0.08133333333333333,0.08246666164933322,2,2,1.0,0.0,1.0,0,0,0
fashion_mnist,20,2,mixed_maturity,access_freshness_lease,dirichlet_lcb,diverse_then_repeat_backdoor,0.5,0,8,0.811,0.10444444444444445,0.08246666164933325,2,2,1.0,0.0,1.0,0,0,0
fashion_mnist,20,2,mixed_maturity,access_freshness_lease,dirichlet_lcb,diverse_then_repeat_backdoor,0.5,0,9,0.8284,0.13933333333333334,0.08246666164933322,2,2,1.0,0.0,1.0,0,0,0
fashion_mnist,20,2,mixed_maturity,access_freshness_lease,dirichlet_lcb,diverse_then_repeat_backdoor,0.5,0,10,0.8302,0.1328888888888889,0.04300664772803009,2,2,1.0,1.0,0.0,0,2,0
fashion_mnist,20,2,mixed_maturity,access_freshness_lease,dirichlet_lcb,diverse_then_repeat_backdoor,0.5,0,11,0.8182,0.1282222222222222,0.04300664772803008,2,2,1.0,1.0,0.0,0,0,0
fashion_mnist,20,2,mixed_maturity,access_freshness_lease,dirichlet_lcb,diverse_then_repeat_backdoor,0.5,0,12,0.832,0.1582222222222222,0.04300664772803008,2,2,1.0,1.0,0.0,0,0,0
fashion_mnist,20,2,mixed_maturity,access_freshness_lease,dirichlet_lcb,diverse_then_repeat_backdoor,0.5,0,13,0.8148,0.11044444444444444,0.04300664772803009,2,2,1.0,1.0,0.0,0,0,0
fashion_mnist,20,2,mixed_maturity,access_freshness_lease,dirichlet_lcb,diverse_then_repeat_backdoor,0.5,0,14,0.8358,0.18555555555555556,0.04300664772803009,2,2,1.0,1.0,0.0,0,0,0
fashion_mnist,20,2,mixed_maturity,access_freshness_lease,dirichlet_lcb,diverse_then_repeat_backdoor,0.5,0,15,0.8292,0.19244444444444445,0.08246666164933322,2,2,1.0,0.0,1.0,0,0,2
fashion_mnist,20,2,mixed_maturity,access_freshness_lease,dirichlet_lcb,diverse_then_repeat_backdoor,0.5,0,16,0.8354,0.21288888888888888,0.08246666164933322,2,2,1.0,0.0,1.0,0,0,0
fashion_mnist,20,2,mixed_maturity,access_freshness_lease,dirichlet_lcb,diverse_then_repeat_backdoor,0.5,0,17,0.8356,0.24666666666666667,0.08246666164933324,2,2,1.0,0.0,1.0,0,0,0
fashion_mnist,20,2,mixed_maturity,access_freshness_lease,dirichlet_lcb,diverse_then_repeat_backdoor,0.5,0,18,0.837,0.3031111111111111,0.08246666164933324,2,2,1.0,0.0,1.0,0,0,0
fashion_mnist,20,2,mixed_maturity,access_freshness_lease,dirichlet_lcb,diverse_then_repeat_backdoor,0.5,0,19,0.834,0.2962222222222222,0.08246666164933322,2,2,1.0,0.0,1.0,0,0,0
fashion_mnist,20,2,mixed_maturity,access_freshness_lease,dirichlet_lcb,diverse_then_repeat_backdoor,0.5,0,20,0.8374,0.3228888888888889,0.04300664772803009,2,2,1.0,1.0,0.0,0,2,0
fashion_mnist,20,2,mixed_maturity,access_freshness_lease,dirichlet_lcb,diverse_then_repeat_backdoor,0.5,0,21,0.8352,0.31577777777777777,0.04300664772803008,2,2,1.0,1.0,0.0,0,0,0
fashion_mnist,20,2,mixed_maturity,access_freshness_lease,dirichlet_lcb,diverse_then_repeat_backdoor,0.5,0,22,0.8232,0.25577777777777777,0.04300664772803008,2,2,1.0,1.0,0.0,0,0,0
fashion_mnist,20,2,mixed_maturity,access_freshness_lease,dirichlet_lcb,diverse_then_repeat_backdoor,0.5,0,23,0.8342,0.342,0.04300664772803008,2,2,1.0,1.0,0.0,0,0,0
fashion_mnist,20,2,mixed_maturity,access_freshness_lease,dirichlet_lcb,diverse_then_repeat_backdoor,0.5,0,24,0.8396,0.3342222222222222,0.04300664772803009,2,2,1.0,1.0,0.0,0,0,0
fashion_mnist,20,2,mixed_maturity,access_freshness_lease,dirichlet_lcb,diverse_then_repeat_backdoor,0.5,0,25,0.8378,0.38866666666666666,0.08246666164933322,2,2,1.0,0.0,1.0,0,0,2
fashion_mnist,20,2,mixed_maturity,access_freshness_lease,dirichlet_lcb,diverse_then_repeat_backdoor,0.5,0,26,0.8098,0.35044444444444445,0.08246666164933322,2,2,1.0,0.0,1.0,0,0,0
fashion_mnist,20,2,mixed_maturity,access_freshness_lease,dirichlet_lcb,diverse_then_repeat_backdoor,0.5,0,27,0.8322,0.4117777777777778,0.08246666164933322,2,2,1.0,0.0,1.0,0,0,0
fashion_mnist,20,2,mixed_maturity,access_freshness_lease,dirichlet_lcb,diverse_then_repeat_backdoor,0.5,0,28,0.8388,0.4328888888888889,0.08246666164933324,2,2,1.0,0.0,1.0,0,0,0
fashion_mnist,20,2,mixed_maturity,access_freshness_lease,dirichlet_lcb,diverse_then_repeat_backdoor,0.5,0,29,0.8388,0.426,0.08246666164933322,2,2,1.0,0.0,1.0,0,0,0
fashion_mnist,20,2,mixed_maturity,access_freshness_lease,dirichlet_lcb,diverse_then_repeat_backdoor,0.5,0,30,0.8388,0.4428888888888889,0.04300664772803008,2,2,1.0,1.0,0.0,0,2,0
fashion_mnist,20,2,mixed_maturity,access_freshness_lease,dirichlet_lcb,diverse_then_repeat_backdoor,0.5,0,31,0.7922,0.45066666666666666,0.04300664772803008,2,2,1.0,1.0,0.0,0,0,0
fashion_mnist,20,2,mixed_maturity,access_freshness_lease,dirichlet_lcb,diverse_then_repeat_backdoor,0.5,0,32,0.798,0.44266666666666665,0.04300664772803008,2,2,1.0,1.0,0.0,0,0,0
fashion_mnist,20,2,mixed_maturity,access_freshness_lease,dirichlet_lcb,diverse_then_repeat_backdoor,0.5,0,33,0.8376,0.47555555555555556,0.04300664772803008,2,2,1.0,1.0,0.0,0,0,0
fashion_mnist,20,2,mixed_maturity,access_freshness_lease,dirichlet_lcb,diverse_then_repeat_backdoor,0.5,0,34,0.8412,0.4842222222222222,0.04300664772803008,2,2,1.0,1.0,0.0,0,0,0
fashion_mnist,20,2,mixed_maturity,access_freshness_lease,dirichlet_lcb,diverse_then_repeat_backdoor,0.5,0,35,0.8394,0.5104444444444445,0.08246666164933322,2,2,1.0,0.0,1.0,0,0,2
fashion_mnist,20,2,mixed_maturity,access_freshness_lease,dirichlet_lcb,diverse_then_repeat_backdoor,0.5,0,36,0.8372,0.5157777777777778,0.08246666164933324,2,2,1.0,0.0,1.0,0,0,0
fashion_mnist,20,2,mixed_maturity,access_freshness_lease,dirichlet_lcb,diverse_then_repeat_backdoor,0.5,0,37,0.839,0.5186666666666667,0.08246666164933322,2,2,1.0,0.0,1.0,0,0,0
fashion_mnist,20,2,mixed_maturity,access_freshness_lease,dirichlet_lcb,diverse_then_repeat_backdoor,0.5,0,38,0.8404,0.5588888888888889,0.08246666164933324,2,2,1.0,0.0,1.0,0,0,0
fashion_mnist,20,2,mixed_maturity,access_freshness_lease,dirichlet_lcb,diverse_then_repeat_backdoor,0.5,0,39,0.8292,0.5822222222222222,0.08246666164933325,2,2,1.0,0.0,1.0,0,0,0
fashion_mnist,20,2,mixed_maturity,access_freshness_lease,dirichlet_lcb,diverse_then_repeat_backdoor,0.5,0,40,0.8398,0.5595555555555556,0.04300664772803008,2,2,1.0,1.0,0.0,0,2,0
fashion_mnist,20,2,mixed_maturity,access_freshness_lease,dirichlet_lcb,diverse_then_repeat_backdoor,0.5,0,41,0.834,0.5342222222222223,0.04300664772803008,2,2,1.0,1.0,0.0,0,0,0
fashion_mnist,20,2,mixed_maturity,access_freshness_lease,dirichlet_lcb,diverse_then_repeat_backdoor,0.5,0,42,0.8344,0.5475555555555556,0.04300664772803009,2,2,1.0,1.0,0.0,0,0,0
fashion_mnist,20,2,mixed_maturity,access_freshness_lease,dirichlet_lcb,diverse_then_repeat_backdoor,0.5,0,43,0.8378,0.564,0.04300664772803008,2,2,1.0,1.0,0.0,0,0,0
fashion_mnist,20,2,mixed_maturity,access_freshness_lease,dirichlet_lcb,diverse_then_repeat_backdoor,0.5,0,44,0.839,0.526,0.04300664772803008,2,2,1.0,1.0,0.0,0,0,0
fashion_mnist,20,2,mixed_maturity,access_freshness_lease,dirichlet_lcb,diverse_then_repeat_backdoor,0.5,0,45,0.8428,0.5726666666666667,0.08246666164933325,2,2,1.0,0.0,1.0,0,0,2
fashion_mnist,20,2,mixed_maturity,access_freshness_lease,dirichlet_lcb,diverse_then_repeat_backdoor,0.5,0,46,0.8384,0.5957777777777777,0.08246666164933322,2,2,1.0,0.0,1.0,0,0,0
fashion_mnist,20,2,mixed_maturity,access_freshness_lease,dirichlet_lcb,diverse_then_repeat_backdoor,0.5,0,47,0.8378,0.578,0.08246666164933322,2,2,1.0,0.0,1.0,0,0,0
fashion_mnist,20,2,mixed_maturity,access_freshness_lease,dirichlet_lcb,diverse_then_repeat_backdoor,0.5,0,48,0.8394,0.6104444444444445,0.08246666164933322,2,2,1.0,0.0,1.0,0,0,0
fashion_mnist,20,2,mixed_maturity,access_freshness_lease,dirichlet_lcb,diverse_then_repeat_backdoor,0.5,0,49,0.839,0.6397777777777778,0.08246666164933322,2,2,1.0,0.0,1.0,0,0,0
fashion_mnist,20,2,mixed_maturity,access_freshness_lease,dirichlet_lcb,diverse_then_repeat_backdoor,0.5,0,50,0.8428,0.6228888888888889,0.04300664772803009,2,2,1.0,1.0,0.0,0,2,0
fashion_mnist,20,2,mixed_maturity,access_freshness_lease,dirichlet_lcb,diverse_then_repeat_backdoor,0.5,1,1,0.7556,0.04088888888888889,0.07646488544093837,2,2,1.0,1.0,0.0,0,0,0
fashion_mnist,20,2,mixed_maturity,access_freshness_lease,dirichlet_lcb,diverse_then_repeat_backdoor,0.5,1,2,0.7942,0.050666666666666665,0.07646488544093838,2,2,1.0,1.0,0.0,0,0,0
fashion_mnist,20,2,mixed_maturity,access_freshness_lease,dirichlet_lcb,diverse_then_repeat_backdoor,0.5,1,3,0.7978,0.06644444444444444,0.07646488544093837,2,2,1.0,1.0,0.0,0,0,0
fashion_mnist,20,2,mixed_maturity,access_freshness_lease,dirichlet_lcb,diverse_then_repeat_backdoor,0.5,1,4,0.8072,0.07177777777777777,0.07646488544093837,2,2,1.0,1.0,0.0,0,0,0
fashion_mnist,20,2,mixed_maturity,access_freshness_lease,dirichlet_lcb,diverse_then_repeat_backdoor,0.5,1,5,0.8194,0.11288888888888889,0.14206666857933334,2,2,1.0,0.0,1.0,0,0,0
fashion_mnist,20,2,mixed_maturity,access_freshness_lease,dirichlet_lcb,diverse_then_repeat_backdoor,0.5,1,6,0.8214,0.1751111111111111,0.14206666857933334,2,2,1.0,0.0,1.0,0,0,0
fashion_mnist,20,2,mixed_maturity,access_freshness_lease,dirichlet_lcb,diverse_then_repeat_backdoor,0.5,1,7,0.8212,0.23466666666666666,0.1420666685793333,2,2,1.0,0.0,1.0,0,0,0
fashion_mnist,20,2,mixed_maturity,access_freshness_lease,dirichlet_lcb,diverse_then_repeat_backdoor,0.5,1,8,0.8242,0.29733333333333334,0.14206666857933334,2,2,1.0,0.0,1.0,0,0,0
fashion_mnist,20,2,mixed_maturity,access_freshness_lease,dirichlet_lcb,diverse_then_repeat_backdoor,0.5,1,9,0.818,0.32555555555555554,0.1420666685793333,2,2,1.0,0.0,1.0,0,0,0
fashion_mnist,20,2,mixed_maturity,access_freshness_lease,dirichlet_lcb,diverse_then_repeat_backdoor,0.5,1,10,0.8238,0.3486666666666667,0.07646488544093838,2,2,1.0,1.0,0.0,0,2,0
fashion_mnist,20,2,mixed_maturity,access_freshness_lease,dirichlet_lcb,diverse_then_repeat_backdoor,0.5,1,11,0.8274,0.33955555555555555,0.07646488544093838,2,2,1.0,1.0,0.0,0,0,0
fashion_mnist,20,2,mixed_maturity,access_freshness_lease,dirichlet_lcb,diverse_then_repeat_backdoor,0.5,1,12,0.8208,0.39222222222222225,0.07646488544093837,2,2,1.0,1.0,0.0,0,0,0
fashion_mnist,20,2,mixed_maturity,access_freshness_lease,dirichlet_lcb,diverse_then_repeat_backdoor,0.5,1,13,0.8204,0.38555555555555554,0.07646488544093837,2,2,1.0,1.0,0.0,0,0,0
fashion_mnist,20,2,mixed_maturity,access_freshness_lease,dirichlet_lcb,diverse_then_repeat_backdoor,0.5,1,14,0.8322,0.38666666666666666,0.07646488544093837,2,2,1.0,1.0,0.0,0,0,0
fashion_mnist,20,2,mixed_maturity,access_freshness_lease,dirichlet_lcb,diverse_then_repeat_backdoor,0.5,1,15,0.8274,0.4875555555555556,0.14206666857933334,2,2,1.0,0.0,1.0,0,0,2
fashion_mnist,20,2,mixed_maturity,access_freshness_lease,dirichlet_lcb,diverse_then_repeat_backdoor,0.5,1,16,0.831,0.5013333333333333,0.1420666685793333,2,2,1.0,0.0,1.0,0,0,0
fashion_mnist,20,2,mixed_maturity,access_freshness_lease,dirichlet_lcb,diverse_then_repeat_backdoor,0.5,1,17,0.8296,0.5633333333333334,0.1420666685793333,2,2,1.0,0.0,1.0,0,0,0
fashion_mnist,20,2,mixed_maturity,access_freshness_lease,dirichlet_lcb,diverse_then_repeat_backdoor,0.5,1,18,0.8338,0.5642222222222222,0.14206666857933334,2,2,1.0,0.0,1.0,0,0,0
fashion_mnist,20,2,mixed_maturity,access_freshness_lease,dirichlet_lcb,diverse_then_repeat_backdoor,0.5,1,19,0.8352,0.6124444444444445,0.1420666685793333,2,2,1.0,0.0,1.0,0,0,0
fashion_mnist,20,2,mixed_maturity,access_freshness_lease,dirichlet_lcb,diverse_then_repeat_backdoor,0.5,1,20,0.8332,0.6437777777777778,0.07646488544093838,2,2,1.0,1.0,0.0,0,2,0
fashion_mnist,20,2,mixed_maturity,access_freshness_lease,dirichlet_lcb,diverse_then_repeat_backdoor,0.5,1,21,0.8282,0.6277777777777778,0.07646488544093838,2,2,1.0,1.0,0.0,0,0,0
fashion_mnist,20,2,mixed_maturity,access_freshness_lease,dirichlet_lcb,diverse_then_repeat_backdoor,0.5,1,22,0.825,0.5824444444444444,0.07646488544093838,2,2,1.0,1.0,0.0,0,0,0
fashion_mnist,20,2,mixed_maturity,access_freshness_lease,dirichlet_lcb,diverse_then_repeat_backdoor,0.5,1,23,0.832,0.5833333333333334,0.07646488544093837,2,2,1.0,1.0,0.0,0,0,0
fashion_mnist,20,2,mixed_maturity,access_freshness_lease,dirichlet_lcb,diverse_then_repeat_backdoor,0.5,1,24,0.8314,0.6086666666666667,0.07646488544093838,2,2,1.0,1.0,0.0,0,0,0
fashion_mnist,20,2,mixed_maturity,access_freshness_lease,dirichlet_lcb,diverse_then_repeat_backdoor,0.5,1,25,0.8324,0.6326666666666667,0.1420666685793333,2,2,1.0,0.0,1.0,0,0,2
fashion_mnist,20,2,mixed_maturity,access_freshness_lease,dirichlet_lcb,diverse_then_repeat_backdoor,0.5,1,26,0.833,0.6875555555555556,0.14206666857933334,2,2,1.0,0.0,1.0,0,0,0
fashion_mnist,20,2,mixed_maturity,access_freshness_lease,dirichlet_lcb,diverse_then_repeat_backdoor,0.5,1,27,0.8326,0.7553333333333333,0.1420666685793333,2,2,1.0,0.0,1.0,0,0,0
fashion_mnist,20,2,mixed_maturity,access_freshness_lease,dirichlet_lcb,diverse_then_repeat_backdoor,0.5,1,28,0.8374,0.7268888888888889,0.1420666685793333,2,2,1.0,0.0,1.0,0,0,0
fashion_mnist,20,2,mixed_maturity,access_freshness_lease,dirichlet_lcb,diverse_then_repeat_backdoor,0.5,1,29,0.8384,0.754,0.1420666685793333,2,2,1.0,0.0,1.0,0,0,0
fashion_mnist,20,2,mixed_maturity,access_freshness_lease,dirichlet_lcb,diverse_then_repeat_backdoor,0.5,1,30,0.8378,0.7344444444444445,0.07646488544093838,2,2,1.0,1.0,0.0,0,2,0
fashion_mnist,20,2,mixed_maturity,access_freshness_lease,dirichlet_lcb,diverse_then_repeat_backdoor,0.5,1,31,0.8346,0.7435555555555555,0.07646488544093838,2,2,1.0,1.0,0.0,0,0,0
fashion_mnist,20,2,mixed_maturity,access_freshness_lease,dirichlet_lcb,diverse_then_repeat_backdoor,0.5,1,32,0.8318,0.6933333333333334,0.07646488544093837,2,2,1.0,1.0,0.0,0,0,0
fashion_mnist,20,2,mixed_maturity,access_freshness_lease,dirichlet_lcb,diverse_then_repeat_backdoor,0.5,1,33,0.8362,0.7542222222222222,0.07646488544093837,2,2,1.0,1.0,0.0,0,0,0
fashion_mnist,20,2,mixed_maturity,access_freshness_lease,dirichlet_lcb,diverse_then_repeat_backdoor,0.5,1,34,0.8376,0.7422222222222222,0.07646488544093838,2,2,1.0,1.0,0.0,0,0,0
fashion_mnist,20,2,mixed_maturity,access_freshness_lease,dirichlet_lcb,diverse_then_repeat_backdoor,0.5,1,35,0.8366,0.754,0.14206666857933326,2,2,1.0,0.0,1.0,0,0,2
fashion_mnist,20,2,mixed_maturity,access_freshness_lease,dirichlet_lcb,diverse_then_repeat_backdoor,0.5,1,36,0.8402,0.7942222222222223,0.1420666685793333,2,2,1.0,0.0,1.0,0,0,0
fashion_mnist,20,2,mixed_maturity,access_freshness_lease,dirichlet_lcb,diverse_then_repeat_backdoor,0.5,1,37,0.8396,0.8226666666666667,0.14206666857933334,2,2,1.0,0.0,1.0,0,0,0
fashion_mnist,20,2,mixed_maturity,access_freshness_lease,dirichlet_lcb,diverse_then_repeat_backdoor,0.5,1,38,0.8386,0.8324444444444444,0.1420666685793333,2,2,1.0,0.0,1.0,0,0,0
fashion_mnist,20,2,mixed_maturity,access_freshness_lease,dirichlet_lcb,diverse_then_repeat_backdoor,0.5,1,39,0.8408,0.8368888888888889,0.1420666685793333,2,2,1.0,0.0,1.0,0,0,0
fashion_mnist,20,2,mixed_maturity,access_freshness_lease,dirichlet_lcb,diverse_then_repeat_backdoor,0.5,1,40,0.8378,0.8251111111111111,0.07646488544093837,2,2,1.0,1.0,0.0,0,2,0
fashion_mnist,20,2,mixed_maturity,access_freshness_lease,dirichlet_lcb,diverse_then_repeat_backdoor,0.5,1,41,0.8286,0.7804444444444445,0.07646488544093838,2,2,1.0,1.0,0.0,0,0,0
fashion_mnist,20,2,mixed_maturity,access_freshness_lease,dirichlet_lcb,diverse_then_repeat_backdoor,0.5,1,42,0.8308,0.7931111111111111,0.07646488544093837,2,2,1.0,1.0,0.0,0,0,0
fashion_mnist,20,2,mixed_maturity,access_freshness_lease,dirichlet_lcb,diverse_then_repeat_backdoor,0.5,1,43,0.8304,0.8173333333333334,0.07646488544093838,2,2,1.0,1.0,0.0,0,0,0
fashion_mnist,20,2,mixed_maturity,access_freshness_lease,dirichlet_lcb,diverse_then_repeat_backdoor,0.5,1,44,0.833,0.8382222222222222,0.07646488544093837,2,2,1.0,1.0,0.0,0,0,0
fashion_mnist,20,2,mixed_maturity,access_freshness_lease,dirichlet_lcb,diverse_then_repeat_backdoor,0.5,1,45,0.8422,0.8495555555555555,0.1420666685793333,2,2,1.0,0.0,1.0,0,0,2
fashion_mnist,20,2,mixed_maturity,access_freshness_lease,dirichlet_lcb,diverse_then_repeat_backdoor,0.5,1,46,0.8402,0.8555555555555555,0.1420666685793333,2,2,1.0,0.0,1.0,0,0,0
fashion_mnist,20,2,mixed_maturity,access_freshness_lease,dirichlet_lcb,diverse_then_repeat_backdoor,0.5,1,47,0.8384,0.8951111111111111,0.14206666857933334,2,2,1.0,0.0,1.0,0,0,0
fashion_mnist,20,2,mixed_maturity,access_freshness_lease,dirichlet_lcb,diverse_then_repeat_backdoor,0.5,1,48,0.8404,0.8568888888888889,0.1420666685793333,2,2,1.0,0.0,1.0,0,0,0
fashion_mnist,20,2,mixed_maturity,access_freshness_lease,dirichlet_lcb,diverse_then_repeat_backdoor,0.5,1,49,0.8386,0.8875555555555555,0.14206666857933334,2,2,1.0,0.0,1.0,0,0,0
fashion_mnist,20,2,mixed_maturity,access_freshness_lease,dirichlet_lcb,diverse_then_repeat_backdoor,0.5,1,50,0.8372,0.8722222222222222,0.07646488544093838,2,2,1.0,1.0,0.0,0,2,0
fashion_mnist,20,2,mixed_maturity,access_freshness_lease,dirichlet_lcb,diverse_then_repeat_backdoor,0.5,2,1,0.7684,0.032,0.049574917964175666,2,2,1.0,1.0,0.0,0,0,0
fashion_mnist,20,2,mixed_maturity,access_freshness_lease,dirichlet_lcb,diverse_then_repeat_backdoor,0.5,2,2,0.8018,0.041777777777777775,0.049574917964175666,2,2,1.0,1.0,0.0,0,0,0
fashion_mnist,20,2,mixed_maturity,access_freshness_lease,dirichlet_lcb,diverse_then_repeat_backdoor,0.5,2,3,0.8146,0.03333333333333333,0.049574917964175666,2,2,1.0,1.0,0.0,0,0,0
fashion_mnist,20,2,mixed_maturity,access_freshness_lease,dirichlet_lcb,diverse_then_repeat_backdoor,0.5,2,4,0.8152,0.043555555555555556,0.049574917964175666,2,2,1.0,1.0,0.0,0,0,0
fashion_mnist,20,2,mixed_maturity,access_freshness_lease,dirichlet_lcb,diverse_then_repeat_backdoor,0.5,2,5,0.8236,0.07844444444444444,0.09446666811066665,2,2,1.0,0.0,1.0,0,0,0
fashion_mnist,20,2,mixed_maturity,access_freshness_lease,dirichlet_lcb,diverse_then_repeat_backdoor,0.5,2,6,0.8218,0.08622222222222223,0.09446666811066665,2,2,1.0,0.0,1.0,0,0,0
fashion_mnist,20,2,mixed_maturity,access_freshness_lease,dirichlet_lcb,diverse_then_repeat_backdoor,0.5,2,7,0.8264,0.11088888888888888,0.09446666811066665,2,2,1.0,0.0,1.0,0,0,0
fashion_mnist,20,2,mixed_maturity,access_freshness_lease,dirichlet_lcb,diverse_then_repeat_backdoor,0.5,2,8,0.82,0.1351111111111111,0.09446666811066665,2,2,1.0,0.0,1.0,0,0,0
fashion_mnist,20,2,mixed_maturity,access_freshness_lease,dirichlet_lcb,diverse_then_repeat_backdoor,0.5,2,9,0.8222,0.15311111111111111,0.09446666811066663,2,2,1.0,0.0,1.0,0,0,0
fashion_mnist,20,2,mixed_maturity,access_freshness_lease,dirichlet_lcb,diverse_then_repeat_backdoor,0.5,2,10,0.8274,0.18155555555555555,0.049574917964175666,2,2,1.0,1.0,0.0,0,2,0
fashion_mnist,20,2,mixed_maturity,access_freshness_lease,dirichlet_lcb,diverse_then_repeat_backdoor,0.5,2,11,0.832,0.192,0.049574917964175666,2,2,1.0,1.0,0.0,0,0,0
fashion_mnist,20,2,mixed_maturity,access_freshness_lease,dirichlet_lcb,diverse_then_repeat_backdoor,0.5,2,12,0.83,0.20977777777777779,0.04957491796417566,2,2,1.0,1.0,0.0,0,0,0
fashion_mnist,20,2,mixed_maturity,access_freshness_lease,dirichlet_lcb,diverse_then_repeat_backdoor,0.5,2,13,0.8316,0.21266666666666667,0.04957491796417566,2,2,1.0,1.0,0.0,0,0,0
fashion_mnist,20,2,mixed_maturity,access_freshness_lease,dirichlet_lcb,diverse_then_repeat_backdoor,0.5,2,14,0.835,0.20844444444444443,0.049574917964175666,2,2,1.0,1.0,0.0,0,0,0
fashion_mnist,20,2,mixed_maturity,access_freshness_lease,dirichlet_lcb,diverse_then_repeat_backdoor,0.5,2,15,0.8294,0.246,0.09446666811066663,2,2,1.0,0.0,1.0,0,0,2
fashion_mnist,20,2,mixed_maturity,access_freshness_lease,dirichlet_lcb,diverse_then_repeat_backdoor,0.5,2,16,0.8298,0.2811111111111111,0.09446666811066665,2,2,1.0,0.0,1.0,0,0,0
fashion_mnist,20,2,mixed_maturity,access_freshness_lease,dirichlet_lcb,diverse_then_repeat_backdoor,0.5,2,17,0.8338,0.40244444444444444,0.09446666811066665,2,2,1.0,0.0,1.0,0,0,0
fashion_mnist,20,2,mixed_maturity,access_freshness_lease,dirichlet_lcb,diverse_then_repeat_backdoor,0.5,2,18,0.8338,0.37133333333333335,0.09446666811066665,2,2,1.0,0.0,1.0,0,0,0
fashion_mnist,20,2,mixed_maturity,access_freshness_lease,dirichlet_lcb,diverse_then_repeat_backdoor,0.5,2,19,0.8344,0.4708888888888889,0.09446666811066665,2,2,1.0,0.0,1.0,0,0,0
fashion_mnist,20,2,mixed_maturity,access_freshness_lease,dirichlet_lcb,diverse_then_repeat_backdoor,0.5,2,20,0.836,0.4026666666666667,0.049574917964175666,2,2,1.0,1.0,0.0,0,2,0
fashion_mnist,20,2,mixed_maturity,access_freshness_lease,dirichlet_lcb,diverse_then_repeat_backdoor,0.5,2,21,0.8334,0.40644444444444444,0.049574917964175666,2,2,1.0,1.0,0.0,0,0,0
fashion_mnist,20,2,mixed_maturity,access_freshness_lease,dirichlet_lcb,diverse_then_repeat_backdoor,0.5,2,22,0.8416,0.43577777777777776,0.049574917964175666,2,2,1.0,1.0,0.0,0,0,0
fashion_mnist,20,2,mixed_maturity,access_freshness_lease,dirichlet_lcb,diverse_then_repeat_backdoor,0.5,2,23,0.8396,0.4651111111111111,0.049574917964175666,2,2,1.0,1.0,0.0,0,0,0
fashion_mnist,20,2,mixed_maturity,access_freshness_lease,dirichlet_lcb,diverse_then_repeat_backdoor,0.5,2,24,0.8352,0.42244444444444446,0.049574917964175666,2,2,1.0,1.0,0.0,0,0,0
fashion_mnist,20,2,mixed_maturity,access_freshness_lease,dirichlet_lcb,diverse_then_repeat_backdoor,0.5,2,25,0.836,0.488,0.09446666811066665,2,2,1.0,0.0,1.0,0,0,2
fashion_mnist,20,2,mixed_maturity,access_freshness_lease,dirichlet_lcb,diverse_then_repeat_backdoor,0.5,2,26,0.8342,0.45444444444444443,0.09446666811066667,2,2,1.0,0.0,1.0,0,0,0
fashion_mnist,20,2,mixed_maturity,access_freshness_lease,dirichlet_lcb,diverse_then_repeat_backdoor,0.5,2,27,0.841,0.5333333333333333,0.09446666811066665,2,2,1.0,0.0,1.0,0,0,0
fashion_mnist,20,2,mixed_maturity,access_freshness_lease,dirichlet_lcb,diverse_then_repeat_backdoor,0.5,2,28,0.834,0.5304444444444445,0.09446666811066665,2,2,1.0,0.0,1.0,0,0,0
fashion_mnist,20,2,mixed_maturity,access_freshness_lease,dirichlet_lcb,diverse_then_repeat_backdoor,0.5,2,29,0.8382,0.5737777777777778,0.09446666811066663,2,2,1.0,0.0,1.0,0,0,0
fashion_mnist,20,2,mixed_maturity,access_freshness_lease,dirichlet_lcb,diverse_then_repeat_backdoor,0.5,2,30,0.837,0.5462222222222223,0.049574917964175666,2,2,1.0,1.0,0.0,0,2,0
fashion_mnist,20,2,mixed_maturity,access_freshness_lease,dirichlet_lcb,diverse_then_repeat_backdoor,0.5,2,31,0.8372,0.5531111111111111,0.049574917964175666,2,2,1.0,1.0,0.0,0,0,0
fashion_mnist,20,2,mixed_maturity,access_freshness_lease,dirichlet_lcb,diverse_then_repeat_backdoor,0.5,2,32,0.8442,0.5813333333333334,0.049574917964175666,2,2,1.0,1.0,0.0,0,0,0
fashion_mnist,20,2,mixed_maturity,access_freshness_lease,dirichlet_lcb,diverse_then_repeat_backdoor,0.5,2,33,0.839,0.5702222222222222,0.049574917964175666,2,2,1.0,1.0,0.0,0,0,0
fashion_mnist,20,2,mixed_maturity,access_freshness_lease,dirichlet_lcb,diverse_then_repeat_backdoor,0.5,2,34,0.84,0.6164444444444445,0.04957491796417567,2,2,1.0,1.0,0.0,0,0,0
fashion_mnist,20,2,mixed_maturity,access_freshness_lease,dirichlet_lcb,diverse_then_repeat_backdoor,0.5,2,35,0.8448,0.6211111111111111,0.09446666811066665,2,2,1.0,0.0,1.0,0,0,2
fashion_mnist,20,2,mixed_maturity,access_freshness_lease,dirichlet_lcb,diverse_then_repeat_backdoor,0.5,2,36,0.834,0.6333333333333333,0.09446666811066663,2,2,1.0,0.0,1.0,0,0,0
fashion_mnist,20,2,mixed_maturity,access_freshness_lease,dirichlet_lcb,diverse_then_repeat_backdoor,0.5,2,37,0.842,0.682,0.09446666811066665,2,2,1.0,0.0,1.0,0,0,0
fashion_mnist,20,2,mixed_maturity,access_freshness_lease,dirichlet_lcb,diverse_then_repeat_backdoor,0.5,2,38,0.8358,0.6388888888888888,0.09446666811066663,2,2,1.0,0.0,1.0,0,0,0
fashion_mnist,20,2,mixed_maturity,access_freshness_lease,dirichlet_lcb,diverse_then_repeat_backdoor,0.5,2,39,0.8412,0.6691111111111111,0.09446666811066665,2,2,1.0,0.0,1.0,0,0,0
fashion_mnist,20,2,mixed_maturity,access_freshness_lease,dirichlet_lcb,diverse_then_repeat_backdoor,0.5,2,40,0.845,0.6848888888888889,0.049574917964175666,2,2,1.0,1.0,0.0,0,2,0
fashion_mnist,20,2,mixed_maturity,access_freshness_lease,dirichlet_lcb,diverse_then_repeat_backdoor,0.5,2,41,0.8394,0.6613333333333333,0.049574917964175666,2,2,1.0,1.0,0.0,0,0,0
fashion_mnist,20,2,mixed_maturity,access_freshness_lease,dirichlet_lcb,diverse_then_repeat_backdoor,0.5,2,42,0.8378,0.6437777777777778,0.049574917964175666,2,2,1.0,1.0,0.0,0,0,0
fashion_mnist,20,2,mixed_maturity,access_freshness_lease,dirichlet_lcb,diverse_then_repeat_backdoor,0.5,2,43,0.8292,0.64,0.049574917964175666,2,2,1.0,1.0,0.0,0,0,0
fashion_mnist,20,2,mixed_maturity,access_freshness_lease,dirichlet_lcb,diverse_then_repeat_backdoor,0.5,2,44,0.8414,0.6753333333333333,0.049574917964175666,2,2,1.0,1.0,0.0,0,0,0
fashion_mnist,20,2,mixed_maturity,access_freshness_lease,dirichlet_lcb,diverse_then_repeat_backdoor,0.5,2,45,0.8382,0.6975555555555556,0.09446666811066665,2,2,1.0,0.0,1.0,0,0,2
fashion_mnist,20,2,mixed_maturity,access_freshness_lease,dirichlet_lcb,diverse_then_repeat_backdoor,0.5,2,46,0.8422,0.7128888888888889,0.09446666811066663,2,2,1.0,0.0,1.0,0,0,0
fashion_mnist,20,2,mixed_maturity,access_freshness_lease,dirichlet_lcb,diverse_then_repeat_backdoor,0.5,2,47,0.834,0.7184444444444444,0.09446666811066665,2,2,1.0,0.0,1.0,0,0,0
fashion_mnist,20,2,mixed_maturity,access_freshness_lease,dirichlet_lcb,diverse_then_repeat_backdoor,0.5,2,48,0.8464,0.7188888888888889,0.09446666811066665,2,2,1.0,0.0,1.0,0,0,0
fashion_mnist,20,2,mixed_maturity,access_freshness_lease,dirichlet_lcb,diverse_then_repeat_backdoor,0.5,2,49,0.8418,0.7182222222222222,0.09446666811066663,2,2,1.0,0.0,1.0,0,0,0
fashion_mnist,20,2,mixed_maturity,access_freshness_lease,dirichlet_lcb,diverse_then_repeat_backdoor,0.5,2,50,0.8382,0.7088888888888889,0.049574917964175666,2,2,1.0,1.0,0.0,0,2,0
fashion_mnist,20,2,mixed_maturity,access_freshness_lease,dirichlet_lcb,diverse_then_repeat_backdoor,0.5,3,1,0.7664,0.027777777777777776,0.07000508177508406,2,2,1.0,1.0,0.0,0,0,0
fashion_mnist,20,2,mixed_maturity,access_freshness_lease,dirichlet_lcb,diverse_then_repeat_backdoor,0.5,3,2,0.7794,0.010666666666666666,0.07000508177508406,2,2,1.0,1.0,0.0,0,0,0
fashion_mnist,20,2,mixed_maturity,access_freshness_lease,dirichlet_lcb,diverse_then_repeat_backdoor,0.5,3,3,0.802,0.03177777777777778,0.07000508177508406,2,2,1.0,1.0,0.0,0,0,0
fashion_mnist,20,2,mixed_maturity,access_freshness_lease,dirichlet_lcb,diverse_then_repeat_backdoor,0.5,3,4,0.8142,0.059333333333333335,0.07000508177508405,2,2,1.0,1.0,0.0,0,0,0
fashion_mnist,20,2,mixed_maturity,access_freshness_lease,dirichlet_lcb,diverse_then_repeat_backdoor,0.5,3,5,0.8126,0.07844444444444444,0.13084999869150002,2,2,1.0,0.0,1.0,0,0,0
fashion_mnist,20,2,mixed_maturity,access_freshness_lease,dirichlet_lcb,diverse_then_repeat_backdoor,0.5,3,6,0.8146,0.13844444444444445,0.13084999869150002,2,2,1.0,0.0,1.0,0,0,0
fashion_mnist,20,2,mixed_maturity,access_freshness_lease,dirichlet_lcb,diverse_then_repeat_backdoor,0.5,3,7,0.8212,0.17644444444444443,0.13084999869150002,2,2,1.0,0.0,1.0,0,0,0
fashion_mnist,20,2,mixed_maturity,access_freshness_lease,dirichlet_lcb,diverse_then_repeat_backdoor,0.5,3,8,0.8306,0.24755555555555556,0.13084999869150002,2,2,1.0,0.0,1.0,0,0,0
fashion_mnist,20,2,mixed_maturity,access_freshness_lease,dirichlet_lcb,diverse_then_repeat_backdoor,0.5,3,9,0.823,0.2797777777777778,0.13084999869150002,2,2,1.0,0.0,1.0,0,0,0
fashion_mnist,20,2,mixed_maturity,access_freshness_lease,dirichlet_lcb,diverse_then_repeat_backdoor,0.5,3,10,0.8314,0.3317777777777778,0.07000508177508406,2,2,1.0,1.0,0.0,0,2,0
fashion_mnist,20,2,mixed_maturity,access_freshness_lease,dirichlet_lcb,diverse_then_repeat_backdoor,0.5,3,11,0.8294,0.30866666666666664,0.07000508177508408,2,2,1.0,1.0,0.0,0,0,0
fashion_mnist,20,2,mixed_maturity,access_freshness_lease,dirichlet_lcb,diverse_then_repeat_backdoor,0.5,3,12,0.8314,0.35488888888888886,0.07000508177508408,2,2,1.0,1.0,0.0,0,0,0
fashion_mnist,20,2,mixed_maturity,access_freshness_lease,dirichlet_lcb,diverse_then_repeat_backdoor,0.5,3,13,0.8308,0.36466666666666664,0.07000508177508406,2,2,1.0,1.0,0.0,0,0,0
fashion_mnist,20,2,mixed_maturity,access_freshness_lease,dirichlet_lcb,diverse_then_repeat_backdoor,0.5,3,14,0.8326,0.36644444444444446,0.07000508177508406,2,2,1.0,1.0,0.0,0,0,0
fashion_mnist,20,2,mixed_maturity,access_freshness_lease,dirichlet_lcb,diverse_then_repeat_backdoor,0.5,3,15,0.8226,0.3662222222222222,0.13084999869150002,2,2,1.0,0.0,1.0,0,0,2
fashion_mnist,20,2,mixed_maturity,access_freshness_lease,dirichlet_lcb,diverse_then_repeat_backdoor,0.5,3,16,0.8334,0.488,0.1308499986915,2,2,1.0,0.0,1.0,0,0,0
fashion_mnist,20,2,mixed_maturity,access_freshness_lease,dirichlet_lcb,diverse_then_repeat_backdoor,0.5,3,17,0.8358,0.49333333333333335,0.1308499986915,2,2,1.0,0.0,1.0,0,0,0
fashion_mnist,20,2,mixed_maturity,access_freshness_lease,dirichlet_lcb,diverse_then_repeat_backdoor,0.5,3,18,0.8346,0.5337777777777778,0.13084999869150002,2,2,1.0,0.0,1.0,0,0,0
fashion_mnist,20,2,mixed_maturity,access_freshness_lease,dirichlet_lcb,diverse_then_repeat_backdoor,0.5,3,19,0.836,0.5815555555555556,0.13084999869150002,2,2,1.0,0.0,1.0,0,0,0
fashion_mnist,20,2,mixed_maturity,access_freshness_lease,dirichlet_lcb,diverse_then_repeat_backdoor,0.5,3,20,0.8298,0.5493333333333333,0.07000508177508408,2,2,1.0,1.0,0.0,0,2,0
fashion_mnist,20,2,mixed_maturity,access_freshness_lease,dirichlet_lcb,diverse_then_repeat_backdoor,0.5,3,21,0.8214,0.5473333333333333,0.07000508177508406,2,2,1.0,1.0,0.0,0,0,0
fashion_mnist,20,2,mixed_maturity,access_freshness_lease,dirichlet_lcb,diverse_then_repeat_backdoor,0.5,3,22,0.833,0.5551111111111111,0.07000508177508406,2,2,1.0,1.0,0.0,0,0,0
fashion_mnist,20,2,mixed_maturity,access_freshness_lease,dirichlet_lcb,diverse_then_repeat_backdoor,0.5,3,23,0.8132,0.5322222222222223,0.07000508177508405,2,2,1.0,1.0,0.0,0,0,0
fashion_mnist,20,2,mixed_maturity,access_freshness_lease,dirichlet_lcb,diverse_then_repeat_backdoor,0.5,3,24,0.837,0.586,0.07000508177508405,2,2,1.0,1.0,0.0,0,0,0
fashion_mnist,20,2,mixed_maturity,access_freshness_lease,dirichlet_lcb,diverse_then_repeat_backdoor,0.5,3,25,0.831,0.6355555555555555,0.13084999869150002,2,2,1.0,0.0,1.0,0,0,2
fashion_mnist,20,2,mixed_maturity,access_freshness_lease,dirichlet_lcb,diverse_then_repeat_backdoor,0.5,3,26,0.8274,0.6162222222222222,0.13084999869150005,2,2,1.0,0.0,1.0,0,0,0
fashion_mnist,20,2,mixed_maturity,access_freshness_lease,dirichlet_lcb,diverse_then_repeat_backdoor,0.5,3,27,0.84,0.6671111111111111,0.13084999869150002,2,2,1.0,0.0,1.0,0,0,0
fashion_mnist,20,2,mixed_maturity,access_freshness_lease,dirichlet_lcb,diverse_then_repeat_backdoor,0.5,3,28,0.8392,0.708,0.13084999869150002,2,2,1.0,0.0,1.0,0,0,0
fashion_mnist,20,2,mixed_maturity,access_freshness_lease,dirichlet_lcb,diverse_then_repeat_backdoor,0.5,3,29,0.8362,0.6753333333333333,0.13084999869150002,2,2,1.0,0.0,1.0,0,0,0
fashion_mnist,20,2,mixed_maturity,access_freshness_lease,dirichlet_lcb,diverse_then_repeat_backdoor,0.5,3,30,0.8262,0.7013333333333334,0.07000508177508408,2,2,1.0,1.0,0.0,0,2,0
fashion_mnist,20,2,mixed_maturity,access_freshness_lease,dirichlet_lcb,diverse_then_repeat_backdoor,0.5,3,31,0.837,0.7275555555555555,0.07000508177508406,2,2,1.0,1.0,0.0,0,0,0
fashion_mnist,20,2,mixed_maturity,access_freshness_lease,dirichlet_lcb,diverse_then_repeat_backdoor,0.5,3,32,0.8372,0.6973333333333334,0.07000508177508408,2,2,1.0,1.0,0.0,0,0,0
fashion_mnist,20,2,mixed_maturity,access_freshness_lease,dirichlet_lcb,diverse_then_repeat_backdoor,0.5,3,33,0.8332,0.6662222222222223,0.07000508177508406,2,2,1.0,1.0,0.0,0,0,0
fashion_mnist,20,2,mixed_maturity,access_freshness_lease,dirichlet_lcb,diverse_then_repeat_backdoor,0.5,3,34,0.8398,0.7131111111111111,0.07000508177508406,2,2,1.0,1.0,0.0,0,0,0
fashion_mnist,20,2,mixed_maturity,access_freshness_lease,dirichlet_lcb,diverse_then_repeat_backdoor,0.5,3,35,0.8366,0.7375555555555555,0.13084999869150002,2,2,1.0,0.0,1.0,0,0,2
fashion_mnist,20,2,mixed_maturity,access_freshness_lease,dirichlet_lcb,diverse_then_repeat_backdoor,0.5,3,36,0.838,0.7244444444444444,0.13084999869150002,2,2,1.0,0.0,1.0,0,0,0
fashion_mnist,20,2,mixed_maturity,access_freshness_lease,dirichlet_lcb,diverse_then_repeat_backdoor,0.5,3,37,0.8364,0.7253333333333334,0.13084999869150002,2,2,1.0,0.0,1.0,0,0,0
fashion_mnist,20,2,mixed_maturity,access_freshness_lease,dirichlet_lcb,diverse_then_repeat_backdoor,0.5,3,38,0.8348,0.7788888888888889,0.13084999869150005,2,2,1.0,0.0,1.0,0,0,0
fashion_mnist,20,2,mixed_maturity,access_freshness_lease,dirichlet_lcb,diverse_then_repeat_backdoor,0.5,3,39,0.8368,0.7602222222222222,0.13084999869150002,2,2,1.0,0.0,1.0,0,0,0
fashion_mnist,20,2,mixed_maturity,access_freshness_lease,dirichlet_lcb,diverse_then_repeat_backdoor,0.5,3,40,0.831,0.7228888888888889,0.07000508177508405,2,2,1.0,1.0,0.0,0,2,0
fashion_mnist,20,2,mixed_maturity,access_freshness_lease,dirichlet_lcb,diverse_then_repeat_backdoor,0.5,3,41,0.843,0.7646666666666667,0.07000508177508405,2,2,1.0,1.0,0.0,0,0,0
fashion_mnist,20,2,mixed_maturity,access_freshness_lease,dirichlet_lcb,diverse_then_repeat_backdoor,0.5,3,42,0.8378,0.7751111111111111,0.07000508177508405,2,2,1.0,1.0,0.0,0,0,0
fashion_mnist,20,2,mixed_maturity,access_freshness_lease,dirichlet_lcb,diverse_then_repeat_backdoor,0.5,3,43,0.842,0.7713333333333333,0.07000508177508405,2,2,1.0,1.0,0.0,0,0,0
fashion_mnist,20,2,mixed_maturity,access_freshness_lease,dirichlet_lcb,diverse_then_repeat_backdoor,0.5,3,44,0.8306,0.7595555555555555,0.07000508177508406,2,2,1.0,1.0,0.0,0,0,0
fashion_mnist,20,2,mixed_maturity,access_freshness_lease,dirichlet_lcb,diverse_then_repeat_backdoor,0.5,3,45,0.8404,0.8015555555555556,0.13084999869150005,2,2,1.0,0.0,1.0,0,0,2
fashion_mnist,20,2,mixed_maturity,access_freshness_lease,dirichlet_lcb,diverse_then_repeat_backdoor,0.5,3,46,0.8412,0.7995555555555556,0.13084999869150002,2,2,1.0,0.0,1.0,0,0,0
fashion_mnist,20,2,mixed_maturity,access_freshness_lease,dirichlet_lcb,diverse_then_repeat_backdoor,0.5,3,47,0.84,0.8075555555555556,0.13084999869150002,2,2,1.0,0.0,1.0,0,0,0
fashion_mnist,20,2,mixed_maturity,access_freshness_lease,dirichlet_lcb,diverse_then_repeat_backdoor,0.5,3,48,0.8404,0.8275555555555556,0.13084999869150002,2,2,1.0,0.0,1.0,0,0,0
fashion_mnist,20,2,mixed_maturity,access_freshness_lease,dirichlet_lcb,diverse_then_repeat_backdoor,0.5,3,49,0.8426,0.8313333333333334,0.13084999869150002,2,2,1.0,0.0,1.0,0,0,0
fashion_mnist,20,2,mixed_maturity,access_freshness_lease,dirichlet_lcb,diverse_then_repeat_backdoor,0.5,3,50,0.829,0.7851111111111111,0.07000508177508406,2,2,1.0,1.0,0.0,0,2,0
fashion_mnist,20,2,mixed_maturity,access_freshness_lease,dirichlet_lcb,diverse_then_repeat_backdoor,0.5,4,1,0.7592,0.04733333333333333,0.03586689147602632,2,2,1.0,1.0,0.0,0,0,0
fashion_mnist,20,2,mixed_maturity,access_freshness_lease,dirichlet_lcb,diverse_then_repeat_backdoor,0.5,4,2,0.7828,0.020444444444444446,0.03586689147602632,2,2,1.0,1.0,0.0,0,0,0
fashion_mnist,20,2,mixed_maturity,access_freshness_lease,dirichlet_lcb,diverse_then_repeat_backdoor,0.5,4,3,0.8026,0.04088888888888889,0.03586689147602633,2,2,1.0,1.0,0.0,0,0,0
fashion_mnist,20,2,mixed_maturity,access_freshness_lease,dirichlet_lcb,diverse_then_repeat_backdoor,0.5,4,4,0.8052,0.064,0.03586689147602633,2,2,1.0,1.0,0.0,0,0,0
fashion_mnist,20,2,mixed_maturity,access_freshness_lease,dirichlet_lcb,diverse_then_repeat_backdoor,0.5,4,5,0.8154,0.072,0.06925000069250002,2,2,1.0,0.0,1.0,0,0,0
fashion_mnist,20,2,mixed_maturity,access_freshness_lease,dirichlet_lcb,diverse_then_repeat_backdoor,0.5,4,6,0.8152,0.064,0.06925000069250001,2,2,1.0,0.0,1.0,0,0,0
fashion_mnist,20,2,mixed_maturity,access_freshness_lease,dirichlet_lcb,diverse_then_repeat_backdoor,0.5,4,7,0.8234,0.12244444444444444,0.06925000069250002,2,2,1.0,0.0,1.0,0,0,0
fashion_mnist,20,2,mixed_maturity,access_freshness_lease,dirichlet_lcb,diverse_then_repeat_backdoor,0.5,4,8,0.8246,0.13733333333333334,0.06925000069250001,2,2,1.0,0.0,1.0,0,0,0
fashion_mnist,20,2,mixed_maturity,access_freshness_lease,dirichlet_lcb,diverse_then_repeat_backdoor,0.5,4,9,0.827,0.14822222222222223,0.06925000069250001,2,2,1.0,0.0,1.0,0,0,0
fashion_mnist,20,2,mixed_maturity,access_freshness_lease,dirichlet_lcb,diverse_then_repeat_backdoor,0.5,4,10,0.8266,0.13755555555555554,0.03586689147602633,2,2,1.0,1.0,0.0,0,2,0
fashion_mnist,20,2,mixed_maturity,access_freshness_lease,dirichlet_lcb,diverse_then_repeat_backdoor,0.5,4,11,0.8294,0.16244444444444445,0.03586689147602632,2,2,1.0,1.0,0.0,0,0,0
fashion_mnist,20,2,mixed_maturity,access_freshness_lease,dirichlet_lcb,diverse_then_repeat_backdoor,0.5,4,12,0.8244,0.12133333333333333,0.03586689147602632,2,2,1.0,1.0,0.0,0,0,0
fashion_mnist,20,2,mixed_maturity,access_freshness_lease,dirichlet_lcb,diverse_then_repeat_backdoor,0.5,4,13,0.8256,0.17644444444444443,0.03586689147602633,2,2,1.0,1.0,0.0,0,0,0
fashion_mnist,20,2,mixed_maturity,access_freshness_lease,dirichlet_lcb,diverse_then_repeat_backdoor,0.5,4,14,0.828,0.19177777777777777,0.03586689147602632,2,2,1.0,1.0,0.0,0,0,0
fashion_mnist,20,2,mixed_maturity,access_freshness_lease,dirichlet_lcb,diverse_then_repeat_backdoor,0.5,4,15,0.8304,0.19733333333333333,0.06925000069250002,2,2,1.0,0.0,1.0,0,0,2
fashion_mnist,20,2,mixed_maturity,access_freshness_lease,dirichlet_lcb,diverse_then_repeat_backdoor,0.5,4,16,0.83,0.21,0.06925000069250002,2,2,1.0,0.0,1.0,0,0,0
fashion_mnist,20,2,mixed_maturity,access_freshness_lease,dirichlet_lcb,diverse_then_repeat_backdoor,0.5,4,17,0.8228,0.3022222222222222,0.06925000069250002,2,2,1.0,0.0,1.0,0,0,0
fashion_mnist,20,2,mixed_maturity,access_freshness_lease,dirichlet_lcb,diverse_then_repeat_backdoor,0.5,4,18,0.8324,0.2584444444444444,0.06925000069250002,2,2,1.0,0.0,1.0,0,0,0
fashion_mnist,20,2,mixed_maturity,access_freshness_lease,dirichlet_lcb,diverse_then_repeat_backdoor,0.5,4,19,0.8284,0.31755555555555554,0.06925000069250002,2,2,1.0,0.0,1.0,0,0,0
fashion_mnist,20,2,mixed_maturity,access_freshness_lease,dirichlet_lcb,diverse_then_repeat_backdoor,0.5,4,20,0.8332,0.29355555555555557,0.03586689147602632,2,2,1.0,1.0,0.0,0,2,0
fashion_mnist,20,2,mixed_maturity,access_freshness_lease,dirichlet_lcb,diverse_then_repeat_backdoor,0.5,4,21,0.8294,0.2677777777777778,0.03586689147602632,2,2,1.0,1.0,0.0,0,0,0
fashion_mnist,20,2,mixed_maturity,access_freshness_lease,dirichlet_lcb,diverse_then_repeat_backdoor,0.5,4,22,0.836,0.34244444444444444,0.03586689147602632,2,2,1.0,1.0,0.0,0,0,0
fashion_mnist,20,2,mixed_maturity,access_freshness_lease,dirichlet_lcb,diverse_then_repeat_backdoor,0.5,4,23,0.8306,0.2995555555555556,0.03586689147602633,2,2,1.0,1.0,0.0,0,0,0
fashion_mnist,20,2,mixed_maturity,access_freshness_lease,dirichlet_lcb,diverse_then_repeat_backdoor,0.5,4,24,0.8348,0.348,0.03586689147602633,2,2,1.0,1.0,0.0,0,0,0
fashion_mnist,20,2,mixed_maturity,access_freshness_lease,dirichlet_lcb,diverse_then_repeat_backdoor,0.5,4,25,0.8302,0.3691111111111111,0.06925000069250001,2,2,1.0,0.0,1.0,0,0,2
fashion_mnist,20,2,mixed_maturity,access_freshness_lease,dirichlet_lcb,diverse_then_repeat_backdoor,0.5,4,26,0.8334,0.3466666666666667,0.06925000069250002,2,2,1.0,0.0,1.0,0,0,0
fashion_mnist,20,2,mixed_maturity,access_freshness_lease,dirichlet_lcb,diverse_then_repeat_backdoor,0.5,4,27,0.836,0.37644444444444447,0.06925000069250002,2,2,1.0,0.0,1.0,0,0,0
fashion_mnist,20,2,mixed_maturity,access_freshness_lease,dirichlet_lcb,diverse_then_repeat_backdoor,0.5,4,28,0.8304,0.4037777777777778,0.06925000069250001,2,2,1.0,0.0,1.0,0,0,0
fashion_mnist,20,2,mixed_maturity,access_freshness_lease,dirichlet_lcb,diverse_then_repeat_backdoor,0.5,4,29,0.827,0.43844444444444447,0.06925000069250001,2,2,1.0,0.0,1.0,0,0,0
fashion_mnist,20,2,mixed_maturity,access_freshness_lease,dirichlet_lcb,diverse_then_repeat_backdoor,0.5,4,30,0.836,0.44622222222222224,0.03586689147602632,2,2,1.0,1.0,0.0,0,2,0
fashion_mnist,20,2,mixed_maturity,access_freshness_lease,dirichlet_lcb,diverse_then_repeat_backdoor,0.5,4,31,0.8264,0.41533333333333333,0.03586689147602633,2,2,1.0,1.0,0.0,0,0,0
fashion_mnist,20,2,mixed_maturity,access_freshness_lease,dirichlet_lcb,diverse_then_repeat_backdoor,0.5,4,32,0.829,0.3928888888888889,0.03586689147602633,2,2,1.0,1.0,0.0,0,0,0
fashion_mnist,20,2,mixed_maturity,access_freshness_lease,dirichlet_lcb,diverse_then_repeat_backdoor,0.5,4,33,0.835,0.45644444444444443,0.03586689147602632,2,2,1.0,1.0,0.0,0,0,0
fashion_mnist,20,2,mixed_maturity,access_freshness_lease,dirichlet_lcb,diverse_then_repeat_backdoor,0.5,4,34,0.829,0.4288888888888889,0.03586689147602633,2,2,1.0,1.0,0.0,0,0,0
fashion_mnist,20,2,mixed_maturity,access_freshness_lease,dirichlet_lcb,diverse_then_repeat_backdoor,0.5,4,35,0.835,0.4822222222222222,0.06925000069250002,2,2,1.0,0.0,1.0,0,0,2
fashion_mnist,20,2,mixed_maturity,access_freshness_lease,dirichlet_lcb,diverse_then_repeat_backdoor,0.5,4,36,0.8396,0.4762222222222222,0.06925000069250002,2,2,1.0,0.0,1.0,0,0,0
fashion_mnist,20,2,mixed_maturity,access_freshness_lease,dirichlet_lcb,diverse_then_repeat_backdoor,0.5,4,37,0.8352,0.48644444444444446,0.06925000069250002,2,2,1.0,0.0,1.0,0,0,0
fashion_mnist,20,2,mixed_maturity,access_freshness_lease,dirichlet_lcb,diverse_then_repeat_backdoor,0.5,4,38,0.8244,0.43533333333333335,0.06925000069250002,2,2,1.0,0.0,1.0,0,0,0
fashion_mnist,20,2,mixed_maturity,access_freshness_lease,dirichlet_lcb,diverse_then_repeat_backdoor,0.5,4,39,0.8398,0.53,0.06925000069250001,2,2,1.0,0.0,1.0,0,0,0
fashion_mnist,20,2,mixed_maturity,access_freshness_lease,dirichlet_lcb,diverse_then_repeat_backdoor,0.5,4,40,0.8388,0.5191111111111111,0.03586689147602632,2,2,1.0,1.0,0.0,0,2,0
fashion_mnist,20,2,mixed_maturity,access_freshness_lease,dirichlet_lcb,diverse_then_repeat_backdoor,0.5,4,41,0.8378,0.5366666666666666,0.03586689147602632,2,2,1.0,1.0,0.0,0,0,0
fashion_mnist,20,2,mixed_maturity,access_freshness_lease,dirichlet_lcb,diverse_then_repeat_backdoor,0.5,4,42,0.827,0.496,0.035866891476026314,2,2,1.0,1.0,0.0,0,0,0
fashion_mnist,20,2,mixed_maturity,access_freshness_lease,dirichlet_lcb,diverse_then_repeat_backdoor,0.5,4,43,0.8318,0.5082222222222222,0.03586689147602632,2,2,1.0,1.0,0.0,0,0,0
fashion_mnist,20,2,mixed_maturity,access_freshness_lease,dirichlet_lcb,diverse_then_repeat_backdoor,0.5,4,44,0.833,0.508,0.03586689147602632,2,2,1.0,1.0,0.0,0,0,0
fashion_mnist,20,2,mixed_maturity,access_freshness_lease,dirichlet_lcb,diverse_then_repeat_backdoor,0.5,4,45,0.8392,0.5433333333333333,0.06925000069250001,2,2,1.0,0.0,1.0,0,0,2
fashion_mnist,20,2,mixed_maturity,access_freshness_lease,dirichlet_lcb,diverse_then_repeat_backdoor,0.5,4,46,0.8392,0.5711111111111111,0.06925000069250001,2,2,1.0,0.0,1.0,0,0,0
fashion_mnist,20,2,mixed_maturity,access_freshness_lease,dirichlet_lcb,diverse_then_repeat_backdoor,0.5,4,47,0.8352,0.5757777777777778,0.06925000069250001,2,2,1.0,0.0,1.0,0,0,0
fashion_mnist,20,2,mixed_maturity,access_freshness_lease,dirichlet_lcb,diverse_then_repeat_backdoor,0.5,4,48,0.8382,0.5917777777777777,0.06925000069250001,2,2,1.0,0.0,1.0,0,0,0
fashion_mnist,20,2,mixed_maturity,access_freshness_lease,dirichlet_lcb,diverse_then_repeat_backdoor,0.5,4,49,0.8336,0.6137777777777778,0.06925000069250002,2,2,1.0,0.0,1.0,0,0,0
fashion_mnist,20,2,mixed_maturity,access_freshness_lease,dirichlet_lcb,diverse_then_repeat_backdoor,0.5,4,50,0.835,0.5877777777777777,0.035866891476026314,2,2,1.0,1.0,0.0,0,2,0
fashion_mnist,20,2,mixed_maturity,access_full,dirichlet_lcb,benign_concept_drift,0.5,0,1,0.7388,0.005333333333333333,0.04300664772803009,2,2,1.0,1.0,0.0,0,0,0
fashion_mnist,20,2,mixed_maturity,access_full,dirichlet_lcb,benign_concept_drift,0.5,0,2,0.7932,0.05355555555555556,0.04300664772803008,2,2,1.0,1.0,0.0,0,0,0
fashion_mnist,20,2,mixed_maturity,access_full,dirichlet_lcb,benign_concept_drift,0.5,0,3,0.808,0.011111111111111112,0.04300664772803009,2,2,1.0,1.0,0.0,0,0,0
fashion_mnist,20,2,mixed_maturity,access_full,dirichlet_lcb,benign_concept_drift,0.5,0,4,0.8036,0.013777777777777778,0.04300664772803009,2,2,1.0,1.0,0.0,0,0,0
fashion_mnist,20,2,mixed_maturity,access_full,dirichlet_lcb,benign_concept_drift,0.5,0,5,0.8184,0.01577777777777778,0.08246666164933322,2,2,1.0,0.0,1.0,0,0,0
fashion_mnist,20,2,mixed_maturity,access_full,dirichlet_lcb,benign_concept_drift,0.5,0,6,0.8184,0.014888888888888889,0.08246666164933322,2,2,1.0,0.0,1.0,0,0,0
fashion_mnist,20,2,mixed_maturity,access_full,dirichlet_lcb,benign_concept_drift,0.5,0,7,0.7938,0.007555555555555556,0.08246666164933322,2,2,1.0,0.0,1.0,0,0,0
fashion_mnist,20,2,mixed_maturity,access_full,dirichlet_lcb,benign_concept_drift,0.5,0,8,0.8118,0.009555555555555555,0.08246666164933324,2,2,1.0,0.0,1.0,0,0,0
fashion_mnist,20,2,mixed_maturity,access_full,dirichlet_lcb,benign_concept_drift,0.5,0,9,0.8174,0.012222222222222223,0.08246666164933322,2,2,1.0,0.0,1.0,0,0,0
fashion_mnist,20,2,mixed_maturity,access_full,dirichlet_lcb,benign_concept_drift,0.5,0,10,0.8258,0.012666666666666666,0.08246666164933322,2,2,1.0,0.0,1.0,0,0,0
fashion_mnist,20,2,mixed_maturity,access_full,dirichlet_lcb,benign_concept_drift,0.5,0,11,0.8146,0.010222222222222223,0.08246666164933322,2,2,1.0,0.0,1.0,0,0,0
fashion_mnist,20,2,mixed_maturity,access_full,dirichlet_lcb,benign_concept_drift,0.5,0,12,0.8254,0.013111111111111112,0.08246666164933324,2,2,1.0,0.0,1.0,0,0,0
fashion_mnist,20,2,mixed_maturity,access_full,dirichlet_lcb,benign_concept_drift,0.5,0,13,0.7948,0.0044444444444444444,0.08246666164933324,2,2,1.0,0.0,1.0,0,0,0
fashion_mnist,20,2,mixed_maturity,access_full,dirichlet_lcb,benign_concept_drift,0.5,0,14,0.8316,0.01577777777777778,0.08246666164933322,2,2,1.0,0.0,1.0,0,0,0
fashion_mnist,20,2,mixed_maturity,access_full,dirichlet_lcb,benign_concept_drift,0.5,0,15,0.8246,0.012222222222222223,0.08246666164933324,2,2,1.0,0.0,1.0,0,0,0
fashion_mnist,20,2,mixed_maturity,access_full,dirichlet_lcb,benign_concept_drift,0.5,0,16,0.8306,0.012444444444444444,0.08246666164933322,2,2,1.0,0.0,1.0,0,0,0
fashion_mnist,20,2,mixed_maturity,access_full,dirichlet_lcb,benign_concept_drift,0.5,0,17,0.8282,0.011333333333333334,0.08246666164933324,2,2,1.0,0.0,1.0,0,0,0
fashion_mnist,20,2,mixed_maturity,access_full,dirichlet_lcb,benign_concept_drift,0.5,0,18,0.8358,0.016888888888888887,0.08246666164933322,2,2,1.0,0.0,1.0,0,0,0
fashion_mnist,20,2,mixed_maturity,access_full,dirichlet_lcb,benign_concept_drift,0.5,0,19,0.8172,0.009555555555555555,0.08246666164933324,2,2,1.0,0.0,1.0,0,0,0
fashion_mnist,20,2,mixed_maturity,access_full,dirichlet_lcb,benign_concept_drift,0.5,0,20,0.837,0.018,0.08246666164933324,2,2,1.0,0.0,1.0,0,0,0
fashion_mnist,20,2,mixed_maturity,access_full,dirichlet_lcb,benign_concept_drift,0.5,0,21,0.829,0.010888888888888889,0.08246666164933322,2,2,1.0,0.0,1.0,0,0,0
fashion_mnist,20,2,mixed_maturity,access_full,dirichlet_lcb,benign_concept_drift,0.5,0,22,0.8084,0.005555555555555556,0.08246666164933322,2,2,1.0,0.0,1.0,0,0,0
fashion_mnist,20,2,mixed_maturity,access_full,dirichlet_lcb,benign_concept_drift,0.5,0,23,0.8208,0.011777777777777778,0.08246666164933322,2,2,1.0,0.0,1.0,0,0,0
fashion_mnist,20,2,mixed_maturity,access_full,dirichlet_lcb,benign_concept_drift,0.5,0,24,0.8334,0.014444444444444444,0.08246666164933322,2,2,1.0,0.0,1.0,0,0,0
fashion_mnist,20,2,mixed_maturity,access_full,dirichlet_lcb,benign_concept_drift,0.5,0,25,0.8302,0.014888888888888889,0.08246666164933322,2,2,1.0,0.0,1.0,0,0,0
fashion_mnist,20,2,mixed_maturity,access_full,dirichlet_lcb,benign_concept_drift,0.5,0,26,0.786,0.006,0.08246666164933322,2,2,1.0,0.0,1.0,0,0,0
fashion_mnist,20,2,mixed_maturity,access_full,dirichlet_lcb,benign_concept_drift,0.5,0,27,0.8178,0.010444444444444444,0.08246666164933322,2,2,1.0,0.0,1.0,0,0,0
fashion_mnist,20,2,mixed_maturity,access_full,dirichlet_lcb,benign_concept_drift,0.5,0,28,0.8316,0.011333333333333334,0.08246666164933322,2,2,1.0,0.0,1.0,0,0,0
fashion_mnist,20,2,mixed_maturity,access_full,dirichlet_lcb,benign_concept_drift,0.5,0,29,0.829,0.009333333333333334,0.08246666164933322,2,2,1.0,0.0,1.0,0,0,0
fashion_mnist,20,2,mixed_maturity,access_full,dirichlet_lcb,benign_concept_drift,0.5,0,30,0.8322,0.012444444444444444,0.08246666164933322,2,2,1.0,0.0,1.0,0,0,0
fashion_mnist,20,2,mixed_maturity,access_full,dirichlet_lcb,benign_concept_drift,0.5,0,31,0.7648,0.008444444444444444,0.08246666164933322,2,2,1.0,0.0,1.0,0,0,0
fashion_mnist,20,2,mixed_maturity,access_full,dirichlet_lcb,benign_concept_drift,0.5,0,32,0.7852,0.007555555555555556,0.08246666164933322,2,2,1.0,0.0,1.0,0,0,0
fashion_mnist,20,2,mixed_maturity,access_full,dirichlet_lcb,benign_concept_drift,0.5,0,33,0.8324,0.013555555555555555,0.08246666164933322,2,2,1.0,0.0,1.0,0,0,0
fashion_mnist,20,2,mixed_maturity,access_full,dirichlet_lcb,benign_concept_drift,0.5,0,34,0.8398,0.017333333333333333,0.08246666164933322,2,2,1.0,0.0,1.0,0,0,0
fashion_mnist,20,2,mixed_maturity,access_full,dirichlet_lcb,benign_concept_drift,0.5,0,35,0.8312,0.013111111111111112,0.08246666164933324,2,2,1.0,0.0,1.0,0,0,0
fashion_mnist,20,2,mixed_maturity,access_full,dirichlet_lcb,benign_concept_drift,0.5,0,36,0.835,0.015555555555555555,0.08246666164933322,2,2,1.0,0.0,1.0,0,0,0
fashion_mnist,20,2,mixed_maturity,access_full,dirichlet_lcb,benign_concept_drift,0.5,0,37,0.8328,0.009555555555555555,0.08246666164933322,2,2,1.0,0.0,1.0,0,0,0
fashion_mnist,20,2,mixed_maturity,access_full,dirichlet_lcb,benign_concept_drift,0.5,0,38,0.8446,0.017333333333333333,0.08246666164933322,2,2,1.0,0.0,1.0,0,0,0
fashion_mnist,20,2,mixed_maturity,access_full,dirichlet_lcb,benign_concept_drift,0.5,0,39,0.8182,0.011555555555555555,0.08246666164933322,2,2,1.0,0.0,1.0,0,0,0
fashion_mnist,20,2,mixed_maturity,access_full,dirichlet_lcb,benign_concept_drift,0.5,0,40,0.8298,0.011555555555555555,0.08246666164933324,2,2,1.0,0.0,1.0,0,0,0
fashion_mnist,20,2,mixed_maturity,access_full,dirichlet_lcb,benign_concept_drift,0.5,0,41,0.8252,0.009555555555555555,0.08246666164933322,2,2,1.0,0.0,1.0,0,0,0
fashion_mnist,20,2,mixed_maturity,access_full,dirichlet_lcb,benign_concept_drift,0.5,0,42,0.8304,0.012444444444444444,0.08246666164933322,2,2,1.0,0.0,1.0,0,0,0
fashion_mnist,20,2,mixed_maturity,access_full,dirichlet_lcb,benign_concept_drift,0.5,0,43,0.8246,0.011111111111111112,0.08246666164933322,2,2,1.0,0.0,1.0,0,0,0
fashion_mnist,20,2,mixed_maturity,access_full,dirichlet_lcb,benign_concept_drift,0.5,0,44,0.8276,0.008444444444444444,0.08246666164933324,2,2,1.0,0.0,1.0,0,0,0
fashion_mnist,20,2,mixed_maturity,access_full,dirichlet_lcb,benign_concept_drift,0.5,0,45,0.8356,0.010666666666666666,0.08246666164933322,2,2,1.0,0.0,1.0,0,0,0
fashion_mnist,20,2,mixed_maturity,access_full,dirichlet_lcb,benign_concept_drift,0.5,0,46,0.8344,0.016888888888888887,0.08246666164933322,2,2,1.0,0.0,1.0,0,0,0
fashion_mnist,20,2,mixed_maturity,access_full,dirichlet_lcb,benign_concept_drift,0.5,0,47,0.8288,0.011333333333333334,0.08246666164933322,2,2,1.0,0.0,1.0,0,0,0
fashion_mnist,20,2,mixed_maturity,access_full,dirichlet_lcb,benign_concept_drift,0.5,0,48,0.833,0.01,0.08246666164933324,2,2,1.0,0.0,1.0,0,0,0
fashion_mnist,20,2,mixed_maturity,access_full,dirichlet_lcb,benign_concept_drift,0.5,0,49,0.8336,0.014222222222222223,0.08246666164933322,2,2,1.0,0.0,1.0,0,0,0
fashion_mnist,20,2,mixed_maturity,access_full,dirichlet_lcb,benign_concept_drift,0.5,0,50,0.8374,0.010444444444444444,0.08246666164933324,2,2,1.0,0.0,1.0,0,0,0
fashion_mnist,20,2,mixed_maturity,access_full,dirichlet_lcb,benign_concept_drift,0.5,1,1,0.7556,0.04088888888888889,0.07646488544093837,2,2,1.0,1.0,0.0,0,0,0
fashion_mnist,20,2,mixed_maturity,access_full,dirichlet_lcb,benign_concept_drift,0.5,1,2,0.7952,0.026444444444444444,0.07646488544093838,2,2,1.0,1.0,0.0,0,0,0
fashion_mnist,20,2,mixed_maturity,access_full,dirichlet_lcb,benign_concept_drift,0.5,1,3,0.8004,0.027333333333333334,0.07646488544093837,2,2,1.0,1.0,0.0,0,0,0
fashion_mnist,20,2,mixed_maturity,access_full,dirichlet_lcb,benign_concept_drift,0.5,1,4,0.811,0.022222222222222223,0.07646488544093837,2,2,1.0,1.0,0.0,0,0,0
fashion_mnist,20,2,mixed_maturity,access_full,dirichlet_lcb,benign_concept_drift,0.5,1,5,0.8154,0.02266666666666667,0.14206666857933334,2,2,1.0,0.0,1.0,0,0,0
fashion_mnist,20,2,mixed_maturity,access_full,dirichlet_lcb,benign_concept_drift,0.5,1,6,0.8216,0.01888888888888889,0.1420666685793333,2,2,1.0,0.0,1.0,0,0,0
fashion_mnist,20,2,mixed_maturity,access_full,dirichlet_lcb,benign_concept_drift,0.5,1,7,0.813,0.026,0.14206666857933334,2,2,1.0,0.0,1.0,0,0,0
fashion_mnist,20,2,mixed_maturity,access_full,dirichlet_lcb,benign_concept_drift,0.5,1,8,0.8128,0.019555555555555555,0.14206666857933334,2,2,1.0,0.0,1.0,0,0,0
fashion_mnist,20,2,mixed_maturity,access_full,dirichlet_lcb,benign_concept_drift,0.5,1,9,0.8178,0.021111111111111112,0.14206666857933334,2,2,1.0,0.0,1.0,0,0,0
fashion_mnist,20,2,mixed_maturity,access_full,dirichlet_lcb,benign_concept_drift,0.5,1,10,0.8018,0.014444444444444444,0.1420666685793333,2,2,1.0,0.0,1.0,0,0,0
fashion_mnist,20,2,mixed_maturity,access_full,dirichlet_lcb,benign_concept_drift,0.5,1,11,0.8252,0.019333333333333334,0.1420666685793333,2,2,1.0,0.0,1.0,0,0,0
fashion_mnist,20,2,mixed_maturity,access_full,dirichlet_lcb,benign_concept_drift,0.5,1,12,0.8294,0.03333333333333333,0.1420666685793333,2,2,1.0,0.0,1.0,0,0,0
fashion_mnist,20,2,mixed_maturity,access_full,dirichlet_lcb,benign_concept_drift,0.5,1,13,0.8236,0.023777777777777776,0.1420666685793333,2,2,1.0,0.0,1.0,0,0,0
fashion_mnist,20,2,mixed_maturity,access_full,dirichlet_lcb,benign_concept_drift,0.5,1,14,0.8318,0.020444444444444446,0.14206666857933334,2,2,1.0,0.0,1.0,0,0,0
fashion_mnist,20,2,mixed_maturity,access_full,dirichlet_lcb,benign_concept_drift,0.5,1,15,0.8302,0.028,0.14206666857933334,2,2,1.0,0.0,1.0,0,0,0
fashion_mnist,20,2,mixed_maturity,access_full,dirichlet_lcb,benign_concept_drift,0.5,1,16,0.8316,0.022444444444444444,0.1420666685793333,2,2,1.0,0.0,1.0,0,0,0
fashion_mnist,20,2,mixed_maturity,access_full,dirichlet_lcb,benign_concept_drift,0.5,1,17,0.8302,0.021777777777777778,0.1420666685793333,2,2,1.0,0.0,1.0,0,0,0
fashion_mnist,20,2,mixed_maturity,access_full,dirichlet_lcb,benign_concept_drift,0.5,1,18,0.834,0.02688888888888889,0.14206666857933334,2,2,1.0,0.0,1.0,0,0,0
fashion_mnist,20,2,mixed_maturity,access_full,dirichlet_lcb,benign_concept_drift,0.5,1,19,0.8264,0.019333333333333334,0.1420666685793333,2,2,1.0,0.0,1.0,0,0,0
fashion_mnist,20,2,mixed_maturity,access_full,dirichlet_lcb,benign_concept_drift,0.5,1,20,0.8314,0.02822222222222222,0.1420666685793333,2,2,1.0,0.0,1.0,0,0,0
fashion_mnist,20,2,mixed_maturity,access_full,dirichlet_lcb,benign_concept_drift,0.5,1,21,0.8314,0.02311111111111111,0.1420666685793333,2,2,1.0,0.0,1.0,0,0,0
fashion_mnist,20,2,mixed_maturity,access_full,dirichlet_lcb,benign_concept_drift,0.5,1,22,0.8218,0.012444444444444444,0.14206666857933334,2,2,1.0,0.0,1.0,0,0,0
fashion_mnist,20,2,mixed_maturity,access_full,dirichlet_lcb,benign_concept_drift,0.5,1,23,0.8322,0.02266666666666667,0.1420666685793333,2,2,1.0,0.0,1.0,0,0,0
fashion_mnist,20,2,mixed_maturity,access_full,dirichlet_lcb,benign_concept_drift,0.5,1,24,0.8336,0.024,0.14206666857933334,2,2,1.0,0.0,1.0,0,0,0
fashion_mnist,20,2,mixed_maturity,access_full,dirichlet_lcb,benign_concept_drift,0.5,1,25,0.8326,0.015333333333333332,0.1420666685793333,2,2,1.0,0.0,1.0,0,0,0
fashion_mnist,20,2,mixed_maturity,access_full,dirichlet_lcb,benign_concept_drift,0.5,1,26,0.8316,0.015333333333333332,0.14206666857933334,2,2,1.0,0.0,1.0,0,0,0
fashion_mnist,20,2,mixed_maturity,access_full,dirichlet_lcb,benign_concept_drift,0.5,1,27,0.8358,0.026444444444444444,0.1420666685793333,2,2,1.0,0.0,1.0,0,0,0
fashion_mnist,20,2,mixed_maturity,access_full,dirichlet_lcb,benign_concept_drift,0.5,1,28,0.8312,0.016888888888888887,0.1420666685793333,2,2,1.0,0.0,1.0,0,0,0
fashion_mnist,20,2,mixed_maturity,access_full,dirichlet_lcb,benign_concept_drift,0.5,1,29,0.8312,0.017333333333333333,0.1420666685793333,2,2,1.0,0.0,1.0,0,0,0
fashion_mnist,20,2,mixed_maturity,access_full,dirichlet_lcb,benign_concept_drift,0.5,1,30,0.831,0.01888888888888889,0.1420666685793333,2,2,1.0,0.0,1.0,0,0,0
fashion_mnist,20,2,mixed_maturity,access_full,dirichlet_lcb,benign_concept_drift,0.5,1,31,0.8334,0.02311111111111111,0.14206666857933334,2,2,1.0,0.0,1.0,0,0,0
fashion_mnist,20,2,mixed_maturity,access_full,dirichlet_lcb,benign_concept_drift,0.5,1,32,0.8204,0.010444444444444444,0.1420666685793333,2,2,1.0,0.0,1.0,0,0,0
fashion_mnist,20,2,mixed_maturity,access_full,dirichlet_lcb,benign_concept_drift,0.5,1,33,0.8318,0.03177777777777778,0.1420666685793333,2,2,1.0,0.0,1.0,0,0,0
fashion_mnist,20,2,mixed_maturity,access_full,dirichlet_lcb,benign_concept_drift,0.5,1,34,0.8344,0.024666666666666667,0.14206666857933334,2,2,1.0,0.0,1.0,0,0,0
fashion_mnist,20,2,mixed_maturity,access_full,dirichlet_lcb,benign_concept_drift,0.5,1,35,0.825,0.013111111111111112,0.1420666685793333,2,2,1.0,0.0,1.0,0,0,0
fashion_mnist,20,2,mixed_maturity,access_full,dirichlet_lcb,benign_concept_drift,0.5,1,36,0.8328,0.023333333333333334,0.1420666685793333,2,2,1.0,0.0,1.0,0,0,0
fashion_mnist,20,2,mixed_maturity,access_full,dirichlet_lcb,benign_concept_drift,0.5,1,37,0.8348,0.025333333333333333,0.14206666857933334,2,2,1.0,0.0,1.0,0,0,0
fashion_mnist,20,2,mixed_maturity,access_full,dirichlet_lcb,benign_concept_drift,0.5,1,38,0.8322,0.018666666666666668,0.1420666685793333,2,2,1.0,0.0,1.0,0,0,0
fashion_mnist,20,2,mixed_maturity,access_full,dirichlet_lcb,benign_concept_drift,0.5,1,39,0.8342,0.02422222222222222,0.1420666685793333,2,2,1.0,0.0,1.0,0,0,0
fashion_mnist,20,2,mixed_maturity,access_full,dirichlet_lcb,benign_concept_drift,0.5,1,40,0.842,0.027333333333333334,0.1420666685793333,2,2,1.0,0.0,1.0,0,0,0
fashion_mnist,20,2,mixed_maturity,access_full,dirichlet_lcb,benign_concept_drift,0.5,1,41,0.828,0.012666666666666666,0.14206666857933334,2,2,1.0,0.0,1.0,0,0,0
fashion_mnist,20,2,mixed_maturity,access_full,dirichlet_lcb,benign_concept_drift,0.5,1,42,0.8248,0.014666666666666666,0.14206666857933334,2,2,1.0,0.0,1.0,0,0,0
fashion_mnist,20,2,mixed_maturity,access_full,dirichlet_lcb,benign_concept_drift,0.5,1,43,0.8314,0.018666666666666668,0.14206666857933334,2,2,1.0,0.0,1.0,0,0,0
fashion_mnist,20,2,mixed_maturity,access_full,dirichlet_lcb,benign_concept_drift,0.5,1,44,0.8364,0.034,0.1420666685793333,2,2,1.0,0.0,1.0,0,0,0
fashion_mnist,20,2,mixed_maturity,access_full,dirichlet_lcb,benign_concept_drift,0.5,1,45,0.8354,0.02422222222222222,0.1420666685793333,2,2,1.0,0.0,1.0,0,0,0
fashion_mnist,20,2,mixed_maturity,access_full,dirichlet_lcb,benign_concept_drift,0.5,1,46,0.8356,0.020888888888888887,0.14206666857933334,2,2,1.0,0.0,1.0,0,0,0
fashion_mnist,20,2,mixed_maturity,access_full,dirichlet_lcb,benign_concept_drift,0.5,1,47,0.8306,0.036222222222222225,0.1420666685793333,2,2,1.0,0.0,1.0,0,0,0
fashion_mnist,20,2,mixed_maturity,access_full,dirichlet_lcb,benign_concept_drift,0.5,1,48,0.8278,0.010666666666666666,0.1420666685793333,2,2,1.0,0.0,1.0,0,0,0
fashion_mnist,20,2,mixed_maturity,access_full,dirichlet_lcb,benign_concept_drift,0.5,1,49,0.8336,0.025555555555555557,0.14206666857933334,2,2,1.0,0.0,1.0,0,0,0
fashion_mnist,20,2,mixed_maturity,access_full,dirichlet_lcb,benign_concept_drift,0.5,1,50,0.8424,0.028888888888888888,0.1420666685793333,2,2,1.0,0.0,1.0,0,0,0
fashion_mnist,20,2,mixed_maturity,access_full,dirichlet_lcb,benign_concept_drift,0.5,2,1,0.7684,0.032,0.04957491796417566,2,2,1.0,1.0,0.0,0,0,0
fashion_mnist,20,2,mixed_maturity,access_full,dirichlet_lcb,benign_concept_drift,0.5,2,2,0.8018,0.03266666666666666,0.049574917964175666,2,2,1.0,1.0,0.0,0,0,0
fashion_mnist,20,2,mixed_maturity,access_full,dirichlet_lcb,benign_concept_drift,0.5,2,3,0.8158,0.01911111111111111,0.04957491796417566,2,2,1.0,1.0,0.0,0,0,0
fashion_mnist,20,2,mixed_maturity,access_full,dirichlet_lcb,benign_concept_drift,0.5,2,4,0.814,0.018,0.04957491796417566,2,2,1.0,1.0,0.0,0,0,0
fashion_mnist,20,2,mixed_maturity,access_full,dirichlet_lcb,benign_concept_drift,0.5,2,5,0.8246,0.025555555555555557,0.09446666811066663,2,2,1.0,0.0,1.0,0,0,0
fashion_mnist,20,2,mixed_maturity,access_full,dirichlet_lcb,benign_concept_drift,0.5,2,6,0.8242,0.018444444444444444,0.09446666811066663,2,2,1.0,0.0,1.0,0,0,0
fashion_mnist,20,2,mixed_maturity,access_full,dirichlet_lcb,benign_concept_drift,0.5,2,7,0.82,0.019333333333333334,0.09446666811066665,2,2,1.0,0.0,1.0,0,0,0
fashion_mnist,20,2,mixed_maturity,access_full,dirichlet_lcb,benign_concept_drift,0.5,2,8,0.8198,0.016888888888888887,0.09446666811066663,2,2,1.0,0.0,1.0,0,0,0
fashion_mnist,20,2,mixed_maturity,access_full,dirichlet_lcb,benign_concept_drift,0.5,2,9,0.82,0.012888888888888889,0.09446666811066663,2,2,1.0,0.0,1.0,0,0,0
fashion_mnist,20,2,mixed_maturity,access_full,dirichlet_lcb,benign_concept_drift,0.5,2,10,0.8252,0.01888888888888889,0.09446666811066665,2,2,1.0,0.0,1.0,0,0,0
fashion_mnist,20,2,mixed_maturity,access_full,dirichlet_lcb,benign_concept_drift,0.5,2,11,0.8338,0.01911111111111111,0.09446666811066663,2,2,1.0,0.0,1.0,0,0,0
fashion_mnist,20,2,mixed_maturity,access_full,dirichlet_lcb,benign_concept_drift,0.5,2,12,0.828,0.021111111111111112,0.09446666811066663,2,2,1.0,0.0,1.0,0,0,0
fashion_mnist,20,2,mixed_maturity,access_full,dirichlet_lcb,benign_concept_drift,0.5,2,13,0.8322,0.016888888888888887,0.09446666811066665,2,2,1.0,0.0,1.0,0,0,0
fashion_mnist,20,2,mixed_maturity,access_full,dirichlet_lcb,benign_concept_drift,0.5,2,14,0.834,0.016888888888888887,0.09446666811066663,2,2,1.0,0.0,1.0,0,0,0
fashion_mnist,20,2,mixed_maturity,access_full,dirichlet_lcb,benign_concept_drift,0.5,2,15,0.8322,0.01577777777777778,0.09446666811066665,2,2,1.0,0.0,1.0,0,0,0
fashion_mnist,20,2,mixed_maturity,access_full,dirichlet_lcb,benign_concept_drift,0.5,2,16,0.8342,0.017555555555555557,0.09446666811066665,2,2,1.0,0.0,1.0,0,0,0
fashion_mnist,20,2,mixed_maturity,access_full,dirichlet_lcb,benign_concept_drift,0.5,2,17,0.8372,0.02822222222222222,0.09446666811066665,2,2,1.0,0.0,1.0,0,0,0
fashion_mnist,20,2,mixed_maturity,access_full,dirichlet_lcb,benign_concept_drift,0.5,2,18,0.8328,0.016444444444444446,0.09446666811066665,2,2,1.0,0.0,1.0,0,0,0
fashion_mnist,20,2,mixed_maturity,access_full,dirichlet_lcb,benign_concept_drift,0.5,2,19,0.8358,0.03288888888888889,0.09446666811066665,2,2,1.0,0.0,1.0,0,0,0
fashion_mnist,20,2,mixed_maturity,access_full,dirichlet_lcb,benign_concept_drift,0.5,2,20,0.8358,0.02,0.09446666811066665,2,2,1.0,0.0,1.0,0,0,0
fashion_mnist,20,2,mixed_maturity,access_full,dirichlet_lcb,benign_concept_drift,0.5,2,21,0.8352,0.021555555555555557,0.09446666811066665,2,2,1.0,0.0,1.0,0,0,0
fashion_mnist,20,2,mixed_maturity,access_full,dirichlet_lcb,benign_concept_drift,0.5,2,22,0.8428,0.02422222222222222,0.09446666811066665,2,2,1.0,0.0,1.0,0,0,0
fashion_mnist,20,2,mixed_maturity,access_full,dirichlet_lcb,benign_concept_drift,0.5,2,23,0.8402,0.022222222222222223,0.09446666811066665,2,2,1.0,0.0,1.0,0,0,0
fashion_mnist,20,2,mixed_maturity,access_full,dirichlet_lcb,benign_concept_drift,0.5,2,24,0.836,0.020444444444444446,0.09446666811066665,2,2,1.0,0.0,1.0,0,0,0
fashion_mnist,20,2,mixed_maturity,access_full,dirichlet_lcb,benign_concept_drift,0.5,2,25,0.8338,0.019333333333333334,0.09446666811066665,2,2,1.0,0.0,1.0,0,0,0
fashion_mnist,20,2,mixed_maturity,access_full,dirichlet_lcb,benign_concept_drift,0.5,2,26,0.8304,0.015555555555555555,0.09446666811066663,2,2,1.0,0.0,1.0,0,0,0
fashion_mnist,20,2,mixed_maturity,access_full,dirichlet_lcb,benign_concept_drift,0.5,2,27,0.8438,0.018444444444444444,0.09446666811066665,2,2,1.0,0.0,1.0,0,0,0
fashion_mnist,20,2,mixed_maturity,access_full,dirichlet_lcb,benign_concept_drift,0.5,2,28,0.8314,0.013777777777777778,0.09446666811066663,2,2,1.0,0.0,1.0,0,0,0
fashion_mnist,20,2,mixed_maturity,access_full,dirichlet_lcb,benign_concept_drift,0.5,2,29,0.8372,0.02022222222222222,0.09446666811066665,2,2,1.0,0.0,1.0,0,0,0
fashion_mnist,20,2,mixed_maturity,access_full,dirichlet_lcb,benign_concept_drift,0.5,2,30,0.838,0.014888888888888889,0.09446666811066665,2,2,1.0,0.0,1.0,0,0,0
fashion_mnist,20,2,mixed_maturity,access_full,dirichlet_lcb,benign_concept_drift,0.5,2,31,0.8408,0.016666666666666666,0.09446666811066665,2,2,1.0,0.0,1.0,0,0,0
fashion_mnist,20,2,mixed_maturity,access_full,dirichlet_lcb,benign_concept_drift,0.5,2,32,0.8452,0.02311111111111111,0.09446666811066665,2,2,1.0,0.0,1.0,0,0,0
fashion_mnist,20,2,mixed_maturity,access_full,dirichlet_lcb,benign_concept_drift,0.5,2,33,0.8446,0.02266666666666667,0.09446666811066665,2,2,1.0,0.0,1.0,0,0,0
fashion_mnist,20,2,mixed_maturity,access_full,dirichlet_lcb,benign_concept_drift,0.5,2,34,0.8368,0.025111111111111112,0.09446666811066663,2,2,1.0,0.0,1.0,0,0,0
fashion_mnist,20,2,mixed_maturity,access_full,dirichlet_lcb,benign_concept_drift,0.5,2,35,0.8398,0.022,0.09446666811066663,2,2,1.0,0.0,1.0,0,0,0
fashion_mnist,20,2,mixed_maturity,access_full,dirichlet_lcb,benign_concept_drift,0.5,2,36,0.8302,0.018222222222222223,0.09446666811066665,2,2,1.0,0.0,1.0,0,0,0
fashion_mnist,20,2,mixed_maturity,access_full,dirichlet_lcb,benign_concept_drift,0.5,2,37,0.8382,0.028444444444444446,0.09446666811066665,2,2,1.0,0.0,1.0,0,0,0
fashion_mnist,20,2,mixed_maturity,access_full,dirichlet_lcb,benign_concept_drift,0.5,2,38,0.8372,0.017555555555555557,0.09446666811066665,2,2,1.0,0.0,1.0,0,0,0
fashion_mnist,20,2,mixed_maturity,access_full,dirichlet_lcb,benign_concept_drift,0.5,2,39,0.8422,0.018444444444444444,0.09446666811066665,2,2,1.0,0.0,1.0,0,0,0
fashion_mnist,20,2,mixed_maturity,access_full,dirichlet_lcb,benign_concept_drift,0.5,2,40,0.8456,0.028888888888888888,0.09446666811066665,2,2,1.0,0.0,1.0,0,0,0
fashion_mnist,20,2,mixed_maturity,access_full,dirichlet_lcb,benign_concept_drift,0.5,2,41,0.842,0.016,0.09446666811066665,2,2,1.0,0.0,1.0,0,0,0
fashion_mnist,20,2,mixed_maturity,access_full,dirichlet_lcb,benign_concept_drift,0.5,2,42,0.8376,0.013777777777777778,0.09446666811066665,2,2,1.0,0.0,1.0,0,0,0
fashion_mnist,20,2,mixed_maturity,access_full,dirichlet_lcb,benign_concept_drift,0.5,2,43,0.8312,0.013777777777777778,0.09446666811066663,2,2,1.0,0.0,1.0,0,0,0
fashion_mnist,20,2,mixed_maturity,access_full,dirichlet_lcb,benign_concept_drift,0.5,2,44,0.842,0.020666666666666667,0.09446666811066665,2,2,1.0,0.0,1.0,0,0,0
fashion_mnist,20,2,mixed_maturity,access_full,dirichlet_lcb,benign_concept_drift,0.5,2,45,0.8384,0.018,0.09446666811066665,2,2,1.0,0.0,1.0,0,0,0
fashion_mnist,20,2,mixed_maturity,access_full,dirichlet_lcb,benign_concept_drift,0.5,2,46,0.8418,0.022,0.09446666811066665,2,2,1.0,0.0,1.0,0,0,0
fashion_mnist,20,2,mixed_maturity,access_full,dirichlet_lcb,benign_concept_drift,0.5,2,47,0.8304,0.015333333333333332,0.09446666811066663,2,2,1.0,0.0,1.0,0,0,0
fashion_mnist,20,2,mixed_maturity,access_full,dirichlet_lcb,benign_concept_drift,0.5,2,48,0.8444,0.019333333333333334,0.09446666811066663,2,2,1.0,0.0,1.0,0,0,0
fashion_mnist,20,2,mixed_maturity,access_full,dirichlet_lcb,benign_concept_drift,0.5,2,49,0.8378,0.014,0.09446666811066665,2,2,1.0,0.0,1.0,0,0,0
fashion_mnist,20,2,mixed_maturity,access_full,dirichlet_lcb,benign_concept_drift,0.5,2,50,0.8364,0.01622222222222222,0.09446666811066663,2,2,1.0,0.0,1.0,0,0,0
fashion_mnist,20,2,mixed_maturity,access_full,dirichlet_lcb,benign_concept_drift,0.5,3,1,0.7664,0.027777777777777776,0.07000508177508405,2,2,1.0,1.0,0.0,0,0,0
fashion_mnist,20,2,mixed_maturity,access_full,dirichlet_lcb,benign_concept_drift,0.5,3,2,0.7798,0.005333333333333333,0.07000508177508406,2,2,1.0,1.0,0.0,0,0,0
fashion_mnist,20,2,mixed_maturity,access_full,dirichlet_lcb,benign_concept_drift,0.5,3,3,0.7992,0.008888888888888889,0.07000508177508408,2,2,1.0,1.0,0.0,0,0,0
fashion_mnist,20,2,mixed_maturity,access_full,dirichlet_lcb,benign_concept_drift,0.5,3,4,0.8124,0.016444444444444446,0.07000508177508406,2,2,1.0,1.0,0.0,0,0,0
fashion_mnist,20,2,mixed_maturity,access_full,dirichlet_lcb,benign_concept_drift,0.5,3,5,0.8116,0.014888888888888889,0.13084999869150002,2,2,1.0,0.0,1.0,0,0,0
fashion_mnist,20,2,mixed_maturity,access_full,dirichlet_lcb,benign_concept_drift,0.5,3,6,0.813,0.016888888888888887,0.13084999869150002,2,2,1.0,0.0,1.0,0,0,0
fashion_mnist,20,2,mixed_maturity,access_full,dirichlet_lcb,benign_concept_drift,0.5,3,7,0.8258,0.024444444444444446,0.13084999869150005,2,2,1.0,0.0,1.0,0,0,0
fashion_mnist,20,2,mixed_maturity,access_full,dirichlet_lcb,benign_concept_drift,0.5,3,8,0.824,0.018222222222222223,0.13084999869150002,2,2,1.0,0.0,1.0,0,0,0
fashion_mnist,20,2,mixed_maturity,access_full,dirichlet_lcb,benign_concept_drift,0.5,3,9,0.8176,0.014,0.13084999869150002,2,2,1.0,0.0,1.0,0,0,0
fashion_mnist,20,2,mixed_maturity,access_full,dirichlet_lcb,benign_concept_drift,0.5,3,10,0.8284,0.022,0.13084999869150002,2,2,1.0,0.0,1.0,0,0,0
fashion_mnist,20,2,mixed_maturity,access_full,dirichlet_lcb,benign_concept_drift,0.5,3,11,0.8312,0.020888888888888887,0.13084999869150002,2,2,1.0,0.0,1.0,0,0,0
fashion_mnist,20,2,mixed_maturity,access_full,dirichlet_lcb,benign_concept_drift,0.5,3,12,0.831,0.023777777777777776,0.1308499986915,2,2,1.0,0.0,1.0,0,0,0
fashion_mnist,20,2,mixed_maturity,access_full,dirichlet_lcb,benign_concept_drift,0.5,3,13,0.8284,0.021777777777777778,0.13084999869150002,2,2,1.0,0.0,1.0,0,0,0
fashion_mnist,20,2,mixed_maturity,access_full,dirichlet_lcb,benign_concept_drift,0.5,3,14,0.8286,0.01911111111111111,0.13084999869150002,2,2,1.0,0.0,1.0,0,0,0
fashion_mnist,20,2,mixed_maturity,access_full,dirichlet_lcb,benign_concept_drift,0.5,3,15,0.8228,0.015555555555555555,0.13084999869150002,2,2,1.0,0.0,1.0,0,0,0
fashion_mnist,20,2,mixed_maturity,access_full,dirichlet_lcb,benign_concept_drift,0.5,3,16,0.8288,0.027777777777777776,0.13084999869150005,2,2,1.0,0.0,1.0,0,0,0
fashion_mnist,20,2,mixed_maturity,access_full,dirichlet_lcb,benign_concept_drift,0.5,3,17,0.8352,0.023555555555555555,0.13084999869150002,2,2,1.0,0.0,1.0,0,0,0
fashion_mnist,20,2,mixed_maturity,access_full,dirichlet_lcb,benign_concept_drift,0.5,3,18,0.8334,0.02022222222222222,0.13084999869150005,2,2,1.0,0.0,1.0,0,0,0
fashion_mnist,20,2,mixed_maturity,access_full,dirichlet_lcb,benign_concept_drift,0.5,3,19,0.8292,0.017333333333333333,0.13084999869150002,2,2,1.0,0.0,1.0,0,0,0
fashion_mnist,20,2,mixed_maturity,access_full,dirichlet_lcb,benign_concept_drift,0.5,3,20,0.8254,0.016666666666666666,0.13084999869150002,2,2,1.0,0.0,1.0,0,0,0
fashion_mnist,20,2,mixed_maturity,access_full,dirichlet_lcb,benign_concept_drift,0.5,3,21,0.8146,0.012222222222222223,0.13084999869150002,2,2,1.0,0.0,1.0,0,0,0
fashion_mnist,20,2,mixed_maturity,access_full,dirichlet_lcb,benign_concept_drift,0.5,3,22,0.8378,0.019777777777777776,0.13084999869150002,2,2,1.0,0.0,1.0,0,0,0
fashion_mnist,20,2,mixed_maturity,access_full,dirichlet_lcb,benign_concept_drift,0.5,3,23,0.8022,0.008888888888888889,0.1308499986915,2,2,1.0,0.0,1.0,0,0,0
fashion_mnist,20,2,mixed_maturity,access_full,dirichlet_lcb,benign_concept_drift,0.5,3,24,0.835,0.021777777777777778,0.13084999869150002,2,2,1.0,0.0,1.0,0,0,0
fashion_mnist,20,2,mixed_maturity,access_full,dirichlet_lcb,benign_concept_drift,0.5,3,25,0.8214,0.019555555555555555,0.13084999869150005,2,2,1.0,0.0,1.0,0,0,0
fashion_mnist,20,2,mixed_maturity,access_full,dirichlet_lcb,benign_concept_drift,0.5,3,26,0.8254,0.025333333333333333,0.13084999869150002,2,2,1.0,0.0,1.0,0,0,0
fashion_mnist,20,2,mixed_maturity,access_full,dirichlet_lcb,benign_concept_drift,0.5,3,27,0.8312,0.023777777777777776,0.13084999869150002,2,2,1.0,0.0,1.0,0,0,0
fashion_mnist,20,2,mixed_maturity,access_full,dirichlet_lcb,benign_concept_drift,0.5,3,28,0.8364,0.025555555555555557,0.13084999869150002,2,2,1.0,0.0,1.0,0,0,0
fashion_mnist,20,2,mixed_maturity,access_full,dirichlet_lcb,benign_concept_drift,0.5,3,29,0.8328,0.02422222222222222,0.13084999869150005,2,2,1.0,0.0,1.0,0,0,0
fashion_mnist,20,2,mixed_maturity,access_full,dirichlet_lcb,benign_concept_drift,0.5,3,30,0.8268,0.035333333333333335,0.13084999869150002,2,2,1.0,0.0,1.0,0,0,0
fashion_mnist,20,2,mixed_maturity,access_full,dirichlet_lcb,benign_concept_drift,0.5,3,31,0.8362,0.024444444444444446,0.1308499986915,2,2,1.0,0.0,1.0,0,0,0
fashion_mnist,20,2,mixed_maturity,access_full,dirichlet_lcb,benign_concept_drift,0.5,3,32,0.8384,0.02,0.13084999869150005,2,2,1.0,0.0,1.0,0,0,0
fashion_mnist,20,2,mixed_maturity,access_full,dirichlet_lcb,benign_concept_drift,0.5,3,33,0.8266,0.013555555555555555,0.13084999869150002,2,2,1.0,0.0,1.0,0,0,0
fashion_mnist,20,2,mixed_maturity,access_full,dirichlet_lcb,benign_concept_drift,0.5,3,34,0.8384,0.02422222222222222,0.13084999869150002,2,2,1.0,0.0,1.0,0,0,0
fashion_mnist,20,2,mixed_maturity,access_full,dirichlet_lcb,benign_concept_drift,0.5,3,35,0.8344,0.020888888888888887,0.13084999869150002,2,2,1.0,0.0,1.0,0,0,0
fashion_mnist,20,2,mixed_maturity,access_full,dirichlet_lcb,benign_concept_drift,0.5,3,36,0.834,0.026444444444444444,0.13084999869150005,2,2,1.0,0.0,1.0,0,0,0
fashion_mnist,20,2,mixed_maturity,access_full,dirichlet_lcb,benign_concept_drift,0.5,3,37,0.8296,0.012888888888888889,0.13084999869150002,2,2,1.0,0.0,1.0,0,0,0
fashion_mnist,20,2,mixed_maturity,access_full,dirichlet_lcb,benign_concept_drift,0.5,3,38,0.8316,0.021111111111111112,0.13084999869150002,2,2,1.0,0.0,1.0,0,0,0
fashion_mnist,20,2,mixed_maturity,access_full,dirichlet_lcb,benign_concept_drift,0.5,3,39,0.8228,0.023333333333333334,0.13084999869150002,2,2,1.0,0.0,1.0,0,0,0
fashion_mnist,20,2,mixed_maturity,access_full,dirichlet_lcb,benign_concept_drift,0.5,3,40,0.8314,0.020888888888888887,0.13084999869150002,2,2,1.0,0.0,1.0,0,0,0
fashion_mnist,20,2,mixed_maturity,access_full,dirichlet_lcb,benign_concept_drift,0.5,3,41,0.8338,0.02266666666666667,0.13084999869150002,2,2,1.0,0.0,1.0,0,0,0
fashion_mnist,20,2,mixed_maturity,access_full,dirichlet_lcb,benign_concept_drift,0.5,3,42,0.8308,0.03088888888888889,0.13084999869150002,2,2,1.0,0.0,1.0,0,0,0
fashion_mnist,20,2,mixed_maturity,access_full,dirichlet_lcb,benign_concept_drift,0.5,3,43,0.8392,0.025777777777777778,0.13084999869150005,2,2,1.0,0.0,1.0,0,0,0
fashion_mnist,20,2,mixed_maturity,access_full,dirichlet_lcb,benign_concept_drift,0.5,3,44,0.8368,0.01577777777777778,0.13084999869150002,2,2,1.0,0.0,1.0,0,0,0
fashion_mnist,20,2,mixed_maturity,access_full,dirichlet_lcb,benign_concept_drift,0.5,3,45,0.833,0.027555555555555555,0.13084999869150002,2,2,1.0,0.0,1.0,0,0,0
fashion_mnist,20,2,mixed_maturity,access_full,dirichlet_lcb,benign_concept_drift,0.5,3,46,0.8352,0.02422222222222222,0.13084999869150002,2,2,1.0,0.0,1.0,0,0,0
fashion_mnist,20,2,mixed_maturity,access_full,dirichlet_lcb,benign_concept_drift,0.5,3,47,0.8334,0.025333333333333333,0.13084999869150002,2,2,1.0,0.0,1.0,0,0,0
fashion_mnist,20,2,mixed_maturity,access_full,dirichlet_lcb,benign_concept_drift,0.5,3,48,0.8366,0.02311111111111111,0.13084999869150002,2,2,1.0,0.0,1.0,0,0,0
fashion_mnist,20,2,mixed_maturity,access_full,dirichlet_lcb,benign_concept_drift,0.5,3,49,0.836,0.023333333333333334,0.13084999869150002,2,2,1.0,0.0,1.0,0,0,0
fashion_mnist,20,2,mixed_maturity,access_full,dirichlet_lcb,benign_concept_drift,0.5,3,50,0.8274,0.013555555555555555,0.13084999869150002,2,2,1.0,0.0,1.0,0,0,0
fashion_mnist,20,2,mixed_maturity,access_full,dirichlet_lcb,benign_concept_drift,0.5,4,1,0.7592,0.04733333333333333,0.035866891476026314,2,2,1.0,1.0,0.0,0,0,0
fashion_mnist,20,2,mixed_maturity,access_full,dirichlet_lcb,benign_concept_drift,0.5,4,2,0.7834,0.014444444444444444,0.03586689147602632,2,2,1.0,1.0,0.0,0,0,0
fashion_mnist,20,2,mixed_maturity,access_full,dirichlet_lcb,benign_concept_drift,0.5,4,3,0.8002,0.026,0.03586689147602633,2,2,1.0,1.0,0.0,0,0,0
fashion_mnist,20,2,mixed_maturity,access_full,dirichlet_lcb,benign_concept_drift,0.5,4,4,0.7974,0.033777777777777775,0.03586689147602633,2,2,1.0,1.0,0.0,0,0,0
fashion_mnist,20,2,mixed_maturity,access_full,dirichlet_lcb,benign_concept_drift,0.5,4,5,0.8142,0.030222222222222223,0.06925000069250002,2,2,1.0,0.0,1.0,0,0,0
fashion_mnist,20,2,mixed_maturity,access_full,dirichlet_lcb,benign_concept_drift,0.5,4,6,0.7954,0.010666666666666666,0.06925000069250002,2,2,1.0,0.0,1.0,0,0,0
fashion_mnist,20,2,mixed_maturity,access_full,dirichlet_lcb,benign_concept_drift,0.5,4,7,0.822,0.027333333333333334,0.06925000069250001,2,2,1.0,0.0,1.0,0,0,0
fashion_mnist,20,2,mixed_maturity,access_full,dirichlet_lcb,benign_concept_drift,0.5,4,8,0.822,0.03155555555555556,0.06925000069250002,2,2,1.0,0.0,1.0,0,0,0
fashion_mnist,20,2,mixed_maturity,access_full,dirichlet_lcb,benign_concept_drift,0.5,4,9,0.8264,0.02711111111111111,0.06925000069250002,2,2,1.0,0.0,1.0,0,0,0
fashion_mnist,20,2,mixed_maturity,access_full,dirichlet_lcb,benign_concept_drift,0.5,4,10,0.8244,0.020888888888888887,0.06925000069250002,2,2,1.0,0.0,1.0,0,0,0
fashion_mnist,20,2,mixed_maturity,access_full,dirichlet_lcb,benign_concept_drift,0.5,4,11,0.8278,0.027555555555555555,0.06925000069250002,2,2,1.0,0.0,1.0,0,0,0
fashion_mnist,20,2,mixed_maturity,access_full,dirichlet_lcb,benign_concept_drift,0.5,4,12,0.8192,0.011111111111111112,0.06925000069250001,2,2,1.0,0.0,1.0,0,0,0
fashion_mnist,20,2,mixed_maturity,access_full,dirichlet_lcb,benign_concept_drift,0.5,4,13,0.817,0.02666666666666667,0.06925000069250001,2,2,1.0,0.0,1.0,0,0,0
fashion_mnist,20,2,mixed_maturity,access_full,dirichlet_lcb,benign_concept_drift,0.5,4,14,0.8306,0.029333333333333333,0.06925000069250002,2,2,1.0,0.0,1.0,0,0,0
fashion_mnist,20,2,mixed_maturity,access_full,dirichlet_lcb,benign_concept_drift,0.5,4,15,0.8284,0.020666666666666667,0.06925000069250001,2,2,1.0,0.0,1.0,0,0,0
fashion_mnist,20,2,mixed_maturity,access_full,dirichlet_lcb,benign_concept_drift,0.5,4,16,0.8258,0.018444444444444444,0.06925000069250001,2,2,1.0,0.0,1.0,0,0,0
fashion_mnist,20,2,mixed_maturity,access_full,dirichlet_lcb,benign_concept_drift,0.5,4,17,0.8282,0.023333333333333334,0.06925000069250001,2,2,1.0,0.0,1.0,0,0,0
fashion_mnist,20,2,mixed_maturity,access_full,dirichlet_lcb,benign_concept_drift,0.5,4,18,0.8248,0.020444444444444446,0.06925000069250001,2,2,1.0,0.0,1.0,0,0,0
fashion_mnist,20,2,mixed_maturity,access_full,dirichlet_lcb,benign_concept_drift,0.5,4,19,0.8288,0.029555555555555557,0.06925000069250002,2,2,1.0,0.0,1.0,0,0,0
fashion_mnist,20,2,mixed_maturity,access_full,dirichlet_lcb,benign_concept_drift,0.5,4,20,0.8184,0.027333333333333334,0.06925000069250001,2,2,1.0,0.0,1.0,0,0,0
fashion_mnist,20,2,mixed_maturity,access_full,dirichlet_lcb,benign_concept_drift,0.5,4,21,0.8286,0.01911111111111111,0.06925000069250001,2,2,1.0,0.0,1.0,0,0,0
fashion_mnist,20,2,mixed_maturity,access_full,dirichlet_lcb,benign_concept_drift,0.5,4,22,0.8334,0.028444444444444446,0.06925000069250001,2,2,1.0,0.0,1.0,0,0,0
fashion_mnist,20,2,mixed_maturity,access_full,dirichlet_lcb,benign_concept_drift,0.5,4,23,0.8296,0.018666666666666668,0.06925000069250002,2,2,1.0,0.0,1.0,0,0,0
fashion_mnist,20,2,mixed_maturity,access_full,dirichlet_lcb,benign_concept_drift,0.5,4,24,0.8328,0.034888888888888886,0.06925000069250004,2,2,1.0,0.0,1.0,0,0,0
fashion_mnist,20,2,mixed_maturity,access_full,dirichlet_lcb,benign_concept_drift,0.5,4,25,0.8306,0.027777777777777776,0.06925000069250002,2,2,1.0,0.0,1.0,0,0,0
fashion_mnist,20,2,mixed_maturity,access_full,dirichlet_lcb,benign_concept_drift,0.5,4,26,0.834,0.01577777777777778,0.06925000069250001,2,2,1.0,0.0,1.0,0,0,0
fashion_mnist,20,2,mixed_maturity,access_full,dirichlet_lcb,benign_concept_drift,0.5,4,27,0.832,0.01888888888888889,0.06925000069250001,2,2,1.0,0.0,1.0,0,0,0
fashion_mnist,20,2,mixed_maturity,access_full,dirichlet_lcb,benign_concept_drift,0.5,4,28,0.829,0.021555555555555557,0.06925000069250001,2,2,1.0,0.0,1.0,0,0,0
fashion_mnist,20,2,mixed_maturity,access_full,dirichlet_lcb,benign_concept_drift,0.5,4,29,0.8262,0.03155555555555556,0.06925000069250002,2,2,1.0,0.0,1.0,0,0,0
fashion_mnist,20,2,mixed_maturity,access_full,dirichlet_lcb,benign_concept_drift,0.5,4,30,0.8368,0.029555555555555557,0.06925000069250002,2,2,1.0,0.0,1.0,0,0,0
fashion_mnist,20,2,mixed_maturity,access_full,dirichlet_lcb,benign_concept_drift,0.5,4,31,0.8114,0.018666666666666668,0.06925000069250002,2,2,1.0,0.0,1.0,0,0,0
fashion_mnist,20,2,mixed_maturity,access_full,dirichlet_lcb,benign_concept_drift,0.5,4,32,0.8314,0.020444444444444446,0.06925000069250002,2,2,1.0,0.0,1.0,0,0,0
fashion_mnist,20,2,mixed_maturity,access_full,dirichlet_lcb,benign_concept_drift,0.5,4,33,0.8352,0.029111111111111112,0.06925000069250001,2,2,1.0,0.0,1.0,0,0,0
fashion_mnist,20,2,mixed_maturity,access_full,dirichlet_lcb,benign_concept_drift,0.5,4,34,0.8124,0.009111111111111111,0.06925000069250002,2,2,1.0,0.0,1.0,0,0,0
fashion_mnist,20,2,mixed_maturity,access_full,dirichlet_lcb,benign_concept_drift,0.5,4,35,0.8326,0.03,0.06925000069250001,2,2,1.0,0.0,1.0,0,0,0
fashion_mnist,20,2,mixed_maturity,access_full,dirichlet_lcb,benign_concept_drift,0.5,4,36,0.8366,0.02311111111111111,0.06925000069250001,2,2,1.0,0.0,1.0,0,0,0
fashion_mnist,20,2,mixed_maturity,access_full,dirichlet_lcb,benign_concept_drift,0.5,4,37,0.8318,0.022,0.06925000069250002,2,2,1.0,0.0,1.0,0,0,0
fashion_mnist,20,2,mixed_maturity,access_full,dirichlet_lcb,benign_concept_drift,0.5,4,38,0.8254,0.012222222222222223,0.06925000069250001,2,2,1.0,0.0,1.0,0,0,0
fashion_mnist,20,2,mixed_maturity,access_full,dirichlet_lcb,benign_concept_drift,0.5,4,39,0.8374,0.026444444444444444,0.06925000069250001,2,2,1.0,0.0,1.0,0,0,0
fashion_mnist,20,2,mixed_maturity,access_full,dirichlet_lcb,benign_concept_drift,0.5,4,40,0.8342,0.028888888888888888,0.06925000069250002,2,2,1.0,0.0,1.0,0,0,0
fashion_mnist,20,2,mixed_maturity,access_full,dirichlet_lcb,benign_concept_drift,0.5,4,41,0.836,0.029777777777777778,0.06925000069250002,2,2,1.0,0.0,1.0,0,0,0
fashion_mnist,20,2,mixed_maturity,access_full,dirichlet_lcb,benign_concept_drift,0.5,4,42,0.8282,0.020666666666666667,0.06925000069250001,2,2,1.0,0.0,1.0,0,0,0
fashion_mnist,20,2,mixed_maturity,access_full,dirichlet_lcb,benign_concept_drift,0.5,4,43,0.8284,0.018,0.06925000069250002,2,2,1.0,0.0,1.0,0,0,0
fashion_mnist,20,2,mixed_maturity,access_full,dirichlet_lcb,benign_concept_drift,0.5,4,44,0.8326,0.019555555555555555,0.06925000069250002,2,2,1.0,0.0,1.0,0,0,0
fashion_mnist,20,2,mixed_maturity,access_full,dirichlet_lcb,benign_concept_drift,0.5,4,45,0.8332,0.02311111111111111,0.06925000069250002,2,2,1.0,0.0,1.0,0,0,0
fashion_mnist,20,2,mixed_maturity,access_full,dirichlet_lcb,benign_concept_drift,0.5,4,46,0.8346,0.02266666666666667,0.06925000069250002,2,2,1.0,0.0,1.0,0,0,0
fashion_mnist,20,2,mixed_maturity,access_full,dirichlet_lcb,benign_concept_drift,0.5,4,47,0.833,0.020444444444444446,0.06925000069250001,2,2,1.0,0.0,1.0,0,0,0
fashion_mnist,20,2,mixed_maturity,access_full,dirichlet_lcb,benign_concept_drift,0.5,4,48,0.838,0.029111111111111112,0.06925000069250002,2,2,1.0,0.0,1.0,0,0,0
fashion_mnist,20,2,mixed_maturity,access_full,dirichlet_lcb,benign_concept_drift,0.5,4,49,0.8376,0.026,0.06925000069250002,2,2,1.0,0.0,1.0,0,0,0
fashion_mnist,20,2,mixed_maturity,access_full,dirichlet_lcb,benign_concept_drift,0.5,4,50,0.8344,0.022222222222222223,0.06925000069250001,2,2,1.0,0.0,1.0,0,0,0
fashion_mnist,20,2,mixed_maturity,access_full,dirichlet_lcb,diverse_then_repeat_backdoor,0.5,0,1,0.7388,0.005333333333333333,0.04300664772803008,2,2,1.0,1.0,0.0,0,0,0
fashion_mnist,20,2,mixed_maturity,access_full,dirichlet_lcb,diverse_then_repeat_backdoor,0.5,0,2,0.7906,0.07088888888888889,0.04300664772803008,2,2,1.0,1.0,0.0,0,0,0
fashion_mnist,20,2,mixed_maturity,access_full,dirichlet_lcb,diverse_then_repeat_backdoor,0.5,0,3,0.8076,0.02266666666666667,0.04300664772803008,2,2,1.0,1.0,0.0,0,0,0
fashion_mnist,20,2,mixed_maturity,access_full,dirichlet_lcb,diverse_then_repeat_backdoor,0.5,0,4,0.8108,0.03955555555555555,0.04300664772803008,2,2,1.0,1.0,0.0,0,0,0
fashion_mnist,20,2,mixed_maturity,access_full,dirichlet_lcb,diverse_then_repeat_backdoor,0.5,0,5,0.8228,0.06644444444444444,0.08246666164933324,2,2,1.0,0.0,1.0,0,0,0
fashion_mnist,20,2,mixed_maturity,access_full,dirichlet_lcb,diverse_then_repeat_backdoor,0.5,0,6,0.825,0.08444444444444445,0.08246666164933321,2,2,1.0,0.0,1.0,0,0,0
fashion_mnist,20,2,mixed_maturity,access_full,dirichlet_lcb,diverse_then_repeat_backdoor,0.5,0,7,0.8188,0.08133333333333333,0.08246666164933324,2,2,1.0,0.0,1.0,0,0,0
fashion_mnist,20,2,mixed_maturity,access_full,dirichlet_lcb,diverse_then_repeat_backdoor,0.5,0,8,0.811,0.10444444444444445,0.08246666164933322,2,2,1.0,0.0,1.0,0,0,0
fashion_mnist,20,2,mixed_maturity,access_full,dirichlet_lcb,diverse_then_repeat_backdoor,0.5,0,9,0.8284,0.13933333333333334,0.08246666164933324,2,2,1.0,0.0,1.0,0,0,0
fashion_mnist,20,2,mixed_maturity,access_full,dirichlet_lcb,diverse_then_repeat_backdoor,0.5,0,10,0.831,0.14866666666666667,0.08246666164933324,2,2,1.0,0.0,1.0,0,0,0
fashion_mnist,20,2,mixed_maturity,access_full,dirichlet_lcb,diverse_then_repeat_backdoor,0.5,0,11,0.8144,0.15755555555555556,0.08246666164933324,2,2,1.0,0.0,1.0,0,0,0
fashion_mnist,20,2,mixed_maturity,access_full,dirichlet_lcb,diverse_then_repeat_backdoor,0.5,0,12,0.8318,0.20777777777777778,0.08246666164933325,2,2,1.0,0.0,1.0,0,0,0
fashion_mnist,20,2,mixed_maturity,access_full,dirichlet_lcb,diverse_then_repeat_backdoor,0.5,0,13,0.8162,0.1651111111111111,0.08246666164933324,2,2,1.0,0.0,1.0,0,0,0
fashion_mnist,20,2,mixed_maturity,access_full,dirichlet_lcb,diverse_then_repeat_backdoor,0.5,0,14,0.8364,0.27,0.08246666164933324,2,2,1.0,0.0,1.0,0,0,0
fashion_mnist,20,2,mixed_maturity,access_full,dirichlet_lcb,diverse_then_repeat_backdoor,0.5,0,15,0.8298,0.2597777777777778,0.08246666164933324,2,2,1.0,0.0,1.0,0,0,0
fashion_mnist,20,2,mixed_maturity,access_full,dirichlet_lcb,diverse_then_repeat_backdoor,0.5,0,16,0.8352,0.284,0.08246666164933324,2,2,1.0,0.0,1.0,0,0,0
fashion_mnist,20,2,mixed_maturity,access_full,dirichlet_lcb,diverse_then_repeat_backdoor,0.5,0,17,0.836,0.31044444444444447,0.08246666164933324,2,2,1.0,0.0,1.0,0,0,0
fashion_mnist,20,2,mixed_maturity,access_full,dirichlet_lcb,diverse_then_repeat_backdoor,0.5,0,18,0.8376,0.37044444444444447,0.08246666164933322,2,2,1.0,0.0,1.0,0,0,0
fashion_mnist,20,2,mixed_maturity,access_full,dirichlet_lcb,diverse_then_repeat_backdoor,0.5,0,19,0.834,0.35555555555555557,0.08246666164933322,2,2,1.0,0.0,1.0,0,0,0
fashion_mnist,20,2,mixed_maturity,access_full,dirichlet_lcb,diverse_then_repeat_backdoor,0.5,0,20,0.8366,0.4097777777777778,0.08246666164933324,2,2,1.0,0.0,1.0,0,0,0
fashion_mnist,20,2,mixed_maturity,access_full,dirichlet_lcb,diverse_then_repeat_backdoor,0.5,0,21,0.8356,0.4128888888888889,0.08246666164933322,2,2,1.0,0.0,1.0,0,0,0
fashion_mnist,20,2,mixed_maturity,access_full,dirichlet_lcb,diverse_then_repeat_backdoor,0.5,0,22,0.8246,0.3502222222222222,0.08246666164933324,2,2,1.0,0.0,1.0,0,0,0
fashion_mnist,20,2,mixed_maturity,access_full,dirichlet_lcb,diverse_then_repeat_backdoor,0.5,0,23,0.8336,0.4688888888888889,0.08246666164933322,2,2,1.0,0.0,1.0,0,0,0
fashion_mnist,20,2,mixed_maturity,access_full,dirichlet_lcb,diverse_then_repeat_backdoor,0.5,0,24,0.8396,0.4608888888888889,0.08246666164933322,2,2,1.0,0.0,1.0,0,0,0
fashion_mnist,20,2,mixed_maturity,access_full,dirichlet_lcb,diverse_then_repeat_backdoor,0.5,0,25,0.8384,0.5057777777777778,0.08246666164933324,2,2,1.0,0.0,1.0,0,0,0
fashion_mnist,20,2,mixed_maturity,access_full,dirichlet_lcb,diverse_then_repeat_backdoor,0.5,0,26,0.8086,0.4568888888888889,0.08246666164933324,2,2,1.0,0.0,1.0,0,0,0
fashion_mnist,20,2,mixed_maturity,access_full,dirichlet_lcb,diverse_then_repeat_backdoor,0.5,0,27,0.832,0.512,0.08246666164933322,2,2,1.0,0.0,1.0,0,0,0
fashion_mnist,20,2,mixed_maturity,access_full,dirichlet_lcb,diverse_then_repeat_backdoor,0.5,0,28,0.8388,0.526,0.08246666164933322,2,2,1.0,0.0,1.0,0,0,0
fashion_mnist,20,2,mixed_maturity,access_full,dirichlet_lcb,diverse_then_repeat_backdoor,0.5,0,29,0.8386,0.5168888888888888,0.08246666164933322,2,2,1.0,0.0,1.0,0,0,0
fashion_mnist,20,2,mixed_maturity,access_full,dirichlet_lcb,diverse_then_repeat_backdoor,0.5,0,30,0.8388,0.5506666666666666,0.08246666164933324,2,2,1.0,0.0,1.0,0,0,0
fashion_mnist,20,2,mixed_maturity,access_full,dirichlet_lcb,diverse_then_repeat_backdoor,0.5,0,31,0.793,0.5762222222222222,0.08246666164933324,2,2,1.0,0.0,1.0,0,0,0
fashion_mnist,20,2,mixed_maturity,access_full,dirichlet_lcb,diverse_then_repeat_backdoor,0.5,0,32,0.8032,0.56,0.08246666164933325,2,2,1.0,0.0,1.0,0,0,0
fashion_mnist,20,2,mixed_maturity,access_full,dirichlet_lcb,diverse_then_repeat_backdoor,0.5,0,33,0.839,0.5986666666666667,0.08246666164933324,2,2,1.0,0.0,1.0,0,0,0
fashion_mnist,20,2,mixed_maturity,access_full,dirichlet_lcb,diverse_then_repeat_backdoor,0.5,0,34,0.841,0.6088888888888889,0.08246666164933325,2,2,1.0,0.0,1.0,0,0,0
fashion_mnist,20,2,mixed_maturity,access_full,dirichlet_lcb,diverse_then_repeat_backdoor,0.5,0,35,0.8392,0.6246666666666667,0.08246666164933322,2,2,1.0,0.0,1.0,0,0,0
fashion_mnist,20,2,mixed_maturity,access_full,dirichlet_lcb,diverse_then_repeat_backdoor,0.5,0,36,0.837,0.6108888888888889,0.08246666164933322,2,2,1.0,0.0,1.0,0,0,0
fashion_mnist,20,2,mixed_maturity,access_full,dirichlet_lcb,diverse_then_repeat_backdoor,0.5,0,37,0.8394,0.6124444444444445,0.08246666164933324,2,2,1.0,0.0,1.0,0,0,0
fashion_mnist,20,2,mixed_maturity,access_full,dirichlet_lcb,diverse_then_repeat_backdoor,0.5,0,38,0.8398,0.646,0.08246666164933324,2,2,1.0,0.0,1.0,0,0,0
fashion_mnist,20,2,mixed_maturity,access_full,dirichlet_lcb,diverse_then_repeat_backdoor,0.5,0,39,0.8296,0.67,0.08246666164933322,2,2,1.0,0.0,1.0,0,0,0
fashion_mnist,20,2,mixed_maturity,access_full,dirichlet_lcb,diverse_then_repeat_backdoor,0.5,0,40,0.839,0.6593333333333333,0.08246666164933324,2,2,1.0,0.0,1.0,0,0,0
fashion_mnist,20,2,mixed_maturity,access_full,dirichlet_lcb,diverse_then_repeat_backdoor,0.5,0,41,0.8352,0.6462222222222223,0.08246666164933324,2,2,1.0,0.0,1.0,0,0,0
fashion_mnist,20,2,mixed_maturity,access_full,dirichlet_lcb,diverse_then_repeat_backdoor,0.5,0,42,0.8348,0.6613333333333333,0.08246666164933322,2,2,1.0,0.0,1.0,0,0,0
fashion_mnist,20,2,mixed_maturity,access_full,dirichlet_lcb,diverse_then_repeat_backdoor,0.5,0,43,0.8378,0.6828888888888889,0.08246666164933324,2,2,1.0,0.0,1.0,0,0,0
fashion_mnist,20,2,mixed_maturity,access_full,dirichlet_lcb,diverse_then_repeat_backdoor,0.5,0,44,0.8392,0.6453333333333333,0.08246666164933322,2,2,1.0,0.0,1.0,0,0,0
fashion_mnist,20,2,mixed_maturity,access_full,dirichlet_lcb,diverse_then_repeat_backdoor,0.5,0,45,0.8424,0.6817777777777778,0.08246666164933325,2,2,1.0,0.0,1.0,0,0,0
fashion_mnist,20,2,mixed_maturity,access_full,dirichlet_lcb,diverse_then_repeat_backdoor,0.5,0,46,0.8386,0.6944444444444444,0.08246666164933322,2,2,1.0,0.0,1.0,0,0,0
fashion_mnist,20,2,mixed_maturity,access_full,dirichlet_lcb,diverse_then_repeat_backdoor,0.5,0,47,0.8382,0.6728888888888889,0.08246666164933324,2,2,1.0,0.0,1.0,0,0,0
fashion_mnist,20,2,mixed_maturity,access_full,dirichlet_lcb,diverse_then_repeat_backdoor,0.5,0,48,0.84,0.702,0.08246666164933322,2,2,1.0,0.0,1.0,0,0,0
fashion_mnist,20,2,mixed_maturity,access_full,dirichlet_lcb,diverse_then_repeat_backdoor,0.5,0,49,0.8388,0.7157777777777777,0.08246666164933324,2,2,1.0,0.0,1.0,0,0,0
fashion_mnist,20,2,mixed_maturity,access_full,dirichlet_lcb,diverse_then_repeat_backdoor,0.5,0,50,0.8418,0.7248888888888889,0.08246666164933322,2,2,1.0,0.0,1.0,0,0,0
fashion_mnist,20,2,mixed_maturity,access_full,dirichlet_lcb,diverse_then_repeat_backdoor,0.5,1,1,0.7556,0.04088888888888889,0.07646488544093837,2,2,1.0,1.0,0.0,0,0,0
fashion_mnist,20,2,mixed_maturity,access_full,dirichlet_lcb,diverse_then_repeat_backdoor,0.5,1,2,0.7942,0.050666666666666665,0.07646488544093838,2,2,1.0,1.0,0.0,0,0,0
fashion_mnist,20,2,mixed_maturity,access_full,dirichlet_lcb,diverse_then_repeat_backdoor,0.5,1,3,0.7978,0.06644444444444444,0.07646488544093837,2,2,1.0,1.0,0.0,0,0,0
fashion_mnist,20,2,mixed_maturity,access_full,dirichlet_lcb,diverse_then_repeat_backdoor,0.5,1,4,0.8072,0.07177777777777777,0.07646488544093837,2,2,1.0,1.0,0.0,0,0,0
fashion_mnist,20,2,mixed_maturity,access_full,dirichlet_lcb,diverse_then_repeat_backdoor,0.5,1,5,0.8194,0.11288888888888889,0.14206666857933334,2,2,1.0,0.0,1.0,0,0,0
fashion_mnist,20,2,mixed_maturity,access_full,dirichlet_lcb,diverse_then_repeat_backdoor,0.5,1,6,0.8214,0.1751111111111111,0.1420666685793333,2,2,1.0,0.0,1.0,0,0,0
fashion_mnist,20,2,mixed_maturity,access_full,dirichlet_lcb,diverse_then_repeat_backdoor,0.5,1,7,0.8212,0.23466666666666666,0.1420666685793333,2,2,1.0,0.0,1.0,0,0,0
fashion_mnist,20,2,mixed_maturity,access_full,dirichlet_lcb,diverse_then_repeat_backdoor,0.5,1,8,0.8242,0.29733333333333334,0.14206666857933334,2,2,1.0,0.0,1.0,0,0,0
fashion_mnist,20,2,mixed_maturity,access_full,dirichlet_lcb,diverse_then_repeat_backdoor,0.5,1,9,0.818,0.32555555555555554,0.1420666685793333,2,2,1.0,0.0,1.0,0,0,0
fashion_mnist,20,2,mixed_maturity,access_full,dirichlet_lcb,diverse_then_repeat_backdoor,0.5,1,10,0.827,0.398,0.14206666857933334,2,2,1.0,0.0,1.0,0,0,0
fashion_mnist,20,2,mixed_maturity,access_full,dirichlet_lcb,diverse_then_repeat_backdoor,0.5,1,11,0.8306,0.40555555555555556,0.1420666685793333,2,2,1.0,0.0,1.0,0,0,0
fashion_mnist,20,2,mixed_maturity,access_full,dirichlet_lcb,diverse_then_repeat_backdoor,0.5,1,12,0.8202,0.5024444444444445,0.1420666685793333,2,2,1.0,0.0,1.0,0,0,0
fashion_mnist,20,2,mixed_maturity,access_full,dirichlet_lcb,diverse_then_repeat_backdoor,0.5,1,13,0.8228,0.506,0.1420666685793333,2,2,1.0,0.0,1.0,0,0,0
fashion_mnist,20,2,mixed_maturity,access_full,dirichlet_lcb,diverse_then_repeat_backdoor,0.5,1,14,0.8296,0.5346666666666666,0.14206666857933334,2,2,1.0,0.0,1.0,0,0,0
fashion_mnist,20,2,mixed_maturity,access_full,dirichlet_lcb,diverse_then_repeat_backdoor,0.5,1,15,0.8276,0.5988888888888889,0.14206666857933334,2,2,1.0,0.0,1.0,0,0,0
fashion_mnist,20,2,mixed_maturity,access_full,dirichlet_lcb,diverse_then_repeat_backdoor,0.5,1,16,0.8294,0.5955555555555555,0.14206666857933334,2,2,1.0,0.0,1.0,0,0,0
fashion_mnist,20,2,mixed_maturity,access_full,dirichlet_lcb,diverse_then_repeat_backdoor,0.5,1,17,0.8298,0.6486666666666666,0.1420666685793333,2,2,1.0,0.0,1.0,0,0,0
fashion_mnist,20,2,mixed_maturity,access_full,dirichlet_lcb,diverse_then_repeat_backdoor,0.5,1,18,0.8344,0.6386666666666667,0.1420666685793333,2,2,1.0,0.0,1.0,0,0,0
fashion_mnist,20,2,mixed_maturity,access_full,dirichlet_lcb,diverse_then_repeat_backdoor,0.5,1,19,0.8356,0.6748888888888889,0.1420666685793333,2,2,1.0,0.0,1.0,0,0,0
fashion_mnist,20,2,mixed_maturity,access_full,dirichlet_lcb,diverse_then_repeat_backdoor,0.5,1,20,0.8342,0.7362222222222222,0.1420666685793333,2,2,1.0,0.0,1.0,0,0,0
fashion_mnist,20,2,mixed_maturity,access_full,dirichlet_lcb,diverse_then_repeat_backdoor,0.5,1,21,0.826,0.7353333333333333,0.1420666685793333,2,2,1.0,0.0,1.0,0,0,0
fashion_mnist,20,2,mixed_maturity,access_full,dirichlet_lcb,diverse_then_repeat_backdoor,0.5,1,22,0.8306,0.7108888888888889,0.14206666857933334,2,2,1.0,0.0,1.0,0,0,0
fashion_mnist,20,2,mixed_maturity,access_full,dirichlet_lcb,diverse_then_repeat_backdoor,0.5,1,23,0.8298,0.7188888888888889,0.1420666685793333,2,2,1.0,0.0,1.0,0,0,0
fashion_mnist,20,2,mixed_maturity,access_full,dirichlet_lcb,diverse_then_repeat_backdoor,0.5,1,24,0.8318,0.7457777777777778,0.1420666685793333,2,2,1.0,0.0,1.0,0,0,0
fashion_mnist,20,2,mixed_maturity,access_full,dirichlet_lcb,diverse_then_repeat_backdoor,0.5,1,25,0.8328,0.7397777777777778,0.14206666857933334,2,2,1.0,0.0,1.0,0,0,0
fashion_mnist,20,2,mixed_maturity,access_full,dirichlet_lcb,diverse_then_repeat_backdoor,0.5,1,26,0.8326,0.7813333333333333,0.14206666857933334,2,2,1.0,0.0,1.0,0,0,0
fashion_mnist,20,2,mixed_maturity,access_full,dirichlet_lcb,diverse_then_repeat_backdoor,0.5,1,27,0.8332,0.8246666666666667,0.14206666857933334,2,2,1.0,0.0,1.0,0,0,0
fashion_mnist,20,2,mixed_maturity,access_full,dirichlet_lcb,diverse_then_repeat_backdoor,0.5,1,28,0.8366,0.8035555555555556,0.1420666685793333,2,2,1.0,0.0,1.0,0,0,0
fashion_mnist,20,2,mixed_maturity,access_full,dirichlet_lcb,diverse_then_repeat_backdoor,0.5,1,29,0.8386,0.8224444444444444,0.1420666685793333,2,2,1.0,0.0,1.0,0,0,0
fashion_mnist,20,2,mixed_maturity,access_full,dirichlet_lcb,diverse_then_repeat_backdoor,0.5,1,30,0.8386,0.8213333333333334,0.14206666857933334,2,2,1.0,0.0,1.0,0,0,0
fashion_mnist,20,2,mixed_maturity,access_full,dirichlet_lcb,diverse_then_repeat_backdoor,0.5,1,31,0.833,0.8453333333333334,0.14206666857933334,2,2,1.0,0.0,1.0,0,0,0
fashion_mnist,20,2,mixed_maturity,access_full,dirichlet_lcb,diverse_then_repeat_backdoor,0.5,1,32,0.8368,0.8124444444444444,0.14206666857933334,2,2,1.0,0.0,1.0,0,0,0
fashion_mnist,20,2,mixed_maturity,access_full,dirichlet_lcb,diverse_then_repeat_backdoor,0.5,1,33,0.8348,0.8648888888888889,0.14206666857933326,2,2,1.0,0.0,1.0,0,0,0
fashion_mnist,20,2,mixed_maturity,access_full,dirichlet_lcb,diverse_then_repeat_backdoor,0.5,1,34,0.8398,0.8553333333333333,0.1420666685793333,2,2,1.0,0.0,1.0,0,0,0
fashion_mnist,20,2,mixed_maturity,access_full,dirichlet_lcb,diverse_then_repeat_backdoor,0.5,1,35,0.8378,0.8442222222222222,0.14206666857933334,2,2,1.0,0.0,1.0,0,0,0
fashion_mnist,20,2,mixed_maturity,access_full,dirichlet_lcb,diverse_then_repeat_backdoor,0.5,1,36,0.8402,0.8635555555555555,0.1420666685793333,2,2,1.0,0.0,1.0,0,0,0
fashion_mnist,20,2,mixed_maturity,access_full,dirichlet_lcb,diverse_then_repeat_backdoor,0.5,1,37,0.841,0.8806666666666667,0.14206666857933326,2,2,1.0,0.0,1.0,0,0,0
fashion_mnist,20,2,mixed_maturity,access_full,dirichlet_lcb,diverse_then_repeat_backdoor,0.5,1,38,0.839,0.8822222222222222,0.1420666685793333,2,2,1.0,0.0,1.0,0,0,0
fashion_mnist,20,2,mixed_maturity,access_full,dirichlet_lcb,diverse_then_repeat_backdoor,0.5,1,39,0.8406,0.8806666666666667,0.14206666857933326,2,2,1.0,0.0,1.0,0,0,0
fashion_mnist,20,2,mixed_maturity,access_full,dirichlet_lcb,diverse_then_repeat_backdoor,0.5,1,40,0.837,0.8862222222222222,0.14206666857933334,2,2,1.0,0.0,1.0,0,0,0
fashion_mnist,20,2,mixed_maturity,access_full,dirichlet_lcb,diverse_then_repeat_backdoor,0.5,1,41,0.829,0.8628888888888889,0.14206666857933334,2,2,1.0,0.0,1.0,0,0,0
fashion_mnist,20,2,mixed_maturity,access_full,dirichlet_lcb,diverse_then_repeat_backdoor,0.5,1,42,0.8338,0.8791111111111111,0.1420666685793333,2,2,1.0,0.0,1.0,0,0,0
fashion_mnist,20,2,mixed_maturity,access_full,dirichlet_lcb,diverse_then_repeat_backdoor,0.5,1,43,0.834,0.8995555555555556,0.1420666685793333,2,2,1.0,0.0,1.0,0,0,0
fashion_mnist,20,2,mixed_maturity,access_full,dirichlet_lcb,diverse_then_repeat_backdoor,0.5,1,44,0.8272,0.9133333333333333,0.1420666685793333,2,2,1.0,0.0,1.0,0,0,0
fashion_mnist,20,2,mixed_maturity,access_full,dirichlet_lcb,diverse_then_repeat_backdoor,0.5,1,45,0.8424,0.9068888888888889,0.14206666857933334,2,2,1.0,0.0,1.0,0,0,0
fashion_mnist,20,2,mixed_maturity,access_full,dirichlet_lcb,diverse_then_repeat_backdoor,0.5,1,46,0.8412,0.906,0.14206666857933334,2,2,1.0,0.0,1.0,0,0,0
fashion_mnist,20,2,mixed_maturity,access_full,dirichlet_lcb,diverse_then_repeat_backdoor,0.5,1,47,0.8386,0.9337777777777778,0.1420666685793333,2,2,1.0,0.0,1.0,0,0,0
fashion_mnist,20,2,mixed_maturity,access_full,dirichlet_lcb,diverse_then_repeat_backdoor,0.5,1,48,0.84,0.8991111111111111,0.1420666685793333,2,2,1.0,0.0,1.0,0,0,0
fashion_mnist,20,2,mixed_maturity,access_full,dirichlet_lcb,diverse_then_repeat_backdoor,0.5,1,49,0.8384,0.924,0.1420666685793333,2,2,1.0,0.0,1.0,0,0,0
fashion_mnist,20,2,mixed_maturity,access_full,dirichlet_lcb,diverse_then_repeat_backdoor,0.5,1,50,0.8354,0.9217777777777778,0.1420666685793333,2,2,1.0,0.0,1.0,0,0,0
fashion_mnist,20,2,mixed_maturity,access_full,dirichlet_lcb,diverse_then_repeat_backdoor,0.5,2,1,0.7684,0.032,0.049574917964175666,2,2,1.0,1.0,0.0,0,0,0
fashion_mnist,20,2,mixed_maturity,access_full,dirichlet_lcb,diverse_then_repeat_backdoor,0.5,2,2,0.8018,0.041777777777777775,0.049574917964175666,2,2,1.0,1.0,0.0,0,0,0
fashion_mnist,20,2,mixed_maturity,access_full,dirichlet_lcb,diverse_then_repeat_backdoor,0.5,2,3,0.8166,0.03266666666666666,0.049574917964175666,2,2,1.0,1.0,0.0,0,0,0
fashion_mnist,20,2,mixed_maturity,access_full,dirichlet_lcb,diverse_then_repeat_backdoor,0.5,2,4,0.815,0.043555555555555556,0.049574917964175666,2,2,1.0,1.0,0.0,0,0,0
fashion_mnist,20,2,mixed_maturity,access_full,dirichlet_lcb,diverse_then_repeat_backdoor,0.5,2,5,0.8236,0.07844444444444444,0.09446666811066665,2,2,1.0,0.0,1.0,0,0,0
fashion_mnist,20,2,mixed_maturity,access_full,dirichlet_lcb,diverse_then_repeat_backdoor,0.5,2,6,0.8218,0.08577777777777777,0.09446666811066665,2,2,1.0,0.0,1.0,0,0,0
fashion_mnist,20,2,mixed_maturity,access_full,dirichlet_lcb,diverse_then_repeat_backdoor,0.5,2,7,0.8266,0.11066666666666666,0.09446666811066663,2,2,1.0,0.0,1.0,0,0,0
fashion_mnist,20,2,mixed_maturity,access_full,dirichlet_lcb,diverse_then_repeat_backdoor,0.5,2,8,0.8198,0.1351111111111111,0.09446666811066665,2,2,1.0,0.0,1.0,0,0,0
fashion_mnist,20,2,mixed_maturity,access_full,dirichlet_lcb,diverse_then_repeat_backdoor,0.5,2,9,0.8222,0.15311111111111111,0.09446666811066663,2,2,1.0,0.0,1.0,0,0,0
fashion_mnist,20,2,mixed_maturity,access_full,dirichlet_lcb,diverse_then_repeat_backdoor,0.5,2,10,0.829,0.2111111111111111,0.09446666811066665,2,2,1.0,0.0,1.0,0,0,0
fashion_mnist,20,2,mixed_maturity,access_full,dirichlet_lcb,diverse_then_repeat_backdoor,0.5,2,11,0.832,0.23533333333333334,0.09446666811066663,2,2,1.0,0.0,1.0,0,0,0
fashion_mnist,20,2,mixed_maturity,access_full,dirichlet_lcb,diverse_then_repeat_backdoor,0.5,2,12,0.8302,0.2782222222222222,0.09446666811066665,2,2,1.0,0.0,1.0,0,0,0
fashion_mnist,20,2,mixed_maturity,access_full,dirichlet_lcb,diverse_then_repeat_backdoor,0.5,2,13,0.8314,0.3011111111111111,0.09446666811066665,2,2,1.0,0.0,1.0,0,0,0
fashion_mnist,20,2,mixed_maturity,access_full,dirichlet_lcb,diverse_then_repeat_backdoor,0.5,2,14,0.8334,0.3091111111111111,0.09446666811066663,2,2,1.0,0.0,1.0,0,0,0
fashion_mnist,20,2,mixed_maturity,access_full,dirichlet_lcb,diverse_then_repeat_backdoor,0.5,2,15,0.8292,0.3382222222222222,0.09446666811066663,2,2,1.0,0.0,1.0,0,0,0
fashion_mnist,20,2,mixed_maturity,access_full,dirichlet_lcb,diverse_then_repeat_backdoor,0.5,2,16,0.8298,0.36866666666666664,0.09446666811066665,2,2,1.0,0.0,1.0,0,0,0
fashion_mnist,20,2,mixed_maturity,access_full,dirichlet_lcb,diverse_then_repeat_backdoor,0.5,2,17,0.8338,0.4862222222222222,0.09446666811066665,2,2,1.0,0.0,1.0,0,0,0
fashion_mnist,20,2,mixed_maturity,access_full,dirichlet_lcb,diverse_then_repeat_backdoor,0.5,2,18,0.8336,0.44866666666666666,0.09446666811066663,2,2,1.0,0.0,1.0,0,0,0
fashion_mnist,20,2,mixed_maturity,access_full,dirichlet_lcb,diverse_then_repeat_backdoor,0.5,2,19,0.8344,0.5395555555555556,0.09446666811066665,2,2,1.0,0.0,1.0,0,0,0
fashion_mnist,20,2,mixed_maturity,access_full,dirichlet_lcb,diverse_then_repeat_backdoor,0.5,2,20,0.835,0.4988888888888889,0.09446666811066665,2,2,1.0,0.0,1.0,0,0,0
fashion_mnist,20,2,mixed_maturity,access_full,dirichlet_lcb,diverse_then_repeat_backdoor,0.5,2,21,0.8342,0.5175555555555555,0.09446666811066665,2,2,1.0,0.0,1.0,0,0,0
fashion_mnist,20,2,mixed_maturity,access_full,dirichlet_lcb,diverse_then_repeat_backdoor,0.5,2,22,0.8382,0.5517777777777778,0.09446666811066665,2,2,1.0,0.0,1.0,0,0,0
fashion_mnist,20,2,mixed_maturity,access_full,dirichlet_lcb,diverse_then_repeat_backdoor,0.5,2,23,0.8374,0.5966666666666667,0.09446666811066663,2,2,1.0,0.0,1.0,0,0,0
fashion_mnist,20,2,mixed_maturity,access_full,dirichlet_lcb,diverse_then_repeat_backdoor,0.5,2,24,0.8342,0.5646666666666667,0.09446666811066665,2,2,1.0,0.0,1.0,0,0,0
fashion_mnist,20,2,mixed_maturity,access_full,dirichlet_lcb,diverse_then_repeat_backdoor,0.5,2,25,0.8362,0.6166666666666667,0.09446666811066665,2,2,1.0,0.0,1.0,0,0,0
fashion_mnist,20,2,mixed_maturity,access_full,dirichlet_lcb,diverse_then_repeat_backdoor,0.5,2,26,0.8334,0.5742222222222222,0.09446666811066663,2,2,1.0,0.0,1.0,0,0,0
fashion_mnist,20,2,mixed_maturity,access_full,dirichlet_lcb,diverse_then_repeat_backdoor,0.5,2,27,0.841,0.6308888888888889,0.09446666811066665,2,2,1.0,0.0,1.0,0,0,0
fashion_mnist,20,2,mixed_maturity,access_full,dirichlet_lcb,diverse_then_repeat_backdoor,0.5,2,28,0.8342,0.6231111111111111,0.09446666811066665,2,2,1.0,0.0,1.0,0,0,0
fashion_mnist,20,2,mixed_maturity,access_full,dirichlet_lcb,diverse_then_repeat_backdoor,0.5,2,29,0.8382,0.6526666666666666,0.09446666811066665,2,2,1.0,0.0,1.0,0,0,0
fashion_mnist,20,2,mixed_maturity,access_full,dirichlet_lcb,diverse_then_repeat_backdoor,0.5,2,30,0.8376,0.6471111111111111,0.09446666811066665,2,2,1.0,0.0,1.0,0,0,0
fashion_mnist,20,2,mixed_maturity,access_full,dirichlet_lcb,diverse_then_repeat_backdoor,0.5,2,31,0.8388,0.6653333333333333,0.09446666811066665,2,2,1.0,0.0,1.0,0,0,0
fashion_mnist,20,2,mixed_maturity,access_full,dirichlet_lcb,diverse_then_repeat_backdoor,0.5,2,32,0.8434,0.6953333333333334,0.09446666811066665,2,2,1.0,0.0,1.0,0,0,0
fashion_mnist,20,2,mixed_maturity,access_full,dirichlet_lcb,diverse_then_repeat_backdoor,0.5,2,33,0.8384,0.6953333333333334,0.09446666811066665,2,2,1.0,0.0,1.0,0,0,0
fashion_mnist,20,2,mixed_maturity,access_full,dirichlet_lcb,diverse_then_repeat_backdoor,0.5,2,34,0.8384,0.7293333333333333,0.09446666811066665,2,2,1.0,0.0,1.0,0,0,0
fashion_mnist,20,2,mixed_maturity,access_full,dirichlet_lcb,diverse_then_repeat_backdoor,0.5,2,35,0.8444,0.7208888888888889,0.09446666811066665,2,2,1.0,0.0,1.0,0,0,0
fashion_mnist,20,2,mixed_maturity,access_full,dirichlet_lcb,diverse_then_repeat_backdoor,0.5,2,36,0.8348,0.7228888888888889,0.09446666811066663,2,2,1.0,0.0,1.0,0,0,0
fashion_mnist,20,2,mixed_maturity,access_full,dirichlet_lcb,diverse_then_repeat_backdoor,0.5,2,37,0.8426,0.756,0.09446666811066665,2,2,1.0,0.0,1.0,0,0,0
fashion_mnist,20,2,mixed_maturity,access_full,dirichlet_lcb,diverse_then_repeat_backdoor,0.5,2,38,0.836,0.7148888888888889,0.09446666811066665,2,2,1.0,0.0,1.0,0,0,0
fashion_mnist,20,2,mixed_maturity,access_full,dirichlet_lcb,diverse_then_repeat_backdoor,0.5,2,39,0.8412,0.7413333333333333,0.09446666811066665,2,2,1.0,0.0,1.0,0,0,0
fashion_mnist,20,2,mixed_maturity,access_full,dirichlet_lcb,diverse_then_repeat_backdoor,0.5,2,40,0.8448,0.7624444444444445,0.09446666811066663,2,2,1.0,0.0,1.0,0,0,0
fashion_mnist,20,2,mixed_maturity,access_full,dirichlet_lcb,diverse_then_repeat_backdoor,0.5,2,41,0.8402,0.7495555555555555,0.09446666811066665,2,2,1.0,0.0,1.0,0,0,0
fashion_mnist,20,2,mixed_maturity,access_full,dirichlet_lcb,diverse_then_repeat_backdoor,0.5,2,42,0.8374,0.7446666666666667,0.09446666811066665,2,2,1.0,0.0,1.0,0,0,0
fashion_mnist,20,2,mixed_maturity,access_full,dirichlet_lcb,diverse_then_repeat_backdoor,0.5,2,43,0.8294,0.7486666666666667,0.09446666811066665,2,2,1.0,0.0,1.0,0,0,0
fashion_mnist,20,2,mixed_maturity,access_full,dirichlet_lcb,diverse_then_repeat_backdoor,0.5,2,44,0.8416,0.7737777777777778,0.09446666811066665,2,2,1.0,0.0,1.0,0,0,0
fashion_mnist,20,2,mixed_maturity,access_full,dirichlet_lcb,diverse_then_repeat_backdoor,0.5,2,45,0.8386,0.7815555555555556,0.09446666811066665,2,2,1.0,0.0,1.0,0,0,0
fashion_mnist,20,2,mixed_maturity,access_full,dirichlet_lcb,diverse_then_repeat_backdoor,0.5,2,46,0.8426,0.7855555555555556,0.09446666811066665,2,2,1.0,0.0,1.0,0,0,0
fashion_mnist,20,2,mixed_maturity,access_full,dirichlet_lcb,diverse_then_repeat_backdoor,0.5,2,47,0.834,0.7842222222222223,0.09446666811066665,2,2,1.0,0.0,1.0,0,0,0
fashion_mnist,20,2,mixed_maturity,access_full,dirichlet_lcb,diverse_then_repeat_backdoor,0.5,2,48,0.8466,0.7817777777777778,0.09446666811066663,2,2,1.0,0.0,1.0,0,0,0
fashion_mnist,20,2,mixed_maturity,access_full,dirichlet_lcb,diverse_then_repeat_backdoor,0.5,2,49,0.842,0.7813333333333333,0.09446666811066665,2,2,1.0,0.0,1.0,0,0,0
fashion_mnist,20,2,mixed_maturity,access_full,dirichlet_lcb,diverse_then_repeat_backdoor,0.5,2,50,0.8386,0.7837777777777778,0.09446666811066665,2,2,1.0,0.0,1.0,0,0,0
fashion_mnist,20,2,mixed_maturity,access_full,dirichlet_lcb,diverse_then_repeat_backdoor,0.5,3,1,0.7664,0.027777777777777776,0.07000508177508405,2,2,1.0,1.0,0.0,0,0,0
fashion_mnist,20,2,mixed_maturity,access_full,dirichlet_lcb,diverse_then_repeat_backdoor,0.5,3,2,0.7792,0.010666666666666666,0.07000508177508406,2,2,1.0,1.0,0.0,0,0,0
fashion_mnist,20,2,mixed_maturity,access_full,dirichlet_lcb,diverse_then_repeat_backdoor,0.5,3,3,0.802,0.03177777777777778,0.07000508177508406,2,2,1.0,1.0,0.0,0,0,0
fashion_mnist,20,2,mixed_maturity,access_full,dirichlet_lcb,diverse_then_repeat_backdoor,0.5,3,4,0.8142,0.059333333333333335,0.07000508177508406,2,2,1.0,1.0,0.0,0,0,0
fashion_mnist,20,2,mixed_maturity,access_full,dirichlet_lcb,diverse_then_repeat_backdoor,0.5,3,5,0.8126,0.07844444444444444,0.13084999869150002,2,2,1.0,0.0,1.0,0,0,0
fashion_mnist,20,2,mixed_maturity,access_full,dirichlet_lcb,diverse_then_repeat_backdoor,0.5,3,6,0.8146,0.13844444444444445,0.13084999869150002,2,2,1.0,0.0,1.0,0,0,0
fashion_mnist,20,2,mixed_maturity,access_full,dirichlet_lcb,diverse_then_repeat_backdoor,0.5,3,7,0.8212,0.17644444444444443,0.13084999869150002,2,2,1.0,0.0,1.0,0,0,0
fashion_mnist,20,2,mixed_maturity,access_full,dirichlet_lcb,diverse_then_repeat_backdoor,0.5,3,8,0.8306,0.24755555555555556,0.1308499986915,2,2,1.0,0.0,1.0,0,0,0
fashion_mnist,20,2,mixed_maturity,access_full,dirichlet_lcb,diverse_then_repeat_backdoor,0.5,3,9,0.823,0.2797777777777778,0.13084999869150002,2,2,1.0,0.0,1.0,0,0,0
fashion_mnist,20,2,mixed_maturity,access_full,dirichlet_lcb,diverse_then_repeat_backdoor,0.5,3,10,0.8306,0.3708888888888889,0.13084999869150002,2,2,1.0,0.0,1.0,0,0,0
fashion_mnist,20,2,mixed_maturity,access_full,dirichlet_lcb,diverse_then_repeat_backdoor,0.5,3,11,0.8292,0.3731111111111111,0.13084999869150002,2,2,1.0,0.0,1.0,0,0,0
fashion_mnist,20,2,mixed_maturity,access_full,dirichlet_lcb,diverse_then_repeat_backdoor,0.5,3,12,0.8308,0.45066666666666666,0.13084999869150002,2,2,1.0,0.0,1.0,0,0,0
fashion_mnist,20,2,mixed_maturity,access_full,dirichlet_lcb,diverse_then_repeat_backdoor,0.5,3,13,0.8318,0.482,0.13084999869150002,2,2,1.0,0.0,1.0,0,0,0
fashion_mnist,20,2,mixed_maturity,access_full,dirichlet_lcb,diverse_then_repeat_backdoor,0.5,3,14,0.8316,0.5006666666666667,0.13084999869150002,2,2,1.0,0.0,1.0,0,0,0
fashion_mnist,20,2,mixed_maturity,access_full,dirichlet_lcb,diverse_then_repeat_backdoor,0.5,3,15,0.8236,0.4631111111111111,0.13084999869150002,2,2,1.0,0.0,1.0,0,0,0
fashion_mnist,20,2,mixed_maturity,access_full,dirichlet_lcb,diverse_then_repeat_backdoor,0.5,3,16,0.8334,0.5784444444444444,0.13084999869150002,2,2,1.0,0.0,1.0,0,0,0
fashion_mnist,20,2,mixed_maturity,access_full,dirichlet_lcb,diverse_then_repeat_backdoor,0.5,3,17,0.836,0.5788888888888889,0.13084999869150002,2,2,1.0,0.0,1.0,0,0,0
fashion_mnist,20,2,mixed_maturity,access_full,dirichlet_lcb,diverse_then_repeat_backdoor,0.5,3,18,0.834,0.6113333333333333,0.13084999869150002,2,2,1.0,0.0,1.0,0,0,0
fashion_mnist,20,2,mixed_maturity,access_full,dirichlet_lcb,diverse_then_repeat_backdoor,0.5,3,19,0.8362,0.6464444444444445,0.13084999869150002,2,2,1.0,0.0,1.0,0,0,0
fashion_mnist,20,2,mixed_maturity,access_full,dirichlet_lcb,diverse_then_repeat_backdoor,0.5,3,20,0.834,0.6451111111111111,0.13084999869150002,2,2,1.0,0.0,1.0,0,0,0
fashion_mnist,20,2,mixed_maturity,access_full,dirichlet_lcb,diverse_then_repeat_backdoor,0.5,3,21,0.823,0.6566666666666666,0.13084999869150002,2,2,1.0,0.0,1.0,0,0,0
fashion_mnist,20,2,mixed_maturity,access_full,dirichlet_lcb,diverse_then_repeat_backdoor,0.5,3,22,0.833,0.6735555555555556,0.13084999869150002,2,2,1.0,0.0,1.0,0,0,0
fashion_mnist,20,2,mixed_maturity,access_full,dirichlet_lcb,diverse_then_repeat_backdoor,0.5,3,23,0.815,0.6575555555555556,0.13084999869150002,2,2,1.0,0.0,1.0,0,0,0
fashion_mnist,20,2,mixed_maturity,access_full,dirichlet_lcb,diverse_then_repeat_backdoor,0.5,3,24,0.8366,0.7195555555555555,0.13084999869150005,2,2,1.0,0.0,1.0,0,0,0
fashion_mnist,20,2,mixed_maturity,access_full,dirichlet_lcb,diverse_then_repeat_backdoor,0.5,3,25,0.8318,0.7328888888888889,0.13084999869150005,2,2,1.0,0.0,1.0,0,0,0
fashion_mnist,20,2,mixed_maturity,access_full,dirichlet_lcb,diverse_then_repeat_backdoor,0.5,3,26,0.8272,0.7026666666666667,0.13084999869150002,2,2,1.0,0.0,1.0,0,0,0
fashion_mnist,20,2,mixed_maturity,access_full,dirichlet_lcb,diverse_then_repeat_backdoor,0.5,3,27,0.8398,0.7428888888888889,0.13084999869150002,2,2,1.0,0.0,1.0,0,0,0
fashion_mnist,20,2,mixed_maturity,access_full,dirichlet_lcb,diverse_then_repeat_backdoor,0.5,3,28,0.8396,0.7804444444444445,0.13084999869150002,2,2,1.0,0.0,1.0,0,0,0
fashion_mnist,20,2,mixed_maturity,access_full,dirichlet_lcb,diverse_then_repeat_backdoor,0.5,3,29,0.8366,0.7375555555555555,0.13084999869150005,2,2,1.0,0.0,1.0,0,0,0
fashion_mnist,20,2,mixed_maturity,access_full,dirichlet_lcb,diverse_then_repeat_backdoor,0.5,3,30,0.8266,0.7857777777777778,0.13084999869150002,2,2,1.0,0.0,1.0,0,0,0
fashion_mnist,20,2,mixed_maturity,access_full,dirichlet_lcb,diverse_then_repeat_backdoor,0.5,3,31,0.8356,0.8188888888888889,0.13084999869150002,2,2,1.0,0.0,1.0,0,0,0
fashion_mnist,20,2,mixed_maturity,access_full,dirichlet_lcb,diverse_then_repeat_backdoor,0.5,3,32,0.8378,0.7997777777777778,0.13084999869150005,2,2,1.0,0.0,1.0,0,0,0
fashion_mnist,20,2,mixed_maturity,access_full,dirichlet_lcb,diverse_then_repeat_backdoor,0.5,3,33,0.8336,0.7786666666666666,0.13084999869150002,2,2,1.0,0.0,1.0,0,0,0
fashion_mnist,20,2,mixed_maturity,access_full,dirichlet_lcb,diverse_then_repeat_backdoor,0.5,3,34,0.8408,0.8255555555555556,0.13084999869150002,2,2,1.0,0.0,1.0,0,0,0
fashion_mnist,20,2,mixed_maturity,access_full,dirichlet_lcb,diverse_then_repeat_backdoor,0.5,3,35,0.837,0.8255555555555556,0.13084999869150005,2,2,1.0,0.0,1.0,0,0,0
fashion_mnist,20,2,mixed_maturity,access_full,dirichlet_lcb,diverse_then_repeat_backdoor,0.5,3,36,0.8392,0.8053333333333333,0.13084999869150002,2,2,1.0,0.0,1.0,0,0,0
fashion_mnist,20,2,mixed_maturity,access_full,dirichlet_lcb,diverse_then_repeat_backdoor,0.5,3,37,0.836,0.7917777777777778,0.13084999869150002,2,2,1.0,0.0,1.0,0,0,0
fashion_mnist,20,2,mixed_maturity,access_full,dirichlet_lcb,diverse_then_repeat_backdoor,0.5,3,38,0.8348,0.8375555555555556,0.13084999869150002,2,2,1.0,0.0,1.0,0,0,0
fashion_mnist,20,2,mixed_maturity,access_full,dirichlet_lcb,diverse_then_repeat_backdoor,0.5,3,39,0.8366,0.8224444444444444,0.13084999869150002,2,2,1.0,0.0,1.0,0,0,0
fashion_mnist,20,2,mixed_maturity,access_full,dirichlet_lcb,diverse_then_repeat_backdoor,0.5,3,40,0.8336,0.806,0.13084999869150002,2,2,1.0,0.0,1.0,0,0,0
fashion_mnist,20,2,mixed_maturity,access_full,dirichlet_lcb,diverse_then_repeat_backdoor,0.5,3,41,0.8404,0.8562222222222222,0.13084999869150002,2,2,1.0,0.0,1.0,0,0,0
fashion_mnist,20,2,mixed_maturity,access_full,dirichlet_lcb,diverse_then_repeat_backdoor,0.5,3,42,0.835,0.8642222222222222,0.13084999869150002,2,2,1.0,0.0,1.0,0,0,0
fashion_mnist,20,2,mixed_maturity,access_full,dirichlet_lcb,diverse_then_repeat_backdoor,0.5,3,43,0.8416,0.8613333333333333,0.13084999869150002,2,2,1.0,0.0,1.0,0,0,0
fashion_mnist,20,2,mixed_maturity,access_full,dirichlet_lcb,diverse_then_repeat_backdoor,0.5,3,44,0.8312,0.8562222222222222,0.13084999869150002,2,2,1.0,0.0,1.0,0,0,0
fashion_mnist,20,2,mixed_maturity,access_full,dirichlet_lcb,diverse_then_repeat_backdoor,0.5,3,45,0.8394,0.8784444444444445,0.13084999869150002,2,2,1.0,0.0,1.0,0,0,0
fashion_mnist,20,2,mixed_maturity,access_full,dirichlet_lcb,diverse_then_repeat_backdoor,0.5,3,46,0.8416,0.87,0.13084999869150002,2,2,1.0,0.0,1.0,0,0,0
fashion_mnist,20,2,mixed_maturity,access_full,dirichlet_lcb,diverse_then_repeat_backdoor,0.5,3,47,0.8398,0.8675555555555555,0.13084999869150005,2,2,1.0,0.0,1.0,0,0,0
fashion_mnist,20,2,mixed_maturity,access_full,dirichlet_lcb,diverse_then_repeat_backdoor,0.5,3,48,0.841,0.8853333333333333,0.13084999869150002,2,2,1.0,0.0,1.0,0,0,0
fashion_mnist,20,2,mixed_maturity,access_full,dirichlet_lcb,diverse_then_repeat_backdoor,0.5,3,49,0.842,0.886,0.13084999869150002,2,2,1.0,0.0,1.0,0,0,0
fashion_mnist,20,2,mixed_maturity,access_full,dirichlet_lcb,diverse_then_repeat_backdoor,0.5,3,50,0.83,0.8595555555555555,0.13084999869150005,2,2,1.0,0.0,1.0,0,0,0
fashion_mnist,20,2,mixed_maturity,access_full,dirichlet_lcb,diverse_then_repeat_backdoor,0.5,4,1,0.7592,0.04733333333333333,0.03586689147602633,2,2,1.0,1.0,0.0,0,0,0
fashion_mnist,20,2,mixed_maturity,access_full,dirichlet_lcb,diverse_then_repeat_backdoor,0.5,4,2,0.7828,0.020444444444444446,0.03586689147602633,2,2,1.0,1.0,0.0,0,0,0
fashion_mnist,20,2,mixed_maturity,access_full,dirichlet_lcb,diverse_then_repeat_backdoor,0.5,4,3,0.8026,0.04088888888888889,0.03586689147602632,2,2,1.0,1.0,0.0,0,0,0
fashion_mnist,20,2,mixed_maturity,access_full,dirichlet_lcb,diverse_then_repeat_backdoor,0.5,4,4,0.8052,0.064,0.035866891476026314,2,2,1.0,1.0,0.0,0,0,0
fashion_mnist,20,2,mixed_maturity,access_full,dirichlet_lcb,diverse_then_repeat_backdoor,0.5,4,5,0.8154,0.072,0.06925000069250001,2,2,1.0,0.0,1.0,0,0,0
fashion_mnist,20,2,mixed_maturity,access_full,dirichlet_lcb,diverse_then_repeat_backdoor,0.5,4,6,0.8152,0.064,0.06925000069250001,2,2,1.0,0.0,1.0,0,0,0
fashion_mnist,20,2,mixed_maturity,access_full,dirichlet_lcb,diverse_then_repeat_backdoor,0.5,4,7,0.8234,0.12244444444444444,0.06925000069250001,2,2,1.0,0.0,1.0,0,0,0
fashion_mnist,20,2,mixed_maturity,access_full,dirichlet_lcb,diverse_then_repeat_backdoor,0.5,4,8,0.8246,0.13733333333333334,0.06925000069250001,2,2,1.0,0.0,1.0,0,0,0
fashion_mnist,20,2,mixed_maturity,access_full,dirichlet_lcb,diverse_then_repeat_backdoor,0.5,4,9,0.827,0.14822222222222223,0.06925000069250002,2,2,1.0,0.0,1.0,0,0,0
fashion_mnist,20,2,mixed_maturity,access_full,dirichlet_lcb,diverse_then_repeat_backdoor,0.5,4,10,0.8256,0.152,0.06925000069250001,2,2,1.0,0.0,1.0,0,0,0
fashion_mnist,20,2,mixed_maturity,access_full,dirichlet_lcb,diverse_then_repeat_backdoor,0.5,4,11,0.8306,0.1948888888888889,0.06925000069250002,2,2,1.0,0.0,1.0,0,0,0
fashion_mnist,20,2,mixed_maturity,access_full,dirichlet_lcb,diverse_then_repeat_backdoor,0.5,4,12,0.8258,0.15577777777777777,0.06925000069250002,2,2,1.0,0.0,1.0,0,0,0
fashion_mnist,20,2,mixed_maturity,access_full,dirichlet_lcb,diverse_then_repeat_backdoor,0.5,4,13,0.8274,0.23066666666666666,0.06925000069250001,2,2,1.0,0.0,1.0,0,0,0
fashion_mnist,20,2,mixed_maturity,access_full,dirichlet_lcb,diverse_then_repeat_backdoor,0.5,4,14,0.8288,0.258,0.06925000069250001,2,2,1.0,0.0,1.0,0,0,0
fashion_mnist,20,2,mixed_maturity,access_full,dirichlet_lcb,diverse_then_repeat_backdoor,0.5,4,15,0.831,0.2591111111111111,0.06925000069250002,2,2,1.0,0.0,1.0,0,0,0
fashion_mnist,20,2,mixed_maturity,access_full,dirichlet_lcb,diverse_then_repeat_backdoor,0.5,4,16,0.8294,0.26755555555555555,0.06925000069250001,2,2,1.0,0.0,1.0,0,0,0
fashion_mnist,20,2,mixed_maturity,access_full,dirichlet_lcb,diverse_then_repeat_backdoor,0.5,4,17,0.8224,0.36288888888888887,0.06925000069250001,2,2,1.0,0.0,1.0,0,0,0
fashion_mnist,20,2,mixed_maturity,access_full,dirichlet_lcb,diverse_then_repeat_backdoor,0.5,4,18,0.833,0.31377777777777777,0.06925000069250002,2,2,1.0,0.0,1.0,0,0,0
fashion_mnist,20,2,mixed_maturity,access_full,dirichlet_lcb,diverse_then_repeat_backdoor,0.5,4,19,0.8284,0.37422222222222223,0.06925000069250001,2,2,1.0,0.0,1.0,0,0,0
fashion_mnist,20,2,mixed_maturity,access_full,dirichlet_lcb,diverse_then_repeat_backdoor,0.5,4,20,0.8314,0.36088888888888887,0.06925000069250002,2,2,1.0,0.0,1.0,0,0,0
fashion_mnist,20,2,mixed_maturity,access_full,dirichlet_lcb,diverse_then_repeat_backdoor,0.5,4,21,0.83,0.3446666666666667,0.06925000069250002,2,2,1.0,0.0,1.0,0,0,0
fashion_mnist,20,2,mixed_maturity,access_full,dirichlet_lcb,diverse_then_repeat_backdoor,0.5,4,22,0.8344,0.43666666666666665,0.06925000069250002,2,2,1.0,0.0,1.0,0,0,0
fashion_mnist,20,2,mixed_maturity,access_full,dirichlet_lcb,diverse_then_repeat_backdoor,0.5,4,23,0.8344,0.40044444444444444,0.06925000069250001,2,2,1.0,0.0,1.0,0,0,0
fashion_mnist,20,2,mixed_maturity,access_full,dirichlet_lcb,diverse_then_repeat_backdoor,0.5,4,24,0.8314,0.456,0.06925000069250001,2,2,1.0,0.0,1.0,0,0,0
fashion_mnist,20,2,mixed_maturity,access_full,dirichlet_lcb,diverse_then_repeat_backdoor,0.5,4,25,0.8306,0.46155555555555555,0.06925000069250001,2,2,1.0,0.0,1.0,0,0,0
fashion_mnist,20,2,mixed_maturity,access_full,dirichlet_lcb,diverse_then_repeat_backdoor,0.5,4,26,0.8324,0.4266666666666667,0.06925000069250002,2,2,1.0,0.0,1.0,0,0,0
fashion_mnist,20,2,mixed_maturity,access_full,dirichlet_lcb,diverse_then_repeat_backdoor,0.5,4,27,0.8358,0.4582222222222222,0.06925000069250001,2,2,1.0,0.0,1.0,0,0,0
fashion_mnist,20,2,mixed_maturity,access_full,dirichlet_lcb,diverse_then_repeat_backdoor,0.5,4,28,0.83,0.48044444444444445,0.06925000069250002,2,2,1.0,0.0,1.0,0,0,0
fashion_mnist,20,2,mixed_maturity,access_full,dirichlet_lcb,diverse_then_repeat_backdoor,0.5,4,29,0.8278,0.5088888888888888,0.06925000069250002,2,2,1.0,0.0,1.0,0,0,0
fashion_mnist,20,2,mixed_maturity,access_full,dirichlet_lcb,diverse_then_repeat_backdoor,0.5,4,30,0.8376,0.5308888888888889,0.06925000069250001,2,2,1.0,0.0,1.0,0,0,0
fashion_mnist,20,2,mixed_maturity,access_full,dirichlet_lcb,diverse_then_repeat_backdoor,0.5,4,31,0.8288,0.5088888888888888,0.06925000069250002,2,2,1.0,0.0,1.0,0,0,0
fashion_mnist,20,2,mixed_maturity,access_full,dirichlet_lcb,diverse_then_repeat_backdoor,0.5,4,32,0.8302,0.4882222222222222,0.0692500006925,2,2,1.0,0.0,1.0,0,0,0
fashion_mnist,20,2,mixed_maturity,access_full,dirichlet_lcb,diverse_then_repeat_backdoor,0.5,4,33,0.8356,0.5668888888888889,0.06925000069250002,2,2,1.0,0.0,1.0,0,0,0
fashion_mnist,20,2,mixed_maturity,access_full,dirichlet_lcb,diverse_then_repeat_backdoor,0.5,4,34,0.8314,0.5477777777777778,0.06925000069250002,2,2,1.0,0.0,1.0,0,0,0
fashion_mnist,20,2,mixed_maturity,access_full,dirichlet_lcb,diverse_then_repeat_backdoor,0.5,4,35,0.8346,0.5862222222222222,0.06925000069250002,2,2,1.0,0.0,1.0,0,0,0
fashion_mnist,20,2,mixed_maturity,access_full,dirichlet_lcb,diverse_then_repeat_backdoor,0.5,4,36,0.8396,0.5688888888888889,0.06925000069250001,2,2,1.0,0.0,1.0,0,0,0
fashion_mnist,20,2,mixed_maturity,access_full,dirichlet_lcb,diverse_then_repeat_backdoor,0.5,4,37,0.8344,0.5771111111111111,0.06925000069250001,2,2,1.0,0.0,1.0,0,0,0
fashion_mnist,20,2,mixed_maturity,access_full,dirichlet_lcb,diverse_then_repeat_backdoor,0.5,4,38,0.8246,0.5235555555555556,0.06925000069250001,2,2,1.0,0.0,1.0,0,0,0
fashion_mnist,20,2,mixed_maturity,access_full,dirichlet_lcb,diverse_then_repeat_backdoor,0.5,4,39,0.8402,0.6042222222222222,0.06925000069250002,2,2,1.0,0.0,1.0,0,0,0
fashion_mnist,20,2,mixed_maturity,access_full,dirichlet_lcb,diverse_then_repeat_backdoor,0.5,4,40,0.8382,0.6111111111111112,0.06925000069250002,2,2,1.0,0.0,1.0,0,0,0
fashion_mnist,20,2,mixed_maturity,access_full,dirichlet_lcb,diverse_then_repeat_backdoor,0.5,4,41,0.8374,0.6397777777777778,0.06925000069250001,2,2,1.0,0.0,1.0,0,0,0
fashion_mnist,20,2,mixed_maturity,access_full,dirichlet_lcb,diverse_then_repeat_backdoor,0.5,4,42,0.8286,0.6115555555555555,0.06925000069250002,2,2,1.0,0.0,1.0,0,0,0
fashion_mnist,20,2,mixed_maturity,access_full,dirichlet_lcb,diverse_then_repeat_backdoor,0.5,4,43,0.8354,0.624,0.06925000069250001,2,2,1.0,0.0,1.0,0,0,0
fashion_mnist,20,2,mixed_maturity,access_full,dirichlet_lcb,diverse_then_repeat_backdoor,0.5,4,44,0.8372,0.6286666666666667,0.06925000069250002,2,2,1.0,0.0,1.0,0,0,0
fashion_mnist,20,2,mixed_maturity,access_full,dirichlet_lcb,diverse_then_repeat_backdoor,0.5,4,45,0.8394,0.6404444444444445,0.06925000069250002,2,2,1.0,0.0,1.0,0,0,0
fashion_mnist,20,2,mixed_maturity,access_full,dirichlet_lcb,diverse_then_repeat_backdoor,0.5,4,46,0.8396,0.664,0.06925000069250001,2,2,1.0,0.0,1.0,0,0,0
fashion_mnist,20,2,mixed_maturity,access_full,dirichlet_lcb,diverse_then_repeat_backdoor,0.5,4,47,0.8354,0.668,0.06925000069250002,2,2,1.0,0.0,1.0,0,0,0
fashion_mnist,20,2,mixed_maturity,access_full,dirichlet_lcb,diverse_then_repeat_backdoor,0.5,4,48,0.8386,0.6664444444444444,0.06925000069250001,2,2,1.0,0.0,1.0,0,0,0
fashion_mnist,20,2,mixed_maturity,access_full,dirichlet_lcb,diverse_then_repeat_backdoor,0.5,4,49,0.834,0.6884444444444444,0.06925000069250002,2,2,1.0,0.0,1.0,0,0,0
fashion_mnist,20,2,mixed_maturity,access_full,dirichlet_lcb,diverse_then_repeat_backdoor,0.5,4,50,0.8354,0.6822222222222222,0.06925000069250002,2,2,1.0,0.0,1.0,0,0,0
fashion_mnist,20,2,mixed_maturity,access_no_limited,dirichlet_lcb,benign_concept_drift,0.5,0,1,0.7468,0.0057777777777777775,0.08246666164933322,2,2,1.0,0.0,1.0,0,0,0
fashion_mnist,20,2,mixed_maturity,access_no_limited,dirichlet_lcb,benign_concept_drift,0.5,0,2,0.793,0.05311111111111111,0.08246666164933324,2,2,1.0,0.0,1.0,0,0,0
fashion_mnist,20,2,mixed_maturity,access_no_limited,dirichlet_lcb,benign_concept_drift,0.5,0,3,0.8046,0.010222222222222223,0.08246666164933322,2,2,1.0,0.0,1.0,0,0,0
fashion_mnist,20,2,mixed_maturity,access_no_limited,dirichlet_lcb,benign_concept_drift,0.5,0,4,0.7966,0.012,0.08246666164933322,2,2,1.0,0.0,1.0,0,0,0
fashion_mnist,20,2,mixed_maturity,access_no_limited,dirichlet_lcb,benign_concept_drift,0.5,0,5,0.818,0.015555555555555555,0.08246666164933322,2,2,1.0,0.0,1.0,0,0,0
fashion_mnist,20,2,mixed_maturity,access_no_limited,dirichlet_lcb,benign_concept_drift,0.5,0,6,0.8192,0.014888888888888889,0.08246666164933322,2,2,1.0,0.0,1.0,0,0,0
fashion_mnist,20,2,mixed_maturity,access_no_limited,dirichlet_lcb,benign_concept_drift,0.5,0,7,0.7948,0.007555555555555556,0.08246666164933322,2,2,1.0,0.0,1.0,0,0,0
fashion_mnist,20,2,mixed_maturity,access_no_limited,dirichlet_lcb,benign_concept_drift,0.5,0,8,0.812,0.009555555555555555,0.08246666164933324,2,2,1.0,0.0,1.0,0,0,0
fashion_mnist,20,2,mixed_maturity,access_no_limited,dirichlet_lcb,benign_concept_drift,0.5,0,9,0.8178,0.012222222222222223,0.08246666164933322,2,2,1.0,0.0,1.0,0,0,0
fashion_mnist,20,2,mixed_maturity,access_no_limited,dirichlet_lcb,benign_concept_drift,0.5,0,10,0.8268,0.012888888888888889,0.08246666164933322,2,2,1.0,0.0,1.0,0,0,0
fashion_mnist,20,2,mixed_maturity,access_no_limited,dirichlet_lcb,benign_concept_drift,0.5,0,11,0.8144,0.010222222222222223,0.08246666164933322,2,2,1.0,0.0,1.0,0,0,0
fashion_mnist,20,2,mixed_maturity,access_no_limited,dirichlet_lcb,benign_concept_drift,0.5,0,12,0.826,0.013111111111111112,0.08246666164933322,2,2,1.0,0.0,1.0,0,0,0
fashion_mnist,20,2,mixed_maturity,access_no_limited,dirichlet_lcb,benign_concept_drift,0.5,0,13,0.795,0.0044444444444444444,0.08246666164933324,2,2,1.0,0.0,1.0,0,0,0
fashion_mnist,20,2,mixed_maturity,access_no_limited,dirichlet_lcb,benign_concept_drift,0.5,0,14,0.8314,0.016,0.08246666164933325,2,2,1.0,0.0,1.0,0,0,0
fashion_mnist,20,2,mixed_maturity,access_no_limited,dirichlet_lcb,benign_concept_drift,0.5,0,15,0.825,0.012222222222222223,0.08246666164933322,2,2,1.0,0.0,1.0,0,0,0
fashion_mnist,20,2,mixed_maturity,access_no_limited,dirichlet_lcb,benign_concept_drift,0.5,0,16,0.8304,0.012666666666666666,0.08246666164933322,2,2,1.0,0.0,1.0,0,0,0
fashion_mnist,20,2,mixed_maturity,access_no_limited,dirichlet_lcb,benign_concept_drift,0.5,0,17,0.828,0.011333333333333334,0.08246666164933322,2,2,1.0,0.0,1.0,0,0,0
fashion_mnist,20,2,mixed_maturity,access_no_limited,dirichlet_lcb,benign_concept_drift,0.5,0,18,0.836,0.016888888888888887,0.08246666164933322,2,2,1.0,0.0,1.0,0,0,0
fashion_mnist,20,2,mixed_maturity,access_no_limited,dirichlet_lcb,benign_concept_drift,0.5,0,19,0.817,0.009555555555555555,0.08246666164933324,2,2,1.0,0.0,1.0,0,0,0
fashion_mnist,20,2,mixed_maturity,access_no_limited,dirichlet_lcb,benign_concept_drift,0.5,0,20,0.837,0.018222222222222223,0.08246666164933324,2,2,1.0,0.0,1.0,0,0,0
fashion_mnist,20,2,mixed_maturity,access_no_limited,dirichlet_lcb,benign_concept_drift,0.5,0,21,0.8288,0.010888888888888889,0.08246666164933324,2,2,1.0,0.0,1.0,0,0,0
fashion_mnist,20,2,mixed_maturity,access_no_limited,dirichlet_lcb,benign_concept_drift,0.5,0,22,0.8088,0.005555555555555556,0.08246666164933324,2,2,1.0,0.0,1.0,0,0,0
fashion_mnist,20,2,mixed_maturity,access_no_limited,dirichlet_lcb,benign_concept_drift,0.5,0,23,0.8206,0.011777777777777778,0.08246666164933324,2,2,1.0,0.0,1.0,0,0,0
fashion_mnist,20,2,mixed_maturity,access_no_limited,dirichlet_lcb,benign_concept_drift,0.5,0,24,0.8332,0.014444444444444444,0.08246666164933324,2,2,1.0,0.0,1.0,0,0,0
fashion_mnist,20,2,mixed_maturity,access_no_limited,dirichlet_lcb,benign_concept_drift,0.5,0,25,0.8304,0.014666666666666666,0.08246666164933322,2,2,1.0,0.0,1.0,0,0,0
fashion_mnist,20,2,mixed_maturity,access_no_limited,dirichlet_lcb,benign_concept_drift,0.5,0,26,0.786,0.006,0.08246666164933324,2,2,1.0,0.0,1.0,0,0,0
fashion_mnist,20,2,mixed_maturity,access_no_limited,dirichlet_lcb,benign_concept_drift,0.5,0,27,0.8176,0.010444444444444444,0.08246666164933322,2,2,1.0,0.0,1.0,0,0,0
fashion_mnist,20,2,mixed_maturity,access_no_limited,dirichlet_lcb,benign_concept_drift,0.5,0,28,0.8316,0.011555555555555555,0.08246666164933324,2,2,1.0,0.0,1.0,0,0,0
fashion_mnist,20,2,mixed_maturity,access_no_limited,dirichlet_lcb,benign_concept_drift,0.5,0,29,0.829,0.009333333333333334,0.08246666164933322,2,2,1.0,0.0,1.0,0,0,0
fashion_mnist,20,2,mixed_maturity,access_no_limited,dirichlet_lcb,benign_concept_drift,0.5,0,30,0.8326,0.012444444444444444,0.08246666164933324,2,2,1.0,0.0,1.0,0,0,0
fashion_mnist,20,2,mixed_maturity,access_no_limited,dirichlet_lcb,benign_concept_drift,0.5,0,31,0.7644,0.008444444444444444,0.08246666164933322,2,2,1.0,0.0,1.0,0,0,0
fashion_mnist,20,2,mixed_maturity,access_no_limited,dirichlet_lcb,benign_concept_drift,0.5,0,32,0.785,0.007555555555555556,0.08246666164933322,2,2,1.0,0.0,1.0,0,0,0
fashion_mnist,20,2,mixed_maturity,access_no_limited,dirichlet_lcb,benign_concept_drift,0.5,0,33,0.8322,0.013555555555555555,0.08246666164933322,2,2,1.0,0.0,1.0,0,0,0
fashion_mnist,20,2,mixed_maturity,access_no_limited,dirichlet_lcb,benign_concept_drift,0.5,0,34,0.8396,0.017333333333333333,0.08246666164933322,2,2,1.0,0.0,1.0,0,0,0
fashion_mnist,20,2,mixed_maturity,access_no_limited,dirichlet_lcb,benign_concept_drift,0.5,0,35,0.831,0.013111111111111112,0.08246666164933322,2,2,1.0,0.0,1.0,0,0,0
fashion_mnist,20,2,mixed_maturity,access_no_limited,dirichlet_lcb,benign_concept_drift,0.5,0,36,0.835,0.015555555555555555,0.08246666164933325,2,2,1.0,0.0,1.0,0,0,0
fashion_mnist,20,2,mixed_maturity,access_no_limited,dirichlet_lcb,benign_concept_drift,0.5,0,37,0.8328,0.009555555555555555,0.08246666164933325,2,2,1.0,0.0,1.0,0,0,0
fashion_mnist,20,2,mixed_maturity,access_no_limited,dirichlet_lcb,benign_concept_drift,0.5,0,38,0.8444,0.017333333333333333,0.08246666164933322,2,2,1.0,0.0,1.0,0,0,0
fashion_mnist,20,2,mixed_maturity,access_no_limited,dirichlet_lcb,benign_concept_drift,0.5,0,39,0.8186,0.011555555555555555,0.08246666164933324,2,2,1.0,0.0,1.0,0,0,0
fashion_mnist,20,2,mixed_maturity,access_no_limited,dirichlet_lcb,benign_concept_drift,0.5,0,40,0.83,0.011555555555555555,0.08246666164933322,2,2,1.0,0.0,1.0,0,0,0
fashion_mnist,20,2,mixed_maturity,access_no_limited,dirichlet_lcb,benign_concept_drift,0.5,0,41,0.8248,0.009555555555555555,0.08246666164933322,2,2,1.0,0.0,1.0,0,0,0
fashion_mnist,20,2,mixed_maturity,access_no_limited,dirichlet_lcb,benign_concept_drift,0.5,0,42,0.8306,0.012444444444444444,0.08246666164933322,2,2,1.0,0.0,1.0,0,0,0
fashion_mnist,20,2,mixed_maturity,access_no_limited,dirichlet_lcb,benign_concept_drift,0.5,0,43,0.8242,0.011111111111111112,0.08246666164933322,2,2,1.0,0.0,1.0,0,0,0
fashion_mnist,20,2,mixed_maturity,access_no_limited,dirichlet_lcb,benign_concept_drift,0.5,0,44,0.8274,0.008444444444444444,0.08246666164933324,2,2,1.0,0.0,1.0,0,0,0
fashion_mnist,20,2,mixed_maturity,access_no_limited,dirichlet_lcb,benign_concept_drift,0.5,0,45,0.8356,0.010666666666666666,0.08246666164933322,2,2,1.0,0.0,1.0,0,0,0
fashion_mnist,20,2,mixed_maturity,access_no_limited,dirichlet_lcb,benign_concept_drift,0.5,0,46,0.8344,0.016888888888888887,0.08246666164933325,2,2,1.0,0.0,1.0,0,0,0
fashion_mnist,20,2,mixed_maturity,access_no_limited,dirichlet_lcb,benign_concept_drift,0.5,0,47,0.829,0.011333333333333334,0.08246666164933322,2,2,1.0,0.0,1.0,0,0,0
fashion_mnist,20,2,mixed_maturity,access_no_limited,dirichlet_lcb,benign_concept_drift,0.5,0,48,0.8328,0.01,0.08246666164933322,2,2,1.0,0.0,1.0,0,0,0
fashion_mnist,20,2,mixed_maturity,access_no_limited,dirichlet_lcb,benign_concept_drift,0.5,0,49,0.8336,0.014222222222222223,0.08246666164933325,2,2,1.0,0.0,1.0,0,0,0
fashion_mnist,20,2,mixed_maturity,access_no_limited,dirichlet_lcb,benign_concept_drift,0.5,0,50,0.8374,0.010444444444444444,0.08246666164933322,2,2,1.0,0.0,1.0,0,0,0
fashion_mnist,20,2,mixed_maturity,access_no_limited,dirichlet_lcb,benign_concept_drift,0.5,1,1,0.7586,0.04688888888888889,0.1420666685793333,2,2,1.0,0.0,1.0,0,0,0
fashion_mnist,20,2,mixed_maturity,access_no_limited,dirichlet_lcb,benign_concept_drift,0.5,1,2,0.7986,0.02311111111111111,0.14206666857933334,2,2,1.0,0.0,1.0,0,0,0
fashion_mnist,20,2,mixed_maturity,access_no_limited,dirichlet_lcb,benign_concept_drift,0.5,1,3,0.8046,0.024666666666666667,0.14206666857933326,2,2,1.0,0.0,1.0,0,0,0
fashion_mnist,20,2,mixed_maturity,access_no_limited,dirichlet_lcb,benign_concept_drift,0.5,1,4,0.8122,0.021333333333333333,0.1420666685793333,2,2,1.0,0.0,1.0,0,0,0
fashion_mnist,20,2,mixed_maturity,access_no_limited,dirichlet_lcb,benign_concept_drift,0.5,1,5,0.8172,0.02266666666666667,0.14206666857933326,2,2,1.0,0.0,1.0,0,0,0
fashion_mnist,20,2,mixed_maturity,access_no_limited,dirichlet_lcb,benign_concept_drift,0.5,1,6,0.8236,0.01888888888888889,0.14206666857933334,2,2,1.0,0.0,1.0,0,0,0
fashion_mnist,20,2,mixed_maturity,access_no_limited,dirichlet_lcb,benign_concept_drift,0.5,1,7,0.8132,0.026,0.1420666685793333,2,2,1.0,0.0,1.0,0,0,0
fashion_mnist,20,2,mixed_maturity,access_no_limited,dirichlet_lcb,benign_concept_drift,0.5,1,8,0.813,0.019333333333333334,0.14206666857933334,2,2,1.0,0.0,1.0,0,0,0
fashion_mnist,20,2,mixed_maturity,access_no_limited,dirichlet_lcb,benign_concept_drift,0.5,1,9,0.8186,0.021333333333333333,0.14206666857933334,2,2,1.0,0.0,1.0,0,0,0
fashion_mnist,20,2,mixed_maturity,access_no_limited,dirichlet_lcb,benign_concept_drift,0.5,1,10,0.802,0.014666666666666666,0.14206666857933326,2,2,1.0,0.0,1.0,0,0,0
fashion_mnist,20,2,mixed_maturity,access_no_limited,dirichlet_lcb,benign_concept_drift,0.5,1,11,0.827,0.019555555555555555,0.14206666857933334,2,2,1.0,0.0,1.0,0,0,0
fashion_mnist,20,2,mixed_maturity,access_no_limited,dirichlet_lcb,benign_concept_drift,0.5,1,12,0.8302,0.03333333333333333,0.14206666857933334,2,2,1.0,0.0,1.0,0,0,0
fashion_mnist,20,2,mixed_maturity,access_no_limited,dirichlet_lcb,benign_concept_drift,0.5,1,13,0.8246,0.024,0.1420666685793333,2,2,1.0,0.0,1.0,0,0,0
fashion_mnist,20,2,mixed_maturity,access_no_limited,dirichlet_lcb,benign_concept_drift,0.5,1,14,0.832,0.02022222222222222,0.1420666685793333,2,2,1.0,0.0,1.0,0,0,0
fashion_mnist,20,2,mixed_maturity,access_no_limited,dirichlet_lcb,benign_concept_drift,0.5,1,15,0.8302,0.027777777777777776,0.14206666857933334,2,2,1.0,0.0,1.0,0,0,0
fashion_mnist,20,2,mixed_maturity,access_no_limited,dirichlet_lcb,benign_concept_drift,0.5,1,16,0.8312,0.022444444444444444,0.1420666685793333,2,2,1.0,0.0,1.0,0,0,0
fashion_mnist,20,2,mixed_maturity,access_no_limited,dirichlet_lcb,benign_concept_drift,0.5,1,17,0.8306,0.021555555555555557,0.1420666685793333,2,2,1.0,0.0,1.0,0,0,0
fashion_mnist,20,2,mixed_maturity,access_no_limited,dirichlet_lcb,benign_concept_drift,0.5,1,18,0.8342,0.02711111111111111,0.1420666685793333,2,2,1.0,0.0,1.0,0,0,0
fashion_mnist,20,2,mixed_maturity,access_no_limited,dirichlet_lcb,benign_concept_drift,0.5,1,19,0.8262,0.01911111111111111,0.1420666685793333,2,2,1.0,0.0,1.0,0,0,0
fashion_mnist,20,2,mixed_maturity,access_no_limited,dirichlet_lcb,benign_concept_drift,0.5,1,20,0.8318,0.02822222222222222,0.1420666685793333,2,2,1.0,0.0,1.0,0,0,0
fashion_mnist,20,2,mixed_maturity,access_no_limited,dirichlet_lcb,benign_concept_drift,0.5,1,21,0.8314,0.02311111111111111,0.14206666857933334,2,2,1.0,0.0,1.0,0,0,0
fashion_mnist,20,2,mixed_maturity,access_no_limited,dirichlet_lcb,benign_concept_drift,0.5,1,22,0.822,0.012444444444444444,0.14206666857933334,2,2,1.0,0.0,1.0,0,0,0
fashion_mnist,20,2,mixed_maturity,access_no_limited,dirichlet_lcb,benign_concept_drift,0.5,1,23,0.8322,0.02266666666666667,0.1420666685793333,2,2,1.0,0.0,1.0,0,0,0
fashion_mnist,20,2,mixed_maturity,access_no_limited,dirichlet_lcb,benign_concept_drift,0.5,1,24,0.834,0.024,0.1420666685793333,2,2,1.0,0.0,1.0,0,0,0
fashion_mnist,20,2,mixed_maturity,access_no_limited,dirichlet_lcb,benign_concept_drift,0.5,1,25,0.833,0.015333333333333332,0.1420666685793333,2,2,1.0,0.0,1.0,0,0,0
fashion_mnist,20,2,mixed_maturity,access_no_limited,dirichlet_lcb,benign_concept_drift,0.5,1,26,0.8318,0.015333333333333332,0.14206666857933326,2,2,1.0,0.0,1.0,0,0,0
fashion_mnist,20,2,mixed_maturity,access_no_limited,dirichlet_lcb,benign_concept_drift,0.5,1,27,0.836,0.026444444444444444,0.1420666685793333,2,2,1.0,0.0,1.0,0,0,0
fashion_mnist,20,2,mixed_maturity,access_no_limited,dirichlet_lcb,benign_concept_drift,0.5,1,28,0.8312,0.01711111111111111,0.14206666857933334,2,2,1.0,0.0,1.0,0,0,0
fashion_mnist,20,2,mixed_maturity,access_no_limited,dirichlet_lcb,benign_concept_drift,0.5,1,29,0.8316,0.017333333333333333,0.1420666685793333,2,2,1.0,0.0,1.0,0,0,0
fashion_mnist,20,2,mixed_maturity,access_no_limited,dirichlet_lcb,benign_concept_drift,0.5,1,30,0.8314,0.01888888888888889,0.1420666685793333,2,2,1.0,0.0,1.0,0,0,0
fashion_mnist,20,2,mixed_maturity,access_no_limited,dirichlet_lcb,benign_concept_drift,0.5,1,31,0.8332,0.02311111111111111,0.1420666685793333,2,2,1.0,0.0,1.0,0,0,0
fashion_mnist,20,2,mixed_maturity,access_no_limited,dirichlet_lcb,benign_concept_drift,0.5,1,32,0.8208,0.010444444444444444,0.1420666685793333,2,2,1.0,0.0,1.0,0,0,0
fashion_mnist,20,2,mixed_maturity,access_no_limited,dirichlet_lcb,benign_concept_drift,0.5,1,33,0.8324,0.03177777777777778,0.14206666857933334,2,2,1.0,0.0,1.0,0,0,0
fashion_mnist,20,2,mixed_maturity,access_no_limited,dirichlet_lcb,benign_concept_drift,0.5,1,34,0.8338,0.024666666666666667,0.14206666857933334,2,2,1.0,0.0,1.0,0,0,0
fashion_mnist,20,2,mixed_maturity,access_no_limited,dirichlet_lcb,benign_concept_drift,0.5,1,35,0.825,0.012888888888888889,0.1420666685793333,2,2,1.0,0.0,1.0,0,0,0
fashion_mnist,20,2,mixed_maturity,access_no_limited,dirichlet_lcb,benign_concept_drift,0.5,1,36,0.8332,0.023333333333333334,0.14206666857933334,2,2,1.0,0.0,1.0,0,0,0
fashion_mnist,20,2,mixed_maturity,access_no_limited,dirichlet_lcb,benign_concept_drift,0.5,1,37,0.8348,0.025333333333333333,0.1420666685793333,2,2,1.0,0.0,1.0,0,0,0
fashion_mnist,20,2,mixed_maturity,access_no_limited,dirichlet_lcb,benign_concept_drift,0.5,1,38,0.832,0.018666666666666668,0.1420666685793333,2,2,1.0,0.0,1.0,0,0,0
fashion_mnist,20,2,mixed_maturity,access_no_limited,dirichlet_lcb,benign_concept_drift,0.5,1,39,0.834,0.024444444444444446,0.1420666685793333,2,2,1.0,0.0,1.0,0,0,0
fashion_mnist,20,2,mixed_maturity,access_no_limited,dirichlet_lcb,benign_concept_drift,0.5,1,40,0.842,0.027333333333333334,0.14206666857933334,2,2,1.0,0.0,1.0,0,0,0
fashion_mnist,20,2,mixed_maturity,access_no_limited,dirichlet_lcb,benign_concept_drift,0.5,1,41,0.828,0.012666666666666666,0.1420666685793333,2,2,1.0,0.0,1.0,0,0,0
fashion_mnist,20,2,mixed_maturity,access_no_limited,dirichlet_lcb,benign_concept_drift,0.5,1,42,0.825,0.014666666666666666,0.14206666857933334,2,2,1.0,0.0,1.0,0,0,0
fashion_mnist,20,2,mixed_maturity,access_no_limited,dirichlet_lcb,benign_concept_drift,0.5,1,43,0.8312,0.018666666666666668,0.14206666857933334,2,2,1.0,0.0,1.0,0,0,0
fashion_mnist,20,2,mixed_maturity,access_no_limited,dirichlet_lcb,benign_concept_drift,0.5,1,44,0.8366,0.034,0.1420666685793333,2,2,1.0,0.0,1.0,0,0,0
fashion_mnist,20,2,mixed_maturity,access_no_limited,dirichlet_lcb,benign_concept_drift,0.5,1,45,0.8354,0.024444444444444446,0.1420666685793333,2,2,1.0,0.0,1.0,0,0,0
fashion_mnist,20,2,mixed_maturity,access_no_limited,dirichlet_lcb,benign_concept_drift,0.5,1,46,0.8356,0.020888888888888887,0.1420666685793333,2,2,1.0,0.0,1.0,0,0,0
fashion_mnist,20,2,mixed_maturity,access_no_limited,dirichlet_lcb,benign_concept_drift,0.5,1,47,0.831,0.036222222222222225,0.1420666685793333,2,2,1.0,0.0,1.0,0,0,0
fashion_mnist,20,2,mixed_maturity,access_no_limited,dirichlet_lcb,benign_concept_drift,0.5,1,48,0.8276,0.010666666666666666,0.1420666685793333,2,2,1.0,0.0,1.0,0,0,0
fashion_mnist,20,2,mixed_maturity,access_no_limited,dirichlet_lcb,benign_concept_drift,0.5,1,49,0.8336,0.025555555555555557,0.1420666685793333,2,2,1.0,0.0,1.0,0,0,0
fashion_mnist,20,2,mixed_maturity,access_no_limited,dirichlet_lcb,benign_concept_drift,0.5,1,50,0.8424,0.029111111111111112,0.14206666857933334,2,2,1.0,0.0,1.0,0,0,0
fashion_mnist,20,2,mixed_maturity,access_no_limited,dirichlet_lcb,benign_concept_drift,0.5,2,1,0.7604,0.03133333333333333,0.09446666811066665,2,2,1.0,0.0,1.0,0,0,0
fashion_mnist,20,2,mixed_maturity,access_no_limited,dirichlet_lcb,benign_concept_drift,0.5,2,2,0.8034,0.03266666666666666,0.09446666811066665,2,2,1.0,0.0,1.0,0,0,0
fashion_mnist,20,2,mixed_maturity,access_no_limited,dirichlet_lcb,benign_concept_drift,0.5,2,3,0.8162,0.01911111111111111,0.09446666811066663,2,2,1.0,0.0,1.0,0,0,0
fashion_mnist,20,2,mixed_maturity,access_no_limited,dirichlet_lcb,benign_concept_drift,0.5,2,4,0.8142,0.018444444444444444,0.09446666811066665,2,2,1.0,0.0,1.0,0,0,0
fashion_mnist,20,2,mixed_maturity,access_no_limited,dirichlet_lcb,benign_concept_drift,0.5,2,5,0.8254,0.025333333333333333,0.09446666811066665,2,2,1.0,0.0,1.0,0,0,0
fashion_mnist,20,2,mixed_maturity,access_no_limited,dirichlet_lcb,benign_concept_drift,0.5,2,6,0.824,0.018444444444444444,0.09446666811066665,2,2,1.0,0.0,1.0,0,0,0
fashion_mnist,20,2,mixed_maturity,access_no_limited,dirichlet_lcb,benign_concept_drift,0.5,2,7,0.8214,0.019333333333333334,0.09446666811066663,2,2,1.0,0.0,1.0,0,0,0
fashion_mnist,20,2,mixed_maturity,access_no_limited,dirichlet_lcb,benign_concept_drift,0.5,2,8,0.82,0.016888888888888887,0.09446666811066665,2,2,1.0,0.0,1.0,0,0,0
fashion_mnist,20,2,mixed_maturity,access_no_limited,dirichlet_lcb,benign_concept_drift,0.5,2,9,0.8196,0.012888888888888889,0.09446666811066663,2,2,1.0,0.0,1.0,0,0,0
fashion_mnist,20,2,mixed_maturity,access_no_limited,dirichlet_lcb,benign_concept_drift,0.5,2,10,0.8256,0.01911111111111111,0.09446666811066665,2,2,1.0,0.0,1.0,0,0,0
fashion_mnist,20,2,mixed_maturity,access_no_limited,dirichlet_lcb,benign_concept_drift,0.5,2,11,0.834,0.01911111111111111,0.09446666811066665,2,2,1.0,0.0,1.0,0,0,0
fashion_mnist,20,2,mixed_maturity,access_no_limited,dirichlet_lcb,benign_concept_drift,0.5,2,12,0.8278,0.021333333333333333,0.09446666811066665,2,2,1.0,0.0,1.0,0,0,0
fashion_mnist,20,2,mixed_maturity,access_no_limited,dirichlet_lcb,benign_concept_drift,0.5,2,13,0.8324,0.016888888888888887,0.09446666811066663,2,2,1.0,0.0,1.0,0,0,0
fashion_mnist,20,2,mixed_maturity,access_no_limited,dirichlet_lcb,benign_concept_drift,0.5,2,14,0.834,0.016888888888888887,0.09446666811066665,2,2,1.0,0.0,1.0,0,0,0
fashion_mnist,20,2,mixed_maturity,access_no_limited,dirichlet_lcb,benign_concept_drift,0.5,2,15,0.8324,0.01577777777777778,0.09446666811066665,2,2,1.0,0.0,1.0,0,0,0
fashion_mnist,20,2,mixed_maturity,access_no_limited,dirichlet_lcb,benign_concept_drift,0.5,2,16,0.8338,0.017555555555555557,0.09446666811066663,2,2,1.0,0.0,1.0,0,0,0
fashion_mnist,20,2,mixed_maturity,access_no_limited,dirichlet_lcb,benign_concept_drift,0.5,2,17,0.837,0.02822222222222222,0.09446666811066665,2,2,1.0,0.0,1.0,0,0,0
fashion_mnist,20,2,mixed_maturity,access_no_limited,dirichlet_lcb,benign_concept_drift,0.5,2,18,0.8338,0.016444444444444446,0.09446666811066665,2,2,1.0,0.0,1.0,0,0,0
fashion_mnist,20,2,mixed_maturity,access_no_limited,dirichlet_lcb,benign_concept_drift,0.5,2,19,0.836,0.03288888888888889,0.09446666811066665,2,2,1.0,0.0,1.0,0,0,0
fashion_mnist,20,2,mixed_maturity,access_no_limited,dirichlet_lcb,benign_concept_drift,0.5,2,20,0.8362,0.02,0.09446666811066663,2,2,1.0,0.0,1.0,0,0,0
fashion_mnist,20,2,mixed_maturity,access_no_limited,dirichlet_lcb,benign_concept_drift,0.5,2,21,0.835,0.021333333333333333,0.09446666811066665,2,2,1.0,0.0,1.0,0,0,0
fashion_mnist,20,2,mixed_maturity,access_no_limited,dirichlet_lcb,benign_concept_drift,0.5,2,22,0.8424,0.02422222222222222,0.09446666811066665,2,2,1.0,0.0,1.0,0,0,0
fashion_mnist,20,2,mixed_maturity,access_no_limited,dirichlet_lcb,benign_concept_drift,0.5,2,23,0.8406,0.022444444444444444,0.09446666811066663,2,2,1.0,0.0,1.0,0,0,0
fashion_mnist,20,2,mixed_maturity,access_no_limited,dirichlet_lcb,benign_concept_drift,0.5,2,24,0.8354,0.020444444444444446,0.09446666811066665,2,2,1.0,0.0,1.0,0,0,0
fashion_mnist,20,2,mixed_maturity,access_no_limited,dirichlet_lcb,benign_concept_drift,0.5,2,25,0.834,0.019333333333333334,0.09446666811066665,2,2,1.0,0.0,1.0,0,0,0
fashion_mnist,20,2,mixed_maturity,access_no_limited,dirichlet_lcb,benign_concept_drift,0.5,2,26,0.8306,0.015555555555555555,0.09446666811066663,2,2,1.0,0.0,1.0,0,0,0
fashion_mnist,20,2,mixed_maturity,access_no_limited,dirichlet_lcb,benign_concept_drift,0.5,2,27,0.8432,0.018444444444444444,0.09446666811066665,2,2,1.0,0.0,1.0,0,0,0
fashion_mnist,20,2,mixed_maturity,access_no_limited,dirichlet_lcb,benign_concept_drift,0.5,2,28,0.8312,0.013777777777777778,0.09446666811066665,2,2,1.0,0.0,1.0,0,0,0
fashion_mnist,20,2,mixed_maturity,access_no_limited,dirichlet_lcb,benign_concept_drift,0.5,2,29,0.8374,0.02022222222222222,0.09446666811066663,2,2,1.0,0.0,1.0,0,0,0
fashion_mnist,20,2,mixed_maturity,access_no_limited,dirichlet_lcb,benign_concept_drift,0.5,2,30,0.8386,0.014888888888888889,0.09446666811066663,2,2,1.0,0.0,1.0,0,0,0
fashion_mnist,20,2,mixed_maturity,access_no_limited,dirichlet_lcb,benign_concept_drift,0.5,2,31,0.8412,0.016666666666666666,0.09446666811066665,2,2,1.0,0.0,1.0,0,0,0
fashion_mnist,20,2,mixed_maturity,access_no_limited,dirichlet_lcb,benign_concept_drift,0.5,2,32,0.8452,0.02311111111111111,0.09446666811066663,2,2,1.0,0.0,1.0,0,0,0
fashion_mnist,20,2,mixed_maturity,access_no_limited,dirichlet_lcb,benign_concept_drift,0.5,2,33,0.8446,0.02266666666666667,0.09446666811066665,2,2,1.0,0.0,1.0,0,0,0
fashion_mnist,20,2,mixed_maturity,access_no_limited,dirichlet_lcb,benign_concept_drift,0.5,2,34,0.837,0.025333333333333333,0.09446666811066665,2,2,1.0,0.0,1.0,0,0,0
fashion_mnist,20,2,mixed_maturity,access_no_limited,dirichlet_lcb,benign_concept_drift,0.5,2,35,0.84,0.022,0.09446666811066663,2,2,1.0,0.0,1.0,0,0,0
fashion_mnist,20,2,mixed_maturity,access_no_limited,dirichlet_lcb,benign_concept_drift,0.5,2,36,0.8302,0.018222222222222223,0.09446666811066665,2,2,1.0,0.0,1.0,0,0,0
fashion_mnist,20,2,mixed_maturity,access_no_limited,dirichlet_lcb,benign_concept_drift,0.5,2,37,0.838,0.028666666666666667,0.09446666811066665,2,2,1.0,0.0,1.0,0,0,0
fashion_mnist,20,2,mixed_maturity,access_no_limited,dirichlet_lcb,benign_concept_drift,0.5,2,38,0.8374,0.017555555555555557,0.09446666811066665,2,2,1.0,0.0,1.0,0,0,0
fashion_mnist,20,2,mixed_maturity,access_no_limited,dirichlet_lcb,benign_concept_drift,0.5,2,39,0.842,0.018444444444444444,0.09446666811066665,2,2,1.0,0.0,1.0,0,0,0
fashion_mnist,20,2,mixed_maturity,access_no_limited,dirichlet_lcb,benign_concept_drift,0.5,2,40,0.8458,0.028888888888888888,0.09446666811066665,2,2,1.0,0.0,1.0,0,0,0
fashion_mnist,20,2,mixed_maturity,access_no_limited,dirichlet_lcb,benign_concept_drift,0.5,2,41,0.842,0.016,0.09446666811066663,2,2,1.0,0.0,1.0,0,0,0
fashion_mnist,20,2,mixed_maturity,access_no_limited,dirichlet_lcb,benign_concept_drift,0.5,2,42,0.8374,0.013777777777777778,0.09446666811066663,2,2,1.0,0.0,1.0,0,0,0
fashion_mnist,20,2,mixed_maturity,access_no_limited,dirichlet_lcb,benign_concept_drift,0.5,2,43,0.831,0.013777777777777778,0.09446666811066665,2,2,1.0,0.0,1.0,0,0,0
fashion_mnist,20,2,mixed_maturity,access_no_limited,dirichlet_lcb,benign_concept_drift,0.5,2,44,0.842,0.020666666666666667,0.09446666811066663,2,2,1.0,0.0,1.0,0,0,0
fashion_mnist,20,2,mixed_maturity,access_no_limited,dirichlet_lcb,benign_concept_drift,0.5,2,45,0.8382,0.018,0.09446666811066665,2,2,1.0,0.0,1.0,0,0,0
fashion_mnist,20,2,mixed_maturity,access_no_limited,dirichlet_lcb,benign_concept_drift,0.5,2,46,0.842,0.022,0.09446666811066665,2,2,1.0,0.0,1.0,0,0,0
fashion_mnist,20,2,mixed_maturity,access_no_limited,dirichlet_lcb,benign_concept_drift,0.5,2,47,0.8304,0.015333333333333332,0.09446666811066665,2,2,1.0,0.0,1.0,0,0,0
fashion_mnist,20,2,mixed_maturity,access_no_limited,dirichlet_lcb,benign_concept_drift,0.5,2,48,0.8444,0.019333333333333334,0.09446666811066663,2,2,1.0,0.0,1.0,0,0,0
fashion_mnist,20,2,mixed_maturity,access_no_limited,dirichlet_lcb,benign_concept_drift,0.5,2,49,0.8376,0.014,0.09446666811066665,2,2,1.0,0.0,1.0,0,0,0
fashion_mnist,20,2,mixed_maturity,access_no_limited,dirichlet_lcb,benign_concept_drift,0.5,2,50,0.8364,0.01622222222222222,0.09446666811066665,2,2,1.0,0.0,1.0,0,0,0
fashion_mnist,20,2,mixed_maturity,access_no_limited,dirichlet_lcb,benign_concept_drift,0.5,3,1,0.7704,0.029777777777777778,0.13084999869150002,2,2,1.0,0.0,1.0,0,0,0
fashion_mnist,20,2,mixed_maturity,access_no_limited,dirichlet_lcb,benign_concept_drift,0.5,3,2,0.7896,0.006888888888888889,0.13084999869150002,2,2,1.0,0.0,1.0,0,0,0
fashion_mnist,20,2,mixed_maturity,access_no_limited,dirichlet_lcb,benign_concept_drift,0.5,3,3,0.802,0.008666666666666666,0.1308499986915,2,2,1.0,0.0,1.0,0,0,0
fashion_mnist,20,2,mixed_maturity,access_no_limited,dirichlet_lcb,benign_concept_drift,0.5,3,4,0.8168,0.018,0.13084999869150002,2,2,1.0,0.0,1.0,0,0,0
fashion_mnist,20,2,mixed_maturity,access_no_limited,dirichlet_lcb,benign_concept_drift,0.5,3,5,0.8134,0.014888888888888889,0.1308499986915,2,2,1.0,0.0,1.0,0,0,0
fashion_mnist,20,2,mixed_maturity,access_no_limited,dirichlet_lcb,benign_concept_drift,0.5,3,6,0.8146,0.016444444444444446,0.13084999869150002,2,2,1.0,0.0,1.0,0,0,0
fashion_mnist,20,2,mixed_maturity,access_no_limited,dirichlet_lcb,benign_concept_drift,0.5,3,7,0.8268,0.023333333333333334,0.13084999869150005,2,2,1.0,0.0,1.0,0,0,0
fashion_mnist,20,2,mixed_maturity,access_no_limited,dirichlet_lcb,benign_concept_drift,0.5,3,8,0.825,0.018222222222222223,0.13084999869150002,2,2,1.0,0.0,1.0,0,0,0
fashion_mnist,20,2,mixed_maturity,access_no_limited,dirichlet_lcb,benign_concept_drift,0.5,3,9,0.8174,0.014222222222222223,0.13084999869150002,2,2,1.0,0.0,1.0,0,0,0
fashion_mnist,20,2,mixed_maturity,access_no_limited,dirichlet_lcb,benign_concept_drift,0.5,3,10,0.8292,0.022,0.13084999869150002,2,2,1.0,0.0,1.0,0,0,0
fashion_mnist,20,2,mixed_maturity,access_no_limited,dirichlet_lcb,benign_concept_drift,0.5,3,11,0.8314,0.020888888888888887,0.13084999869150002,2,2,1.0,0.0,1.0,0,0,0
fashion_mnist,20,2,mixed_maturity,access_no_limited,dirichlet_lcb,benign_concept_drift,0.5,3,12,0.8306,0.023777777777777776,0.13084999869150002,2,2,1.0,0.0,1.0,0,0,0
fashion_mnist,20,2,mixed_maturity,access_no_limited,dirichlet_lcb,benign_concept_drift,0.5,3,13,0.8284,0.022,0.13084999869150002,2,2,1.0,0.0,1.0,0,0,0
fashion_mnist,20,2,mixed_maturity,access_no_limited,dirichlet_lcb,benign_concept_drift,0.5,3,14,0.829,0.01911111111111111,0.13084999869150002,2,2,1.0,0.0,1.0,0,0,0
fashion_mnist,20,2,mixed_maturity,access_no_limited,dirichlet_lcb,benign_concept_drift,0.5,3,15,0.8226,0.015333333333333332,0.13084999869150002,2,2,1.0,0.0,1.0,0,0,0
fashion_mnist,20,2,mixed_maturity,access_no_limited,dirichlet_lcb,benign_concept_drift,0.5,3,16,0.8284,0.027777777777777776,0.13084999869150005,2,2,1.0,0.0,1.0,0,0,0
fashion_mnist,20,2,mixed_maturity,access_no_limited,dirichlet_lcb,benign_concept_drift,0.5,3,17,0.8356,0.023555555555555555,0.13084999869150002,2,2,1.0,0.0,1.0,0,0,0
fashion_mnist,20,2,mixed_maturity,access_no_limited,dirichlet_lcb,benign_concept_drift,0.5,3,18,0.8336,0.02022222222222222,0.13084999869150005,2,2,1.0,0.0,1.0,0,0,0
fashion_mnist,20,2,mixed_maturity,access_no_limited,dirichlet_lcb,benign_concept_drift,0.5,3,19,0.8294,0.017777777777777778,0.13084999869150002,2,2,1.0,0.0,1.0,0,0,0
fashion_mnist,20,2,mixed_maturity,access_no_limited,dirichlet_lcb,benign_concept_drift,0.5,3,20,0.826,0.016666666666666666,0.13084999869150002,2,2,1.0,0.0,1.0,0,0,0
fashion_mnist,20,2,mixed_maturity,access_no_limited,dirichlet_lcb,benign_concept_drift,0.5,3,21,0.8154,0.012,0.13084999869150002,2,2,1.0,0.0,1.0,0,0,0
fashion_mnist,20,2,mixed_maturity,access_no_limited,dirichlet_lcb,benign_concept_drift,0.5,3,22,0.8376,0.019555555555555555,0.13084999869150002,2,2,1.0,0.0,1.0,0,0,0
fashion_mnist,20,2,mixed_maturity,access_no_limited,dirichlet_lcb,benign_concept_drift,0.5,3,23,0.8024,0.008888888888888889,0.13084999869150002,2,2,1.0,0.0,1.0,0,0,0
fashion_mnist,20,2,mixed_maturity,access_no_limited,dirichlet_lcb,benign_concept_drift,0.5,3,24,0.8342,0.021777777777777778,0.13084999869150002,2,2,1.0,0.0,1.0,0,0,0
fashion_mnist,20,2,mixed_maturity,access_no_limited,dirichlet_lcb,benign_concept_drift,0.5,3,25,0.8226,0.019555555555555555,0.13084999869150002,2,2,1.0,0.0,1.0,0,0,0
fashion_mnist,20,2,mixed_maturity,access_no_limited,dirichlet_lcb,benign_concept_drift,0.5,3,26,0.8256,0.025555555555555557,0.13084999869150002,2,2,1.0,0.0,1.0,0,0,0
fashion_mnist,20,2,mixed_maturity,access_no_limited,dirichlet_lcb,benign_concept_drift,0.5,3,27,0.8314,0.024,0.13084999869150002,2,2,1.0,0.0,1.0,0,0,0
fashion_mnist,20,2,mixed_maturity,access_no_limited,dirichlet_lcb,benign_concept_drift,0.5,3,28,0.836,0.025555555555555557,0.13084999869150002,2,2,1.0,0.0,1.0,0,0,0
fashion_mnist,20,2,mixed_maturity,access_no_limited,dirichlet_lcb,benign_concept_drift,0.5,3,29,0.8326,0.02422222222222222,0.13084999869150002,2,2,1.0,0.0,1.0,0,0,0
fashion_mnist,20,2,mixed_maturity,access_no_limited,dirichlet_lcb,benign_concept_drift,0.5,3,30,0.8262,0.035333333333333335,0.13084999869150002,2,2,1.0,0.0,1.0,0,0,0
fashion_mnist,20,2,mixed_maturity,access_no_limited,dirichlet_lcb,benign_concept_drift,0.5,3,31,0.8358,0.02422222222222222,0.13084999869150002,2,2,1.0,0.0,1.0,0,0,0
fashion_mnist,20,2,mixed_maturity,access_no_limited,dirichlet_lcb,benign_concept_drift,0.5,3,32,0.8386,0.02022222222222222,0.13084999869150002,2,2,1.0,0.0,1.0,0,0,0
fashion_mnist,20,2,mixed_maturity,access_no_limited,dirichlet_lcb,benign_concept_drift,0.5,3,33,0.8264,0.013555555555555555,0.13084999869150002,2,2,1.0,0.0,1.0,0,0,0
fashion_mnist,20,2,mixed_maturity,access_no_limited,dirichlet_lcb,benign_concept_drift,0.5,3,34,0.8382,0.02422222222222222,0.13084999869150002,2,2,1.0,0.0,1.0,0,0,0
fashion_mnist,20,2,mixed_maturity,access_no_limited,dirichlet_lcb,benign_concept_drift,0.5,3,35,0.8344,0.020888888888888887,0.13084999869150002,2,2,1.0,0.0,1.0,0,0,0
fashion_mnist,20,2,mixed_maturity,access_no_limited,dirichlet_lcb,benign_concept_drift,0.5,3,36,0.834,0.026444444444444444,0.13084999869150002,2,2,1.0,0.0,1.0,0,0,0
fashion_mnist,20,2,mixed_maturity,access_no_limited,dirichlet_lcb,benign_concept_drift,0.5,3,37,0.8298,0.012666666666666666,0.1308499986915,2,2,1.0,0.0,1.0,0,0,0
fashion_mnist,20,2,mixed_maturity,access_no_limited,dirichlet_lcb,benign_concept_drift,0.5,3,38,0.8314,0.021111111111111112,0.13084999869150002,2,2,1.0,0.0,1.0,0,0,0
fashion_mnist,20,2,mixed_maturity,access_no_limited,dirichlet_lcb,benign_concept_drift,0.5,3,39,0.823,0.023333333333333334,0.13084999869150002,2,2,1.0,0.0,1.0,0,0,0
fashion_mnist,20,2,mixed_maturity,access_no_limited,dirichlet_lcb,benign_concept_drift,0.5,3,40,0.8314,0.020888888888888887,0.13084999869150002,2,2,1.0,0.0,1.0,0,0,0
fashion_mnist,20,2,mixed_maturity,access_no_limited,dirichlet_lcb,benign_concept_drift,0.5,3,41,0.8336,0.02266666666666667,0.13084999869150002,2,2,1.0,0.0,1.0,0,0,0
fashion_mnist,20,2,mixed_maturity,access_no_limited,dirichlet_lcb,benign_concept_drift,0.5,3,42,0.8306,0.03088888888888889,0.13084999869150002,2,2,1.0,0.0,1.0,0,0,0
fashion_mnist,20,2,mixed_maturity,access_no_limited,dirichlet_lcb,benign_concept_drift,0.5,3,43,0.8396,0.025777777777777778,0.1308499986915,2,2,1.0,0.0,1.0,0,0,0
fashion_mnist,20,2,mixed_maturity,access_no_limited,dirichlet_lcb,benign_concept_drift,0.5,3,44,0.8364,0.01577777777777778,0.13084999869150002,2,2,1.0,0.0,1.0,0,0,0
fashion_mnist,20,2,mixed_maturity,access_no_limited,dirichlet_lcb,benign_concept_drift,0.5,3,45,0.833,0.027555555555555555,0.13084999869150002,2,2,1.0,0.0,1.0,0,0,0
fashion_mnist,20,2,mixed_maturity,access_no_limited,dirichlet_lcb,benign_concept_drift,0.5,3,46,0.8352,0.024666666666666667,0.13084999869150002,2,2,1.0,0.0,1.0,0,0,0
fashion_mnist,20,2,mixed_maturity,access_no_limited,dirichlet_lcb,benign_concept_drift,0.5,3,47,0.8336,0.025333333333333333,0.13084999869150002,2,2,1.0,0.0,1.0,0,0,0
fashion_mnist,20,2,mixed_maturity,access_no_limited,dirichlet_lcb,benign_concept_drift,0.5,3,48,0.8364,0.02311111111111111,0.1308499986915,2,2,1.0,0.0,1.0,0,0,0
fashion_mnist,20,2,mixed_maturity,access_no_limited,dirichlet_lcb,benign_concept_drift,0.5,3,49,0.836,0.02311111111111111,0.13084999869150005,2,2,1.0,0.0,1.0,0,0,0
fashion_mnist,20,2,mixed_maturity,access_no_limited,dirichlet_lcb,benign_concept_drift,0.5,3,50,0.8276,0.013777777777777778,0.13084999869150002,2,2,1.0,0.0,1.0,0,0,0
fashion_mnist,20,2,mixed_maturity,access_no_limited,dirichlet_lcb,benign_concept_drift,0.5,4,1,0.754,0.04822222222222222,0.06925000069250001,2,2,1.0,0.0,1.0,0,0,0
fashion_mnist,20,2,mixed_maturity,access_no_limited,dirichlet_lcb,benign_concept_drift,0.5,4,2,0.781,0.014222222222222223,0.06925000069250001,2,2,1.0,0.0,1.0,0,0,0
fashion_mnist,20,2,mixed_maturity,access_no_limited,dirichlet_lcb,benign_concept_drift,0.5,4,3,0.8036,0.029555555555555557,0.06925000069250001,2,2,1.0,0.0,1.0,0,0,0
fashion_mnist,20,2,mixed_maturity,access_no_limited,dirichlet_lcb,benign_concept_drift,0.5,4,4,0.776,0.03288888888888889,0.06925000069250002,2,2,1.0,0.0,1.0,0,0,0
fashion_mnist,20,2,mixed_maturity,access_no_limited,dirichlet_lcb,benign_concept_drift,0.5,4,5,0.8146,0.03,0.06925000069250002,2,2,1.0,0.0,1.0,0,0,0
fashion_mnist,20,2,mixed_maturity,access_no_limited,dirichlet_lcb,benign_concept_drift,0.5,4,6,0.7964,0.010666666666666666,0.06925000069250002,2,2,1.0,0.0,1.0,0,0,0
fashion_mnist,20,2,mixed_maturity,access_no_limited,dirichlet_lcb,benign_concept_drift,0.5,4,7,0.8224,0.02688888888888889,0.06925000069250001,2,2,1.0,0.0,1.0,0,0,0
fashion_mnist,20,2,mixed_maturity,access_no_limited,dirichlet_lcb,benign_concept_drift,0.5,4,8,0.8226,0.03133333333333333,0.06925000069250001,2,2,1.0,0.0,1.0,0,0,0
fashion_mnist,20,2,mixed_maturity,access_no_limited,dirichlet_lcb,benign_concept_drift,0.5,4,9,0.8268,0.02711111111111111,0.06925000069250001,2,2,1.0,0.0,1.0,0,0,0
fashion_mnist,20,2,mixed_maturity,access_no_limited,dirichlet_lcb,benign_concept_drift,0.5,4,10,0.8248,0.021111111111111112,0.06925000069250001,2,2,1.0,0.0,1.0,0,0,0
fashion_mnist,20,2,mixed_maturity,access_no_limited,dirichlet_lcb,benign_concept_drift,0.5,4,11,0.828,0.027333333333333334,0.06925000069250002,2,2,1.0,0.0,1.0,0,0,0
fashion_mnist,20,2,mixed_maturity,access_no_limited,dirichlet_lcb,benign_concept_drift,0.5,4,12,0.8196,0.011111111111111112,0.06925000069250002,2,2,1.0,0.0,1.0,0,0,0
fashion_mnist,20,2,mixed_maturity,access_no_limited,dirichlet_lcb,benign_concept_drift,0.5,4,13,0.8168,0.02666666666666667,0.06925000069250002,2,2,1.0,0.0,1.0,0,0,0
fashion_mnist,20,2,mixed_maturity,access_no_limited,dirichlet_lcb,benign_concept_drift,0.5,4,14,0.831,0.029333333333333333,0.06925000069250002,2,2,1.0,0.0,1.0,0,0,0
fashion_mnist,20,2,mixed_maturity,access_no_limited,dirichlet_lcb,benign_concept_drift,0.5,4,15,0.8284,0.020666666666666667,0.06925000069250002,2,2,1.0,0.0,1.0,0,0,0
fashion_mnist,20,2,mixed_maturity,access_no_limited,dirichlet_lcb,benign_concept_drift,0.5,4,16,0.826,0.018444444444444444,0.06925000069250001,2,2,1.0,0.0,1.0,0,0,0
fashion_mnist,20,2,mixed_maturity,access_no_limited,dirichlet_lcb,benign_concept_drift,0.5,4,17,0.8282,0.023777777777777776,0.06925000069250001,2,2,1.0,0.0,1.0,0,0,0
fashion_mnist,20,2,mixed_maturity,access_no_limited,dirichlet_lcb,benign_concept_drift,0.5,4,18,0.8258,0.020444444444444446,0.06925000069250002,2,2,1.0,0.0,1.0,0,0,0
fashion_mnist,20,2,mixed_maturity,access_no_limited,dirichlet_lcb,benign_concept_drift,0.5,4,19,0.829,0.029555555555555557,0.06925000069250002,2,2,1.0,0.0,1.0,0,0,0
fashion_mnist,20,2,mixed_maturity,access_no_limited,dirichlet_lcb,benign_concept_drift,0.5,4,20,0.8184,0.027333333333333334,0.06925000069250001,2,2,1.0,0.0,1.0,0,0,0
fashion_mnist,20,2,mixed_maturity,access_no_limited,dirichlet_lcb,benign_concept_drift,0.5,4,21,0.829,0.01911111111111111,0.06925000069250001,2,2,1.0,0.0,1.0,0,0,0
fashion_mnist,20,2,mixed_maturity,access_no_limited,dirichlet_lcb,benign_concept_drift,0.5,4,22,0.8336,0.028666666666666667,0.06925000069250002,2,2,1.0,0.0,1.0,0,0,0
fashion_mnist,20,2,mixed_maturity,access_no_limited,dirichlet_lcb,benign_concept_drift,0.5,4,23,0.83,0.018444444444444444,0.06925000069250001,2,2,1.0,0.0,1.0,0,0,0
fashion_mnist,20,2,mixed_maturity,access_no_limited,dirichlet_lcb,benign_concept_drift,0.5,4,24,0.8332,0.034444444444444444,0.06925000069250001,2,2,1.0,0.0,1.0,0,0,0
fashion_mnist,20,2,mixed_maturity,access_no_limited,dirichlet_lcb,benign_concept_drift,0.5,4,25,0.831,0.027777777777777776,0.06925000069250001,2,2,1.0,0.0,1.0,0,0,0
fashion_mnist,20,2,mixed_maturity,access_no_limited,dirichlet_lcb,benign_concept_drift,0.5,4,26,0.834,0.01577777777777778,0.06925000069250001,2,2,1.0,0.0,1.0,0,0,0
fashion_mnist,20,2,mixed_maturity,access_no_limited,dirichlet_lcb,benign_concept_drift,0.5,4,27,0.8316,0.01888888888888889,0.06925000069250001,2,2,1.0,0.0,1.0,0,0,0
fashion_mnist,20,2,mixed_maturity,access_no_limited,dirichlet_lcb,benign_concept_drift,0.5,4,28,0.8286,0.021555555555555557,0.06925000069250002,2,2,1.0,0.0,1.0,0,0,0
fashion_mnist,20,2,mixed_maturity,access_no_limited,dirichlet_lcb,benign_concept_drift,0.5,4,29,0.8262,0.03155555555555556,0.06925000069250001,2,2,1.0,0.0,1.0,0,0,0
fashion_mnist,20,2,mixed_maturity,access_no_limited,dirichlet_lcb,benign_concept_drift,0.5,4,30,0.837,0.029555555555555557,0.06925000069250001,2,2,1.0,0.0,1.0,0,0,0
fashion_mnist,20,2,mixed_maturity,access_no_limited,dirichlet_lcb,benign_concept_drift,0.5,4,31,0.8114,0.018666666666666668,0.06925000069250001,2,2,1.0,0.0,1.0,0,0,0
fashion_mnist,20,2,mixed_maturity,access_no_limited,dirichlet_lcb,benign_concept_drift,0.5,4,32,0.8312,0.020444444444444446,0.06925000069250002,2,2,1.0,0.0,1.0,0,0,0
fashion_mnist,20,2,mixed_maturity,access_no_limited,dirichlet_lcb,benign_concept_drift,0.5,4,33,0.835,0.029111111111111112,0.06925000069250001,2,2,1.0,0.0,1.0,0,0,0
fashion_mnist,20,2,mixed_maturity,access_no_limited,dirichlet_lcb,benign_concept_drift,0.5,4,34,0.8124,0.009111111111111111,0.06925000069250001,2,2,1.0,0.0,1.0,0,0,0
fashion_mnist,20,2,mixed_maturity,access_no_limited,dirichlet_lcb,benign_concept_drift,0.5,4,35,0.8328,0.03,0.06925000069250001,2,2,1.0,0.0,1.0,0,0,0
fashion_mnist,20,2,mixed_maturity,access_no_limited,dirichlet_lcb,benign_concept_drift,0.5,4,36,0.8364,0.02311111111111111,0.06925000069250002,2,2,1.0,0.0,1.0,0,0,0
fashion_mnist,20,2,mixed_maturity,access_no_limited,dirichlet_lcb,benign_concept_drift,0.5,4,37,0.8318,0.022,0.06925000069250002,2,2,1.0,0.0,1.0,0,0,0
fashion_mnist,20,2,mixed_maturity,access_no_limited,dirichlet_lcb,benign_concept_drift,0.5,4,38,0.8256,0.012222222222222223,0.06925000069250001,2,2,1.0,0.0,1.0,0,0,0
fashion_mnist,20,2,mixed_maturity,access_no_limited,dirichlet_lcb,benign_concept_drift,0.5,4,39,0.8372,0.026444444444444444,0.06925000069250002,2,2,1.0,0.0,1.0,0,0,0
fashion_mnist,20,2,mixed_maturity,access_no_limited,dirichlet_lcb,benign_concept_drift,0.5,4,40,0.8342,0.028888888888888888,0.06925000069250001,2,2,1.0,0.0,1.0,0,0,0
fashion_mnist,20,2,mixed_maturity,access_no_limited,dirichlet_lcb,benign_concept_drift,0.5,4,41,0.8362,0.029777777777777778,0.06925000069250002,2,2,1.0,0.0,1.0,0,0,0
fashion_mnist,20,2,mixed_maturity,access_no_limited,dirichlet_lcb,benign_concept_drift,0.5,4,42,0.8282,0.020666666666666667,0.06925000069250001,2,2,1.0,0.0,1.0,0,0,0
fashion_mnist,20,2,mixed_maturity,access_no_limited,dirichlet_lcb,benign_concept_drift,0.5,4,43,0.8282,0.018,0.06925000069250001,2,2,1.0,0.0,1.0,0,0,0
fashion_mnist,20,2,mixed_maturity,access_no_limited,dirichlet_lcb,benign_concept_drift,0.5,4,44,0.8328,0.019555555555555555,0.06925000069250001,2,2,1.0,0.0,1.0,0,0,0
fashion_mnist,20,2,mixed_maturity,access_no_limited,dirichlet_lcb,benign_concept_drift,0.5,4,45,0.833,0.02311111111111111,0.06925000069250001,2,2,1.0,0.0,1.0,0,0,0
fashion_mnist,20,2,mixed_maturity,access_no_limited,dirichlet_lcb,benign_concept_drift,0.5,4,46,0.8348,0.022444444444444444,0.06925000069250002,2,2,1.0,0.0,1.0,0,0,0
fashion_mnist,20,2,mixed_maturity,access_no_limited,dirichlet_lcb,benign_concept_drift,0.5,4,47,0.833,0.020444444444444446,0.06925000069250001,2,2,1.0,0.0,1.0,0,0,0
fashion_mnist,20,2,mixed_maturity,access_no_limited,dirichlet_lcb,benign_concept_drift,0.5,4,48,0.838,0.028888888888888888,0.06925000069250001,2,2,1.0,0.0,1.0,0,0,0
fashion_mnist,20,2,mixed_maturity,access_no_limited,dirichlet_lcb,benign_concept_drift,0.5,4,49,0.8374,0.026,0.06925000069250001,2,2,1.0,0.0,1.0,0,0,0
fashion_mnist,20,2,mixed_maturity,access_no_limited,dirichlet_lcb,benign_concept_drift,0.5,4,50,0.8342,0.022222222222222223,0.0692500006925,2,2,1.0,0.0,1.0,0,0,0
fashion_mnist,20,2,mixed_maturity,access_no_limited,dirichlet_lcb,diverse_then_repeat_backdoor,0.5,0,1,0.7468,0.0057777777777777775,0.08246666164933322,2,2,1.0,0.0,1.0,0,0,0
fashion_mnist,20,2,mixed_maturity,access_no_limited,dirichlet_lcb,diverse_then_repeat_backdoor,0.5,0,2,0.7898,0.09,0.08246666164933322,2,2,1.0,0.0,1.0,0,0,0
fashion_mnist,20,2,mixed_maturity,access_no_limited,dirichlet_lcb,diverse_then_repeat_backdoor,0.5,0,3,0.806,0.036222222222222225,0.08246666164933322,2,2,1.0,0.0,1.0,0,0,0
fashion_mnist,20,2,mixed_maturity,access_no_limited,dirichlet_lcb,diverse_then_repeat_backdoor,0.5,0,4,0.8134,0.06911111111111111,0.08246666164933322,2,2,1.0,0.0,1.0,0,0,0
fashion_mnist,20,2,mixed_maturity,access_no_limited,dirichlet_lcb,diverse_then_repeat_backdoor,0.5,0,5,0.8242,0.09666666666666666,0.08246666164933325,2,2,1.0,0.0,1.0,0,0,0
fashion_mnist,20,2,mixed_maturity,access_no_limited,dirichlet_lcb,diverse_then_repeat_backdoor,0.5,0,6,0.8256,0.11044444444444444,0.08246666164933324,2,2,1.0,0.0,1.0,0,0,0
fashion_mnist,20,2,mixed_maturity,access_no_limited,dirichlet_lcb,diverse_then_repeat_backdoor,0.5,0,7,0.8196,0.11,0.08246666164933322,2,2,1.0,0.0,1.0,0,0,0
fashion_mnist,20,2,mixed_maturity,access_no_limited,dirichlet_lcb,diverse_then_repeat_backdoor,0.5,0,8,0.8108,0.13466666666666666,0.08246666164933324,2,2,1.0,0.0,1.0,0,0,0
fashion_mnist,20,2,mixed_maturity,access_no_limited,dirichlet_lcb,diverse_then_repeat_backdoor,0.5,0,9,0.829,0.17888888888888888,0.08246666164933322,2,2,1.0,0.0,1.0,0,0,0
fashion_mnist,20,2,mixed_maturity,access_no_limited,dirichlet_lcb,diverse_then_repeat_backdoor,0.5,0,10,0.8312,0.18066666666666667,0.08246666164933325,2,2,1.0,0.0,1.0,0,0,0
fashion_mnist,20,2,mixed_maturity,access_no_limited,dirichlet_lcb,diverse_then_repeat_backdoor,0.5,0,11,0.8148,0.1928888888888889,0.08246666164933322,2,2,1.0,0.0,1.0,0,0,0
fashion_mnist,20,2,mixed_maturity,access_no_limited,dirichlet_lcb,diverse_then_repeat_backdoor,0.5,0,12,0.8316,0.24488888888888888,0.08246666164933324,2,2,1.0,0.0,1.0,0,0,0
fashion_mnist,20,2,mixed_maturity,access_no_limited,dirichlet_lcb,diverse_then_repeat_backdoor,0.5,0,13,0.8162,0.20022222222222222,0.08246666164933322,2,2,1.0,0.0,1.0,0,0,0
fashion_mnist,20,2,mixed_maturity,access_no_limited,dirichlet_lcb,diverse_then_repeat_backdoor,0.5,0,14,0.8366,0.30844444444444447,0.08246666164933324,2,2,1.0,0.0,1.0,0,0,0
fashion_mnist,20,2,mixed_maturity,access_no_limited,dirichlet_lcb,diverse_then_repeat_backdoor,0.5,0,15,0.8298,0.29733333333333334,0.08246666164933322,2,2,1.0,0.0,1.0,0,0,0
fashion_mnist,20,2,mixed_maturity,access_no_limited,dirichlet_lcb,diverse_then_repeat_backdoor,0.5,0,16,0.8352,0.31355555555555553,0.08246666164933322,2,2,1.0,0.0,1.0,0,0,0
fashion_mnist,20,2,mixed_maturity,access_no_limited,dirichlet_lcb,diverse_then_repeat_backdoor,0.5,0,17,0.8364,0.34555555555555556,0.08246666164933322,2,2,1.0,0.0,1.0,0,0,0
fashion_mnist,20,2,mixed_maturity,access_no_limited,dirichlet_lcb,diverse_then_repeat_backdoor,0.5,0,18,0.8374,0.4026666666666667,0.08246666164933322,2,2,1.0,0.0,1.0,0,0,0
fashion_mnist,20,2,mixed_maturity,access_no_limited,dirichlet_lcb,diverse_then_repeat_backdoor,0.5,0,19,0.8342,0.384,0.08246666164933322,2,2,1.0,0.0,1.0,0,0,0
fashion_mnist,20,2,mixed_maturity,access_no_limited,dirichlet_lcb,diverse_then_repeat_backdoor,0.5,0,20,0.8364,0.4388888888888889,0.08246666164933324,2,2,1.0,0.0,1.0,0,0,0
fashion_mnist,20,2,mixed_maturity,access_no_limited,dirichlet_lcb,diverse_then_repeat_backdoor,0.5,0,21,0.8356,0.44177777777777777,0.08246666164933324,2,2,1.0,0.0,1.0,0,0,0
fashion_mnist,20,2,mixed_maturity,access_no_limited,dirichlet_lcb,diverse_then_repeat_backdoor,0.5,0,22,0.8248,0.37844444444444447,0.08246666164933322,2,2,1.0,0.0,1.0,0,0,0
fashion_mnist,20,2,mixed_maturity,access_no_limited,dirichlet_lcb,diverse_then_repeat_backdoor,0.5,0,23,0.8334,0.4908888888888889,0.08246666164933322,2,2,1.0,0.0,1.0,0,0,0
fashion_mnist,20,2,mixed_maturity,access_no_limited,dirichlet_lcb,diverse_then_repeat_backdoor,0.5,0,24,0.8398,0.4855555555555556,0.08246666164933325,2,2,1.0,0.0,1.0,0,0,0
fashion_mnist,20,2,mixed_maturity,access_no_limited,dirichlet_lcb,diverse_then_repeat_backdoor,0.5,0,25,0.8382,0.5306666666666666,0.08246666164933324,2,2,1.0,0.0,1.0,0,0,0
fashion_mnist,20,2,mixed_maturity,access_no_limited,dirichlet_lcb,diverse_then_repeat_backdoor,0.5,0,26,0.8092,0.47955555555555557,0.08246666164933324,2,2,1.0,0.0,1.0,0,0,0
fashion_mnist,20,2,mixed_maturity,access_no_limited,dirichlet_lcb,diverse_then_repeat_backdoor,0.5,0,27,0.832,0.5335555555555556,0.08246666164933322,2,2,1.0,0.0,1.0,0,0,0
fashion_mnist,20,2,mixed_maturity,access_no_limited,dirichlet_lcb,diverse_then_repeat_backdoor,0.5,0,28,0.839,0.5426666666666666,0.08246666164933324,2,2,1.0,0.0,1.0,0,0,0
fashion_mnist,20,2,mixed_maturity,access_no_limited,dirichlet_lcb,diverse_then_repeat_backdoor,0.5,0,29,0.839,0.5351111111111111,0.08246666164933322,2,2,1.0,0.0,1.0,0,0,0
fashion_mnist,20,2,mixed_maturity,access_no_limited,dirichlet_lcb,diverse_then_repeat_backdoor,0.5,0,30,0.8388,0.5684444444444444,0.08246666164933324,2,2,1.0,0.0,1.0,0,0,0
fashion_mnist,20,2,mixed_maturity,access_no_limited,dirichlet_lcb,diverse_then_repeat_backdoor,0.5,0,31,0.7928,0.5944444444444444,0.08246666164933324,2,2,1.0,0.0,1.0,0,0,0
fashion_mnist,20,2,mixed_maturity,access_no_limited,dirichlet_lcb,diverse_then_repeat_backdoor,0.5,0,32,0.803,0.5746666666666667,0.08246666164933325,2,2,1.0,0.0,1.0,0,0,0
fashion_mnist,20,2,mixed_maturity,access_no_limited,dirichlet_lcb,diverse_then_repeat_backdoor,0.5,0,33,0.8388,0.6122222222222222,0.08246666164933324,2,2,1.0,0.0,1.0,0,0,0
fashion_mnist,20,2,mixed_maturity,access_no_limited,dirichlet_lcb,diverse_then_repeat_backdoor,0.5,0,34,0.8408,0.6246666666666667,0.08246666164933324,2,2,1.0,0.0,1.0,0,0,0
fashion_mnist,20,2,mixed_maturity,access_no_limited,dirichlet_lcb,diverse_then_repeat_backdoor,0.5,0,35,0.8392,0.6364444444444445,0.08246666164933322,2,2,1.0,0.0,1.0,0,0,0
fashion_mnist,20,2,mixed_maturity,access_no_limited,dirichlet_lcb,diverse_then_repeat_backdoor,0.5,0,36,0.8368,0.6237777777777778,0.08246666164933324,2,2,1.0,0.0,1.0,0,0,0
fashion_mnist,20,2,mixed_maturity,access_no_limited,dirichlet_lcb,diverse_then_repeat_backdoor,0.5,0,37,0.8394,0.6253333333333333,0.08246666164933324,2,2,1.0,0.0,1.0,0,0,0
fashion_mnist,20,2,mixed_maturity,access_no_limited,dirichlet_lcb,diverse_then_repeat_backdoor,0.5,0,38,0.8398,0.6593333333333333,0.08246666164933322,2,2,1.0,0.0,1.0,0,0,0
fashion_mnist,20,2,mixed_maturity,access_no_limited,dirichlet_lcb,diverse_then_repeat_backdoor,0.5,0,39,0.8296,0.6811111111111111,0.08246666164933322,2,2,1.0,0.0,1.0,0,0,0
fashion_mnist,20,2,mixed_maturity,access_no_limited,dirichlet_lcb,diverse_then_repeat_backdoor,0.5,0,40,0.839,0.6722222222222223,0.08246666164933322,2,2,1.0,0.0,1.0,0,0,0
fashion_mnist,20,2,mixed_maturity,access_no_limited,dirichlet_lcb,diverse_then_repeat_backdoor,0.5,0,41,0.8354,0.6571111111111111,0.08246666164933322,2,2,1.0,0.0,1.0,0,0,0
fashion_mnist,20,2,mixed_maturity,access_no_limited,dirichlet_lcb,diverse_then_repeat_backdoor,0.5,0,42,0.835,0.6697777777777778,0.08246666164933322,2,2,1.0,0.0,1.0,0,0,0
fashion_mnist,20,2,mixed_maturity,access_no_limited,dirichlet_lcb,diverse_then_repeat_backdoor,0.5,0,43,0.8378,0.6946666666666667,0.08246666164933322,2,2,1.0,0.0,1.0,0,0,0
fashion_mnist,20,2,mixed_maturity,access_no_limited,dirichlet_lcb,diverse_then_repeat_backdoor,0.5,0,44,0.8392,0.6548888888888889,0.08246666164933325,2,2,1.0,0.0,1.0,0,0,0
fashion_mnist,20,2,mixed_maturity,access_no_limited,dirichlet_lcb,diverse_then_repeat_backdoor,0.5,0,45,0.8426,0.6924444444444444,0.08246666164933322,2,2,1.0,0.0,1.0,0,0,0
fashion_mnist,20,2,mixed_maturity,access_no_limited,dirichlet_lcb,diverse_then_repeat_backdoor,0.5,0,46,0.8386,0.7017777777777777,0.08246666164933322,2,2,1.0,0.0,1.0,0,0,0
fashion_mnist,20,2,mixed_maturity,access_no_limited,dirichlet_lcb,diverse_then_repeat_backdoor,0.5,0,47,0.8382,0.6811111111111111,0.08246666164933324,2,2,1.0,0.0,1.0,0,0,0
fashion_mnist,20,2,mixed_maturity,access_no_limited,dirichlet_lcb,diverse_then_repeat_backdoor,0.5,0,48,0.8398,0.71,0.08246666164933322,2,2,1.0,0.0,1.0,0,0,0
fashion_mnist,20,2,mixed_maturity,access_no_limited,dirichlet_lcb,diverse_then_repeat_backdoor,0.5,0,49,0.8386,0.7248888888888889,0.08246666164933324,2,2,1.0,0.0,1.0,0,0,0
fashion_mnist,20,2,mixed_maturity,access_no_limited,dirichlet_lcb,diverse_then_repeat_backdoor,0.5,0,50,0.8416,0.7328888888888889,0.08246666164933325,2,2,1.0,0.0,1.0,0,0,0
fashion_mnist,20,2,mixed_maturity,access_no_limited,dirichlet_lcb,diverse_then_repeat_backdoor,0.5,1,1,0.7586,0.04688888888888889,0.1420666685793333,2,2,1.0,0.0,1.0,0,0,0
fashion_mnist,20,2,mixed_maturity,access_no_limited,dirichlet_lcb,diverse_then_repeat_backdoor,0.5,1,2,0.7974,0.07355555555555555,0.1420666685793333,2,2,1.0,0.0,1.0,0,0,0
fashion_mnist,20,2,mixed_maturity,access_no_limited,dirichlet_lcb,diverse_then_repeat_backdoor,0.5,1,3,0.7992,0.11444444444444445,0.1420666685793333,2,2,1.0,0.0,1.0,0,0,0
fashion_mnist,20,2,mixed_maturity,access_no_limited,dirichlet_lcb,diverse_then_repeat_backdoor,0.5,1,4,0.809,0.14155555555555555,0.1420666685793333,2,2,1.0,0.0,1.0,0,0,0
fashion_mnist,20,2,mixed_maturity,access_no_limited,dirichlet_lcb,diverse_then_repeat_backdoor,0.5,1,5,0.8196,0.19333333333333333,0.14206666857933334,2,2,1.0,0.0,1.0,0,0,0
fashion_mnist,20,2,mixed_maturity,access_no_limited,dirichlet_lcb,diverse_then_repeat_backdoor,0.5,1,6,0.8222,0.2653333333333333,0.1420666685793333,2,2,1.0,0.0,1.0,0,0,0
fashion_mnist,20,2,mixed_maturity,access_no_limited,dirichlet_lcb,diverse_then_repeat_backdoor,0.5,1,7,0.8218,0.3273333333333333,0.1420666685793333,2,2,1.0,0.0,1.0,0,0,0
fashion_mnist,20,2,mixed_maturity,access_no_limited,dirichlet_lcb,diverse_then_repeat_backdoor,0.5,1,8,0.8254,0.378,0.1420666685793333,2,2,1.0,0.0,1.0,0,0,0
fashion_mnist,20,2,mixed_maturity,access_no_limited,dirichlet_lcb,diverse_then_repeat_backdoor,0.5,1,9,0.818,0.3928888888888889,0.1420666685793333,2,2,1.0,0.0,1.0,0,0,0
fashion_mnist,20,2,mixed_maturity,access_no_limited,dirichlet_lcb,diverse_then_repeat_backdoor,0.5,1,10,0.8276,0.47955555555555557,0.1420666685793333,2,2,1.0,0.0,1.0,0,0,0
fashion_mnist,20,2,mixed_maturity,access_no_limited,dirichlet_lcb,diverse_then_repeat_backdoor,0.5,1,11,0.8318,0.4748888888888889,0.14206666857933334,2,2,1.0,0.0,1.0,0,0,0
fashion_mnist,20,2,mixed_maturity,access_no_limited,dirichlet_lcb,diverse_then_repeat_backdoor,0.5,1,12,0.8208,0.5595555555555556,0.14206666857933334,2,2,1.0,0.0,1.0,0,0,0
fashion_mnist,20,2,mixed_maturity,access_no_limited,dirichlet_lcb,diverse_then_repeat_backdoor,0.5,1,13,0.8228,0.554,0.14206666857933334,2,2,1.0,0.0,1.0,0,0,0
fashion_mnist,20,2,mixed_maturity,access_no_limited,dirichlet_lcb,diverse_then_repeat_backdoor,0.5,1,14,0.83,0.5808888888888889,0.1420666685793333,2,2,1.0,0.0,1.0,0,0,0
fashion_mnist,20,2,mixed_maturity,access_no_limited,dirichlet_lcb,diverse_then_repeat_backdoor,0.5,1,15,0.8274,0.6395555555555555,0.1420666685793333,2,2,1.0,0.0,1.0,0,0,0
fashion_mnist,20,2,mixed_maturity,access_no_limited,dirichlet_lcb,diverse_then_repeat_backdoor,0.5,1,16,0.8292,0.6368888888888888,0.14206666857933334,2,2,1.0,0.0,1.0,0,0,0
fashion_mnist,20,2,mixed_maturity,access_no_limited,dirichlet_lcb,diverse_then_repeat_backdoor,0.5,1,17,0.83,0.6786666666666666,0.14206666857933334,2,2,1.0,0.0,1.0,0,0,0
fashion_mnist,20,2,mixed_maturity,access_no_limited,dirichlet_lcb,diverse_then_repeat_backdoor,0.5,1,18,0.8342,0.6722222222222223,0.1420666685793333,2,2,1.0,0.0,1.0,0,0,0
fashion_mnist,20,2,mixed_maturity,access_no_limited,dirichlet_lcb,diverse_then_repeat_backdoor,0.5,1,19,0.8358,0.7035555555555556,0.14206666857933334,2,2,1.0,0.0,1.0,0,0,0
fashion_mnist,20,2,mixed_maturity,access_no_limited,dirichlet_lcb,diverse_then_repeat_backdoor,0.5,1,20,0.8344,0.7644444444444445,0.1420666685793333,2,2,1.0,0.0,1.0,0,0,0
fashion_mnist,20,2,mixed_maturity,access_no_limited,dirichlet_lcb,diverse_then_repeat_backdoor,0.5,1,21,0.826,0.7593333333333333,0.1420666685793333,2,2,1.0,0.0,1.0,0,0,0
fashion_mnist,20,2,mixed_maturity,access_no_limited,dirichlet_lcb,diverse_then_repeat_backdoor,0.5,1,22,0.8304,0.7364444444444445,0.1420666685793333,2,2,1.0,0.0,1.0,0,0,0
fashion_mnist,20,2,mixed_maturity,access_no_limited,dirichlet_lcb,diverse_then_repeat_backdoor,0.5,1,23,0.8302,0.7393333333333333,0.14206666857933334,2,2,1.0,0.0,1.0,0,0,0
fashion_mnist,20,2,mixed_maturity,access_no_limited,dirichlet_lcb,diverse_then_repeat_backdoor,0.5,1,24,0.8318,0.7682222222222223,0.1420666685793333,2,2,1.0,0.0,1.0,0,0,0
fashion_mnist,20,2,mixed_maturity,access_no_limited,dirichlet_lcb,diverse_then_repeat_backdoor,0.5,1,25,0.8334,0.7593333333333333,0.14206666857933334,2,2,1.0,0.0,1.0,0,0,0
fashion_mnist,20,2,mixed_maturity,access_no_limited,dirichlet_lcb,diverse_then_repeat_backdoor,0.5,1,26,0.8332,0.7986666666666666,0.14206666857933334,2,2,1.0,0.0,1.0,0,0,0
fashion_mnist,20,2,mixed_maturity,access_no_limited,dirichlet_lcb,diverse_then_repeat_backdoor,0.5,1,27,0.8338,0.8397777777777777,0.14206666857933334,2,2,1.0,0.0,1.0,0,0,0
fashion_mnist,20,2,mixed_maturity,access_no_limited,dirichlet_lcb,diverse_then_repeat_backdoor,0.5,1,28,0.8364,0.8184444444444444,0.14206666857933334,2,2,1.0,0.0,1.0,0,0,0
fashion_mnist,20,2,mixed_maturity,access_no_limited,dirichlet_lcb,diverse_then_repeat_backdoor,0.5,1,29,0.8384,0.8368888888888889,0.14206666857933326,2,2,1.0,0.0,1.0,0,0,0
fashion_mnist,20,2,mixed_maturity,access_no_limited,dirichlet_lcb,diverse_then_repeat_backdoor,0.5,1,30,0.8384,0.8353333333333334,0.14206666857933334,2,2,1.0,0.0,1.0,0,0,0
fashion_mnist,20,2,mixed_maturity,access_no_limited,dirichlet_lcb,diverse_then_repeat_backdoor,0.5,1,31,0.8332,0.8551111111111112,0.1420666685793333,2,2,1.0,0.0,1.0,0,0,0
fashion_mnist,20,2,mixed_maturity,access_no_limited,dirichlet_lcb,diverse_then_repeat_backdoor,0.5,1,32,0.8368,0.8262222222222222,0.1420666685793333,2,2,1.0,0.0,1.0,0,0,0
fashion_mnist,20,2,mixed_maturity,access_no_limited,dirichlet_lcb,diverse_then_repeat_backdoor,0.5,1,33,0.8348,0.8742222222222222,0.1420666685793333,2,2,1.0,0.0,1.0,0,0,0
fashion_mnist,20,2,mixed_maturity,access_no_limited,dirichlet_lcb,diverse_then_repeat_backdoor,0.5,1,34,0.84,0.862,0.1420666685793333,2,2,1.0,0.0,1.0,0,0,0
fashion_mnist,20,2,mixed_maturity,access_no_limited,dirichlet_lcb,diverse_then_repeat_backdoor,0.5,1,35,0.8378,0.8522222222222222,0.14206666857933326,2,2,1.0,0.0,1.0,0,0,0
fashion_mnist,20,2,mixed_maturity,access_no_limited,dirichlet_lcb,diverse_then_repeat_backdoor,0.5,1,36,0.84,0.8715555555555555,0.1420666685793333,2,2,1.0,0.0,1.0,0,0,0
fashion_mnist,20,2,mixed_maturity,access_no_limited,dirichlet_lcb,diverse_then_repeat_backdoor,0.5,1,37,0.841,0.886,0.14206666857933334,2,2,1.0,0.0,1.0,0,0,0
fashion_mnist,20,2,mixed_maturity,access_no_limited,dirichlet_lcb,diverse_then_repeat_backdoor,0.5,1,38,0.839,0.8882222222222222,0.14206666857933334,2,2,1.0,0.0,1.0,0,0,0
fashion_mnist,20,2,mixed_maturity,access_no_limited,dirichlet_lcb,diverse_then_repeat_backdoor,0.5,1,39,0.8406,0.8871111111111111,0.1420666685793333,2,2,1.0,0.0,1.0,0,0,0
fashion_mnist,20,2,mixed_maturity,access_no_limited,dirichlet_lcb,diverse_then_repeat_backdoor,0.5,1,40,0.8372,0.8911111111111111,0.1420666685793333,2,2,1.0,0.0,1.0,0,0,0
fashion_mnist,20,2,mixed_maturity,access_no_limited,dirichlet_lcb,diverse_then_repeat_backdoor,0.5,1,41,0.8292,0.8682222222222222,0.1420666685793333,2,2,1.0,0.0,1.0,0,0,0
fashion_mnist,20,2,mixed_maturity,access_no_limited,dirichlet_lcb,diverse_then_repeat_backdoor,0.5,1,42,0.8334,0.884,0.1420666685793333,2,2,1.0,0.0,1.0,0,0,0
fashion_mnist,20,2,mixed_maturity,access_no_limited,dirichlet_lcb,diverse_then_repeat_backdoor,0.5,1,43,0.8342,0.9053333333333333,0.1420666685793333,2,2,1.0,0.0,1.0,0,0,0
fashion_mnist,20,2,mixed_maturity,access_no_limited,dirichlet_lcb,diverse_then_repeat_backdoor,0.5,1,44,0.8272,0.9175555555555556,0.14206666857933334,2,2,1.0,0.0,1.0,0,0,0
fashion_mnist,20,2,mixed_maturity,access_no_limited,dirichlet_lcb,diverse_then_repeat_backdoor,0.5,1,45,0.8426,0.91,0.1420666685793333,2,2,1.0,0.0,1.0,0,0,0
fashion_mnist,20,2,mixed_maturity,access_no_limited,dirichlet_lcb,diverse_then_repeat_backdoor,0.5,1,46,0.841,0.9086666666666666,0.14206666857933334,2,2,1.0,0.0,1.0,0,0,0
fashion_mnist,20,2,mixed_maturity,access_no_limited,dirichlet_lcb,diverse_then_repeat_backdoor,0.5,1,47,0.8386,0.9368888888888889,0.14206666857933334,2,2,1.0,0.0,1.0,0,0,0
fashion_mnist,20,2,mixed_maturity,access_no_limited,dirichlet_lcb,diverse_then_repeat_backdoor,0.5,1,48,0.84,0.904,0.1420666685793333,2,2,1.0,0.0,1.0,0,0,0
fashion_mnist,20,2,mixed_maturity,access_no_limited,dirichlet_lcb,diverse_then_repeat_backdoor,0.5,1,49,0.8384,0.9271111111111111,0.1420666685793333,2,2,1.0,0.0,1.0,0,0,0
fashion_mnist,20,2,mixed_maturity,access_no_limited,dirichlet_lcb,diverse_then_repeat_backdoor,0.5,1,50,0.8354,0.926,0.1420666685793333,2,2,1.0,0.0,1.0,0,0,0
fashion_mnist,20,2,mixed_maturity,access_no_limited,dirichlet_lcb,diverse_then_repeat_backdoor,0.5,2,1,0.7604,0.03133333333333333,0.09446666811066665,2,2,1.0,0.0,1.0,0,0,0
fashion_mnist,20,2,mixed_maturity,access_no_limited,dirichlet_lcb,diverse_then_repeat_backdoor,0.5,2,2,0.8012,0.05422222222222222,0.09446666811066665,2,2,1.0,0.0,1.0,0,0,0
fashion_mnist,20,2,mixed_maturity,access_no_limited,dirichlet_lcb,diverse_then_repeat_backdoor,0.5,2,3,0.8146,0.05688888888888889,0.09446666811066665,2,2,1.0,0.0,1.0,0,0,0
fashion_mnist,20,2,mixed_maturity,access_no_limited,dirichlet_lcb,diverse_then_repeat_backdoor,0.5,2,4,0.8162,0.09066666666666667,0.09446666811066665,2,2,1.0,0.0,1.0,0,0,0
fashion_mnist,20,2,mixed_maturity,access_no_limited,dirichlet_lcb,diverse_then_repeat_backdoor,0.5,2,5,0.8246,0.11933333333333333,0.09446666811066665,2,2,1.0,0.0,1.0,0,0,0
fashion_mnist,20,2,mixed_maturity,access_no_limited,dirichlet_lcb,diverse_then_repeat_backdoor,0.5,2,6,0.8226,0.13155555555555556,0.09446666811066665,2,2,1.0,0.0,1.0,0,0,0
fashion_mnist,20,2,mixed_maturity,access_no_limited,dirichlet_lcb,diverse_then_repeat_backdoor,0.5,2,7,0.8258,0.15533333333333332,0.09446666811066665,2,2,1.0,0.0,1.0,0,0,0
fashion_mnist,20,2,mixed_maturity,access_no_limited,dirichlet_lcb,diverse_then_repeat_backdoor,0.5,2,8,0.8196,0.182,0.09446666811066665,2,2,1.0,0.0,1.0,0,0,0
fashion_mnist,20,2,mixed_maturity,access_no_limited,dirichlet_lcb,diverse_then_repeat_backdoor,0.5,2,9,0.8226,0.19666666666666666,0.09446666811066663,2,2,1.0,0.0,1.0,0,0,0
fashion_mnist,20,2,mixed_maturity,access_no_limited,dirichlet_lcb,diverse_then_repeat_backdoor,0.5,2,10,0.8286,0.26511111111111113,0.09446666811066663,2,2,1.0,0.0,1.0,0,0,0
fashion_mnist,20,2,mixed_maturity,access_no_limited,dirichlet_lcb,diverse_then_repeat_backdoor,0.5,2,11,0.832,0.28355555555555556,0.09446666811066663,2,2,1.0,0.0,1.0,0,0,0
fashion_mnist,20,2,mixed_maturity,access_no_limited,dirichlet_lcb,diverse_then_repeat_backdoor,0.5,2,12,0.8296,0.3302222222222222,0.09446666811066665,2,2,1.0,0.0,1.0,0,0,0
fashion_mnist,20,2,mixed_maturity,access_no_limited,dirichlet_lcb,diverse_then_repeat_backdoor,0.5,2,13,0.832,0.3491111111111111,0.09446666811066665,2,2,1.0,0.0,1.0,0,0,0
fashion_mnist,20,2,mixed_maturity,access_no_limited,dirichlet_lcb,diverse_then_repeat_backdoor,0.5,2,14,0.8332,0.3582222222222222,0.09446666811066667,2,2,1.0,0.0,1.0,0,0,0
fashion_mnist,20,2,mixed_maturity,access_no_limited,dirichlet_lcb,diverse_then_repeat_backdoor,0.5,2,15,0.829,0.38,0.09446666811066665,2,2,1.0,0.0,1.0,0,0,0
fashion_mnist,20,2,mixed_maturity,access_no_limited,dirichlet_lcb,diverse_then_repeat_backdoor,0.5,2,16,0.8304,0.4057777777777778,0.09446666811066665,2,2,1.0,0.0,1.0,0,0,0
fashion_mnist,20,2,mixed_maturity,access_no_limited,dirichlet_lcb,diverse_then_repeat_backdoor,0.5,2,17,0.834,0.5244444444444445,0.09446666811066665,2,2,1.0,0.0,1.0,0,0,0
fashion_mnist,20,2,mixed_maturity,access_no_limited,dirichlet_lcb,diverse_then_repeat_backdoor,0.5,2,18,0.8342,0.48977777777777776,0.09446666811066665,2,2,1.0,0.0,1.0,0,0,0
fashion_mnist,20,2,mixed_maturity,access_no_limited,dirichlet_lcb,diverse_then_repeat_backdoor,0.5,2,19,0.8346,0.5662222222222222,0.09446666811066665,2,2,1.0,0.0,1.0,0,0,0
fashion_mnist,20,2,mixed_maturity,access_no_limited,dirichlet_lcb,diverse_then_repeat_backdoor,0.5,2,20,0.8348,0.5266666666666666,0.09446666811066665,2,2,1.0,0.0,1.0,0,0,0
fashion_mnist,20,2,mixed_maturity,access_no_limited,dirichlet_lcb,diverse_then_repeat_backdoor,0.5,2,21,0.8344,0.5453333333333333,0.09446666811066665,2,2,1.0,0.0,1.0,0,0,0
fashion_mnist,20,2,mixed_maturity,access_no_limited,dirichlet_lcb,diverse_then_repeat_backdoor,0.5,2,22,0.8382,0.5771111111111111,0.09446666811066663,2,2,1.0,0.0,1.0,0,0,0
fashion_mnist,20,2,mixed_maturity,access_no_limited,dirichlet_lcb,diverse_then_repeat_backdoor,0.5,2,23,0.8376,0.622,0.0944666681106666,2,2,1.0,0.0,1.0,0,0,0
fashion_mnist,20,2,mixed_maturity,access_no_limited,dirichlet_lcb,diverse_then_repeat_backdoor,0.5,2,24,0.8346,0.596,0.09446666811066665,2,2,1.0,0.0,1.0,0,0,0
fashion_mnist,20,2,mixed_maturity,access_no_limited,dirichlet_lcb,diverse_then_repeat_backdoor,0.5,2,25,0.8364,0.6384444444444445,0.09446666811066665,2,2,1.0,0.0,1.0,0,0,0
fashion_mnist,20,2,mixed_maturity,access_no_limited,dirichlet_lcb,diverse_then_repeat_backdoor,0.5,2,26,0.8332,0.5966666666666667,0.09446666811066665,2,2,1.0,0.0,1.0,0,0,0
fashion_mnist,20,2,mixed_maturity,access_no_limited,dirichlet_lcb,diverse_then_repeat_backdoor,0.5,2,27,0.8408,0.6513333333333333,0.09446666811066665,2,2,1.0,0.0,1.0,0,0,0
fashion_mnist,20,2,mixed_maturity,access_no_limited,dirichlet_lcb,diverse_then_repeat_backdoor,0.5,2,28,0.8344,0.6415555555555555,0.09446666811066665,2,2,1.0,0.0,1.0,0,0,0
fashion_mnist,20,2,mixed_maturity,access_no_limited,dirichlet_lcb,diverse_then_repeat_backdoor,0.5,2,29,0.8382,0.6657777777777778,0.09446666811066665,2,2,1.0,0.0,1.0,0,0,0
fashion_mnist,20,2,mixed_maturity,access_no_limited,dirichlet_lcb,diverse_then_repeat_backdoor,0.5,2,30,0.8374,0.6617777777777778,0.09446666811066665,2,2,1.0,0.0,1.0,0,0,0
fashion_mnist,20,2,mixed_maturity,access_no_limited,dirichlet_lcb,diverse_then_repeat_backdoor,0.5,2,31,0.8388,0.682,0.09446666811066665,2,2,1.0,0.0,1.0,0,0,0
fashion_mnist,20,2,mixed_maturity,access_no_limited,dirichlet_lcb,diverse_then_repeat_backdoor,0.5,2,32,0.8432,0.71,0.09446666811066665,2,2,1.0,0.0,1.0,0,0,0
fashion_mnist,20,2,mixed_maturity,access_no_limited,dirichlet_lcb,diverse_then_repeat_backdoor,0.5,2,33,0.8384,0.7053333333333334,0.09446666811066663,2,2,1.0,0.0,1.0,0,0,0
fashion_mnist,20,2,mixed_maturity,access_no_limited,dirichlet_lcb,diverse_then_repeat_backdoor,0.5,2,34,0.8384,0.7391111111111112,0.09446666811066665,2,2,1.0,0.0,1.0,0,0,0
fashion_mnist,20,2,mixed_maturity,access_no_limited,dirichlet_lcb,diverse_then_repeat_backdoor,0.5,2,35,0.8444,0.7304444444444445,0.09446666811066665,2,2,1.0,0.0,1.0,0,0,0
fashion_mnist,20,2,mixed_maturity,access_no_limited,dirichlet_lcb,diverse_then_repeat_backdoor,0.5,2,36,0.8348,0.7328888888888889,0.09446666811066663,2,2,1.0,0.0,1.0,0,0,0
fashion_mnist,20,2,mixed_maturity,access_no_limited,dirichlet_lcb,diverse_then_repeat_backdoor,0.5,2,37,0.8426,0.7637777777777778,0.09446666811066665,2,2,1.0,0.0,1.0,0,0,0
fashion_mnist,20,2,mixed_maturity,access_no_limited,dirichlet_lcb,diverse_then_repeat_backdoor,0.5,2,38,0.836,0.7253333333333334,0.09446666811066665,2,2,1.0,0.0,1.0,0,0,0
fashion_mnist,20,2,mixed_maturity,access_no_limited,dirichlet_lcb,diverse_then_repeat_backdoor,0.5,2,39,0.8414,0.7486666666666667,0.09446666811066665,2,2,1.0,0.0,1.0,0,0,0
fashion_mnist,20,2,mixed_maturity,access_no_limited,dirichlet_lcb,diverse_then_repeat_backdoor,0.5,2,40,0.845,0.7706666666666667,0.09446666811066665,2,2,1.0,0.0,1.0,0,0,0
fashion_mnist,20,2,mixed_maturity,access_no_limited,dirichlet_lcb,diverse_then_repeat_backdoor,0.5,2,41,0.8402,0.7573333333333333,0.09446666811066665,2,2,1.0,0.0,1.0,0,0,0
fashion_mnist,20,2,mixed_maturity,access_no_limited,dirichlet_lcb,diverse_then_repeat_backdoor,0.5,2,42,0.8374,0.7528888888888889,0.09446666811066665,2,2,1.0,0.0,1.0,0,0,0
fashion_mnist,20,2,mixed_maturity,access_no_limited,dirichlet_lcb,diverse_then_repeat_backdoor,0.5,2,43,0.8298,0.7566666666666667,0.09446666811066663,2,2,1.0,0.0,1.0,0,0,0
fashion_mnist,20,2,mixed_maturity,access_no_limited,dirichlet_lcb,diverse_then_repeat_backdoor,0.5,2,44,0.8416,0.7817777777777778,0.09446666811066663,2,2,1.0,0.0,1.0,0,0,0
fashion_mnist,20,2,mixed_maturity,access_no_limited,dirichlet_lcb,diverse_then_repeat_backdoor,0.5,2,45,0.8386,0.7871111111111111,0.09446666811066665,2,2,1.0,0.0,1.0,0,0,0
fashion_mnist,20,2,mixed_maturity,access_no_limited,dirichlet_lcb,diverse_then_repeat_backdoor,0.5,2,46,0.8428,0.7911111111111111,0.09446666811066665,2,2,1.0,0.0,1.0,0,0,0
fashion_mnist,20,2,mixed_maturity,access_no_limited,dirichlet_lcb,diverse_then_repeat_backdoor,0.5,2,47,0.8338,0.79,0.09446666811066665,2,2,1.0,0.0,1.0,0,0,0
fashion_mnist,20,2,mixed_maturity,access_no_limited,dirichlet_lcb,diverse_then_repeat_backdoor,0.5,2,48,0.8466,0.788,0.09446666811066665,2,2,1.0,0.0,1.0,0,0,0
fashion_mnist,20,2,mixed_maturity,access_no_limited,dirichlet_lcb,diverse_then_repeat_backdoor,0.5,2,49,0.842,0.786,0.09446666811066665,2,2,1.0,0.0,1.0,0,0,0
fashion_mnist,20,2,mixed_maturity,access_no_limited,dirichlet_lcb,diverse_then_repeat_backdoor,0.5,2,50,0.8388,0.7904444444444444,0.09446666811066665,2,2,1.0,0.0,1.0,0,0,0
fashion_mnist,20,2,mixed_maturity,access_no_limited,dirichlet_lcb,diverse_then_repeat_backdoor,0.5,3,1,0.7704,0.029777777777777778,0.13084999869150005,2,2,1.0,0.0,1.0,0,0,0
fashion_mnist,20,2,mixed_maturity,access_no_limited,dirichlet_lcb,diverse_then_repeat_backdoor,0.5,3,2,0.7862,0.027333333333333334,0.13084999869150005,2,2,1.0,0.0,1.0,0,0,0
fashion_mnist,20,2,mixed_maturity,access_no_limited,dirichlet_lcb,diverse_then_repeat_backdoor,0.5,3,3,0.8032,0.07311111111111111,0.13084999869150002,2,2,1.0,0.0,1.0,0,0,0
fashion_mnist,20,2,mixed_maturity,access_no_limited,dirichlet_lcb,diverse_then_repeat_backdoor,0.5,3,4,0.8154,0.12644444444444444,0.13084999869150005,2,2,1.0,0.0,1.0,0,0,0
fashion_mnist,20,2,mixed_maturity,access_no_limited,dirichlet_lcb,diverse_then_repeat_backdoor,0.5,3,5,0.813,0.1371111111111111,0.13084999869150005,2,2,1.0,0.0,1.0,0,0,0
fashion_mnist,20,2,mixed_maturity,access_no_limited,dirichlet_lcb,diverse_then_repeat_backdoor,0.5,3,6,0.815,0.22,0.13084999869150002,2,2,1.0,0.0,1.0,0,0,0
fashion_mnist,20,2,mixed_maturity,access_no_limited,dirichlet_lcb,diverse_then_repeat_backdoor,0.5,3,7,0.8214,0.266,0.13084999869150002,2,2,1.0,0.0,1.0,0,0,0
fashion_mnist,20,2,mixed_maturity,access_no_limited,dirichlet_lcb,diverse_then_repeat_backdoor,0.5,3,8,0.8304,0.3342222222222222,0.13084999869150002,2,2,1.0,0.0,1.0,0,0,0
fashion_mnist,20,2,mixed_maturity,access_no_limited,dirichlet_lcb,diverse_then_repeat_backdoor,0.5,3,9,0.8226,0.3591111111111111,0.13084999869150002,2,2,1.0,0.0,1.0,0,0,0
fashion_mnist,20,2,mixed_maturity,access_no_limited,dirichlet_lcb,diverse_then_repeat_backdoor,0.5,3,10,0.831,0.43933333333333335,0.13084999869150002,2,2,1.0,0.0,1.0,0,0,0
fashion_mnist,20,2,mixed_maturity,access_no_limited,dirichlet_lcb,diverse_then_repeat_backdoor,0.5,3,11,0.8302,0.438,0.13084999869150002,2,2,1.0,0.0,1.0,0,0,0
fashion_mnist,20,2,mixed_maturity,access_no_limited,dirichlet_lcb,diverse_then_repeat_backdoor,0.5,3,12,0.8314,0.5088888888888888,0.13084999869150002,2,2,1.0,0.0,1.0,0,0,0
fashion_mnist,20,2,mixed_maturity,access_no_limited,dirichlet_lcb,diverse_then_repeat_backdoor,0.5,3,13,0.8322,0.5357777777777778,0.13084999869150005,2,2,1.0,0.0,1.0,0,0,0
fashion_mnist,20,2,mixed_maturity,access_no_limited,dirichlet_lcb,diverse_then_repeat_backdoor,0.5,3,14,0.8324,0.5446666666666666,0.13084999869150002,2,2,1.0,0.0,1.0,0,0,0
fashion_mnist,20,2,mixed_maturity,access_no_limited,dirichlet_lcb,diverse_then_repeat_backdoor,0.5,3,15,0.8242,0.5075555555555555,0.13084999869150002,2,2,1.0,0.0,1.0,0,0,0
fashion_mnist,20,2,mixed_maturity,access_no_limited,dirichlet_lcb,diverse_then_repeat_backdoor,0.5,3,16,0.833,0.618,0.13084999869150002,2,2,1.0,0.0,1.0,0,0,0
fashion_mnist,20,2,mixed_maturity,access_no_limited,dirichlet_lcb,diverse_then_repeat_backdoor,0.5,3,17,0.8366,0.6148888888888889,0.13084999869150002,2,2,1.0,0.0,1.0,0,0,0
fashion_mnist,20,2,mixed_maturity,access_no_limited,dirichlet_lcb,diverse_then_repeat_backdoor,0.5,3,18,0.8334,0.6413333333333333,0.13084999869150002,2,2,1.0,0.0,1.0,0,0,0
fashion_mnist,20,2,mixed_maturity,access_no_limited,dirichlet_lcb,diverse_then_repeat_backdoor,0.5,3,19,0.8362,0.6717777777777778,0.13084999869150002,2,2,1.0,0.0,1.0,0,0,0
fashion_mnist,20,2,mixed_maturity,access_no_limited,dirichlet_lcb,diverse_then_repeat_backdoor,0.5,3,20,0.8338,0.6662222222222223,0.13084999869150002,2,2,1.0,0.0,1.0,0,0,0
fashion_mnist,20,2,mixed_maturity,access_no_limited,dirichlet_lcb,diverse_then_repeat_backdoor,0.5,3,21,0.823,0.6786666666666666,0.13084999869150002,2,2,1.0,0.0,1.0,0,0,0
fashion_mnist,20,2,mixed_maturity,access_no_limited,dirichlet_lcb,diverse_then_repeat_backdoor,0.5,3,22,0.8334,0.6962222222222222,0.13084999869150002,2,2,1.0,0.0,1.0,0,0,0
fashion_mnist,20,2,mixed_maturity,access_no_limited,dirichlet_lcb,diverse_then_repeat_backdoor,0.5,3,23,0.8156,0.6817777777777778,0.13084999869150002,2,2,1.0,0.0,1.0,0,0,0
fashion_mnist,20,2,mixed_maturity,access_no_limited,dirichlet_lcb,diverse_then_repeat_backdoor,0.5,3,24,0.8368,0.7364444444444445,0.13084999869150005,2,2,1.0,0.0,1.0,0,0,0
fashion_mnist,20,2,mixed_maturity,access_no_limited,dirichlet_lcb,diverse_then_repeat_backdoor,0.5,3,25,0.8316,0.7502222222222222,0.13084999869150002,2,2,1.0,0.0,1.0,0,0,0
fashion_mnist,20,2,mixed_maturity,access_no_limited,dirichlet_lcb,diverse_then_repeat_backdoor,0.5,3,26,0.827,0.7171111111111111,0.13084999869150002,2,2,1.0,0.0,1.0,0,0,0
fashion_mnist,20,2,mixed_maturity,access_no_limited,dirichlet_lcb,diverse_then_repeat_backdoor,0.5,3,27,0.84,0.7557777777777778,0.13084999869150002,2,2,1.0,0.0,1.0,0,0,0
fashion_mnist,20,2,mixed_maturity,access_no_limited,dirichlet_lcb,diverse_then_repeat_backdoor,0.5,3,28,0.8398,0.7933333333333333,0.13084999869150002,2,2,1.0,0.0,1.0,0,0,0
fashion_mnist,20,2,mixed_maturity,access_no_limited,dirichlet_lcb,diverse_then_repeat_backdoor,0.5,3,29,0.8368,0.7504444444444445,0.13084999869150002,2,2,1.0,0.0,1.0,0,0,0
fashion_mnist,20,2,mixed_maturity,access_no_limited,dirichlet_lcb,diverse_then_repeat_backdoor,0.5,3,30,0.8264,0.7966666666666666,0.13084999869150002,2,2,1.0,0.0,1.0,0,0,0
fashion_mnist,20,2,mixed_maturity,access_no_limited,dirichlet_lcb,diverse_then_repeat_backdoor,0.5,3,31,0.8358,0.8271111111111111,0.13084999869150002,2,2,1.0,0.0,1.0,0,0,0
fashion_mnist,20,2,mixed_maturity,access_no_limited,dirichlet_lcb,diverse_then_repeat_backdoor,0.5,3,32,0.8374,0.8093333333333333,0.13084999869150005,2,2,1.0,0.0,1.0,0,0,0
fashion_mnist,20,2,mixed_maturity,access_no_limited,dirichlet_lcb,diverse_then_repeat_backdoor,0.5,3,33,0.8334,0.7913333333333333,0.13084999869150002,2,2,1.0,0.0,1.0,0,0,0
fashion_mnist,20,2,mixed_maturity,access_no_limited,dirichlet_lcb,diverse_then_repeat_backdoor,0.5,3,34,0.8408,0.836,0.13084999869150002,2,2,1.0,0.0,1.0,0,0,0
fashion_mnist,20,2,mixed_maturity,access_no_limited,dirichlet_lcb,diverse_then_repeat_backdoor,0.5,3,35,0.8368,0.8337777777777777,0.13084999869150005,2,2,1.0,0.0,1.0,0,0,0
fashion_mnist,20,2,mixed_maturity,access_no_limited,dirichlet_lcb,diverse_then_repeat_backdoor,0.5,3,36,0.8392,0.8137777777777778,0.13084999869150002,2,2,1.0,0.0,1.0,0,0,0
fashion_mnist,20,2,mixed_maturity,access_no_limited,dirichlet_lcb,diverse_then_repeat_backdoor,0.5,3,37,0.8362,0.8002222222222222,0.13084999869150002,2,2,1.0,0.0,1.0,0,0,0
fashion_mnist,20,2,mixed_maturity,access_no_limited,dirichlet_lcb,diverse_then_repeat_backdoor,0.5,3,38,0.8344,0.8448888888888889,0.13084999869150002,2,2,1.0,0.0,1.0,0,0,0
fashion_mnist,20,2,mixed_maturity,access_no_limited,dirichlet_lcb,diverse_then_repeat_backdoor,0.5,3,39,0.8368,0.8313333333333334,0.13084999869150002,2,2,1.0,0.0,1.0,0,0,0
fashion_mnist,20,2,mixed_maturity,access_no_limited,dirichlet_lcb,diverse_then_repeat_backdoor,0.5,3,40,0.8342,0.8155555555555556,0.13084999869150002,2,2,1.0,0.0,1.0,0,0,0
fashion_mnist,20,2,mixed_maturity,access_no_limited,dirichlet_lcb,diverse_then_repeat_backdoor,0.5,3,41,0.8404,0.8628888888888889,0.13084999869150002,2,2,1.0,0.0,1.0,0,0,0
fashion_mnist,20,2,mixed_maturity,access_no_limited,dirichlet_lcb,diverse_then_repeat_backdoor,0.5,3,42,0.835,0.8706666666666667,0.13084999869150002,2,2,1.0,0.0,1.0,0,0,0
fashion_mnist,20,2,mixed_maturity,access_no_limited,dirichlet_lcb,diverse_then_repeat_backdoor,0.5,3,43,0.8418,0.8671111111111112,0.13084999869150002,2,2,1.0,0.0,1.0,0,0,0
fashion_mnist,20,2,mixed_maturity,access_no_limited,dirichlet_lcb,diverse_then_repeat_backdoor,0.5,3,44,0.8314,0.862,0.1308499986915,2,2,1.0,0.0,1.0,0,0,0
fashion_mnist,20,2,mixed_maturity,access_no_limited,dirichlet_lcb,diverse_then_repeat_backdoor,0.5,3,45,0.8394,0.8857777777777778,0.13084999869150002,2,2,1.0,0.0,1.0,0,0,0
fashion_mnist,20,2,mixed_maturity,access_no_limited,dirichlet_lcb,diverse_then_repeat_backdoor,0.5,3,46,0.8418,0.8771111111111111,0.13084999869150002,2,2,1.0,0.0,1.0,0,0,0
fashion_mnist,20,2,mixed_maturity,access_no_limited,dirichlet_lcb,diverse_then_repeat_backdoor,0.5,3,47,0.84,0.876,0.13084999869150002,2,2,1.0,0.0,1.0,0,0,0
fashion_mnist,20,2,mixed_maturity,access_no_limited,dirichlet_lcb,diverse_then_repeat_backdoor,0.5,3,48,0.841,0.89,0.13084999869150002,2,2,1.0,0.0,1.0,0,0,0
fashion_mnist,20,2,mixed_maturity,access_no_limited,dirichlet_lcb,diverse_then_repeat_backdoor,0.5,3,49,0.8422,0.89,0.13084999869150002,2,2,1.0,0.0,1.0,0,0,0
fashion_mnist,20,2,mixed_maturity,access_no_limited,dirichlet_lcb,diverse_then_repeat_backdoor,0.5,3,50,0.8302,0.8648888888888889,0.13084999869150002,2,2,1.0,0.0,1.0,0,0,0
fashion_mnist,20,2,mixed_maturity,access_no_limited,dirichlet_lcb,diverse_then_repeat_backdoor,0.5,4,1,0.754,0.04822222222222222,0.06925000069250001,2,2,1.0,0.0,1.0,0,0,0
fashion_mnist,20,2,mixed_maturity,access_no_limited,dirichlet_lcb,diverse_then_repeat_backdoor,0.5,4,2,0.7876,0.030444444444444444,0.06925000069250001,2,2,1.0,0.0,1.0,0,0,0
fashion_mnist,20,2,mixed_maturity,access_no_limited,dirichlet_lcb,diverse_then_repeat_backdoor,0.5,4,3,0.8064,0.06488888888888888,0.06925000069250001,2,2,1.0,0.0,1.0,0,0,0
fashion_mnist,20,2,mixed_maturity,access_no_limited,dirichlet_lcb,diverse_then_repeat_backdoor,0.5,4,4,0.7934,0.094,0.06925000069250001,2,2,1.0,0.0,1.0,0,0,0
fashion_mnist,20,2,mixed_maturity,access_no_limited,dirichlet_lcb,diverse_then_repeat_backdoor,0.5,4,5,0.815,0.10111111111111111,0.06925000069250002,2,2,1.0,0.0,1.0,0,0,0
fashion_mnist,20,2,mixed_maturity,access_no_limited,dirichlet_lcb,diverse_then_repeat_backdoor,0.5,4,6,0.8162,0.08977777777777778,0.06925000069250001,2,2,1.0,0.0,1.0,0,0,0
fashion_mnist,20,2,mixed_maturity,access_no_limited,dirichlet_lcb,diverse_then_repeat_backdoor,0.5,4,7,0.8234,0.15644444444444444,0.06925000069250001,2,2,1.0,0.0,1.0,0,0,0
fashion_mnist,20,2,mixed_maturity,access_no_limited,dirichlet_lcb,diverse_then_repeat_backdoor,0.5,4,8,0.8248,0.17377777777777778,0.06925000069250001,2,2,1.0,0.0,1.0,0,0,0
fashion_mnist,20,2,mixed_maturity,access_no_limited,dirichlet_lcb,diverse_then_repeat_backdoor,0.5,4,9,0.827,0.18133333333333335,0.06925000069250001,2,2,1.0,0.0,1.0,0,0,0
fashion_mnist,20,2,mixed_maturity,access_no_limited,dirichlet_lcb,diverse_then_repeat_backdoor,0.5,4,10,0.8258,0.18355555555555556,0.06925000069250001,2,2,1.0,0.0,1.0,0,0,0
fashion_mnist,20,2,mixed_maturity,access_no_limited,dirichlet_lcb,diverse_then_repeat_backdoor,0.5,4,11,0.8308,0.22511111111111112,0.06925000069250002,2,2,1.0,0.0,1.0,0,0,0
fashion_mnist,20,2,mixed_maturity,access_no_limited,dirichlet_lcb,diverse_then_repeat_backdoor,0.5,4,12,0.826,0.18977777777777777,0.06925000069250002,2,2,1.0,0.0,1.0,0,0,0
fashion_mnist,20,2,mixed_maturity,access_no_limited,dirichlet_lcb,diverse_then_repeat_backdoor,0.5,4,13,0.8274,0.2624444444444444,0.06925000069250001,2,2,1.0,0.0,1.0,0,0,0
fashion_mnist,20,2,mixed_maturity,access_no_limited,dirichlet_lcb,diverse_then_repeat_backdoor,0.5,4,14,0.829,0.28933333333333333,0.06925000069250002,2,2,1.0,0.0,1.0,0,0,0
fashion_mnist,20,2,mixed_maturity,access_no_limited,dirichlet_lcb,diverse_then_repeat_backdoor,0.5,4,15,0.831,0.28555555555555556,0.06925000069250001,2,2,1.0,0.0,1.0,0,0,0
fashion_mnist,20,2,mixed_maturity,access_no_limited,dirichlet_lcb,diverse_then_repeat_backdoor,0.5,4,16,0.829,0.3,0.06925000069250001,2,2,1.0,0.0,1.0,0,0,0
fashion_mnist,20,2,mixed_maturity,access_no_limited,dirichlet_lcb,diverse_then_repeat_backdoor,0.5,4,17,0.8226,0.3937777777777778,0.06925000069250002,2,2,1.0,0.0,1.0,0,0,0
fashion_mnist,20,2,mixed_maturity,access_no_limited,dirichlet_lcb,diverse_then_repeat_backdoor,0.5,4,18,0.833,0.3433333333333333,0.06925000069250001,2,2,1.0,0.0,1.0,0,0,0
fashion_mnist,20,2,mixed_maturity,access_no_limited,dirichlet_lcb,diverse_then_repeat_backdoor,0.5,4,19,0.8288,0.402,0.06925000069250001,2,2,1.0,0.0,1.0,0,0,0
fashion_mnist,20,2,mixed_maturity,access_no_limited,dirichlet_lcb,diverse_then_repeat_backdoor,0.5,4,20,0.8316,0.38711111111111113,0.06925000069250002,2,2,1.0,0.0,1.0,0,0,0
fashion_mnist,20,2,mixed_maturity,access_no_limited,dirichlet_lcb,diverse_then_repeat_backdoor,0.5,4,21,0.83,0.36844444444444446,0.06925000069250002,2,2,1.0,0.0,1.0,0,0,0
fashion_mnist,20,2,mixed_maturity,access_no_limited,dirichlet_lcb,diverse_then_repeat_backdoor,0.5,4,22,0.8348,0.45666666666666667,0.06925000069250001,2,2,1.0,0.0,1.0,0,0,0
fashion_mnist,20,2,mixed_maturity,access_no_limited,dirichlet_lcb,diverse_then_repeat_backdoor,0.5,4,23,0.8346,0.4206666666666667,0.06925000069250001,2,2,1.0,0.0,1.0,0,0,0
fashion_mnist,20,2,mixed_maturity,access_no_limited,dirichlet_lcb,diverse_then_repeat_backdoor,0.5,4,24,0.8314,0.4786666666666667,0.06925000069250001,2,2,1.0,0.0,1.0,0,0,0
fashion_mnist,20,2,mixed_maturity,access_no_limited,dirichlet_lcb,diverse_then_repeat_backdoor,0.5,4,25,0.831,0.48688888888888887,0.06925000069250001,2,2,1.0,0.0,1.0,0,0,0
fashion_mnist,20,2,mixed_maturity,access_no_limited,dirichlet_lcb,diverse_then_repeat_backdoor,0.5,4,26,0.8326,0.4471111111111111,0.06925000069250001,2,2,1.0,0.0,1.0,0,0,0
fashion_mnist,20,2,mixed_maturity,access_no_limited,dirichlet_lcb,diverse_then_repeat_backdoor,0.5,4,27,0.8364,0.4797777777777778,0.06925000069250002,2,2,1.0,0.0,1.0,0,0,0
fashion_mnist,20,2,mixed_maturity,access_no_limited,dirichlet_lcb,diverse_then_repeat_backdoor,0.5,4,28,0.8302,0.49755555555555553,0.06925000069250001,2,2,1.0,0.0,1.0,0,0,0
fashion_mnist,20,2,mixed_maturity,access_no_limited,dirichlet_lcb,diverse_then_repeat_backdoor,0.5,4,29,0.8278,0.5251111111111111,0.06925000069250001,2,2,1.0,0.0,1.0,0,0,0
fashion_mnist,20,2,mixed_maturity,access_no_limited,dirichlet_lcb,diverse_then_repeat_backdoor,0.5,4,30,0.838,0.5486666666666666,0.06925000069250002,2,2,1.0,0.0,1.0,0,0,0
fashion_mnist,20,2,mixed_maturity,access_no_limited,dirichlet_lcb,diverse_then_repeat_backdoor,0.5,4,31,0.8288,0.5295555555555556,0.06925000069250001,2,2,1.0,0.0,1.0,0,0,0
fashion_mnist,20,2,mixed_maturity,access_no_limited,dirichlet_lcb,diverse_then_repeat_backdoor,0.5,4,32,0.8302,0.5057777777777778,0.06925000069250002,2,2,1.0,0.0,1.0,0,0,0
fashion_mnist,20,2,mixed_maturity,access_no_limited,dirichlet_lcb,diverse_then_repeat_backdoor,0.5,4,33,0.8356,0.5795555555555556,0.06925000069250001,2,2,1.0,0.0,1.0,0,0,0
fashion_mnist,20,2,mixed_maturity,access_no_limited,dirichlet_lcb,diverse_then_repeat_backdoor,0.5,4,34,0.8314,0.5637777777777778,0.06925000069250002,2,2,1.0,0.0,1.0,0,0,0
fashion_mnist,20,2,mixed_maturity,access_no_limited,dirichlet_lcb,diverse_then_repeat_backdoor,0.5,4,35,0.8346,0.6006666666666667,0.06925000069250001,2,2,1.0,0.0,1.0,0,0,0
fashion_mnist,20,2,mixed_maturity,access_no_limited,dirichlet_lcb,diverse_then_repeat_backdoor,0.5,4,36,0.8394,0.5846666666666667,0.06925000069250001,2,2,1.0,0.0,1.0,0,0,0
fashion_mnist,20,2,mixed_maturity,access_no_limited,dirichlet_lcb,diverse_then_repeat_backdoor,0.5,4,37,0.8346,0.5891111111111111,0.06925000069250001,2,2,1.0,0.0,1.0,0,0,0
fashion_mnist,20,2,mixed_maturity,access_no_limited,dirichlet_lcb,diverse_then_repeat_backdoor,0.5,4,38,0.8246,0.5357777777777778,0.06925000069250001,2,2,1.0,0.0,1.0,0,0,0
fashion_mnist,20,2,mixed_maturity,access_no_limited,dirichlet_lcb,diverse_then_repeat_backdoor,0.5,4,39,0.8404,0.6175555555555555,0.06925000069250001,2,2,1.0,0.0,1.0,0,0,0
fashion_mnist,20,2,mixed_maturity,access_no_limited,dirichlet_lcb,diverse_then_repeat_backdoor,0.5,4,40,0.8382,0.6204444444444445,0.06925000069250002,2,2,1.0,0.0,1.0,0,0,0
fashion_mnist,20,2,mixed_maturity,access_no_limited,dirichlet_lcb,diverse_then_repeat_backdoor,0.5,4,41,0.8378,0.6482222222222223,0.06925000069250002,2,2,1.0,0.0,1.0,0,0,0
fashion_mnist,20,2,mixed_maturity,access_no_limited,dirichlet_lcb,diverse_then_repeat_backdoor,0.5,4,42,0.8286,0.624,0.06925000069250001,2,2,1.0,0.0,1.0,0,0,0
fashion_mnist,20,2,mixed_maturity,access_no_limited,dirichlet_lcb,diverse_then_repeat_backdoor,0.5,4,43,0.8356,0.6333333333333333,0.06925000069250001,2,2,1.0,0.0,1.0,0,0,0
fashion_mnist,20,2,mixed_maturity,access_no_limited,dirichlet_lcb,diverse_then_repeat_backdoor,0.5,4,44,0.8372,0.6384444444444445,0.06925000069250002,2,2,1.0,0.0,1.0,0,0,0
fashion_mnist,20,2,mixed_maturity,access_no_limited,dirichlet_lcb,diverse_then_repeat_backdoor,0.5,4,45,0.8392,0.6471111111111111,0.06925000069250001,2,2,1.0,0.0,1.0,0,0,0
fashion_mnist,20,2,mixed_maturity,access_no_limited,dirichlet_lcb,diverse_then_repeat_backdoor,0.5,4,46,0.8394,0.6746666666666666,0.06925000069250002,2,2,1.0,0.0,1.0,0,0,0
fashion_mnist,20,2,mixed_maturity,access_no_limited,dirichlet_lcb,diverse_then_repeat_backdoor,0.5,4,47,0.8358,0.6751111111111111,0.06925000069250002,2,2,1.0,0.0,1.0,0,0,0
fashion_mnist,20,2,mixed_maturity,access_no_limited,dirichlet_lcb,diverse_then_repeat_backdoor,0.5,4,48,0.8386,0.6764444444444444,0.06925000069250001,2,2,1.0,0.0,1.0,0,0,0
fashion_mnist,20,2,mixed_maturity,access_no_limited,dirichlet_lcb,diverse_then_repeat_backdoor,0.5,4,49,0.8338,0.6975555555555556,0.06925000069250002,2,2,1.0,0.0,1.0,0,0,0
fashion_mnist,20,2,mixed_maturity,access_no_limited,dirichlet_lcb,diverse_then_repeat_backdoor,0.5,4,50,0.8354,0.6904444444444444,0.06925000069250002,2,2,1.0,0.0,1.0,0,0,0
