"dataset","client_count","attacker_count","cohort_mode","variant","trust_estimator","attack_scenario","noniid_alpha","repeat","attack_start_round","limited_clean_updates","limited_observation_updates","limited_aggregation_weight","access_lease_full_updates","max_probation_tasks","min_probation_completed_tasks","min_evidence_mass","round","loss","accuracy","backdoor_asr"
"fashion_mnist","20","2","mixed_maturity","access_freshness_lease","dirichlet_lcb","diverse_then_repeat_backdoor","0.5","0","2","5","5","0.5","5","20","9","1.5","1","0.7580200433731079","0.7388","0.005333333333333333"
"fashion_mnist","20","2","mixed_maturity","access_freshness_lease","dirichlet_lcb","diverse_then_repeat_backdoor","0.5","0","2","5","5","0.5","5","20","9","1.5","2","0.6317768692970276","0.7906","0.07088888888888889"
"fashion_mnist","20","2","mixed_maturity","access_freshness_lease","dirichlet_lcb","diverse_then_repeat_backdoor","0.5","0","2","5","5","0.5","5","20","9","1.5","3","0.5697312355041504","0.8076","0.02266666666666667"
"fashion_mnist","20","2","mixed_maturity","access_freshness_lease","dirichlet_lcb","diverse_then_repeat_backdoor","0.5","0","2","5","5","0.5","5","20","9","1.5","4","0.5478740930557251","0.8108","0.03955555555555555"
"fashion_mnist","20","2","mixed_maturity","access_freshness_lease","dirichlet_lcb","diverse_then_repeat_backdoor","0.5","0","2","5","5","0.5","5","20","9","1.5","5","0.5220444202423096","0.8228","0.06644444444444444"
"fashion_mnist","20","2","mixed_maturity","access_freshness_lease","dirichlet_lcb","diverse_then_repeat_backdoor","0.5","0","2","5","5","0.5","5","20","9","1.5","6","0.5132749080657959","0.825","0.08444444444444445"
"fashion_mnist","20","2","mixed_maturity","access_freshness_lease","dirichlet_lcb","diverse_then_repeat_backdoor","0.5","0","2","5","5","0.5","5","20","9","1.5","7","0.5314751267433167","0.8188","0.08133333333333333"
"fashion_mnist","20","2","mixed_maturity","access_freshness_lease","dirichlet_lcb","diverse_then_repeat_backdoor","0.5","0","2","5","5","0.5","5","20","9","1.5","8","0.5692846775054932","0.811","0.10444444444444445"
"fashion_mnist","20","2","mixed_maturity","access_freshness_lease","dirichlet_lcb","diverse_then_repeat_backdoor","0.5","0","2","5","5","0.5","5","20","9","1.5","9","0.49966293573379517","0.8284","0.13933333333333334"
"fashion_mnist","20","2","mixed_maturity","access_freshness_lease","dirichlet_lcb","diverse_then_repeat_backdoor","0.5","0","2","5","5","0.5","5","20","9","1.5","10","0.5010703802108765","0.8302","0.1328888888888889"
"fashion_mnist","20","2","mixed_maturity","access_freshness_lease","dirichlet_lcb","diverse_then_repeat_backdoor","0.5","0","2","5","5","0.5","5","20","9","1.5","11","0.5274346470832825","0.8182","0.1282222222222222"
"fashion_mnist","20","2","mixed_maturity","access_freshness_lease","dirichlet_lcb","diverse_then_repeat_backdoor","0.5","0","2","5","5","0.5","5","20","9","1.5","12","0.49917954206466675","0.832","0.1582222222222222"
"fashion_mnist","20","2","mixed_maturity","access_freshness_lease","dirichlet_lcb","diverse_then_repeat_backdoor","0.5","0","2","5","5","0.5","5","20","9","1.5","13","0.5200074315071106","0.8148","0.11044444444444444"
"fashion_mnist","20","2","mixed_maturity","access_freshness_lease","dirichlet_lcb","diverse_then_repeat_backdoor","0.5","0","2","5","5","0.5","5","20","9","1.5","14","0.4787687063217163","0.8358","0.18555555555555556"
"fashion_mnist","20","2","mixed_maturity","access_freshness_lease","dirichlet_lcb","diverse_then_repeat_backdoor","0.5","0","2","5","5","0.5","5","20","9","1.5","15","0.47710728645324707","0.8292","0.19244444444444445"
"fashion_mnist","20","2","mixed_maturity","access_freshness_lease","dirichlet_lcb","diverse_then_repeat_backdoor","0.5","0","2","5","5","0.5","5","20","9","1.5","16","0.49674493074417114","0.8354","0.21288888888888888"
"fashion_mnist","20","2","mixed_maturity","access_freshness_lease","dirichlet_lcb","diverse_then_repeat_backdoor","0.5","0","2","5","5","0.5","5","20","9","1.5","17","0.4721050262451172","0.8356","0.24666666666666667"
"fashion_mnist","20","2","mixed_maturity","access_freshness_lease","dirichlet_lcb","diverse_then_repeat_backdoor","0.5","0","2","5","5","0.5","5","20","9","1.5","18","0.4844731390476227","0.837","0.3031111111111111"
"fashion_mnist","20","2","mixed_maturity","access_freshness_lease","dirichlet_lcb","diverse_then_repeat_backdoor","0.5","0","2","5","5","0.5","5","20","9","1.5","19","0.4727955162525177","0.834","0.2962222222222222"
"fashion_mnist","20","2","mixed_maturity","access_freshness_lease","dirichlet_lcb","diverse_then_repeat_backdoor","0.5","0","2","5","5","0.5","5","20","9","1.5","20","0.484178364276886","0.8374","0.3228888888888889"
"fashion_mnist","20","2","mixed_maturity","access_freshness_lease","dirichlet_lcb","diverse_then_repeat_backdoor","0.5","0","2","5","5","0.5","5","20","9","1.5","21","0.47407153248786926","0.8352","0.31577777777777777"
"fashion_mnist","20","2","mixed_maturity","access_freshness_lease","dirichlet_lcb","diverse_then_repeat_backdoor","0.5","0","2","5","5","0.5","5","20","9","1.5","22","0.5054155588150024","0.8232","0.25577777777777777"
"fashion_mnist","20","2","mixed_maturity","access_freshness_lease","dirichlet_lcb","diverse_then_repeat_backdoor","0.5","0","2","5","5","0.5","5","20","9","1.5","23","0.4880354404449463","0.8342","0.342"
"fashion_mnist","20","2","mixed_maturity","access_freshness_lease","dirichlet_lcb","diverse_then_repeat_backdoor","0.5","0","2","5","5","0.5","5","20","9","1.5","24","0.468609482049942","0.8396","0.3342222222222222"
"fashion_mnist","20","2","mixed_maturity","access_freshness_lease","dirichlet_lcb","diverse_then_repeat_backdoor","0.5","0","2","5","5","0.5","5","20","9","1.5","25","0.46025341749191284","0.8378","0.38866666666666666"
"fashion_mnist","20","2","mixed_maturity","access_freshness_lease","dirichlet_lcb","diverse_then_repeat_backdoor","0.5","0","2","5","5","0.5","5","20","9","1.5","26","0.5412701368331909","0.8098","0.35044444444444445"
"fashion_mnist","20","2","mixed_maturity","access_freshness_lease","dirichlet_lcb","diverse_then_repeat_backdoor","0.5","0","2","5","5","0.5","5","20","9","1.5","27","0.47576630115509033","0.8322","0.4117777777777778"
"fashion_mnist","20","2","mixed_maturity","access_freshness_lease","dirichlet_lcb","diverse_then_repeat_backdoor","0.5","0","2","5","5","0.5","5","20","9","1.5","28","0.4672921895980835","0.8388","0.4328888888888889"
"fashion_mnist","20","2","mixed_maturity","access_freshness_lease","dirichlet_lcb","diverse_then_repeat_backdoor","0.5","0","2","5","5","0.5","5","20","9","1.5","29","0.46788716316223145","0.8388","0.426"
"fashion_mnist","20","2","mixed_maturity","access_freshness_lease","dirichlet_lcb","diverse_then_repeat_backdoor","0.5","0","2","5","5","0.5","5","20","9","1.5","30","0.45906513929367065","0.8388","0.4428888888888889"
"fashion_mnist","20","2","mixed_maturity","access_freshness_lease","dirichlet_lcb","diverse_then_repeat_backdoor","0.5","0","2","5","5","0.5","5","20","9","1.5","31","0.5871413946151733","0.7922","0.45066666666666666"
"fashion_mnist","20","2","mixed_maturity","access_freshness_lease","dirichlet_lcb","diverse_then_repeat_backdoor","0.5","0","2","5","5","0.5","5","20","9","1.5","32","0.5890130996704102","0.798","0.44266666666666665"
"fashion_mnist","20","2","mixed_maturity","access_freshness_lease","dirichlet_lcb","diverse_then_repeat_backdoor","0.5","0","2","5","5","0.5","5","20","9","1.5","33","0.47618427872657776","0.8376","0.47555555555555556"
"fashion_mnist","20","2","mixed_maturity","access_freshness_lease","dirichlet_lcb","diverse_then_repeat_backdoor","0.5","0","2","5","5","0.5","5","20","9","1.5","34","0.46395570039749146","0.8412","0.4842222222222222"
"fashion_mnist","20","2","mixed_maturity","access_freshness_lease","dirichlet_lcb","diverse_then_repeat_backdoor","0.5","0","2","5","5","0.5","5","20","9","1.5","35","0.4604417383670807","0.8394","0.5104444444444445"
"fashion_mnist","20","2","mixed_maturity","access_freshness_lease","dirichlet_lcb","diverse_then_repeat_backdoor","0.5","0","2","5","5","0.5","5","20","9","1.5","36","0.4957324266433716","0.8372","0.5157777777777778"
"fashion_mnist","20","2","mixed_maturity","access_freshness_lease","dirichlet_lcb","diverse_then_repeat_backdoor","0.5","0","2","5","5","0.5","5","20","9","1.5","37","0.4674564003944397","0.839","0.5186666666666667"
"fashion_mnist","20","2","mixed_maturity","access_freshness_lease","dirichlet_lcb","diverse_then_repeat_backdoor","0.5","0","2","5","5","0.5","5","20","9","1.5","38","0.47897017002105713","0.8404","0.5588888888888889"
"fashion_mnist","20","2","mixed_maturity","access_freshness_lease","dirichlet_lcb","diverse_then_repeat_backdoor","0.5","0","2","5","5","0.5","5","20","9","1.5","39","0.4730285108089447","0.8292","0.5822222222222222"
"fashion_mnist","20","2","mixed_maturity","access_freshness_lease","dirichlet_lcb","diverse_then_repeat_backdoor","0.5","0","2","5","5","0.5","5","20","9","1.5","40","0.46536046266555786","0.8398","0.5595555555555556"
"fashion_mnist","20","2","mixed_maturity","access_freshness_lease","dirichlet_lcb","diverse_then_repeat_backdoor","0.5","0","2","5","5","0.5","5","20","9","1.5","41","0.47598299384117126","0.834","0.5342222222222223"
"fashion_mnist","20","2","mixed_maturity","access_freshness_lease","dirichlet_lcb","diverse_then_repeat_backdoor","0.5","0","2","5","5","0.5","5","20","9","1.5","42","0.4810671806335449","0.8344","0.5475555555555556"
"fashion_mnist","20","2","mixed_maturity","access_freshness_lease","dirichlet_lcb","diverse_then_repeat_backdoor","0.5","0","2","5","5","0.5","5","20","9","1.5","43","0.46696826815605164","0.8378","0.564"
"fashion_mnist","20","2","mixed_maturity","access_freshness_lease","dirichlet_lcb","diverse_then_repeat_backdoor","0.5","0","2","5","5","0.5","5","20","9","1.5","44","0.4644699692726135","0.839","0.526"
"fashion_mnist","20","2","mixed_maturity","access_freshness_lease","dirichlet_lcb","diverse_then_repeat_backdoor","0.5","0","2","5","5","0.5","5","20","9","1.5","45","0.45464086532592773","0.8428","0.5726666666666667"
"fashion_mnist","20","2","mixed_maturity","access_freshness_lease","dirichlet_lcb","diverse_then_repeat_backdoor","0.5","0","2","5","5","0.5","5","20","9","1.5","46","0.4948287010192871","0.8384","0.5957777777777777"
"fashion_mnist","20","2","mixed_maturity","access_freshness_lease","dirichlet_lcb","diverse_then_repeat_backdoor","0.5","0","2","5","5","0.5","5","20","9","1.5","47","0.483016699552536","0.8378","0.578"
"fashion_mnist","20","2","mixed_maturity","access_freshness_lease","dirichlet_lcb","diverse_then_repeat_backdoor","0.5","0","2","5","5","0.5","5","20","9","1.5","48","0.45645877718925476","0.8394","0.6104444444444445"
"fashion_mnist","20","2","mixed_maturity","access_freshness_lease","dirichlet_lcb","diverse_then_repeat_backdoor","0.5","0","2","5","5","0.5","5","20","9","1.5","49","0.47354698181152344","0.839","0.6397777777777778"
"fashion_mnist","20","2","mixed_maturity","access_freshness_lease","dirichlet_lcb","diverse_then_repeat_backdoor","0.5","0","2","5","5","0.5","5","20","9","1.5","50","0.45380815863609314","0.8428","0.6228888888888889"
"fashion_mnist","20","2","mixed_maturity","access_freshness_lease","dirichlet_lcb","diverse_then_repeat_backdoor","0.5","1","2","5","5","0.5","5","20","9","1.5","1","0.7350659966468811","0.7556","0.04088888888888889"
"fashion_mnist","20","2","mixed_maturity","access_freshness_lease","dirichlet_lcb","diverse_then_repeat_backdoor","0.5","1","2","5","5","0.5","5","20","9","1.5","2","0.6259382963180542","0.7942","0.050666666666666665"
"fashion_mnist","20","2","mixed_maturity","access_freshness_lease","dirichlet_lcb","diverse_then_repeat_backdoor","0.5","1","2","5","5","0.5","5","20","9","1.5","3","0.619615375995636","0.7978","0.06644444444444444"
"fashion_mnist","20","2","mixed_maturity","access_freshness_lease","dirichlet_lcb","diverse_then_repeat_backdoor","0.5","1","2","5","5","0.5","5","20","9","1.5","4","0.5725957751274109","0.8072","0.07177777777777777"
"fashion_mnist","20","2","mixed_maturity","access_freshness_lease","dirichlet_lcb","diverse_then_repeat_backdoor","0.5","1","2","5","5","0.5","5","20","9","1.5","5","0.5493861436843872","0.8194","0.11288888888888889"
"fashion_mnist","20","2","mixed_maturity","access_freshness_lease","dirichlet_lcb","diverse_then_repeat_backdoor","0.5","1","2","5","5","0.5","5","20","9","1.5","6","0.5504114031791687","0.8214","0.1751111111111111"
"fashion_mnist","20","2","mixed_maturity","access_freshness_lease","dirichlet_lcb","diverse_then_repeat_backdoor","0.5","1","2","5","5","0.5","5","20","9","1.5","7","0.5358559489250183","0.8212","0.23466666666666666"
"fashion_mnist","20","2","mixed_maturity","access_freshness_lease","dirichlet_lcb","diverse_then_repeat_backdoor","0.5","1","2","5","5","0.5","5","20","9","1.5","8","0.5176392793655396","0.8242","0.29733333333333334"
"fashion_mnist","20","2","mixed_maturity","access_freshness_lease","dirichlet_lcb","diverse_then_repeat_backdoor","0.5","1","2","5","5","0.5","5","20","9","1.5","9","0.5443877577781677","0.818","0.32555555555555554"
"fashion_mnist","20","2","mixed_maturity","access_freshness_lease","dirichlet_lcb","diverse_then_repeat_backdoor","0.5","1","2","5","5","0.5","5","20","9","1.5","10","0.5228898525238037","0.8238","0.3486666666666667"
"fashion_mnist","20","2","mixed_maturity","access_freshness_lease","dirichlet_lcb","diverse_then_repeat_backdoor","0.5","1","2","5","5","0.5","5","20","9","1.5","11","0.5081639885902405","0.8274","0.33955555555555555"
"fashion_mnist","20","2","mixed_maturity","access_freshness_lease","dirichlet_lcb","diverse_then_repeat_backdoor","0.5","1","2","5","5","0.5","5","20","9","1.5","12","0.5461046099662781","0.8208","0.39222222222222225"
"fashion_mnist","20","2","mixed_maturity","access_freshness_lease","dirichlet_lcb","diverse_then_repeat_backdoor","0.5","1","2","5","5","0.5","5","20","9","1.5","13","0.5319759845733643","0.8204","0.38555555555555554"
"fashion_mnist","20","2","mixed_maturity","access_freshness_lease","dirichlet_lcb","diverse_then_repeat_backdoor","0.5","1","2","5","5","0.5","5","20","9","1.5","14","0.5092302560806274","0.8322","0.38666666666666666"
"fashion_mnist","20","2","mixed_maturity","access_freshness_lease","dirichlet_lcb","diverse_then_repeat_backdoor","0.5","1","2","5","5","0.5","5","20","9","1.5","15","0.5362982153892517","0.8274","0.4875555555555556"
"fashion_mnist","20","2","mixed_maturity","access_freshness_lease","dirichlet_lcb","diverse_then_repeat_backdoor","0.5","1","2","5","5","0.5","5","20","9","1.5","16","0.5119896531105042","0.831","0.5013333333333333"
"fashion_mnist","20","2","mixed_maturity","access_freshness_lease","dirichlet_lcb","diverse_then_repeat_backdoor","0.5","1","2","5","5","0.5","5","20","9","1.5","17","0.5111876130104065","0.8296","0.5633333333333334"
"fashion_mnist","20","2","mixed_maturity","access_freshness_lease","dirichlet_lcb","diverse_then_repeat_backdoor","0.5","1","2","5","5","0.5","5","20","9","1.5","18","0.49002373218536377","0.8338","0.5642222222222222"
"fashion_mnist","20","2","mixed_maturity","access_freshness_lease","dirichlet_lcb","diverse_then_repeat_backdoor","0.5","1","2","5","5","0.5","5","20","9","1.5","19","0.4952699840068817","0.8352","0.6124444444444445"
"fashion_mnist","20","2","mixed_maturity","access_freshness_lease","dirichlet_lcb","diverse_then_repeat_backdoor","0.5","1","2","5","5","0.5","5","20","9","1.5","20","0.4958033263683319","0.8332","0.6437777777777778"
"fashion_mnist","20","2","mixed_maturity","access_freshness_lease","dirichlet_lcb","diverse_then_repeat_backdoor","0.5","1","2","5","5","0.5","5","20","9","1.5","21","0.5162516236305237","0.8282","0.6277777777777778"
"fashion_mnist","20","2","mixed_maturity","access_freshness_lease","dirichlet_lcb","diverse_then_repeat_backdoor","0.5","1","2","5","5","0.5","5","20","9","1.5","22","0.495259165763855","0.825","0.5824444444444444"
"fashion_mnist","20","2","mixed_maturity","access_freshness_lease","dirichlet_lcb","diverse_then_repeat_backdoor","0.5","1","2","5","5","0.5","5","20","9","1.5","23","0.5137948989868164","0.832","0.5833333333333334"
"fashion_mnist","20","2","mixed_maturity","access_freshness_lease","dirichlet_lcb","diverse_then_repeat_backdoor","0.5","1","2","5","5","0.5","5","20","9","1.5","24","0.4998796880245209","0.8314","0.6086666666666667"
"fashion_mnist","20","2","mixed_maturity","access_freshness_lease","dirichlet_lcb","diverse_then_repeat_backdoor","0.5","1","2","5","5","0.5","5","20","9","1.5","25","0.4867176413536072","0.8324","0.6326666666666667"
"fashion_mnist","20","2","mixed_maturity","access_freshness_lease","dirichlet_lcb","diverse_then_repeat_backdoor","0.5","1","2","5","5","0.5","5","20","9","1.5","26","0.48863524198532104","0.833","0.6875555555555556"
"fashion_mnist","20","2","mixed_maturity","access_freshness_lease","dirichlet_lcb","diverse_then_repeat_backdoor","0.5","1","2","5","5","0.5","5","20","9","1.5","27","0.5027865171432495","0.8326","0.7553333333333333"
"fashion_mnist","20","2","mixed_maturity","access_freshness_lease","dirichlet_lcb","diverse_then_repeat_backdoor","0.5","1","2","5","5","0.5","5","20","9","1.5","28","0.483216792345047","0.8374","0.7268888888888889"
"fashion_mnist","20","2","mixed_maturity","access_freshness_lease","dirichlet_lcb","diverse_then_repeat_backdoor","0.5","1","2","5","5","0.5","5","20","9","1.5","29","0.4807734787464142","0.8384","0.754"
"fashion_mnist","20","2","mixed_maturity","access_freshness_lease","dirichlet_lcb","diverse_then_repeat_backdoor","0.5","1","2","5","5","0.5","5","20","9","1.5","30","0.4782632887363434","0.8378","0.7344444444444445"
"fashion_mnist","20","2","mixed_maturity","access_freshness_lease","dirichlet_lcb","diverse_then_repeat_backdoor","0.5","1","2","5","5","0.5","5","20","9","1.5","31","0.4947117269039154","0.8346","0.7435555555555555"
"fashion_mnist","20","2","mixed_maturity","access_freshness_lease","dirichlet_lcb","diverse_then_repeat_backdoor","0.5","1","2","5","5","0.5","5","20","9","1.5","32","0.4838484227657318","0.8318","0.6933333333333334"
"fashion_mnist","20","2","mixed_maturity","access_freshness_lease","dirichlet_lcb","diverse_then_repeat_backdoor","0.5","1","2","5","5","0.5","5","20","9","1.5","33","0.4988190531730652","0.8362","0.7542222222222222"
"fashion_mnist","20","2","mixed_maturity","access_freshness_lease","dirichlet_lcb","diverse_then_repeat_backdoor","0.5","1","2","5","5","0.5","5","20","9","1.5","34","0.4824292063713074","0.8376","0.7422222222222222"
"fashion_mnist","20","2","mixed_maturity","access_freshness_lease","dirichlet_lcb","diverse_then_repeat_backdoor","0.5","1","2","5","5","0.5","5","20","9","1.5","35","0.4765666127204895","0.8366","0.754"
"fashion_mnist","20","2","mixed_maturity","access_freshness_lease","dirichlet_lcb","diverse_then_repeat_backdoor","0.5","1","2","5","5","0.5","5","20","9","1.5","36","0.48216748237609863","0.8402","0.7942222222222223"
"fashion_mnist","20","2","mixed_maturity","access_freshness_lease","dirichlet_lcb","diverse_then_repeat_backdoor","0.5","1","2","5","5","0.5","5","20","9","1.5","37","0.48370376229286194","0.8396","0.8226666666666667"
"fashion_mnist","20","2","mixed_maturity","access_freshness_lease","dirichlet_lcb","diverse_then_repeat_backdoor","0.5","1","2","5","5","0.5","5","20","9","1.5","38","0.4925370216369629","0.8386","0.8324444444444444"
"fashion_mnist","20","2","mixed_maturity","access_freshness_lease","dirichlet_lcb","diverse_then_repeat_backdoor","0.5","1","2","5","5","0.5","5","20","9","1.5","39","0.48259490728378296","0.8408","0.8368888888888889"
"fashion_mnist","20","2","mixed_maturity","access_freshness_lease","dirichlet_lcb","diverse_then_repeat_backdoor","0.5","1","2","5","5","0.5","5","20","9","1.5","40","0.49534207582473755","0.8378","0.8251111111111111"
"fashion_mnist","20","2","mixed_maturity","access_freshness_lease","dirichlet_lcb","diverse_then_repeat_backdoor","0.5","1","2","5","5","0.5","5","20","9","1.5","41","0.49607348442077637","0.8286","0.7804444444444445"
"fashion_mnist","20","2","mixed_maturity","access_freshness_lease","dirichlet_lcb","diverse_then_repeat_backdoor","0.5","1","2","5","5","0.5","5","20","9","1.5","42","0.49012622237205505","0.8308","0.7931111111111111"
"fashion_mnist","20","2","mixed_maturity","access_freshness_lease","dirichlet_lcb","diverse_then_repeat_backdoor","0.5","1","2","5","5","0.5","5","20","9","1.5","43","0.4917544424533844","0.8304","0.8173333333333334"
"fashion_mnist","20","2","mixed_maturity","access_freshness_lease","dirichlet_lcb","diverse_then_repeat_backdoor","0.5","1","2","5","5","0.5","5","20","9","1.5","44","0.5164942145347595","0.833","0.8382222222222222"
"fashion_mnist","20","2","mixed_maturity","access_freshness_lease","dirichlet_lcb","diverse_then_repeat_backdoor","0.5","1","2","5","5","0.5","5","20","9","1.5","45","0.4809322655200958","0.8422","0.8495555555555555"
"fashion_mnist","20","2","mixed_maturity","access_freshness_lease","dirichlet_lcb","diverse_then_repeat_backdoor","0.5","1","2","5","5","0.5","5","20","9","1.5","46","0.47971537709236145","0.8402","0.8555555555555555"
"fashion_mnist","20","2","mixed_maturity","access_freshness_lease","dirichlet_lcb","diverse_then_repeat_backdoor","0.5","1","2","5","5","0.5","5","20","9","1.5","47","0.4903865158557892","0.8384","0.8951111111111111"
"fashion_mnist","20","2","mixed_maturity","access_freshness_lease","dirichlet_lcb","diverse_then_repeat_backdoor","0.5","1","2","5","5","0.5","5","20","9","1.5","48","0.47020721435546875","0.8404","0.8568888888888889"
"fashion_mnist","20","2","mixed_maturity","access_freshness_lease","dirichlet_lcb","diverse_then_repeat_backdoor","0.5","1","2","5","5","0.5","5","20","9","1.5","49","0.48397910594940186","0.8386","0.8875555555555555"
"fashion_mnist","20","2","mixed_maturity","access_freshness_lease","dirichlet_lcb","diverse_then_repeat_backdoor","0.5","1","2","5","5","0.5","5","20","9","1.5","50","0.4959665536880493","0.8372","0.8722222222222222"
"fashion_mnist","20","2","mixed_maturity","access_freshness_lease","dirichlet_lcb","diverse_then_repeat_backdoor","0.5","2","2","5","5","0.5","5","20","9","1.5","1","0.7192755937576294","0.7684","0.032"
"fashion_mnist","20","2","mixed_maturity","access_freshness_lease","dirichlet_lcb","diverse_then_repeat_backdoor","0.5","2","2","5","5","0.5","5","20","9","1.5","2","0.5974261164665222","0.8018","0.041777777777777775"
"fashion_mnist","20","2","mixed_maturity","access_freshness_lease","dirichlet_lcb","diverse_then_repeat_backdoor","0.5","2","2","5","5","0.5","5","20","9","1.5","3","0.5558595657348633","0.8146","0.03333333333333333"
"fashion_mnist","20","2","mixed_maturity","access_freshness_lease","dirichlet_lcb","diverse_then_repeat_backdoor","0.5","2","2","5","5","0.5","5","20","9","1.5","4","0.5462934374809265","0.8152","0.043555555555555556"
"fashion_mnist","20","2","mixed_maturity","access_freshness_lease","dirichlet_lcb","diverse_then_repeat_backdoor","0.5","2","2","5","5","0.5","5","20","9","1.5","5","0.5281832218170166","0.8236","0.07844444444444444"
"fashion_mnist","20","2","mixed_maturity","access_freshness_lease","dirichlet_lcb","diverse_then_repeat_backdoor","0.5","2","2","5","5","0.5","5","20","9","1.5","6","0.522100567817688","0.8218","0.08622222222222223"
"fashion_mnist","20","2","mixed_maturity","access_freshness_lease","dirichlet_lcb","diverse_then_repeat_backdoor","0.5","2","2","5","5","0.5","5","20","9","1.5","7","0.5165768265724182","0.8264","0.11088888888888888"
"fashion_mnist","20","2","mixed_maturity","access_freshness_lease","dirichlet_lcb","diverse_then_repeat_backdoor","0.5","2","2","5","5","0.5","5","20","9","1.5","8","0.5050382614135742","0.82","0.1351111111111111"
"fashion_mnist","20","2","mixed_maturity","access_freshness_lease","dirichlet_lcb","diverse_then_repeat_backdoor","0.5","2","2","5","5","0.5","5","20","9","1.5","9","0.5103804469108582","0.8222","0.15311111111111111"
"fashion_mnist","20","2","mixed_maturity","access_freshness_lease","dirichlet_lcb","diverse_then_repeat_backdoor","0.5","2","2","5","5","0.5","5","20","9","1.5","10","0.5003229975700378","0.8274","0.18155555555555555"
"fashion_mnist","20","2","mixed_maturity","access_freshness_lease","dirichlet_lcb","diverse_then_repeat_backdoor","0.5","2","2","5","5","0.5","5","20","9","1.5","11","0.4970631003379822","0.832","0.192"
"fashion_mnist","20","2","mixed_maturity","access_freshness_lease","dirichlet_lcb","diverse_then_repeat_backdoor","0.5","2","2","5","5","0.5","5","20","9","1.5","12","0.4991380274295807","0.83","0.20977777777777779"
"fashion_mnist","20","2","mixed_maturity","access_freshness_lease","dirichlet_lcb","diverse_then_repeat_backdoor","0.5","2","2","5","5","0.5","5","20","9","1.5","13","0.48647382855415344","0.8316","0.21266666666666667"
"fashion_mnist","20","2","mixed_maturity","access_freshness_lease","dirichlet_lcb","diverse_then_repeat_backdoor","0.5","2","2","5","5","0.5","5","20","9","1.5","14","0.4833156168460846","0.835","0.20844444444444443"
"fashion_mnist","20","2","mixed_maturity","access_freshness_lease","dirichlet_lcb","diverse_then_repeat_backdoor","0.5","2","2","5","5","0.5","5","20","9","1.5","15","0.4964354932308197","0.8294","0.246"
"fashion_mnist","20","2","mixed_maturity","access_freshness_lease","dirichlet_lcb","diverse_then_repeat_backdoor","0.5","2","2","5","5","0.5","5","20","9","1.5","16","0.48110371828079224","0.8298","0.2811111111111111"
"fashion_mnist","20","2","mixed_maturity","access_freshness_lease","dirichlet_lcb","diverse_then_repeat_backdoor","0.5","2","2","5","5","0.5","5","20","9","1.5","17","0.4929090738296509","0.8338","0.40244444444444444"
"fashion_mnist","20","2","mixed_maturity","access_freshness_lease","dirichlet_lcb","diverse_then_repeat_backdoor","0.5","2","2","5","5","0.5","5","20","9","1.5","18","0.4799552857875824","0.8338","0.37133333333333335"
"fashion_mnist","20","2","mixed_maturity","access_freshness_lease","dirichlet_lcb","diverse_then_repeat_backdoor","0.5","2","2","5","5","0.5","5","20","9","1.5","19","0.5050819516181946","0.8344","0.4708888888888889"
"fashion_mnist","20","2","mixed_maturity","access_freshness_lease","dirichlet_lcb","diverse_then_repeat_backdoor","0.5","2","2","5","5","0.5","5","20","9","1.5","20","0.4808899462223053","0.836","0.4026666666666667"
"fashion_mnist","20","2","mixed_maturity","access_freshness_lease","dirichlet_lcb","diverse_then_repeat_backdoor","0.5","2","2","5","5","0.5","5","20","9","1.5","21","0.4931531250476837","0.8334","0.40644444444444444"
"fashion_mnist","20","2","mixed_maturity","access_freshness_lease","dirichlet_lcb","diverse_then_repeat_backdoor","0.5","2","2","5","5","0.5","5","20","9","1.5","22","0.4839372932910919","0.8416","0.43577777777777776"
"fashion_mnist","20","2","mixed_maturity","access_freshness_lease","dirichlet_lcb","diverse_then_repeat_backdoor","0.5","2","2","5","5","0.5","5","20","9","1.5","23","0.47843262553215027","0.8396","0.4651111111111111"
"fashion_mnist","20","2","mixed_maturity","access_freshness_lease","dirichlet_lcb","diverse_then_repeat_backdoor","0.5","2","2","5","5","0.5","5","20","9","1.5","24","0.500351071357727","0.8352","0.42244444444444446"
"fashion_mnist","20","2","mixed_maturity","access_freshness_lease","dirichlet_lcb","diverse_then_repeat_backdoor","0.5","2","2","5","5","0.5","5","20","9","1.5","25","0.46882471442222595","0.836","0.488"
"fashion_mnist","20","2","mixed_maturity","access_freshness_lease","dirichlet_lcb","diverse_then_repeat_backdoor","0.5","2","2","5","5","0.5","5","20","9","1.5","26","0.48275038599967957","0.8342","0.45444444444444443"
"fashion_mnist","20","2","mixed_maturity","access_freshness_lease","dirichlet_lcb","diverse_then_repeat_backdoor","0.5","2","2","5","5","0.5","5","20","9","1.5","27","0.4688950777053833","0.841","0.5333333333333333"
"fashion_mnist","20","2","mixed_maturity","access_freshness_lease","dirichlet_lcb","diverse_then_repeat_backdoor","0.5","2","2","5","5","0.5","5","20","9","1.5","28","0.47197598218917847","0.834","0.5304444444444445"
"fashion_mnist","20","2","mixed_maturity","access_freshness_lease","dirichlet_lcb","diverse_then_repeat_backdoor","0.5","2","2","5","5","0.5","5","20","9","1.5","29","0.47553008794784546","0.8382","0.5737777777777778"
"fashion_mnist","20","2","mixed_maturity","access_freshness_lease","dirichlet_lcb","diverse_then_repeat_backdoor","0.5","2","2","5","5","0.5","5","20","9","1.5","30","0.47459620237350464","0.837","0.5462222222222223"
"fashion_mnist","20","2","mixed_maturity","access_freshness_lease","dirichlet_lcb","diverse_then_repeat_backdoor","0.5","2","2","5","5","0.5","5","20","9","1.5","31","0.47322186827659607","0.8372","0.5531111111111111"
"fashion_mnist","20","2","mixed_maturity","access_freshness_lease","dirichlet_lcb","diverse_then_repeat_backdoor","0.5","2","2","5","5","0.5","5","20","9","1.5","32","0.4799332916736603","0.8442","0.5813333333333334"
"fashion_mnist","20","2","mixed_maturity","access_freshness_lease","dirichlet_lcb","diverse_then_repeat_backdoor","0.5","2","2","5","5","0.5","5","20","9","1.5","33","0.49121102690696716","0.839","0.5702222222222222"
"fashion_mnist","20","2","mixed_maturity","access_freshness_lease","dirichlet_lcb","diverse_then_repeat_backdoor","0.5","2","2","5","5","0.5","5","20","9","1.5","34","0.46663159132003784","0.84","0.6164444444444445"
"fashion_mnist","20","2","mixed_maturity","access_freshness_lease","dirichlet_lcb","diverse_then_repeat_backdoor","0.5","2","2","5","5","0.5","5","20","9","1.5","35","0.4673197865486145","0.8448","0.6211111111111111"
"fashion_mnist","20","2","mixed_maturity","access_freshness_lease","dirichlet_lcb","diverse_then_repeat_backdoor","0.5","2","2","5","5","0.5","5","20","9","1.5","36","0.48390325903892517","0.834","0.6333333333333333"
"fashion_mnist","20","2","mixed_maturity","access_freshness_lease","dirichlet_lcb","diverse_then_repeat_backdoor","0.5","2","2","5","5","0.5","5","20","9","1.5","37","0.4666061997413635","0.842","0.682"
"fashion_mnist","20","2","mixed_maturity","access_freshness_lease","dirichlet_lcb","diverse_then_repeat_backdoor","0.5","2","2","5","5","0.5","5","20","9","1.5","38","0.4772147536277771","0.8358","0.6388888888888888"
"fashion_mnist","20","2","mixed_maturity","access_freshness_lease","dirichlet_lcb","diverse_then_repeat_backdoor","0.5","2","2","5","5","0.5","5","20","9","1.5","39","0.4672422409057617","0.8412","0.6691111111111111"
"fashion_mnist","20","2","mixed_maturity","access_freshness_lease","dirichlet_lcb","diverse_then_repeat_backdoor","0.5","2","2","5","5","0.5","5","20","9","1.5","40","0.4782334566116333","0.845","0.6848888888888889"
"fashion_mnist","20","2","mixed_maturity","access_freshness_lease","dirichlet_lcb","diverse_then_repeat_backdoor","0.5","2","2","5","5","0.5","5","20","9","1.5","41","0.47604578733444214","0.8394","0.6613333333333333"
"fashion_mnist","20","2","mixed_maturity","access_freshness_lease","dirichlet_lcb","diverse_then_repeat_backdoor","0.5","2","2","5","5","0.5","5","20","9","1.5","42","0.47518882155418396","0.8378","0.6437777777777778"
"fashion_mnist","20","2","mixed_maturity","access_freshness_lease","dirichlet_lcb","diverse_then_repeat_backdoor","0.5","2","2","5","5","0.5","5","20","9","1.5","43","0.48846885561943054","0.8292","0.64"
"fashion_mnist","20","2","mixed_maturity","access_freshness_lease","dirichlet_lcb","diverse_then_repeat_backdoor","0.5","2","2","5","5","0.5","5","20","9","1.5","44","0.46345508098602295","0.8414","0.6753333333333333"
"fashion_mnist","20","2","mixed_maturity","access_freshness_lease","dirichlet_lcb","diverse_then_repeat_backdoor","0.5","2","2","5","5","0.5","5","20","9","1.5","45","0.4619349539279938","0.8382","0.6975555555555556"
"fashion_mnist","20","2","mixed_maturity","access_freshness_lease","dirichlet_lcb","diverse_then_repeat_backdoor","0.5","2","2","5","5","0.5","5","20","9","1.5","46","0.4775770604610443","0.8422","0.7128888888888889"
"fashion_mnist","20","2","mixed_maturity","access_freshness_lease","dirichlet_lcb","diverse_then_repeat_backdoor","0.5","2","2","5","5","0.5","5","20","9","1.5","47","0.47173619270324707","0.834","0.7184444444444444"
"fashion_mnist","20","2","mixed_maturity","access_freshness_lease","dirichlet_lcb","diverse_then_repeat_backdoor","0.5","2","2","5","5","0.5","5","20","9","1.5","48","0.47038534283638","0.8464","0.7188888888888889"
"fashion_mnist","20","2","mixed_maturity","access_freshness_lease","dirichlet_lcb","diverse_then_repeat_backdoor","0.5","2","2","5","5","0.5","5","20","9","1.5","49","0.46277880668640137","0.8418","0.7182222222222222"
"fashion_mnist","20","2","mixed_maturity","access_freshness_lease","dirichlet_lcb","diverse_then_repeat_backdoor","0.5","2","2","5","5","0.5","5","20","9","1.5","50","0.4908064305782318","0.8382","0.7088888888888889"
"fashion_mnist","20","2","mixed_maturity","access_freshness_lease","dirichlet_lcb","diverse_then_repeat_backdoor","0.5","3","2","5","5","0.5","5","20","9","1.5","1","0.7047092914581299","0.7664","0.027777777777777776"
"fashion_mnist","20","2","mixed_maturity","access_freshness_lease","dirichlet_lcb","diverse_then_repeat_backdoor","0.5","3","2","5","5","0.5","5","20","9","1.5","2","0.6425078511238098","0.7794","0.010666666666666666"
"fashion_mnist","20","2","mixed_maturity","access_freshness_lease","dirichlet_lcb","diverse_then_repeat_backdoor","0.5","3","2","5","5","0.5","5","20","9","1.5","3","0.5782934427261353","0.802","0.03177777777777778"
"fashion_mnist","20","2","mixed_maturity","access_freshness_lease","dirichlet_lcb","diverse_then_repeat_backdoor","0.5","3","2","5","5","0.5","5","20","9","1.5","4","0.5571510195732117","0.8142","0.059333333333333335"
"fashion_mnist","20","2","mixed_maturity","access_freshness_lease","dirichlet_lcb","diverse_then_repeat_backdoor","0.5","3","2","5","5","0.5","5","20","9","1.5","5","0.559380054473877","0.8126","0.07844444444444444"
"fashion_mnist","20","2","mixed_maturity","access_freshness_lease","dirichlet_lcb","diverse_then_repeat_backdoor","0.5","3","2","5","5","0.5","5","20","9","1.5","6","0.5559912919998169","0.8146","0.13844444444444445"
"fashion_mnist","20","2","mixed_maturity","access_freshness_lease","dirichlet_lcb","diverse_then_repeat_backdoor","0.5","3","2","5","5","0.5","5","20","9","1.5","7","0.5209618210792542","0.8212","0.17644444444444443"
"fashion_mnist","20","2","mixed_maturity","access_freshness_lease","dirichlet_lcb","diverse_then_repeat_backdoor","0.5","3","2","5","5","0.5","5","20","9","1.5","8","0.5070908665657043","0.8306","0.24755555555555556"
"fashion_mnist","20","2","mixed_maturity","access_freshness_lease","dirichlet_lcb","diverse_then_repeat_backdoor","0.5","3","2","5","5","0.5","5","20","9","1.5","9","0.5275970697402954","0.823","0.2797777777777778"
"fashion_mnist","20","2","mixed_maturity","access_freshness_lease","dirichlet_lcb","diverse_then_repeat_backdoor","0.5","3","2","5","5","0.5","5","20","9","1.5","10","0.5069944262504578","0.8314","0.3317777777777778"
"fashion_mnist","20","2","mixed_maturity","access_freshness_lease","dirichlet_lcb","diverse_then_repeat_backdoor","0.5","3","2","5","5","0.5","5","20","9","1.5","11","0.4961616098880768","0.8294","0.30866666666666664"
"fashion_mnist","20","2","mixed_maturity","access_freshness_lease","dirichlet_lcb","diverse_then_repeat_backdoor","0.5","3","2","5","5","0.5","5","20","9","1.5","12","0.5057188272476196","0.8314","0.35488888888888886"
"fashion_mnist","20","2","mixed_maturity","access_freshness_lease","dirichlet_lcb","diverse_then_repeat_backdoor","0.5","3","2","5","5","0.5","5","20","9","1.5","13","0.5013046264648438","0.8308","0.36466666666666664"
"fashion_mnist","20","2","mixed_maturity","access_freshness_lease","dirichlet_lcb","diverse_then_repeat_backdoor","0.5","3","2","5","5","0.5","5","20","9","1.5","14","0.5050603151321411","0.8326","0.36644444444444446"
"fashion_mnist","20","2","mixed_maturity","access_freshness_lease","dirichlet_lcb","diverse_then_repeat_backdoor","0.5","3","2","5","5","0.5","5","20","9","1.5","15","0.5340374112129211","0.8226","0.3662222222222222"
"fashion_mnist","20","2","mixed_maturity","access_freshness_lease","dirichlet_lcb","diverse_then_repeat_backdoor","0.5","3","2","5","5","0.5","5","20","9","1.5","16","0.5021855235099792","0.8334","0.488"
"fashion_mnist","20","2","mixed_maturity","access_freshness_lease","dirichlet_lcb","diverse_then_repeat_backdoor","0.5","3","2","5","5","0.5","5","20","9","1.5","17","0.48174139857292175","0.8358","0.49333333333333335"
"fashion_mnist","20","2","mixed_maturity","access_freshness_lease","dirichlet_lcb","diverse_then_repeat_backdoor","0.5","3","2","5","5","0.5","5","20","9","1.5","18","0.4796718657016754","0.8346","0.5337777777777778"
"fashion_mnist","20","2","mixed_maturity","access_freshness_lease","dirichlet_lcb","diverse_then_repeat_backdoor","0.5","3","2","5","5","0.5","5","20","9","1.5","19","0.48622313141822815","0.836","0.5815555555555556"
"fashion_mnist","20","2","mixed_maturity","access_freshness_lease","dirichlet_lcb","diverse_then_repeat_backdoor","0.5","3","2","5","5","0.5","5","20","9","1.5","20","0.5060487985610962","0.8298","0.5493333333333333"
"fashion_mnist","20","2","mixed_maturity","access_freshness_lease","dirichlet_lcb","diverse_then_repeat_backdoor","0.5","3","2","5","5","0.5","5","20","9","1.5","21","0.5287510752677917","0.8214","0.5473333333333333"
"fashion_mnist","20","2","mixed_maturity","access_freshness_lease","dirichlet_lcb","diverse_then_repeat_backdoor","0.5","3","2","5","5","0.5","5","20","9","1.5","22","0.47658222913742065","0.833","0.5551111111111111"
"fashion_mnist","20","2","mixed_maturity","access_freshness_lease","dirichlet_lcb","diverse_then_repeat_backdoor","0.5","3","2","5","5","0.5","5","20","9","1.5","23","0.5466897487640381","0.8132","0.5322222222222223"
"fashion_mnist","20","2","mixed_maturity","access_freshness_lease","dirichlet_lcb","diverse_then_repeat_backdoor","0.5","3","2","5","5","0.5","5","20","9","1.5","24","0.47981879115104675","0.837","0.586"
"fashion_mnist","20","2","mixed_maturity","access_freshness_lease","dirichlet_lcb","diverse_then_repeat_backdoor","0.5","3","2","5","5","0.5","5","20","9","1.5","25","0.4988892674446106","0.831","0.6355555555555555"
"fashion_mnist","20","2","mixed_maturity","access_freshness_lease","dirichlet_lcb","diverse_then_repeat_backdoor","0.5","3","2","5","5","0.5","5","20","9","1.5","26","0.5445299744606018","0.8274","0.6162222222222222"
"fashion_mnist","20","2","mixed_maturity","access_freshness_lease","dirichlet_lcb","diverse_then_repeat_backdoor","0.5","3","2","5","5","0.5","5","20","9","1.5","27","0.4758405387401581","0.84","0.6671111111111111"
"fashion_mnist","20","2","mixed_maturity","access_freshness_lease","dirichlet_lcb","diverse_then_repeat_backdoor","0.5","3","2","5","5","0.5","5","20","9","1.5","28","0.46630486845970154","0.8392","0.708"
"fashion_mnist","20","2","mixed_maturity","access_freshness_lease","dirichlet_lcb","diverse_then_repeat_backdoor","0.5","3","2","5","5","0.5","5","20","9","1.5","29","0.4912954568862915","0.8362","0.6753333333333333"
"fashion_mnist","20","2","mixed_maturity","access_freshness_lease","dirichlet_lcb","diverse_then_repeat_backdoor","0.5","3","2","5","5","0.5","5","20","9","1.5","30","0.5489041209220886","0.8262","0.7013333333333334"
"fashion_mnist","20","2","mixed_maturity","access_freshness_lease","dirichlet_lcb","diverse_then_repeat_backdoor","0.5","3","2","5","5","0.5","5","20","9","1.5","31","0.4692341685295105","0.837","0.7275555555555555"
"fashion_mnist","20","2","mixed_maturity","access_freshness_lease","dirichlet_lcb","diverse_then_repeat_backdoor","0.5","3","2","5","5","0.5","5","20","9","1.5","32","0.46707987785339355","0.8372","0.6973333333333334"
"fashion_mnist","20","2","mixed_maturity","access_freshness_lease","dirichlet_lcb","diverse_then_repeat_backdoor","0.5","3","2","5","5","0.5","5","20","9","1.5","33","0.4875955581665039","0.8332","0.6662222222222223"
"fashion_mnist","20","2","mixed_maturity","access_freshness_lease","dirichlet_lcb","diverse_then_repeat_backdoor","0.5","3","2","5","5","0.5","5","20","9","1.5","34","0.46252813935279846","0.8398","0.7131111111111111"
"fashion_mnist","20","2","mixed_maturity","access_freshness_lease","dirichlet_lcb","diverse_then_repeat_backdoor","0.5","3","2","5","5","0.5","5","20","9","1.5","35","0.4687216877937317","0.8366","0.7375555555555555"
"fashion_mnist","20","2","mixed_maturity","access_freshness_lease","dirichlet_lcb","diverse_then_repeat_backdoor","0.5","3","2","5","5","0.5","5","20","9","1.5","36","0.47875118255615234","0.838","0.7244444444444444"
"fashion_mnist","20","2","mixed_maturity","access_freshness_lease","dirichlet_lcb","diverse_then_repeat_backdoor","0.5","3","2","5","5","0.5","5","20","9","1.5","37","0.493120014667511","0.8364","0.7253333333333334"
"fashion_mnist","20","2","mixed_maturity","access_freshness_lease","dirichlet_lcb","diverse_then_repeat_backdoor","0.5","3","2","5","5","0.5","5","20","9","1.5","38","0.4728373885154724","0.8348","0.7788888888888889"
"fashion_mnist","20","2","mixed_maturity","access_freshness_lease","dirichlet_lcb","diverse_then_repeat_backdoor","0.5","3","2","5","5","0.5","5","20","9","1.5","39","0.49723175168037415","0.8368","0.7602222222222222"
"fashion_mnist","20","2","mixed_maturity","access_freshness_lease","dirichlet_lcb","diverse_then_repeat_backdoor","0.5","3","2","5","5","0.5","5","20","9","1.5","40","0.5274810791015625","0.831","0.7228888888888889"
"fashion_mnist","20","2","mixed_maturity","access_freshness_lease","dirichlet_lcb","diverse_then_repeat_backdoor","0.5","3","2","5","5","0.5","5","20","9","1.5","41","0.4719831943511963","0.843","0.7646666666666667"
"fashion_mnist","20","2","mixed_maturity","access_freshness_lease","dirichlet_lcb","diverse_then_repeat_backdoor","0.5","3","2","5","5","0.5","5","20","9","1.5","42","0.4759373068809509","0.8378","0.7751111111111111"
"fashion_mnist","20","2","mixed_maturity","access_freshness_lease","dirichlet_lcb","diverse_then_repeat_backdoor","0.5","3","2","5","5","0.5","5","20","9","1.5","43","0.4608705937862396","0.842","0.7713333333333333"
"fashion_mnist","20","2","mixed_maturity","access_freshness_lease","dirichlet_lcb","diverse_then_repeat_backdoor","0.5","3","2","5","5","0.5","5","20","9","1.5","44","0.4831404387950897","0.8306","0.7595555555555555"
"fashion_mnist","20","2","mixed_maturity","access_freshness_lease","dirichlet_lcb","diverse_then_repeat_backdoor","0.5","3","2","5","5","0.5","5","20","9","1.5","45","0.4732292890548706","0.8404","0.8015555555555556"
"fashion_mnist","20","2","mixed_maturity","access_freshness_lease","dirichlet_lcb","diverse_then_repeat_backdoor","0.5","3","2","5","5","0.5","5","20","9","1.5","46","0.4640389084815979","0.8412","0.7995555555555556"
"fashion_mnist","20","2","mixed_maturity","access_freshness_lease","dirichlet_lcb","diverse_then_repeat_backdoor","0.5","3","2","5","5","0.5","5","20","9","1.5","47","0.48494619131088257","0.84","0.8075555555555556"
"fashion_mnist","20","2","mixed_maturity","access_freshness_lease","dirichlet_lcb","diverse_then_repeat_backdoor","0.5","3","2","5","5","0.5","5","20","9","1.5","48","0.46860137581825256","0.8404","0.8275555555555556"
"fashion_mnist","20","2","mixed_maturity","access_freshness_lease","dirichlet_lcb","diverse_then_repeat_backdoor","0.5","3","2","5","5","0.5","5","20","9","1.5","49","0.46621572971343994","0.8426","0.8313333333333334"
"fashion_mnist","20","2","mixed_maturity","access_freshness_lease","dirichlet_lcb","diverse_then_repeat_backdoor","0.5","3","2","5","5","0.5","5","20","9","1.5","50","0.49677735567092896","0.829","0.7851111111111111"
"fashion_mnist","20","2","mixed_maturity","access_freshness_lease","dirichlet_lcb","diverse_then_repeat_backdoor","0.5","4","2","5","5","0.5","5","20","9","1.5","1","0.731982409954071","0.7592","0.04733333333333333"
"fashion_mnist","20","2","mixed_maturity","access_freshness_lease","dirichlet_lcb","diverse_then_repeat_backdoor","0.5","4","2","5","5","0.5","5","20","9","1.5","2","0.6628544926643372","0.7828","0.020444444444444446"
"fashion_mnist","20","2","mixed_maturity","access_freshness_lease","dirichlet_lcb","diverse_then_repeat_backdoor","0.5","4","2","5","5","0.5","5","20","9","1.5","3","0.5952613353729248","0.8026","0.04088888888888889"
"fashion_mnist","20","2","mixed_maturity","access_freshness_lease","dirichlet_lcb","diverse_then_repeat_backdoor","0.5","4","2","5","5","0.5","5","20","9","1.5","4","0.577468991279602","0.8052","0.064"
"fashion_mnist","20","2","mixed_maturity","access_freshness_lease","dirichlet_lcb","diverse_then_repeat_backdoor","0.5","4","2","5","5","0.5","5","20","9","1.5","5","0.5555729269981384","0.8154","0.072"
"fashion_mnist","20","2","mixed_maturity","access_freshness_lease","dirichlet_lcb","diverse_then_repeat_backdoor","0.5","4","2","5","5","0.5","5","20","9","1.5","6","0.5360999703407288","0.8152","0.064"
"fashion_mnist","20","2","mixed_maturity","access_freshness_lease","dirichlet_lcb","diverse_then_repeat_backdoor","0.5","4","2","5","5","0.5","5","20","9","1.5","7","0.5207217931747437","0.8234","0.12244444444444444"
"fashion_mnist","20","2","mixed_maturity","access_freshness_lease","dirichlet_lcb","diverse_then_repeat_backdoor","0.5","4","2","5","5","0.5","5","20","9","1.5","8","0.515403687953949","0.8246","0.13733333333333334"
"fashion_mnist","20","2","mixed_maturity","access_freshness_lease","dirichlet_lcb","diverse_then_repeat_backdoor","0.5","4","2","5","5","0.5","5","20","9","1.5","9","0.5075291991233826","0.827","0.14822222222222223"
"fashion_mnist","20","2","mixed_maturity","access_freshness_lease","dirichlet_lcb","diverse_then_repeat_backdoor","0.5","4","2","5","5","0.5","5","20","9","1.5","10","0.5108959078788757","0.8266","0.13755555555555554"
"fashion_mnist","20","2","mixed_maturity","access_freshness_lease","dirichlet_lcb","diverse_then_repeat_backdoor","0.5","4","2","5","5","0.5","5","20","9","1.5","11","0.5008702278137207","0.8294","0.16244444444444445"
"fashion_mnist","20","2","mixed_maturity","access_freshness_lease","dirichlet_lcb","diverse_then_repeat_backdoor","0.5","4","2","5","5","0.5","5","20","9","1.5","12","0.5040754675865173","0.8244","0.12133333333333333"
"fashion_mnist","20","2","mixed_maturity","access_freshness_lease","dirichlet_lcb","diverse_then_repeat_backdoor","0.5","4","2","5","5","0.5","5","20","9","1.5","13","0.5033887624740601","0.8256","0.17644444444444443"
"fashion_mnist","20","2","mixed_maturity","access_freshness_lease","dirichlet_lcb","diverse_then_repeat_backdoor","0.5","4","2","5","5","0.5","5","20","9","1.5","14","0.500115156173706","0.828","0.19177777777777777"
"fashion_mnist","20","2","mixed_maturity","access_freshness_lease","dirichlet_lcb","diverse_then_repeat_backdoor","0.5","4","2","5","5","0.5","5","20","9","1.5","15","0.4894111752510071","0.8304","0.19733333333333333"
"fashion_mnist","20","2","mixed_maturity","access_freshness_lease","dirichlet_lcb","diverse_then_repeat_backdoor","0.5","4","2","5","5","0.5","5","20","9","1.5","16","0.4973430633544922","0.83","0.21"
"fashion_mnist","20","2","mixed_maturity","access_freshness_lease","dirichlet_lcb","diverse_then_repeat_backdoor","0.5","4","2","5","5","0.5","5","20","9","1.5","17","0.522818386554718","0.8228","0.3022222222222222"
"fashion_mnist","20","2","mixed_maturity","access_freshness_lease","dirichlet_lcb","diverse_then_repeat_backdoor","0.5","4","2","5","5","0.5","5","20","9","1.5","18","0.4923332929611206","0.8324","0.2584444444444444"
"fashion_mnist","20","2","mixed_maturity","access_freshness_lease","dirichlet_lcb","diverse_then_repeat_backdoor","0.5","4","2","5","5","0.5","5","20","9","1.5","19","0.49834805727005005","0.8284","0.31755555555555554"
"fashion_mnist","20","2","mixed_maturity","access_freshness_lease","dirichlet_lcb","diverse_then_repeat_backdoor","0.5","4","2","5","5","0.5","5","20","9","1.5","20","0.4965077042579651","0.8332","0.29355555555555557"
"fashion_mnist","20","2","mixed_maturity","access_freshness_lease","dirichlet_lcb","diverse_then_repeat_backdoor","0.5","4","2","5","5","0.5","5","20","9","1.5","21","0.483183354139328","0.8294","0.2677777777777778"
"fashion_mnist","20","2","mixed_maturity","access_freshness_lease","dirichlet_lcb","diverse_then_repeat_backdoor","0.5","4","2","5","5","0.5","5","20","9","1.5","22","0.48344698548316956","0.836","0.34244444444444444"
"fashion_mnist","20","2","mixed_maturity","access_freshness_lease","dirichlet_lcb","diverse_then_repeat_backdoor","0.5","4","2","5","5","0.5","5","20","9","1.5","23","0.49357840418815613","0.8306","0.2995555555555556"
"fashion_mnist","20","2","mixed_maturity","access_freshness_lease","dirichlet_lcb","diverse_then_repeat_backdoor","0.5","4","2","5","5","0.5","5","20","9","1.5","24","0.49108344316482544","0.8348","0.348"
"fashion_mnist","20","2","mixed_maturity","access_freshness_lease","dirichlet_lcb","diverse_then_repeat_backdoor","0.5","4","2","5","5","0.5","5","20","9","1.5","25","0.48624345660209656","0.8302","0.3691111111111111"
"fashion_mnist","20","2","mixed_maturity","access_freshness_lease","dirichlet_lcb","diverse_then_repeat_backdoor","0.5","4","2","5","5","0.5","5","20","9","1.5","26","0.479143351316452","0.8334","0.3466666666666667"
"fashion_mnist","20","2","mixed_maturity","access_freshness_lease","dirichlet_lcb","diverse_then_repeat_backdoor","0.5","4","2","5","5","0.5","5","20","9","1.5","27","0.47071924805641174","0.836","0.37644444444444447"
"fashion_mnist","20","2","mixed_maturity","access_freshness_lease","dirichlet_lcb","diverse_then_repeat_backdoor","0.5","4","2","5","5","0.5","5","20","9","1.5","28","0.4789392650127411","0.8304","0.4037777777777778"
"fashion_mnist","20","2","mixed_maturity","access_freshness_lease","dirichlet_lcb","diverse_then_repeat_backdoor","0.5","4","2","5","5","0.5","5","20","9","1.5","29","0.5314493179321289","0.827","0.43844444444444447"
"fashion_mnist","20","2","mixed_maturity","access_freshness_lease","dirichlet_lcb","diverse_then_repeat_backdoor","0.5","4","2","5","5","0.5","5","20","9","1.5","30","0.4738217294216156","0.836","0.44622222222222224"
"fashion_mnist","20","2","mixed_maturity","access_freshness_lease","dirichlet_lcb","diverse_then_repeat_backdoor","0.5","4","2","5","5","0.5","5","20","9","1.5","31","0.4989049434661865","0.8264","0.41533333333333333"
"fashion_mnist","20","2","mixed_maturity","access_freshness_lease","dirichlet_lcb","diverse_then_repeat_backdoor","0.5","4","2","5","5","0.5","5","20","9","1.5","32","0.49581533670425415","0.829","0.3928888888888889"
"fashion_mnist","20","2","mixed_maturity","access_freshness_lease","dirichlet_lcb","diverse_then_repeat_backdoor","0.5","4","2","5","5","0.5","5","20","9","1.5","33","0.483216792345047","0.835","0.45644444444444443"
"fashion_mnist","20","2","mixed_maturity","access_freshness_lease","dirichlet_lcb","diverse_then_repeat_backdoor","0.5","4","2","5","5","0.5","5","20","9","1.5","34","0.4867187440395355","0.829","0.4288888888888889"
"fashion_mnist","20","2","mixed_maturity","access_freshness_lease","dirichlet_lcb","diverse_then_repeat_backdoor","0.5","4","2","5","5","0.5","5","20","9","1.5","35","0.4743175804615021","0.835","0.4822222222222222"
"fashion_mnist","20","2","mixed_maturity","access_freshness_lease","dirichlet_lcb","diverse_then_repeat_backdoor","0.5","4","2","5","5","0.5","5","20","9","1.5","36","0.4683855473995209","0.8396","0.4762222222222222"
"fashion_mnist","20","2","mixed_maturity","access_freshness_lease","dirichlet_lcb","diverse_then_repeat_backdoor","0.5","4","2","5","5","0.5","5","20","9","1.5","37","0.47233086824417114","0.8352","0.48644444444444446"
"fashion_mnist","20","2","mixed_maturity","access_freshness_lease","dirichlet_lcb","diverse_then_repeat_backdoor","0.5","4","2","5","5","0.5","5","20","9","1.5","38","0.48974087834358215","0.8244","0.43533333333333335"
"fashion_mnist","20","2","mixed_maturity","access_freshness_lease","dirichlet_lcb","diverse_then_repeat_backdoor","0.5","4","2","5","5","0.5","5","20","9","1.5","39","0.47000986337661743","0.8398","0.53"
"fashion_mnist","20","2","mixed_maturity","access_freshness_lease","dirichlet_lcb","diverse_then_repeat_backdoor","0.5","4","2","5","5","0.5","5","20","9","1.5","40","0.48247167468070984","0.8388","0.5191111111111111"
"fashion_mnist","20","2","mixed_maturity","access_freshness_lease","dirichlet_lcb","diverse_then_repeat_backdoor","0.5","4","2","5","5","0.5","5","20","9","1.5","41","0.4770725667476654","0.8378","0.5366666666666666"
"fashion_mnist","20","2","mixed_maturity","access_freshness_lease","dirichlet_lcb","diverse_then_repeat_backdoor","0.5","4","2","5","5","0.5","5","20","9","1.5","42","0.4955700635910034","0.827","0.496"
"fashion_mnist","20","2","mixed_maturity","access_freshness_lease","dirichlet_lcb","diverse_then_repeat_backdoor","0.5","4","2","5","5","0.5","5","20","9","1.5","43","0.4782353639602661","0.8318","0.5082222222222222"
"fashion_mnist","20","2","mixed_maturity","access_freshness_lease","dirichlet_lcb","diverse_then_repeat_backdoor","0.5","4","2","5","5","0.5","5","20","9","1.5","44","0.47545164823532104","0.833","0.508"
"fashion_mnist","20","2","mixed_maturity","access_freshness_lease","dirichlet_lcb","diverse_then_repeat_backdoor","0.5","4","2","5","5","0.5","5","20","9","1.5","45","0.47353214025497437","0.8392","0.5433333333333333"
"fashion_mnist","20","2","mixed_maturity","access_freshness_lease","dirichlet_lcb","diverse_then_repeat_backdoor","0.5","4","2","5","5","0.5","5","20","9","1.5","46","0.4625784754753113","0.8392","0.5711111111111111"
"fashion_mnist","20","2","mixed_maturity","access_freshness_lease","dirichlet_lcb","diverse_then_repeat_backdoor","0.5","4","2","5","5","0.5","5","20","9","1.5","47","0.46873676776885986","0.8352","0.5757777777777778"
"fashion_mnist","20","2","mixed_maturity","access_freshness_lease","dirichlet_lcb","diverse_then_repeat_backdoor","0.5","4","2","5","5","0.5","5","20","9","1.5","48","0.4739067852497101","0.8382","0.5917777777777777"
"fashion_mnist","20","2","mixed_maturity","access_freshness_lease","dirichlet_lcb","diverse_then_repeat_backdoor","0.5","4","2","5","5","0.5","5","20","9","1.5","49","0.47806063294410706","0.8336","0.6137777777777778"
"fashion_mnist","20","2","mixed_maturity","access_freshness_lease","dirichlet_lcb","diverse_then_repeat_backdoor","0.5","4","2","5","5","0.5","5","20","9","1.5","50","0.4682633876800537","0.835","0.5877777777777777"
"fashion_mnist","20","2","mixed_maturity","access_freshness_lease","dirichlet_lcb","benign_concept_drift","0.5","0","2","5","5","0.5","5","20","9","1.5","1","0.7580200433731079","0.7388","0.005333333333333333"
"fashion_mnist","20","2","mixed_maturity","access_freshness_lease","dirichlet_lcb","benign_concept_drift","0.5","0","2","5","5","0.5","5","20","9","1.5","2","0.6252849698066711","0.7932","0.05355555555555556"
"fashion_mnist","20","2","mixed_maturity","access_freshness_lease","dirichlet_lcb","benign_concept_drift","0.5","0","2","5","5","0.5","5","20","9","1.5","3","0.5722218155860901","0.808","0.011111111111111112"
"fashion_mnist","20","2","mixed_maturity","access_freshness_lease","dirichlet_lcb","benign_concept_drift","0.5","0","2","5","5","0.5","5","20","9","1.5","4","0.5607672929763794","0.8036","0.013777777777777778"
"fashion_mnist","20","2","mixed_maturity","access_freshness_lease","dirichlet_lcb","benign_concept_drift","0.5","0","2","5","5","0.5","5","20","9","1.5","5","0.5288435816764832","0.8184","0.01577777777777778"
"fashion_mnist","20","2","mixed_maturity","access_freshness_lease","dirichlet_lcb","benign_concept_drift","0.5","0","2","5","5","0.5","5","20","9","1.5","6","0.5199384689331055","0.8184","0.014888888888888889"
"fashion_mnist","20","2","mixed_maturity","access_freshness_lease","dirichlet_lcb","benign_concept_drift","0.5","0","2","5","5","0.5","5","20","9","1.5","7","0.5809638500213623","0.7938","0.007555555555555556"
"fashion_mnist","20","2","mixed_maturity","access_freshness_lease","dirichlet_lcb","benign_concept_drift","0.5","0","2","5","5","0.5","5","20","9","1.5","8","0.5671905279159546","0.8118","0.009555555555555555"
"fashion_mnist","20","2","mixed_maturity","access_freshness_lease","dirichlet_lcb","benign_concept_drift","0.5","0","2","5","5","0.5","5","20","9","1.5","9","0.5140514373779297","0.8174","0.012222222222222223"
"fashion_mnist","20","2","mixed_maturity","access_freshness_lease","dirichlet_lcb","benign_concept_drift","0.5","0","2","5","5","0.5","5","20","9","1.5","10","0.49409663677215576","0.83","0.014222222222222223"
"fashion_mnist","20","2","mixed_maturity","access_freshness_lease","dirichlet_lcb","benign_concept_drift","0.5","0","2","5","5","0.5","5","20","9","1.5","11","0.522655189037323","0.8162","0.012888888888888889"
"fashion_mnist","20","2","mixed_maturity","access_freshness_lease","dirichlet_lcb","benign_concept_drift","0.5","0","2","5","5","0.5","5","20","9","1.5","12","0.49632081389427185","0.8292","0.014444444444444444"
"fashion_mnist","20","2","mixed_maturity","access_freshness_lease","dirichlet_lcb","benign_concept_drift","0.5","0","2","5","5","0.5","5","20","9","1.5","13","0.5509070158004761","0.8048","0.004666666666666667"
"fashion_mnist","20","2","mixed_maturity","access_freshness_lease","dirichlet_lcb","benign_concept_drift","0.5","0","2","5","5","0.5","5","20","9","1.5","14","0.4790201783180237","0.8318","0.017777777777777778"
"fashion_mnist","20","2","mixed_maturity","access_freshness_lease","dirichlet_lcb","benign_concept_drift","0.5","0","2","5","5","0.5","5","20","9","1.5","15","0.4863415062427521","0.8252","0.012222222222222223"
"fashion_mnist","20","2","mixed_maturity","access_freshness_lease","dirichlet_lcb","benign_concept_drift","0.5","0","2","5","5","0.5","5","20","9","1.5","16","0.49021756649017334","0.8298","0.012666666666666666"
"fashion_mnist","20","2","mixed_maturity","access_freshness_lease","dirichlet_lcb","benign_concept_drift","0.5","0","2","5","5","0.5","5","20","9","1.5","17","0.4833482503890991","0.8278","0.011333333333333334"
"fashion_mnist","20","2","mixed_maturity","access_freshness_lease","dirichlet_lcb","benign_concept_drift","0.5","0","2","5","5","0.5","5","20","9","1.5","18","0.4828338027000427","0.8358","0.01711111111111111"
"fashion_mnist","20","2","mixed_maturity","access_freshness_lease","dirichlet_lcb","benign_concept_drift","0.5","0","2","5","5","0.5","5","20","9","1.5","19","0.5097010135650635","0.8172","0.009777777777777778"
"fashion_mnist","20","2","mixed_maturity","access_freshness_lease","dirichlet_lcb","benign_concept_drift","0.5","0","2","5","5","0.5","5","20","9","1.5","20","0.47443458437919617","0.8368","0.01911111111111111"
"fashion_mnist","20","2","mixed_maturity","access_freshness_lease","dirichlet_lcb","benign_concept_drift","0.5","0","2","5","5","0.5","5","20","9","1.5","21","0.47760772705078125","0.8336","0.014444444444444444"
"fashion_mnist","20","2","mixed_maturity","access_freshness_lease","dirichlet_lcb","benign_concept_drift","0.5","0","2","5","5","0.5","5","20","9","1.5","22","0.5281673073768616","0.816","0.006"
"fashion_mnist","20","2","mixed_maturity","access_freshness_lease","dirichlet_lcb","benign_concept_drift","0.5","0","2","5","5","0.5","5","20","9","1.5","23","0.49906036257743835","0.8276","0.014888888888888889"
"fashion_mnist","20","2","mixed_maturity","access_freshness_lease","dirichlet_lcb","benign_concept_drift","0.5","0","2","5","5","0.5","5","20","9","1.5","24","0.46724408864974976","0.8376","0.015555555555555555"
"fashion_mnist","20","2","mixed_maturity","access_freshness_lease","dirichlet_lcb","benign_concept_drift","0.5","0","2","5","5","0.5","5","20","9","1.5","25","0.4720035195350647","0.8314","0.014888888888888889"
"fashion_mnist","20","2","mixed_maturity","access_freshness_lease","dirichlet_lcb","benign_concept_drift","0.5","0","2","5","5","0.5","5","20","9","1.5","26","0.5995703935623169","0.7874","0.006"
"fashion_mnist","20","2","mixed_maturity","access_freshness_lease","dirichlet_lcb","benign_concept_drift","0.5","0","2","5","5","0.5","5","20","9","1.5","27","0.516183614730835","0.8172","0.010444444444444444"
"fashion_mnist","20","2","mixed_maturity","access_freshness_lease","dirichlet_lcb","benign_concept_drift","0.5","0","2","5","5","0.5","5","20","9","1.5","28","0.47389551997184753","0.832","0.011555555555555555"
"fashion_mnist","20","2","mixed_maturity","access_freshness_lease","dirichlet_lcb","benign_concept_drift","0.5","0","2","5","5","0.5","5","20","9","1.5","29","0.48680323362350464","0.8288","0.009555555555555555"
"fashion_mnist","20","2","mixed_maturity","access_freshness_lease","dirichlet_lcb","benign_concept_drift","0.5","0","2","5","5","0.5","5","20","9","1.5","30","0.46424633264541626","0.8352","0.013777777777777778"
"fashion_mnist","20","2","mixed_maturity","access_freshness_lease","dirichlet_lcb","benign_concept_drift","0.5","0","2","5","5","0.5","5","20","9","1.5","31","0.6349966526031494","0.778","0.008888888888888889"
"fashion_mnist","20","2","mixed_maturity","access_freshness_lease","dirichlet_lcb","benign_concept_drift","0.5","0","2","5","5","0.5","5","20","9","1.5","32","0.6191423535346985","0.791","0.009111111111111111"
"fashion_mnist","20","2","mixed_maturity","access_freshness_lease","dirichlet_lcb","benign_concept_drift","0.5","0","2","5","5","0.5","5","20","9","1.5","33","0.47666895389556885","0.8362","0.016"
"fashion_mnist","20","2","mixed_maturity","access_freshness_lease","dirichlet_lcb","benign_concept_drift","0.5","0","2","5","5","0.5","5","20","9","1.5","34","0.4623670279979706","0.8414","0.018666666666666668"
"fashion_mnist","20","2","mixed_maturity","access_freshness_lease","dirichlet_lcb","benign_concept_drift","0.5","0","2","5","5","0.5","5","20","9","1.5","35","0.4736490249633789","0.8314","0.013333333333333334"
"fashion_mnist","20","2","mixed_maturity","access_freshness_lease","dirichlet_lcb","benign_concept_drift","0.5","0","2","5","5","0.5","5","20","9","1.5","36","0.4882134795188904","0.8352","0.01577777777777778"
"fashion_mnist","20","2","mixed_maturity","access_freshness_lease","dirichlet_lcb","benign_concept_drift","0.5","0","2","5","5","0.5","5","20","9","1.5","37","0.48031923174858093","0.8332","0.010222222222222223"
"fashion_mnist","20","2","mixed_maturity","access_freshness_lease","dirichlet_lcb","benign_concept_drift","0.5","0","2","5","5","0.5","5","20","9","1.5","38","0.46235302090644836","0.844","0.017555555555555557"
"fashion_mnist","20","2","mixed_maturity","access_freshness_lease","dirichlet_lcb","benign_concept_drift","0.5","0","2","5","5","0.5","5","20","9","1.5","39","0.5150629878044128","0.8178","0.011777777777777778"
"fashion_mnist","20","2","mixed_maturity","access_freshness_lease","dirichlet_lcb","benign_concept_drift","0.5","0","2","5","5","0.5","5","20","9","1.5","40","0.4750531315803528","0.8334","0.013777777777777778"
"fashion_mnist","20","2","mixed_maturity","access_freshness_lease","dirichlet_lcb","benign_concept_drift","0.5","0","2","5","5","0.5","5","20","9","1.5","41","0.48241356015205383","0.828","0.010888888888888889"
"fashion_mnist","20","2","mixed_maturity","access_freshness_lease","dirichlet_lcb","benign_concept_drift","0.5","0","2","5","5","0.5","5","20","9","1.5","42","0.48393192887306213","0.8324","0.014888888888888889"
"fashion_mnist","20","2","mixed_maturity","access_freshness_lease","dirichlet_lcb","benign_concept_drift","0.5","0","2","5","5","0.5","5","20","9","1.5","43","0.4831787049770355","0.8286","0.015333333333333332"
"fashion_mnist","20","2","mixed_maturity","access_freshness_lease","dirichlet_lcb","benign_concept_drift","0.5","0","2","5","5","0.5","5","20","9","1.5","44","0.47504061460494995","0.8322","0.010222222222222223"
"fashion_mnist","20","2","mixed_maturity","access_freshness_lease","dirichlet_lcb","benign_concept_drift","0.5","0","2","5","5","0.5","5","20","9","1.5","45","0.46698272228240967","0.8362","0.011111111111111112"
"fashion_mnist","20","2","mixed_maturity","access_freshness_lease","dirichlet_lcb","benign_concept_drift","0.5","0","2","5","5","0.5","5","20","9","1.5","46","0.4837821424007416","0.8352","0.016666666666666666"
"fashion_mnist","20","2","mixed_maturity","access_freshness_lease","dirichlet_lcb","benign_concept_drift","0.5","0","2","5","5","0.5","5","20","9","1.5","47","0.49917206168174744","0.829","0.011777777777777778"
"fashion_mnist","20","2","mixed_maturity","access_freshness_lease","dirichlet_lcb","benign_concept_drift","0.5","0","2","5","5","0.5","5","20","9","1.5","48","0.4725773334503174","0.8324","0.010222222222222223"
"fashion_mnist","20","2","mixed_maturity","access_freshness_lease","dirichlet_lcb","benign_concept_drift","0.5","0","2","5","5","0.5","5","20","9","1.5","49","0.4782584607601166","0.834","0.014"
"fashion_mnist","20","2","mixed_maturity","access_freshness_lease","dirichlet_lcb","benign_concept_drift","0.5","0","2","5","5","0.5","5","20","9","1.5","50","0.45745742321014404","0.8398","0.013333333333333334"
"fashion_mnist","20","2","mixed_maturity","access_freshness_lease","dirichlet_lcb","benign_concept_drift","0.5","1","2","5","5","0.5","5","20","9","1.5","1","0.7350659966468811","0.7556","0.04088888888888889"
"fashion_mnist","20","2","mixed_maturity","access_freshness_lease","dirichlet_lcb","benign_concept_drift","0.5","1","2","5","5","0.5","5","20","9","1.5","2","0.6141362190246582","0.7952","0.026444444444444444"
"fashion_mnist","20","2","mixed_maturity","access_freshness_lease","dirichlet_lcb","benign_concept_drift","0.5","1","2","5","5","0.5","5","20","9","1.5","3","0.6040553450584412","0.8004","0.027333333333333334"
"fashion_mnist","20","2","mixed_maturity","access_freshness_lease","dirichlet_lcb","benign_concept_drift","0.5","1","2","5","5","0.5","5","20","9","1.5","4","0.5604028701782227","0.811","0.022222222222222223"
"fashion_mnist","20","2","mixed_maturity","access_freshness_lease","dirichlet_lcb","benign_concept_drift","0.5","1","2","5","5","0.5","5","20","9","1.5","5","0.5405944585800171","0.8154","0.02266666666666667"
"fashion_mnist","20","2","mixed_maturity","access_freshness_lease","dirichlet_lcb","benign_concept_drift","0.5","1","2","5","5","0.5","5","20","9","1.5","6","0.5384854674339294","0.8216","0.01888888888888889"
"fashion_mnist","20","2","mixed_maturity","access_freshness_lease","dirichlet_lcb","benign_concept_drift","0.5","1","2","5","5","0.5","5","20","9","1.5","7","0.5485721230506897","0.813","0.026"
"fashion_mnist","20","2","mixed_maturity","access_freshness_lease","dirichlet_lcb","benign_concept_drift","0.5","1","2","5","5","0.5","5","20","9","1.5","8","0.5500058531761169","0.8128","0.019555555555555555"
"fashion_mnist","20","2","mixed_maturity","access_freshness_lease","dirichlet_lcb","benign_concept_drift","0.5","1","2","5","5","0.5","5","20","9","1.5","9","0.5208538770675659","0.8178","0.021111111111111112"
"fashion_mnist","20","2","mixed_maturity","access_freshness_lease","dirichlet_lcb","benign_concept_drift","0.5","1","2","5","5","0.5","5","20","9","1.5","10","0.5576353073120117","0.8134","0.017333333333333333"
"fashion_mnist","20","2","mixed_maturity","access_freshness_lease","dirichlet_lcb","benign_concept_drift","0.5","1","2","5","5","0.5","5","20","9","1.5","11","0.5103409886360168","0.8256","0.019555555555555555"
"fashion_mnist","20","2","mixed_maturity","access_freshness_lease","dirichlet_lcb","benign_concept_drift","0.5","1","2","5","5","0.5","5","20","9","1.5","12","0.5142877697944641","0.826","0.03266666666666666"
"fashion_mnist","20","2","mixed_maturity","access_freshness_lease","dirichlet_lcb","benign_concept_drift","0.5","1","2","5","5","0.5","5","20","9","1.5","13","0.514158308506012","0.8238","0.024666666666666667"
"fashion_mnist","20","2","mixed_maturity","access_freshness_lease","dirichlet_lcb","benign_concept_drift","0.5","1","2","5","5","0.5","5","20","9","1.5","14","0.5007156133651733","0.8336","0.021555555555555557"
"fashion_mnist","20","2","mixed_maturity","access_freshness_lease","dirichlet_lcb","benign_concept_drift","0.5","1","2","5","5","0.5","5","20","9","1.5","15","0.5175204873085022","0.8296","0.02711111111111111"
"fashion_mnist","20","2","mixed_maturity","access_freshness_lease","dirichlet_lcb","benign_concept_drift","0.5","1","2","5","5","0.5","5","20","9","1.5","16","0.49318113923072815","0.8306","0.022444444444444444"
"fashion_mnist","20","2","mixed_maturity","access_freshness_lease","dirichlet_lcb","benign_concept_drift","0.5","1","2","5","5","0.5","5","20","9","1.5","17","0.48864492774009705","0.8302","0.022"
"fashion_mnist","20","2","mixed_maturity","access_freshness_lease","dirichlet_lcb","benign_concept_drift","0.5","1","2","5","5","0.5","5","20","9","1.5","18","0.4966887831687927","0.8336","0.026222222222222223"
"fashion_mnist","20","2","mixed_maturity","access_freshness_lease","dirichlet_lcb","benign_concept_drift","0.5","1","2","5","5","0.5","5","20","9","1.5","19","0.5231741070747375","0.8262","0.019333333333333334"
"fashion_mnist","20","2","mixed_maturity","access_freshness_lease","dirichlet_lcb","benign_concept_drift","0.5","1","2","5","5","0.5","5","20","9","1.5","20","0.49939823150634766","0.8302","0.028666666666666667"
"fashion_mnist","20","2","mixed_maturity","access_freshness_lease","dirichlet_lcb","benign_concept_drift","0.5","1","2","5","5","0.5","5","20","9","1.5","21","0.49263638257980347","0.8324","0.02666666666666667"
"fashion_mnist","20","2","mixed_maturity","access_freshness_lease","dirichlet_lcb","benign_concept_drift","0.5","1","2","5","5","0.5","5","20","9","1.5","22","0.5024120807647705","0.8228","0.014222222222222223"
"fashion_mnist","20","2","mixed_maturity","access_freshness_lease","dirichlet_lcb","benign_concept_drift","0.5","1","2","5","5","0.5","5","20","9","1.5","23","0.49950796365737915","0.8326","0.022444444444444444"
"fashion_mnist","20","2","mixed_maturity","access_freshness_lease","dirichlet_lcb","benign_concept_drift","0.5","1","2","5","5","0.5","5","20","9","1.5","24","0.485072523355484","0.8356","0.024"
"fashion_mnist","20","2","mixed_maturity","access_freshness_lease","dirichlet_lcb","benign_concept_drift","0.5","1","2","5","5","0.5","5","20","9","1.5","25","0.48825013637542725","0.8338","0.015333333333333332"
"fashion_mnist","20","2","mixed_maturity","access_freshness_lease","dirichlet_lcb","benign_concept_drift","0.5","1","2","5","5","0.5","5","20","9","1.5","26","0.487155556678772","0.8316","0.015555555555555555"
"fashion_mnist","20","2","mixed_maturity","access_freshness_lease","dirichlet_lcb","benign_concept_drift","0.5","1","2","5","5","0.5","5","20","9","1.5","27","0.48879140615463257","0.837","0.02711111111111111"
"fashion_mnist","20","2","mixed_maturity","access_freshness_lease","dirichlet_lcb","benign_concept_drift","0.5","1","2","5","5","0.5","5","20","9","1.5","28","0.49674907326698303","0.8306","0.017555555555555557"
"fashion_mnist","20","2","mixed_maturity","access_freshness_lease","dirichlet_lcb","benign_concept_drift","0.5","1","2","5","5","0.5","5","20","9","1.5","29","0.4954261779785156","0.831","0.01711111111111111"
"fashion_mnist","20","2","mixed_maturity","access_freshness_lease","dirichlet_lcb","benign_concept_drift","0.5","1","2","5","5","0.5","5","20","9","1.5","30","0.48901817202568054","0.831","0.020444444444444446"
"fashion_mnist","20","2","mixed_maturity","access_freshness_lease","dirichlet_lcb","benign_concept_drift","0.5","1","2","5","5","0.5","5","20","9","1.5","31","0.48161256313323975","0.8352","0.024"
"fashion_mnist","20","2","mixed_maturity","access_freshness_lease","dirichlet_lcb","benign_concept_drift","0.5","1","2","5","5","0.5","5","20","9","1.5","32","0.5142725706100464","0.8248","0.010888888888888889"
"fashion_mnist","20","2","mixed_maturity","access_freshness_lease","dirichlet_lcb","benign_concept_drift","0.5","1","2","5","5","0.5","5","20","9","1.5","33","0.4987480342388153","0.8348","0.03"
"fashion_mnist","20","2","mixed_maturity","access_freshness_lease","dirichlet_lcb","benign_concept_drift","0.5","1","2","5","5","0.5","5","20","9","1.5","34","0.4886673390865326","0.8344","0.02311111111111111"
"fashion_mnist","20","2","mixed_maturity","access_freshness_lease","dirichlet_lcb","benign_concept_drift","0.5","1","2","5","5","0.5","5","20","9","1.5","35","0.524537205696106","0.8246","0.013333333333333334"
"fashion_mnist","20","2","mixed_maturity","access_freshness_lease","dirichlet_lcb","benign_concept_drift","0.5","1","2","5","5","0.5","5","20","9","1.5","36","0.4854150414466858","0.8338","0.023333333333333334"
"fashion_mnist","20","2","mixed_maturity","access_freshness_lease","dirichlet_lcb","benign_concept_drift","0.5","1","2","5","5","0.5","5","20","9","1.5","37","0.4831075072288513","0.8342","0.025555555555555557"
"fashion_mnist","20","2","mixed_maturity","access_freshness_lease","dirichlet_lcb","benign_concept_drift","0.5","1","2","5","5","0.5","5","20","9","1.5","38","0.4870293438434601","0.833","0.018"
"fashion_mnist","20","2","mixed_maturity","access_freshness_lease","dirichlet_lcb","benign_concept_drift","0.5","1","2","5","5","0.5","5","20","9","1.5","39","0.4912278354167938","0.8334","0.024"
"fashion_mnist","20","2","mixed_maturity","access_freshness_lease","dirichlet_lcb","benign_concept_drift","0.5","1","2","5","5","0.5","5","20","9","1.5","40","0.4777166545391083","0.8402","0.028888888888888888"
"fashion_mnist","20","2","mixed_maturity","access_freshness_lease","dirichlet_lcb","benign_concept_drift","0.5","1","2","5","5","0.5","5","20","9","1.5","41","0.496736615896225","0.8282","0.012222222222222223"
"fashion_mnist","20","2","mixed_maturity","access_freshness_lease","dirichlet_lcb","benign_concept_drift","0.5","1","2","5","5","0.5","5","20","9","1.5","42","0.506374716758728","0.8234","0.013777777777777778"
"fashion_mnist","20","2","mixed_maturity","access_freshness_lease","dirichlet_lcb","benign_concept_drift","0.5","1","2","5","5","0.5","5","20","9","1.5","43","0.49077558517456055","0.828","0.019555555555555555"
"fashion_mnist","20","2","mixed_maturity","access_freshness_lease","dirichlet_lcb","benign_concept_drift","0.5","1","2","5","5","0.5","5","20","9","1.5","44","0.4944666028022766","0.837","0.035555555555555556"
"fashion_mnist","20","2","mixed_maturity","access_freshness_lease","dirichlet_lcb","benign_concept_drift","0.5","1","2","5","5","0.5","5","20","9","1.5","45","0.48125147819519043","0.8352","0.024"
"fashion_mnist","20","2","mixed_maturity","access_freshness_lease","dirichlet_lcb","benign_concept_drift","0.5","1","2","5","5","0.5","5","20","9","1.5","46","0.48582226037979126","0.837","0.021111111111111112"
"fashion_mnist","20","2","mixed_maturity","access_freshness_lease","dirichlet_lcb","benign_concept_drift","0.5","1","2","5","5","0.5","5","20","9","1.5","47","0.5152826309204102","0.8302","0.035777777777777776"
"fashion_mnist","20","2","mixed_maturity","access_freshness_lease","dirichlet_lcb","benign_concept_drift","0.5","1","2","5","5","0.5","5","20","9","1.5","48","0.5043268799781799","0.8258","0.010888888888888889"
"fashion_mnist","20","2","mixed_maturity","access_freshness_lease","dirichlet_lcb","benign_concept_drift","0.5","1","2","5","5","0.5","5","20","9","1.5","49","0.48916587233543396","0.834","0.025777777777777778"
"fashion_mnist","20","2","mixed_maturity","access_freshness_lease","dirichlet_lcb","benign_concept_drift","0.5","1","2","5","5","0.5","5","20","9","1.5","50","0.4802417457103729","0.8394","0.029555555555555557"
"fashion_mnist","20","2","mixed_maturity","access_freshness_lease","dirichlet_lcb","benign_concept_drift","0.5","2","2","5","5","0.5","5","20","9","1.5","1","0.7192755937576294","0.7684","0.032"
"fashion_mnist","20","2","mixed_maturity","access_freshness_lease","dirichlet_lcb","benign_concept_drift","0.5","2","2","5","5","0.5","5","20","9","1.5","2","0.5964975357055664","0.8018","0.03266666666666666"
"fashion_mnist","20","2","mixed_maturity","access_freshness_lease","dirichlet_lcb","benign_concept_drift","0.5","2","2","5","5","0.5","5","20","9","1.5","3","0.5522926449775696","0.8172","0.01911111111111111"
"fashion_mnist","20","2","mixed_maturity","access_freshness_lease","dirichlet_lcb","benign_concept_drift","0.5","2","2","5","5","0.5","5","20","9","1.5","4","0.5450846552848816","0.814","0.018"
"fashion_mnist","20","2","mixed_maturity","access_freshness_lease","dirichlet_lcb","benign_concept_drift","0.5","2","2","5","5","0.5","5","20","9","1.5","5","0.5259127020835876","0.8246","0.025555555555555557"
"fashion_mnist","20","2","mixed_maturity","access_freshness_lease","dirichlet_lcb","benign_concept_drift","0.5","2","2","5","5","0.5","5","20","9","1.5","6","0.5198490023612976","0.8242","0.018444444444444444"
"fashion_mnist","20","2","mixed_maturity","access_freshness_lease","dirichlet_lcb","benign_concept_drift","0.5","2","2","5","5","0.5","5","20","9","1.5","7","0.5255033373832703","0.82","0.019333333333333334"
"fashion_mnist","20","2","mixed_maturity","access_freshness_lease","dirichlet_lcb","benign_concept_drift","0.5","2","2","5","5","0.5","5","20","9","1.5","8","0.5186384916305542","0.8196","0.016888888888888887"
"fashion_mnist","20","2","mixed_maturity","access_freshness_lease","dirichlet_lcb","benign_concept_drift","0.5","2","2","5","5","0.5","5","20","9","1.5","9","0.5268762111663818","0.82","0.012888888888888889"
"fashion_mnist","20","2","mixed_maturity","access_freshness_lease","dirichlet_lcb","benign_concept_drift","0.5","2","2","5","5","0.5","5","20","9","1.5","10","0.5090479254722595","0.8266","0.017777777777777778"
"fashion_mnist","20","2","mixed_maturity","access_freshness_lease","dirichlet_lcb","benign_concept_drift","0.5","2","2","5","5","0.5","5","20","9","1.5","11","0.49201861023902893","0.8352","0.018"
"fashion_mnist","20","2","mixed_maturity","access_freshness_lease","dirichlet_lcb","benign_concept_drift","0.5","2","2","5","5","0.5","5","20","9","1.5","12","0.4998529255390167","0.8284","0.01911111111111111"
"fashion_mnist","20","2","mixed_maturity","access_freshness_lease","dirichlet_lcb","benign_concept_drift","0.5","2","2","5","5","0.5","5","20","9","1.5","13","0.4865497052669525","0.8308","0.016444444444444446"
"fashion_mnist","20","2","mixed_maturity","access_freshness_lease","dirichlet_lcb","benign_concept_drift","0.5","2","2","5","5","0.5","5","20","9","1.5","14","0.48507198691368103","0.8338","0.015555555555555555"
"fashion_mnist","20","2","mixed_maturity","access_freshness_lease","dirichlet_lcb","benign_concept_drift","0.5","2","2","5","5","0.5","5","20","9","1.5","15","0.4901369512081146","0.8322","0.01577777777777778"
"fashion_mnist","20","2","mixed_maturity","access_freshness_lease","dirichlet_lcb","benign_concept_drift","0.5","2","2","5","5","0.5","5","20","9","1.5","16","0.4837436378002167","0.8332","0.017333333333333333"
"fashion_mnist","20","2","mixed_maturity","access_freshness_lease","dirichlet_lcb","benign_concept_drift","0.5","2","2","5","5","0.5","5","20","9","1.5","17","0.49503690004348755","0.837","0.02822222222222222"
"fashion_mnist","20","2","mixed_maturity","access_freshness_lease","dirichlet_lcb","benign_concept_drift","0.5","2","2","5","5","0.5","5","20","9","1.5","18","0.4818941354751587","0.8326","0.016666666666666666"
"fashion_mnist","20","2","mixed_maturity","access_freshness_lease","dirichlet_lcb","benign_concept_drift","0.5","2","2","5","5","0.5","5","20","9","1.5","19","0.49170181155204773","0.8358","0.03333333333333333"
"fashion_mnist","20","2","mixed_maturity","access_freshness_lease","dirichlet_lcb","benign_concept_drift","0.5","2","2","5","5","0.5","5","20","9","1.5","20","0.4851597547531128","0.8356","0.01911111111111111"
"fashion_mnist","20","2","mixed_maturity","access_freshness_lease","dirichlet_lcb","benign_concept_drift","0.5","2","2","5","5","0.5","5","20","9","1.5","21","0.49442100524902344","0.8346","0.019777777777777776"
"fashion_mnist","20","2","mixed_maturity","access_freshness_lease","dirichlet_lcb","benign_concept_drift","0.5","2","2","5","5","0.5","5","20","9","1.5","22","0.4737228453159332","0.8416","0.022444444444444444"
"fashion_mnist","20","2","mixed_maturity","access_freshness_lease","dirichlet_lcb","benign_concept_drift","0.5","2","2","5","5","0.5","5","20","9","1.5","23","0.47830989956855774","0.8404","0.021333333333333333"
"fashion_mnist","20","2","mixed_maturity","access_freshness_lease","dirichlet_lcb","benign_concept_drift","0.5","2","2","5","5","0.5","5","20","9","1.5","24","0.4953167140483856","0.8368","0.019555555555555555"
"fashion_mnist","20","2","mixed_maturity","access_freshness_lease","dirichlet_lcb","benign_concept_drift","0.5","2","2","5","5","0.5","5","20","9","1.5","25","0.47555962204933167","0.8338","0.01911111111111111"
"fashion_mnist","20","2","mixed_maturity","access_freshness_lease","dirichlet_lcb","benign_concept_drift","0.5","2","2","5","5","0.5","5","20","9","1.5","26","0.5007650256156921","0.8302","0.015333333333333332"
"fashion_mnist","20","2","mixed_maturity","access_freshness_lease","dirichlet_lcb","benign_concept_drift","0.5","2","2","5","5","0.5","5","20","9","1.5","27","0.4685590863227844","0.8428","0.018666666666666668"
"fashion_mnist","20","2","mixed_maturity","access_freshness_lease","dirichlet_lcb","benign_concept_drift","0.5","2","2","5","5","0.5","5","20","9","1.5","28","0.48378631472587585","0.8318","0.013777777777777778"
"fashion_mnist","20","2","mixed_maturity","access_freshness_lease","dirichlet_lcb","benign_concept_drift","0.5","2","2","5","5","0.5","5","20","9","1.5","29","0.476566880941391","0.8376","0.02022222222222222"
"fashion_mnist","20","2","mixed_maturity","access_freshness_lease","dirichlet_lcb","benign_concept_drift","0.5","2","2","5","5","0.5","5","20","9","1.5","30","0.4722353518009186","0.8364","0.014444444444444444"
"fashion_mnist","20","2","mixed_maturity","access_freshness_lease","dirichlet_lcb","benign_concept_drift","0.5","2","2","5","5","0.5","5","20","9","1.5","31","0.46936309337615967","0.8426","0.015333333333333332"
"fashion_mnist","20","2","mixed_maturity","access_freshness_lease","dirichlet_lcb","benign_concept_drift","0.5","2","2","5","5","0.5","5","20","9","1.5","32","0.4770997166633606","0.8438","0.021333333333333333"
"fashion_mnist","20","2","mixed_maturity","access_freshness_lease","dirichlet_lcb","benign_concept_drift","0.5","2","2","5","5","0.5","5","20","9","1.5","33","0.4879405200481415","0.8422","0.021111111111111112"
"fashion_mnist","20","2","mixed_maturity","access_freshness_lease","dirichlet_lcb","benign_concept_drift","0.5","2","2","5","5","0.5","5","20","9","1.5","34","0.4705689549446106","0.8376","0.022222222222222223"
"fashion_mnist","20","2","mixed_maturity","access_freshness_lease","dirichlet_lcb","benign_concept_drift","0.5","2","2","5","5","0.5","5","20","9","1.5","35","0.4723050892353058","0.8394","0.021777777777777778"
"fashion_mnist","20","2","mixed_maturity","access_freshness_lease","dirichlet_lcb","benign_concept_drift","0.5","2","2","5","5","0.5","5","20","9","1.5","36","0.5022290349006653","0.8296","0.018666666666666668"
"fashion_mnist","20","2","mixed_maturity","access_freshness_lease","dirichlet_lcb","benign_concept_drift","0.5","2","2","5","5","0.5","5","20","9","1.5","37","0.47484439611434937","0.8378","0.028444444444444446"
"fashion_mnist","20","2","mixed_maturity","access_freshness_lease","dirichlet_lcb","benign_concept_drift","0.5","2","2","5","5","0.5","5","20","9","1.5","38","0.48423099517822266","0.8366","0.017555555555555557"
"fashion_mnist","20","2","mixed_maturity","access_freshness_lease","dirichlet_lcb","benign_concept_drift","0.5","2","2","5","5","0.5","5","20","9","1.5","39","0.4705841839313507","0.8422","0.018222222222222223"
"fashion_mnist","20","2","mixed_maturity","access_freshness_lease","dirichlet_lcb","benign_concept_drift","0.5","2","2","5","5","0.5","5","20","9","1.5","40","0.47385019063949585","0.8464","0.027333333333333334"
"fashion_mnist","20","2","mixed_maturity","access_freshness_lease","dirichlet_lcb","benign_concept_drift","0.5","2","2","5","5","0.5","5","20","9","1.5","41","0.47402122616767883","0.8404","0.01577777777777778"
"fashion_mnist","20","2","mixed_maturity","access_freshness_lease","dirichlet_lcb","benign_concept_drift","0.5","2","2","5","5","0.5","5","20","9","1.5","42","0.47774478793144226","0.8364","0.012888888888888889"
"fashion_mnist","20","2","mixed_maturity","access_freshness_lease","dirichlet_lcb","benign_concept_drift","0.5","2","2","5","5","0.5","5","20","9","1.5","43","0.49740296602249146","0.8298","0.012666666666666666"
"fashion_mnist","20","2","mixed_maturity","access_freshness_lease","dirichlet_lcb","benign_concept_drift","0.5","2","2","5","5","0.5","5","20","9","1.5","44","0.4661305248737335","0.8394","0.019555555555555555"
"fashion_mnist","20","2","mixed_maturity","access_freshness_lease","dirichlet_lcb","benign_concept_drift","0.5","2","2","5","5","0.5","5","20","9","1.5","45","0.46702679991722107","0.8384","0.017555555555555557"
"fashion_mnist","20","2","mixed_maturity","access_freshness_lease","dirichlet_lcb","benign_concept_drift","0.5","2","2","5","5","0.5","5","20","9","1.5","46","0.47616615891456604","0.8422","0.021777777777777778"
"fashion_mnist","20","2","mixed_maturity","access_freshness_lease","dirichlet_lcb","benign_concept_drift","0.5","2","2","5","5","0.5","5","20","9","1.5","47","0.4851706922054291","0.83","0.015111111111111112"
"fashion_mnist","20","2","mixed_maturity","access_freshness_lease","dirichlet_lcb","benign_concept_drift","0.5","2","2","5","5","0.5","5","20","9","1.5","48","0.46883174777030945","0.8438","0.01911111111111111"
"fashion_mnist","20","2","mixed_maturity","access_freshness_lease","dirichlet_lcb","benign_concept_drift","0.5","2","2","5","5","0.5","5","20","9","1.5","49","0.47070443630218506","0.837","0.014"
"fashion_mnist","20","2","mixed_maturity","access_freshness_lease","dirichlet_lcb","benign_concept_drift","0.5","2","2","5","5","0.5","5","20","9","1.5","50","0.48967620730400085","0.8372","0.016"
"fashion_mnist","20","2","mixed_maturity","access_freshness_lease","dirichlet_lcb","benign_concept_drift","0.5","3","2","5","5","0.5","5","20","9","1.5","1","0.7047092914581299","0.7664","0.027777777777777776"
"fashion_mnist","20","2","mixed_maturity","access_freshness_lease","dirichlet_lcb","benign_concept_drift","0.5","3","2","5","5","0.5","5","20","9","1.5","2","0.6424649357795715","0.7798","0.005333333333333333"
"fashion_mnist","20","2","mixed_maturity","access_freshness_lease","dirichlet_lcb","benign_concept_drift","0.5","3","2","5","5","0.5","5","20","9","1.5","3","0.5820664167404175","0.7992","0.008888888888888889"
"fashion_mnist","20","2","mixed_maturity","access_freshness_lease","dirichlet_lcb","benign_concept_drift","0.5","3","2","5","5","0.5","5","20","9","1.5","4","0.5578974485397339","0.8124","0.016444444444444446"
"fashion_mnist","20","2","mixed_maturity","access_freshness_lease","dirichlet_lcb","benign_concept_drift","0.5","3","2","5","5","0.5","5","20","9","1.5","5","0.5706173777580261","0.8114","0.014888888888888889"
"fashion_mnist","20","2","mixed_maturity","access_freshness_lease","dirichlet_lcb","benign_concept_drift","0.5","3","2","5","5","0.5","5","20","9","1.5","6","0.5732560753822327","0.813","0.016888888888888887"
"fashion_mnist","20","2","mixed_maturity","access_freshness_lease","dirichlet_lcb","benign_concept_drift","0.5","3","2","5","5","0.5","5","20","9","1.5","7","0.5273153185844421","0.8258","0.024444444444444446"
"fashion_mnist","20","2","mixed_maturity","access_freshness_lease","dirichlet_lcb","benign_concept_drift","0.5","3","2","5","5","0.5","5","20","9","1.5","8","0.5179491639137268","0.824","0.018222222222222223"
"fashion_mnist","20","2","mixed_maturity","access_freshness_lease","dirichlet_lcb","benign_concept_drift","0.5","3","2","5","5","0.5","5","20","9","1.5","9","0.5598710775375366","0.8176","0.014"
"fashion_mnist","20","2","mixed_maturity","access_freshness_lease","dirichlet_lcb","benign_concept_drift","0.5","3","2","5","5","0.5","5","20","9","1.5","10","0.519692599773407","0.8272","0.02022222222222222"
"fashion_mnist","20","2","mixed_maturity","access_freshness_lease","dirichlet_lcb","benign_concept_drift","0.5","3","2","5","5","0.5","5","20","9","1.5","11","0.5027139782905579","0.8288","0.017555555555555557"
"fashion_mnist","20","2","mixed_maturity","access_freshness_lease","dirichlet_lcb","benign_concept_drift","0.5","3","2","5","5","0.5","5","20","9","1.5","12","0.5152550935745239","0.8306","0.020888888888888887"
"fashion_mnist","20","2","mixed_maturity","access_freshness_lease","dirichlet_lcb","benign_concept_drift","0.5","3","2","5","5","0.5","5","20","9","1.5","13","0.5187338590621948","0.83","0.019333333333333334"
"fashion_mnist","20","2","mixed_maturity","access_freshness_lease","dirichlet_lcb","benign_concept_drift","0.5","3","2","5","5","0.5","5","20","9","1.5","14","0.5189120173454285","0.8282","0.016888888888888887"
"fashion_mnist","20","2","mixed_maturity","access_freshness_lease","dirichlet_lcb","benign_concept_drift","0.5","3","2","5","5","0.5","5","20","9","1.5","15","0.5552088618278503","0.821","0.015111111111111112"
"fashion_mnist","20","2","mixed_maturity","access_freshness_lease","dirichlet_lcb","benign_concept_drift","0.5","3","2","5","5","0.5","5","20","9","1.5","16","0.5261804461479187","0.83","0.02711111111111111"
"fashion_mnist","20","2","mixed_maturity","access_freshness_lease","dirichlet_lcb","benign_concept_drift","0.5","3","2","5","5","0.5","5","20","9","1.5","17","0.5009685754776001","0.8362","0.022444444444444444"
"fashion_mnist","20","2","mixed_maturity","access_freshness_lease","dirichlet_lcb","benign_concept_drift","0.5","3","2","5","5","0.5","5","20","9","1.5","18","0.4935503900051117","0.8338","0.020666666666666667"
"fashion_mnist","20","2","mixed_maturity","access_freshness_lease","dirichlet_lcb","benign_concept_drift","0.5","3","2","5","5","0.5","5","20","9","1.5","19","0.515464723110199","0.8292","0.016888888888888887"
"fashion_mnist","20","2","mixed_maturity","access_freshness_lease","dirichlet_lcb","benign_concept_drift","0.5","3","2","5","5","0.5","5","20","9","1.5","20","0.5244731307029724","0.8274","0.015555555555555555"
"fashion_mnist","20","2","mixed_maturity","access_freshness_lease","dirichlet_lcb","benign_concept_drift","0.5","3","2","5","5","0.5","5","20","9","1.5","21","0.5530396699905396","0.816","0.010666666666666666"
"fashion_mnist","20","2","mixed_maturity","access_freshness_lease","dirichlet_lcb","benign_concept_drift","0.5","3","2","5","5","0.5","5","20","9","1.5","22","0.4828576147556305","0.8336","0.016444444444444446"
"fashion_mnist","20","2","mixed_maturity","access_freshness_lease","dirichlet_lcb","benign_concept_drift","0.5","3","2","5","5","0.5","5","20","9","1.5","23","0.5704314708709717","0.8092","0.008444444444444444"
"fashion_mnist","20","2","mixed_maturity","access_freshness_lease","dirichlet_lcb","benign_concept_drift","0.5","3","2","5","5","0.5","5","20","9","1.5","24","0.4936005771160126","0.8352","0.018"
"fashion_mnist","20","2","mixed_maturity","access_freshness_lease","dirichlet_lcb","benign_concept_drift","0.5","3","2","5","5","0.5","5","20","9","1.5","25","0.5414999127388","0.8224","0.018444444444444444"
"fashion_mnist","20","2","mixed_maturity","access_freshness_lease","dirichlet_lcb","benign_concept_drift","0.5","3","2","5","5","0.5","5","20","9","1.5","26","0.5711036324501038","0.8246","0.024444444444444446"
"fashion_mnist","20","2","mixed_maturity","access_freshness_lease","dirichlet_lcb","benign_concept_drift","0.5","3","2","5","5","0.5","5","20","9","1.5","27","0.513633668422699","0.8316","0.023555555555555555"
"fashion_mnist","20","2","mixed_maturity","access_freshness_lease","dirichlet_lcb","benign_concept_drift","0.5","3","2","5","5","0.5","5","20","9","1.5","28","0.4844587743282318","0.8362","0.025111111111111112"
"fashion_mnist","20","2","mixed_maturity","access_freshness_lease","dirichlet_lcb","benign_concept_drift","0.5","3","2","5","5","0.5","5","20","9","1.5","29","0.5182040929794312","0.8336","0.02422222222222222"
"fashion_mnist","20","2","mixed_maturity","access_freshness_lease","dirichlet_lcb","benign_concept_drift","0.5","3","2","5","5","0.5","5","20","9","1.5","30","0.5586105585098267","0.8272","0.03155555555555556"
"fashion_mnist","20","2","mixed_maturity","access_freshness_lease","dirichlet_lcb","benign_concept_drift","0.5","3","2","5","5","0.5","5","20","9","1.5","31","0.47816118597984314","0.8384","0.021555555555555557"
"fashion_mnist","20","2","mixed_maturity","access_freshness_lease","dirichlet_lcb","benign_concept_drift","0.5","3","2","5","5","0.5","5","20","9","1.5","32","0.4775247573852539","0.838","0.018444444444444444"
"fashion_mnist","20","2","mixed_maturity","access_freshness_lease","dirichlet_lcb","benign_concept_drift","0.5","3","2","5","5","0.5","5","20","9","1.5","33","0.5063449740409851","0.8282","0.012444444444444444"
"fashion_mnist","20","2","mixed_maturity","access_freshness_lease","dirichlet_lcb","benign_concept_drift","0.5","3","2","5","5","0.5","5","20","9","1.5","34","0.4715351164340973","0.8396","0.022444444444444444"
"fashion_mnist","20","2","mixed_maturity","access_freshness_lease","dirichlet_lcb","benign_concept_drift","0.5","3","2","5","5","0.5","5","20","9","1.5","35","0.4917201101779938","0.835","0.02022222222222222"
"fashion_mnist","20","2","mixed_maturity","access_freshness_lease","dirichlet_lcb","benign_concept_drift","0.5","3","2","5","5","0.5","5","20","9","1.5","36","0.5042652487754822","0.8328","0.026444444444444444"
"fashion_mnist","20","2","mixed_maturity","access_freshness_lease","dirichlet_lcb","benign_concept_drift","0.5","3","2","5","5","0.5","5","20","9","1.5","37","0.5069468021392822","0.83","0.012666666666666666"
"fashion_mnist","20","2","mixed_maturity","access_freshness_lease","dirichlet_lcb","benign_concept_drift","0.5","3","2","5","5","0.5","5","20","9","1.5","38","0.49621620774269104","0.8318","0.020888888888888887"
"fashion_mnist","20","2","mixed_maturity","access_freshness_lease","dirichlet_lcb","benign_concept_drift","0.5","3","2","5","5","0.5","5","20","9","1.5","39","0.5591737031936646","0.8232","0.02288888888888889"
"fashion_mnist","20","2","mixed_maturity","access_freshness_lease","dirichlet_lcb","benign_concept_drift","0.5","3","2","5","5","0.5","5","20","9","1.5","40","0.5451159477233887","0.8298","0.01911111111111111"
"fashion_mnist","20","2","mixed_maturity","access_freshness_lease","dirichlet_lcb","benign_concept_drift","0.5","3","2","5","5","0.5","5","20","9","1.5","41","0.48719990253448486","0.837","0.02"
"fashion_mnist","20","2","mixed_maturity","access_freshness_lease","dirichlet_lcb","benign_concept_drift","0.5","3","2","5","5","0.5","5","20","9","1.5","42","0.4889634847640991","0.836","0.024666666666666667"
"fashion_mnist","20","2","mixed_maturity","access_freshness_lease","dirichlet_lcb","benign_concept_drift","0.5","3","2","5","5","0.5","5","20","9","1.5","43","0.4742559492588043","0.84","0.023777777777777776"
"fashion_mnist","20","2","mixed_maturity","access_freshness_lease","dirichlet_lcb","benign_concept_drift","0.5","3","2","5","5","0.5","5","20","9","1.5","44","0.486301064491272","0.8358","0.013333333333333334"
"fashion_mnist","20","2","mixed_maturity","access_freshness_lease","dirichlet_lcb","benign_concept_drift","0.5","3","2","5","5","0.5","5","20","9","1.5","45","0.49895867705345154","0.8344","0.027777777777777776"
"fashion_mnist","20","2","mixed_maturity","access_freshness_lease","dirichlet_lcb","benign_concept_drift","0.5","3","2","5","5","0.5","5","20","9","1.5","46","0.48417866230010986","0.8374","0.024"
"fashion_mnist","20","2","mixed_maturity","access_freshness_lease","dirichlet_lcb","benign_concept_drift","0.5","3","2","5","5","0.5","5","20","9","1.5","47","0.5124549269676208","0.8344","0.024666666666666667"
"fashion_mnist","20","2","mixed_maturity","access_freshness_lease","dirichlet_lcb","benign_concept_drift","0.5","3","2","5","5","0.5","5","20","9","1.5","48","0.4912237823009491","0.8374","0.02311111111111111"
"fashion_mnist","20","2","mixed_maturity","access_freshness_lease","dirichlet_lcb","benign_concept_drift","0.5","3","2","5","5","0.5","5","20","9","1.5","49","0.4837515652179718","0.8364","0.02311111111111111"
"fashion_mnist","20","2","mixed_maturity","access_freshness_lease","dirichlet_lcb","benign_concept_drift","0.5","3","2","5","5","0.5","5","20","9","1.5","50","0.5136301517486572","0.827","0.011333333333333334"
"fashion_mnist","20","2","mixed_maturity","access_freshness_lease","dirichlet_lcb","benign_concept_drift","0.5","4","2","5","5","0.5","5","20","9","1.5","1","0.731982409954071","0.7592","0.04733333333333333"
"fashion_mnist","20","2","mixed_maturity","access_freshness_lease","dirichlet_lcb","benign_concept_drift","0.5","4","2","5","5","0.5","5","20","9","1.5","2","0.6436562538146973","0.7834","0.014444444444444444"
"fashion_mnist","20","2","mixed_maturity","access_freshness_lease","dirichlet_lcb","benign_concept_drift","0.5","4","2","5","5","0.5","5","20","9","1.5","3","0.5943719744682312","0.8002","0.026"
"fashion_mnist","20","2","mixed_maturity","access_freshness_lease","dirichlet_lcb","benign_concept_drift","0.5","4","2","5","5","0.5","5","20","9","1.5","4","0.5925415754318237","0.7974","0.033777777777777775"
"fashion_mnist","20","2","mixed_maturity","access_freshness_lease","dirichlet_lcb","benign_concept_drift","0.5","4","2","5","5","0.5","5","20","9","1.5","5","0.5509125590324402","0.8142","0.030222222222222223"
"fashion_mnist","20","2","mixed_maturity","access_freshness_lease","dirichlet_lcb","benign_concept_drift","0.5","4","2","5","5","0.5","5","20","9","1.5","6","0.6238799095153809","0.7954","0.010666666666666666"
"fashion_mnist","20","2","mixed_maturity","access_freshness_lease","dirichlet_lcb","benign_concept_drift","0.5","4","2","5","5","0.5","5","20","9","1.5","7","0.5274729132652283","0.822","0.027333333333333334"
"fashion_mnist","20","2","mixed_maturity","access_freshness_lease","dirichlet_lcb","benign_concept_drift","0.5","4","2","5","5","0.5","5","20","9","1.5","8","0.5256600379943848","0.822","0.03155555555555556"
"fashion_mnist","20","2","mixed_maturity","access_freshness_lease","dirichlet_lcb","benign_concept_drift","0.5","4","2","5","5","0.5","5","20","9","1.5","9","0.5124999284744263","0.8264","0.02711111111111111"
"fashion_mnist","20","2","mixed_maturity","access_freshness_lease","dirichlet_lcb","benign_concept_drift","0.5","4","2","5","5","0.5","5","20","9","1.5","10","0.5114855766296387","0.827","0.021555555555555557"
"fashion_mnist","20","2","mixed_maturity","access_freshness_lease","dirichlet_lcb","benign_concept_drift","0.5","4","2","5","5","0.5","5","20","9","1.5","11","0.5057106614112854","0.826","0.026222222222222223"
"fashion_mnist","20","2","mixed_maturity","access_freshness_lease","dirichlet_lcb","benign_concept_drift","0.5","4","2","5","5","0.5","5","20","9","1.5","12","0.5201925039291382","0.8234","0.011333333333333334"
"fashion_mnist","20","2","mixed_maturity","access_freshness_lease","dirichlet_lcb","benign_concept_drift","0.5","4","2","5","5","0.5","5","20","9","1.5","13","0.515379786491394","0.8252","0.026444444444444444"
"fashion_mnist","20","2","mixed_maturity","access_freshness_lease","dirichlet_lcb","benign_concept_drift","0.5","4","2","5","5","0.5","5","20","9","1.5","14","0.5005442500114441","0.8296","0.029111111111111112"
"fashion_mnist","20","2","mixed_maturity","access_freshness_lease","dirichlet_lcb","benign_concept_drift","0.5","4","2","5","5","0.5","5","20","9","1.5","15","0.501685619354248","0.8282","0.020666666666666667"
"fashion_mnist","20","2","mixed_maturity","access_freshness_lease","dirichlet_lcb","benign_concept_drift","0.5","4","2","5","5","0.5","5","20","9","1.5","16","0.5161711573600769","0.825","0.018666666666666668"
"fashion_mnist","20","2","mixed_maturity","access_freshness_lease","dirichlet_lcb","benign_concept_drift","0.5","4","2","5","5","0.5","5","20","9","1.5","17","0.4997187554836273","0.8284","0.023555555555555555"
"fashion_mnist","20","2","mixed_maturity","access_freshness_lease","dirichlet_lcb","benign_concept_drift","0.5","4","2","5","5","0.5","5","20","9","1.5","18","0.5244723558425903","0.825","0.020444444444444446"
"fashion_mnist","20","2","mixed_maturity","access_freshness_lease","dirichlet_lcb","benign_concept_drift","0.5","4","2","5","5","0.5","5","20","9","1.5","19","0.50212562084198","0.8288","0.029555555555555557"
"fashion_mnist","20","2","mixed_maturity","access_freshness_lease","dirichlet_lcb","benign_concept_drift","0.5","4","2","5","5","0.5","5","20","9","1.5","20","0.5094199180603027","0.83","0.02711111111111111"
"fashion_mnist","20","2","mixed_maturity","access_freshness_lease","dirichlet_lcb","benign_concept_drift","0.5","4","2","5","5","0.5","5","20","9","1.5","21","0.48987269401550293","0.8284","0.018222222222222223"
"fashion_mnist","20","2","mixed_maturity","access_freshness_lease","dirichlet_lcb","benign_concept_drift","0.5","4","2","5","5","0.5","5","20","9","1.5","22","0.4805477559566498","0.8362","0.028888888888888888"
"fashion_mnist","20","2","mixed_maturity","access_freshness_lease","dirichlet_lcb","benign_concept_drift","0.5","4","2","5","5","0.5","5","20","9","1.5","23","0.4951329231262207","0.8298","0.018"
"fashion_mnist","20","2","mixed_maturity","access_freshness_lease","dirichlet_lcb","benign_concept_drift","0.5","4","2","5","5","0.5","5","20","9","1.5","24","0.49225595593452454","0.8336","0.03311111111111111"
"fashion_mnist","20","2","mixed_maturity","access_freshness_lease","dirichlet_lcb","benign_concept_drift","0.5","4","2","5","5","0.5","5","20","9","1.5","25","0.4893225133419037","0.8302","0.028"
"fashion_mnist","20","2","mixed_maturity","access_freshness_lease","dirichlet_lcb","benign_concept_drift","0.5","4","2","5","5","0.5","5","20","9","1.5","26","0.4921436011791229","0.8346","0.01577777777777778"
"fashion_mnist","20","2","mixed_maturity","access_freshness_lease","dirichlet_lcb","benign_concept_drift","0.5","4","2","5","5","0.5","5","20","9","1.5","27","0.48216333985328674","0.8322","0.01888888888888889"
"fashion_mnist","20","2","mixed_maturity","access_freshness_lease","dirichlet_lcb","benign_concept_drift","0.5","4","2","5","5","0.5","5","20","9","1.5","28","0.4908628761768341","0.8298","0.020888888888888887"
"fashion_mnist","20","2","mixed_maturity","access_freshness_lease","dirichlet_lcb","benign_concept_drift","0.5","4","2","5","5","0.5","5","20","9","1.5","29","0.5290710926055908","0.827","0.03155555555555556"
"fashion_mnist","20","2","mixed_maturity","access_freshness_lease","dirichlet_lcb","benign_concept_drift","0.5","4","2","5","5","0.5","5","20","9","1.5","30","0.4767952263355255","0.8374","0.028444444444444446"
"fashion_mnist","20","2","mixed_maturity","access_freshness_lease","dirichlet_lcb","benign_concept_drift","0.5","4","2","5","5","0.5","5","20","9","1.5","31","0.5252016186714172","0.821","0.02022222222222222"
"fashion_mnist","20","2","mixed_maturity","access_freshness_lease","dirichlet_lcb","benign_concept_drift","0.5","4","2","5","5","0.5","5","20","9","1.5","32","0.49276211857795715","0.8308","0.02022222222222222"
"fashion_mnist","20","2","mixed_maturity","access_freshness_lease","dirichlet_lcb","benign_concept_drift","0.5","4","2","5","5","0.5","5","20","9","1.5","33","0.4802359342575073","0.8382","0.029111111111111112"
"fashion_mnist","20","2","mixed_maturity","access_freshness_lease","dirichlet_lcb","benign_concept_drift","0.5","4","2","5","5","0.5","5","20","9","1.5","34","0.506174623966217","0.8218","0.014444444444444444"
"fashion_mnist","20","2","mixed_maturity","access_freshness_lease","dirichlet_lcb","benign_concept_drift","0.5","4","2","5","5","0.5","5","20","9","1.5","35","0.48056283593177795","0.8328","0.03"
"fashion_mnist","20","2","mixed_maturity","access_freshness_lease","dirichlet_lcb","benign_concept_drift","0.5","4","2","5","5","0.5","5","20","9","1.5","36","0.47670459747314453","0.836","0.023555555555555555"
"fashion_mnist","20","2","mixed_maturity","access_freshness_lease","dirichlet_lcb","benign_concept_drift","0.5","4","2","5","5","0.5","5","20","9","1.5","37","0.4793427586555481","0.8314","0.021777777777777778"
"fashion_mnist","20","2","mixed_maturity","access_freshness_lease","dirichlet_lcb","benign_concept_drift","0.5","4","2","5","5","0.5","5","20","9","1.5","38","0.5045733451843262","0.8254","0.012222222222222223"
"fashion_mnist","20","2","mixed_maturity","access_freshness_lease","dirichlet_lcb","benign_concept_drift","0.5","4","2","5","5","0.5","5","20","9","1.5","39","0.47737470269203186","0.8372","0.026444444444444444"
"fashion_mnist","20","2","mixed_maturity","access_freshness_lease","dirichlet_lcb","benign_concept_drift","0.5","4","2","5","5","0.5","5","20","9","1.5","40","0.48445674777030945","0.836","0.029111111111111112"
"fashion_mnist","20","2","mixed_maturity","access_freshness_lease","dirichlet_lcb","benign_concept_drift","0.5","4","2","5","5","0.5","5","20","9","1.5","41","0.4831066429615021","0.838","0.030444444444444444"
"fashion_mnist","20","2","mixed_maturity","access_freshness_lease","dirichlet_lcb","benign_concept_drift","0.5","4","2","5","5","0.5","5","20","9","1.5","42","0.5001293420791626","0.8268","0.020666666666666667"
"fashion_mnist","20","2","mixed_maturity","access_freshness_lease","dirichlet_lcb","benign_concept_drift","0.5","4","2","5","5","0.5","5","20","9","1.5","43","0.494029700756073","0.8284","0.018444444444444444"
"fashion_mnist","20","2","mixed_maturity","access_freshness_lease","dirichlet_lcb","benign_concept_drift","0.5","4","2","5","5","0.5","5","20","9","1.5","44","0.4854518473148346","0.8304","0.01911111111111111"
"fashion_mnist","20","2","mixed_maturity","access_freshness_lease","dirichlet_lcb","benign_concept_drift","0.5","4","2","5","5","0.5","5","20","9","1.5","45","0.4976073205471039","0.8334","0.023333333333333334"
"fashion_mnist","20","2","mixed_maturity","access_freshness_lease","dirichlet_lcb","benign_concept_drift","0.5","4","2","5","5","0.5","5","20","9","1.5","46","0.4728381335735321","0.8354","0.02266666666666667"
"fashion_mnist","20","2","mixed_maturity","access_freshness_lease","dirichlet_lcb","benign_concept_drift","0.5","4","2","5","5","0.5","5","20","9","1.5","47","0.48250508308410645","0.8334","0.020444444444444446"
"fashion_mnist","20","2","mixed_maturity","access_freshness_lease","dirichlet_lcb","benign_concept_drift","0.5","4","2","5","5","0.5","5","20","9","1.5","48","0.4812805652618408","0.8384","0.028888888888888888"
"fashion_mnist","20","2","mixed_maturity","access_freshness_lease","dirichlet_lcb","benign_concept_drift","0.5","4","2","5","5","0.5","5","20","9","1.5","49","0.47322383522987366","0.8376","0.026"
"fashion_mnist","20","2","mixed_maturity","access_freshness_lease","dirichlet_lcb","benign_concept_drift","0.5","4","2","5","5","0.5","5","20","9","1.5","50","0.47373902797698975","0.8332","0.021555555555555557"
"fashion_mnist","20","2","mixed_maturity","access_full","dirichlet_lcb","diverse_then_repeat_backdoor","0.5","0","2","5","5","0.5","5","20","9","1.5","1","0.7580200433731079","0.7388","0.005333333333333333"
"fashion_mnist","20","2","mixed_maturity","access_full","dirichlet_lcb","diverse_then_repeat_backdoor","0.5","0","2","5","5","0.5","5","20","9","1.5","2","0.631776750087738","0.7906","0.07088888888888889"
"fashion_mnist","20","2","mixed_maturity","access_full","dirichlet_lcb","diverse_then_repeat_backdoor","0.5","0","2","5","5","0.5","5","20","9","1.5","3","0.5697312355041504","0.8076","0.02266666666666667"
"fashion_mnist","20","2","mixed_maturity","access_full","dirichlet_lcb","diverse_then_repeat_backdoor","0.5","0","2","5","5","0.5","5","20","9","1.5","4","0.5478740930557251","0.8108","0.03955555555555555"
"fashion_mnist","20","2","mixed_maturity","access_full","dirichlet_lcb","diverse_then_repeat_backdoor","0.5","0","2","5","5","0.5","5","20","9","1.5","5","0.5220444202423096","0.8228","0.06644444444444444"
"fashion_mnist","20","2","mixed_maturity","access_full","dirichlet_lcb","diverse_then_repeat_backdoor","0.5","0","2","5","5","0.5","5","20","9","1.5","6","0.5132749080657959","0.825","0.08444444444444445"
"fashion_mnist","20","2","mixed_maturity","access_full","dirichlet_lcb","diverse_then_repeat_backdoor","0.5","0","2","5","5","0.5","5","20","9","1.5","7","0.5314751267433167","0.8188","0.08133333333333333"
"fashion_mnist","20","2","mixed_maturity","access_full","dirichlet_lcb","diverse_then_repeat_backdoor","0.5","0","2","5","5","0.5","5","20","9","1.5","8","0.5692845582962036","0.811","0.10444444444444445"
"fashion_mnist","20","2","mixed_maturity","access_full","dirichlet_lcb","diverse_then_repeat_backdoor","0.5","0","2","5","5","0.5","5","20","9","1.5","9","0.49966293573379517","0.8284","0.13933333333333334"
"fashion_mnist","20","2","mixed_maturity","access_full","dirichlet_lcb","diverse_then_repeat_backdoor","0.5","0","2","5","5","0.5","5","20","9","1.5","10","0.501654863357544","0.831","0.14866666666666667"
"fashion_mnist","20","2","mixed_maturity","access_full","dirichlet_lcb","diverse_then_repeat_backdoor","0.5","0","2","5","5","0.5","5","20","9","1.5","11","0.5316481590270996","0.8144","0.15755555555555556"
"fashion_mnist","20","2","mixed_maturity","access_full","dirichlet_lcb","diverse_then_repeat_backdoor","0.5","0","2","5","5","0.5","5","20","9","1.5","12","0.5014691948890686","0.8318","0.20777777777777778"
"fashion_mnist","20","2","mixed_maturity","access_full","dirichlet_lcb","diverse_then_repeat_backdoor","0.5","0","2","5","5","0.5","5","20","9","1.5","13","0.5154197216033936","0.8162","0.1651111111111111"
"fashion_mnist","20","2","mixed_maturity","access_full","dirichlet_lcb","diverse_then_repeat_backdoor","0.5","0","2","5","5","0.5","5","20","9","1.5","14","0.4784610867500305","0.8364","0.27"
"fashion_mnist","20","2","mixed_maturity","access_full","dirichlet_lcb","diverse_then_repeat_backdoor","0.5","0","2","5","5","0.5","5","20","9","1.5","15","0.47679248452186584","0.8298","0.2597777777777778"
"fashion_mnist","20","2","mixed_maturity","access_full","dirichlet_lcb","diverse_then_repeat_backdoor","0.5","0","2","5","5","0.5","5","20","9","1.5","16","0.496703177690506","0.8352","0.284"
"fashion_mnist","20","2","mixed_maturity","access_full","dirichlet_lcb","diverse_then_repeat_backdoor","0.5","0","2","5","5","0.5","5","20","9","1.5","17","0.4720190465450287","0.836","0.31044444444444447"
"fashion_mnist","20","2","mixed_maturity","access_full","dirichlet_lcb","diverse_then_repeat_backdoor","0.5","0","2","5","5","0.5","5","20","9","1.5","18","0.484417587518692","0.8376","0.37044444444444447"
"fashion_mnist","20","2","mixed_maturity","access_full","dirichlet_lcb","diverse_then_repeat_backdoor","0.5","0","2","5","5","0.5","5","20","9","1.5","19","0.47277191281318665","0.834","0.35555555555555557"
"fashion_mnist","20","2","mixed_maturity","access_full","dirichlet_lcb","diverse_then_repeat_backdoor","0.5","0","2","5","5","0.5","5","20","9","1.5","20","0.48874980211257935","0.8366","0.4097777777777778"
"fashion_mnist","20","2","mixed_maturity","access_full","dirichlet_lcb","diverse_then_repeat_backdoor","0.5","0","2","5","5","0.5","5","20","9","1.5","21","0.4734373986721039","0.8356","0.4128888888888889"
"fashion_mnist","20","2","mixed_maturity","access_full","dirichlet_lcb","diverse_then_repeat_backdoor","0.5","0","2","5","5","0.5","5","20","9","1.5","22","0.4995928108692169","0.8246","0.3502222222222222"
"fashion_mnist","20","2","mixed_maturity","access_full","dirichlet_lcb","diverse_then_repeat_backdoor","0.5","0","2","5","5","0.5","5","20","9","1.5","23","0.48646268248558044","0.8336","0.4688888888888889"
"fashion_mnist","20","2","mixed_maturity","access_full","dirichlet_lcb","diverse_then_repeat_backdoor","0.5","0","2","5","5","0.5","5","20","9","1.5","24","0.47077998518943787","0.8396","0.4608888888888889"
"fashion_mnist","20","2","mixed_maturity","access_full","dirichlet_lcb","diverse_then_repeat_backdoor","0.5","0","2","5","5","0.5","5","20","9","1.5","25","0.46020033955574036","0.8384","0.5057777777777778"
"fashion_mnist","20","2","mixed_maturity","access_full","dirichlet_lcb","diverse_then_repeat_backdoor","0.5","0","2","5","5","0.5","5","20","9","1.5","26","0.5413275361061096","0.8086","0.4568888888888889"
"fashion_mnist","20","2","mixed_maturity","access_full","dirichlet_lcb","diverse_then_repeat_backdoor","0.5","0","2","5","5","0.5","5","20","9","1.5","27","0.47563880681991577","0.832","0.512"
"fashion_mnist","20","2","mixed_maturity","access_full","dirichlet_lcb","diverse_then_repeat_backdoor","0.5","0","2","5","5","0.5","5","20","9","1.5","28","0.46735498309135437","0.8388","0.526"
"fashion_mnist","20","2","mixed_maturity","access_full","dirichlet_lcb","diverse_then_repeat_backdoor","0.5","0","2","5","5","0.5","5","20","9","1.5","29","0.46771249175071716","0.8386","0.5168888888888888"
"fashion_mnist","20","2","mixed_maturity","access_full","dirichlet_lcb","diverse_then_repeat_backdoor","0.5","0","2","5","5","0.5","5","20","9","1.5","30","0.45898836851119995","0.8388","0.5506666666666666"
"fashion_mnist","20","2","mixed_maturity","access_full","dirichlet_lcb","diverse_then_repeat_backdoor","0.5","0","2","5","5","0.5","5","20","9","1.5","31","0.5830434560775757","0.793","0.5762222222222222"
"fashion_mnist","20","2","mixed_maturity","access_full","dirichlet_lcb","diverse_then_repeat_backdoor","0.5","0","2","5","5","0.5","5","20","9","1.5","32","0.5783835649490356","0.8032","0.56"
"fashion_mnist","20","2","mixed_maturity","access_full","dirichlet_lcb","diverse_then_repeat_backdoor","0.5","0","2","5","5","0.5","5","20","9","1.5","33","0.47427821159362793","0.839","0.5986666666666667"
"fashion_mnist","20","2","mixed_maturity","access_full","dirichlet_lcb","diverse_then_repeat_backdoor","0.5","0","2","5","5","0.5","5","20","9","1.5","34","0.4629339873790741","0.841","0.6088888888888889"
"fashion_mnist","20","2","mixed_maturity","access_full","dirichlet_lcb","diverse_then_repeat_backdoor","0.5","0","2","5","5","0.5","5","20","9","1.5","35","0.4603569209575653","0.8392","0.6246666666666667"
"fashion_mnist","20","2","mixed_maturity","access_full","dirichlet_lcb","diverse_then_repeat_backdoor","0.5","0","2","5","5","0.5","5","20","9","1.5","36","0.495724618434906","0.837","0.6108888888888889"
"fashion_mnist","20","2","mixed_maturity","access_full","dirichlet_lcb","diverse_then_repeat_backdoor","0.5","0","2","5","5","0.5","5","20","9","1.5","37","0.4673076272010803","0.8394","0.6124444444444445"
"fashion_mnist","20","2","mixed_maturity","access_full","dirichlet_lcb","diverse_then_repeat_backdoor","0.5","0","2","5","5","0.5","5","20","9","1.5","38","0.47869443893432617","0.8398","0.646"
"fashion_mnist","20","2","mixed_maturity","access_full","dirichlet_lcb","diverse_then_repeat_backdoor","0.5","0","2","5","5","0.5","5","20","9","1.5","39","0.4728245139122009","0.8296","0.67"
"fashion_mnist","20","2","mixed_maturity","access_full","dirichlet_lcb","diverse_then_repeat_backdoor","0.5","0","2","5","5","0.5","5","20","9","1.5","40","0.46421197056770325","0.839","0.6593333333333333"
"fashion_mnist","20","2","mixed_maturity","access_full","dirichlet_lcb","diverse_then_repeat_backdoor","0.5","0","2","5","5","0.5","5","20","9","1.5","41","0.47476905584335327","0.8352","0.6462222222222223"
"fashion_mnist","20","2","mixed_maturity","access_full","dirichlet_lcb","diverse_then_repeat_backdoor","0.5","0","2","5","5","0.5","5","20","9","1.5","42","0.48241475224494934","0.8348","0.6613333333333333"
"fashion_mnist","20","2","mixed_maturity","access_full","dirichlet_lcb","diverse_then_repeat_backdoor","0.5","0","2","5","5","0.5","5","20","9","1.5","43","0.46709591150283813","0.8378","0.6828888888888889"
"fashion_mnist","20","2","mixed_maturity","access_full","dirichlet_lcb","diverse_then_repeat_backdoor","0.5","0","2","5","5","0.5","5","20","9","1.5","44","0.4626006782054901","0.8392","0.6453333333333333"
"fashion_mnist","20","2","mixed_maturity","access_full","dirichlet_lcb","diverse_then_repeat_backdoor","0.5","0","2","5","5","0.5","5","20","9","1.5","45","0.4543370008468628","0.8424","0.6817777777777778"
"fashion_mnist","20","2","mixed_maturity","access_full","dirichlet_lcb","diverse_then_repeat_backdoor","0.5","0","2","5","5","0.5","5","20","9","1.5","46","0.49505770206451416","0.8386","0.6944444444444444"
"fashion_mnist","20","2","mixed_maturity","access_full","dirichlet_lcb","diverse_then_repeat_backdoor","0.5","0","2","5","5","0.5","5","20","9","1.5","47","0.4830990135669708","0.8382","0.6728888888888889"
"fashion_mnist","20","2","mixed_maturity","access_full","dirichlet_lcb","diverse_then_repeat_backdoor","0.5","0","2","5","5","0.5","5","20","9","1.5","48","0.45646601915359497","0.84","0.702"
"fashion_mnist","20","2","mixed_maturity","access_full","dirichlet_lcb","diverse_then_repeat_backdoor","0.5","0","2","5","5","0.5","5","20","9","1.5","49","0.4736200273036957","0.8388","0.7157777777777777"
"fashion_mnist","20","2","mixed_maturity","access_full","dirichlet_lcb","diverse_then_repeat_backdoor","0.5","0","2","5","5","0.5","5","20","9","1.5","50","0.4533449113368988","0.8418","0.7248888888888889"
"fashion_mnist","20","2","mixed_maturity","access_full","dirichlet_lcb","diverse_then_repeat_backdoor","0.5","1","2","5","5","0.5","5","20","9","1.5","1","0.7350659966468811","0.7556","0.04088888888888889"
"fashion_mnist","20","2","mixed_maturity","access_full","dirichlet_lcb","diverse_then_repeat_backdoor","0.5","1","2","5","5","0.5","5","20","9","1.5","2","0.625938355922699","0.7942","0.050666666666666665"
"fashion_mnist","20","2","mixed_maturity","access_full","dirichlet_lcb","diverse_then_repeat_backdoor","0.5","1","2","5","5","0.5","5","20","9","1.5","3","0.6196153163909912","0.7978","0.06644444444444444"
"fashion_mnist","20","2","mixed_maturity","access_full","dirichlet_lcb","diverse_then_repeat_backdoor","0.5","1","2","5","5","0.5","5","20","9","1.5","4","0.5725957751274109","0.8072","0.07177777777777777"
"fashion_mnist","20","2","mixed_maturity","access_full","dirichlet_lcb","diverse_then_repeat_backdoor","0.5","1","2","5","5","0.5","5","20","9","1.5","5","0.5493861436843872","0.8194","0.11288888888888889"
"fashion_mnist","20","2","mixed_maturity","access_full","dirichlet_lcb","diverse_then_repeat_backdoor","0.5","1","2","5","5","0.5","5","20","9","1.5","6","0.5504114627838135","0.8214","0.1751111111111111"
"fashion_mnist","20","2","mixed_maturity","access_full","dirichlet_lcb","diverse_then_repeat_backdoor","0.5","1","2","5","5","0.5","5","20","9","1.5","7","0.5358547568321228","0.8212","0.23466666666666666"
"fashion_mnist","20","2","mixed_maturity","access_full","dirichlet_lcb","diverse_then_repeat_backdoor","0.5","1","2","5","5","0.5","5","20","9","1.5","8","0.5176391005516052","0.8242","0.29733333333333334"
"fashion_mnist","20","2","mixed_maturity","access_full","dirichlet_lcb","diverse_then_repeat_backdoor","0.5","1","2","5","5","0.5","5","20","9","1.5","9","0.5443878173828125","0.818","0.32555555555555554"
"fashion_mnist","20","2","mixed_maturity","access_full","dirichlet_lcb","diverse_then_repeat_backdoor","0.5","1","2","5","5","0.5","5","20","9","1.5","10","0.5143353343009949","0.827","0.398"
"fashion_mnist","20","2","mixed_maturity","access_full","dirichlet_lcb","diverse_then_repeat_backdoor","0.5","1","2","5","5","0.5","5","20","9","1.5","11","0.5121259689331055","0.8306","0.40555555555555556"
"fashion_mnist","20","2","mixed_maturity","access_full","dirichlet_lcb","diverse_then_repeat_backdoor","0.5","1","2","5","5","0.5","5","20","9","1.5","12","0.5597482323646545","0.8202","0.5024444444444445"
"fashion_mnist","20","2","mixed_maturity","access_full","dirichlet_lcb","diverse_then_repeat_backdoor","0.5","1","2","5","5","0.5","5","20","9","1.5","13","0.5309823751449585","0.8228","0.506"
"fashion_mnist","20","2","mixed_maturity","access_full","dirichlet_lcb","diverse_then_repeat_backdoor","0.5","1","2","5","5","0.5","5","20","9","1.5","14","0.5212433934211731","0.8296","0.5346666666666666"
"fashion_mnist","20","2","mixed_maturity","access_full","dirichlet_lcb","diverse_then_repeat_backdoor","0.5","1","2","5","5","0.5","5","20","9","1.5","15","0.536147952079773","0.8276","0.5988888888888889"
"fashion_mnist","20","2","mixed_maturity","access_full","dirichlet_lcb","diverse_then_repeat_backdoor","0.5","1","2","5","5","0.5","5","20","9","1.5","16","0.5116575956344604","0.8294","0.5955555555555555"
"fashion_mnist","20","2","mixed_maturity","access_full","dirichlet_lcb","diverse_then_repeat_backdoor","0.5","1","2","5","5","0.5","5","20","9","1.5","17","0.510691225528717","0.8298","0.6486666666666666"
"fashion_mnist","20","2","mixed_maturity","access_full","dirichlet_lcb","diverse_then_repeat_backdoor","0.5","1","2","5","5","0.5","5","20","9","1.5","18","0.4896048903465271","0.8344","0.6386666666666667"
"fashion_mnist","20","2","mixed_maturity","access_full","dirichlet_lcb","diverse_then_repeat_backdoor","0.5","1","2","5","5","0.5","5","20","9","1.5","19","0.4946981370449066","0.8356","0.6748888888888889"
"fashion_mnist","20","2","mixed_maturity","access_full","dirichlet_lcb","diverse_then_repeat_backdoor","0.5","1","2","5","5","0.5","5","20","9","1.5","20","0.49917274713516235","0.8342","0.7362222222222222"
"fashion_mnist","20","2","mixed_maturity","access_full","dirichlet_lcb","diverse_then_repeat_backdoor","0.5","1","2","5","5","0.5","5","20","9","1.5","21","0.5315062403678894","0.826","0.7353333333333333"
"fashion_mnist","20","2","mixed_maturity","access_full","dirichlet_lcb","diverse_then_repeat_backdoor","0.5","1","2","5","5","0.5","5","20","9","1.5","22","0.49244585633277893","0.8306","0.7108888888888889"
"fashion_mnist","20","2","mixed_maturity","access_full","dirichlet_lcb","diverse_then_repeat_backdoor","0.5","1","2","5","5","0.5","5","20","9","1.5","23","0.5214925408363342","0.8298","0.7188888888888889"
"fashion_mnist","20","2","mixed_maturity","access_full","dirichlet_lcb","diverse_then_repeat_backdoor","0.5","1","2","5","5","0.5","5","20","9","1.5","24","0.5060098171234131","0.8318","0.7457777777777778"
"fashion_mnist","20","2","mixed_maturity","access_full","dirichlet_lcb","diverse_then_repeat_backdoor","0.5","1","2","5","5","0.5","5","20","9","1.5","25","0.48592039942741394","0.8328","0.7397777777777778"
"fashion_mnist","20","2","mixed_maturity","access_full","dirichlet_lcb","diverse_then_repeat_backdoor","0.5","1","2","5","5","0.5","5","20","9","1.5","26","0.4879380464553833","0.8326","0.7813333333333333"
"fashion_mnist","20","2","mixed_maturity","access_full","dirichlet_lcb","diverse_then_repeat_backdoor","0.5","1","2","5","5","0.5","5","20","9","1.5","27","0.5026191473007202","0.8332","0.8246666666666667"
"fashion_mnist","20","2","mixed_maturity","access_full","dirichlet_lcb","diverse_then_repeat_backdoor","0.5","1","2","5","5","0.5","5","20","9","1.5","28","0.4826897382736206","0.8366","0.8035555555555556"
"fashion_mnist","20","2","mixed_maturity","access_full","dirichlet_lcb","diverse_then_repeat_backdoor","0.5","1","2","5","5","0.5","5","20","9","1.5","29","0.4803704023361206","0.8386","0.8224444444444444"
"fashion_mnist","20","2","mixed_maturity","access_full","dirichlet_lcb","diverse_then_repeat_backdoor","0.5","1","2","5","5","0.5","5","20","9","1.5","30","0.47769424319267273","0.8386","0.8213333333333334"
"fashion_mnist","20","2","mixed_maturity","access_full","dirichlet_lcb","diverse_then_repeat_backdoor","0.5","1","2","5","5","0.5","5","20","9","1.5","31","0.5061889886856079","0.833","0.8453333333333334"
"fashion_mnist","20","2","mixed_maturity","access_full","dirichlet_lcb","diverse_then_repeat_backdoor","0.5","1","2","5","5","0.5","5","20","9","1.5","32","0.47676151990890503","0.8368","0.8124444444444444"
"fashion_mnist","20","2","mixed_maturity","access_full","dirichlet_lcb","diverse_then_repeat_backdoor","0.5","1","2","5","5","0.5","5","20","9","1.5","33","0.5090237855911255","0.8348","0.8648888888888889"
"fashion_mnist","20","2","mixed_maturity","access_full","dirichlet_lcb","diverse_then_repeat_backdoor","0.5","1","2","5","5","0.5","5","20","9","1.5","34","0.48262569308280945","0.8398","0.8553333333333333"
"fashion_mnist","20","2","mixed_maturity","access_full","dirichlet_lcb","diverse_then_repeat_backdoor","0.5","1","2","5","5","0.5","5","20","9","1.5","35","0.47594037652015686","0.8378","0.8442222222222222"
"fashion_mnist","20","2","mixed_maturity","access_full","dirichlet_lcb","diverse_then_repeat_backdoor","0.5","1","2","5","5","0.5","5","20","9","1.5","36","0.4820672869682312","0.8402","0.8635555555555555"
"fashion_mnist","20","2","mixed_maturity","access_full","dirichlet_lcb","diverse_then_repeat_backdoor","0.5","1","2","5","5","0.5","5","20","9","1.5","37","0.4831419885158539","0.841","0.8806666666666667"
"fashion_mnist","20","2","mixed_maturity","access_full","dirichlet_lcb","diverse_then_repeat_backdoor","0.5","1","2","5","5","0.5","5","20","9","1.5","38","0.4921184182167053","0.839","0.8822222222222222"
"fashion_mnist","20","2","mixed_maturity","access_full","dirichlet_lcb","diverse_then_repeat_backdoor","0.5","1","2","5","5","0.5","5","20","9","1.5","39","0.48215043544769287","0.8406","0.8806666666666667"
"fashion_mnist","20","2","mixed_maturity","access_full","dirichlet_lcb","diverse_then_repeat_backdoor","0.5","1","2","5","5","0.5","5","20","9","1.5","40","0.5048472881317139","0.837","0.8862222222222222"
"fashion_mnist","20","2","mixed_maturity","access_full","dirichlet_lcb","diverse_then_repeat_backdoor","0.5","1","2","5","5","0.5","5","20","9","1.5","41","0.48988866806030273","0.829","0.8628888888888889"
"fashion_mnist","20","2","mixed_maturity","access_full","dirichlet_lcb","diverse_then_repeat_backdoor","0.5","1","2","5","5","0.5","5","20","9","1.5","42","0.4785359501838684","0.8338","0.8791111111111111"
"fashion_mnist","20","2","mixed_maturity","access_full","dirichlet_lcb","diverse_then_repeat_backdoor","0.5","1","2","5","5","0.5","5","20","9","1.5","43","0.4888443350791931","0.834","0.8995555555555556"
"fashion_mnist","20","2","mixed_maturity","access_full","dirichlet_lcb","diverse_then_repeat_backdoor","0.5","1","2","5","5","0.5","5","20","9","1.5","44","0.5365538001060486","0.8272","0.9133333333333333"
"fashion_mnist","20","2","mixed_maturity","access_full","dirichlet_lcb","diverse_then_repeat_backdoor","0.5","1","2","5","5","0.5","5","20","9","1.5","45","0.48035547137260437","0.8424","0.9068888888888889"
"fashion_mnist","20","2","mixed_maturity","access_full","dirichlet_lcb","diverse_then_repeat_backdoor","0.5","1","2","5","5","0.5","5","20","9","1.5","46","0.4793054163455963","0.8412","0.906"
"fashion_mnist","20","2","mixed_maturity","access_full","dirichlet_lcb","diverse_then_repeat_backdoor","0.5","1","2","5","5","0.5","5","20","9","1.5","47","0.48952069878578186","0.8386","0.9337777777777778"
"fashion_mnist","20","2","mixed_maturity","access_full","dirichlet_lcb","diverse_then_repeat_backdoor","0.5","1","2","5","5","0.5","5","20","9","1.5","48","0.4699718654155731","0.84","0.8991111111111111"
"fashion_mnist","20","2","mixed_maturity","access_full","dirichlet_lcb","diverse_then_repeat_backdoor","0.5","1","2","5","5","0.5","5","20","9","1.5","49","0.48373594880104065","0.8384","0.924"
"fashion_mnist","20","2","mixed_maturity","access_full","dirichlet_lcb","diverse_then_repeat_backdoor","0.5","1","2","5","5","0.5","5","20","9","1.5","50","0.5039375424385071","0.8354","0.9217777777777778"
"fashion_mnist","20","2","mixed_maturity","access_full","dirichlet_lcb","diverse_then_repeat_backdoor","0.5","2","2","5","5","0.5","5","20","9","1.5","1","0.7192756533622742","0.7684","0.032"
"fashion_mnist","20","2","mixed_maturity","access_full","dirichlet_lcb","diverse_then_repeat_backdoor","0.5","2","2","5","5","0.5","5","20","9","1.5","2","0.5974169373512268","0.8018","0.041777777777777775"
"fashion_mnist","20","2","mixed_maturity","access_full","dirichlet_lcb","diverse_then_repeat_backdoor","0.5","2","2","5","5","0.5","5","20","9","1.5","3","0.5541204214096069","0.8166","0.03266666666666666"
"fashion_mnist","20","2","mixed_maturity","access_full","dirichlet_lcb","diverse_then_repeat_backdoor","0.5","2","2","5","5","0.5","5","20","9","1.5","4","0.5464537143707275","0.815","0.043555555555555556"
"fashion_mnist","20","2","mixed_maturity","access_full","dirichlet_lcb","diverse_then_repeat_backdoor","0.5","2","2","5","5","0.5","5","20","9","1.5","5","0.5280985832214355","0.8236","0.07844444444444444"
"fashion_mnist","20","2","mixed_maturity","access_full","dirichlet_lcb","diverse_then_repeat_backdoor","0.5","2","2","5","5","0.5","5","20","9","1.5","6","0.5220691561698914","0.8218","0.08577777777777777"
"fashion_mnist","20","2","mixed_maturity","access_full","dirichlet_lcb","diverse_then_repeat_backdoor","0.5","2","2","5","5","0.5","5","20","9","1.5","7","0.5165402889251709","0.8266","0.11066666666666666"
"fashion_mnist","20","2","mixed_maturity","access_full","dirichlet_lcb","diverse_then_repeat_backdoor","0.5","2","2","5","5","0.5","5","20","9","1.5","8","0.5050293207168579","0.8198","0.1351111111111111"
"fashion_mnist","20","2","mixed_maturity","access_full","dirichlet_lcb","diverse_then_repeat_backdoor","0.5","2","2","5","5","0.5","5","20","9","1.5","9","0.5103660225868225","0.8222","0.15311111111111111"
"fashion_mnist","20","2","mixed_maturity","access_full","dirichlet_lcb","diverse_then_repeat_backdoor","0.5","2","2","5","5","0.5","5","20","9","1.5","10","0.49985766410827637","0.829","0.2111111111111111"
"fashion_mnist","20","2","mixed_maturity","access_full","dirichlet_lcb","diverse_then_repeat_backdoor","0.5","2","2","5","5","0.5","5","20","9","1.5","11","0.5006744265556335","0.832","0.23533333333333334"
"fashion_mnist","20","2","mixed_maturity","access_full","dirichlet_lcb","diverse_then_repeat_backdoor","0.5","2","2","5","5","0.5","5","20","9","1.5","12","0.5003506541252136","0.8302","0.2782222222222222"
"fashion_mnist","20","2","mixed_maturity","access_full","dirichlet_lcb","diverse_then_repeat_backdoor","0.5","2","2","5","5","0.5","5","20","9","1.5","13","0.4850168824195862","0.8314","0.3011111111111111"
"fashion_mnist","20","2","mixed_maturity","access_full","dirichlet_lcb","diverse_then_repeat_backdoor","0.5","2","2","5","5","0.5","5","20","9","1.5","14","0.48478183150291443","0.8334","0.3091111111111111"
"fashion_mnist","20","2","mixed_maturity","access_full","dirichlet_lcb","diverse_then_repeat_backdoor","0.5","2","2","5","5","0.5","5","20","9","1.5","15","0.4957195818424225","0.8292","0.3382222222222222"
"fashion_mnist","20","2","mixed_maturity","access_full","dirichlet_lcb","diverse_then_repeat_backdoor","0.5","2","2","5","5","0.5","5","20","9","1.5","16","0.48067769408226013","0.8298","0.36866666666666664"
"fashion_mnist","20","2","mixed_maturity","access_full","dirichlet_lcb","diverse_then_repeat_backdoor","0.5","2","2","5","5","0.5","5","20","9","1.5","17","0.49290722608566284","0.8338","0.4862222222222222"
"fashion_mnist","20","2","mixed_maturity","access_full","dirichlet_lcb","diverse_then_repeat_backdoor","0.5","2","2","5","5","0.5","5","20","9","1.5","18","0.4798355996608734","0.8336","0.44866666666666666"
"fashion_mnist","20","2","mixed_maturity","access_full","dirichlet_lcb","diverse_then_repeat_backdoor","0.5","2","2","5","5","0.5","5","20","9","1.5","19","0.5049615502357483","0.8344","0.5395555555555556"
"fashion_mnist","20","2","mixed_maturity","access_full","dirichlet_lcb","diverse_then_repeat_backdoor","0.5","2","2","5","5","0.5","5","20","9","1.5","20","0.4823233485221863","0.835","0.4988888888888889"
"fashion_mnist","20","2","mixed_maturity","access_full","dirichlet_lcb","diverse_then_repeat_backdoor","0.5","2","2","5","5","0.5","5","20","9","1.5","21","0.49512168765068054","0.8342","0.5175555555555555"
"fashion_mnist","20","2","mixed_maturity","access_full","dirichlet_lcb","diverse_then_repeat_backdoor","0.5","2","2","5","5","0.5","5","20","9","1.5","22","0.494462788105011","0.8382","0.5517777777777778"
"fashion_mnist","20","2","mixed_maturity","access_full","dirichlet_lcb","diverse_then_repeat_backdoor","0.5","2","2","5","5","0.5","5","20","9","1.5","23","0.4787111282348633","0.8374","0.5966666666666667"
"fashion_mnist","20","2","mixed_maturity","access_full","dirichlet_lcb","diverse_then_repeat_backdoor","0.5","2","2","5","5","0.5","5","20","9","1.5","24","0.5031285881996155","0.8342","0.5646666666666667"
"fashion_mnist","20","2","mixed_maturity","access_full","dirichlet_lcb","diverse_then_repeat_backdoor","0.5","2","2","5","5","0.5","5","20","9","1.5","25","0.46841612458229065","0.8362","0.6166666666666667"
"fashion_mnist","20","2","mixed_maturity","access_full","dirichlet_lcb","diverse_then_repeat_backdoor","0.5","2","2","5","5","0.5","5","20","9","1.5","26","0.4827916920185089","0.8334","0.5742222222222222"
"fashion_mnist","20","2","mixed_maturity","access_full","dirichlet_lcb","diverse_then_repeat_backdoor","0.5","2","2","5","5","0.5","5","20","9","1.5","27","0.46879681944847107","0.841","0.6308888888888889"
"fashion_mnist","20","2","mixed_maturity","access_full","dirichlet_lcb","diverse_then_repeat_backdoor","0.5","2","2","5","5","0.5","5","20","9","1.5","28","0.47193238139152527","0.8342","0.6231111111111111"
"fashion_mnist","20","2","mixed_maturity","access_full","dirichlet_lcb","diverse_then_repeat_backdoor","0.5","2","2","5","5","0.5","5","20","9","1.5","29","0.47539910674095154","0.8382","0.6526666666666666"
"fashion_mnist","20","2","mixed_maturity","access_full","dirichlet_lcb","diverse_then_repeat_backdoor","0.5","2","2","5","5","0.5","5","20","9","1.5","30","0.4806099236011505","0.8376","0.6471111111111111"
"fashion_mnist","20","2","mixed_maturity","access_full","dirichlet_lcb","diverse_then_repeat_backdoor","0.5","2","2","5","5","0.5","5","20","9","1.5","31","0.47440341114997864","0.8388","0.6653333333333333"
"fashion_mnist","20","2","mixed_maturity","access_full","dirichlet_lcb","diverse_then_repeat_backdoor","0.5","2","2","5","5","0.5","5","20","9","1.5","32","0.4780484437942505","0.8434","0.6953333333333334"
"fashion_mnist","20","2","mixed_maturity","access_full","dirichlet_lcb","diverse_then_repeat_backdoor","0.5","2","2","5","5","0.5","5","20","9","1.5","33","0.4911012649536133","0.8384","0.6953333333333334"
"fashion_mnist","20","2","mixed_maturity","access_full","dirichlet_lcb","diverse_then_repeat_backdoor","0.5","2","2","5","5","0.5","5","20","9","1.5","34","0.46568790078163147","0.8384","0.7293333333333333"
"fashion_mnist","20","2","mixed_maturity","access_full","dirichlet_lcb","diverse_then_repeat_backdoor","0.5","2","2","5","5","0.5","5","20","9","1.5","35","0.4669427275657654","0.8444","0.7208888888888889"
"fashion_mnist","20","2","mixed_maturity","access_full","dirichlet_lcb","diverse_then_repeat_backdoor","0.5","2","2","5","5","0.5","5","20","9","1.5","36","0.4836927354335785","0.8348","0.7228888888888889"
"fashion_mnist","20","2","mixed_maturity","access_full","dirichlet_lcb","diverse_then_repeat_backdoor","0.5","2","2","5","5","0.5","5","20","9","1.5","37","0.4663771986961365","0.8426","0.756"
"fashion_mnist","20","2","mixed_maturity","access_full","dirichlet_lcb","diverse_then_repeat_backdoor","0.5","2","2","5","5","0.5","5","20","9","1.5","38","0.4770149290561676","0.836","0.7148888888888889"
"fashion_mnist","20","2","mixed_maturity","access_full","dirichlet_lcb","diverse_then_repeat_backdoor","0.5","2","2","5","5","0.5","5","20","9","1.5","39","0.4670056998729706","0.8412","0.7413333333333333"
"fashion_mnist","20","2","mixed_maturity","access_full","dirichlet_lcb","diverse_then_repeat_backdoor","0.5","2","2","5","5","0.5","5","20","9","1.5","40","0.4823554754257202","0.8448","0.7624444444444445"
"fashion_mnist","20","2","mixed_maturity","access_full","dirichlet_lcb","diverse_then_repeat_backdoor","0.5","2","2","5","5","0.5","5","20","9","1.5","41","0.4747209846973419","0.8402","0.7495555555555555"
"fashion_mnist","20","2","mixed_maturity","access_full","dirichlet_lcb","diverse_then_repeat_backdoor","0.5","2","2","5","5","0.5","5","20","9","1.5","42","0.4725838005542755","0.8374","0.7446666666666667"
"fashion_mnist","20","2","mixed_maturity","access_full","dirichlet_lcb","diverse_then_repeat_backdoor","0.5","2","2","5","5","0.5","5","20","9","1.5","43","0.4832553565502167","0.8294","0.7486666666666667"
"fashion_mnist","20","2","mixed_maturity","access_full","dirichlet_lcb","diverse_then_repeat_backdoor","0.5","2","2","5","5","0.5","5","20","9","1.5","44","0.4638226628303528","0.8416","0.7737777777777778"
"fashion_mnist","20","2","mixed_maturity","access_full","dirichlet_lcb","diverse_then_repeat_backdoor","0.5","2","2","5","5","0.5","5","20","9","1.5","45","0.46136605739593506","0.8386","0.7815555555555556"
"fashion_mnist","20","2","mixed_maturity","access_full","dirichlet_lcb","diverse_then_repeat_backdoor","0.5","2","2","5","5","0.5","5","20","9","1.5","46","0.47731253504753113","0.8426","0.7855555555555556"
"fashion_mnist","20","2","mixed_maturity","access_full","dirichlet_lcb","diverse_then_repeat_backdoor","0.5","2","2","5","5","0.5","5","20","9","1.5","47","0.4712573289871216","0.834","0.7842222222222223"
"fashion_mnist","20","2","mixed_maturity","access_full","dirichlet_lcb","diverse_then_repeat_backdoor","0.5","2","2","5","5","0.5","5","20","9","1.5","48","0.4701518416404724","0.8466","0.7817777777777778"
"fashion_mnist","20","2","mixed_maturity","access_full","dirichlet_lcb","diverse_then_repeat_backdoor","0.5","2","2","5","5","0.5","5","20","9","1.5","49","0.4625144600868225","0.842","0.7813333333333333"
"fashion_mnist","20","2","mixed_maturity","access_full","dirichlet_lcb","diverse_then_repeat_backdoor","0.5","2","2","5","5","0.5","5","20","9","1.5","50","0.4949083626270294","0.8386","0.7837777777777778"
"fashion_mnist","20","2","mixed_maturity","access_full","dirichlet_lcb","diverse_then_repeat_backdoor","0.5","3","2","5","5","0.5","5","20","9","1.5","1","0.7047092914581299","0.7664","0.027777777777777776"
"fashion_mnist","20","2","mixed_maturity","access_full","dirichlet_lcb","diverse_then_repeat_backdoor","0.5","3","2","5","5","0.5","5","20","9","1.5","2","0.6425201892852783","0.7792","0.010666666666666666"
"fashion_mnist","20","2","mixed_maturity","access_full","dirichlet_lcb","diverse_then_repeat_backdoor","0.5","3","2","5","5","0.5","5","20","9","1.5","3","0.5782936811447144","0.802","0.03177777777777778"
"fashion_mnist","20","2","mixed_maturity","access_full","dirichlet_lcb","diverse_then_repeat_backdoor","0.5","3","2","5","5","0.5","5","20","9","1.5","4","0.5571538805961609","0.8142","0.059333333333333335"
"fashion_mnist","20","2","mixed_maturity","access_full","dirichlet_lcb","diverse_then_repeat_backdoor","0.5","3","2","5","5","0.5","5","20","9","1.5","5","0.5593807697296143","0.8126","0.07844444444444444"
"fashion_mnist","20","2","mixed_maturity","access_full","dirichlet_lcb","diverse_then_repeat_backdoor","0.5","3","2","5","5","0.5","5","20","9","1.5","6","0.5559925436973572","0.8146","0.13844444444444445"
"fashion_mnist","20","2","mixed_maturity","access_full","dirichlet_lcb","diverse_then_repeat_backdoor","0.5","3","2","5","5","0.5","5","20","9","1.5","7","0.5209627151489258","0.8212","0.17644444444444443"
"fashion_mnist","20","2","mixed_maturity","access_full","dirichlet_lcb","diverse_then_repeat_backdoor","0.5","3","2","5","5","0.5","5","20","9","1.5","8","0.5070918202400208","0.8306","0.24755555555555556"
"fashion_mnist","20","2","mixed_maturity","access_full","dirichlet_lcb","diverse_then_repeat_backdoor","0.5","3","2","5","5","0.5","5","20","9","1.5","9","0.5276001691818237","0.823","0.2797777777777778"
"fashion_mnist","20","2","mixed_maturity","access_full","dirichlet_lcb","diverse_then_repeat_backdoor","0.5","3","2","5","5","0.5","5","20","9","1.5","10","0.5019418001174927","0.8306","0.3708888888888889"
"fashion_mnist","20","2","mixed_maturity","access_full","dirichlet_lcb","diverse_then_repeat_backdoor","0.5","3","2","5","5","0.5","5","20","9","1.5","11","0.49370917677879333","0.8292","0.3731111111111111"
"fashion_mnist","20","2","mixed_maturity","access_full","dirichlet_lcb","diverse_then_repeat_backdoor","0.5","3","2","5","5","0.5","5","20","9","1.5","12","0.5047222375869751","0.8308","0.45066666666666666"
"fashion_mnist","20","2","mixed_maturity","access_full","dirichlet_lcb","diverse_then_repeat_backdoor","0.5","3","2","5","5","0.5","5","20","9","1.5","13","0.4954630434513092","0.8318","0.482"
"fashion_mnist","20","2","mixed_maturity","access_full","dirichlet_lcb","diverse_then_repeat_backdoor","0.5","3","2","5","5","0.5","5","20","9","1.5","14","0.49856528639793396","0.8316","0.5006666666666667"
"fashion_mnist","20","2","mixed_maturity","access_full","dirichlet_lcb","diverse_then_repeat_backdoor","0.5","3","2","5","5","0.5","5","20","9","1.5","15","0.5338095426559448","0.8236","0.4631111111111111"
"fashion_mnist","20","2","mixed_maturity","access_full","dirichlet_lcb","diverse_then_repeat_backdoor","0.5","3","2","5","5","0.5","5","20","9","1.5","16","0.5021206736564636","0.8334","0.5784444444444444"
"fashion_mnist","20","2","mixed_maturity","access_full","dirichlet_lcb","diverse_then_repeat_backdoor","0.5","3","2","5","5","0.5","5","20","9","1.5","17","0.4813309609889984","0.836","0.5788888888888889"
"fashion_mnist","20","2","mixed_maturity","access_full","dirichlet_lcb","diverse_then_repeat_backdoor","0.5","3","2","5","5","0.5","5","20","9","1.5","18","0.4794514775276184","0.834","0.6113333333333333"
"fashion_mnist","20","2","mixed_maturity","access_full","dirichlet_lcb","diverse_then_repeat_backdoor","0.5","3","2","5","5","0.5","5","20","9","1.5","19","0.48600009083747864","0.8362","0.6464444444444445"
"fashion_mnist","20","2","mixed_maturity","access_full","dirichlet_lcb","diverse_then_repeat_backdoor","0.5","3","2","5","5","0.5","5","20","9","1.5","20","0.5009140372276306","0.834","0.6451111111111111"
"fashion_mnist","20","2","mixed_maturity","access_full","dirichlet_lcb","diverse_then_repeat_backdoor","0.5","3","2","5","5","0.5","5","20","9","1.5","21","0.5199536085128784","0.823","0.6566666666666666"
"fashion_mnist","20","2","mixed_maturity","access_full","dirichlet_lcb","diverse_then_repeat_backdoor","0.5","3","2","5","5","0.5","5","20","9","1.5","22","0.47350284457206726","0.833","0.6735555555555556"
"fashion_mnist","20","2","mixed_maturity","access_full","dirichlet_lcb","diverse_then_repeat_backdoor","0.5","3","2","5","5","0.5","5","20","9","1.5","23","0.5399118661880493","0.815","0.6575555555555556"
"fashion_mnist","20","2","mixed_maturity","access_full","dirichlet_lcb","diverse_then_repeat_backdoor","0.5","3","2","5","5","0.5","5","20","9","1.5","24","0.47349053621292114","0.8366","0.7195555555555555"
"fashion_mnist","20","2","mixed_maturity","access_full","dirichlet_lcb","diverse_then_repeat_backdoor","0.5","3","2","5","5","0.5","5","20","9","1.5","25","0.4986793100833893","0.8318","0.7328888888888889"
"fashion_mnist","20","2","mixed_maturity","access_full","dirichlet_lcb","diverse_then_repeat_backdoor","0.5","3","2","5","5","0.5","5","20","9","1.5","26","0.5444076061248779","0.8272","0.7026666666666667"
"fashion_mnist","20","2","mixed_maturity","access_full","dirichlet_lcb","diverse_then_repeat_backdoor","0.5","3","2","5","5","0.5","5","20","9","1.5","27","0.4754607081413269","0.8398","0.7428888888888889"
"fashion_mnist","20","2","mixed_maturity","access_full","dirichlet_lcb","diverse_then_repeat_backdoor","0.5","3","2","5","5","0.5","5","20","9","1.5","28","0.4658603072166443","0.8396","0.7804444444444445"
"fashion_mnist","20","2","mixed_maturity","access_full","dirichlet_lcb","diverse_then_repeat_backdoor","0.5","3","2","5","5","0.5","5","20","9","1.5","29","0.4912697374820709","0.8366","0.7375555555555555"
"fashion_mnist","20","2","mixed_maturity","access_full","dirichlet_lcb","diverse_then_repeat_backdoor","0.5","3","2","5","5","0.5","5","20","9","1.5","30","0.5497308969497681","0.8266","0.7857777777777778"
"fashion_mnist","20","2","mixed_maturity","access_full","dirichlet_lcb","diverse_then_repeat_backdoor","0.5","3","2","5","5","0.5","5","20","9","1.5","31","0.46958452463150024","0.8356","0.8188888888888889"
"fashion_mnist","20","2","mixed_maturity","access_full","dirichlet_lcb","diverse_then_repeat_backdoor","0.5","3","2","5","5","0.5","5","20","9","1.5","32","0.46458515524864197","0.8378","0.7997777777777778"
"fashion_mnist","20","2","mixed_maturity","access_full","dirichlet_lcb","diverse_then_repeat_backdoor","0.5","3","2","5","5","0.5","5","20","9","1.5","33","0.4837578535079956","0.8336","0.7786666666666666"
"fashion_mnist","20","2","mixed_maturity","access_full","dirichlet_lcb","diverse_then_repeat_backdoor","0.5","3","2","5","5","0.5","5","20","9","1.5","34","0.4620804190635681","0.8408","0.8255555555555556"
"fashion_mnist","20","2","mixed_maturity","access_full","dirichlet_lcb","diverse_then_repeat_backdoor","0.5","3","2","5","5","0.5","5","20","9","1.5","35","0.46808934211730957","0.837","0.8255555555555556"
"fashion_mnist","20","2","mixed_maturity","access_full","dirichlet_lcb","diverse_then_repeat_backdoor","0.5","3","2","5","5","0.5","5","20","9","1.5","36","0.4783347547054291","0.8392","0.8053333333333333"
"fashion_mnist","20","2","mixed_maturity","access_full","dirichlet_lcb","diverse_then_repeat_backdoor","0.5","3","2","5","5","0.5","5","20","9","1.5","37","0.4925072193145752","0.836","0.7917777777777778"
"fashion_mnist","20","2","mixed_maturity","access_full","dirichlet_lcb","diverse_then_repeat_backdoor","0.5","3","2","5","5","0.5","5","20","9","1.5","38","0.47260165214538574","0.8348","0.8375555555555556"
"fashion_mnist","20","2","mixed_maturity","access_full","dirichlet_lcb","diverse_then_repeat_backdoor","0.5","3","2","5","5","0.5","5","20","9","1.5","39","0.49677762389183044","0.8366","0.8224444444444444"
"fashion_mnist","20","2","mixed_maturity","access_full","dirichlet_lcb","diverse_then_repeat_backdoor","0.5","3","2","5","5","0.5","5","20","9","1.5","40","0.5153430700302124","0.8336","0.806"
"fashion_mnist","20","2","mixed_maturity","access_full","dirichlet_lcb","diverse_then_repeat_backdoor","0.5","3","2","5","5","0.5","5","20","9","1.5","41","0.4657035171985626","0.8404","0.8562222222222222"
"fashion_mnist","20","2","mixed_maturity","access_full","dirichlet_lcb","diverse_then_repeat_backdoor","0.5","3","2","5","5","0.5","5","20","9","1.5","42","0.4755253791809082","0.835","0.8642222222222222"
"fashion_mnist","20","2","mixed_maturity","access_full","dirichlet_lcb","diverse_then_repeat_backdoor","0.5","3","2","5","5","0.5","5","20","9","1.5","43","0.4581701159477234","0.8416","0.8613333333333333"
"fashion_mnist","20","2","mixed_maturity","access_full","dirichlet_lcb","diverse_then_repeat_backdoor","0.5","3","2","5","5","0.5","5","20","9","1.5","44","0.48511990904808044","0.8312","0.8562222222222222"
"fashion_mnist","20","2","mixed_maturity","access_full","dirichlet_lcb","diverse_then_repeat_backdoor","0.5","3","2","5","5","0.5","5","20","9","1.5","45","0.4726355969905853","0.8394","0.8784444444444445"
"fashion_mnist","20","2","mixed_maturity","access_full","dirichlet_lcb","diverse_then_repeat_backdoor","0.5","3","2","5","5","0.5","5","20","9","1.5","46","0.4634956419467926","0.8416","0.87"
"fashion_mnist","20","2","mixed_maturity","access_full","dirichlet_lcb","diverse_then_repeat_backdoor","0.5","3","2","5","5","0.5","5","20","9","1.5","47","0.48472216725349426","0.8398","0.8675555555555555"
"fashion_mnist","20","2","mixed_maturity","access_full","dirichlet_lcb","diverse_then_repeat_backdoor","0.5","3","2","5","5","0.5","5","20","9","1.5","48","0.4682488739490509","0.841","0.8853333333333333"
"fashion_mnist","20","2","mixed_maturity","access_full","dirichlet_lcb","diverse_then_repeat_backdoor","0.5","3","2","5","5","0.5","5","20","9","1.5","49","0.4659613370895386","0.842","0.886"
"fashion_mnist","20","2","mixed_maturity","access_full","dirichlet_lcb","diverse_then_repeat_backdoor","0.5","3","2","5","5","0.5","5","20","9","1.5","50","0.4903513789176941","0.83","0.8595555555555555"
"fashion_mnist","20","2","mixed_maturity","access_full","dirichlet_lcb","diverse_then_repeat_backdoor","0.5","4","2","5","5","0.5","5","20","9","1.5","1","0.731982409954071","0.7592","0.04733333333333333"
"fashion_mnist","20","2","mixed_maturity","access_full","dirichlet_lcb","diverse_then_repeat_backdoor","0.5","4","2","5","5","0.5","5","20","9","1.5","2","0.6628535985946655","0.7828","0.020444444444444446"
"fashion_mnist","20","2","mixed_maturity","access_full","dirichlet_lcb","diverse_then_repeat_backdoor","0.5","4","2","5","5","0.5","5","20","9","1.5","3","0.59526127576828","0.8026","0.04088888888888889"
"fashion_mnist","20","2","mixed_maturity","access_full","dirichlet_lcb","diverse_then_repeat_backdoor","0.5","4","2","5","5","0.5","5","20","9","1.5","4","0.5774690508842468","0.8052","0.064"
"fashion_mnist","20","2","mixed_maturity","access_full","dirichlet_lcb","diverse_then_repeat_backdoor","0.5","4","2","5","5","0.5","5","20","9","1.5","5","0.5555729269981384","0.8154","0.072"
"fashion_mnist","20","2","mixed_maturity","access_full","dirichlet_lcb","diverse_then_repeat_backdoor","0.5","4","2","5","5","0.5","5","20","9","1.5","6","0.536099910736084","0.8152","0.064"
"fashion_mnist","20","2","mixed_maturity","access_full","dirichlet_lcb","diverse_then_repeat_backdoor","0.5","4","2","5","5","0.5","5","20","9","1.5","7","0.5207217335700989","0.8234","0.12244444444444444"
"fashion_mnist","20","2","mixed_maturity","access_full","dirichlet_lcb","diverse_then_repeat_backdoor","0.5","4","2","5","5","0.5","5","20","9","1.5","8","0.515403687953949","0.8246","0.13733333333333334"
"fashion_mnist","20","2","mixed_maturity","access_full","dirichlet_lcb","diverse_then_repeat_backdoor","0.5","4","2","5","5","0.5","5","20","9","1.5","9","0.5075291991233826","0.827","0.14822222222222223"
"fashion_mnist","20","2","mixed_maturity","access_full","dirichlet_lcb","diverse_then_repeat_backdoor","0.5","4","2","5","5","0.5","5","20","9","1.5","10","0.513782799243927","0.8256","0.152"
"fashion_mnist","20","2","mixed_maturity","access_full","dirichlet_lcb","diverse_then_repeat_backdoor","0.5","4","2","5","5","0.5","5","20","9","1.5","11","0.4986408054828644","0.8306","0.1948888888888889"
"fashion_mnist","20","2","mixed_maturity","access_full","dirichlet_lcb","diverse_then_repeat_backdoor","0.5","4","2","5","5","0.5","5","20","9","1.5","12","0.49925312399864197","0.8258","0.15577777777777777"
"fashion_mnist","20","2","mixed_maturity","access_full","dirichlet_lcb","diverse_then_repeat_backdoor","0.5","4","2","5","5","0.5","5","20","9","1.5","13","0.505638062953949","0.8274","0.23066666666666666"
"fashion_mnist","20","2","mixed_maturity","access_full","dirichlet_lcb","diverse_then_repeat_backdoor","0.5","4","2","5","5","0.5","5","20","9","1.5","14","0.5005842447280884","0.8288","0.258"
"fashion_mnist","20","2","mixed_maturity","access_full","dirichlet_lcb","diverse_then_repeat_backdoor","0.5","4","2","5","5","0.5","5","20","9","1.5","15","0.4891023337841034","0.831","0.2591111111111111"
"fashion_mnist","20","2","mixed_maturity","access_full","dirichlet_lcb","diverse_then_repeat_backdoor","0.5","4","2","5","5","0.5","5","20","9","1.5","16","0.49732547998428345","0.8294","0.26755555555555555"
"fashion_mnist","20","2","mixed_maturity","access_full","dirichlet_lcb","diverse_then_repeat_backdoor","0.5","4","2","5","5","0.5","5","20","9","1.5","17","0.5228626728057861","0.8224","0.36288888888888887"
"fashion_mnist","20","2","mixed_maturity","access_full","dirichlet_lcb","diverse_then_repeat_backdoor","0.5","4","2","5","5","0.5","5","20","9","1.5","18","0.49230194091796875","0.833","0.31377777777777777"
"fashion_mnist","20","2","mixed_maturity","access_full","dirichlet_lcb","diverse_then_repeat_backdoor","0.5","4","2","5","5","0.5","5","20","9","1.5","19","0.49758782982826233","0.8284","0.37422222222222223"
"fashion_mnist","20","2","mixed_maturity","access_full","dirichlet_lcb","diverse_then_repeat_backdoor","0.5","4","2","5","5","0.5","5","20","9","1.5","20","0.5005528330802917","0.8314","0.36088888888888887"
"fashion_mnist","20","2","mixed_maturity","access_full","dirichlet_lcb","diverse_then_repeat_backdoor","0.5","4","2","5","5","0.5","5","20","9","1.5","21","0.4807879328727722","0.83","0.3446666666666667"
"fashion_mnist","20","2","mixed_maturity","access_full","dirichlet_lcb","diverse_then_repeat_backdoor","0.5","4","2","5","5","0.5","5","20","9","1.5","22","0.4826405346393585","0.8344","0.43666666666666665"
"fashion_mnist","20","2","mixed_maturity","access_full","dirichlet_lcb","diverse_then_repeat_backdoor","0.5","4","2","5","5","0.5","5","20","9","1.5","23","0.48678383231163025","0.8344","0.40044444444444444"
"fashion_mnist","20","2","mixed_maturity","access_full","dirichlet_lcb","diverse_then_repeat_backdoor","0.5","4","2","5","5","0.5","5","20","9","1.5","24","0.49755072593688965","0.8314","0.456"
"fashion_mnist","20","2","mixed_maturity","access_full","dirichlet_lcb","diverse_then_repeat_backdoor","0.5","4","2","5","5","0.5","5","20","9","1.5","25","0.48599228262901306","0.8306","0.46155555555555555"
"fashion_mnist","20","2","mixed_maturity","access_full","dirichlet_lcb","diverse_then_repeat_backdoor","0.5","4","2","5","5","0.5","5","20","9","1.5","26","0.4790576100349426","0.8324","0.4266666666666667"
"fashion_mnist","20","2","mixed_maturity","access_full","dirichlet_lcb","diverse_then_repeat_backdoor","0.5","4","2","5","5","0.5","5","20","9","1.5","27","0.47066381573677063","0.8358","0.4582222222222222"
"fashion_mnist","20","2","mixed_maturity","access_full","dirichlet_lcb","diverse_then_repeat_backdoor","0.5","4","2","5","5","0.5","5","20","9","1.5","28","0.4786997139453888","0.83","0.48044444444444445"
"fashion_mnist","20","2","mixed_maturity","access_full","dirichlet_lcb","diverse_then_repeat_backdoor","0.5","4","2","5","5","0.5","5","20","9","1.5","29","0.5316609144210815","0.8278","0.5088888888888888"
"fashion_mnist","20","2","mixed_maturity","access_full","dirichlet_lcb","diverse_then_repeat_backdoor","0.5","4","2","5","5","0.5","5","20","9","1.5","30","0.475842148065567","0.8376","0.5308888888888889"
"fashion_mnist","20","2","mixed_maturity","access_full","dirichlet_lcb","diverse_then_repeat_backdoor","0.5","4","2","5","5","0.5","5","20","9","1.5","31","0.5001346468925476","0.8288","0.5088888888888888"
"fashion_mnist","20","2","mixed_maturity","access_full","dirichlet_lcb","diverse_then_repeat_backdoor","0.5","4","2","5","5","0.5","5","20","9","1.5","32","0.49669912457466125","0.8302","0.4882222222222222"
"fashion_mnist","20","2","mixed_maturity","access_full","dirichlet_lcb","diverse_then_repeat_backdoor","0.5","4","2","5","5","0.5","5","20","9","1.5","33","0.4859231412410736","0.8356","0.5668888888888889"
"fashion_mnist","20","2","mixed_maturity","access_full","dirichlet_lcb","diverse_then_repeat_backdoor","0.5","4","2","5","5","0.5","5","20","9","1.5","34","0.48472169041633606","0.8314","0.5477777777777778"
"fashion_mnist","20","2","mixed_maturity","access_full","dirichlet_lcb","diverse_then_repeat_backdoor","0.5","4","2","5","5","0.5","5","20","9","1.5","35","0.47418534755706787","0.8346","0.5862222222222222"
"fashion_mnist","20","2","mixed_maturity","access_full","dirichlet_lcb","diverse_then_repeat_backdoor","0.5","4","2","5","5","0.5","5","20","9","1.5","36","0.46833428740501404","0.8396","0.5688888888888889"
"fashion_mnist","20","2","mixed_maturity","access_full","dirichlet_lcb","diverse_then_repeat_backdoor","0.5","4","2","5","5","0.5","5","20","9","1.5","37","0.4721747636795044","0.8344","0.5771111111111111"
"fashion_mnist","20","2","mixed_maturity","access_full","dirichlet_lcb","diverse_then_repeat_backdoor","0.5","4","2","5","5","0.5","5","20","9","1.5","38","0.4895923435688019","0.8246","0.5235555555555556"
"fashion_mnist","20","2","mixed_maturity","access_full","dirichlet_lcb","diverse_then_repeat_backdoor","0.5","4","2","5","5","0.5","5","20","9","1.5","39","0.46992313861846924","0.8402","0.6042222222222222"
"fashion_mnist","20","2","mixed_maturity","access_full","dirichlet_lcb","diverse_then_repeat_backdoor","0.5","4","2","5","5","0.5","5","20","9","1.5","40","0.4851783812046051","0.8382","0.6111111111111112"
"fashion_mnist","20","2","mixed_maturity","access_full","dirichlet_lcb","diverse_then_repeat_backdoor","0.5","4","2","5","5","0.5","5","20","9","1.5","41","0.47700780630111694","0.8374","0.6397777777777778"
"fashion_mnist","20","2","mixed_maturity","access_full","dirichlet_lcb","diverse_then_repeat_backdoor","0.5","4","2","5","5","0.5","5","20","9","1.5","42","0.492036908864975","0.8286","0.6115555555555555"
"fashion_mnist","20","2","mixed_maturity","access_full","dirichlet_lcb","diverse_then_repeat_backdoor","0.5","4","2","5","5","0.5","5","20","9","1.5","43","0.47031810879707336","0.8354","0.624"
"fashion_mnist","20","2","mixed_maturity","access_full","dirichlet_lcb","diverse_then_repeat_backdoor","0.5","4","2","5","5","0.5","5","20","9","1.5","44","0.46889883279800415","0.8372","0.6286666666666667"
"fashion_mnist","20","2","mixed_maturity","access_full","dirichlet_lcb","diverse_then_repeat_backdoor","0.5","4","2","5","5","0.5","5","20","9","1.5","45","0.4733859896659851","0.8394","0.6404444444444445"
"fashion_mnist","20","2","mixed_maturity","access_full","dirichlet_lcb","diverse_then_repeat_backdoor","0.5","4","2","5","5","0.5","5","20","9","1.5","46","0.4624288082122803","0.8396","0.664"
"fashion_mnist","20","2","mixed_maturity","access_full","dirichlet_lcb","diverse_then_repeat_backdoor","0.5","4","2","5","5","0.5","5","20","9","1.5","47","0.4685477912425995","0.8354","0.668"
"fashion_mnist","20","2","mixed_maturity","access_full","dirichlet_lcb","diverse_then_repeat_backdoor","0.5","4","2","5","5","0.5","5","20","9","1.5","48","0.47403770685195923","0.8386","0.6664444444444444"
"fashion_mnist","20","2","mixed_maturity","access_full","dirichlet_lcb","diverse_then_repeat_backdoor","0.5","4","2","5","5","0.5","5","20","9","1.5","49","0.47751563787460327","0.834","0.6884444444444444"
"fashion_mnist","20","2","mixed_maturity","access_full","dirichlet_lcb","diverse_then_repeat_backdoor","0.5","4","2","5","5","0.5","5","20","9","1.5","50","0.4691356420516968","0.8354","0.6822222222222222"
"fashion_mnist","20","2","mixed_maturity","access_full","dirichlet_lcb","benign_concept_drift","0.5","0","2","5","5","0.5","5","20","9","1.5","1","0.7580200433731079","0.7388","0.005333333333333333"
"fashion_mnist","20","2","mixed_maturity","access_full","dirichlet_lcb","benign_concept_drift","0.5","0","2","5","5","0.5","5","20","9","1.5","2","0.6252849698066711","0.7932","0.05355555555555556"
"fashion_mnist","20","2","mixed_maturity","access_full","dirichlet_lcb","benign_concept_drift","0.5","0","2","5","5","0.5","5","20","9","1.5","3","0.5722218751907349","0.808","0.011111111111111112"
"fashion_mnist","20","2","mixed_maturity","access_full","dirichlet_lcb","benign_concept_drift","0.5","0","2","5","5","0.5","5","20","9","1.5","4","0.560767412185669","0.8036","0.013777777777777778"
"fashion_mnist","20","2","mixed_maturity","access_full","dirichlet_lcb","benign_concept_drift","0.5","0","2","5","5","0.5","5","20","9","1.5","5","0.5288436412811279","0.8184","0.01577777777777778"
"fashion_mnist","20","2","mixed_maturity","access_full","dirichlet_lcb","benign_concept_drift","0.5","0","2","5","5","0.5","5","20","9","1.5","6","0.5199385285377502","0.8184","0.014888888888888889"
"fashion_mnist","20","2","mixed_maturity","access_full","dirichlet_lcb","benign_concept_drift","0.5","0","2","5","5","0.5","5","20","9","1.5","7","0.5809637904167175","0.7938","0.007555555555555556"
"fashion_mnist","20","2","mixed_maturity","access_full","dirichlet_lcb","benign_concept_drift","0.5","0","2","5","5","0.5","5","20","9","1.5","8","0.5671905875205994","0.8118","0.009555555555555555"
"fashion_mnist","20","2","mixed_maturity","access_full","dirichlet_lcb","benign_concept_drift","0.5","0","2","5","5","0.5","5","20","9","1.5","9","0.5140514373779297","0.8174","0.012222222222222223"
"fashion_mnist","20","2","mixed_maturity","access_full","dirichlet_lcb","benign_concept_drift","0.5","0","2","5","5","0.5","5","20","9","1.5","10","0.4929487407207489","0.8258","0.012666666666666666"
"fashion_mnist","20","2","mixed_maturity","access_full","dirichlet_lcb","benign_concept_drift","0.5","0","2","5","5","0.5","5","20","9","1.5","11","0.5269618630409241","0.8146","0.010222222222222223"
"fashion_mnist","20","2","mixed_maturity","access_full","dirichlet_lcb","benign_concept_drift","0.5","0","2","5","5","0.5","5","20","9","1.5","12","0.5023514628410339","0.8254","0.013111111111111112"
"fashion_mnist","20","2","mixed_maturity","access_full","dirichlet_lcb","benign_concept_drift","0.5","0","2","5","5","0.5","5","20","9","1.5","13","0.5819995999336243","0.7948","0.0044444444444444444"
"fashion_mnist","20","2","mixed_maturity","access_full","dirichlet_lcb","benign_concept_drift","0.5","0","2","5","5","0.5","5","20","9","1.5","14","0.48120665550231934","0.8316","0.01577777777777778"
"fashion_mnist","20","2","mixed_maturity","access_full","dirichlet_lcb","benign_concept_drift","0.5","0","2","5","5","0.5","5","20","9","1.5","15","0.48629677295684814","0.8246","0.012222222222222223"
"fashion_mnist","20","2","mixed_maturity","access_full","dirichlet_lcb","benign_concept_drift","0.5","0","2","5","5","0.5","5","20","9","1.5","16","0.49011698365211487","0.8306","0.012444444444444444"
"fashion_mnist","20","2","mixed_maturity","access_full","dirichlet_lcb","benign_concept_drift","0.5","0","2","5","5","0.5","5","20","9","1.5","17","0.4830789566040039","0.8282","0.011333333333333334"
"fashion_mnist","20","2","mixed_maturity","access_full","dirichlet_lcb","benign_concept_drift","0.5","0","2","5","5","0.5","5","20","9","1.5","18","0.4826221764087677","0.8358","0.016888888888888887"
"fashion_mnist","20","2","mixed_maturity","access_full","dirichlet_lcb","benign_concept_drift","0.5","0","2","5","5","0.5","5","20","9","1.5","19","0.509441614151001","0.8172","0.009555555555555555"
"fashion_mnist","20","2","mixed_maturity","access_full","dirichlet_lcb","benign_concept_drift","0.5","0","2","5","5","0.5","5","20","9","1.5","20","0.4727804660797119","0.837","0.018"
"fashion_mnist","20","2","mixed_maturity","access_full","dirichlet_lcb","benign_concept_drift","0.5","0","2","5","5","0.5","5","20","9","1.5","21","0.48758652806282043","0.829","0.010888888888888889"
"fashion_mnist","20","2","mixed_maturity","access_full","dirichlet_lcb","benign_concept_drift","0.5","0","2","5","5","0.5","5","20","9","1.5","22","0.5505013465881348","0.8084","0.005555555555555556"
"fashion_mnist","20","2","mixed_maturity","access_full","dirichlet_lcb","benign_concept_drift","0.5","0","2","5","5","0.5","5","20","9","1.5","23","0.5133429765701294","0.8208","0.011777777777777778"
"fashion_mnist","20","2","mixed_maturity","access_full","dirichlet_lcb","benign_concept_drift","0.5","0","2","5","5","0.5","5","20","9","1.5","24","0.4708138704299927","0.8334","0.014444444444444444"
"fashion_mnist","20","2","mixed_maturity","access_full","dirichlet_lcb","benign_concept_drift","0.5","0","2","5","5","0.5","5","20","9","1.5","25","0.4721565842628479","0.8302","0.014888888888888889"
"fashion_mnist","20","2","mixed_maturity","access_full","dirichlet_lcb","benign_concept_drift","0.5","0","2","5","5","0.5","5","20","9","1.5","26","0.6009143590927124","0.786","0.006"
"fashion_mnist","20","2","mixed_maturity","access_full","dirichlet_lcb","benign_concept_drift","0.5","0","2","5","5","0.5","5","20","9","1.5","27","0.5161630511283875","0.8178","0.010444444444444444"
"fashion_mnist","20","2","mixed_maturity","access_full","dirichlet_lcb","benign_concept_drift","0.5","0","2","5","5","0.5","5","20","9","1.5","28","0.4736879765987396","0.8316","0.011333333333333334"
"fashion_mnist","20","2","mixed_maturity","access_full","dirichlet_lcb","benign_concept_drift","0.5","0","2","5","5","0.5","5","20","9","1.5","29","0.48683443665504456","0.829","0.009333333333333334"
"fashion_mnist","20","2","mixed_maturity","access_full","dirichlet_lcb","benign_concept_drift","0.5","0","2","5","5","0.5","5","20","9","1.5","30","0.47185423970222473","0.8322","0.012444444444444444"
"fashion_mnist","20","2","mixed_maturity","access_full","dirichlet_lcb","benign_concept_drift","0.5","0","2","5","5","0.5","5","20","9","1.5","31","0.6831614971160889","0.7648","0.008444444444444444"
"fashion_mnist","20","2","mixed_maturity","access_full","dirichlet_lcb","benign_concept_drift","0.5","0","2","5","5","0.5","5","20","9","1.5","32","0.6393669247627258","0.7852","0.007555555555555556"
"fashion_mnist","20","2","mixed_maturity","access_full","dirichlet_lcb","benign_concept_drift","0.5","0","2","5","5","0.5","5","20","9","1.5","33","0.4778389036655426","0.8324","0.013555555555555555"
"fashion_mnist","20","2","mixed_maturity","access_full","dirichlet_lcb","benign_concept_drift","0.5","0","2","5","5","0.5","5","20","9","1.5","34","0.464138001203537","0.8398","0.017333333333333333"
"fashion_mnist","20","2","mixed_maturity","access_full","dirichlet_lcb","benign_concept_drift","0.5","0","2","5","5","0.5","5","20","9","1.5","35","0.47374227643013","0.8312","0.013111111111111112"
"fashion_mnist","20","2","mixed_maturity","access_full","dirichlet_lcb","benign_concept_drift","0.5","0","2","5","5","0.5","5","20","9","1.5","36","0.48815274238586426","0.835","0.015555555555555555"
"fashion_mnist","20","2","mixed_maturity","access_full","dirichlet_lcb","benign_concept_drift","0.5","0","2","5","5","0.5","5","20","9","1.5","37","0.48035377264022827","0.8328","0.009555555555555555"
"fashion_mnist","20","2","mixed_maturity","access_full","dirichlet_lcb","benign_concept_drift","0.5","0","2","5","5","0.5","5","20","9","1.5","38","0.46250301599502563","0.8446","0.017333333333333333"
"fashion_mnist","20","2","mixed_maturity","access_full","dirichlet_lcb","benign_concept_drift","0.5","0","2","5","5","0.5","5","20","9","1.5","39","0.5138939619064331","0.8182","0.011555555555555555"
"fashion_mnist","20","2","mixed_maturity","access_full","dirichlet_lcb","benign_concept_drift","0.5","0","2","5","5","0.5","5","20","9","1.5","40","0.48565956950187683","0.8298","0.011555555555555555"
"fashion_mnist","20","2","mixed_maturity","access_full","dirichlet_lcb","benign_concept_drift","0.5","0","2","5","5","0.5","5","20","9","1.5","41","0.49072137475013733","0.8252","0.009555555555555555"
"fashion_mnist","20","2","mixed_maturity","access_full","dirichlet_lcb","benign_concept_drift","0.5","0","2","5","5","0.5","5","20","9","1.5","42","0.49225640296936035","0.8304","0.012444444444444444"
"fashion_mnist","20","2","mixed_maturity","access_full","dirichlet_lcb","benign_concept_drift","0.5","0","2","5","5","0.5","5","20","9","1.5","43","0.5029942393302917","0.8246","0.011111111111111112"
"fashion_mnist","20","2","mixed_maturity","access_full","dirichlet_lcb","benign_concept_drift","0.5","0","2","5","5","0.5","5","20","9","1.5","44","0.4856048822402954","0.8276","0.008444444444444444"
"fashion_mnist","20","2","mixed_maturity","access_full","dirichlet_lcb","benign_concept_drift","0.5","0","2","5","5","0.5","5","20","9","1.5","45","0.4670073688030243","0.8356","0.010666666666666666"
"fashion_mnist","20","2","mixed_maturity","access_full","dirichlet_lcb","benign_concept_drift","0.5","0","2","5","5","0.5","5","20","9","1.5","46","0.4838814437389374","0.8344","0.016888888888888887"
"fashion_mnist","20","2","mixed_maturity","access_full","dirichlet_lcb","benign_concept_drift","0.5","0","2","5","5","0.5","5","20","9","1.5","47","0.49924609065055847","0.8288","0.011333333333333334"
"fashion_mnist","20","2","mixed_maturity","access_full","dirichlet_lcb","benign_concept_drift","0.5","0","2","5","5","0.5","5","20","9","1.5","48","0.4726603627204895","0.833","0.01"
"fashion_mnist","20","2","mixed_maturity","access_full","dirichlet_lcb","benign_concept_drift","0.5","0","2","5","5","0.5","5","20","9","1.5","49","0.4782264530658722","0.8336","0.014222222222222223"
"fashion_mnist","20","2","mixed_maturity","access_full","dirichlet_lcb","benign_concept_drift","0.5","0","2","5","5","0.5","5","20","9","1.5","50","0.4643772542476654","0.8374","0.010444444444444444"
"fashion_mnist","20","2","mixed_maturity","access_full","dirichlet_lcb","benign_concept_drift","0.5","1","2","5","5","0.5","5","20","9","1.5","1","0.7350659370422363","0.7556","0.04088888888888889"
"fashion_mnist","20","2","mixed_maturity","access_full","dirichlet_lcb","benign_concept_drift","0.5","1","2","5","5","0.5","5","20","9","1.5","2","0.6141362190246582","0.7952","0.026444444444444444"
"fashion_mnist","20","2","mixed_maturity","access_full","dirichlet_lcb","benign_concept_drift","0.5","1","2","5","5","0.5","5","20","9","1.5","3","0.6040553450584412","0.8004","0.027333333333333334"
"fashion_mnist","20","2","mixed_maturity","access_full","dirichlet_lcb","benign_concept_drift","0.5","1","2","5","5","0.5","5","20","9","1.5","4","0.5604029297828674","0.811","0.022222222222222223"
"fashion_mnist","20","2","mixed_maturity","access_full","dirichlet_lcb","benign_concept_drift","0.5","1","2","5","5","0.5","5","20","9","1.5","5","0.5405842661857605","0.8154","0.02266666666666667"
"fashion_mnist","20","2","mixed_maturity","access_full","dirichlet_lcb","benign_concept_drift","0.5","1","2","5","5","0.5","5","20","9","1.5","6","0.5384838581085205","0.8216","0.01888888888888889"
"fashion_mnist","20","2","mixed_maturity","access_full","dirichlet_lcb","benign_concept_drift","0.5","1","2","5","5","0.5","5","20","9","1.5","7","0.5485630631446838","0.813","0.026"
"fashion_mnist","20","2","mixed_maturity","access_full","dirichlet_lcb","benign_concept_drift","0.5","1","2","5","5","0.5","5","20","9","1.5","8","0.5500035881996155","0.8128","0.019555555555555555"
"fashion_mnist","20","2","mixed_maturity","access_full","dirichlet_lcb","benign_concept_drift","0.5","1","2","5","5","0.5","5","20","9","1.5","9","0.5208533406257629","0.8178","0.021111111111111112"
"fashion_mnist","20","2","mixed_maturity","access_full","dirichlet_lcb","benign_concept_drift","0.5","1","2","5","5","0.5","5","20","9","1.5","10","0.5915867686271667","0.8018","0.014444444444444444"
"fashion_mnist","20","2","mixed_maturity","access_full","dirichlet_lcb","benign_concept_drift","0.5","1","2","5","5","0.5","5","20","9","1.5","11","0.5152581930160522","0.8252","0.019333333333333334"
"fashion_mnist","20","2","mixed_maturity","access_full","dirichlet_lcb","benign_concept_drift","0.5","1","2","5","5","0.5","5","20","9","1.5","12","0.5041995048522949","0.8294","0.03333333333333333"
"fashion_mnist","20","2","mixed_maturity","access_full","dirichlet_lcb","benign_concept_drift","0.5","1","2","5","5","0.5","5","20","9","1.5","13","0.5044766068458557","0.8236","0.023777777777777776"
"fashion_mnist","20","2","mixed_maturity","access_full","dirichlet_lcb","benign_concept_drift","0.5","1","2","5","5","0.5","5","20","9","1.5","14","0.5087081789970398","0.8318","0.020444444444444446"
"fashion_mnist","20","2","mixed_maturity","access_full","dirichlet_lcb","benign_concept_drift","0.5","1","2","5","5","0.5","5","20","9","1.5","15","0.5175504684448242","0.8302","0.028"
"fashion_mnist","20","2","mixed_maturity","access_full","dirichlet_lcb","benign_concept_drift","0.5","1","2","5","5","0.5","5","20","9","1.5","16","0.49330946803092957","0.8316","0.022444444444444444"
"fashion_mnist","20","2","mixed_maturity","access_full","dirichlet_lcb","benign_concept_drift","0.5","1","2","5","5","0.5","5","20","9","1.5","17","0.4888549745082855","0.8302","0.021777777777777778"
"fashion_mnist","20","2","mixed_maturity","access_full","dirichlet_lcb","benign_concept_drift","0.5","1","2","5","5","0.5","5","20","9","1.5","18","0.4965805113315582","0.834","0.02688888888888889"
"fashion_mnist","20","2","mixed_maturity","access_full","dirichlet_lcb","benign_concept_drift","0.5","1","2","5","5","0.5","5","20","9","1.5","19","0.5225585699081421","0.8264","0.019333333333333334"
"fashion_mnist","20","2","mixed_maturity","access_full","dirichlet_lcb","benign_concept_drift","0.5","1","2","5","5","0.5","5","20","9","1.5","20","0.5046835541725159","0.8314","0.02822222222222222"
"fashion_mnist","20","2","mixed_maturity","access_full","dirichlet_lcb","benign_concept_drift","0.5","1","2","5","5","0.5","5","20","9","1.5","21","0.4910987317562103","0.8314","0.02311111111111111"
"fashion_mnist","20","2","mixed_maturity","access_full","dirichlet_lcb","benign_concept_drift","0.5","1","2","5","5","0.5","5","20","9","1.5","22","0.5100010633468628","0.8218","0.012444444444444444"
"fashion_mnist","20","2","mixed_maturity","access_full","dirichlet_lcb","benign_concept_drift","0.5","1","2","5","5","0.5","5","20","9","1.5","23","0.49787235260009766","0.8322","0.02266666666666667"
"fashion_mnist","20","2","mixed_maturity","access_full","dirichlet_lcb","benign_concept_drift","0.5","1","2","5","5","0.5","5","20","9","1.5","24","0.4824194312095642","0.8336","0.024"
"fashion_mnist","20","2","mixed_maturity","access_full","dirichlet_lcb","benign_concept_drift","0.5","1","2","5","5","0.5","5","20","9","1.5","25","0.4890739321708679","0.8326","0.015333333333333332"
"fashion_mnist","20","2","mixed_maturity","access_full","dirichlet_lcb","benign_concept_drift","0.5","1","2","5","5","0.5","5","20","9","1.5","26","0.4878658056259155","0.8316","0.015333333333333332"
"fashion_mnist","20","2","mixed_maturity","access_full","dirichlet_lcb","benign_concept_drift","0.5","1","2","5","5","0.5","5","20","9","1.5","27","0.4891105890274048","0.8358","0.026444444444444444"
"fashion_mnist","20","2","mixed_maturity","access_full","dirichlet_lcb","benign_concept_drift","0.5","1","2","5","5","0.5","5","20","9","1.5","28","0.49714067578315735","0.8312","0.016888888888888887"
"fashion_mnist","20","2","mixed_maturity","access_full","dirichlet_lcb","benign_concept_drift","0.5","1","2","5","5","0.5","5","20","9","1.5","29","0.49577823281288147","0.8312","0.017333333333333333"
"fashion_mnist","20","2","mixed_maturity","access_full","dirichlet_lcb","benign_concept_drift","0.5","1","2","5","5","0.5","5","20","9","1.5","30","0.5019434690475464","0.831","0.01888888888888889"
"fashion_mnist","20","2","mixed_maturity","access_full","dirichlet_lcb","benign_concept_drift","0.5","1","2","5","5","0.5","5","20","9","1.5","31","0.482966810464859","0.8334","0.02311111111111111"
"fashion_mnist","20","2","mixed_maturity","access_full","dirichlet_lcb","benign_concept_drift","0.5","1","2","5","5","0.5","5","20","9","1.5","32","0.5318974852561951","0.8204","0.010444444444444444"
"fashion_mnist","20","2","mixed_maturity","access_full","dirichlet_lcb","benign_concept_drift","0.5","1","2","5","5","0.5","5","20","9","1.5","33","0.5087639689445496","0.8318","0.03177777777777778"
"fashion_mnist","20","2","mixed_maturity","access_full","dirichlet_lcb","benign_concept_drift","0.5","1","2","5","5","0.5","5","20","9","1.5","34","0.49431300163269043","0.8344","0.024666666666666667"
"fashion_mnist","20","2","mixed_maturity","access_full","dirichlet_lcb","benign_concept_drift","0.5","1","2","5","5","0.5","5","20","9","1.5","35","0.5237735509872437","0.825","0.013111111111111112"
"fashion_mnist","20","2","mixed_maturity","access_full","dirichlet_lcb","benign_concept_drift","0.5","1","2","5","5","0.5","5","20","9","1.5","36","0.4867096543312073","0.8328","0.023333333333333334"
"fashion_mnist","20","2","mixed_maturity","access_full","dirichlet_lcb","benign_concept_drift","0.5","1","2","5","5","0.5","5","20","9","1.5","37","0.4835386276245117","0.8348","0.025333333333333333"
"fashion_mnist","20","2","mixed_maturity","access_full","dirichlet_lcb","benign_concept_drift","0.5","1","2","5","5","0.5","5","20","9","1.5","38","0.4871119260787964","0.8322","0.018666666666666668"
"fashion_mnist","20","2","mixed_maturity","access_full","dirichlet_lcb","benign_concept_drift","0.5","1","2","5","5","0.5","5","20","9","1.5","39","0.4915454089641571","0.8342","0.02422222222222222"
"fashion_mnist","20","2","mixed_maturity","access_full","dirichlet_lcb","benign_concept_drift","0.5","1","2","5","5","0.5","5","20","9","1.5","40","0.47581905126571655","0.842","0.027333333333333334"
"fashion_mnist","20","2","mixed_maturity","access_full","dirichlet_lcb","benign_concept_drift","0.5","1","2","5","5","0.5","5","20","9","1.5","41","0.4946722686290741","0.828","0.012666666666666666"
"fashion_mnist","20","2","mixed_maturity","access_full","dirichlet_lcb","benign_concept_drift","0.5","1","2","5","5","0.5","5","20","9","1.5","42","0.509265661239624","0.8248","0.014666666666666666"
"fashion_mnist","20","2","mixed_maturity","access_full","dirichlet_lcb","benign_concept_drift","0.5","1","2","5","5","0.5","5","20","9","1.5","43","0.48869940638542175","0.8314","0.018666666666666668"
"fashion_mnist","20","2","mixed_maturity","access_full","dirichlet_lcb","benign_concept_drift","0.5","1","2","5","5","0.5","5","20","9","1.5","44","0.49690699577331543","0.8364","0.034"
"fashion_mnist","20","2","mixed_maturity","access_full","dirichlet_lcb","benign_concept_drift","0.5","1","2","5","5","0.5","5","20","9","1.5","45","0.482221782207489","0.8354","0.02422222222222222"
"fashion_mnist","20","2","mixed_maturity","access_full","dirichlet_lcb","benign_concept_drift","0.5","1","2","5","5","0.5","5","20","9","1.5","46","0.4865364134311676","0.8356","0.020888888888888887"
"fashion_mnist","20","2","mixed_maturity","access_full","dirichlet_lcb","benign_concept_drift","0.5","1","2","5","5","0.5","5","20","9","1.5","47","0.5152696371078491","0.8306","0.036222222222222225"
"fashion_mnist","20","2","mixed_maturity","access_full","dirichlet_lcb","benign_concept_drift","0.5","1","2","5","5","0.5","5","20","9","1.5","48","0.5047298073768616","0.8278","0.010666666666666666"
"fashion_mnist","20","2","mixed_maturity","access_full","dirichlet_lcb","benign_concept_drift","0.5","1","2","5","5","0.5","5","20","9","1.5","49","0.48926788568496704","0.8336","0.025555555555555557"
"fashion_mnist","20","2","mixed_maturity","access_full","dirichlet_lcb","benign_concept_drift","0.5","1","2","5","5","0.5","5","20","9","1.5","50","0.4790891706943512","0.8424","0.028888888888888888"
"fashion_mnist","20","2","mixed_maturity","access_full","dirichlet_lcb","benign_concept_drift","0.5","2","2","5","5","0.5","5","20","9","1.5","1","0.719275712966919","0.7684","0.032"
"fashion_mnist","20","2","mixed_maturity","access_full","dirichlet_lcb","benign_concept_drift","0.5","2","2","5","5","0.5","5","20","9","1.5","2","0.5964753031730652","0.8018","0.03266666666666666"
"fashion_mnist","20","2","mixed_maturity","access_full","dirichlet_lcb","benign_concept_drift","0.5","2","2","5","5","0.5","5","20","9","1.5","3","0.5534917712211609","0.8158","0.01911111111111111"
"fashion_mnist","20","2","mixed_maturity","access_full","dirichlet_lcb","benign_concept_drift","0.5","2","2","5","5","0.5","5","20","9","1.5","4","0.544998288154602","0.814","0.018"
"fashion_mnist","20","2","mixed_maturity","access_full","dirichlet_lcb","benign_concept_drift","0.5","2","2","5","5","0.5","5","20","9","1.5","5","0.5259535312652588","0.8246","0.025555555555555557"
"fashion_mnist","20","2","mixed_maturity","access_full","dirichlet_lcb","benign_concept_drift","0.5","2","2","5","5","0.5","5","20","9","1.5","6","0.5198521018028259","0.8242","0.018444444444444444"
"fashion_mnist","20","2","mixed_maturity","access_full","dirichlet_lcb","benign_concept_drift","0.5","2","2","5","5","0.5","5","20","9","1.5","7","0.5254985094070435","0.82","0.019333333333333334"
"fashion_mnist","20","2","mixed_maturity","access_full","dirichlet_lcb","benign_concept_drift","0.5","2","2","5","5","0.5","5","20","9","1.5","8","0.5186499953269958","0.8198","0.016888888888888887"
"fashion_mnist","20","2","mixed_maturity","access_full","dirichlet_lcb","benign_concept_drift","0.5","2","2","5","5","0.5","5","20","9","1.5","9","0.5268793702125549","0.82","0.012888888888888889"
"fashion_mnist","20","2","mixed_maturity","access_full","dirichlet_lcb","benign_concept_drift","0.5","2","2","5","5","0.5","5","20","9","1.5","10","0.5129509568214417","0.8252","0.01888888888888889"
"fashion_mnist","20","2","mixed_maturity","access_full","dirichlet_lcb","benign_concept_drift","0.5","2","2","5","5","0.5","5","20","9","1.5","11","0.49222031235694885","0.8338","0.01911111111111111"
"fashion_mnist","20","2","mixed_maturity","access_full","dirichlet_lcb","benign_concept_drift","0.5","2","2","5","5","0.5","5","20","9","1.5","12","0.5065903663635254","0.828","0.021111111111111112"
"fashion_mnist","20","2","mixed_maturity","access_full","dirichlet_lcb","benign_concept_drift","0.5","2","2","5","5","0.5","5","20","9","1.5","13","0.48616307973861694","0.8322","0.016888888888888887"
"fashion_mnist","20","2","mixed_maturity","access_full","dirichlet_lcb","benign_concept_drift","0.5","2","2","5","5","0.5","5","20","9","1.5","14","0.48611801862716675","0.834","0.016888888888888887"
"fashion_mnist","20","2","mixed_maturity","access_full","dirichlet_lcb","benign_concept_drift","0.5","2","2","5","5","0.5","5","20","9","1.5","15","0.48973602056503296","0.8322","0.01577777777777778"
"fashion_mnist","20","2","mixed_maturity","access_full","dirichlet_lcb","benign_concept_drift","0.5","2","2","5","5","0.5","5","20","9","1.5","16","0.48377323150634766","0.8342","0.017555555555555557"
"fashion_mnist","20","2","mixed_maturity","access_full","dirichlet_lcb","benign_concept_drift","0.5","2","2","5","5","0.5","5","20","9","1.5","17","0.49487847089767456","0.8372","0.02822222222222222"
"fashion_mnist","20","2","mixed_maturity","access_full","dirichlet_lcb","benign_concept_drift","0.5","2","2","5","5","0.5","5","20","9","1.5","18","0.48178544640541077","0.8328","0.016444444444444446"
"fashion_mnist","20","2","mixed_maturity","access_full","dirichlet_lcb","benign_concept_drift","0.5","2","2","5","5","0.5","5","20","9","1.5","19","0.49159589409828186","0.8358","0.03288888888888889"
"fashion_mnist","20","2","mixed_maturity","access_full","dirichlet_lcb","benign_concept_drift","0.5","2","2","5","5","0.5","5","20","9","1.5","20","0.4895623028278351","0.8358","0.02"
"fashion_mnist","20","2","mixed_maturity","access_full","dirichlet_lcb","benign_concept_drift","0.5","2","2","5","5","0.5","5","20","9","1.5","21","0.49664106965065","0.8352","0.021555555555555557"
"fashion_mnist","20","2","mixed_maturity","access_full","dirichlet_lcb","benign_concept_drift","0.5","2","2","5","5","0.5","5","20","9","1.5","22","0.47271591424942017","0.8428","0.02422222222222222"
"fashion_mnist","20","2","mixed_maturity","access_full","dirichlet_lcb","benign_concept_drift","0.5","2","2","5","5","0.5","5","20","9","1.5","23","0.4797230362892151","0.8402","0.022222222222222223"
"fashion_mnist","20","2","mixed_maturity","access_full","dirichlet_lcb","benign_concept_drift","0.5","2","2","5","5","0.5","5","20","9","1.5","24","0.4965810477733612","0.836","0.020444444444444446"
"fashion_mnist","20","2","mixed_maturity","access_full","dirichlet_lcb","benign_concept_drift","0.5","2","2","5","5","0.5","5","20","9","1.5","25","0.4755212366580963","0.8338","0.019333333333333334"
"fashion_mnist","20","2","mixed_maturity","access_full","dirichlet_lcb","benign_concept_drift","0.5","2","2","5","5","0.5","5","20","9","1.5","26","0.5007477402687073","0.8304","0.015555555555555555"
"fashion_mnist","20","2","mixed_maturity","access_full","dirichlet_lcb","benign_concept_drift","0.5","2","2","5","5","0.5","5","20","9","1.5","27","0.4686261713504791","0.8438","0.018444444444444444"
"fashion_mnist","20","2","mixed_maturity","access_full","dirichlet_lcb","benign_concept_drift","0.5","2","2","5","5","0.5","5","20","9","1.5","28","0.4837326109409332","0.8314","0.013777777777777778"
"fashion_mnist","20","2","mixed_maturity","access_full","dirichlet_lcb","benign_concept_drift","0.5","2","2","5","5","0.5","5","20","9","1.5","29","0.4765239357948303","0.8372","0.02022222222222222"
"fashion_mnist","20","2","mixed_maturity","access_full","dirichlet_lcb","benign_concept_drift","0.5","2","2","5","5","0.5","5","20","9","1.5","30","0.4712713956832886","0.838","0.014888888888888889"
"fashion_mnist","20","2","mixed_maturity","access_full","dirichlet_lcb","benign_concept_drift","0.5","2","2","5","5","0.5","5","20","9","1.5","31","0.4682394564151764","0.8408","0.016666666666666666"
"fashion_mnist","20","2","mixed_maturity","access_full","dirichlet_lcb","benign_concept_drift","0.5","2","2","5","5","0.5","5","20","9","1.5","32","0.4744434654712677","0.8452","0.02311111111111111"
"fashion_mnist","20","2","mixed_maturity","access_full","dirichlet_lcb","benign_concept_drift","0.5","2","2","5","5","0.5","5","20","9","1.5","33","0.48593056201934814","0.8446","0.02266666666666667"
"fashion_mnist","20","2","mixed_maturity","access_full","dirichlet_lcb","benign_concept_drift","0.5","2","2","5","5","0.5","5","20","9","1.5","34","0.47394609451293945","0.8368","0.025111111111111112"
"fashion_mnist","20","2","mixed_maturity","access_full","dirichlet_lcb","benign_concept_drift","0.5","2","2","5","5","0.5","5","20","9","1.5","35","0.4725123643875122","0.8398","0.022"
"fashion_mnist","20","2","mixed_maturity","access_full","dirichlet_lcb","benign_concept_drift","0.5","2","2","5","5","0.5","5","20","9","1.5","36","0.5019829869270325","0.8302","0.018222222222222223"
"fashion_mnist","20","2","mixed_maturity","access_full","dirichlet_lcb","benign_concept_drift","0.5","2","2","5","5","0.5","5","20","9","1.5","37","0.474857896566391","0.8382","0.028444444444444446"
"fashion_mnist","20","2","mixed_maturity","access_full","dirichlet_lcb","benign_concept_drift","0.5","2","2","5","5","0.5","5","20","9","1.5","38","0.4843342900276184","0.8372","0.017555555555555557"
"fashion_mnist","20","2","mixed_maturity","access_full","dirichlet_lcb","benign_concept_drift","0.5","2","2","5","5","0.5","5","20","9","1.5","39","0.47061631083488464","0.8422","0.018444444444444444"
"fashion_mnist","20","2","mixed_maturity","access_full","dirichlet_lcb","benign_concept_drift","0.5","2","2","5","5","0.5","5","20","9","1.5","40","0.47328364849090576","0.8456","0.028888888888888888"
"fashion_mnist","20","2","mixed_maturity","access_full","dirichlet_lcb","benign_concept_drift","0.5","2","2","5","5","0.5","5","20","9","1.5","41","0.4704872965812683","0.842","0.016"
"fashion_mnist","20","2","mixed_maturity","access_full","dirichlet_lcb","benign_concept_drift","0.5","2","2","5","5","0.5","5","20","9","1.5","42","0.47625303268432617","0.8376","0.013777777777777778"
"fashion_mnist","20","2","mixed_maturity","access_full","dirichlet_lcb","benign_concept_drift","0.5","2","2","5","5","0.5","5","20","9","1.5","43","0.5006140470504761","0.8312","0.013777777777777778"
"fashion_mnist","20","2","mixed_maturity","access_full","dirichlet_lcb","benign_concept_drift","0.5","2","2","5","5","0.5","5","20","9","1.5","44","0.4679303765296936","0.842","0.020666666666666667"
"fashion_mnist","20","2","mixed_maturity","access_full","dirichlet_lcb","benign_concept_drift","0.5","2","2","5","5","0.5","5","20","9","1.5","45","0.4671630859375","0.8384","0.018"
"fashion_mnist","20","2","mixed_maturity","access_full","dirichlet_lcb","benign_concept_drift","0.5","2","2","5","5","0.5","5","20","9","1.5","46","0.4763352572917938","0.8418","0.022"
"fashion_mnist","20","2","mixed_maturity","access_full","dirichlet_lcb","benign_concept_drift","0.5","2","2","5","5","0.5","5","20","9","1.5","47","0.48523011803627014","0.8304","0.015333333333333332"
"fashion_mnist","20","2","mixed_maturity","access_full","dirichlet_lcb","benign_concept_drift","0.5","2","2","5","5","0.5","5","20","9","1.5","48","0.4688398838043213","0.8444","0.019333333333333334"
"fashion_mnist","20","2","mixed_maturity","access_full","dirichlet_lcb","benign_concept_drift","0.5","2","2","5","5","0.5","5","20","9","1.5","49","0.4708600640296936","0.8378","0.014"
"fashion_mnist","20","2","mixed_maturity","access_full","dirichlet_lcb","benign_concept_drift","0.5","2","2","5","5","0.5","5","20","9","1.5","50","0.4898143410682678","0.8364","0.01622222222222222"
"fashion_mnist","20","2","mixed_maturity","access_full","dirichlet_lcb","benign_concept_drift","0.5","3","2","5","5","0.5","5","20","9","1.5","1","0.7047092914581299","0.7664","0.027777777777777776"
"fashion_mnist","20","2","mixed_maturity","access_full","dirichlet_lcb","benign_concept_drift","0.5","3","2","5","5","0.5","5","20","9","1.5","2","0.6424760818481445","0.7798","0.005333333333333333"
"fashion_mnist","20","2","mixed_maturity","access_full","dirichlet_lcb","benign_concept_drift","0.5","3","2","5","5","0.5","5","20","9","1.5","3","0.5820850729942322","0.7992","0.008888888888888889"
"fashion_mnist","20","2","mixed_maturity","access_full","dirichlet_lcb","benign_concept_drift","0.5","3","2","5","5","0.5","5","20","9","1.5","4","0.5578991174697876","0.8124","0.016444444444444446"
"fashion_mnist","20","2","mixed_maturity","access_full","dirichlet_lcb","benign_concept_drift","0.5","3","2","5","5","0.5","5","20","9","1.5","5","0.5706170797348022","0.8116","0.014888888888888889"
"fashion_mnist","20","2","mixed_maturity","access_full","dirichlet_lcb","benign_concept_drift","0.5","3","2","5","5","0.5","5","20","9","1.5","6","0.5732631087303162","0.813","0.016888888888888887"
"fashion_mnist","20","2","mixed_maturity","access_full","dirichlet_lcb","benign_concept_drift","0.5","3","2","5","5","0.5","5","20","9","1.5","7","0.527318000793457","0.8258","0.024444444444444446"
"fashion_mnist","20","2","mixed_maturity","access_full","dirichlet_lcb","benign_concept_drift","0.5","3","2","5","5","0.5","5","20","9","1.5","8","0.517952561378479","0.824","0.018222222222222223"
"fashion_mnist","20","2","mixed_maturity","access_full","dirichlet_lcb","benign_concept_drift","0.5","3","2","5","5","0.5","5","20","9","1.5","9","0.5598721504211426","0.8176","0.014"
"fashion_mnist","20","2","mixed_maturity","access_full","dirichlet_lcb","benign_concept_drift","0.5","3","2","5","5","0.5","5","20","9","1.5","10","0.521868109703064","0.8284","0.022"
"fashion_mnist","20","2","mixed_maturity","access_full","dirichlet_lcb","benign_concept_drift","0.5","3","2","5","5","0.5","5","20","9","1.5","11","0.5057103633880615","0.8312","0.020888888888888887"
"fashion_mnist","20","2","mixed_maturity","access_full","dirichlet_lcb","benign_concept_drift","0.5","3","2","5","5","0.5","5","20","9","1.5","12","0.5242447257041931","0.831","0.023777777777777776"
"fashion_mnist","20","2","mixed_maturity","access_full","dirichlet_lcb","benign_concept_drift","0.5","3","2","5","5","0.5","5","20","9","1.5","13","0.5295678973197937","0.8284","0.021777777777777778"
"fashion_mnist","20","2","mixed_maturity","access_full","dirichlet_lcb","benign_concept_drift","0.5","3","2","5","5","0.5","5","20","9","1.5","14","0.5250599384307861","0.8286","0.01911111111111111"
"fashion_mnist","20","2","mixed_maturity","access_full","dirichlet_lcb","benign_concept_drift","0.5","3","2","5","5","0.5","5","20","9","1.5","15","0.5556950569152832","0.8228","0.015555555555555555"
"fashion_mnist","20","2","mixed_maturity","access_full","dirichlet_lcb","benign_concept_drift","0.5","3","2","5","5","0.5","5","20","9","1.5","16","0.5263230204582214","0.8288","0.027777777777777776"
"fashion_mnist","20","2","mixed_maturity","access_full","dirichlet_lcb","benign_concept_drift","0.5","3","2","5","5","0.5","5","20","9","1.5","17","0.5014479756355286","0.8352","0.023555555555555555"
"fashion_mnist","20","2","mixed_maturity","access_full","dirichlet_lcb","benign_concept_drift","0.5","3","2","5","5","0.5","5","20","9","1.5","18","0.4939318299293518","0.8334","0.02022222222222222"
"fashion_mnist","20","2","mixed_maturity","access_full","dirichlet_lcb","benign_concept_drift","0.5","3","2","5","5","0.5","5","20","9","1.5","19","0.5160607695579529","0.8292","0.017333333333333333"
"fashion_mnist","20","2","mixed_maturity","access_full","dirichlet_lcb","benign_concept_drift","0.5","3","2","5","5","0.5","5","20","9","1.5","20","0.5339161157608032","0.8254","0.016666666666666666"
"fashion_mnist","20","2","mixed_maturity","access_full","dirichlet_lcb","benign_concept_drift","0.5","3","2","5","5","0.5","5","20","9","1.5","21","0.562243640422821","0.8146","0.012222222222222223"
"fashion_mnist","20","2","mixed_maturity","access_full","dirichlet_lcb","benign_concept_drift","0.5","3","2","5","5","0.5","5","20","9","1.5","22","0.48575296998023987","0.8378","0.019777777777777776"
"fashion_mnist","20","2","mixed_maturity","access_full","dirichlet_lcb","benign_concept_drift","0.5","3","2","5","5","0.5","5","20","9","1.5","23","0.5920013785362244","0.8022","0.008888888888888889"
"fashion_mnist","20","2","mixed_maturity","access_full","dirichlet_lcb","benign_concept_drift","0.5","3","2","5","5","0.5","5","20","9","1.5","24","0.4970926344394684","0.835","0.021777777777777778"
"fashion_mnist","20","2","mixed_maturity","access_full","dirichlet_lcb","benign_concept_drift","0.5","3","2","5","5","0.5","5","20","9","1.5","25","0.5410842895507812","0.8214","0.019555555555555555"
"fashion_mnist","20","2","mixed_maturity","access_full","dirichlet_lcb","benign_concept_drift","0.5","3","2","5","5","0.5","5","20","9","1.5","26","0.570370614528656","0.8254","0.025333333333333333"
"fashion_mnist","20","2","mixed_maturity","access_full","dirichlet_lcb","benign_concept_drift","0.5","3","2","5","5","0.5","5","20","9","1.5","27","0.5147531628608704","0.8312","0.023777777777777776"
"fashion_mnist","20","2","mixed_maturity","access_full","dirichlet_lcb","benign_concept_drift","0.5","3","2","5","5","0.5","5","20","9","1.5","28","0.48533061146736145","0.8364","0.025555555555555557"
"fashion_mnist","20","2","mixed_maturity","access_full","dirichlet_lcb","benign_concept_drift","0.5","3","2","5","5","0.5","5","20","9","1.5","29","0.5188014507293701","0.8328","0.02422222222222222"
"fashion_mnist","20","2","mixed_maturity","access_full","dirichlet_lcb","benign_concept_drift","0.5","3","2","5","5","0.5","5","20","9","1.5","30","0.5652865767478943","0.8268","0.035333333333333335"
"fashion_mnist","20","2","mixed_maturity","access_full","dirichlet_lcb","benign_concept_drift","0.5","3","2","5","5","0.5","5","20","9","1.5","31","0.48399847745895386","0.8362","0.024444444444444446"
"fashion_mnist","20","2","mixed_maturity","access_full","dirichlet_lcb","benign_concept_drift","0.5","3","2","5","5","0.5","5","20","9","1.5","32","0.4827430546283722","0.8384","0.02"
"fashion_mnist","20","2","mixed_maturity","access_full","dirichlet_lcb","benign_concept_drift","0.5","3","2","5","5","0.5","5","20","9","1.5","33","0.5187948942184448","0.8266","0.013555555555555555"
"fashion_mnist","20","2","mixed_maturity","access_full","dirichlet_lcb","benign_concept_drift","0.5","3","2","5","5","0.5","5","20","9","1.5","34","0.47765660285949707","0.8384","0.02422222222222222"
"fashion_mnist","20","2","mixed_maturity","access_full","dirichlet_lcb","benign_concept_drift","0.5","3","2","5","5","0.5","5","20","9","1.5","35","0.493104487657547","0.8344","0.020888888888888887"
"fashion_mnist","20","2","mixed_maturity","access_full","dirichlet_lcb","benign_concept_drift","0.5","3","2","5","5","0.5","5","20","9","1.5","36","0.5060575604438782","0.834","0.026444444444444444"
"fashion_mnist","20","2","mixed_maturity","access_full","dirichlet_lcb","benign_concept_drift","0.5","3","2","5","5","0.5","5","20","9","1.5","37","0.5091708302497864","0.8296","0.012888888888888889"
"fashion_mnist","20","2","mixed_maturity","access_full","dirichlet_lcb","benign_concept_drift","0.5","3","2","5","5","0.5","5","20","9","1.5","38","0.49746671319007874","0.8316","0.021111111111111112"
"fashion_mnist","20","2","mixed_maturity","access_full","dirichlet_lcb","benign_concept_drift","0.5","3","2","5","5","0.5","5","20","9","1.5","39","0.559262216091156","0.8228","0.023333333333333334"
"fashion_mnist","20","2","mixed_maturity","access_full","dirichlet_lcb","benign_concept_drift","0.5","3","2","5","5","0.5","5","20","9","1.5","40","0.540226936340332","0.8314","0.020888888888888887"
"fashion_mnist","20","2","mixed_maturity","access_full","dirichlet_lcb","benign_concept_drift","0.5","3","2","5","5","0.5","5","20","9","1.5","41","0.4895051121711731","0.8338","0.02266666666666667"
"fashion_mnist","20","2","mixed_maturity","access_full","dirichlet_lcb","benign_concept_drift","0.5","3","2","5","5","0.5","5","20","9","1.5","42","0.4992499053478241","0.8308","0.03088888888888889"
"fashion_mnist","20","2","mixed_maturity","access_full","dirichlet_lcb","benign_concept_drift","0.5","3","2","5","5","0.5","5","20","9","1.5","43","0.48471856117248535","0.8392","0.025777777777777778"
"fashion_mnist","20","2","mixed_maturity","access_full","dirichlet_lcb","benign_concept_drift","0.5","3","2","5","5","0.5","5","20","9","1.5","44","0.4904283583164215","0.8368","0.01577777777777778"
"fashion_mnist","20","2","mixed_maturity","access_full","dirichlet_lcb","benign_concept_drift","0.5","3","2","5","5","0.5","5","20","9","1.5","45","0.5009276866912842","0.833","0.027555555555555555"
"fashion_mnist","20","2","mixed_maturity","access_full","dirichlet_lcb","benign_concept_drift","0.5","3","2","5","5","0.5","5","20","9","1.5","46","0.4857081174850464","0.8352","0.02422222222222222"
"fashion_mnist","20","2","mixed_maturity","access_full","dirichlet_lcb","benign_concept_drift","0.5","3","2","5","5","0.5","5","20","9","1.5","47","0.5139050483703613","0.8334","0.025333333333333333"
"fashion_mnist","20","2","mixed_maturity","access_full","dirichlet_lcb","benign_concept_drift","0.5","3","2","5","5","0.5","5","20","9","1.5","48","0.4930310547351837","0.8366","0.02311111111111111"
"fashion_mnist","20","2","mixed_maturity","access_full","dirichlet_lcb","benign_concept_drift","0.5","3","2","5","5","0.5","5","20","9","1.5","49","0.48543575406074524","0.836","0.023333333333333334"
"fashion_mnist","20","2","mixed_maturity","access_full","dirichlet_lcb","benign_concept_drift","0.5","3","2","5","5","0.5","5","20","9","1.5","50","0.5212616920471191","0.8274","0.013555555555555555"
"fashion_mnist","20","2","mixed_maturity","access_full","dirichlet_lcb","benign_concept_drift","0.5","4","2","5","5","0.5","5","20","9","1.5","1","0.731982409954071","0.7592","0.04733333333333333"
"fashion_mnist","20","2","mixed_maturity","access_full","dirichlet_lcb","benign_concept_drift","0.5","4","2","5","5","0.5","5","20","9","1.5","2","0.6436559557914734","0.7834","0.014444444444444444"
"fashion_mnist","20","2","mixed_maturity","access_full","dirichlet_lcb","benign_concept_drift","0.5","4","2","5","5","0.5","5","20","9","1.5","3","0.5943726301193237","0.8002","0.026"
"fashion_mnist","20","2","mixed_maturity","access_full","dirichlet_lcb","benign_concept_drift","0.5","4","2","5","5","0.5","5","20","9","1.5","4","0.5925415754318237","0.7974","0.033777777777777775"
"fashion_mnist","20","2","mixed_maturity","access_full","dirichlet_lcb","benign_concept_drift","0.5","4","2","5","5","0.5","5","20","9","1.5","5","0.5509123802185059","0.8142","0.030222222222222223"
"fashion_mnist","20","2","mixed_maturity","access_full","dirichlet_lcb","benign_concept_drift","0.5","4","2","5","5","0.5","5","20","9","1.5","6","0.6238799691200256","0.7954","0.010666666666666666"
"fashion_mnist","20","2","mixed_maturity","access_full","dirichlet_lcb","benign_concept_drift","0.5","4","2","5","5","0.5","5","20","9","1.5","7","0.5274728536605835","0.822","0.027333333333333334"
"fashion_mnist","20","2","mixed_maturity","access_full","dirichlet_lcb","benign_concept_drift","0.5","4","2","5","5","0.5","5","20","9","1.5","8","0.5256600379943848","0.822","0.03155555555555556"
"fashion_mnist","20","2","mixed_maturity","access_full","dirichlet_lcb","benign_concept_drift","0.5","4","2","5","5","0.5","5","20","9","1.5","9","0.5124998688697815","0.8264","0.02711111111111111"
"fashion_mnist","20","2","mixed_maturity","access_full","dirichlet_lcb","benign_concept_drift","0.5","4","2","5","5","0.5","5","20","9","1.5","10","0.5129149556159973","0.8244","0.020888888888888887"
"fashion_mnist","20","2","mixed_maturity","access_full","dirichlet_lcb","benign_concept_drift","0.5","4","2","5","5","0.5","5","20","9","1.5","11","0.5071653127670288","0.8278","0.027555555555555555"
"fashion_mnist","20","2","mixed_maturity","access_full","dirichlet_lcb","benign_concept_drift","0.5","4","2","5","5","0.5","5","20","9","1.5","12","0.5395813584327698","0.8192","0.011111111111111112"
"fashion_mnist","20","2","mixed_maturity","access_full","dirichlet_lcb","benign_concept_drift","0.5","4","2","5","5","0.5","5","20","9","1.5","13","0.5427659153938293","0.817","0.02666666666666667"
"fashion_mnist","20","2","mixed_maturity","access_full","dirichlet_lcb","benign_concept_drift","0.5","4","2","5","5","0.5","5","20","9","1.5","14","0.5020765066146851","0.8306","0.029333333333333333"
"fashion_mnist","20","2","mixed_maturity","access_full","dirichlet_lcb","benign_concept_drift","0.5","4","2","5","5","0.5","5","20","9","1.5","15","0.5021887421607971","0.8284","0.020666666666666667"
"fashion_mnist","20","2","mixed_maturity","access_full","dirichlet_lcb","benign_concept_drift","0.5","4","2","5","5","0.5","5","20","9","1.5","16","0.5163382887840271","0.8258","0.018444444444444444"
"fashion_mnist","20","2","mixed_maturity","access_full","dirichlet_lcb","benign_concept_drift","0.5","4","2","5","5","0.5","5","20","9","1.5","17","0.49974432587623596","0.8282","0.023333333333333334"
"fashion_mnist","20","2","mixed_maturity","access_full","dirichlet_lcb","benign_concept_drift","0.5","4","2","5","5","0.5","5","20","9","1.5","18","0.5243542790412903","0.8248","0.020444444444444446"
"fashion_mnist","20","2","mixed_maturity","access_full","dirichlet_lcb","benign_concept_drift","0.5","4","2","5","5","0.5","5","20","9","1.5","19","0.5021021366119385","0.8288","0.029555555555555557"
"fashion_mnist","20","2","mixed_maturity","access_full","dirichlet_lcb","benign_concept_drift","0.5","4","2","5","5","0.5","5","20","9","1.5","20","0.5431867241859436","0.8184","0.027333333333333334"
"fashion_mnist","20","2","mixed_maturity","access_full","dirichlet_lcb","benign_concept_drift","0.5","4","2","5","5","0.5","5","20","9","1.5","21","0.49118509888648987","0.8286","0.01911111111111111"
"fashion_mnist","20","2","mixed_maturity","access_full","dirichlet_lcb","benign_concept_drift","0.5","4","2","5","5","0.5","5","20","9","1.5","22","0.47890594601631165","0.8334","0.028444444444444446"
"fashion_mnist","20","2","mixed_maturity","access_full","dirichlet_lcb","benign_concept_drift","0.5","4","2","5","5","0.5","5","20","9","1.5","23","0.49159154295921326","0.8296","0.018666666666666668"
"fashion_mnist","20","2","mixed_maturity","access_full","dirichlet_lcb","benign_concept_drift","0.5","4","2","5","5","0.5","5","20","9","1.5","24","0.4972032308578491","0.8328","0.034888888888888886"
"fashion_mnist","20","2","mixed_maturity","access_full","dirichlet_lcb","benign_concept_drift","0.5","4","2","5","5","0.5","5","20","9","1.5","25","0.4899371564388275","0.8306","0.027777777777777776"
"fashion_mnist","20","2","mixed_maturity","access_full","dirichlet_lcb","benign_concept_drift","0.5","4","2","5","5","0.5","5","20","9","1.5","26","0.4921790659427643","0.834","0.01577777777777778"
"fashion_mnist","20","2","mixed_maturity","access_full","dirichlet_lcb","benign_concept_drift","0.5","4","2","5","5","0.5","5","20","9","1.5","27","0.4825754761695862","0.832","0.01888888888888889"
"fashion_mnist","20","2","mixed_maturity","access_full","dirichlet_lcb","benign_concept_drift","0.5","4","2","5","5","0.5","5","20","9","1.5","28","0.49124228954315186","0.829","0.021555555555555557"
"fashion_mnist","20","2","mixed_maturity","access_full","dirichlet_lcb","benign_concept_drift","0.5","4","2","5","5","0.5","5","20","9","1.5","29","0.5295298099517822","0.8262","0.03155555555555556"
"fashion_mnist","20","2","mixed_maturity","access_full","dirichlet_lcb","benign_concept_drift","0.5","4","2","5","5","0.5","5","20","9","1.5","30","0.4798567295074463","0.8368","0.029555555555555557"
"fashion_mnist","20","2","mixed_maturity","access_full","dirichlet_lcb","benign_concept_drift","0.5","4","2","5","5","0.5","5","20","9","1.5","31","0.5639948844909668","0.8114","0.018666666666666668"
"fashion_mnist","20","2","mixed_maturity","access_full","dirichlet_lcb","benign_concept_drift","0.5","4","2","5","5","0.5","5","20","9","1.5","32","0.4989998936653137","0.8314","0.020444444444444446"
"fashion_mnist","20","2","mixed_maturity","access_full","dirichlet_lcb","benign_concept_drift","0.5","4","2","5","5","0.5","5","20","9","1.5","33","0.48574307560920715","0.8352","0.029111111111111112"
"fashion_mnist","20","2","mixed_maturity","access_full","dirichlet_lcb","benign_concept_drift","0.5","4","2","5","5","0.5","5","20","9","1.5","34","0.5405037999153137","0.8124","0.009111111111111111"
"fashion_mnist","20","2","mixed_maturity","access_full","dirichlet_lcb","benign_concept_drift","0.5","4","2","5","5","0.5","5","20","9","1.5","35","0.4812384247779846","0.8326","0.03"
"fashion_mnist","20","2","mixed_maturity","access_full","dirichlet_lcb","benign_concept_drift","0.5","4","2","5","5","0.5","5","20","9","1.5","36","0.4772663116455078","0.8366","0.02311111111111111"
"fashion_mnist","20","2","mixed_maturity","access_full","dirichlet_lcb","benign_concept_drift","0.5","4","2","5","5","0.5","5","20","9","1.5","37","0.47983506321907043","0.8318","0.022"
"fashion_mnist","20","2","mixed_maturity","access_full","dirichlet_lcb","benign_concept_drift","0.5","4","2","5","5","0.5","5","20","9","1.5","38","0.5047861933708191","0.8254","0.012222222222222223"
"fashion_mnist","20","2","mixed_maturity","access_full","dirichlet_lcb","benign_concept_drift","0.5","4","2","5","5","0.5","5","20","9","1.5","39","0.477815717458725","0.8374","0.026444444444444444"
"fashion_mnist","20","2","mixed_maturity","access_full","dirichlet_lcb","benign_concept_drift","0.5","4","2","5","5","0.5","5","20","9","1.5","40","0.48745137453079224","0.8342","0.028888888888888888"
"fashion_mnist","20","2","mixed_maturity","access_full","dirichlet_lcb","benign_concept_drift","0.5","4","2","5","5","0.5","5","20","9","1.5","41","0.4864937365055084","0.836","0.029777777777777778"
"fashion_mnist","20","2","mixed_maturity","access_full","dirichlet_lcb","benign_concept_drift","0.5","4","2","5","5","0.5","5","20","9","1.5","42","0.49829337000846863","0.8282","0.020666666666666667"
"fashion_mnist","20","2","mixed_maturity","access_full","dirichlet_lcb","benign_concept_drift","0.5","4","2","5","5","0.5","5","20","9","1.5","43","0.4987161159515381","0.8284","0.018"
"fashion_mnist","20","2","mixed_maturity","access_full","dirichlet_lcb","benign_concept_drift","0.5","4","2","5","5","0.5","5","20","9","1.5","44","0.48474785685539246","0.8326","0.019555555555555555"
"fashion_mnist","20","2","mixed_maturity","access_full","dirichlet_lcb","benign_concept_drift","0.5","4","2","5","5","0.5","5","20","9","1.5","45","0.49847954511642456","0.8332","0.02311111111111111"
"fashion_mnist","20","2","mixed_maturity","access_full","dirichlet_lcb","benign_concept_drift","0.5","4","2","5","5","0.5","5","20","9","1.5","46","0.47383183240890503","0.8346","0.02266666666666667"
"fashion_mnist","20","2","mixed_maturity","access_full","dirichlet_lcb","benign_concept_drift","0.5","4","2","5","5","0.5","5","20","9","1.5","47","0.4837638735771179","0.833","0.020444444444444446"
"fashion_mnist","20","2","mixed_maturity","access_full","dirichlet_lcb","benign_concept_drift","0.5","4","2","5","5","0.5","5","20","9","1.5","48","0.481962114572525","0.838","0.029111111111111112"
"fashion_mnist","20","2","mixed_maturity","access_full","dirichlet_lcb","benign_concept_drift","0.5","4","2","5","5","0.5","5","20","9","1.5","49","0.4736940860748291","0.8376","0.026"
"fashion_mnist","20","2","mixed_maturity","access_full","dirichlet_lcb","benign_concept_drift","0.5","4","2","5","5","0.5","5","20","9","1.5","50","0.47293800115585327","0.8344","0.022222222222222223"
"fashion_mnist","20","2","mixed_maturity","access_no_limited","dirichlet_lcb","diverse_then_repeat_backdoor","0.5","0","2","5","5","1","5","20","9","1.5","1","0.7370807528495789","0.7468","0.0057777777777777775"
"fashion_mnist","20","2","mixed_maturity","access_no_limited","dirichlet_lcb","diverse_then_repeat_backdoor","0.5","0","2","5","5","1","5","20","9","1.5","2","0.6327677369117737","0.7898","0.09"
"fashion_mnist","20","2","mixed_maturity","access_no_limited","dirichlet_lcb","diverse_then_repeat_backdoor","0.5","0","2","5","5","1","5","20","9","1.5","3","0.5682381987571716","0.806","0.036222222222222225"
"fashion_mnist","20","2","mixed_maturity","access_no_limited","dirichlet_lcb","diverse_then_repeat_backdoor","0.5","0","2","5","5","1","5","20","9","1.5","4","0.5438922643661499","0.8134","0.06911111111111111"
"fashion_mnist","20","2","mixed_maturity","access_no_limited","dirichlet_lcb","diverse_then_repeat_backdoor","0.5","0","2","5","5","1","5","20","9","1.5","5","0.520622730255127","0.8242","0.09666666666666666"
"fashion_mnist","20","2","mixed_maturity","access_no_limited","dirichlet_lcb","diverse_then_repeat_backdoor","0.5","0","2","5","5","1","5","20","9","1.5","6","0.5121861100196838","0.8256","0.11044444444444444"
"fashion_mnist","20","2","mixed_maturity","access_no_limited","dirichlet_lcb","diverse_then_repeat_backdoor","0.5","0","2","5","5","1","5","20","9","1.5","7","0.5303619503974915","0.8196","0.11"
"fashion_mnist","20","2","mixed_maturity","access_no_limited","dirichlet_lcb","diverse_then_repeat_backdoor","0.5","0","2","5","5","1","5","20","9","1.5","8","0.5686386227607727","0.8108","0.13466666666666666"
"fashion_mnist","20","2","mixed_maturity","access_no_limited","dirichlet_lcb","diverse_then_repeat_backdoor","0.5","0","2","5","5","1","5","20","9","1.5","9","0.4989885687828064","0.829","0.17888888888888888"
"fashion_mnist","20","2","mixed_maturity","access_no_limited","dirichlet_lcb","diverse_then_repeat_backdoor","0.5","0","2","5","5","1","5","20","9","1.5","10","0.5011171102523804","0.8312","0.18066666666666667"
"fashion_mnist","20","2","mixed_maturity","access_no_limited","dirichlet_lcb","diverse_then_repeat_backdoor","0.5","0","2","5","5","1","5","20","9","1.5","11","0.5308758616447449","0.8148","0.1928888888888889"
"fashion_mnist","20","2","mixed_maturity","access_no_limited","dirichlet_lcb","diverse_then_repeat_backdoor","0.5","0","2","5","5","1","5","20","9","1.5","12","0.5011633038520813","0.8316","0.24488888888888888"
"fashion_mnist","20","2","mixed_maturity","access_no_limited","dirichlet_lcb","diverse_then_repeat_backdoor","0.5","0","2","5","5","1","5","20","9","1.5","13","0.5150884389877319","0.8162","0.20022222222222222"
"fashion_mnist","20","2","mixed_maturity","access_no_limited","dirichlet_lcb","diverse_then_repeat_backdoor","0.5","0","2","5","5","1","5","20","9","1.5","14","0.4781968295574188","0.8366","0.30844444444444447"
"fashion_mnist","20","2","mixed_maturity","access_no_limited","dirichlet_lcb","diverse_then_repeat_backdoor","0.5","0","2","5","5","1","5","20","9","1.5","15","0.4765123128890991","0.8298","0.29733333333333334"
"fashion_mnist","20","2","mixed_maturity","access_no_limited","dirichlet_lcb","diverse_then_repeat_backdoor","0.5","0","2","5","5","1","5","20","9","1.5","16","0.49642089009284973","0.8352","0.31355555555555553"
"fashion_mnist","20","2","mixed_maturity","access_no_limited","dirichlet_lcb","diverse_then_repeat_backdoor","0.5","0","2","5","5","1","5","20","9","1.5","17","0.4718286693096161","0.8364","0.34555555555555556"
"fashion_mnist","20","2","mixed_maturity","access_no_limited","dirichlet_lcb","diverse_then_repeat_backdoor","0.5","0","2","5","5","1","5","20","9","1.5","18","0.4842064380645752","0.8374","0.4026666666666667"
"fashion_mnist","20","2","mixed_maturity","access_no_limited","dirichlet_lcb","diverse_then_repeat_backdoor","0.5","0","2","5","5","1","5","20","9","1.5","19","0.47263041138648987","0.8342","0.384"
"fashion_mnist","20","2","mixed_maturity","access_no_limited","dirichlet_lcb","diverse_then_repeat_backdoor","0.5","0","2","5","5","1","5","20","9","1.5","20","0.4886397421360016","0.8364","0.4388888888888889"
"fashion_mnist","20","2","mixed_maturity","access_no_limited","dirichlet_lcb","diverse_then_repeat_backdoor","0.5","0","2","5","5","1","5","20","9","1.5","21","0.4732988178730011","0.8356","0.44177777777777777"
"fashion_mnist","20","2","mixed_maturity","access_no_limited","dirichlet_lcb","diverse_then_repeat_backdoor","0.5","0","2","5","5","1","5","20","9","1.5","22","0.4994659125804901","0.8248","0.37844444444444447"
"fashion_mnist","20","2","mixed_maturity","access_no_limited","dirichlet_lcb","diverse_then_repeat_backdoor","0.5","0","2","5","5","1","5","20","9","1.5","23","0.48629969358444214","0.8334","0.4908888888888889"
"fashion_mnist","20","2","mixed_maturity","access_no_limited","dirichlet_lcb","diverse_then_repeat_backdoor","0.5","0","2","5","5","1","5","20","9","1.5","24","0.47063687443733215","0.8398","0.4855555555555556"
"fashion_mnist","20","2","mixed_maturity","access_no_limited","dirichlet_lcb","diverse_then_repeat_backdoor","0.5","0","2","5","5","1","5","20","9","1.5","25","0.46008768677711487","0.8382","0.5306666666666666"
"fashion_mnist","20","2","mixed_maturity","access_no_limited","dirichlet_lcb","diverse_then_repeat_backdoor","0.5","0","2","5","5","1","5","20","9","1.5","26","0.540779709815979","0.8092","0.47955555555555557"
"fashion_mnist","20","2","mixed_maturity","access_no_limited","dirichlet_lcb","diverse_then_repeat_backdoor","0.5","0","2","5","5","1","5","20","9","1.5","27","0.4754890501499176","0.832","0.5335555555555556"
"fashion_mnist","20","2","mixed_maturity","access_no_limited","dirichlet_lcb","diverse_then_repeat_backdoor","0.5","0","2","5","5","1","5","20","9","1.5","28","0.46727779507637024","0.839","0.5426666666666666"
"fashion_mnist","20","2","mixed_maturity","access_no_limited","dirichlet_lcb","diverse_then_repeat_backdoor","0.5","0","2","5","5","1","5","20","9","1.5","29","0.4675828218460083","0.839","0.5351111111111111"
"fashion_mnist","20","2","mixed_maturity","access_no_limited","dirichlet_lcb","diverse_then_repeat_backdoor","0.5","0","2","5","5","1","5","20","9","1.5","30","0.4589054584503174","0.8388","0.5684444444444444"
"fashion_mnist","20","2","mixed_maturity","access_no_limited","dirichlet_lcb","diverse_then_repeat_backdoor","0.5","0","2","5","5","1","5","20","9","1.5","31","0.5828955769538879","0.7928","0.5944444444444444"
"fashion_mnist","20","2","mixed_maturity","access_no_limited","dirichlet_lcb","diverse_then_repeat_backdoor","0.5","0","2","5","5","1","5","20","9","1.5","32","0.5783486366271973","0.803","0.5746666666666667"
"fashion_mnist","20","2","mixed_maturity","access_no_limited","dirichlet_lcb","diverse_then_repeat_backdoor","0.5","0","2","5","5","1","5","20","9","1.5","33","0.4742656350135803","0.8388","0.6122222222222222"
"fashion_mnist","20","2","mixed_maturity","access_no_limited","dirichlet_lcb","diverse_then_repeat_backdoor","0.5","0","2","5","5","1","5","20","9","1.5","34","0.4628441333770752","0.8408","0.6246666666666667"
"fashion_mnist","20","2","mixed_maturity","access_no_limited","dirichlet_lcb","diverse_then_repeat_backdoor","0.5","0","2","5","5","1","5","20","9","1.5","35","0.46029266715049744","0.8392","0.6364444444444445"
"fashion_mnist","20","2","mixed_maturity","access_no_limited","dirichlet_lcb","diverse_then_repeat_backdoor","0.5","0","2","5","5","1","5","20","9","1.5","36","0.49562788009643555","0.8368","0.6237777777777778"
"fashion_mnist","20","2","mixed_maturity","access_no_limited","dirichlet_lcb","diverse_then_repeat_backdoor","0.5","0","2","5","5","1","5","20","9","1.5","37","0.467242568731308","0.8394","0.6253333333333333"
"fashion_mnist","20","2","mixed_maturity","access_no_limited","dirichlet_lcb","diverse_then_repeat_backdoor","0.5","0","2","5","5","1","5","20","9","1.5","38","0.47859692573547363","0.8398","0.6593333333333333"
"fashion_mnist","20","2","mixed_maturity","access_no_limited","dirichlet_lcb","diverse_then_repeat_backdoor","0.5","0","2","5","5","1","5","20","9","1.5","39","0.4727458953857422","0.8296","0.6811111111111111"
"fashion_mnist","20","2","mixed_maturity","access_no_limited","dirichlet_lcb","diverse_then_repeat_backdoor","0.5","0","2","5","5","1","5","20","9","1.5","40","0.4641573131084442","0.839","0.6722222222222223"
"fashion_mnist","20","2","mixed_maturity","access_no_limited","dirichlet_lcb","diverse_then_repeat_backdoor","0.5","0","2","5","5","1","5","20","9","1.5","41","0.47473809123039246","0.8354","0.6571111111111111"
"fashion_mnist","20","2","mixed_maturity","access_no_limited","dirichlet_lcb","diverse_then_repeat_backdoor","0.5","0","2","5","5","1","5","20","9","1.5","42","0.48233285546302795","0.835","0.6697777777777778"
"fashion_mnist","20","2","mixed_maturity","access_no_limited","dirichlet_lcb","diverse_then_repeat_backdoor","0.5","0","2","5","5","1","5","20","9","1.5","43","0.4669828712940216","0.8378","0.6946666666666667"
"fashion_mnist","20","2","mixed_maturity","access_no_limited","dirichlet_lcb","diverse_then_repeat_backdoor","0.5","0","2","5","5","1","5","20","9","1.5","44","0.46255990862846375","0.8392","0.6548888888888889"
"fashion_mnist","20","2","mixed_maturity","access_no_limited","dirichlet_lcb","diverse_then_repeat_backdoor","0.5","0","2","5","5","1","5","20","9","1.5","45","0.45427095890045166","0.8426","0.6924444444444444"
"fashion_mnist","20","2","mixed_maturity","access_no_limited","dirichlet_lcb","diverse_then_repeat_backdoor","0.5","0","2","5","5","1","5","20","9","1.5","46","0.49502769112586975","0.8386","0.7017777777777777"
"fashion_mnist","20","2","mixed_maturity","access_no_limited","dirichlet_lcb","diverse_then_repeat_backdoor","0.5","0","2","5","5","1","5","20","9","1.5","47","0.4830634891986847","0.8382","0.6811111111111111"
"fashion_mnist","20","2","mixed_maturity","access_no_limited","dirichlet_lcb","diverse_then_repeat_backdoor","0.5","0","2","5","5","1","5","20","9","1.5","48","0.456449031829834","0.8398","0.71"
"fashion_mnist","20","2","mixed_maturity","access_no_limited","dirichlet_lcb","diverse_then_repeat_backdoor","0.5","0","2","5","5","1","5","20","9","1.5","49","0.4736151397228241","0.8386","0.7248888888888889"
"fashion_mnist","20","2","mixed_maturity","access_no_limited","dirichlet_lcb","diverse_then_repeat_backdoor","0.5","0","2","5","5","1","5","20","9","1.5","50","0.4533153176307678","0.8416","0.7328888888888889"
"fashion_mnist","20","2","mixed_maturity","access_no_limited","dirichlet_lcb","diverse_then_repeat_backdoor","0.5","1","2","5","5","1","5","20","9","1.5","1","0.7260740399360657","0.7586","0.04688888888888889"
"fashion_mnist","20","2","mixed_maturity","access_no_limited","dirichlet_lcb","diverse_then_repeat_backdoor","0.5","1","2","5","5","1","5","20","9","1.5","2","0.6183540225028992","0.7974","0.07355555555555555"
"fashion_mnist","20","2","mixed_maturity","access_no_limited","dirichlet_lcb","diverse_then_repeat_backdoor","0.5","1","2","5","5","1","5","20","9","1.5","3","0.6189537048339844","0.7992","0.11444444444444445"
"fashion_mnist","20","2","mixed_maturity","access_no_limited","dirichlet_lcb","diverse_then_repeat_backdoor","0.5","1","2","5","5","1","5","20","9","1.5","4","0.5733149647712708","0.809","0.14155555555555555"
"fashion_mnist","20","2","mixed_maturity","access_no_limited","dirichlet_lcb","diverse_then_repeat_backdoor","0.5","1","2","5","5","1","5","20","9","1.5","5","0.5448521375656128","0.8196","0.19333333333333333"
"fashion_mnist","20","2","mixed_maturity","access_no_limited","dirichlet_lcb","diverse_then_repeat_backdoor","0.5","1","2","5","5","1","5","20","9","1.5","6","0.5473721623420715","0.8222","0.2653333333333333"
"fashion_mnist","20","2","mixed_maturity","access_no_limited","dirichlet_lcb","diverse_then_repeat_backdoor","0.5","1","2","5","5","1","5","20","9","1.5","7","0.5321804881095886","0.8218","0.3273333333333333"
"fashion_mnist","20","2","mixed_maturity","access_no_limited","dirichlet_lcb","diverse_then_repeat_backdoor","0.5","1","2","5","5","1","5","20","9","1.5","8","0.5160551071166992","0.8254","0.378"
"fashion_mnist","20","2","mixed_maturity","access_no_limited","dirichlet_lcb","diverse_then_repeat_backdoor","0.5","1","2","5","5","1","5","20","9","1.5","9","0.5429591536521912","0.818","0.3928888888888889"
"fashion_mnist","20","2","mixed_maturity","access_no_limited","dirichlet_lcb","diverse_then_repeat_backdoor","0.5","1","2","5","5","1","5","20","9","1.5","10","0.5129117369651794","0.8276","0.47955555555555557"
"fashion_mnist","20","2","mixed_maturity","access_no_limited","dirichlet_lcb","diverse_then_repeat_backdoor","0.5","1","2","5","5","1","5","20","9","1.5","11","0.5108065605163574","0.8318","0.4748888888888889"
"fashion_mnist","20","2","mixed_maturity","access_no_limited","dirichlet_lcb","diverse_then_repeat_backdoor","0.5","1","2","5","5","1","5","20","9","1.5","12","0.5583934783935547","0.8208","0.5595555555555556"
"fashion_mnist","20","2","mixed_maturity","access_no_limited","dirichlet_lcb","diverse_then_repeat_backdoor","0.5","1","2","5","5","1","5","20","9","1.5","13","0.5298189520835876","0.8228","0.554"
"fashion_mnist","20","2","mixed_maturity","access_no_limited","dirichlet_lcb","diverse_then_repeat_backdoor","0.5","1","2","5","5","1","5","20","9","1.5","14","0.5203230381011963","0.83","0.5808888888888889"
"fashion_mnist","20","2","mixed_maturity","access_no_limited","dirichlet_lcb","diverse_then_repeat_backdoor","0.5","1","2","5","5","1","5","20","9","1.5","15","0.535380482673645","0.8274","0.6395555555555555"
"fashion_mnist","20","2","mixed_maturity","access_no_limited","dirichlet_lcb","diverse_then_repeat_backdoor","0.5","1","2","5","5","1","5","20","9","1.5","16","0.5108440518379211","0.8292","0.6368888888888888"
"fashion_mnist","20","2","mixed_maturity","access_no_limited","dirichlet_lcb","diverse_then_repeat_backdoor","0.5","1","2","5","5","1","5","20","9","1.5","17","0.5098899602890015","0.83","0.6786666666666666"
"fashion_mnist","20","2","mixed_maturity","access_no_limited","dirichlet_lcb","diverse_then_repeat_backdoor","0.5","1","2","5","5","1","5","20","9","1.5","18","0.48899462819099426","0.8342","0.6722222222222223"
"fashion_mnist","20","2","mixed_maturity","access_no_limited","dirichlet_lcb","diverse_then_repeat_backdoor","0.5","1","2","5","5","1","5","20","9","1.5","19","0.49413833022117615","0.8358","0.7035555555555556"
"fashion_mnist","20","2","mixed_maturity","access_no_limited","dirichlet_lcb","diverse_then_repeat_backdoor","0.5","1","2","5","5","1","5","20","9","1.5","20","0.4985092282295227","0.8344","0.7644444444444445"
"fashion_mnist","20","2","mixed_maturity","access_no_limited","dirichlet_lcb","diverse_then_repeat_backdoor","0.5","1","2","5","5","1","5","20","9","1.5","21","0.5308683514595032","0.826","0.7593333333333333"
"fashion_mnist","20","2","mixed_maturity","access_no_limited","dirichlet_lcb","diverse_then_repeat_backdoor","0.5","1","2","5","5","1","5","20","9","1.5","22","0.49202296137809753","0.8304","0.7364444444444445"
"fashion_mnist","20","2","mixed_maturity","access_no_limited","dirichlet_lcb","diverse_then_repeat_backdoor","0.5","1","2","5","5","1","5","20","9","1.5","23","0.521043062210083","0.8302","0.7393333333333333"
"fashion_mnist","20","2","mixed_maturity","access_no_limited","dirichlet_lcb","diverse_then_repeat_backdoor","0.5","1","2","5","5","1","5","20","9","1.5","24","0.5056406855583191","0.8318","0.7682222222222223"
"fashion_mnist","20","2","mixed_maturity","access_no_limited","dirichlet_lcb","diverse_then_repeat_backdoor","0.5","1","2","5","5","1","5","20","9","1.5","25","0.48553594946861267","0.8334","0.7593333333333333"
"fashion_mnist","20","2","mixed_maturity","access_no_limited","dirichlet_lcb","diverse_then_repeat_backdoor","0.5","1","2","5","5","1","5","20","9","1.5","26","0.4875091314315796","0.8332","0.7986666666666666"
"fashion_mnist","20","2","mixed_maturity","access_no_limited","dirichlet_lcb","diverse_then_repeat_backdoor","0.5","1","2","5","5","1","5","20","9","1.5","27","0.5022532343864441","0.8338","0.8397777777777777"
"fashion_mnist","20","2","mixed_maturity","access_no_limited","dirichlet_lcb","diverse_then_repeat_backdoor","0.5","1","2","5","5","1","5","20","9","1.5","28","0.48237305879592896","0.8364","0.8184444444444444"
"fashion_mnist","20","2","mixed_maturity","access_no_limited","dirichlet_lcb","diverse_then_repeat_backdoor","0.5","1","2","5","5","1","5","20","9","1.5","29","0.48009198904037476","0.8384","0.8368888888888889"
"fashion_mnist","20","2","mixed_maturity","access_no_limited","dirichlet_lcb","diverse_then_repeat_backdoor","0.5","1","2","5","5","1","5","20","9","1.5","30","0.477447509765625","0.8384","0.8353333333333334"
"fashion_mnist","20","2","mixed_maturity","access_no_limited","dirichlet_lcb","diverse_then_repeat_backdoor","0.5","1","2","5","5","1","5","20","9","1.5","31","0.5058892369270325","0.8332","0.8551111111111112"
"fashion_mnist","20","2","mixed_maturity","access_no_limited","dirichlet_lcb","diverse_then_repeat_backdoor","0.5","1","2","5","5","1","5","20","9","1.5","32","0.47652333974838257","0.8368","0.8262222222222222"
"fashion_mnist","20","2","mixed_maturity","access_no_limited","dirichlet_lcb","diverse_then_repeat_backdoor","0.5","1","2","5","5","1","5","20","9","1.5","33","0.5087214112281799","0.8348","0.8742222222222222"
"fashion_mnist","20","2","mixed_maturity","access_no_limited","dirichlet_lcb","diverse_then_repeat_backdoor","0.5","1","2","5","5","1","5","20","9","1.5","34","0.4824160039424896","0.84","0.862"
"fashion_mnist","20","2","mixed_maturity","access_no_limited","dirichlet_lcb","diverse_then_repeat_backdoor","0.5","1","2","5","5","1","5","20","9","1.5","35","0.4757317900657654","0.8378","0.8522222222222222"
"fashion_mnist","20","2","mixed_maturity","access_no_limited","dirichlet_lcb","diverse_then_repeat_backdoor","0.5","1","2","5","5","1","5","20","9","1.5","36","0.4818791449069977","0.84","0.8715555555555555"
"fashion_mnist","20","2","mixed_maturity","access_no_limited","dirichlet_lcb","diverse_then_repeat_backdoor","0.5","1","2","5","5","1","5","20","9","1.5","37","0.4830203652381897","0.841","0.886"
"fashion_mnist","20","2","mixed_maturity","access_no_limited","dirichlet_lcb","diverse_then_repeat_backdoor","0.5","1","2","5","5","1","5","20","9","1.5","38","0.4919187128543854","0.839","0.8882222222222222"
"fashion_mnist","20","2","mixed_maturity","access_no_limited","dirichlet_lcb","diverse_then_repeat_backdoor","0.5","1","2","5","5","1","5","20","9","1.5","39","0.48196256160736084","0.8406","0.8871111111111111"
"fashion_mnist","20","2","mixed_maturity","access_no_limited","dirichlet_lcb","diverse_then_repeat_backdoor","0.5","1","2","5","5","1","5","20","9","1.5","40","0.5047145485877991","0.8372","0.8911111111111111"
"fashion_mnist","20","2","mixed_maturity","access_no_limited","dirichlet_lcb","diverse_then_repeat_backdoor","0.5","1","2","5","5","1","5","20","9","1.5","41","0.48972374200820923","0.8292","0.8682222222222222"
"fashion_mnist","20","2","mixed_maturity","access_no_limited","dirichlet_lcb","diverse_then_repeat_backdoor","0.5","1","2","5","5","1","5","20","9","1.5","42","0.4783862829208374","0.8334","0.884"
"fashion_mnist","20","2","mixed_maturity","access_no_limited","dirichlet_lcb","diverse_then_repeat_backdoor","0.5","1","2","5","5","1","5","20","9","1.5","43","0.4886336028575897","0.8342","0.9053333333333333"
"fashion_mnist","20","2","mixed_maturity","access_no_limited","dirichlet_lcb","diverse_then_repeat_backdoor","0.5","1","2","5","5","1","5","20","9","1.5","44","0.5363408327102661","0.8272","0.9175555555555556"
"fashion_mnist","20","2","mixed_maturity","access_no_limited","dirichlet_lcb","diverse_then_repeat_backdoor","0.5","1","2","5","5","1","5","20","9","1.5","45","0.48024627566337585","0.8426","0.91"
"fashion_mnist","20","2","mixed_maturity","access_no_limited","dirichlet_lcb","diverse_then_repeat_backdoor","0.5","1","2","5","5","1","5","20","9","1.5","46","0.4791901409626007","0.841","0.9086666666666666"
"fashion_mnist","20","2","mixed_maturity","access_no_limited","dirichlet_lcb","diverse_then_repeat_backdoor","0.5","1","2","5","5","1","5","20","9","1.5","47","0.4893409311771393","0.8386","0.9368888888888889"
"fashion_mnist","20","2","mixed_maturity","access_no_limited","dirichlet_lcb","diverse_then_repeat_backdoor","0.5","1","2","5","5","1","5","20","9","1.5","48","0.46989965438842773","0.84","0.904"
"fashion_mnist","20","2","mixed_maturity","access_no_limited","dirichlet_lcb","diverse_then_repeat_backdoor","0.5","1","2","5","5","1","5","20","9","1.5","49","0.48364561796188354","0.8384","0.9271111111111111"
"fashion_mnist","20","2","mixed_maturity","access_no_limited","dirichlet_lcb","diverse_then_repeat_backdoor","0.5","1","2","5","5","1","5","20","9","1.5","50","0.5037947297096252","0.8354","0.926"
"fashion_mnist","20","2","mixed_maturity","access_no_limited","dirichlet_lcb","diverse_then_repeat_backdoor","0.5","2","2","5","5","1","5","20","9","1.5","1","0.7204987406730652","0.7604","0.03133333333333333"
"fashion_mnist","20","2","mixed_maturity","access_no_limited","dirichlet_lcb","diverse_then_repeat_backdoor","0.5","2","2","5","5","1","5","20","9","1.5","2","0.5944870114326477","0.8012","0.05422222222222222"
"fashion_mnist","20","2","mixed_maturity","access_no_limited","dirichlet_lcb","diverse_then_repeat_backdoor","0.5","2","2","5","5","1","5","20","9","1.5","3","0.5523466467857361","0.8146","0.05688888888888889"
"fashion_mnist","20","2","mixed_maturity","access_no_limited","dirichlet_lcb","diverse_then_repeat_backdoor","0.5","2","2","5","5","1","5","20","9","1.5","4","0.5427654385566711","0.8162","0.09066666666666667"
"fashion_mnist","20","2","mixed_maturity","access_no_limited","dirichlet_lcb","diverse_then_repeat_backdoor","0.5","2","2","5","5","1","5","20","9","1.5","5","0.5272480845451355","0.8246","0.11933333333333333"
"fashion_mnist","20","2","mixed_maturity","access_no_limited","dirichlet_lcb","diverse_then_repeat_backdoor","0.5","2","2","5","5","1","5","20","9","1.5","6","0.5214407444000244","0.8226","0.13155555555555556"
"fashion_mnist","20","2","mixed_maturity","access_no_limited","dirichlet_lcb","diverse_then_repeat_backdoor","0.5","2","2","5","5","1","5","20","9","1.5","7","0.5161390900611877","0.8258","0.15533333333333332"
"fashion_mnist","20","2","mixed_maturity","access_no_limited","dirichlet_lcb","diverse_then_repeat_backdoor","0.5","2","2","5","5","1","5","20","9","1.5","8","0.5048701167106628","0.8196","0.182"
"fashion_mnist","20","2","mixed_maturity","access_no_limited","dirichlet_lcb","diverse_then_repeat_backdoor","0.5","2","2","5","5","1","5","20","9","1.5","9","0.5098562240600586","0.8226","0.19666666666666666"
"fashion_mnist","20","2","mixed_maturity","access_no_limited","dirichlet_lcb","diverse_then_repeat_backdoor","0.5","2","2","5","5","1","5","20","9","1.5","10","0.499392032623291","0.8286","0.26511111111111113"
"fashion_mnist","20","2","mixed_maturity","access_no_limited","dirichlet_lcb","diverse_then_repeat_backdoor","0.5","2","2","5","5","1","5","20","9","1.5","11","0.5004256963729858","0.832","0.28355555555555556"
"fashion_mnist","20","2","mixed_maturity","access_no_limited","dirichlet_lcb","diverse_then_repeat_backdoor","0.5","2","2","5","5","1","5","20","9","1.5","12","0.5000633001327515","0.8296","0.3302222222222222"
"fashion_mnist","20","2","mixed_maturity","access_no_limited","dirichlet_lcb","diverse_then_repeat_backdoor","0.5","2","2","5","5","1","5","20","9","1.5","13","0.48474693298339844","0.832","0.3491111111111111"
"fashion_mnist","20","2","mixed_maturity","access_no_limited","dirichlet_lcb","diverse_then_repeat_backdoor","0.5","2","2","5","5","1","5","20","9","1.5","14","0.4845055639743805","0.8332","0.3582222222222222"
"fashion_mnist","20","2","mixed_maturity","access_no_limited","dirichlet_lcb","diverse_then_repeat_backdoor","0.5","2","2","5","5","1","5","20","9","1.5","15","0.4955485463142395","0.829","0.38"
"fashion_mnist","20","2","mixed_maturity","access_no_limited","dirichlet_lcb","diverse_then_repeat_backdoor","0.5","2","2","5","5","1","5","20","9","1.5","16","0.480380654335022","0.8304","0.4057777777777778"
"fashion_mnist","20","2","mixed_maturity","access_no_limited","dirichlet_lcb","diverse_then_repeat_backdoor","0.5","2","2","5","5","1","5","20","9","1.5","17","0.49265429377555847","0.834","0.5244444444444445"
"fashion_mnist","20","2","mixed_maturity","access_no_limited","dirichlet_lcb","diverse_then_repeat_backdoor","0.5","2","2","5","5","1","5","20","9","1.5","18","0.4795989394187927","0.8342","0.48977777777777776"
"fashion_mnist","20","2","mixed_maturity","access_no_limited","dirichlet_lcb","diverse_then_repeat_backdoor","0.5","2","2","5","5","1","5","20","9","1.5","19","0.5048202872276306","0.8346","0.5662222222222222"
"fashion_mnist","20","2","mixed_maturity","access_no_limited","dirichlet_lcb","diverse_then_repeat_backdoor","0.5","2","2","5","5","1","5","20","9","1.5","20","0.482058584690094","0.8348","0.5266666666666666"
"fashion_mnist","20","2","mixed_maturity","access_no_limited","dirichlet_lcb","diverse_then_repeat_backdoor","0.5","2","2","5","5","1","5","20","9","1.5","21","0.4949267506599426","0.8344","0.5453333333333333"
"fashion_mnist","20","2","mixed_maturity","access_no_limited","dirichlet_lcb","diverse_then_repeat_backdoor","0.5","2","2","5","5","1","5","20","9","1.5","22","0.49416854977607727","0.8382","0.5771111111111111"
"fashion_mnist","20","2","mixed_maturity","access_no_limited","dirichlet_lcb","diverse_then_repeat_backdoor","0.5","2","2","5","5","1","5","20","9","1.5","23","0.47853896021842957","0.8376","0.622"
"fashion_mnist","20","2","mixed_maturity","access_no_limited","dirichlet_lcb","diverse_then_repeat_backdoor","0.5","2","2","5","5","1","5","20","9","1.5","24","0.5037831664085388","0.8346","0.596"
"fashion_mnist","20","2","mixed_maturity","access_no_limited","dirichlet_lcb","diverse_then_repeat_backdoor","0.5","2","2","5","5","1","5","20","9","1.5","25","0.4683037996292114","0.8364","0.6384444444444445"
"fashion_mnist","20","2","mixed_maturity","access_no_limited","dirichlet_lcb","diverse_then_repeat_backdoor","0.5","2","2","5","5","1","5","20","9","1.5","26","0.48272091150283813","0.8332","0.5966666666666667"
"fashion_mnist","20","2","mixed_maturity","access_no_limited","dirichlet_lcb","diverse_then_repeat_backdoor","0.5","2","2","5","5","1","5","20","9","1.5","27","0.46866512298583984","0.8408","0.6513333333333333"
"fashion_mnist","20","2","mixed_maturity","access_no_limited","dirichlet_lcb","diverse_then_repeat_backdoor","0.5","2","2","5","5","1","5","20","9","1.5","28","0.47184234857559204","0.8344","0.6415555555555555"
"fashion_mnist","20","2","mixed_maturity","access_no_limited","dirichlet_lcb","diverse_then_repeat_backdoor","0.5","2","2","5","5","1","5","20","9","1.5","29","0.47527801990509033","0.8382","0.6657777777777778"
"fashion_mnist","20","2","mixed_maturity","access_no_limited","dirichlet_lcb","diverse_then_repeat_backdoor","0.5","2","2","5","5","1","5","20","9","1.5","30","0.48049217462539673","0.8374","0.6617777777777778"
"fashion_mnist","20","2","mixed_maturity","access_no_limited","dirichlet_lcb","diverse_then_repeat_backdoor","0.5","2","2","5","5","1","5","20","9","1.5","31","0.47430795431137085","0.8388","0.682"
"fashion_mnist","20","2","mixed_maturity","access_no_limited","dirichlet_lcb","diverse_then_repeat_backdoor","0.5","2","2","5","5","1","5","20","9","1.5","32","0.4779510796070099","0.8432","0.71"
"fashion_mnist","20","2","mixed_maturity","access_no_limited","dirichlet_lcb","diverse_then_repeat_backdoor","0.5","2","2","5","5","1","5","20","9","1.5","33","0.4909723103046417","0.8384","0.7053333333333334"
"fashion_mnist","20","2","mixed_maturity","access_no_limited","dirichlet_lcb","diverse_then_repeat_backdoor","0.5","2","2","5","5","1","5","20","9","1.5","34","0.46557870507240295","0.8384","0.7391111111111112"
"fashion_mnist","20","2","mixed_maturity","access_no_limited","dirichlet_lcb","diverse_then_repeat_backdoor","0.5","2","2","5","5","1","5","20","9","1.5","35","0.4668687880039215","0.8444","0.7304444444444445"
"fashion_mnist","20","2","mixed_maturity","access_no_limited","dirichlet_lcb","diverse_then_repeat_backdoor","0.5","2","2","5","5","1","5","20","9","1.5","36","0.4835957884788513","0.8348","0.7328888888888889"
"fashion_mnist","20","2","mixed_maturity","access_no_limited","dirichlet_lcb","diverse_then_repeat_backdoor","0.5","2","2","5","5","1","5","20","9","1.5","37","0.4662654399871826","0.8426","0.7637777777777778"
"fashion_mnist","20","2","mixed_maturity","access_no_limited","dirichlet_lcb","diverse_then_repeat_backdoor","0.5","2","2","5","5","1","5","20","9","1.5","38","0.47695234417915344","0.836","0.7253333333333334"
"fashion_mnist","20","2","mixed_maturity","access_no_limited","dirichlet_lcb","diverse_then_repeat_backdoor","0.5","2","2","5","5","1","5","20","9","1.5","39","0.46693477034568787","0.8414","0.7486666666666667"
"fashion_mnist","20","2","mixed_maturity","access_no_limited","dirichlet_lcb","diverse_then_repeat_backdoor","0.5","2","2","5","5","1","5","20","9","1.5","40","0.4822757840156555","0.845","0.7706666666666667"
"fashion_mnist","20","2","mixed_maturity","access_no_limited","dirichlet_lcb","diverse_then_repeat_backdoor","0.5","2","2","5","5","1","5","20","9","1.5","41","0.4746185541152954","0.8402","0.7573333333333333"
"fashion_mnist","20","2","mixed_maturity","access_no_limited","dirichlet_lcb","diverse_then_repeat_backdoor","0.5","2","2","5","5","1","5","20","9","1.5","42","0.47255048155784607","0.8374","0.7528888888888889"
"fashion_mnist","20","2","mixed_maturity","access_no_limited","dirichlet_lcb","diverse_then_repeat_backdoor","0.5","2","2","5","5","1","5","20","9","1.5","43","0.48319023847579956","0.8298","0.7566666666666667"
"fashion_mnist","20","2","mixed_maturity","access_no_limited","dirichlet_lcb","diverse_then_repeat_backdoor","0.5","2","2","5","5","1","5","20","9","1.5","44","0.46374696493148804","0.8416","0.7817777777777778"
"fashion_mnist","20","2","mixed_maturity","access_no_limited","dirichlet_lcb","diverse_then_repeat_backdoor","0.5","2","2","5","5","1","5","20","9","1.5","45","0.46130430698394775","0.8386","0.7871111111111111"
"fashion_mnist","20","2","mixed_maturity","access_no_limited","dirichlet_lcb","diverse_then_repeat_backdoor","0.5","2","2","5","5","1","5","20","9","1.5","46","0.47724398970603943","0.8428","0.7911111111111111"
"fashion_mnist","20","2","mixed_maturity","access_no_limited","dirichlet_lcb","diverse_then_repeat_backdoor","0.5","2","2","5","5","1","5","20","9","1.5","47","0.4711722731590271","0.8338","0.79"
"fashion_mnist","20","2","mixed_maturity","access_no_limited","dirichlet_lcb","diverse_then_repeat_backdoor","0.5","2","2","5","5","1","5","20","9","1.5","48","0.4700791537761688","0.8466","0.788"
"fashion_mnist","20","2","mixed_maturity","access_no_limited","dirichlet_lcb","diverse_then_repeat_backdoor","0.5","2","2","5","5","1","5","20","9","1.5","49","0.46246933937072754","0.842","0.786"
"fashion_mnist","20","2","mixed_maturity","access_no_limited","dirichlet_lcb","diverse_then_repeat_backdoor","0.5","2","2","5","5","1","5","20","9","1.5","50","0.49487343430519104","0.8388","0.7904444444444444"
"fashion_mnist","20","2","mixed_maturity","access_no_limited","dirichlet_lcb","diverse_then_repeat_backdoor","0.5","3","2","5","5","1","5","20","9","1.5","1","0.6834897994995117","0.7704","0.029777777777777778"
"fashion_mnist","20","2","mixed_maturity","access_no_limited","dirichlet_lcb","diverse_then_repeat_backdoor","0.5","3","2","5","5","1","5","20","9","1.5","2","0.6211917996406555","0.7862","0.027333333333333334"
"fashion_mnist","20","2","mixed_maturity","access_no_limited","dirichlet_lcb","diverse_then_repeat_backdoor","0.5","3","2","5","5","1","5","20","9","1.5","3","0.5678887367248535","0.8032","0.07311111111111111"
"fashion_mnist","20","2","mixed_maturity","access_no_limited","dirichlet_lcb","diverse_then_repeat_backdoor","0.5","3","2","5","5","1","5","20","9","1.5","4","0.5537252426147461","0.8154","0.12644444444444444"
"fashion_mnist","20","2","mixed_maturity","access_no_limited","dirichlet_lcb","diverse_then_repeat_backdoor","0.5","3","2","5","5","1","5","20","9","1.5","5","0.5556435585021973","0.813","0.1371111111111111"
"fashion_mnist","20","2","mixed_maturity","access_no_limited","dirichlet_lcb","diverse_then_repeat_backdoor","0.5","3","2","5","5","1","5","20","9","1.5","6","0.5538131594657898","0.815","0.22"
"fashion_mnist","20","2","mixed_maturity","access_no_limited","dirichlet_lcb","diverse_then_repeat_backdoor","0.5","3","2","5","5","1","5","20","9","1.5","7","0.519081175327301","0.8214","0.266"
"fashion_mnist","20","2","mixed_maturity","access_no_limited","dirichlet_lcb","diverse_then_repeat_backdoor","0.5","3","2","5","5","1","5","20","9","1.5","8","0.5057266354560852","0.8304","0.3342222222222222"
"fashion_mnist","20","2","mixed_maturity","access_no_limited","dirichlet_lcb","diverse_then_repeat_backdoor","0.5","3","2","5","5","1","5","20","9","1.5","9","0.5263916254043579","0.8226","0.3591111111111111"
"fashion_mnist","20","2","mixed_maturity","access_no_limited","dirichlet_lcb","diverse_then_repeat_backdoor","0.5","3","2","5","5","1","5","20","9","1.5","10","0.5009741187095642","0.831","0.43933333333333335"
"fashion_mnist","20","2","mixed_maturity","access_no_limited","dirichlet_lcb","diverse_then_repeat_backdoor","0.5","3","2","5","5","1","5","20","9","1.5","11","0.4928356409072876","0.8302","0.438"
"fashion_mnist","20","2","mixed_maturity","access_no_limited","dirichlet_lcb","diverse_then_repeat_backdoor","0.5","3","2","5","5","1","5","20","9","1.5","12","0.503822386264801","0.8314","0.5088888888888888"
"fashion_mnist","20","2","mixed_maturity","access_no_limited","dirichlet_lcb","diverse_then_repeat_backdoor","0.5","3","2","5","5","1","5","20","9","1.5","13","0.49486157298088074","0.8322","0.5357777777777778"
"fashion_mnist","20","2","mixed_maturity","access_no_limited","dirichlet_lcb","diverse_then_repeat_backdoor","0.5","3","2","5","5","1","5","20","9","1.5","14","0.4979771375656128","0.8324","0.5446666666666666"
"fashion_mnist","20","2","mixed_maturity","access_no_limited","dirichlet_lcb","diverse_then_repeat_backdoor","0.5","3","2","5","5","1","5","20","9","1.5","15","0.5330072045326233","0.8242","0.5075555555555555"
"fashion_mnist","20","2","mixed_maturity","access_no_limited","dirichlet_lcb","diverse_then_repeat_backdoor","0.5","3","2","5","5","1","5","20","9","1.5","16","0.5016506910324097","0.833","0.618"
"fashion_mnist","20","2","mixed_maturity","access_no_limited","dirichlet_lcb","diverse_then_repeat_backdoor","0.5","3","2","5","5","1","5","20","9","1.5","17","0.4808546006679535","0.8366","0.6148888888888889"
"fashion_mnist","20","2","mixed_maturity","access_no_limited","dirichlet_lcb","diverse_then_repeat_backdoor","0.5","3","2","5","5","1","5","20","9","1.5","18","0.47905033826828003","0.8334","0.6413333333333333"
"fashion_mnist","20","2","mixed_maturity","access_no_limited","dirichlet_lcb","diverse_then_repeat_backdoor","0.5","3","2","5","5","1","5","20","9","1.5","19","0.4855870008468628","0.8362","0.6717777777777778"
"fashion_mnist","20","2","mixed_maturity","access_no_limited","dirichlet_lcb","diverse_then_repeat_backdoor","0.5","3","2","5","5","1","5","20","9","1.5","20","0.5005029439926147","0.8338","0.6662222222222223"
"fashion_mnist","20","2","mixed_maturity","access_no_limited","dirichlet_lcb","diverse_then_repeat_backdoor","0.5","3","2","5","5","1","5","20","9","1.5","21","0.5196341872215271","0.823","0.6786666666666666"
"fashion_mnist","20","2","mixed_maturity","access_no_limited","dirichlet_lcb","diverse_then_repeat_backdoor","0.5","3","2","5","5","1","5","20","9","1.5","22","0.4732099175453186","0.8334","0.6962222222222222"
"fashion_mnist","20","2","mixed_maturity","access_no_limited","dirichlet_lcb","diverse_then_repeat_backdoor","0.5","3","2","5","5","1","5","20","9","1.5","23","0.5395344495773315","0.8156","0.6817777777777778"
"fashion_mnist","20","2","mixed_maturity","access_no_limited","dirichlet_lcb","diverse_then_repeat_backdoor","0.5","3","2","5","5","1","5","20","9","1.5","24","0.47323769330978394","0.8368","0.7364444444444445"
"fashion_mnist","20","2","mixed_maturity","access_no_limited","dirichlet_lcb","diverse_then_repeat_backdoor","0.5","3","2","5","5","1","5","20","9","1.5","25","0.4984620213508606","0.8316","0.7502222222222222"
"fashion_mnist","20","2","mixed_maturity","access_no_limited","dirichlet_lcb","diverse_then_repeat_backdoor","0.5","3","2","5","5","1","5","20","9","1.5","26","0.5441738963127136","0.827","0.7171111111111111"
"fashion_mnist","20","2","mixed_maturity","access_no_limited","dirichlet_lcb","diverse_then_repeat_backdoor","0.5","3","2","5","5","1","5","20","9","1.5","27","0.4752426743507385","0.84","0.7557777777777778"
"fashion_mnist","20","2","mixed_maturity","access_no_limited","dirichlet_lcb","diverse_then_repeat_backdoor","0.5","3","2","5","5","1","5","20","9","1.5","28","0.4656118154525757","0.8398","0.7933333333333333"
"fashion_mnist","20","2","mixed_maturity","access_no_limited","dirichlet_lcb","diverse_then_repeat_backdoor","0.5","3","2","5","5","1","5","20","9","1.5","29","0.4910408556461334","0.8368","0.7504444444444445"
"fashion_mnist","20","2","mixed_maturity","access_no_limited","dirichlet_lcb","diverse_then_repeat_backdoor","0.5","3","2","5","5","1","5","20","9","1.5","30","0.5496023893356323","0.8264","0.7966666666666666"
"fashion_mnist","20","2","mixed_maturity","access_no_limited","dirichlet_lcb","diverse_then_repeat_backdoor","0.5","3","2","5","5","1","5","20","9","1.5","31","0.4693819284439087","0.8358","0.8271111111111111"
"fashion_mnist","20","2","mixed_maturity","access_no_limited","dirichlet_lcb","diverse_then_repeat_backdoor","0.5","3","2","5","5","1","5","20","9","1.5","32","0.46442797780036926","0.8374","0.8093333333333333"
"fashion_mnist","20","2","mixed_maturity","access_no_limited","dirichlet_lcb","diverse_then_repeat_backdoor","0.5","3","2","5","5","1","5","20","9","1.5","33","0.4836350679397583","0.8334","0.7913333333333333"
"fashion_mnist","20","2","mixed_maturity","access_no_limited","dirichlet_lcb","diverse_then_repeat_backdoor","0.5","3","2","5","5","1","5","20","9","1.5","34","0.4619307219982147","0.8408","0.836"
"fashion_mnist","20","2","mixed_maturity","access_no_limited","dirichlet_lcb","diverse_then_repeat_backdoor","0.5","3","2","5","5","1","5","20","9","1.5","35","0.46792852878570557","0.8368","0.8337777777777777"
"fashion_mnist","20","2","mixed_maturity","access_no_limited","dirichlet_lcb","diverse_then_repeat_backdoor","0.5","3","2","5","5","1","5","20","9","1.5","36","0.47816231846809387","0.8392","0.8137777777777778"
"fashion_mnist","20","2","mixed_maturity","access_no_limited","dirichlet_lcb","diverse_then_repeat_backdoor","0.5","3","2","5","5","1","5","20","9","1.5","37","0.49232402443885803","0.8362","0.8002222222222222"
"fashion_mnist","20","2","mixed_maturity","access_no_limited","dirichlet_lcb","diverse_then_repeat_backdoor","0.5","3","2","5","5","1","5","20","9","1.5","38","0.47247743606567383","0.8344","0.8448888888888889"
"fashion_mnist","20","2","mixed_maturity","access_no_limited","dirichlet_lcb","diverse_then_repeat_backdoor","0.5","3","2","5","5","1","5","20","9","1.5","39","0.4965883791446686","0.8368","0.8313333333333334"
"fashion_mnist","20","2","mixed_maturity","access_no_limited","dirichlet_lcb","diverse_then_repeat_backdoor","0.5","3","2","5","5","1","5","20","9","1.5","40","0.5153281092643738","0.8342","0.8155555555555556"
"fashion_mnist","20","2","mixed_maturity","access_no_limited","dirichlet_lcb","diverse_then_repeat_backdoor","0.5","3","2","5","5","1","5","20","9","1.5","41","0.4656069278717041","0.8404","0.8628888888888889"
"fashion_mnist","20","2","mixed_maturity","access_no_limited","dirichlet_lcb","diverse_then_repeat_backdoor","0.5","3","2","5","5","1","5","20","9","1.5","42","0.47545987367630005","0.835","0.8706666666666667"
"fashion_mnist","20","2","mixed_maturity","access_no_limited","dirichlet_lcb","diverse_then_repeat_backdoor","0.5","3","2","5","5","1","5","20","9","1.5","43","0.4580802619457245","0.8418","0.8671111111111112"
"fashion_mnist","20","2","mixed_maturity","access_no_limited","dirichlet_lcb","diverse_then_repeat_backdoor","0.5","3","2","5","5","1","5","20","9","1.5","44","0.485013484954834","0.8314","0.862"
"fashion_mnist","20","2","mixed_maturity","access_no_limited","dirichlet_lcb","diverse_then_repeat_backdoor","0.5","3","2","5","5","1","5","20","9","1.5","45","0.47254642844200134","0.8394","0.8857777777777778"
"fashion_mnist","20","2","mixed_maturity","access_no_limited","dirichlet_lcb","diverse_then_repeat_backdoor","0.5","3","2","5","5","1","5","20","9","1.5","46","0.4634125530719757","0.8418","0.8771111111111111"
"fashion_mnist","20","2","mixed_maturity","access_no_limited","dirichlet_lcb","diverse_then_repeat_backdoor","0.5","3","2","5","5","1","5","20","9","1.5","47","0.4846380352973938","0.84","0.876"
"fashion_mnist","20","2","mixed_maturity","access_no_limited","dirichlet_lcb","diverse_then_repeat_backdoor","0.5","3","2","5","5","1","5","20","9","1.5","48","0.46820682287216187","0.841","0.89"
"fashion_mnist","20","2","mixed_maturity","access_no_limited","dirichlet_lcb","diverse_then_repeat_backdoor","0.5","3","2","5","5","1","5","20","9","1.5","49","0.4658944308757782","0.8422","0.89"
"fashion_mnist","20","2","mixed_maturity","access_no_limited","dirichlet_lcb","diverse_then_repeat_backdoor","0.5","3","2","5","5","1","5","20","9","1.5","50","0.49024853110313416","0.8302","0.8648888888888889"
"fashion_mnist","20","2","mixed_maturity","access_no_limited","dirichlet_lcb","diverse_then_repeat_backdoor","0.5","4","2","5","5","1","5","20","9","1.5","1","0.7304891347885132","0.754","0.04822222222222222"
"fashion_mnist","20","2","mixed_maturity","access_no_limited","dirichlet_lcb","diverse_then_repeat_backdoor","0.5","4","2","5","5","1","5","20","9","1.5","2","0.6418595910072327","0.7876","0.030444444444444444"
"fashion_mnist","20","2","mixed_maturity","access_no_limited","dirichlet_lcb","diverse_then_repeat_backdoor","0.5","4","2","5","5","1","5","20","9","1.5","3","0.5855361223220825","0.8064","0.06488888888888888"
"fashion_mnist","20","2","mixed_maturity","access_no_limited","dirichlet_lcb","diverse_then_repeat_backdoor","0.5","4","2","5","5","1","5","20","9","1.5","4","0.6009471416473389","0.7934","0.094"
"fashion_mnist","20","2","mixed_maturity","access_no_limited","dirichlet_lcb","diverse_then_repeat_backdoor","0.5","4","2","5","5","1","5","20","9","1.5","5","0.5540529489517212","0.815","0.10111111111111111"
"fashion_mnist","20","2","mixed_maturity","access_no_limited","dirichlet_lcb","diverse_then_repeat_backdoor","0.5","4","2","5","5","1","5","20","9","1.5","6","0.534939169883728","0.8162","0.08977777777777778"
"fashion_mnist","20","2","mixed_maturity","access_no_limited","dirichlet_lcb","diverse_then_repeat_backdoor","0.5","4","2","5","5","1","5","20","9","1.5","7","0.5197193622589111","0.8234","0.15644444444444444"
"fashion_mnist","20","2","mixed_maturity","access_no_limited","dirichlet_lcb","diverse_then_repeat_backdoor","0.5","4","2","5","5","1","5","20","9","1.5","8","0.5146827697753906","0.8248","0.17377777777777778"
"fashion_mnist","20","2","mixed_maturity","access_no_limited","dirichlet_lcb","diverse_then_repeat_backdoor","0.5","4","2","5","5","1","5","20","9","1.5","9","0.5068989396095276","0.827","0.18133333333333335"
"fashion_mnist","20","2","mixed_maturity","access_no_limited","dirichlet_lcb","diverse_then_repeat_backdoor","0.5","4","2","5","5","1","5","20","9","1.5","10","0.5125954151153564","0.8258","0.18355555555555556"
"fashion_mnist","20","2","mixed_maturity","access_no_limited","dirichlet_lcb","diverse_then_repeat_backdoor","0.5","4","2","5","5","1","5","20","9","1.5","11","0.49822843074798584","0.8308","0.22511111111111112"
"fashion_mnist","20","2","mixed_maturity","access_no_limited","dirichlet_lcb","diverse_then_repeat_backdoor","0.5","4","2","5","5","1","5","20","9","1.5","12","0.49880164861679077","0.826","0.18977777777777777"
"fashion_mnist","20","2","mixed_maturity","access_no_limited","dirichlet_lcb","diverse_then_repeat_backdoor","0.5","4","2","5","5","1","5","20","9","1.5","13","0.5054380893707275","0.8274","0.2624444444444444"
"fashion_mnist","20","2","mixed_maturity","access_no_limited","dirichlet_lcb","diverse_then_repeat_backdoor","0.5","4","2","5","5","1","5","20","9","1.5","14","0.49986621737480164","0.829","0.28933333333333333"
"fashion_mnist","20","2","mixed_maturity","access_no_limited","dirichlet_lcb","diverse_then_repeat_backdoor","0.5","4","2","5","5","1","5","20","9","1.5","15","0.4888212978839874","0.831","0.28555555555555556"
"fashion_mnist","20","2","mixed_maturity","access_no_limited","dirichlet_lcb","diverse_then_repeat_backdoor","0.5","4","2","5","5","1","5","20","9","1.5","16","0.49712100625038147","0.829","0.3"
"fashion_mnist","20","2","mixed_maturity","access_no_limited","dirichlet_lcb","diverse_then_repeat_backdoor","0.5","4","2","5","5","1","5","20","9","1.5","17","0.5225169658660889","0.8226","0.3937777777777778"
"fashion_mnist","20","2","mixed_maturity","access_no_limited","dirichlet_lcb","diverse_then_repeat_backdoor","0.5","4","2","5","5","1","5","20","9","1.5","18","0.49205565452575684","0.833","0.3433333333333333"
"fashion_mnist","20","2","mixed_maturity","access_no_limited","dirichlet_lcb","diverse_then_repeat_backdoor","0.5","4","2","5","5","1","5","20","9","1.5","19","0.4968562424182892","0.8288","0.402"
"fashion_mnist","20","2","mixed_maturity","access_no_limited","dirichlet_lcb","diverse_then_repeat_backdoor","0.5","4","2","5","5","1","5","20","9","1.5","20","0.500344455242157","0.8316","0.38711111111111113"
"fashion_mnist","20","2","mixed_maturity","access_no_limited","dirichlet_lcb","diverse_then_repeat_backdoor","0.5","4","2","5","5","1","5","20","9","1.5","21","0.48061269521713257","0.83","0.36844444444444446"
"fashion_mnist","20","2","mixed_maturity","access_no_limited","dirichlet_lcb","diverse_then_repeat_backdoor","0.5","4","2","5","5","1","5","20","9","1.5","22","0.4824848771095276","0.8348","0.45666666666666667"
"fashion_mnist","20","2","mixed_maturity","access_no_limited","dirichlet_lcb","diverse_then_repeat_backdoor","0.5","4","2","5","5","1","5","20","9","1.5","23","0.4866279363632202","0.8346","0.4206666666666667"
"fashion_mnist","20","2","mixed_maturity","access_no_limited","dirichlet_lcb","diverse_then_repeat_backdoor","0.5","4","2","5","5","1","5","20","9","1.5","24","0.49734917283058167","0.8314","0.4786666666666667"
"fashion_mnist","20","2","mixed_maturity","access_no_limited","dirichlet_lcb","diverse_then_repeat_backdoor","0.5","4","2","5","5","1","5","20","9","1.5","25","0.48581141233444214","0.831","0.48688888888888887"
"fashion_mnist","20","2","mixed_maturity","access_no_limited","dirichlet_lcb","diverse_then_repeat_backdoor","0.5","4","2","5","5","1","5","20","9","1.5","26","0.47892192006111145","0.8326","0.4471111111111111"
"fashion_mnist","20","2","mixed_maturity","access_no_limited","dirichlet_lcb","diverse_then_repeat_backdoor","0.5","4","2","5","5","1","5","20","9","1.5","27","0.47054073214530945","0.8364","0.4797777777777778"
"fashion_mnist","20","2","mixed_maturity","access_no_limited","dirichlet_lcb","diverse_then_repeat_backdoor","0.5","4","2","5","5","1","5","20","9","1.5","28","0.4785589873790741","0.8302","0.49755555555555553"
"fashion_mnist","20","2","mixed_maturity","access_no_limited","dirichlet_lcb","diverse_then_repeat_backdoor","0.5","4","2","5","5","1","5","20","9","1.5","29","0.5315574407577515","0.8278","0.5251111111111111"
"fashion_mnist","20","2","mixed_maturity","access_no_limited","dirichlet_lcb","diverse_then_repeat_backdoor","0.5","4","2","5","5","1","5","20","9","1.5","30","0.47574007511138916","0.838","0.5486666666666666"
"fashion_mnist","20","2","mixed_maturity","access_no_limited","dirichlet_lcb","diverse_then_repeat_backdoor","0.5","4","2","5","5","1","5","20","9","1.5","31","0.5000390410423279","0.8288","0.5295555555555556"
"fashion_mnist","20","2","mixed_maturity","access_no_limited","dirichlet_lcb","diverse_then_repeat_backdoor","0.5","4","2","5","5","1","5","20","9","1.5","32","0.49657943844795227","0.8302","0.5057777777777778"
"fashion_mnist","20","2","mixed_maturity","access_no_limited","dirichlet_lcb","diverse_then_repeat_backdoor","0.5","4","2","5","5","1","5","20","9","1.5","33","0.48581910133361816","0.8356","0.5795555555555556"
"fashion_mnist","20","2","mixed_maturity","access_no_limited","dirichlet_lcb","diverse_then_repeat_backdoor","0.5","4","2","5","5","1","5","20","9","1.5","34","0.48461806774139404","0.8314","0.5637777777777778"
"fashion_mnist","20","2","mixed_maturity","access_no_limited","dirichlet_lcb","diverse_then_repeat_backdoor","0.5","4","2","5","5","1","5","20","9","1.5","35","0.47410112619400024","0.8346","0.6006666666666667"
"fashion_mnist","20","2","mixed_maturity","access_no_limited","dirichlet_lcb","diverse_then_repeat_backdoor","0.5","4","2","5","5","1","5","20","9","1.5","36","0.46826043725013733","0.8394","0.5846666666666667"
"fashion_mnist","20","2","mixed_maturity","access_no_limited","dirichlet_lcb","diverse_then_repeat_backdoor","0.5","4","2","5","5","1","5","20","9","1.5","37","0.4721011221408844","0.8346","0.5891111111111111"
"fashion_mnist","20","2","mixed_maturity","access_no_limited","dirichlet_lcb","diverse_then_repeat_backdoor","0.5","4","2","5","5","1","5","20","9","1.5","38","0.4895516633987427","0.8246","0.5357777777777778"
"fashion_mnist","20","2","mixed_maturity","access_no_limited","dirichlet_lcb","diverse_then_repeat_backdoor","0.5","4","2","5","5","1","5","20","9","1.5","39","0.46985381841659546","0.8404","0.6175555555555555"
"fashion_mnist","20","2","mixed_maturity","access_no_limited","dirichlet_lcb","diverse_then_repeat_backdoor","0.5","4","2","5","5","1","5","20","9","1.5","40","0.4851127862930298","0.8382","0.6204444444444445"
"fashion_mnist","20","2","mixed_maturity","access_no_limited","dirichlet_lcb","diverse_then_repeat_backdoor","0.5","4","2","5","5","1","5","20","9","1.5","41","0.4769584536552429","0.8378","0.6482222222222223"
"fashion_mnist","20","2","mixed_maturity","access_no_limited","dirichlet_lcb","diverse_then_repeat_backdoor","0.5","4","2","5","5","1","5","20","9","1.5","42","0.49196141958236694","0.8286","0.624"
"fashion_mnist","20","2","mixed_maturity","access_no_limited","dirichlet_lcb","diverse_then_repeat_backdoor","0.5","4","2","5","5","1","5","20","9","1.5","43","0.47023075819015503","0.8356","0.6333333333333333"
"fashion_mnist","20","2","mixed_maturity","access_no_limited","dirichlet_lcb","diverse_then_repeat_backdoor","0.5","4","2","5","5","1","5","20","9","1.5","44","0.46883243322372437","0.8372","0.6384444444444445"
"fashion_mnist","20","2","mixed_maturity","access_no_limited","dirichlet_lcb","diverse_then_repeat_backdoor","0.5","4","2","5","5","1","5","20","9","1.5","45","0.4733451306819916","0.8392","0.6471111111111111"
"fashion_mnist","20","2","mixed_maturity","access_no_limited","dirichlet_lcb","diverse_then_repeat_backdoor","0.5","4","2","5","5","1","5","20","9","1.5","46","0.46236783266067505","0.8394","0.6746666666666666"
"fashion_mnist","20","2","mixed_maturity","access_no_limited","dirichlet_lcb","diverse_then_repeat_backdoor","0.5","4","2","5","5","1","5","20","9","1.5","47","0.4684896469116211","0.8358","0.6751111111111111"
"fashion_mnist","20","2","mixed_maturity","access_no_limited","dirichlet_lcb","diverse_then_repeat_backdoor","0.5","4","2","5","5","1","5","20","9","1.5","48","0.4739963412284851","0.8386","0.6764444444444444"
"fashion_mnist","20","2","mixed_maturity","access_no_limited","dirichlet_lcb","diverse_then_repeat_backdoor","0.5","4","2","5","5","1","5","20","9","1.5","49","0.4773986339569092","0.8338","0.6975555555555556"
"fashion_mnist","20","2","mixed_maturity","access_no_limited","dirichlet_lcb","diverse_then_repeat_backdoor","0.5","4","2","5","5","1","5","20","9","1.5","50","0.4690767526626587","0.8354","0.6904444444444444"
"fashion_mnist","20","2","mixed_maturity","access_no_limited","dirichlet_lcb","benign_concept_drift","0.5","0","2","5","5","1","5","20","9","1.5","1","0.7370806932449341","0.7468","0.0057777777777777775"
"fashion_mnist","20","2","mixed_maturity","access_no_limited","dirichlet_lcb","benign_concept_drift","0.5","0","2","5","5","1","5","20","9","1.5","2","0.6196083426475525","0.793","0.05311111111111111"
"fashion_mnist","20","2","mixed_maturity","access_no_limited","dirichlet_lcb","benign_concept_drift","0.5","0","2","5","5","1","5","20","9","1.5","3","0.574621856212616","0.8046","0.010222222222222223"
"fashion_mnist","20","2","mixed_maturity","access_no_limited","dirichlet_lcb","benign_concept_drift","0.5","0","2","5","5","1","5","20","9","1.5","4","0.5716427564620972","0.7966","0.012"
"fashion_mnist","20","2","mixed_maturity","access_no_limited","dirichlet_lcb","benign_concept_drift","0.5","0","2","5","5","1","5","20","9","1.5","5","0.5266620516777039","0.818","0.015555555555555555"
"fashion_mnist","20","2","mixed_maturity","access_no_limited","dirichlet_lcb","benign_concept_drift","0.5","0","2","5","5","1","5","20","9","1.5","6","0.5183347463607788","0.8192","0.014888888888888889"
"fashion_mnist","20","2","mixed_maturity","access_no_limited","dirichlet_lcb","benign_concept_drift","0.5","0","2","5","5","1","5","20","9","1.5","7","0.5786418318748474","0.7948","0.007555555555555556"
"fashion_mnist","20","2","mixed_maturity","access_no_limited","dirichlet_lcb","benign_concept_drift","0.5","0","2","5","5","1","5","20","9","1.5","8","0.5663676857948303","0.812","0.009555555555555555"
"fashion_mnist","20","2","mixed_maturity","access_no_limited","dirichlet_lcb","benign_concept_drift","0.5","0","2","5","5","1","5","20","9","1.5","9","0.5130613446235657","0.8178","0.012222222222222223"
"fashion_mnist","20","2","mixed_maturity","access_no_limited","dirichlet_lcb","benign_concept_drift","0.5","0","2","5","5","1","5","20","9","1.5","10","0.4923044443130493","0.8268","0.012888888888888889"
"fashion_mnist","20","2","mixed_maturity","access_no_limited","dirichlet_lcb","benign_concept_drift","0.5","0","2","5","5","1","5","20","9","1.5","11","0.5261113047599792","0.8144","0.010222222222222223"
"fashion_mnist","20","2","mixed_maturity","access_no_limited","dirichlet_lcb","benign_concept_drift","0.5","0","2","5","5","1","5","20","9","1.5","12","0.5017706751823425","0.826","0.013111111111111112"
"fashion_mnist","20","2","mixed_maturity","access_no_limited","dirichlet_lcb","benign_concept_drift","0.5","0","2","5","5","1","5","20","9","1.5","13","0.5811216831207275","0.795","0.0044444444444444444"
"fashion_mnist","20","2","mixed_maturity","access_no_limited","dirichlet_lcb","benign_concept_drift","0.5","0","2","5","5","1","5","20","9","1.5","14","0.4807794392108917","0.8314","0.016"
"fashion_mnist","20","2","mixed_maturity","access_no_limited","dirichlet_lcb","benign_concept_drift","0.5","0","2","5","5","1","5","20","9","1.5","15","0.48584288358688354","0.825","0.012222222222222223"
"fashion_mnist","20","2","mixed_maturity","access_no_limited","dirichlet_lcb","benign_concept_drift","0.5","0","2","5","5","1","5","20","9","1.5","16","0.4898613691329956","0.8304","0.012666666666666666"
"fashion_mnist","20","2","mixed_maturity","access_no_limited","dirichlet_lcb","benign_concept_drift","0.5","0","2","5","5","1","5","20","9","1.5","17","0.4827355444431305","0.828","0.011333333333333334"
"fashion_mnist","20","2","mixed_maturity","access_no_limited","dirichlet_lcb","benign_concept_drift","0.5","0","2","5","5","1","5","20","9","1.5","18","0.48237040638923645","0.836","0.016888888888888887"
"fashion_mnist","20","2","mixed_maturity","access_no_limited","dirichlet_lcb","benign_concept_drift","0.5","0","2","5","5","1","5","20","9","1.5","19","0.509263813495636","0.817","0.009555555555555555"
"fashion_mnist","20","2","mixed_maturity","access_no_limited","dirichlet_lcb","benign_concept_drift","0.5","0","2","5","5","1","5","20","9","1.5","20","0.47259950637817383","0.837","0.018222222222222223"
"fashion_mnist","20","2","mixed_maturity","access_no_limited","dirichlet_lcb","benign_concept_drift","0.5","0","2","5","5","1","5","20","9","1.5","21","0.4874611794948578","0.8288","0.010888888888888889"
"fashion_mnist","20","2","mixed_maturity","access_no_limited","dirichlet_lcb","benign_concept_drift","0.5","0","2","5","5","1","5","20","9","1.5","22","0.5502086877822876","0.8088","0.005555555555555556"
"fashion_mnist","20","2","mixed_maturity","access_no_limited","dirichlet_lcb","benign_concept_drift","0.5","0","2","5","5","1","5","20","9","1.5","23","0.5131866931915283","0.8206","0.011777777777777778"
"fashion_mnist","20","2","mixed_maturity","access_no_limited","dirichlet_lcb","benign_concept_drift","0.5","0","2","5","5","1","5","20","9","1.5","24","0.47068077325820923","0.8332","0.014444444444444444"
"fashion_mnist","20","2","mixed_maturity","access_no_limited","dirichlet_lcb","benign_concept_drift","0.5","0","2","5","5","1","5","20","9","1.5","25","0.4719873070716858","0.8304","0.014666666666666666"
"fashion_mnist","20","2","mixed_maturity","access_no_limited","dirichlet_lcb","benign_concept_drift","0.5","0","2","5","5","1","5","20","9","1.5","26","0.6005797982215881","0.786","0.006"
"fashion_mnist","20","2","mixed_maturity","access_no_limited","dirichlet_lcb","benign_concept_drift","0.5","0","2","5","5","1","5","20","9","1.5","27","0.5158685445785522","0.8176","0.010444444444444444"
"fashion_mnist","20","2","mixed_maturity","access_no_limited","dirichlet_lcb","benign_concept_drift","0.5","0","2","5","5","1","5","20","9","1.5","28","0.4735511243343353","0.8316","0.011555555555555555"
"fashion_mnist","20","2","mixed_maturity","access_no_limited","dirichlet_lcb","benign_concept_drift","0.5","0","2","5","5","1","5","20","9","1.5","29","0.4867613911628723","0.829","0.009333333333333334"
"fashion_mnist","20","2","mixed_maturity","access_no_limited","dirichlet_lcb","benign_concept_drift","0.5","0","2","5","5","1","5","20","9","1.5","30","0.47176221013069153","0.8326","0.012444444444444444"
"fashion_mnist","20","2","mixed_maturity","access_no_limited","dirichlet_lcb","benign_concept_drift","0.5","0","2","5","5","1","5","20","9","1.5","31","0.6830129027366638","0.7644","0.008444444444444444"
"fashion_mnist","20","2","mixed_maturity","access_no_limited","dirichlet_lcb","benign_concept_drift","0.5","0","2","5","5","1","5","20","9","1.5","32","0.6392477750778198","0.785","0.007555555555555556"
"fashion_mnist","20","2","mixed_maturity","access_no_limited","dirichlet_lcb","benign_concept_drift","0.5","0","2","5","5","1","5","20","9","1.5","33","0.4777812361717224","0.8322","0.013555555555555555"
"fashion_mnist","20","2","mixed_maturity","access_no_limited","dirichlet_lcb","benign_concept_drift","0.5","0","2","5","5","1","5","20","9","1.5","34","0.46407851576805115","0.8396","0.017333333333333333"
"fashion_mnist","20","2","mixed_maturity","access_no_limited","dirichlet_lcb","benign_concept_drift","0.5","0","2","5","5","1","5","20","9","1.5","35","0.4736862778663635","0.831","0.013111111111111112"
"fashion_mnist","20","2","mixed_maturity","access_no_limited","dirichlet_lcb","benign_concept_drift","0.5","0","2","5","5","1","5","20","9","1.5","36","0.48808032274246216","0.835","0.015555555555555555"
"fashion_mnist","20","2","mixed_maturity","access_no_limited","dirichlet_lcb","benign_concept_drift","0.5","0","2","5","5","1","5","20","9","1.5","37","0.4803229868412018","0.8328","0.009555555555555555"
"fashion_mnist","20","2","mixed_maturity","access_no_limited","dirichlet_lcb","benign_concept_drift","0.5","0","2","5","5","1","5","20","9","1.5","38","0.4624669849872589","0.8444","0.017333333333333333"
"fashion_mnist","20","2","mixed_maturity","access_no_limited","dirichlet_lcb","benign_concept_drift","0.5","0","2","5","5","1","5","20","9","1.5","39","0.513649582862854","0.8186","0.011555555555555555"
"fashion_mnist","20","2","mixed_maturity","access_no_limited","dirichlet_lcb","benign_concept_drift","0.5","0","2","5","5","1","5","20","9","1.5","40","0.48561015725135803","0.83","0.011555555555555555"
"fashion_mnist","20","2","mixed_maturity","access_no_limited","dirichlet_lcb","benign_concept_drift","0.5","0","2","5","5","1","5","20","9","1.5","41","0.4906539022922516","0.8248","0.009555555555555555"
"fashion_mnist","20","2","mixed_maturity","access_no_limited","dirichlet_lcb","benign_concept_drift","0.5","0","2","5","5","1","5","20","9","1.5","42","0.49222657084465027","0.8306","0.012444444444444444"
"fashion_mnist","20","2","mixed_maturity","access_no_limited","dirichlet_lcb","benign_concept_drift","0.5","0","2","5","5","1","5","20","9","1.5","43","0.5027390122413635","0.8242","0.011111111111111112"
"fashion_mnist","20","2","mixed_maturity","access_no_limited","dirichlet_lcb","benign_concept_drift","0.5","0","2","5","5","1","5","20","9","1.5","44","0.4855479598045349","0.8274","0.008444444444444444"
"fashion_mnist","20","2","mixed_maturity","access_no_limited","dirichlet_lcb","benign_concept_drift","0.5","0","2","5","5","1","5","20","9","1.5","45","0.4670046865940094","0.8356","0.010666666666666666"
"fashion_mnist","20","2","mixed_maturity","access_no_limited","dirichlet_lcb","benign_concept_drift","0.5","0","2","5","5","1","5","20","9","1.5","46","0.4839000999927521","0.8344","0.016888888888888887"
"fashion_mnist","20","2","mixed_maturity","access_no_limited","dirichlet_lcb","benign_concept_drift","0.5","0","2","5","5","1","5","20","9","1.5","47","0.49920907616615295","0.829","0.011333333333333334"
"fashion_mnist","20","2","mixed_maturity","access_no_limited","dirichlet_lcb","benign_concept_drift","0.5","0","2","5","5","1","5","20","9","1.5","48","0.47262534499168396","0.8328","0.01"
"fashion_mnist","20","2","mixed_maturity","access_no_limited","dirichlet_lcb","benign_concept_drift","0.5","0","2","5","5","1","5","20","9","1.5","49","0.4782099723815918","0.8336","0.014222222222222223"
"fashion_mnist","20","2","mixed_maturity","access_no_limited","dirichlet_lcb","benign_concept_drift","0.5","0","2","5","5","1","5","20","9","1.5","50","0.46436807513237","0.8374","0.010444444444444444"
"fashion_mnist","20","2","mixed_maturity","access_no_limited","dirichlet_lcb","benign_concept_drift","0.5","1","2","5","5","1","5","20","9","1.5","1","0.7260740399360657","0.7586","0.04688888888888889"
"fashion_mnist","20","2","mixed_maturity","access_no_limited","dirichlet_lcb","benign_concept_drift","0.5","1","2","5","5","1","5","20","9","1.5","2","0.5962814092636108","0.7986","0.02311111111111111"
"fashion_mnist","20","2","mixed_maturity","access_no_limited","dirichlet_lcb","benign_concept_drift","0.5","1","2","5","5","1","5","20","9","1.5","3","0.5858193635940552","0.8046","0.024666666666666667"
"fashion_mnist","20","2","mixed_maturity","access_no_limited","dirichlet_lcb","benign_concept_drift","0.5","1","2","5","5","1","5","20","9","1.5","4","0.546363353729248","0.8122","0.021333333333333333"
"fashion_mnist","20","2","mixed_maturity","access_no_limited","dirichlet_lcb","benign_concept_drift","0.5","1","2","5","5","1","5","20","9","1.5","5","0.5350164771080017","0.8172","0.02266666666666667"
"fashion_mnist","20","2","mixed_maturity","access_no_limited","dirichlet_lcb","benign_concept_drift","0.5","1","2","5","5","1","5","20","9","1.5","6","0.5343137979507446","0.8236","0.01888888888888889"
"fashion_mnist","20","2","mixed_maturity","access_no_limited","dirichlet_lcb","benign_concept_drift","0.5","1","2","5","5","1","5","20","9","1.5","7","0.5450294613838196","0.8132","0.026"
"fashion_mnist","20","2","mixed_maturity","access_no_limited","dirichlet_lcb","benign_concept_drift","0.5","1","2","5","5","1","5","20","9","1.5","8","0.5468423366546631","0.813","0.019333333333333334"
"fashion_mnist","20","2","mixed_maturity","access_no_limited","dirichlet_lcb","benign_concept_drift","0.5","1","2","5","5","1","5","20","9","1.5","9","0.5186569094657898","0.8186","0.021333333333333333"
"fashion_mnist","20","2","mixed_maturity","access_no_limited","dirichlet_lcb","benign_concept_drift","0.5","1","2","5","5","1","5","20","9","1.5","10","0.5892103910446167","0.802","0.014666666666666666"
"fashion_mnist","20","2","mixed_maturity","access_no_limited","dirichlet_lcb","benign_concept_drift","0.5","1","2","5","5","1","5","20","9","1.5","11","0.5134379267692566","0.827","0.019555555555555555"
"fashion_mnist","20","2","mixed_maturity","access_no_limited","dirichlet_lcb","benign_concept_drift","0.5","1","2","5","5","1","5","20","9","1.5","12","0.5028652548789978","0.8302","0.03333333333333333"
"fashion_mnist","20","2","mixed_maturity","access_no_limited","dirichlet_lcb","benign_concept_drift","0.5","1","2","5","5","1","5","20","9","1.5","13","0.5032127499580383","0.8246","0.024"
"fashion_mnist","20","2","mixed_maturity","access_no_limited","dirichlet_lcb","benign_concept_drift","0.5","1","2","5","5","1","5","20","9","1.5","14","0.5073747634887695","0.832","0.02022222222222222"
"fashion_mnist","20","2","mixed_maturity","access_no_limited","dirichlet_lcb","benign_concept_drift","0.5","1","2","5","5","1","5","20","9","1.5","15","0.516684889793396","0.8302","0.027777777777777776"
"fashion_mnist","20","2","mixed_maturity","access_no_limited","dirichlet_lcb","benign_concept_drift","0.5","1","2","5","5","1","5","20","9","1.5","16","0.4924662113189697","0.8312","0.022444444444444444"
"fashion_mnist","20","2","mixed_maturity","access_no_limited","dirichlet_lcb","benign_concept_drift","0.5","1","2","5","5","1","5","20","9","1.5","17","0.4880676865577698","0.8306","0.021555555555555557"
"fashion_mnist","20","2","mixed_maturity","access_no_limited","dirichlet_lcb","benign_concept_drift","0.5","1","2","5","5","1","5","20","9","1.5","18","0.49576425552368164","0.8342","0.02711111111111111"
"fashion_mnist","20","2","mixed_maturity","access_no_limited","dirichlet_lcb","benign_concept_drift","0.5","1","2","5","5","1","5","20","9","1.5","19","0.5218337774276733","0.8262","0.01911111111111111"
"fashion_mnist","20","2","mixed_maturity","access_no_limited","dirichlet_lcb","benign_concept_drift","0.5","1","2","5","5","1","5","20","9","1.5","20","0.5040304660797119","0.8318","0.02822222222222222"
"fashion_mnist","20","2","mixed_maturity","access_no_limited","dirichlet_lcb","benign_concept_drift","0.5","1","2","5","5","1","5","20","9","1.5","21","0.4904669523239136","0.8314","0.02311111111111111"
"fashion_mnist","20","2","mixed_maturity","access_no_limited","dirichlet_lcb","benign_concept_drift","0.5","1","2","5","5","1","5","20","9","1.5","22","0.5094641447067261","0.822","0.012444444444444444"
"fashion_mnist","20","2","mixed_maturity","access_no_limited","dirichlet_lcb","benign_concept_drift","0.5","1","2","5","5","1","5","20","9","1.5","23","0.49738797545433044","0.8322","0.02266666666666667"
"fashion_mnist","20","2","mixed_maturity","access_no_limited","dirichlet_lcb","benign_concept_drift","0.5","1","2","5","5","1","5","20","9","1.5","24","0.4819732904434204","0.834","0.024"
"fashion_mnist","20","2","mixed_maturity","access_no_limited","dirichlet_lcb","benign_concept_drift","0.5","1","2","5","5","1","5","20","9","1.5","25","0.48863857984542847","0.833","0.015333333333333332"
"fashion_mnist","20","2","mixed_maturity","access_no_limited","dirichlet_lcb","benign_concept_drift","0.5","1","2","5","5","1","5","20","9","1.5","26","0.4874959886074066","0.8318","0.015333333333333332"
"fashion_mnist","20","2","mixed_maturity","access_no_limited","dirichlet_lcb","benign_concept_drift","0.5","1","2","5","5","1","5","20","9","1.5","27","0.4887124001979828","0.836","0.026444444444444444"
"fashion_mnist","20","2","mixed_maturity","access_no_limited","dirichlet_lcb","benign_concept_drift","0.5","1","2","5","5","1","5","20","9","1.5","28","0.49676504731178284","0.8312","0.01711111111111111"
"fashion_mnist","20","2","mixed_maturity","access_no_limited","dirichlet_lcb","benign_concept_drift","0.5","1","2","5","5","1","5","20","9","1.5","29","0.49540844559669495","0.8316","0.017333333333333333"
"fashion_mnist","20","2","mixed_maturity","access_no_limited","dirichlet_lcb","benign_concept_drift","0.5","1","2","5","5","1","5","20","9","1.5","30","0.5015583038330078","0.8314","0.01888888888888889"
"fashion_mnist","20","2","mixed_maturity","access_no_limited","dirichlet_lcb","benign_concept_drift","0.5","1","2","5","5","1","5","20","9","1.5","31","0.48266392946243286","0.8332","0.02311111111111111"
"fashion_mnist","20","2","mixed_maturity","access_no_limited","dirichlet_lcb","benign_concept_drift","0.5","1","2","5","5","1","5","20","9","1.5","32","0.5315070748329163","0.8208","0.010444444444444444"
"fashion_mnist","20","2","mixed_maturity","access_no_limited","dirichlet_lcb","benign_concept_drift","0.5","1","2","5","5","1","5","20","9","1.5","33","0.5083590745925903","0.8324","0.03177777777777778"
"fashion_mnist","20","2","mixed_maturity","access_no_limited","dirichlet_lcb","benign_concept_drift","0.5","1","2","5","5","1","5","20","9","1.5","34","0.49406346678733826","0.8338","0.024666666666666667"
"fashion_mnist","20","2","mixed_maturity","access_no_limited","dirichlet_lcb","benign_concept_drift","0.5","1","2","5","5","1","5","20","9","1.5","35","0.5233733057975769","0.825","0.012888888888888889"
"fashion_mnist","20","2","mixed_maturity","access_no_limited","dirichlet_lcb","benign_concept_drift","0.5","1","2","5","5","1","5","20","9","1.5","36","0.48648253083229065","0.8332","0.023333333333333334"
"fashion_mnist","20","2","mixed_maturity","access_no_limited","dirichlet_lcb","benign_concept_drift","0.5","1","2","5","5","1","5","20","9","1.5","37","0.4832516014575958","0.8348","0.025333333333333333"
"fashion_mnist","20","2","mixed_maturity","access_no_limited","dirichlet_lcb","benign_concept_drift","0.5","1","2","5","5","1","5","20","9","1.5","38","0.486859530210495","0.832","0.018666666666666668"
"fashion_mnist","20","2","mixed_maturity","access_no_limited","dirichlet_lcb","benign_concept_drift","0.5","1","2","5","5","1","5","20","9","1.5","39","0.4913547933101654","0.834","0.024444444444444446"
"fashion_mnist","20","2","mixed_maturity","access_no_limited","dirichlet_lcb","benign_concept_drift","0.5","1","2","5","5","1","5","20","9","1.5","40","0.4756664037704468","0.842","0.027333333333333334"
"fashion_mnist","20","2","mixed_maturity","access_no_limited","dirichlet_lcb","benign_concept_drift","0.5","1","2","5","5","1","5","20","9","1.5","41","0.49449047446250916","0.828","0.012666666666666666"
"fashion_mnist","20","2","mixed_maturity","access_no_limited","dirichlet_lcb","benign_concept_drift","0.5","1","2","5","5","1","5","20","9","1.5","42","0.5090903639793396","0.825","0.014666666666666666"
"fashion_mnist","20","2","mixed_maturity","access_no_limited","dirichlet_lcb","benign_concept_drift","0.5","1","2","5","5","1","5","20","9","1.5","43","0.4885757267475128","0.8312","0.018666666666666668"
"fashion_mnist","20","2","mixed_maturity","access_no_limited","dirichlet_lcb","benign_concept_drift","0.5","1","2","5","5","1","5","20","9","1.5","44","0.49676522612571716","0.8366","0.034"
"fashion_mnist","20","2","mixed_maturity","access_no_limited","dirichlet_lcb","benign_concept_drift","0.5","1","2","5","5","1","5","20","9","1.5","45","0.4820810556411743","0.8354","0.024444444444444446"
"fashion_mnist","20","2","mixed_maturity","access_no_limited","dirichlet_lcb","benign_concept_drift","0.5","1","2","5","5","1","5","20","9","1.5","46","0.48635733127593994","0.8356","0.020888888888888887"
"fashion_mnist","20","2","mixed_maturity","access_no_limited","dirichlet_lcb","benign_concept_drift","0.5","1","2","5","5","1","5","20","9","1.5","47","0.5150749087333679","0.831","0.036222222222222225"
"fashion_mnist","20","2","mixed_maturity","access_no_limited","dirichlet_lcb","benign_concept_drift","0.5","1","2","5","5","1","5","20","9","1.5","48","0.5045922994613647","0.8276","0.010666666666666666"
"fashion_mnist","20","2","mixed_maturity","access_no_limited","dirichlet_lcb","benign_concept_drift","0.5","1","2","5","5","1","5","20","9","1.5","49","0.4890986382961273","0.8336","0.025555555555555557"
"fashion_mnist","20","2","mixed_maturity","access_no_limited","dirichlet_lcb","benign_concept_drift","0.5","1","2","5","5","1","5","20","9","1.5","50","0.47897958755493164","0.8424","0.029111111111111112"
"fashion_mnist","20","2","mixed_maturity","access_no_limited","dirichlet_lcb","benign_concept_drift","0.5","2","2","5","5","1","5","20","9","1.5","1","0.7204987406730652","0.7604","0.03133333333333333"
"fashion_mnist","20","2","mixed_maturity","access_no_limited","dirichlet_lcb","benign_concept_drift","0.5","2","2","5","5","1","5","20","9","1.5","2","0.5929775238037109","0.8034","0.03266666666666666"
"fashion_mnist","20","2","mixed_maturity","access_no_limited","dirichlet_lcb","benign_concept_drift","0.5","2","2","5","5","1","5","20","9","1.5","3","0.5520256757736206","0.8162","0.01911111111111111"
"fashion_mnist","20","2","mixed_maturity","access_no_limited","dirichlet_lcb","benign_concept_drift","0.5","2","2","5","5","1","5","20","9","1.5","4","0.5401386618614197","0.8142","0.018444444444444444"
"fashion_mnist","20","2","mixed_maturity","access_no_limited","dirichlet_lcb","benign_concept_drift","0.5","2","2","5","5","1","5","20","9","1.5","5","0.5239563584327698","0.8254","0.025333333333333333"
"fashion_mnist","20","2","mixed_maturity","access_no_limited","dirichlet_lcb","benign_concept_drift","0.5","2","2","5","5","1","5","20","9","1.5","6","0.5185794234275818","0.824","0.018444444444444444"
"fashion_mnist","20","2","mixed_maturity","access_no_limited","dirichlet_lcb","benign_concept_drift","0.5","2","2","5","5","1","5","20","9","1.5","7","0.5241237282752991","0.8214","0.019333333333333334"
"fashion_mnist","20","2","mixed_maturity","access_no_limited","dirichlet_lcb","benign_concept_drift","0.5","2","2","5","5","1","5","20","9","1.5","8","0.5179430842399597","0.82","0.016888888888888887"
"fashion_mnist","20","2","mixed_maturity","access_no_limited","dirichlet_lcb","benign_concept_drift","0.5","2","2","5","5","1","5","20","9","1.5","9","0.5260005593299866","0.8196","0.012888888888888889"
"fashion_mnist","20","2","mixed_maturity","access_no_limited","dirichlet_lcb","benign_concept_drift","0.5","2","2","5","5","1","5","20","9","1.5","10","0.5125328898429871","0.8256","0.01911111111111111"
"fashion_mnist","20","2","mixed_maturity","access_no_limited","dirichlet_lcb","benign_concept_drift","0.5","2","2","5","5","1","5","20","9","1.5","11","0.4915578067302704","0.834","0.01911111111111111"
"fashion_mnist","20","2","mixed_maturity","access_no_limited","dirichlet_lcb","benign_concept_drift","0.5","2","2","5","5","1","5","20","9","1.5","12","0.5061500072479248","0.8278","0.021333333333333333"
"fashion_mnist","20","2","mixed_maturity","access_no_limited","dirichlet_lcb","benign_concept_drift","0.5","2","2","5","5","1","5","20","9","1.5","13","0.4857600927352905","0.8324","0.016888888888888887"
"fashion_mnist","20","2","mixed_maturity","access_no_limited","dirichlet_lcb","benign_concept_drift","0.5","2","2","5","5","1","5","20","9","1.5","14","0.4856925904750824","0.834","0.016888888888888887"
"fashion_mnist","20","2","mixed_maturity","access_no_limited","dirichlet_lcb","benign_concept_drift","0.5","2","2","5","5","1","5","20","9","1.5","15","0.48949912190437317","0.8324","0.01577777777777778"
"fashion_mnist","20","2","mixed_maturity","access_no_limited","dirichlet_lcb","benign_concept_drift","0.5","2","2","5","5","1","5","20","9","1.5","16","0.48343348503112793","0.8338","0.017555555555555557"
"fashion_mnist","20","2","mixed_maturity","access_no_limited","dirichlet_lcb","benign_concept_drift","0.5","2","2","5","5","1","5","20","9","1.5","17","0.4945472776889801","0.837","0.02822222222222222"
"fashion_mnist","20","2","mixed_maturity","access_no_limited","dirichlet_lcb","benign_concept_drift","0.5","2","2","5","5","1","5","20","9","1.5","18","0.4814753532409668","0.8338","0.016444444444444446"
"fashion_mnist","20","2","mixed_maturity","access_no_limited","dirichlet_lcb","benign_concept_drift","0.5","2","2","5","5","1","5","20","9","1.5","19","0.491304874420166","0.836","0.03288888888888889"
"fashion_mnist","20","2","mixed_maturity","access_no_limited","dirichlet_lcb","benign_concept_drift","0.5","2","2","5","5","1","5","20","9","1.5","20","0.4891164004802704","0.8362","0.02"
"fashion_mnist","20","2","mixed_maturity","access_no_limited","dirichlet_lcb","benign_concept_drift","0.5","2","2","5","5","1","5","20","9","1.5","21","0.4963575601577759","0.835","0.021333333333333333"
"fashion_mnist","20","2","mixed_maturity","access_no_limited","dirichlet_lcb","benign_concept_drift","0.5","2","2","5","5","1","5","20","9","1.5","22","0.47246748208999634","0.8424","0.02422222222222222"
"fashion_mnist","20","2","mixed_maturity","access_no_limited","dirichlet_lcb","benign_concept_drift","0.5","2","2","5","5","1","5","20","9","1.5","23","0.4795032739639282","0.8406","0.022444444444444444"
"fashion_mnist","20","2","mixed_maturity","access_no_limited","dirichlet_lcb","benign_concept_drift","0.5","2","2","5","5","1","5","20","9","1.5","24","0.4963637590408325","0.8354","0.020444444444444446"
"fashion_mnist","20","2","mixed_maturity","access_no_limited","dirichlet_lcb","benign_concept_drift","0.5","2","2","5","5","1","5","20","9","1.5","25","0.47545361518859863","0.834","0.019333333333333334"
"fashion_mnist","20","2","mixed_maturity","access_no_limited","dirichlet_lcb","benign_concept_drift","0.5","2","2","5","5","1","5","20","9","1.5","26","0.5005905628204346","0.8306","0.015555555555555555"
"fashion_mnist","20","2","mixed_maturity","access_no_limited","dirichlet_lcb","benign_concept_drift","0.5","2","2","5","5","1","5","20","9","1.5","27","0.46844881772994995","0.8432","0.018444444444444444"
"fashion_mnist","20","2","mixed_maturity","access_no_limited","dirichlet_lcb","benign_concept_drift","0.5","2","2","5","5","1","5","20","9","1.5","28","0.4835567772388458","0.8312","0.013777777777777778"
"fashion_mnist","20","2","mixed_maturity","access_no_limited","dirichlet_lcb","benign_concept_drift","0.5","2","2","5","5","1","5","20","9","1.5","29","0.47636446356773376","0.8374","0.02022222222222222"
"fashion_mnist","20","2","mixed_maturity","access_no_limited","dirichlet_lcb","benign_concept_drift","0.5","2","2","5","5","1","5","20","9","1.5","30","0.4711054265499115","0.8386","0.014888888888888889"
"fashion_mnist","20","2","mixed_maturity","access_no_limited","dirichlet_lcb","benign_concept_drift","0.5","2","2","5","5","1","5","20","9","1.5","31","0.4680861234664917","0.8412","0.016666666666666666"
"fashion_mnist","20","2","mixed_maturity","access_no_limited","dirichlet_lcb","benign_concept_drift","0.5","2","2","5","5","1","5","20","9","1.5","32","0.4743049740791321","0.8452","0.02311111111111111"
"fashion_mnist","20","2","mixed_maturity","access_no_limited","dirichlet_lcb","benign_concept_drift","0.5","2","2","5","5","1","5","20","9","1.5","33","0.4858068823814392","0.8446","0.02266666666666667"
"fashion_mnist","20","2","mixed_maturity","access_no_limited","dirichlet_lcb","benign_concept_drift","0.5","2","2","5","5","1","5","20","9","1.5","34","0.47384774684906006","0.837","0.025333333333333333"
"fashion_mnist","20","2","mixed_maturity","access_no_limited","dirichlet_lcb","benign_concept_drift","0.5","2","2","5","5","1","5","20","9","1.5","35","0.47237637639045715","0.84","0.022"
"fashion_mnist","20","2","mixed_maturity","access_no_limited","dirichlet_lcb","benign_concept_drift","0.5","2","2","5","5","1","5","20","9","1.5","36","0.5018093585968018","0.8302","0.018222222222222223"
"fashion_mnist","20","2","mixed_maturity","access_no_limited","dirichlet_lcb","benign_concept_drift","0.5","2","2","5","5","1","5","20","9","1.5","37","0.47473517060279846","0.838","0.028666666666666667"
"fashion_mnist","20","2","mixed_maturity","access_no_limited","dirichlet_lcb","benign_concept_drift","0.5","2","2","5","5","1","5","20","9","1.5","38","0.48421230912208557","0.8374","0.017555555555555557"
"fashion_mnist","20","2","mixed_maturity","access_no_limited","dirichlet_lcb","benign_concept_drift","0.5","2","2","5","5","1","5","20","9","1.5","39","0.4705195426940918","0.842","0.018444444444444444"
"fashion_mnist","20","2","mixed_maturity","access_no_limited","dirichlet_lcb","benign_concept_drift","0.5","2","2","5","5","1","5","20","9","1.5","40","0.47320395708084106","0.8458","0.028888888888888888"
"fashion_mnist","20","2","mixed_maturity","access_no_limited","dirichlet_lcb","benign_concept_drift","0.5","2","2","5","5","1","5","20","9","1.5","41","0.4704061448574066","0.842","0.016"
"fashion_mnist","20","2","mixed_maturity","access_no_limited","dirichlet_lcb","benign_concept_drift","0.5","2","2","5","5","1","5","20","9","1.5","42","0.476177453994751","0.8374","0.013777777777777778"
"fashion_mnist","20","2","mixed_maturity","access_no_limited","dirichlet_lcb","benign_concept_drift","0.5","2","2","5","5","1","5","20","9","1.5","43","0.5005199909210205","0.831","0.013777777777777778"
"fashion_mnist","20","2","mixed_maturity","access_no_limited","dirichlet_lcb","benign_concept_drift","0.5","2","2","5","5","1","5","20","9","1.5","44","0.46783575415611267","0.842","0.020666666666666667"
"fashion_mnist","20","2","mixed_maturity","access_no_limited","dirichlet_lcb","benign_concept_drift","0.5","2","2","5","5","1","5","20","9","1.5","45","0.4670799672603607","0.8382","0.018"
"fashion_mnist","20","2","mixed_maturity","access_no_limited","dirichlet_lcb","benign_concept_drift","0.5","2","2","5","5","1","5","20","9","1.5","46","0.47622013092041016","0.842","0.022"
"fashion_mnist","20","2","mixed_maturity","access_no_limited","dirichlet_lcb","benign_concept_drift","0.5","2","2","5","5","1","5","20","9","1.5","47","0.4851134717464447","0.8304","0.015333333333333332"
"fashion_mnist","20","2","mixed_maturity","access_no_limited","dirichlet_lcb","benign_concept_drift","0.5","2","2","5","5","1","5","20","9","1.5","48","0.4687456488609314","0.8444","0.019333333333333334"
"fashion_mnist","20","2","mixed_maturity","access_no_limited","dirichlet_lcb","benign_concept_drift","0.5","2","2","5","5","1","5","20","9","1.5","49","0.4707789123058319","0.8376","0.014"
"fashion_mnist","20","2","mixed_maturity","access_no_limited","dirichlet_lcb","benign_concept_drift","0.5","2","2","5","5","1","5","20","9","1.5","50","0.48975062370300293","0.8364","0.01622222222222222"
"fashion_mnist","20","2","mixed_maturity","access_no_limited","dirichlet_lcb","benign_concept_drift","0.5","3","2","5","5","1","5","20","9","1.5","1","0.6834897994995117","0.7704","0.029777777777777778"
"fashion_mnist","20","2","mixed_maturity","access_no_limited","dirichlet_lcb","benign_concept_drift","0.5","3","2","5","5","1","5","20","9","1.5","2","0.6211915612220764","0.7896","0.006888888888888889"
"fashion_mnist","20","2","mixed_maturity","access_no_limited","dirichlet_lcb","benign_concept_drift","0.5","3","2","5","5","1","5","20","9","1.5","3","0.5766909122467041","0.802","0.008666666666666666"
"fashion_mnist","20","2","mixed_maturity","access_no_limited","dirichlet_lcb","benign_concept_drift","0.5","3","2","5","5","1","5","20","9","1.5","4","0.555131196975708","0.8168","0.018"
"fashion_mnist","20","2","mixed_maturity","access_no_limited","dirichlet_lcb","benign_concept_drift","0.5","3","2","5","5","1","5","20","9","1.5","5","0.5663361549377441","0.8134","0.014888888888888889"
"fashion_mnist","20","2","mixed_maturity","access_no_limited","dirichlet_lcb","benign_concept_drift","0.5","3","2","5","5","1","5","20","9","1.5","6","0.5696386694908142","0.8146","0.016444444444444446"
"fashion_mnist","20","2","mixed_maturity","access_no_limited","dirichlet_lcb","benign_concept_drift","0.5","3","2","5","5","1","5","20","9","1.5","7","0.525177538394928","0.8268","0.023333333333333334"
"fashion_mnist","20","2","mixed_maturity","access_no_limited","dirichlet_lcb","benign_concept_drift","0.5","3","2","5","5","1","5","20","9","1.5","8","0.516258180141449","0.825","0.018222222222222223"
"fashion_mnist","20","2","mixed_maturity","access_no_limited","dirichlet_lcb","benign_concept_drift","0.5","3","2","5","5","1","5","20","9","1.5","9","0.5577713251113892","0.8174","0.014222222222222223"
"fashion_mnist","20","2","mixed_maturity","access_no_limited","dirichlet_lcb","benign_concept_drift","0.5","3","2","5","5","1","5","20","9","1.5","10","0.5206652283668518","0.8292","0.022"
"fashion_mnist","20","2","mixed_maturity","access_no_limited","dirichlet_lcb","benign_concept_drift","0.5","3","2","5","5","1","5","20","9","1.5","11","0.5047198534011841","0.8314","0.020888888888888887"
"fashion_mnist","20","2","mixed_maturity","access_no_limited","dirichlet_lcb","benign_concept_drift","0.5","3","2","5","5","1","5","20","9","1.5","12","0.5233455300331116","0.8306","0.023777777777777776"
"fashion_mnist","20","2","mixed_maturity","access_no_limited","dirichlet_lcb","benign_concept_drift","0.5","3","2","5","5","1","5","20","9","1.5","13","0.5285978317260742","0.8284","0.022"
"fashion_mnist","20","2","mixed_maturity","access_no_limited","dirichlet_lcb","benign_concept_drift","0.5","3","2","5","5","1","5","20","9","1.5","14","0.5242741107940674","0.829","0.01911111111111111"
"fashion_mnist","20","2","mixed_maturity","access_no_limited","dirichlet_lcb","benign_concept_drift","0.5","3","2","5","5","1","5","20","9","1.5","15","0.5547677874565125","0.8226","0.015333333333333332"
"fashion_mnist","20","2","mixed_maturity","access_no_limited","dirichlet_lcb","benign_concept_drift","0.5","3","2","5","5","1","5","20","9","1.5","16","0.5257678627967834","0.8284","0.027777777777777776"
"fashion_mnist","20","2","mixed_maturity","access_no_limited","dirichlet_lcb","benign_concept_drift","0.5","3","2","5","5","1","5","20","9","1.5","17","0.500953733921051","0.8356","0.023555555555555555"
"fashion_mnist","20","2","mixed_maturity","access_no_limited","dirichlet_lcb","benign_concept_drift","0.5","3","2","5","5","1","5","20","9","1.5","18","0.4935394525527954","0.8336","0.02022222222222222"
"fashion_mnist","20","2","mixed_maturity","access_no_limited","dirichlet_lcb","benign_concept_drift","0.5","3","2","5","5","1","5","20","9","1.5","19","0.5157060623168945","0.8294","0.017777777777777778"
"fashion_mnist","20","2","mixed_maturity","access_no_limited","dirichlet_lcb","benign_concept_drift","0.5","3","2","5","5","1","5","20","9","1.5","20","0.5334116816520691","0.826","0.016666666666666666"
"fashion_mnist","20","2","mixed_maturity","access_no_limited","dirichlet_lcb","benign_concept_drift","0.5","3","2","5","5","1","5","20","9","1.5","21","0.5618362426757812","0.8154","0.012"
"fashion_mnist","20","2","mixed_maturity","access_no_limited","dirichlet_lcb","benign_concept_drift","0.5","3","2","5","5","1","5","20","9","1.5","22","0.48548251390457153","0.8376","0.019555555555555555"
"fashion_mnist","20","2","mixed_maturity","access_no_limited","dirichlet_lcb","benign_concept_drift","0.5","3","2","5","5","1","5","20","9","1.5","23","0.5914491415023804","0.8024","0.008888888888888889"
"fashion_mnist","20","2","mixed_maturity","access_no_limited","dirichlet_lcb","benign_concept_drift","0.5","3","2","5","5","1","5","20","9","1.5","24","0.49683108925819397","0.8342","0.021777777777777778"
"fashion_mnist","20","2","mixed_maturity","access_no_limited","dirichlet_lcb","benign_concept_drift","0.5","3","2","5","5","1","5","20","9","1.5","25","0.5405827164649963","0.8226","0.019555555555555555"
"fashion_mnist","20","2","mixed_maturity","access_no_limited","dirichlet_lcb","benign_concept_drift","0.5","3","2","5","5","1","5","20","9","1.5","26","0.5700153708457947","0.8256","0.025555555555555557"
"fashion_mnist","20","2","mixed_maturity","access_no_limited","dirichlet_lcb","benign_concept_drift","0.5","3","2","5","5","1","5","20","9","1.5","27","0.5145063996315002","0.8314","0.024"
"fashion_mnist","20","2","mixed_maturity","access_no_limited","dirichlet_lcb","benign_concept_drift","0.5","3","2","5","5","1","5","20","9","1.5","28","0.48519155383110046","0.836","0.025555555555555557"
"fashion_mnist","20","2","mixed_maturity","access_no_limited","dirichlet_lcb","benign_concept_drift","0.5","3","2","5","5","1","5","20","9","1.5","29","0.5186145305633545","0.8326","0.02422222222222222"
"fashion_mnist","20","2","mixed_maturity","access_no_limited","dirichlet_lcb","benign_concept_drift","0.5","3","2","5","5","1","5","20","9","1.5","30","0.5654845833778381","0.8262","0.035333333333333335"
"fashion_mnist","20","2","mixed_maturity","access_no_limited","dirichlet_lcb","benign_concept_drift","0.5","3","2","5","5","1","5","20","9","1.5","31","0.4838627874851227","0.8358","0.02422222222222222"
"fashion_mnist","20","2","mixed_maturity","access_no_limited","dirichlet_lcb","benign_concept_drift","0.5","3","2","5","5","1","5","20","9","1.5","32","0.48260298371315","0.8386","0.02022222222222222"
"fashion_mnist","20","2","mixed_maturity","access_no_limited","dirichlet_lcb","benign_concept_drift","0.5","3","2","5","5","1","5","20","9","1.5","33","0.5186402201652527","0.8264","0.013555555555555555"
"fashion_mnist","20","2","mixed_maturity","access_no_limited","dirichlet_lcb","benign_concept_drift","0.5","3","2","5","5","1","5","20","9","1.5","34","0.47750726342201233","0.8382","0.02422222222222222"
"fashion_mnist","20","2","mixed_maturity","access_no_limited","dirichlet_lcb","benign_concept_drift","0.5","3","2","5","5","1","5","20","9","1.5","35","0.49291738867759705","0.8344","0.020888888888888887"
"fashion_mnist","20","2","mixed_maturity","access_no_limited","dirichlet_lcb","benign_concept_drift","0.5","3","2","5","5","1","5","20","9","1.5","36","0.5059017539024353","0.834","0.026444444444444444"
"fashion_mnist","20","2","mixed_maturity","access_no_limited","dirichlet_lcb","benign_concept_drift","0.5","3","2","5","5","1","5","20","9","1.5","37","0.5090647339820862","0.8298","0.012666666666666666"
"fashion_mnist","20","2","mixed_maturity","access_no_limited","dirichlet_lcb","benign_concept_drift","0.5","3","2","5","5","1","5","20","9","1.5","38","0.4973525404930115","0.8314","0.021111111111111112"
"fashion_mnist","20","2","mixed_maturity","access_no_limited","dirichlet_lcb","benign_concept_drift","0.5","3","2","5","5","1","5","20","9","1.5","39","0.5588923692703247","0.823","0.023333333333333334"
"fashion_mnist","20","2","mixed_maturity","access_no_limited","dirichlet_lcb","benign_concept_drift","0.5","3","2","5","5","1","5","20","9","1.5","40","0.540017306804657","0.8314","0.020888888888888887"
"fashion_mnist","20","2","mixed_maturity","access_no_limited","dirichlet_lcb","benign_concept_drift","0.5","3","2","5","5","1","5","20","9","1.5","41","0.48942193388938904","0.8336","0.02266666666666667"
"fashion_mnist","20","2","mixed_maturity","access_no_limited","dirichlet_lcb","benign_concept_drift","0.5","3","2","5","5","1","5","20","9","1.5","42","0.4991490840911865","0.8306","0.03088888888888889"
"fashion_mnist","20","2","mixed_maturity","access_no_limited","dirichlet_lcb","benign_concept_drift","0.5","3","2","5","5","1","5","20","9","1.5","43","0.4846072793006897","0.8396","0.025777777777777778"
"fashion_mnist","20","2","mixed_maturity","access_no_limited","dirichlet_lcb","benign_concept_drift","0.5","3","2","5","5","1","5","20","9","1.5","44","0.4903588891029358","0.8364","0.01577777777777778"
"fashion_mnist","20","2","mixed_maturity","access_no_limited","dirichlet_lcb","benign_concept_drift","0.5","3","2","5","5","1","5","20","9","1.5","45","0.5008137226104736","0.833","0.027555555555555555"
"fashion_mnist","20","2","mixed_maturity","access_no_limited","dirichlet_lcb","benign_concept_drift","0.5","3","2","5","5","1","5","20","9","1.5","46","0.48563140630722046","0.8352","0.024666666666666667"
"fashion_mnist","20","2","mixed_maturity","access_no_limited","dirichlet_lcb","benign_concept_drift","0.5","3","2","5","5","1","5","20","9","1.5","47","0.5138047933578491","0.8336","0.025333333333333333"
"fashion_mnist","20","2","mixed_maturity","access_no_limited","dirichlet_lcb","benign_concept_drift","0.5","3","2","5","5","1","5","20","9","1.5","48","0.49304521083831787","0.8364","0.02311111111111111"
"fashion_mnist","20","2","mixed_maturity","access_no_limited","dirichlet_lcb","benign_concept_drift","0.5","3","2","5","5","1","5","20","9","1.5","49","0.4853931665420532","0.836","0.02311111111111111"
"fashion_mnist","20","2","mixed_maturity","access_no_limited","dirichlet_lcb","benign_concept_drift","0.5","3","2","5","5","1","5","20","9","1.5","50","0.5211725831031799","0.8276","0.013777777777777778"
"fashion_mnist","20","2","mixed_maturity","access_no_limited","dirichlet_lcb","benign_concept_drift","0.5","4","2","5","5","1","5","20","9","1.5","1","0.7304890751838684","0.754","0.04822222222222222"
"fashion_mnist","20","2","mixed_maturity","access_no_limited","dirichlet_lcb","benign_concept_drift","0.5","4","2","5","5","1","5","20","9","1.5","2","0.6480258107185364","0.781","0.014222222222222223"
"fashion_mnist","20","2","mixed_maturity","access_no_limited","dirichlet_lcb","benign_concept_drift","0.5","4","2","5","5","1","5","20","9","1.5","3","0.5834972858428955","0.8036","0.029555555555555557"
"fashion_mnist","20","2","mixed_maturity","access_no_limited","dirichlet_lcb","benign_concept_drift","0.5","4","2","5","5","1","5","20","9","1.5","4","0.6490204334259033","0.776","0.03288888888888889"
"fashion_mnist","20","2","mixed_maturity","access_no_limited","dirichlet_lcb","benign_concept_drift","0.5","4","2","5","5","1","5","20","9","1.5","5","0.5491334199905396","0.8146","0.03"
"fashion_mnist","20","2","mixed_maturity","access_no_limited","dirichlet_lcb","benign_concept_drift","0.5","4","2","5","5","1","5","20","9","1.5","6","0.6204875707626343","0.7964","0.010666666666666666"
"fashion_mnist","20","2","mixed_maturity","access_no_limited","dirichlet_lcb","benign_concept_drift","0.5","4","2","5","5","1","5","20","9","1.5","7","0.5262364149093628","0.8224","0.02688888888888889"
"fashion_mnist","20","2","mixed_maturity","access_no_limited","dirichlet_lcb","benign_concept_drift","0.5","4","2","5","5","1","5","20","9","1.5","8","0.5246471166610718","0.8226","0.03133333333333333"
"fashion_mnist","20","2","mixed_maturity","access_no_limited","dirichlet_lcb","benign_concept_drift","0.5","4","2","5","5","1","5","20","9","1.5","9","0.5115711688995361","0.8268","0.02711111111111111"
"fashion_mnist","20","2","mixed_maturity","access_no_limited","dirichlet_lcb","benign_concept_drift","0.5","4","2","5","5","1","5","20","9","1.5","10","0.5125955939292908","0.8248","0.021111111111111112"
"fashion_mnist","20","2","mixed_maturity","access_no_limited","dirichlet_lcb","benign_concept_drift","0.5","4","2","5","5","1","5","20","9","1.5","11","0.5065507888793945","0.828","0.027333333333333334"
"fashion_mnist","20","2","mixed_maturity","access_no_limited","dirichlet_lcb","benign_concept_drift","0.5","4","2","5","5","1","5","20","9","1.5","12","0.5388139486312866","0.8196","0.011111111111111112"
"fashion_mnist","20","2","mixed_maturity","access_no_limited","dirichlet_lcb","benign_concept_drift","0.5","4","2","5","5","1","5","20","9","1.5","13","0.5421931743621826","0.8168","0.02666666666666667"
"fashion_mnist","20","2","mixed_maturity","access_no_limited","dirichlet_lcb","benign_concept_drift","0.5","4","2","5","5","1","5","20","9","1.5","14","0.5015953183174133","0.831","0.029333333333333333"
"fashion_mnist","20","2","mixed_maturity","access_no_limited","dirichlet_lcb","benign_concept_drift","0.5","4","2","5","5","1","5","20","9","1.5","15","0.5017693042755127","0.8284","0.020666666666666667"
"fashion_mnist","20","2","mixed_maturity","access_no_limited","dirichlet_lcb","benign_concept_drift","0.5","4","2","5","5","1","5","20","9","1.5","16","0.5158719420433044","0.826","0.018444444444444444"
"fashion_mnist","20","2","mixed_maturity","access_no_limited","dirichlet_lcb","benign_concept_drift","0.5","4","2","5","5","1","5","20","9","1.5","17","0.4993259906768799","0.8282","0.023777777777777776"
"fashion_mnist","20","2","mixed_maturity","access_no_limited","dirichlet_lcb","benign_concept_drift","0.5","4","2","5","5","1","5","20","9","1.5","18","0.5238898396492004","0.8258","0.020444444444444446"
"fashion_mnist","20","2","mixed_maturity","access_no_limited","dirichlet_lcb","benign_concept_drift","0.5","4","2","5","5","1","5","20","9","1.5","19","0.5017824769020081","0.829","0.029555555555555557"
"fashion_mnist","20","2","mixed_maturity","access_no_limited","dirichlet_lcb","benign_concept_drift","0.5","4","2","5","5","1","5","20","9","1.5","20","0.5427401661872864","0.8184","0.027333333333333334"
"fashion_mnist","20","2","mixed_maturity","access_no_limited","dirichlet_lcb","benign_concept_drift","0.5","4","2","5","5","1","5","20","9","1.5","21","0.49092525243759155","0.829","0.01911111111111111"
"fashion_mnist","20","2","mixed_maturity","access_no_limited","dirichlet_lcb","benign_concept_drift","0.5","4","2","5","5","1","5","20","9","1.5","22","0.47866982221603394","0.8336","0.028666666666666667"
"fashion_mnist","20","2","mixed_maturity","access_no_limited","dirichlet_lcb","benign_concept_drift","0.5","4","2","5","5","1","5","20","9","1.5","23","0.49145635962486267","0.83","0.018444444444444444"
"fashion_mnist","20","2","mixed_maturity","access_no_limited","dirichlet_lcb","benign_concept_drift","0.5","4","2","5","5","1","5","20","9","1.5","24","0.4970146417617798","0.8332","0.034444444444444444"
"fashion_mnist","20","2","mixed_maturity","access_no_limited","dirichlet_lcb","benign_concept_drift","0.5","4","2","5","5","1","5","20","9","1.5","25","0.48972266912460327","0.831","0.027777777777777776"
"fashion_mnist","20","2","mixed_maturity","access_no_limited","dirichlet_lcb","benign_concept_drift","0.5","4","2","5","5","1","5","20","9","1.5","26","0.4920252561569214","0.834","0.01577777777777778"
"fashion_mnist","20","2","mixed_maturity","access_no_limited","dirichlet_lcb","benign_concept_drift","0.5","4","2","5","5","1","5","20","9","1.5","27","0.4824402332305908","0.8316","0.01888888888888889"
"fashion_mnist","20","2","mixed_maturity","access_no_limited","dirichlet_lcb","benign_concept_drift","0.5","4","2","5","5","1","5","20","9","1.5","28","0.49104970693588257","0.8286","0.021555555555555557"
"fashion_mnist","20","2","mixed_maturity","access_no_limited","dirichlet_lcb","benign_concept_drift","0.5","4","2","5","5","1","5","20","9","1.5","29","0.5293985605239868","0.8262","0.03155555555555556"
"fashion_mnist","20","2","mixed_maturity","access_no_limited","dirichlet_lcb","benign_concept_drift","0.5","4","2","5","5","1","5","20","9","1.5","30","0.4797404408454895","0.837","0.029555555555555557"
"fashion_mnist","20","2","mixed_maturity","access_no_limited","dirichlet_lcb","benign_concept_drift","0.5","4","2","5","5","1","5","20","9","1.5","31","0.5636479258537292","0.8114","0.018666666666666668"
"fashion_mnist","20","2","mixed_maturity","access_no_limited","dirichlet_lcb","benign_concept_drift","0.5","4","2","5","5","1","5","20","9","1.5","32","0.4988470673561096","0.8312","0.020444444444444446"
"fashion_mnist","20","2","mixed_maturity","access_no_limited","dirichlet_lcb","benign_concept_drift","0.5","4","2","5","5","1","5","20","9","1.5","33","0.48560312390327454","0.835","0.029111111111111112"
"fashion_mnist","20","2","mixed_maturity","access_no_limited","dirichlet_lcb","benign_concept_drift","0.5","4","2","5","5","1","5","20","9","1.5","34","0.540440559387207","0.8124","0.009111111111111111"
"fashion_mnist","20","2","mixed_maturity","access_no_limited","dirichlet_lcb","benign_concept_drift","0.5","4","2","5","5","1","5","20","9","1.5","35","0.4811292886734009","0.8328","0.03"
"fashion_mnist","20","2","mixed_maturity","access_no_limited","dirichlet_lcb","benign_concept_drift","0.5","4","2","5","5","1","5","20","9","1.5","36","0.4771547019481659","0.8364","0.02311111111111111"
"fashion_mnist","20","2","mixed_maturity","access_no_limited","dirichlet_lcb","benign_concept_drift","0.5","4","2","5","5","1","5","20","9","1.5","37","0.47974151372909546","0.8318","0.022"
"fashion_mnist","20","2","mixed_maturity","access_no_limited","dirichlet_lcb","benign_concept_drift","0.5","4","2","5","5","1","5","20","9","1.5","38","0.504679262638092","0.8256","0.012222222222222223"
"fashion_mnist","20","2","mixed_maturity","access_no_limited","dirichlet_lcb","benign_concept_drift","0.5","4","2","5","5","1","5","20","9","1.5","39","0.4777398407459259","0.8372","0.026444444444444444"
"fashion_mnist","20","2","mixed_maturity","access_no_limited","dirichlet_lcb","benign_concept_drift","0.5","4","2","5","5","1","5","20","9","1.5","40","0.48736441135406494","0.8342","0.028888888888888888"
"fashion_mnist","20","2","mixed_maturity","access_no_limited","dirichlet_lcb","benign_concept_drift","0.5","4","2","5","5","1","5","20","9","1.5","41","0.4864092767238617","0.8362","0.029777777777777778"
"fashion_mnist","20","2","mixed_maturity","access_no_limited","dirichlet_lcb","benign_concept_drift","0.5","4","2","5","5","1","5","20","9","1.5","42","0.49820801615715027","0.8282","0.020666666666666667"
"fashion_mnist","20","2","mixed_maturity","access_no_limited","dirichlet_lcb","benign_concept_drift","0.5","4","2","5","5","1","5","20","9","1.5","43","0.49862703680992126","0.8282","0.018"
"fashion_mnist","20","2","mixed_maturity","access_no_limited","dirichlet_lcb","benign_concept_drift","0.5","4","2","5","5","1","5","20","9","1.5","44","0.4846823215484619","0.8328","0.019555555555555555"
"fashion_mnist","20","2","mixed_maturity","access_no_limited","dirichlet_lcb","benign_concept_drift","0.5","4","2","5","5","1","5","20","9","1.5","45","0.49836865067481995","0.833","0.02311111111111111"
"fashion_mnist","20","2","mixed_maturity","access_no_limited","dirichlet_lcb","benign_concept_drift","0.5","4","2","5","5","1","5","20","9","1.5","46","0.4737666845321655","0.8348","0.022444444444444444"
"fashion_mnist","20","2","mixed_maturity","access_no_limited","dirichlet_lcb","benign_concept_drift","0.5","4","2","5","5","1","5","20","9","1.5","47","0.4837285280227661","0.833","0.020444444444444446"
"fashion_mnist","20","2","mixed_maturity","access_no_limited","dirichlet_lcb","benign_concept_drift","0.5","4","2","5","5","1","5","20","9","1.5","48","0.4819093644618988","0.838","0.028888888888888888"
"fashion_mnist","20","2","mixed_maturity","access_no_limited","dirichlet_lcb","benign_concept_drift","0.5","4","2","5","5","1","5","20","9","1.5","49","0.4736291468143463","0.8374","0.026"
"fashion_mnist","20","2","mixed_maturity","access_no_limited","dirichlet_lcb","benign_concept_drift","0.5","4","2","5","5","1","5","20","9","1.5","50","0.47287020087242126","0.8342","0.022222222222222223"
