"dataset","client_count","attacker_count","cohort_mode","variant","trust_estimator","attack_scenario","noniid_alpha","repeat","attack_start_round","limited_clean_updates","limited_observation_updates","limited_aggregation_weight","max_probation_tasks","min_probation_completed_tasks","min_evidence_mass","configured_access_lease_full_updates","node_id","profile","cohort_role","initial_access_state","access_state","completed_tasks","credited_independent_tasks","verified_source_records","evidence_types","evidence_mass","minimum_evidence_mass_required","trust_score","history_mean","history_decision_score","history_lcb","history_std","history_evidence_maturity","training_clean_evidence","structurally_accepted_training_updates","structurally_accepted_observation_updates","limited_clean_updates_required","limited_observation_updates_required","freshness_lease_enabled","access_lease_full_updates","penalty_debt","hard_failures","onboarding_duration_seconds","flower_fit_events","aggregated_fit_events","aggregated_weight_mass","revoked_round","revocation_reason","norm_escalation_mode"
"fashion_mnist","20","2","mixed_maturity","access_freshness_lease","dirichlet_lcb","diverse_then_repeat_backdoor","0.5","0","2","5","5","0.5","20","9","1.5","5","attacker-1","diverse_then_repeat_backdoor","newcomer","LIMITED","LIMITED","9","9","0","4","4.882922989522995","1.5","0.7462875490779619","0.8370070466491786","0.6465358545084627","0.6465358545084627","0.1157982362815884","0.29254799703263074","50","50","50","5","5","True","5","0.0","0","3.134047031402588","50","50","37.5","","","moderate_shadow"
"fashion_mnist","20","2","mixed_maturity","access_freshness_lease","dirichlet_lcb","diverse_then_repeat_backdoor","0.5","0","2","5","5","0.5","20","9","1.5","5","attacker-2","diverse_then_repeat_backdoor","newcomer","LIMITED","LIMITED","9","9","0","4","4.882922989522995","1.5","0.7462875490779619","0.8370070466491786","0.6465358545084627","0.6465358545084627","0.1157982362815884","0.29254799703263074","50","50","50","5","5","True","5","0.0","0","3.2169065475463867","50","50","37.5","","","moderate_shadow"
"fashion_mnist","20","2","mixed_maturity","access_freshness_lease","dirichlet_lcb","diverse_then_repeat_backdoor","0.5","0","2","5","5","0.5","20","9","1.5","5","honest-1","honest","incumbent","ADMITTED","ADMITTED","9","9","0","4","4.882922989522995","1.5","0.7462875490779619","0.8370070466491786","0.6465358545084627","0.6465358545084627","0.1157982362815884","0.29254799703263074","50","50","50","5","5","True","5","0.0","0","33.13702154159546","50","50","50.0","","","moderate_shadow"
"fashion_mnist","20","2","mixed_maturity","access_freshness_lease","dirichlet_lcb","diverse_then_repeat_backdoor","0.5","0","2","5","5","0.5","20","9","1.5","5","honest-10","honest","incumbent","ADMITTED","ADMITTED","9","9","0","4","4.882922989522995","1.5","0.7462875490779619","0.8370070466491786","0.6465358545084627","0.6465358545084627","0.1157982362815884","0.29254799703263074","50","50","50","5","5","True","5","0.0","0","2.6937999725341797","50","50","50.0","","","moderate_shadow"
"fashion_mnist","20","2","mixed_maturity","access_freshness_lease","dirichlet_lcb","diverse_then_repeat_backdoor","0.5","0","2","5","5","0.5","20","9","1.5","5","honest-11","honest","incumbent","ADMITTED","ADMITTED","9","9","0","4","4.882922989522995","1.5","0.7462875490779619","0.8370070466491786","0.6465358545084627","0.6465358545084627","0.1157982362815884","0.29254799703263074","50","50","50","5","5","True","5","0.0","0","2.399554967880249","50","50","50.0","","","moderate_shadow"
"fashion_mnist","20","2","mixed_maturity","access_freshness_lease","dirichlet_lcb","diverse_then_repeat_backdoor","0.5","0","2","5","5","0.5","20","9","1.5","5","honest-12","honest","incumbent","ADMITTED","ADMITTED","9","9","0","4","4.882922989522995","1.5","0.7462875490779619","0.8370070466491786","0.6465358545084627","0.6465358545084627","0.1157982362815884","0.29254799703263074","50","50","50","5","5","True","5","0.0","0","3.6597745418548584","50","50","50.0","","","moderate_shadow"
"fashion_mnist","20","2","mixed_maturity","access_freshness_lease","dirichlet_lcb","diverse_then_repeat_backdoor","0.5","0","2","5","5","0.5","20","9","1.5","5","honest-13","honest","incumbent","ADMITTED","ADMITTED","9","9","0","4","4.882922989522995","1.5","0.7462875490779619","0.8370070466491786","0.6465358545084627","0.6465358545084627","0.1157982362815884","0.29254799703263074","50","50","50","5","5","True","5","0.0","0","2.5119099617004395","50","50","50.0","","","moderate_shadow"
"fashion_mnist","20","2","mixed_maturity","access_freshness_lease","dirichlet_lcb","diverse_then_repeat_backdoor","0.5","0","2","5","5","0.5","20","9","1.5","5","honest-14","honest","incumbent","ADMITTED","ADMITTED","9","9","0","4","4.882922989522995","1.5","0.7462875490779619","0.8370070466491786","0.6465358545084627","0.6465358545084627","0.1157982362815884","0.29254799703263074","50","50","50","5","5","True","5","0.0","0","2.544844388961792","50","50","50.0","","","moderate_shadow"
"fashion_mnist","20","2","mixed_maturity","access_freshness_lease","dirichlet_lcb","diverse_then_repeat_backdoor","0.5","0","2","5","5","0.5","20","9","1.5","5","honest-15","honest","incumbent","ADMITTED","ADMITTED","9","9","0","4","4.882922989522995","1.5","0.7462875490779619","0.8370070466491786","0.6465358545084627","0.6465358545084627","0.1157982362815884","0.29254799703263074","50","50","50","5","5","True","5","0.0","0","2.9804131984710693","50","50","50.0","","","moderate_shadow"
"fashion_mnist","20","2","mixed_maturity","access_freshness_lease","dirichlet_lcb","diverse_then_repeat_backdoor","0.5","0","2","5","5","0.5","20","9","1.5","5","honest-16","honest","incumbent","ADMITTED","ADMITTED","9","9","0","4","4.882922989522995","1.5","0.7462875490779619","0.8370070466491786","0.6465358545084627","0.6465358545084627","0.1157982362815884","0.29254799703263074","50","50","50","5","5","True","5","0.0","0","3.1330628395080566","50","50","50.0","","","moderate_shadow"
"fashion_mnist","20","2","mixed_maturity","access_freshness_lease","dirichlet_lcb","diverse_then_repeat_backdoor","0.5","0","2","5","5","0.5","20","9","1.5","5","honest-17","honest","incumbent","ADMITTED","ADMITTED","9","9","0","4","4.882922989522995","1.5","0.7462875490779619","0.8370070466491786","0.6465358545084627","0.6465358545084627","0.1157982362815884","0.29254799703263074","50","50","50","5","5","True","5","0.0","0","3.474327564239502","50","50","50.0","","","moderate_shadow"
"fashion_mnist","20","2","mixed_maturity","access_freshness_lease","dirichlet_lcb","diverse_then_repeat_backdoor","0.5","0","2","5","5","0.5","20","9","1.5","5","honest-18","honest","incumbent","ADMITTED","ADMITTED","9","9","0","4","4.882922989522995","1.5","0.7462875490779619","0.8370070466491786","0.6465358545084627","0.6465358545084627","0.1157982362815884","0.29254799703263074","50","50","50","5","5","True","5","0.0","0","2.487941026687622","50","50","50.0","","","moderate_shadow"
"fashion_mnist","20","2","mixed_maturity","access_freshness_lease","dirichlet_lcb","diverse_then_repeat_backdoor","0.5","0","2","5","5","0.5","20","9","1.5","5","honest-2","honest","incumbent","ADMITTED","ADMITTED","9","9","0","4","4.882922989522995","1.5","0.7462875490779619","0.8370070466491786","0.6465358545084627","0.6465358545084627","0.1157982362815884","0.29254799703263074","50","50","50","5","5","True","5","0.0","0","3.4697234630584717","50","50","50.0","","","moderate_shadow"
"fashion_mnist","20","2","mixed_maturity","access_freshness_lease","dirichlet_lcb","diverse_then_repeat_backdoor","0.5","0","2","5","5","0.5","20","9","1.5","5","honest-3","honest","incumbent","ADMITTED","ADMITTED","9","9","0","4","4.882922989522995","1.5","0.7462875490779619","0.8370070466491786","0.6465358545084627","0.6465358545084627","0.1157982362815884","0.29254799703263074","50","50","50","5","5","True","5","0.0","0","2.507718324661255","50","50","50.0","","","moderate_shadow"
"fashion_mnist","20","2","mixed_maturity","access_freshness_lease","dirichlet_lcb","diverse_then_repeat_backdoor","0.5","0","2","5","5","0.5","20","9","1.5","5","honest-4","honest","incumbent","ADMITTED","ADMITTED","9","9","0","4","4.882922989522995","1.5","0.7462875490779619","0.8370070466491786","0.6465358545084627","0.6465358545084627","0.1157982362815884","0.29254799703263074","50","50","50","5","5","True","5","0.0","0","3.118906021118164","50","50","50.0","","","moderate_shadow"
"fashion_mnist","20","2","mixed_maturity","access_freshness_lease","dirichlet_lcb","diverse_then_repeat_backdoor","0.5","0","2","5","5","0.5","20","9","1.5","5","honest-5","honest","incumbent","ADMITTED","ADMITTED","9","9","0","4","4.882922989522995","1.5","0.7462875490779619","0.8370070466491786","0.6465358545084627","0.6465358545084627","0.1157982362815884","0.29254799703263074","50","50","50","5","5","True","5","0.0","0","2.403315544128418","50","50","50.0","","","moderate_shadow"
"fashion_mnist","20","2","mixed_maturity","access_freshness_lease","dirichlet_lcb","diverse_then_repeat_backdoor","0.5","0","2","5","5","0.5","20","9","1.5","5","honest-6","honest","incumbent","ADMITTED","ADMITTED","9","9","0","4","4.882922989522995","1.5","0.7462875490779619","0.8370070466491786","0.6465358545084627","0.6465358545084627","0.1157982362815884","0.29254799703263074","50","50","50","5","5","True","5","0.0","0","3.5666134357452393","50","50","50.0","","","moderate_shadow"
"fashion_mnist","20","2","mixed_maturity","access_freshness_lease","dirichlet_lcb","diverse_then_repeat_backdoor","0.5","0","2","5","5","0.5","20","9","1.5","5","honest-7","honest","incumbent","ADMITTED","ADMITTED","9","9","0","4","4.882922989522995","1.5","0.7462875490779619","0.8370070466491786","0.6465358545084627","0.6465358545084627","0.1157982362815884","0.29254799703263074","50","50","50","5","5","True","5","0.0","0","92.85590362548828","50","50","50.0","","","moderate_shadow"
"fashion_mnist","20","2","mixed_maturity","access_freshness_lease","dirichlet_lcb","diverse_then_repeat_backdoor","0.5","0","2","5","5","0.5","20","9","1.5","5","honest-8","honest","incumbent","ADMITTED","ADMITTED","9","9","0","4","4.882922989522995","1.5","0.7462875490779619","0.8370070466491786","0.6465358545084627","0.6465358545084627","0.1157982362815884","0.29254799703263074","50","50","50","5","5","True","5","0.0","0","3.1669795513153076","50","50","50.0","","","moderate_shadow"
"fashion_mnist","20","2","mixed_maturity","access_freshness_lease","dirichlet_lcb","diverse_then_repeat_backdoor","0.5","0","2","5","5","0.5","20","9","1.5","5","honest-9","honest","incumbent","ADMITTED","ADMITTED","9","9","0","4","4.882922989522995","1.5","0.7462875490779619","0.8370070466491786","0.6465358545084627","0.6465358545084627","0.1157982362815884","0.29254799703263074","50","50","50","5","5","True","5","0.0","0","3.5710227489471436","50","50","50.0","","","moderate_shadow"
"fashion_mnist","20","2","mixed_maturity","access_freshness_lease","dirichlet_lcb","diverse_then_repeat_backdoor","0.5","1","2","5","5","0.5","20","9","1.5","5","attacker-1","diverse_then_repeat_backdoor","newcomer","LIMITED","LIMITED","9","9","0","4","4.882922989522995","1.5","0.7462875490779619","0.8370070466491786","0.6465358545084627","0.6465358545084627","0.1157982362815884","0.29254799703263074","50","50","50","5","5","True","5","0.0","0","2.342930555343628","50","50","37.5","","","moderate_shadow"
"fashion_mnist","20","2","mixed_maturity","access_freshness_lease","dirichlet_lcb","diverse_then_repeat_backdoor","0.5","1","2","5","5","0.5","20","9","1.5","5","attacker-2","diverse_then_repeat_backdoor","newcomer","LIMITED","LIMITED","9","9","0","4","4.882922989522995","1.5","0.7462875490779619","0.8370070466491786","0.6465358545084627","0.6465358545084627","0.1157982362815884","0.29254799703263074","50","50","50","5","5","True","5","0.0","0","3.1070659160614014","50","50","37.5","","","moderate_shadow"
"fashion_mnist","20","2","mixed_maturity","access_freshness_lease","dirichlet_lcb","diverse_then_repeat_backdoor","0.5","1","2","5","5","0.5","20","9","1.5","5","honest-1","honest","incumbent","ADMITTED","ADMITTED","9","9","0","4","4.882922989522995","1.5","0.7462875490779619","0.8370070466491786","0.6465358545084627","0.6465358545084627","0.1157982362815884","0.29254799703263074","50","50","50","5","5","True","5","0.0","0","3.042437791824341","50","50","50.0","","","moderate_shadow"
"fashion_mnist","20","2","mixed_maturity","access_freshness_lease","dirichlet_lcb","diverse_then_repeat_backdoor","0.5","1","2","5","5","0.5","20","9","1.5","5","honest-10","honest","incumbent","ADMITTED","ADMITTED","9","9","0","4","4.882922989522995","1.5","0.7462875490779619","0.8370070466491786","0.6465358545084627","0.6465358545084627","0.1157982362815884","0.29254799703263074","50","50","50","5","5","True","5","0.0","0","32.49994921684265","50","50","50.0","","","moderate_shadow"
"fashion_mnist","20","2","mixed_maturity","access_freshness_lease","dirichlet_lcb","diverse_then_repeat_backdoor","0.5","1","2","5","5","0.5","20","9","1.5","5","honest-11","honest","incumbent","ADMITTED","ADMITTED","9","9","0","4","4.882922989522995","1.5","0.7462875490779619","0.8370070466491786","0.6465358545084627","0.6465358545084627","0.1157982362815884","0.29254799703263074","50","50","50","5","5","True","5","0.0","0","2.442441701889038","50","50","50.0","","","moderate_shadow"
"fashion_mnist","20","2","mixed_maturity","access_freshness_lease","dirichlet_lcb","diverse_then_repeat_backdoor","0.5","1","2","5","5","0.5","20","9","1.5","5","honest-12","honest","incumbent","ADMITTED","ADMITTED","9","9","0","4","4.882922989522995","1.5","0.7462875490779619","0.8370070466491786","0.6465358545084627","0.6465358545084627","0.1157982362815884","0.29254799703263074","50","50","50","5","5","True","5","0.0","0","3.5450425148010254","50","50","50.0","","","moderate_shadow"
"fashion_mnist","20","2","mixed_maturity","access_freshness_lease","dirichlet_lcb","diverse_then_repeat_backdoor","0.5","1","2","5","5","0.5","20","9","1.5","5","honest-13","honest","incumbent","ADMITTED","ADMITTED","9","9","0","4","4.882922989522995","1.5","0.7462875490779619","0.8370070466491786","0.6465358545084627","0.6465358545084627","0.1157982362815884","0.29254799703263074","50","50","50","5","5","True","5","0.0","0","3.575244903564453","50","50","50.0","","","moderate_shadow"
"fashion_mnist","20","2","mixed_maturity","access_freshness_lease","dirichlet_lcb","diverse_then_repeat_backdoor","0.5","1","2","5","5","0.5","20","9","1.5","5","honest-14","honest","incumbent","ADMITTED","ADMITTED","9","9","0","4","4.882922989522995","1.5","0.7462875490779619","0.8370070466491786","0.6465358545084627","0.6465358545084627","0.1157982362815884","0.29254799703263074","50","50","50","5","5","True","5","0.0","0","3.6500182151794434","50","50","50.0","","","moderate_shadow"
"fashion_mnist","20","2","mixed_maturity","access_freshness_lease","dirichlet_lcb","diverse_then_repeat_backdoor","0.5","1","2","5","5","0.5","20","9","1.5","5","honest-15","honest","incumbent","ADMITTED","ADMITTED","9","9","0","4","4.882922989522995","1.5","0.7462875490779619","0.8370070466491786","0.6465358545084627","0.6465358545084627","0.1157982362815884","0.29254799703263074","50","50","50","5","5","True","5","0.0","0","2.0887057781219482","50","50","50.0","","","moderate_shadow"
"fashion_mnist","20","2","mixed_maturity","access_freshness_lease","dirichlet_lcb","diverse_then_repeat_backdoor","0.5","1","2","5","5","0.5","20","9","1.5","5","honest-16","honest","incumbent","ADMITTED","ADMITTED","9","9","0","4","4.882922989522995","1.5","0.7462875490779619","0.8370070466491786","0.6465358545084627","0.6465358545084627","0.1157982362815884","0.29254799703263074","50","50","50","5","5","True","5","0.0","0","3.5989279747009277","50","50","50.0","","","moderate_shadow"
"fashion_mnist","20","2","mixed_maturity","access_freshness_lease","dirichlet_lcb","diverse_then_repeat_backdoor","0.5","1","2","5","5","0.5","20","9","1.5","5","honest-17","honest","incumbent","ADMITTED","ADMITTED","9","9","0","4","4.882922989522995","1.5","0.7462875490779619","0.8370070466491786","0.6465358545084627","0.6465358545084627","0.1157982362815884","0.29254799703263074","50","50","50","5","5","True","5","0.0","0","2.782874345779419","50","50","50.0","","","moderate_shadow"
"fashion_mnist","20","2","mixed_maturity","access_freshness_lease","dirichlet_lcb","diverse_then_repeat_backdoor","0.5","1","2","5","5","0.5","20","9","1.5","5","honest-18","honest","incumbent","ADMITTED","ADMITTED","9","9","0","3","4.5294892388817605","1.5","0.7401065581334588","0.8277664507491892","0.6288758803813109","0.6288758803813109","0.12091685363435191","0.27568090107538146","50","50","50","5","5","True","5","0.0","0","32.468202352523804","50","50","50.0","","","moderate_shadow"
"fashion_mnist","20","2","mixed_maturity","access_freshness_lease","dirichlet_lcb","diverse_then_repeat_backdoor","0.5","1","2","5","5","0.5","20","9","1.5","5","honest-2","honest","incumbent","ADMITTED","ADMITTED","9","9","0","3","5.004489238881761","1.5","0.7503560216234088","0.8430201361031787","0.6581600617811678","0.6581600617811678","0.11238691964272261","0.3041175807403508","50","50","50","5","5","True","5","0.0","0","62.58552885055542","50","50","50.0","","","moderate_shadow"
"fashion_mnist","20","2","mixed_maturity","access_freshness_lease","dirichlet_lcb","diverse_then_repeat_backdoor","0.5","1","2","5","5","0.5","20","9","1.5","5","honest-3","honest","incumbent","ADMITTED","ADMITTED","9","9","0","4","4.882922989522995","1.5","0.7462875490779619","0.8370070466491786","0.6465358545084627","0.6465358545084627","0.1157982362815884","0.29254799703263074","50","50","50","5","5","True","5","0.0","0","33.165140867233276","50","50","50.0","","","moderate_shadow"
"fashion_mnist","20","2","mixed_maturity","access_freshness_lease","dirichlet_lcb","diverse_then_repeat_backdoor","0.5","1","2","5","5","0.5","20","9","1.5","5","honest-4","honest","incumbent","ADMITTED","ADMITTED","9","9","0","4","4.882922989522995","1.5","0.7462875490779619","0.8370070466491786","0.6465358545084627","0.6465358545084627","0.1157982362815884","0.29254799703263074","50","50","50","5","5","True","5","0.0","0","3.045020341873169","50","50","50.0","","","moderate_shadow"
"fashion_mnist","20","2","mixed_maturity","access_freshness_lease","dirichlet_lcb","diverse_then_repeat_backdoor","0.5","1","2","5","5","0.5","20","9","1.5","5","honest-5","honest","incumbent","ADMITTED","ADMITTED","9","9","0","4","4.882922989522995","1.5","0.7462875490779619","0.8370070466491786","0.6465358545084627","0.6465358545084627","0.1157982362815884","0.29254799703263074","50","50","50","5","5","True","5","0.0","0","33.0372154712677","50","50","50.0","","","moderate_shadow"
"fashion_mnist","20","2","mixed_maturity","access_freshness_lease","dirichlet_lcb","diverse_then_repeat_backdoor","0.5","1","2","5","5","0.5","20","9","1.5","5","honest-6","honest","incumbent","ADMITTED","ADMITTED","9","9","0","4","4.882922989522995","1.5","0.7462875490779619","0.8370070466491786","0.6465358545084627","0.6465358545084627","0.1157982362815884","0.29254799703263074","50","50","50","5","5","True","5","0.0","0","3.4616312980651855","50","50","50.0","","","moderate_shadow"
"fashion_mnist","20","2","mixed_maturity","access_freshness_lease","dirichlet_lcb","diverse_then_repeat_backdoor","0.5","1","2","5","5","0.5","20","9","1.5","5","honest-7","honest","incumbent","ADMITTED","ADMITTED","9","9","0","4","4.882922989522995","1.5","0.7462875490779619","0.8370070466491786","0.6465358545084627","0.6465358545084627","0.1157982362815884","0.29254799703263074","50","50","50","5","5","True","5","0.0","0","32.70026755332947","50","50","50.0","","","moderate_shadow"
"fashion_mnist","20","2","mixed_maturity","access_freshness_lease","dirichlet_lcb","diverse_then_repeat_backdoor","0.5","1","2","5","5","0.5","20","9","1.5","5","honest-8","honest","incumbent","ADMITTED","ADMITTED","9","9","0","4","4.882922989522995","1.5","0.7462875490779619","0.8370070466491786","0.6465358545084627","0.6465358545084627","0.1157982362815884","0.29254799703263074","50","50","50","5","5","True","5","0.0","0","3.099381685256958","50","50","50.0","","","moderate_shadow"
"fashion_mnist","20","2","mixed_maturity","access_freshness_lease","dirichlet_lcb","diverse_then_repeat_backdoor","0.5","1","2","5","5","0.5","20","9","1.5","5","honest-9","honest","incumbent","ADMITTED","ADMITTED","9","9","0","4","4.882922989522995","1.5","0.7462875490779619","0.8370070466491786","0.6465358545084627","0.6465358545084627","0.1157982362815884","0.29254799703263074","50","50","50","5","5","True","5","0.0","0","2.9957451820373535","50","50","50.0","","","moderate_shadow"
"fashion_mnist","20","2","mixed_maturity","access_freshness_lease","dirichlet_lcb","diverse_then_repeat_backdoor","0.5","2","2","5","5","0.5","20","9","1.5","5","attacker-1","diverse_then_repeat_backdoor","newcomer","LIMITED","LIMITED","9","9","0","4","4.882922989522995","1.5","0.7462875490779619","0.8370070466491786","0.6465358545084627","0.6465358545084627","0.1157982362815884","0.29254799703263074","50","50","50","5","5","True","5","0.0","0","2.4660520553588867","50","50","37.5","","","moderate_shadow"
"fashion_mnist","20","2","mixed_maturity","access_freshness_lease","dirichlet_lcb","diverse_then_repeat_backdoor","0.5","2","2","5","5","0.5","20","9","1.5","5","attacker-2","diverse_then_repeat_backdoor","newcomer","LIMITED","LIMITED","9","9","0","4","4.882922989522995","1.5","0.7462875490779619","0.8370070466491786","0.6465358545084627","0.6465358545084627","0.1157982362815884","0.29254799703263074","50","50","50","5","5","True","5","0.0","0","2.7299423217773438","50","50","37.5","","","moderate_shadow"
"fashion_mnist","20","2","mixed_maturity","access_freshness_lease","dirichlet_lcb","diverse_then_repeat_backdoor","0.5","2","2","5","5","0.5","20","9","1.5","5","honest-1","honest","incumbent","ADMITTED","ADMITTED","9","9","0","4","4.882922989522995","1.5","0.7462875490779619","0.8370070466491786","0.6465358545084627","0.6465358545084627","0.1157982362815884","0.29254799703263074","50","50","50","5","5","True","5","0.0","0","32.440696001052856","50","50","50.0","","","moderate_shadow"
"fashion_mnist","20","2","mixed_maturity","access_freshness_lease","dirichlet_lcb","diverse_then_repeat_backdoor","0.5","2","2","5","5","0.5","20","9","1.5","5","honest-10","honest","incumbent","ADMITTED","ADMITTED","11","11","0","3","5.419531626612037","1.5","0.7509212720692868","0.8438513019312254","0.6597750630551052","0.6597750630551052","0.11191038163637629","0.3057557302355997","50","50","50","5","5","True","5","0.0","0","62.843117237091064","50","50","50.0","","","moderate_shadow"
"fashion_mnist","20","2","mixed_maturity","access_freshness_lease","dirichlet_lcb","diverse_then_repeat_backdoor","0.5","2","2","5","5","0.5","20","9","1.5","5","honest-11","honest","incumbent","ADMITTED","ADMITTED","9","9","0","4","4.882922989522995","1.5","0.7462875490779619","0.8370070466491786","0.6465358545084627","0.6465358545084627","0.1157982362815884","0.29254799703263074","50","50","50","5","5","True","5","0.0","0","32.97894239425659","50","50","50.0","","","moderate_shadow"
"fashion_mnist","20","2","mixed_maturity","access_freshness_lease","dirichlet_lcb","diverse_then_repeat_backdoor","0.5","2","2","5","5","0.5","20","9","1.5","5","honest-12","honest","incumbent","ADMITTED","ADMITTED","9","9","0","4","4.882922989522995","1.5","0.7462875490779619","0.8370070466491786","0.6465358545084627","0.6465358545084627","0.1157982362815884","0.29254799703263074","50","50","50","5","5","True","5","0.0","0","32.64617037773132","50","50","50.0","","","moderate_shadow"
"fashion_mnist","20","2","mixed_maturity","access_freshness_lease","dirichlet_lcb","diverse_then_repeat_backdoor","0.5","2","2","5","5","0.5","20","9","1.5","5","honest-13","honest","incumbent","ADMITTED","ADMITTED","9","9","0","4","4.882922989522995","1.5","0.7462875490779619","0.8370070466491786","0.6465358545084627","0.6465358545084627","0.1157982362815884","0.29254799703263074","50","50","50","5","5","True","5","0.0","0","3.3880410194396973","50","50","50.0","","","moderate_shadow"
"fashion_mnist","20","2","mixed_maturity","access_freshness_lease","dirichlet_lcb","diverse_then_repeat_backdoor","0.5","2","2","5","5","0.5","20","9","1.5","5","honest-14","honest","incumbent","ADMITTED","ADMITTED","9","9","0","4","4.882922989522995","1.5","0.7462875490779619","0.8370070466491786","0.6465358545084627","0.6465358545084627","0.1157982362815884","0.29254799703263074","50","50","50","5","5","True","5","0.0","0","3.261751174926758","50","50","50.0","","","moderate_shadow"
"fashion_mnist","20","2","mixed_maturity","access_freshness_lease","dirichlet_lcb","diverse_then_repeat_backdoor","0.5","2","2","5","5","0.5","20","9","1.5","5","honest-15","honest","incumbent","ADMITTED","ADMITTED","9","9","0","4","4.882922989522995","1.5","0.7462875490779619","0.8370070466491786","0.6465358545084627","0.6465358545084627","0.1157982362815884","0.29254799703263074","50","50","50","5","5","True","5","0.0","0","2.5573573112487793","50","50","50.0","","","moderate_shadow"
"fashion_mnist","20","2","mixed_maturity","access_freshness_lease","dirichlet_lcb","diverse_then_repeat_backdoor","0.5","2","2","5","5","0.5","20","9","1.5","5","honest-16","honest","incumbent","ADMITTED","ADMITTED","9","9","0","4","4.882922989522995","1.5","0.7462875490779619","0.8370070466491786","0.6465358545084627","0.6465358545084627","0.1157982362815884","0.29254799703263074","50","50","50","5","5","True","5","0.0","0","32.28532576560974","50","50","50.0","","","moderate_shadow"
"fashion_mnist","20","2","mixed_maturity","access_freshness_lease","dirichlet_lcb","diverse_then_repeat_backdoor","0.5","2","2","5","5","0.5","20","9","1.5","5","honest-17","honest","incumbent","ADMITTED","ADMITTED","9","9","0","4","4.882922989522995","1.5","0.7462875490779619","0.8370070466491786","0.6465358545084627","0.6465358545084627","0.1157982362815884","0.29254799703263074","50","50","50","5","5","True","5","0.0","0","3.3363349437713623","50","50","50.0","","","moderate_shadow"
"fashion_mnist","20","2","mixed_maturity","access_freshness_lease","dirichlet_lcb","diverse_then_repeat_backdoor","0.5","2","2","5","5","0.5","20","9","1.5","5","honest-18","honest","incumbent","ADMITTED","ADMITTED","9","9","0","4","4.882922989522995","1.5","0.7462875490779619","0.8370070466491786","0.6465358545084627","0.6465358545084627","0.1157982362815884","0.29254799703263074","50","50","50","5","5","True","5","0.0","0","3.3737597465515137","50","50","50.0","","","moderate_shadow"
"fashion_mnist","20","2","mixed_maturity","access_freshness_lease","dirichlet_lcb","diverse_then_repeat_backdoor","0.5","2","2","5","5","0.5","20","9","1.5","5","honest-2","honest","incumbent","ADMITTED","ADMITTED","9","9","0","4","4.882922989522995","1.5","0.7462875490779619","0.8370070466491786","0.6465358545084627","0.6465358545084627","0.1157982362815884","0.29254799703263074","50","50","50","5","5","True","5","0.0","0","3.361527919769287","50","50","50.0","","","moderate_shadow"
"fashion_mnist","20","2","mixed_maturity","access_freshness_lease","dirichlet_lcb","diverse_then_repeat_backdoor","0.5","2","2","5","5","0.5","20","9","1.5","5","honest-3","honest","incumbent","ADMITTED","ADMITTED","9","9","0","4","4.882922989522995","1.5","0.7462875490779619","0.8370070466491786","0.6465358545084627","0.6465358545084627","0.1157982362815884","0.29254799703263074","50","50","50","5","5","True","5","0.0","0","3.025355339050293","50","50","50.0","","","moderate_shadow"
"fashion_mnist","20","2","mixed_maturity","access_freshness_lease","dirichlet_lcb","diverse_then_repeat_backdoor","0.5","2","2","5","5","0.5","20","9","1.5","5","honest-4","honest","incumbent","ADMITTED","ADMITTED","9","9","0","4","4.882922989522995","1.5","0.7462875490779619","0.8370070466491786","0.6465358545084627","0.6465358545084627","0.1157982362815884","0.29254799703263074","50","50","50","5","5","True","5","0.0","0","2.743908405303955","50","50","50.0","","","moderate_shadow"
"fashion_mnist","20","2","mixed_maturity","access_freshness_lease","dirichlet_lcb","diverse_then_repeat_backdoor","0.5","2","2","5","5","0.5","20","9","1.5","5","honest-5","honest","incumbent","ADMITTED","ADMITTED","9","9","0","4","4.882922989522995","1.5","0.7462875490779619","0.8370070466491786","0.6465358545084627","0.6465358545084627","0.1157982362815884","0.29254799703263074","50","50","50","5","5","True","5","0.0","0","32.807406425476074","50","50","50.0","","","moderate_shadow"
"fashion_mnist","20","2","mixed_maturity","access_freshness_lease","dirichlet_lcb","diverse_then_repeat_backdoor","0.5","2","2","5","5","0.5","20","9","1.5","5","honest-6","honest","incumbent","ADMITTED","ADMITTED","9","9","0","4","4.882922989522995","1.5","0.7462875490779619","0.8370070466491786","0.6465358545084627","0.6465358545084627","0.1157982362815884","0.29254799703263074","50","50","50","5","5","True","5","0.0","0","3.29510498046875","50","50","50.0","","","moderate_shadow"
"fashion_mnist","20","2","mixed_maturity","access_freshness_lease","dirichlet_lcb","diverse_then_repeat_backdoor","0.5","2","2","5","5","0.5","20","9","1.5","5","honest-7","honest","incumbent","ADMITTED","ADMITTED","9","9","0","4","4.882922989522995","1.5","0.7462875490779619","0.8370070466491786","0.6465358545084627","0.6465358545084627","0.1157982362815884","0.29254799703263074","50","50","50","5","5","True","5","0.0","0","2.4061355590820312","50","50","50.0","","","moderate_shadow"
"fashion_mnist","20","2","mixed_maturity","access_freshness_lease","dirichlet_lcb","diverse_then_repeat_backdoor","0.5","2","2","5","5","0.5","20","9","1.5","5","honest-8","honest","incumbent","ADMITTED","ADMITTED","9","9","0","4","4.882922989522995","1.5","0.7462875490779619","0.8370070466491786","0.6465358545084627","0.6465358545084627","0.1157982362815884","0.29254799703263074","50","50","50","5","5","True","5","0.0","0","2.8706881999969482","50","50","50.0","","","moderate_shadow"
"fashion_mnist","20","2","mixed_maturity","access_freshness_lease","dirichlet_lcb","diverse_then_repeat_backdoor","0.5","2","2","5","5","0.5","20","9","1.5","5","honest-9","honest","incumbent","ADMITTED","ADMITTED","9","9","0","3","4.76698923888176","1.5","0.7437820368902304","0.8332768051183246","0.6393772482578011","0.6393772482578011","0.11788253356256753","0.28561047849957855","50","50","50","5","5","True","5","0.0","0","32.24666953086853","50","50","50.0","","","moderate_shadow"
"fashion_mnist","20","2","mixed_maturity","access_freshness_lease","dirichlet_lcb","diverse_then_repeat_backdoor","0.5","3","2","5","5","0.5","20","9","1.5","5","attacker-1","diverse_then_repeat_backdoor","newcomer","LIMITED","LIMITED","9","9","0","4","4.882922989522995","1.5","0.7462875490779619","0.8370070466491786","0.6465358545084627","0.6465358545084627","0.1157982362815884","0.29254799703263074","50","50","50","5","5","True","5","0.0","0","2.824028730392456","50","50","37.5","","","moderate_shadow"
"fashion_mnist","20","2","mixed_maturity","access_freshness_lease","dirichlet_lcb","diverse_then_repeat_backdoor","0.5","3","2","5","5","0.5","20","9","1.5","5","attacker-2","diverse_then_repeat_backdoor","newcomer","LIMITED","LIMITED","9","9","0","4","4.882922989522995","1.5","0.7462875490779619","0.8370070466491786","0.6465358545084627","0.6465358545084627","0.1157982362815884","0.29254799703263074","50","50","50","5","5","True","5","0.0","0","2.8564085960388184","50","50","37.5","","","moderate_shadow"
"fashion_mnist","20","2","mixed_maturity","access_freshness_lease","dirichlet_lcb","diverse_then_repeat_backdoor","0.5","3","2","5","5","0.5","20","9","1.5","5","honest-1","honest","incumbent","ADMITTED","ADMITTED","9","9","0","4","4.882922989522995","1.5","0.7462875490779619","0.8370070466491786","0.6465358545084627","0.6465358545084627","0.1157982362815884","0.29254799703263074","50","50","50","5","5","True","5","0.0","0","2.581328868865967","50","50","50.0","","","moderate_shadow"
"fashion_mnist","20","2","mixed_maturity","access_freshness_lease","dirichlet_lcb","diverse_then_repeat_backdoor","0.5","3","2","5","5","0.5","20","9","1.5","5","honest-10","honest","incumbent","ADMITTED","ADMITTED","9","9","0","4","4.882922989522995","1.5","0.7462875490779619","0.8370070466491786","0.6465358545084627","0.6465358545084627","0.1157982362815884","0.29254799703263074","50","50","50","5","5","True","5","0.0","0","2.923421859741211","50","50","50.0","","","moderate_shadow"
"fashion_mnist","20","2","mixed_maturity","access_freshness_lease","dirichlet_lcb","diverse_then_repeat_backdoor","0.5","3","2","5","5","0.5","20","9","1.5","5","honest-11","honest","incumbent","ADMITTED","ADMITTED","9","9","0","4","4.882922989522995","1.5","0.7462875490779619","0.8370070466491786","0.6465358545084627","0.6465358545084627","0.1157982362815884","0.29254799703263074","50","50","50","5","5","True","5","0.0","0","2.4733660221099854","50","50","50.0","","","moderate_shadow"
"fashion_mnist","20","2","mixed_maturity","access_freshness_lease","dirichlet_lcb","diverse_then_repeat_backdoor","0.5","3","2","5","5","0.5","20","9","1.5","5","honest-12","honest","incumbent","ADMITTED","ADMITTED","9","9","0","4","4.882922989522995","1.5","0.7462875490779619","0.8370070466491786","0.6465358545084627","0.6465358545084627","0.1157982362815884","0.29254799703263074","50","50","50","5","5","True","5","0.0","0","1.9544870853424072","50","50","50.0","","","moderate_shadow"
"fashion_mnist","20","2","mixed_maturity","access_freshness_lease","dirichlet_lcb","diverse_then_repeat_backdoor","0.5","3","2","5","5","0.5","20","9","1.5","5","honest-13","honest","incumbent","ADMITTED","ADMITTED","9","9","0","4","4.882922989522995","1.5","0.7462875490779619","0.8370070466491786","0.6465358545084627","0.6465358545084627","0.1157982362815884","0.29254799703263074","50","50","50","5","5","True","5","0.0","0","3.2491073608398438","50","50","50.0","","","moderate_shadow"
"fashion_mnist","20","2","mixed_maturity","access_freshness_lease","dirichlet_lcb","diverse_then_repeat_backdoor","0.5","3","2","5","5","0.5","20","9","1.5","5","honest-14","honest","incumbent","ADMITTED","ADMITTED","9","9","0","4","4.882922989522995","1.5","0.7462875490779619","0.8370070466491786","0.6465358545084627","0.6465358545084627","0.1157982362815884","0.29254799703263074","50","50","50","5","5","True","5","0.0","0","2.499298334121704","50","50","50.0","","","moderate_shadow"
"fashion_mnist","20","2","mixed_maturity","access_freshness_lease","dirichlet_lcb","diverse_then_repeat_backdoor","0.5","3","2","5","5","0.5","20","9","1.5","5","honest-15","honest","incumbent","ADMITTED","ADMITTED","9","9","0","4","4.882922989522995","1.5","0.7462875490779619","0.8370070466491786","0.6465358545084627","0.6465358545084627","0.1157982362815884","0.29254799703263074","50","50","50","5","5","True","5","0.0","0","32.75710582733154","50","50","50.0","","","moderate_shadow"
"fashion_mnist","20","2","mixed_maturity","access_freshness_lease","dirichlet_lcb","diverse_then_repeat_backdoor","0.5","3","2","5","5","0.5","20","9","1.5","5","honest-16","honest","incumbent","ADMITTED","ADMITTED","9","9","0","3","5.004489238881761","1.5","0.7503560216234088","0.8430201361031787","0.6581600617811678","0.6581600617811678","0.11238691964272261","0.3041175807403508","50","50","50","5","5","True","5","0.0","0","32.383299589157104","50","50","50.0","","","moderate_shadow"
"fashion_mnist","20","2","mixed_maturity","access_freshness_lease","dirichlet_lcb","diverse_then_repeat_backdoor","0.5","3","2","5","5","0.5","20","9","1.5","5","honest-17","honest","incumbent","ADMITTED","ADMITTED","12","12","0","3","5.3499694871438415","1.5","0.7478143545076069","0.8392699711010733","0.6508981557360198","0.6508981557360198","0.11452190611753592","0.2968448682209436","50","50","50","5","5","True","5","0.0","0","63.36007475852966","50","50","50.0","","","moderate_shadow"
"fashion_mnist","20","2","mixed_maturity","access_freshness_lease","dirichlet_lcb","diverse_then_repeat_backdoor","0.5","3","2","5","5","0.5","20","9","1.5","5","honest-18","honest","incumbent","ADMITTED","ADMITTED","9","9","0","4","4.882922989522995","1.5","0.7462875490779619","0.8370070466491786","0.6465358545084627","0.6465358545084627","0.1157982362815884","0.29254799703263074","50","50","50","5","5","True","5","0.0","0","2.4608781337738037","50","50","50.0","","","moderate_shadow"
"fashion_mnist","20","2","mixed_maturity","access_freshness_lease","dirichlet_lcb","diverse_then_repeat_backdoor","0.5","3","2","5","5","0.5","20","9","1.5","5","honest-2","honest","incumbent","ADMITTED","ADMITTED","9","9","0","4","4.882922989522995","1.5","0.7462875490779619","0.8370070466491786","0.6465358545084627","0.6465358545084627","0.1157982362815884","0.29254799703263074","50","50","50","5","5","True","5","0.0","0","3.305971622467041","50","50","50.0","","","moderate_shadow"
"fashion_mnist","20","2","mixed_maturity","access_freshness_lease","dirichlet_lcb","diverse_then_repeat_backdoor","0.5","3","2","5","5","0.5","20","9","1.5","5","honest-3","honest","incumbent","ADMITTED","ADMITTED","9","9","0","4","4.882922989522995","1.5","0.7462875490779619","0.8370070466491786","0.6465358545084627","0.6465358545084627","0.1157982362815884","0.29254799703263074","50","50","50","5","5","True","5","0.0","0","2.3254127502441406","50","50","50.0","","","moderate_shadow"
"fashion_mnist","20","2","mixed_maturity","access_freshness_lease","dirichlet_lcb","diverse_then_repeat_backdoor","0.5","3","2","5","5","0.5","20","9","1.5","5","honest-4","honest","incumbent","ADMITTED","ADMITTED","9","9","0","4","4.882922989522995","1.5","0.7462875490779619","0.8370070466491786","0.6465358545084627","0.6465358545084627","0.1157982362815884","0.29254799703263074","50","50","50","5","5","True","5","0.0","0","33.02092981338501","50","50","50.0","","","moderate_shadow"
"fashion_mnist","20","2","mixed_maturity","access_freshness_lease","dirichlet_lcb","diverse_then_repeat_backdoor","0.5","3","2","5","5","0.5","20","9","1.5","5","honest-5","honest","incumbent","ADMITTED","ADMITTED","9","9","0","4","4.882922989522995","1.5","0.7462875490779619","0.8370070466491786","0.6465358545084627","0.6465358545084627","0.1157982362815884","0.29254799703263074","50","50","50","5","5","True","5","0.0","0","32.71630001068115","50","50","50.0","","","moderate_shadow"
"fashion_mnist","20","2","mixed_maturity","access_freshness_lease","dirichlet_lcb","diverse_then_repeat_backdoor","0.5","3","2","5","5","0.5","20","9","1.5","5","honest-6","honest","incumbent","ADMITTED","ADMITTED","9","9","0","4","4.882922989522995","1.5","0.7462875490779619","0.8370070466491786","0.6465358545084627","0.6465358545084627","0.1157982362815884","0.29254799703263074","50","50","50","5","5","True","5","0.0","0","32.68835258483887","50","50","50.0","","","moderate_shadow"
"fashion_mnist","20","2","mixed_maturity","access_freshness_lease","dirichlet_lcb","diverse_then_repeat_backdoor","0.5","3","2","5","5","0.5","20","9","1.5","5","honest-7","honest","incumbent","ADMITTED","ADMITTED","9","9","0","4","4.882922989522995","1.5","0.7462875490779619","0.8370070466491786","0.6465358545084627","0.6465358545084627","0.1157982362815884","0.29254799703263074","50","50","50","5","5","True","5","0.0","0","3.3739359378814697","50","50","50.0","","","moderate_shadow"
"fashion_mnist","20","2","mixed_maturity","access_freshness_lease","dirichlet_lcb","diverse_then_repeat_backdoor","0.5","3","2","5","5","0.5","20","9","1.5","5","honest-8","honest","incumbent","ADMITTED","ADMITTED","9","9","0","4","4.882922989522995","1.5","0.7462875490779619","0.8370070466491786","0.6465358545084627","0.6465358545084627","0.1157982362815884","0.29254799703263074","50","50","50","5","5","True","5","0.0","0","3.39374041557312","50","50","50.0","","","moderate_shadow"
"fashion_mnist","20","2","mixed_maturity","access_freshness_lease","dirichlet_lcb","diverse_then_repeat_backdoor","0.5","3","2","5","5","0.5","20","9","1.5","5","honest-9","honest","incumbent","ADMITTED","ADMITTED","9","9","0","4","4.882922989522995","1.5","0.7462875490779619","0.8370070466491786","0.6465358545084627","0.6465358545084627","0.1157982362815884","0.29254799703263074","50","50","50","5","5","True","5","0.0","0","2.252254009246826","50","50","50.0","","","moderate_shadow"
"fashion_mnist","20","2","mixed_maturity","access_freshness_lease","dirichlet_lcb","diverse_then_repeat_backdoor","0.5","4","2","5","5","0.5","20","9","1.5","5","attacker-1","diverse_then_repeat_backdoor","newcomer","LIMITED","LIMITED","9","9","0","4","4.882922989522995","1.5","0.7462875490779619","0.8370070466491786","0.6465358545084627","0.6465358545084627","0.1157982362815884","0.29254799703263074","50","50","50","5","5","True","5","0.0","0","2.929504156112671","50","50","37.5","","","moderate_shadow"
"fashion_mnist","20","2","mixed_maturity","access_freshness_lease","dirichlet_lcb","diverse_then_repeat_backdoor","0.5","4","2","5","5","0.5","20","9","1.5","5","attacker-2","diverse_then_repeat_backdoor","newcomer","LIMITED","LIMITED","9","9","0","4","4.882922989522995","1.5","0.7462875490779619","0.8370070466491786","0.6465358545084627","0.6465358545084627","0.1157982362815884","0.29254799703263074","50","50","50","5","5","True","5","0.0","0","3.65964674949646","50","50","37.5","","","moderate_shadow"
"fashion_mnist","20","2","mixed_maturity","access_freshness_lease","dirichlet_lcb","diverse_then_repeat_backdoor","0.5","4","2","5","5","0.5","20","9","1.5","5","honest-1","honest","incumbent","ADMITTED","ADMITTED","9","9","0","4","4.882922989522995","1.5","0.7462875490779619","0.8370070466491786","0.6465358545084627","0.6465358545084627","0.1157982362815884","0.29254799703263074","50","50","50","5","5","True","5","0.0","0","3.4565846920013428","50","50","50.0","","","moderate_shadow"
"fashion_mnist","20","2","mixed_maturity","access_freshness_lease","dirichlet_lcb","diverse_then_repeat_backdoor","0.5","4","2","5","5","0.5","20","9","1.5","5","honest-10","honest","incumbent","ADMITTED","ADMITTED","9","9","0","4","4.882922989522995","1.5","0.7462875490779619","0.8370070466491786","0.6465358545084627","0.6465358545084627","0.1157982362815884","0.29254799703263074","50","50","50","5","5","True","5","0.0","0","63.166938066482544","50","50","50.0","","","moderate_shadow"
"fashion_mnist","20","2","mixed_maturity","access_freshness_lease","dirichlet_lcb","diverse_then_repeat_backdoor","0.5","4","2","5","5","0.5","20","9","1.5","5","honest-11","honest","incumbent","ADMITTED","ADMITTED","9","9","0","4","4.882922989522995","1.5","0.7462875490779619","0.8370070466491786","0.6465358545084627","0.6465358545084627","0.1157982362815884","0.29254799703263074","50","50","50","5","5","True","5","0.0","0","3.4554202556610107","50","50","50.0","","","moderate_shadow"
"fashion_mnist","20","2","mixed_maturity","access_freshness_lease","dirichlet_lcb","diverse_then_repeat_backdoor","0.5","4","2","5","5","0.5","20","9","1.5","5","honest-12","honest","incumbent","ADMITTED","ADMITTED","9","9","0","4","4.882922989522995","1.5","0.7462875490779619","0.8370070466491786","0.6465358545084627","0.6465358545084627","0.1157982362815884","0.29254799703263074","50","50","50","5","5","True","5","0.0","0","2.6570184230804443","50","50","50.0","","","moderate_shadow"
"fashion_mnist","20","2","mixed_maturity","access_freshness_lease","dirichlet_lcb","diverse_then_repeat_backdoor","0.5","4","2","5","5","0.5","20","9","1.5","5","honest-13","honest","incumbent","ADMITTED","ADMITTED","9","9","0","4","4.882922989522995","1.5","0.7462875490779619","0.8370070466491786","0.6465358545084627","0.6465358545084627","0.1157982362815884","0.29254799703263074","50","50","50","5","5","True","5","0.0","0","2.5795769691467285","50","50","50.0","","","moderate_shadow"
"fashion_mnist","20","2","mixed_maturity","access_freshness_lease","dirichlet_lcb","diverse_then_repeat_backdoor","0.5","4","2","5","5","0.5","20","9","1.5","5","honest-14","honest","incumbent","ADMITTED","ADMITTED","9","9","0","4","4.882922989522995","1.5","0.7462875490779619","0.8370070466491786","0.6465358545084627","0.6465358545084627","0.1157982362815884","0.29254799703263074","50","50","50","5","5","True","5","0.0","0","2.3702926635742188","50","50","50.0","","","moderate_shadow"
"fashion_mnist","20","2","mixed_maturity","access_freshness_lease","dirichlet_lcb","diverse_then_repeat_backdoor","0.5","4","2","5","5","0.5","20","9","1.5","5","honest-15","honest","incumbent","ADMITTED","ADMITTED","9","9","0","4","4.882922989522995","1.5","0.7462875490779619","0.8370070466491786","0.6465358545084627","0.6465358545084627","0.1157982362815884","0.29254799703263074","50","50","50","5","5","True","5","0.0","0","2.2124619483947754","50","50","50.0","","","moderate_shadow"
"fashion_mnist","20","2","mixed_maturity","access_freshness_lease","dirichlet_lcb","diverse_then_repeat_backdoor","0.5","4","2","5","5","0.5","20","9","1.5","5","honest-16","honest","incumbent","ADMITTED","ADMITTED","9","9","0","4","4.882922989522995","1.5","0.7462875490779619","0.8370070466491786","0.6465358545084627","0.6465358545084627","0.1157982362815884","0.29254799703263074","50","50","50","5","5","True","5","0.0","0","2.6179356575012207","50","50","50.0","","","moderate_shadow"
"fashion_mnist","20","2","mixed_maturity","access_freshness_lease","dirichlet_lcb","diverse_then_repeat_backdoor","0.5","4","2","5","5","0.5","20","9","1.5","5","honest-17","honest","incumbent","ADMITTED","ADMITTED","9","9","0","4","4.882922989522995","1.5","0.7462875490779619","0.8370070466491786","0.6465358545084627","0.6465358545084627","0.1157982362815884","0.29254799703263074","50","50","50","5","5","True","5","0.0","0","3.358037233352661","50","50","50.0","","","moderate_shadow"
"fashion_mnist","20","2","mixed_maturity","access_freshness_lease","dirichlet_lcb","diverse_then_repeat_backdoor","0.5","4","2","5","5","0.5","20","9","1.5","5","honest-18","honest","incumbent","ADMITTED","ADMITTED","9","9","0","4","4.882922989522995","1.5","0.7462875490779619","0.8370070466491786","0.6465358545084627","0.6465358545084627","0.1157982362815884","0.29254799703263074","50","50","50","5","5","True","5","0.0","0","3.419459342956543","50","50","50.0","","","moderate_shadow"
"fashion_mnist","20","2","mixed_maturity","access_freshness_lease","dirichlet_lcb","diverse_then_repeat_backdoor","0.5","4","2","5","5","0.5","20","9","1.5","5","honest-2","honest","incumbent","ADMITTED","ADMITTED","9","9","0","4","4.882922989522995","1.5","0.7262875490779619","0.8370070466491786","0.6465358545084627","0.6465358545084627","0.1157982362815884","0.29254799703263074","50","50","50","5","5","True","5","0.0","0","33.9285192489624","50","50","50.0","","","moderate_shadow"
"fashion_mnist","20","2","mixed_maturity","access_freshness_lease","dirichlet_lcb","diverse_then_repeat_backdoor","0.5","4","2","5","5","0.5","20","9","1.5","5","honest-3","honest","incumbent","ADMITTED","ADMITTED","9","9","0","3","5.004489238881761","1.5","0.7503560216234088","0.8430201361031787","0.6581600617811678","0.6581600617811678","0.11238691964272261","0.3041175807403508","50","50","50","5","5","True","5","0.0","0","32.42115545272827","50","50","50.0","","","moderate_shadow"
"fashion_mnist","20","2","mixed_maturity","access_freshness_lease","dirichlet_lcb","diverse_then_repeat_backdoor","0.5","4","2","5","5","0.5","20","9","1.5","5","honest-4","honest","incumbent","ADMITTED","ADMITTED","9","9","0","4","4.882922989522995","1.5","0.7462875490779619","0.8370070466491786","0.6465358545084627","0.6465358545084627","0.1157982362815884","0.29254799703263074","50","50","50","5","5","True","5","0.0","0","32.339078187942505","50","50","50.0","","","moderate_shadow"
"fashion_mnist","20","2","mixed_maturity","access_freshness_lease","dirichlet_lcb","diverse_then_repeat_backdoor","0.5","4","2","5","5","0.5","20","9","1.5","5","honest-5","honest","incumbent","ADMITTED","ADMITTED","9","9","0","4","4.882922989522995","1.5","0.7462875490779619","0.8370070466491786","0.6465358545084627","0.6465358545084627","0.1157982362815884","0.29254799703263074","50","50","50","5","5","True","5","0.0","0","3.378284215927124","50","50","50.0","","","moderate_shadow"
"fashion_mnist","20","2","mixed_maturity","access_freshness_lease","dirichlet_lcb","diverse_then_repeat_backdoor","0.5","4","2","5","5","0.5","20","9","1.5","5","honest-6","honest","incumbent","ADMITTED","ADMITTED","9","9","0","4","4.882922989522995","1.5","0.7462875490779619","0.8370070466491786","0.6465358545084627","0.6465358545084627","0.1157982362815884","0.29254799703263074","50","50","50","5","5","True","5","0.0","0","3.661205291748047","50","50","50.0","","","moderate_shadow"
"fashion_mnist","20","2","mixed_maturity","access_freshness_lease","dirichlet_lcb","diverse_then_repeat_backdoor","0.5","4","2","5","5","0.5","20","9","1.5","5","honest-7","honest","incumbent","ADMITTED","ADMITTED","9","9","0","4","4.882922989522995","1.5","0.7462875490779619","0.8370070466491786","0.6465358545084627","0.6465358545084627","0.1157982362815884","0.29254799703263074","50","50","50","5","5","True","5","0.0","0","2.891920566558838","50","50","50.0","","","moderate_shadow"
"fashion_mnist","20","2","mixed_maturity","access_freshness_lease","dirichlet_lcb","diverse_then_repeat_backdoor","0.5","4","2","5","5","0.5","20","9","1.5","5","honest-8","honest","incumbent","ADMITTED","ADMITTED","9","9","0","4","4.882922989522995","1.5","0.7462875490779619","0.8370070466491786","0.6465358545084627","0.6465358545084627","0.1157982362815884","0.29254799703263074","50","50","50","5","5","True","5","0.0","0","2.1789252758026123","50","50","50.0","","","moderate_shadow"
"fashion_mnist","20","2","mixed_maturity","access_freshness_lease","dirichlet_lcb","diverse_then_repeat_backdoor","0.5","4","2","5","5","0.5","20","9","1.5","5","honest-9","honest","incumbent","ADMITTED","ADMITTED","9","9","0","4","4.882922989522995","1.5","0.7462875490779619","0.8370070466491786","0.6465358545084627","0.6465358545084627","0.1157982362815884","0.29254799703263074","50","50","50","5","5","True","5","0.0","0","2.6478006839752197","50","50","50.0","","","moderate_shadow"
"fashion_mnist","20","2","mixed_maturity","access_freshness_lease","dirichlet_lcb","benign_concept_drift","0.5","0","2","5","5","0.5","20","9","1.5","5","attacker-1","benign_concept_drift","newcomer","LIMITED","LIMITED","9","9","0","4","4.882922989522995","1.5","0.7462875490779619","0.8370070466491786","0.6465358545084627","0.6465358545084627","0.1157982362815884","0.29254799703263074","50","50","50","5","5","True","5","0.0","0","3.5117366313934326","50","50","37.5","","","moderate_shadow"
"fashion_mnist","20","2","mixed_maturity","access_freshness_lease","dirichlet_lcb","benign_concept_drift","0.5","0","2","5","5","0.5","20","9","1.5","5","attacker-2","benign_concept_drift","newcomer","LIMITED","LIMITED","9","9","0","4","4.882922989522995","1.5","0.7462875490779619","0.8370070466491786","0.6465358545084627","0.6465358545084627","0.1157982362815884","0.29254799703263074","50","50","50","5","5","True","5","0.0","0","3.2385590076446533","50","50","37.5","","","moderate_shadow"
"fashion_mnist","20","2","mixed_maturity","access_freshness_lease","dirichlet_lcb","benign_concept_drift","0.5","0","2","5","5","0.5","20","9","1.5","5","honest-1","honest","incumbent","ADMITTED","ADMITTED","9","9","0","4","4.882922989522995","1.5","0.7462875490779619","0.8370070466491786","0.6465358545084627","0.6465358545084627","0.1157982362815884","0.29254799703263074","50","50","50","5","5","True","5","0.0","0","33.4572651386261","50","50","50.0","","","moderate_shadow"
"fashion_mnist","20","2","mixed_maturity","access_freshness_lease","dirichlet_lcb","benign_concept_drift","0.5","0","2","5","5","0.5","20","9","1.5","5","honest-10","honest","incumbent","ADMITTED","ADMITTED","9","9","0","4","4.882922989522995","1.5","0.7462875490779619","0.8370070466491786","0.6465358545084627","0.6465358545084627","0.1157982362815884","0.29254799703263074","50","50","50","5","5","True","5","0.0","0","2.468402624130249","50","50","50.0","","","moderate_shadow"
"fashion_mnist","20","2","mixed_maturity","access_freshness_lease","dirichlet_lcb","benign_concept_drift","0.5","0","2","5","5","0.5","20","9","1.5","5","honest-11","honest","incumbent","ADMITTED","ADMITTED","9","9","0","4","4.882922989522995","1.5","0.7462875490779619","0.8370070466491786","0.6465358545084627","0.6465358545084627","0.1157982362815884","0.29254799703263074","50","50","50","5","5","True","5","0.0","0","2.260354995727539","50","50","50.0","","","moderate_shadow"
"fashion_mnist","20","2","mixed_maturity","access_freshness_lease","dirichlet_lcb","benign_concept_drift","0.5","0","2","5","5","0.5","20","9","1.5","5","honest-12","honest","incumbent","ADMITTED","ADMITTED","9","9","0","4","4.882922989522995","1.5","0.7462875490779619","0.8370070466491786","0.6465358545084627","0.6465358545084627","0.1157982362815884","0.29254799703263074","50","50","50","5","5","True","5","0.0","0","2.53000807762146","50","50","50.0","","","moderate_shadow"
"fashion_mnist","20","2","mixed_maturity","access_freshness_lease","dirichlet_lcb","benign_concept_drift","0.5","0","2","5","5","0.5","20","9","1.5","5","honest-13","honest","incumbent","ADMITTED","ADMITTED","9","9","0","4","4.882922989522995","1.5","0.7462875490779619","0.8370070466491786","0.6465358545084627","0.6465358545084627","0.1157982362815884","0.29254799703263074","50","50","50","5","5","True","5","0.0","0","3.3295445442199707","50","50","50.0","","","moderate_shadow"
"fashion_mnist","20","2","mixed_maturity","access_freshness_lease","dirichlet_lcb","benign_concept_drift","0.5","0","2","5","5","0.5","20","9","1.5","5","honest-14","honest","incumbent","ADMITTED","ADMITTED","9","9","0","4","4.882922989522995","1.5","0.7462875490779619","0.8370070466491786","0.6465358545084627","0.6465358545084627","0.1157982362815884","0.29254799703263074","50","50","50","5","5","True","5","0.0","0","3.455881357192993","50","50","50.0","","","moderate_shadow"
"fashion_mnist","20","2","mixed_maturity","access_freshness_lease","dirichlet_lcb","benign_concept_drift","0.5","0","2","5","5","0.5","20","9","1.5","5","honest-15","honest","incumbent","ADMITTED","ADMITTED","9","9","0","4","4.882922989522995","1.5","0.7462875490779619","0.8370070466491786","0.6465358545084627","0.6465358545084627","0.1157982362815884","0.29254799703263074","50","50","50","5","5","True","5","0.0","0","2.326164722442627","50","50","50.0","","","moderate_shadow"
"fashion_mnist","20","2","mixed_maturity","access_freshness_lease","dirichlet_lcb","benign_concept_drift","0.5","0","2","5","5","0.5","20","9","1.5","5","honest-16","honest","incumbent","ADMITTED","ADMITTED","9","9","0","4","4.882922989522995","1.5","0.7462875490779619","0.8370070466491786","0.6465358545084627","0.6465358545084627","0.1157982362815884","0.29254799703263074","50","50","50","5","5","True","5","0.0","0","2.5859851837158203","50","50","50.0","","","moderate_shadow"
"fashion_mnist","20","2","mixed_maturity","access_freshness_lease","dirichlet_lcb","benign_concept_drift","0.5","0","2","5","5","0.5","20","9","1.5","5","honest-17","honest","incumbent","ADMITTED","ADMITTED","9","9","0","4","4.882922989522995","1.5","0.7462875490779619","0.8370070466491786","0.6465358545084627","0.6465358545084627","0.1157982362815884","0.29254799703263074","50","50","50","5","5","True","5","0.0","0","3.4268429279327393","50","50","50.0","","","moderate_shadow"
"fashion_mnist","20","2","mixed_maturity","access_freshness_lease","dirichlet_lcb","benign_concept_drift","0.5","0","2","5","5","0.5","20","9","1.5","5","honest-18","honest","incumbent","ADMITTED","ADMITTED","9","9","0","4","4.882922989522995","1.5","0.7462875490779619","0.8370070466491786","0.6465358545084627","0.6465358545084627","0.1157982362815884","0.29254799703263074","50","50","50","5","5","True","5","0.0","0","3.4324235916137695","50","50","50.0","","","moderate_shadow"
"fashion_mnist","20","2","mixed_maturity","access_freshness_lease","dirichlet_lcb","benign_concept_drift","0.5","0","2","5","5","0.5","20","9","1.5","5","honest-2","honest","incumbent","ADMITTED","ADMITTED","9","9","0","4","4.882922989522995","1.5","0.7462875490779619","0.8370070466491786","0.6465358545084627","0.6465358545084627","0.1157982362815884","0.29254799703263074","50","50","50","5","5","True","5","0.0","0","2.3528239727020264","50","50","50.0","","","moderate_shadow"
"fashion_mnist","20","2","mixed_maturity","access_freshness_lease","dirichlet_lcb","benign_concept_drift","0.5","0","2","5","5","0.5","20","9","1.5","5","honest-3","honest","incumbent","ADMITTED","ADMITTED","9","9","0","4","4.882922989522995","1.5","0.7462875490779619","0.8370070466491786","0.6465358545084627","0.6465358545084627","0.1157982362815884","0.29254799703263074","50","50","50","5","5","True","5","0.0","0","3.771282196044922","50","50","50.0","","","moderate_shadow"
"fashion_mnist","20","2","mixed_maturity","access_freshness_lease","dirichlet_lcb","benign_concept_drift","0.5","0","2","5","5","0.5","20","9","1.5","5","honest-4","honest","incumbent","ADMITTED","ADMITTED","9","9","0","4","4.882922989522995","1.5","0.7462875490779619","0.8370070466491786","0.6465358545084627","0.6465358545084627","0.1157982362815884","0.29254799703263074","50","50","50","5","5","True","5","0.0","0","2.7374284267425537","50","50","50.0","","","moderate_shadow"
"fashion_mnist","20","2","mixed_maturity","access_freshness_lease","dirichlet_lcb","benign_concept_drift","0.5","0","2","5","5","0.5","20","9","1.5","5","honest-5","honest","incumbent","ADMITTED","ADMITTED","9","9","0","4","4.882922989522995","1.5","0.7462875490779619","0.8370070466491786","0.6465358545084627","0.6465358545084627","0.1157982362815884","0.29254799703263074","50","50","50","5","5","True","5","0.0","0","3.379668712615967","50","50","50.0","","","moderate_shadow"
"fashion_mnist","20","2","mixed_maturity","access_freshness_lease","dirichlet_lcb","benign_concept_drift","0.5","0","2","5","5","0.5","20","9","1.5","5","honest-6","honest","incumbent","ADMITTED","ADMITTED","9","9","0","4","4.882922989522995","1.5","0.7462875490779619","0.8370070466491786","0.6465358545084627","0.6465358545084627","0.1157982362815884","0.29254799703263074","50","50","50","5","5","True","5","0.0","0","3.598768472671509","50","50","50.0","","","moderate_shadow"
"fashion_mnist","20","2","mixed_maturity","access_freshness_lease","dirichlet_lcb","benign_concept_drift","0.5","0","2","5","5","0.5","20","9","1.5","5","honest-7","honest","incumbent","ADMITTED","ADMITTED","9","9","0","4","4.882922989522995","1.5","0.7462875490779619","0.8370070466491786","0.6465358545084627","0.6465358545084627","0.1157982362815884","0.29254799703263074","50","50","50","5","5","True","5","0.0","0","92.73114919662476","50","50","50.0","","","moderate_shadow"
"fashion_mnist","20","2","mixed_maturity","access_freshness_lease","dirichlet_lcb","benign_concept_drift","0.5","0","2","5","5","0.5","20","9","1.5","5","honest-8","honest","incumbent","ADMITTED","ADMITTED","9","9","0","4","4.882922989522995","1.5","0.7462875490779619","0.8370070466491786","0.6465358545084627","0.6465358545084627","0.1157982362815884","0.29254799703263074","50","50","50","5","5","True","5","0.0","0","3.3317222595214844","50","50","50.0","","","moderate_shadow"
"fashion_mnist","20","2","mixed_maturity","access_freshness_lease","dirichlet_lcb","benign_concept_drift","0.5","0","2","5","5","0.5","20","9","1.5","5","honest-9","honest","incumbent","ADMITTED","ADMITTED","9","9","0","4","4.882922989522995","1.5","0.7462875490779619","0.8370070466491786","0.6465358545084627","0.6465358545084627","0.1157982362815884","0.29254799703263074","50","50","50","5","5","True","5","0.0","0","2.7714195251464844","50","50","50.0","","","moderate_shadow"
"fashion_mnist","20","2","mixed_maturity","access_freshness_lease","dirichlet_lcb","benign_concept_drift","0.5","1","2","5","5","0.5","20","9","1.5","5","attacker-1","benign_concept_drift","newcomer","LIMITED","LIMITED","9","9","0","4","4.882922989522995","1.5","0.7462875490779619","0.8370070466491786","0.6465358545084627","0.6465358545084627","0.1157982362815884","0.29254799703263074","50","50","50","5","5","True","5","0.0","0","3.012624740600586","50","50","37.5","","","moderate_shadow"
"fashion_mnist","20","2","mixed_maturity","access_freshness_lease","dirichlet_lcb","benign_concept_drift","0.5","1","2","5","5","0.5","20","9","1.5","5","attacker-2","benign_concept_drift","newcomer","LIMITED","LIMITED","9","9","0","4","4.882922989522995","1.5","0.7462875490779619","0.8370070466491786","0.6465358545084627","0.6465358545084627","0.1157982362815884","0.29254799703263074","50","50","50","5","5","True","5","0.0","0","2.2622318267822266","50","50","37.5","","","moderate_shadow"
"fashion_mnist","20","2","mixed_maturity","access_freshness_lease","dirichlet_lcb","benign_concept_drift","0.5","1","2","5","5","0.5","20","9","1.5","5","honest-1","honest","incumbent","ADMITTED","ADMITTED","9","9","0","4","4.882922989522995","1.5","0.7462875490779619","0.8370070466491786","0.6465358545084627","0.6465358545084627","0.1157982362815884","0.29254799703263074","50","50","50","5","5","True","5","0.0","0","2.6966521739959717","50","50","50.0","","","moderate_shadow"
"fashion_mnist","20","2","mixed_maturity","access_freshness_lease","dirichlet_lcb","benign_concept_drift","0.5","1","2","5","5","0.5","20","9","1.5","5","honest-10","honest","incumbent","ADMITTED","ADMITTED","9","9","0","4","4.882922989522995","1.5","0.7462875490779619","0.8370070466491786","0.6465358545084627","0.6465358545084627","0.1157982362815884","0.29254799703263074","50","50","50","5","5","True","5","0.0","0","33.05014252662659","50","50","50.0","","","moderate_shadow"
"fashion_mnist","20","2","mixed_maturity","access_freshness_lease","dirichlet_lcb","benign_concept_drift","0.5","1","2","5","5","0.5","20","9","1.5","5","honest-11","honest","incumbent","ADMITTED","ADMITTED","9","9","0","4","4.882922989522995","1.5","0.7462875490779619","0.8370070466491786","0.6465358545084627","0.6465358545084627","0.1157982362815884","0.29254799703263074","50","50","50","5","5","True","5","0.0","0","2.231306314468384","50","50","50.0","","","moderate_shadow"
"fashion_mnist","20","2","mixed_maturity","access_freshness_lease","dirichlet_lcb","benign_concept_drift","0.5","1","2","5","5","0.5","20","9","1.5","5","honest-12","honest","incumbent","ADMITTED","ADMITTED","9","9","0","4","4.882922989522995","1.5","0.7462875490779619","0.8370070466491786","0.6465358545084627","0.6465358545084627","0.1157982362815884","0.29254799703263074","50","50","50","5","5","True","5","0.0","0","3.473156452178955","50","50","50.0","","","moderate_shadow"
"fashion_mnist","20","2","mixed_maturity","access_freshness_lease","dirichlet_lcb","benign_concept_drift","0.5","1","2","5","5","0.5","20","9","1.5","5","honest-13","honest","incumbent","ADMITTED","ADMITTED","9","9","0","4","4.882922989522995","1.5","0.7462875490779619","0.8370070466491786","0.6465358545084627","0.6465358545084627","0.1157982362815884","0.29254799703263074","50","50","50","5","5","True","5","0.0","0","2.3104217052459717","50","50","50.0","","","moderate_shadow"
"fashion_mnist","20","2","mixed_maturity","access_freshness_lease","dirichlet_lcb","benign_concept_drift","0.5","1","2","5","5","0.5","20","9","1.5","5","honest-14","honest","incumbent","ADMITTED","ADMITTED","9","9","0","4","4.882922989522995","1.5","0.7462875490779619","0.8370070466491786","0.6465358545084627","0.6465358545084627","0.1157982362815884","0.29254799703263074","50","50","50","5","5","True","5","0.0","0","2.168942928314209","50","50","50.0","","","moderate_shadow"
"fashion_mnist","20","2","mixed_maturity","access_freshness_lease","dirichlet_lcb","benign_concept_drift","0.5","1","2","5","5","0.5","20","9","1.5","5","honest-15","honest","incumbent","ADMITTED","ADMITTED","9","9","0","4","4.882922989522995","1.5","0.7462875490779619","0.8370070466491786","0.6465358545084627","0.6465358545084627","0.1157982362815884","0.29254799703263074","50","50","50","5","5","True","5","0.0","0","2.9197638034820557","50","50","50.0","","","moderate_shadow"
"fashion_mnist","20","2","mixed_maturity","access_freshness_lease","dirichlet_lcb","benign_concept_drift","0.5","1","2","5","5","0.5","20","9","1.5","5","honest-16","honest","incumbent","ADMITTED","ADMITTED","9","9","0","4","4.882922989522995","1.5","0.7462875490779619","0.8370070466491786","0.6465358545084627","0.6465358545084627","0.1157982362815884","0.29254799703263074","50","50","50","5","5","True","5","0.0","0","3.4264655113220215","50","50","50.0","","","moderate_shadow"
"fashion_mnist","20","2","mixed_maturity","access_freshness_lease","dirichlet_lcb","benign_concept_drift","0.5","1","2","5","5","0.5","20","9","1.5","5","honest-17","honest","incumbent","ADMITTED","ADMITTED","9","9","0","4","4.882922989522995","1.5","0.7462875490779619","0.8370070466491786","0.6465358545084627","0.6465358545084627","0.1157982362815884","0.29254799703263074","50","50","50","5","5","True","5","0.0","0","3.2212424278259277","50","50","50.0","","","moderate_shadow"
"fashion_mnist","20","2","mixed_maturity","access_freshness_lease","dirichlet_lcb","benign_concept_drift","0.5","1","2","5","5","0.5","20","9","1.5","5","honest-18","honest","incumbent","ADMITTED","ADMITTED","9","9","0","3","4.5294892388817605","1.5","0.7401065581334588","0.8277664507491892","0.6288758803813109","0.6288758803813109","0.12091685363435191","0.27568090107538146","50","50","50","5","5","True","5","0.0","0","32.77397108078003","50","50","50.0","","","moderate_shadow"
"fashion_mnist","20","2","mixed_maturity","access_freshness_lease","dirichlet_lcb","benign_concept_drift","0.5","1","2","5","5","0.5","20","9","1.5","5","honest-2","honest","incumbent","ADMITTED","ADMITTED","9","9","0","3","5.004489238881761","1.5","0.7503560216234088","0.8430201361031787","0.6581600617811678","0.6581600617811678","0.11238691964272261","0.3041175807403508","50","50","50","5","5","True","5","0.0","0","62.554216146469116","50","50","50.0","","","moderate_shadow"
"fashion_mnist","20","2","mixed_maturity","access_freshness_lease","dirichlet_lcb","benign_concept_drift","0.5","1","2","5","5","0.5","20","9","1.5","5","honest-3","honest","incumbent","ADMITTED","ADMITTED","9","9","0","4","4.882922989522995","1.5","0.7462875490779619","0.8370070466491786","0.6465358545084627","0.6465358545084627","0.1157982362815884","0.29254799703263074","50","50","50","5","5","True","5","0.0","0","32.876357555389404","50","50","50.0","","","moderate_shadow"
"fashion_mnist","20","2","mixed_maturity","access_freshness_lease","dirichlet_lcb","benign_concept_drift","0.5","1","2","5","5","0.5","20","9","1.5","5","honest-4","honest","incumbent","ADMITTED","ADMITTED","9","9","0","4","4.882922989522995","1.5","0.7462875490779619","0.8370070466491786","0.6465358545084627","0.6465358545084627","0.1157982362815884","0.29254799703263074","50","50","50","5","5","True","5","0.0","0","2.945056200027466","50","50","50.0","","","moderate_shadow"
"fashion_mnist","20","2","mixed_maturity","access_freshness_lease","dirichlet_lcb","benign_concept_drift","0.5","1","2","5","5","0.5","20","9","1.5","5","honest-5","honest","incumbent","ADMITTED","ADMITTED","9","9","0","4","4.882922989522995","1.5","0.7462875490779619","0.8370070466491786","0.6465358545084627","0.6465358545084627","0.1157982362815884","0.29254799703263074","50","50","50","5","5","True","5","0.0","0","32.89890122413635","50","50","50.0","","","moderate_shadow"
"fashion_mnist","20","2","mixed_maturity","access_freshness_lease","dirichlet_lcb","benign_concept_drift","0.5","1","2","5","5","0.5","20","9","1.5","5","honest-6","honest","incumbent","ADMITTED","ADMITTED","9","9","0","4","4.882922989522995","1.5","0.7462875490779619","0.8370070466491786","0.6465358545084627","0.6465358545084627","0.1157982362815884","0.29254799703263074","50","50","50","5","5","True","5","0.0","0","2.518423557281494","50","50","50.0","","","moderate_shadow"
"fashion_mnist","20","2","mixed_maturity","access_freshness_lease","dirichlet_lcb","benign_concept_drift","0.5","1","2","5","5","0.5","20","9","1.5","5","honest-7","honest","incumbent","ADMITTED","ADMITTED","9","9","0","4","4.882922989522995","1.5","0.7462875490779619","0.8370070466491786","0.6465358545084627","0.6465358545084627","0.1157982362815884","0.29254799703263074","50","50","50","5","5","True","5","0.0","0","32.7095673084259","50","50","50.0","","","moderate_shadow"
"fashion_mnist","20","2","mixed_maturity","access_freshness_lease","dirichlet_lcb","benign_concept_drift","0.5","1","2","5","5","0.5","20","9","1.5","5","honest-8","honest","incumbent","ADMITTED","ADMITTED","9","9","0","4","4.882922989522995","1.5","0.7462875490779619","0.8370070466491786","0.6465358545084627","0.6465358545084627","0.1157982362815884","0.29254799703263074","50","50","50","5","5","True","5","0.0","0","2.4501965045928955","50","50","50.0","","","moderate_shadow"
"fashion_mnist","20","2","mixed_maturity","access_freshness_lease","dirichlet_lcb","benign_concept_drift","0.5","1","2","5","5","0.5","20","9","1.5","5","honest-9","honest","incumbent","ADMITTED","ADMITTED","9","9","0","4","4.882922989522995","1.5","0.7462875490779619","0.8370070466491786","0.6465358545084627","0.6465358545084627","0.1157982362815884","0.29254799703263074","50","50","50","5","5","True","5","0.0","0","3.48797869682312","50","50","50.0","","","moderate_shadow"
"fashion_mnist","20","2","mixed_maturity","access_freshness_lease","dirichlet_lcb","benign_concept_drift","0.5","2","2","5","5","0.5","20","9","1.5","5","attacker-1","benign_concept_drift","newcomer","LIMITED","LIMITED","9","9","0","4","4.882922989522995","1.5","0.7462875490779619","0.8370070466491786","0.6465358545084627","0.6465358545084627","0.1157982362815884","0.29254799703263074","50","50","50","5","5","True","5","0.0","0","3.547860622406006","50","50","37.5","","","moderate_shadow"
"fashion_mnist","20","2","mixed_maturity","access_freshness_lease","dirichlet_lcb","benign_concept_drift","0.5","2","2","5","5","0.5","20","9","1.5","5","attacker-2","benign_concept_drift","newcomer","LIMITED","LIMITED","9","9","0","4","4.882922989522995","1.5","0.7462875490779619","0.8370070466491786","0.6465358545084627","0.6465358545084627","0.1157982362815884","0.29254799703263074","50","50","50","5","5","True","5","0.0","0","2.974902629852295","50","50","37.5","","","moderate_shadow"
"fashion_mnist","20","2","mixed_maturity","access_freshness_lease","dirichlet_lcb","benign_concept_drift","0.5","2","2","5","5","0.5","20","9","1.5","5","honest-1","honest","incumbent","ADMITTED","ADMITTED","9","9","0","4","4.882922989522995","1.5","0.7462875490779619","0.8370070466491786","0.6465358545084627","0.6465358545084627","0.1157982362815884","0.29254799703263074","50","50","50","5","5","True","5","0.0","0","32.66773056983948","50","50","50.0","","","moderate_shadow"
"fashion_mnist","20","2","mixed_maturity","access_freshness_lease","dirichlet_lcb","benign_concept_drift","0.5","2","2","5","5","0.5","20","9","1.5","5","honest-10","honest","incumbent","ADMITTED","ADMITTED","11","11","0","3","5.419531626612037","1.5","0.7509212720692868","0.8438513019312254","0.6597750630551052","0.6597750630551052","0.11191038163637629","0.3057557302355997","50","50","50","5","5","True","5","0.0","0","62.85042214393616","50","50","50.0","","","moderate_shadow"
"fashion_mnist","20","2","mixed_maturity","access_freshness_lease","dirichlet_lcb","benign_concept_drift","0.5","2","2","5","5","0.5","20","9","1.5","5","honest-11","honest","incumbent","ADMITTED","ADMITTED","9","9","0","4","4.882922989522995","1.5","0.7462875490779619","0.8370070466491786","0.6465358545084627","0.6465358545084627","0.1157982362815884","0.29254799703263074","50","50","50","5","5","True","5","0.0","0","32.5556914806366","50","50","50.0","","","moderate_shadow"
"fashion_mnist","20","2","mixed_maturity","access_freshness_lease","dirichlet_lcb","benign_concept_drift","0.5","2","2","5","5","0.5","20","9","1.5","5","honest-12","honest","incumbent","ADMITTED","ADMITTED","9","9","0","4","4.882922989522995","1.5","0.7462875490779619","0.8370070466491786","0.6465358545084627","0.6465358545084627","0.1157982362815884","0.29254799703263074","50","50","50","5","5","True","5","0.0","0","32.34394335746765","50","50","50.0","","","moderate_shadow"
"fashion_mnist","20","2","mixed_maturity","access_freshness_lease","dirichlet_lcb","benign_concept_drift","0.5","2","2","5","5","0.5","20","9","1.5","5","honest-13","honest","incumbent","ADMITTED","ADMITTED","9","9","0","4","4.882922989522995","1.5","0.7462875490779619","0.8370070466491786","0.6465358545084627","0.6465358545084627","0.1157982362815884","0.29254799703263074","50","50","50","5","5","True","5","0.0","0","3.1103224754333496","50","50","50.0","","","moderate_shadow"
"fashion_mnist","20","2","mixed_maturity","access_freshness_lease","dirichlet_lcb","benign_concept_drift","0.5","2","2","5","5","0.5","20","9","1.5","5","honest-14","honest","incumbent","ADMITTED","ADMITTED","9","9","0","4","4.882922989522995","1.5","0.7462875490779619","0.8370070466491786","0.6465358545084627","0.6465358545084627","0.1157982362815884","0.29254799703263074","50","50","50","5","5","True","5","0.0","0","3.709426164627075","50","50","50.0","","","moderate_shadow"
"fashion_mnist","20","2","mixed_maturity","access_freshness_lease","dirichlet_lcb","benign_concept_drift","0.5","2","2","5","5","0.5","20","9","1.5","5","honest-15","honest","incumbent","ADMITTED","ADMITTED","9","9","0","4","4.882922989522995","1.5","0.7462875490779619","0.8370070466491786","0.6465358545084627","0.6465358545084627","0.1157982362815884","0.29254799703263074","50","50","50","5","5","True","5","0.0","0","2.5118346214294434","50","50","50.0","","","moderate_shadow"
"fashion_mnist","20","2","mixed_maturity","access_freshness_lease","dirichlet_lcb","benign_concept_drift","0.5","2","2","5","5","0.5","20","9","1.5","5","honest-16","honest","incumbent","ADMITTED","ADMITTED","9","9","0","4","4.882922989522995","1.5","0.7462875490779619","0.8370070466491786","0.6465358545084627","0.6465358545084627","0.1157982362815884","0.29254799703263074","50","50","50","5","5","True","5","0.0","0","32.337674379348755","50","50","50.0","","","moderate_shadow"
"fashion_mnist","20","2","mixed_maturity","access_freshness_lease","dirichlet_lcb","benign_concept_drift","0.5","2","2","5","5","0.5","20","9","1.5","5","honest-17","honest","incumbent","ADMITTED","ADMITTED","9","9","0","4","4.882922989522995","1.5","0.7462875490779619","0.8370070466491786","0.6465358545084627","0.6465358545084627","0.1157982362815884","0.29254799703263074","50","50","50","5","5","True","5","0.0","0","2.528067111968994","50","50","50.0","","","moderate_shadow"
"fashion_mnist","20","2","mixed_maturity","access_freshness_lease","dirichlet_lcb","benign_concept_drift","0.5","2","2","5","5","0.5","20","9","1.5","5","honest-18","honest","incumbent","ADMITTED","ADMITTED","9","9","0","4","4.882922989522995","1.5","0.7462875490779619","0.8370070466491786","0.6465358545084627","0.6465358545084627","0.1157982362815884","0.29254799703263074","50","50","50","5","5","True","5","0.0","0","2.346114158630371","50","50","50.0","","","moderate_shadow"
"fashion_mnist","20","2","mixed_maturity","access_freshness_lease","dirichlet_lcb","benign_concept_drift","0.5","2","2","5","5","0.5","20","9","1.5","5","honest-2","honest","incumbent","ADMITTED","ADMITTED","9","9","0","4","4.882922989522995","1.5","0.7462875490779619","0.8370070466491786","0.6465358545084627","0.6465358545084627","0.1157982362815884","0.29254799703263074","50","50","50","5","5","True","5","0.0","0","2.5571677684783936","50","50","50.0","","","moderate_shadow"
"fashion_mnist","20","2","mixed_maturity","access_freshness_lease","dirichlet_lcb","benign_concept_drift","0.5","2","2","5","5","0.5","20","9","1.5","5","honest-3","honest","incumbent","ADMITTED","ADMITTED","9","9","0","4","4.882922989522995","1.5","0.7462875490779619","0.8370070466491786","0.6465358545084627","0.6465358545084627","0.1157982362815884","0.29254799703263074","50","50","50","5","5","True","5","0.0","0","3.5138652324676514","50","50","50.0","","","moderate_shadow"
"fashion_mnist","20","2","mixed_maturity","access_freshness_lease","dirichlet_lcb","benign_concept_drift","0.5","2","2","5","5","0.5","20","9","1.5","5","honest-4","honest","incumbent","ADMITTED","ADMITTED","9","9","0","4","4.882922989522995","1.5","0.7462875490779619","0.8370070466491786","0.6465358545084627","0.6465358545084627","0.1157982362815884","0.29254799703263074","50","50","50","5","5","True","5","0.0","0","3.5197150707244873","50","50","50.0","","","moderate_shadow"
"fashion_mnist","20","2","mixed_maturity","access_freshness_lease","dirichlet_lcb","benign_concept_drift","0.5","2","2","5","5","0.5","20","9","1.5","5","honest-5","honest","incumbent","ADMITTED","ADMITTED","9","9","0","4","4.882922989522995","1.5","0.7462875490779619","0.8370070466491786","0.6465358545084627","0.6465358545084627","0.1157982362815884","0.29254799703263074","50","50","50","5","5","True","5","0.0","0","33.40783333778381","50","50","50.0","","","moderate_shadow"
"fashion_mnist","20","2","mixed_maturity","access_freshness_lease","dirichlet_lcb","benign_concept_drift","0.5","2","2","5","5","0.5","20","9","1.5","5","honest-6","honest","incumbent","ADMITTED","ADMITTED","9","9","0","4","4.882922989522995","1.5","0.7462875490779619","0.8370070466491786","0.6465358545084627","0.6465358545084627","0.1157982362815884","0.29254799703263074","50","50","50","5","5","True","5","0.0","0","3.465055465698242","50","50","50.0","","","moderate_shadow"
"fashion_mnist","20","2","mixed_maturity","access_freshness_lease","dirichlet_lcb","benign_concept_drift","0.5","2","2","5","5","0.5","20","9","1.5","5","honest-7","honest","incumbent","ADMITTED","ADMITTED","9","9","0","4","4.882922989522995","1.5","0.7462875490779619","0.8370070466491786","0.6465358545084627","0.6465358545084627","0.1157982362815884","0.29254799703263074","50","50","50","5","5","True","5","0.0","0","3.143765449523926","50","50","50.0","","","moderate_shadow"
"fashion_mnist","20","2","mixed_maturity","access_freshness_lease","dirichlet_lcb","benign_concept_drift","0.5","2","2","5","5","0.5","20","9","1.5","5","honest-8","honest","incumbent","ADMITTED","ADMITTED","9","9","0","4","4.882922989522995","1.5","0.7462875490779619","0.8370070466491786","0.6465358545084627","0.6465358545084627","0.1157982362815884","0.29254799703263074","50","50","50","5","5","True","5","0.0","0","3.595273733139038","50","50","50.0","","","moderate_shadow"
"fashion_mnist","20","2","mixed_maturity","access_freshness_lease","dirichlet_lcb","benign_concept_drift","0.5","2","2","5","5","0.5","20","9","1.5","5","honest-9","honest","incumbent","ADMITTED","ADMITTED","9","9","0","3","4.76698923888176","1.5","0.7437820368902304","0.8332768051183246","0.6393772482578011","0.6393772482578011","0.11788253356256753","0.28561047849957855","50","50","50","5","5","True","5","0.0","0","32.46483135223389","50","50","50.0","","","moderate_shadow"
"fashion_mnist","20","2","mixed_maturity","access_freshness_lease","dirichlet_lcb","benign_concept_drift","0.5","3","2","5","5","0.5","20","9","1.5","5","attacker-1","benign_concept_drift","newcomer","LIMITED","LIMITED","9","9","0","4","4.882922989522995","1.5","0.7462875490779619","0.8370070466491786","0.6465358545084627","0.6465358545084627","0.1157982362815884","0.29254799703263074","50","50","50","5","5","True","5","0.0","0","3.1159777641296387","50","50","37.5","","","moderate_shadow"
"fashion_mnist","20","2","mixed_maturity","access_freshness_lease","dirichlet_lcb","benign_concept_drift","0.5","3","2","5","5","0.5","20","9","1.5","5","attacker-2","benign_concept_drift","newcomer","LIMITED","LIMITED","9","9","0","4","4.882922989522995","1.5","0.7462875490779619","0.8370070466491786","0.6465358545084627","0.6465358545084627","0.1157982362815884","0.29254799703263074","50","50","50","5","5","True","5","0.0","0","2.449498414993286","50","50","37.5","","","moderate_shadow"
"fashion_mnist","20","2","mixed_maturity","access_freshness_lease","dirichlet_lcb","benign_concept_drift","0.5","3","2","5","5","0.5","20","9","1.5","5","honest-1","honest","incumbent","ADMITTED","ADMITTED","9","9","0","4","4.882922989522995","1.5","0.7462875490779619","0.8370070466491786","0.6465358545084627","0.6465358545084627","0.1157982362815884","0.29254799703263074","50","50","50","5","5","True","5","0.0","0","2.459153175354004","50","50","50.0","","","moderate_shadow"
"fashion_mnist","20","2","mixed_maturity","access_freshness_lease","dirichlet_lcb","benign_concept_drift","0.5","3","2","5","5","0.5","20","9","1.5","5","honest-10","honest","incumbent","ADMITTED","ADMITTED","9","9","0","4","4.882922989522995","1.5","0.7462875490779619","0.8370070466491786","0.6465358545084627","0.6465358545084627","0.1157982362815884","0.29254799703263074","50","50","50","5","5","True","5","0.0","0","2.891371488571167","50","50","50.0","","","moderate_shadow"
"fashion_mnist","20","2","mixed_maturity","access_freshness_lease","dirichlet_lcb","benign_concept_drift","0.5","3","2","5","5","0.5","20","9","1.5","5","honest-11","honest","incumbent","ADMITTED","ADMITTED","9","9","0","4","4.882922989522995","1.5","0.7462875490779619","0.8370070466491786","0.6465358545084627","0.6465358545084627","0.1157982362815884","0.29254799703263074","50","50","50","5","5","True","5","0.0","0","3.1439967155456543","50","50","50.0","","","moderate_shadow"
"fashion_mnist","20","2","mixed_maturity","access_freshness_lease","dirichlet_lcb","benign_concept_drift","0.5","3","2","5","5","0.5","20","9","1.5","5","honest-12","honest","incumbent","ADMITTED","ADMITTED","9","9","0","4","4.882922989522995","1.5","0.7462875490779619","0.8370070466491786","0.6465358545084627","0.6465358545084627","0.1157982362815884","0.29254799703263074","50","50","50","5","5","True","5","0.0","0","2.914386034011841","50","50","50.0","","","moderate_shadow"
"fashion_mnist","20","2","mixed_maturity","access_freshness_lease","dirichlet_lcb","benign_concept_drift","0.5","3","2","5","5","0.5","20","9","1.5","5","honest-13","honest","incumbent","ADMITTED","ADMITTED","9","9","0","4","4.882922989522995","1.5","0.7462875490779619","0.8370070466491786","0.6465358545084627","0.6465358545084627","0.1157982362815884","0.29254799703263074","50","50","50","5","5","True","5","0.0","0","3.0738236904144287","50","50","50.0","","","moderate_shadow"
"fashion_mnist","20","2","mixed_maturity","access_freshness_lease","dirichlet_lcb","benign_concept_drift","0.5","3","2","5","5","0.5","20","9","1.5","5","honest-14","honest","incumbent","ADMITTED","ADMITTED","9","9","0","4","4.882922989522995","1.5","0.7462875490779619","0.8370070466491786","0.6465358545084627","0.6465358545084627","0.1157982362815884","0.29254799703263074","50","50","50","5","5","True","5","0.0","0","2.6819651126861572","50","50","50.0","","","moderate_shadow"
"fashion_mnist","20","2","mixed_maturity","access_freshness_lease","dirichlet_lcb","benign_concept_drift","0.5","3","2","5","5","0.5","20","9","1.5","5","honest-15","honest","incumbent","ADMITTED","ADMITTED","9","9","0","4","4.882922989522995","1.5","0.7462875490779619","0.8370070466491786","0.6465358545084627","0.6465358545084627","0.1157982362815884","0.29254799703263074","50","50","50","5","5","True","5","0.0","0","32.821595668792725","50","50","50.0","","","moderate_shadow"
"fashion_mnist","20","2","mixed_maturity","access_freshness_lease","dirichlet_lcb","benign_concept_drift","0.5","3","2","5","5","0.5","20","9","1.5","5","honest-16","honest","incumbent","ADMITTED","ADMITTED","9","9","0","3","5.004489238881761","1.5","0.7503560216234088","0.8430201361031787","0.6581600617811678","0.6581600617811678","0.11238691964272261","0.3041175807403508","50","50","50","5","5","True","5","0.0","0","32.38609504699707","50","50","50.0","","","moderate_shadow"
"fashion_mnist","20","2","mixed_maturity","access_freshness_lease","dirichlet_lcb","benign_concept_drift","0.5","3","2","5","5","0.5","20","9","1.5","5","honest-17","honest","incumbent","ADMITTED","ADMITTED","12","12","0","3","5.3499694871438415","1.5","0.7478143545076069","0.8392699711010733","0.6508981557360198","0.6508981557360198","0.11452190611753592","0.2968448682209436","50","50","50","5","5","True","5","0.0","0","63.33340358734131","50","50","50.0","","","moderate_shadow"
"fashion_mnist","20","2","mixed_maturity","access_freshness_lease","dirichlet_lcb","benign_concept_drift","0.5","3","2","5","5","0.5","20","9","1.5","5","honest-18","honest","incumbent","ADMITTED","ADMITTED","9","9","0","4","4.882922989522995","1.5","0.7462875490779619","0.8370070466491786","0.6465358545084627","0.6465358545084627","0.1157982362815884","0.29254799703263074","50","50","50","5","5","True","5","0.0","0","3.4612069129943848","50","50","50.0","","","moderate_shadow"
"fashion_mnist","20","2","mixed_maturity","access_freshness_lease","dirichlet_lcb","benign_concept_drift","0.5","3","2","5","5","0.5","20","9","1.5","5","honest-2","honest","incumbent","ADMITTED","ADMITTED","9","9","0","4","4.882922989522995","1.5","0.7462875490779619","0.8370070466491786","0.6465358545084627","0.6465358545084627","0.1157982362815884","0.29254799703263074","50","50","50","5","5","True","5","0.0","0","3.233572483062744","50","50","50.0","","","moderate_shadow"
"fashion_mnist","20","2","mixed_maturity","access_freshness_lease","dirichlet_lcb","benign_concept_drift","0.5","3","2","5","5","0.5","20","9","1.5","5","honest-3","honest","incumbent","ADMITTED","ADMITTED","9","9","0","4","4.882922989522995","1.5","0.7462875490779619","0.8370070466491786","0.6465358545084627","0.6465358545084627","0.1157982362815884","0.29254799703263074","50","50","50","5","5","True","5","0.0","0","2.3862380981445312","50","50","50.0","","","moderate_shadow"
"fashion_mnist","20","2","mixed_maturity","access_freshness_lease","dirichlet_lcb","benign_concept_drift","0.5","3","2","5","5","0.5","20","9","1.5","5","honest-4","honest","incumbent","ADMITTED","ADMITTED","9","9","0","4","4.882922989522995","1.5","0.7462875490779619","0.8370070466491786","0.6465358545084627","0.6465358545084627","0.1157982362815884","0.29254799703263074","50","50","50","5","5","True","5","0.0","0","32.922765016555786","50","50","50.0","","","moderate_shadow"
"fashion_mnist","20","2","mixed_maturity","access_freshness_lease","dirichlet_lcb","benign_concept_drift","0.5","3","2","5","5","0.5","20","9","1.5","5","honest-5","honest","incumbent","ADMITTED","ADMITTED","9","9","0","4","4.882922989522995","1.5","0.7462875490779619","0.8370070466491786","0.6465358545084627","0.6465358545084627","0.1157982362815884","0.29254799703263074","50","50","50","5","5","True","5","0.0","0","33.08100152015686","50","50","50.0","","","moderate_shadow"
"fashion_mnist","20","2","mixed_maturity","access_freshness_lease","dirichlet_lcb","benign_concept_drift","0.5","3","2","5","5","0.5","20","9","1.5","5","honest-6","honest","incumbent","ADMITTED","ADMITTED","9","9","0","4","4.882922989522995","1.5","0.7462875490779619","0.8370070466491786","0.6465358545084627","0.6465358545084627","0.1157982362815884","0.29254799703263074","50","50","50","5","5","True","5","0.0","0","33.43004250526428","50","50","50.0","","","moderate_shadow"
"fashion_mnist","20","2","mixed_maturity","access_freshness_lease","dirichlet_lcb","benign_concept_drift","0.5","3","2","5","5","0.5","20","9","1.5","5","honest-7","honest","incumbent","ADMITTED","ADMITTED","9","9","0","4","4.882922989522995","1.5","0.7462875490779619","0.8370070466491786","0.6465358545084627","0.6465358545084627","0.1157982362815884","0.29254799703263074","50","50","50","5","5","True","5","0.0","0","3.3738837242126465","50","50","50.0","","","moderate_shadow"
"fashion_mnist","20","2","mixed_maturity","access_freshness_lease","dirichlet_lcb","benign_concept_drift","0.5","3","2","5","5","0.5","20","9","1.5","5","honest-8","honest","incumbent","ADMITTED","ADMITTED","9","9","0","4","4.882922989522995","1.5","0.7462875490779619","0.8370070466491786","0.6465358545084627","0.6465358545084627","0.1157982362815884","0.29254799703263074","50","50","50","5","5","True","5","0.0","0","2.6220920085906982","50","50","50.0","","","moderate_shadow"
"fashion_mnist","20","2","mixed_maturity","access_freshness_lease","dirichlet_lcb","benign_concept_drift","0.5","3","2","5","5","0.5","20","9","1.5","5","honest-9","honest","incumbent","ADMITTED","ADMITTED","9","9","0","4","4.882922989522995","1.5","0.7462875490779619","0.8370070466491786","0.6465358545084627","0.6465358545084627","0.1157982362815884","0.29254799703263074","50","50","50","5","5","True","5","0.0","0","2.2152843475341797","50","50","50.0","","","moderate_shadow"
"fashion_mnist","20","2","mixed_maturity","access_freshness_lease","dirichlet_lcb","benign_concept_drift","0.5","4","2","5","5","0.5","20","9","1.5","5","attacker-1","benign_concept_drift","newcomer","LIMITED","LIMITED","9","9","0","4","4.882922989522995","1.5","0.7462875490779619","0.8370070466491786","0.6465358545084627","0.6465358545084627","0.1157982362815884","0.29254799703263074","50","50","50","5","5","True","5","0.0","0","2.397951126098633","50","50","37.5","","","moderate_shadow"
"fashion_mnist","20","2","mixed_maturity","access_freshness_lease","dirichlet_lcb","benign_concept_drift","0.5","4","2","5","5","0.5","20","9","1.5","5","attacker-2","benign_concept_drift","newcomer","LIMITED","LIMITED","9","9","0","4","4.882922989522995","1.5","0.7462875490779619","0.8370070466491786","0.6465358545084627","0.6465358545084627","0.1157982362815884","0.29254799703263074","50","50","50","5","5","True","5","0.0","0","3.419252634048462","50","50","37.5","","","moderate_shadow"
"fashion_mnist","20","2","mixed_maturity","access_freshness_lease","dirichlet_lcb","benign_concept_drift","0.5","4","2","5","5","0.5","20","9","1.5","5","honest-1","honest","incumbent","ADMITTED","ADMITTED","9","9","0","4","4.882922989522995","1.5","0.7462875490779619","0.8370070466491786","0.6465358545084627","0.6465358545084627","0.1157982362815884","0.29254799703263074","50","50","50","5","5","True","5","0.0","0","3.077317476272583","50","50","50.0","","","moderate_shadow"
"fashion_mnist","20","2","mixed_maturity","access_freshness_lease","dirichlet_lcb","benign_concept_drift","0.5","4","2","5","5","0.5","20","9","1.5","5","honest-10","honest","incumbent","ADMITTED","ADMITTED","9","9","0","4","4.882922989522995","1.5","0.7462875490779619","0.8370070466491786","0.6465358545084627","0.6465358545084627","0.1157982362815884","0.29254799703263074","50","50","50","5","5","True","5","0.0","0","62.962193727493286","50","50","50.0","","","moderate_shadow"
"fashion_mnist","20","2","mixed_maturity","access_freshness_lease","dirichlet_lcb","benign_concept_drift","0.5","4","2","5","5","0.5","20","9","1.5","5","honest-11","honest","incumbent","ADMITTED","ADMITTED","9","9","0","4","4.882922989522995","1.5","0.7462875490779619","0.8370070466491786","0.6465358545084627","0.6465358545084627","0.1157982362815884","0.29254799703263074","50","50","50","5","5","True","5","0.0","0","2.6230905055999756","50","50","50.0","","","moderate_shadow"
"fashion_mnist","20","2","mixed_maturity","access_freshness_lease","dirichlet_lcb","benign_concept_drift","0.5","4","2","5","5","0.5","20","9","1.5","5","honest-12","honest","incumbent","ADMITTED","ADMITTED","9","9","0","4","4.882922989522995","1.5","0.7462875490779619","0.8370070466491786","0.6465358545084627","0.6465358545084627","0.1157982362815884","0.29254799703263074","50","50","50","5","5","True","5","0.0","0","3.4345693588256836","50","50","50.0","","","moderate_shadow"
"fashion_mnist","20","2","mixed_maturity","access_freshness_lease","dirichlet_lcb","benign_concept_drift","0.5","4","2","5","5","0.5","20","9","1.5","5","honest-13","honest","incumbent","ADMITTED","ADMITTED","9","9","0","4","4.882922989522995","1.5","0.7462875490779619","0.8370070466491786","0.6465358545084627","0.6465358545084627","0.1157982362815884","0.29254799703263074","50","50","50","5","5","True","5","0.0","0","2.6207187175750732","50","50","50.0","","","moderate_shadow"
"fashion_mnist","20","2","mixed_maturity","access_freshness_lease","dirichlet_lcb","benign_concept_drift","0.5","4","2","5","5","0.5","20","9","1.5","5","honest-14","honest","incumbent","ADMITTED","ADMITTED","9","9","0","4","4.882922989522995","1.5","0.7462875490779619","0.8370070466491786","0.6465358545084627","0.6465358545084627","0.1157982362815884","0.29254799703263074","50","50","50","5","5","True","5","0.0","0","3.3692145347595215","50","50","50.0","","","moderate_shadow"
"fashion_mnist","20","2","mixed_maturity","access_freshness_lease","dirichlet_lcb","benign_concept_drift","0.5","4","2","5","5","0.5","20","9","1.5","5","honest-15","honest","incumbent","ADMITTED","ADMITTED","9","9","0","4","4.882922989522995","1.5","0.7462875490779619","0.8370070466491786","0.6465358545084627","0.6465358545084627","0.1157982362815884","0.29254799703263074","50","50","50","5","5","True","5","0.0","0","3.154555320739746","50","50","50.0","","","moderate_shadow"
"fashion_mnist","20","2","mixed_maturity","access_freshness_lease","dirichlet_lcb","benign_concept_drift","0.5","4","2","5","5","0.5","20","9","1.5","5","honest-16","honest","incumbent","ADMITTED","ADMITTED","9","9","0","4","4.882922989522995","1.5","0.7462875490779619","0.8370070466491786","0.6465358545084627","0.6465358545084627","0.1157982362815884","0.29254799703263074","50","50","50","5","5","True","5","0.0","0","2.938709020614624","50","50","50.0","","","moderate_shadow"
"fashion_mnist","20","2","mixed_maturity","access_freshness_lease","dirichlet_lcb","benign_concept_drift","0.5","4","2","5","5","0.5","20","9","1.5","5","honest-17","honest","incumbent","ADMITTED","ADMITTED","9","9","0","4","4.882922989522995","1.5","0.7462875490779619","0.8370070466491786","0.6465358545084627","0.6465358545084627","0.1157982362815884","0.29254799703263074","50","50","50","5","5","True","5","0.0","0","3.452951192855835","50","50","50.0","","","moderate_shadow"
"fashion_mnist","20","2","mixed_maturity","access_freshness_lease","dirichlet_lcb","benign_concept_drift","0.5","4","2","5","5","0.5","20","9","1.5","5","honest-18","honest","incumbent","ADMITTED","ADMITTED","9","9","0","4","4.882922989522995","1.5","0.7462875490779619","0.8370070466491786","0.6465358545084627","0.6465358545084627","0.1157982362815884","0.29254799703263074","50","50","50","5","5","True","5","0.0","0","2.632301092147827","50","50","50.0","","","moderate_shadow"
"fashion_mnist","20","2","mixed_maturity","access_freshness_lease","dirichlet_lcb","benign_concept_drift","0.5","4","2","5","5","0.5","20","9","1.5","5","honest-2","honest","incumbent","ADMITTED","ADMITTED","9","9","0","4","4.882922989522995","1.5","0.7262875490779619","0.8370070466491786","0.6465358545084627","0.6465358545084627","0.1157982362815884","0.29254799703263074","50","50","50","5","5","True","5","0.0","0","33.82413077354431","50","50","50.0","","","moderate_shadow"
"fashion_mnist","20","2","mixed_maturity","access_freshness_lease","dirichlet_lcb","benign_concept_drift","0.5","4","2","5","5","0.5","20","9","1.5","5","honest-3","honest","incumbent","ADMITTED","ADMITTED","9","9","0","3","5.004489238881761","1.5","0.7503560216234088","0.8430201361031787","0.6581600617811678","0.6581600617811678","0.11238691964272261","0.3041175807403508","50","50","50","5","5","True","5","0.0","0","32.27338266372681","50","50","50.0","","","moderate_shadow"
"fashion_mnist","20","2","mixed_maturity","access_freshness_lease","dirichlet_lcb","benign_concept_drift","0.5","4","2","5","5","0.5","20","9","1.5","5","honest-4","honest","incumbent","ADMITTED","ADMITTED","9","9","0","4","4.882922989522995","1.5","0.7462875490779619","0.8370070466491786","0.6465358545084627","0.6465358545084627","0.1157982362815884","0.29254799703263074","50","50","50","5","5","True","5","0.0","0","32.95405030250549","50","50","50.0","","","moderate_shadow"
"fashion_mnist","20","2","mixed_maturity","access_freshness_lease","dirichlet_lcb","benign_concept_drift","0.5","4","2","5","5","0.5","20","9","1.5","5","honest-5","honest","incumbent","ADMITTED","ADMITTED","9","9","0","4","4.882922989522995","1.5","0.7462875490779619","0.8370070466491786","0.6465358545084627","0.6465358545084627","0.1157982362815884","0.29254799703263074","50","50","50","5","5","True","5","0.0","0","2.360377073287964","50","50","50.0","","","moderate_shadow"
"fashion_mnist","20","2","mixed_maturity","access_freshness_lease","dirichlet_lcb","benign_concept_drift","0.5","4","2","5","5","0.5","20","9","1.5","5","honest-6","honest","incumbent","ADMITTED","ADMITTED","9","9","0","4","4.882922989522995","1.5","0.7462875490779619","0.8370070466491786","0.6465358545084627","0.6465358545084627","0.1157982362815884","0.29254799703263074","50","50","50","5","5","True","5","0.0","0","2.654385805130005","50","50","50.0","","","moderate_shadow"
"fashion_mnist","20","2","mixed_maturity","access_freshness_lease","dirichlet_lcb","benign_concept_drift","0.5","4","2","5","5","0.5","20","9","1.5","5","honest-7","honest","incumbent","ADMITTED","ADMITTED","9","9","0","4","4.882922989522995","1.5","0.7462875490779619","0.8370070466491786","0.6465358545084627","0.6465358545084627","0.1157982362815884","0.29254799703263074","50","50","50","5","5","True","5","0.0","0","2.3158626556396484","50","50","50.0","","","moderate_shadow"
"fashion_mnist","20","2","mixed_maturity","access_freshness_lease","dirichlet_lcb","benign_concept_drift","0.5","4","2","5","5","0.5","20","9","1.5","5","honest-8","honest","incumbent","ADMITTED","ADMITTED","9","9","0","4","4.882922989522995","1.5","0.7462875490779619","0.8370070466491786","0.6465358545084627","0.6465358545084627","0.1157982362815884","0.29254799703263074","50","50","50","5","5","True","5","0.0","0","2.348905324935913","50","50","50.0","","","moderate_shadow"
"fashion_mnist","20","2","mixed_maturity","access_freshness_lease","dirichlet_lcb","benign_concept_drift","0.5","4","2","5","5","0.5","20","9","1.5","5","honest-9","honest","incumbent","ADMITTED","ADMITTED","9","9","0","4","4.882922989522995","1.5","0.7462875490779619","0.8370070466491786","0.6465358545084627","0.6465358545084627","0.1157982362815884","0.29254799703263074","50","50","50","5","5","True","5","0.0","0","3.3753421306610107","50","50","50.0","","","moderate_shadow"
"fashion_mnist","20","2","mixed_maturity","access_full","dirichlet_lcb","diverse_then_repeat_backdoor","0.5","0","2","5","5","0.5","20","9","1.5","5","attacker-1","diverse_then_repeat_backdoor","newcomer","LIMITED","ADMITTED","9","9","0","4","4.882922989522995","1.5","0.7462875490779619","0.8370070466491786","0.6465358545084627","0.6465358545084627","0.1157982362815884","0.29254799703263074","50","50","50","5","5","False","0","0.0","0","3.4646363258361816","50","50","48.0","","","moderate_shadow"
"fashion_mnist","20","2","mixed_maturity","access_full","dirichlet_lcb","diverse_then_repeat_backdoor","0.5","0","2","5","5","0.5","20","9","1.5","5","attacker-2","diverse_then_repeat_backdoor","newcomer","LIMITED","ADMITTED","9","9","0","4","4.882922989522995","1.5","0.7462875490779619","0.8370070466491786","0.6465358545084627","0.6465358545084627","0.1157982362815884","0.29254799703263074","50","50","50","5","5","False","0","0.0","0","2.6750707626342773","50","50","48.0","","","moderate_shadow"
"fashion_mnist","20","2","mixed_maturity","access_full","dirichlet_lcb","diverse_then_repeat_backdoor","0.5","0","2","5","5","0.5","20","9","1.5","5","honest-1","honest","incumbent","ADMITTED","ADMITTED","9","9","0","4","4.882922989522995","1.5","0.7462875490779619","0.8370070466491786","0.6465358545084627","0.6465358545084627","0.1157982362815884","0.29254799703263074","50","50","50","5","5","False","0","0.0","0","33.206299781799316","50","50","50.0","","","moderate_shadow"
"fashion_mnist","20","2","mixed_maturity","access_full","dirichlet_lcb","diverse_then_repeat_backdoor","0.5","0","2","5","5","0.5","20","9","1.5","5","honest-10","honest","incumbent","ADMITTED","ADMITTED","9","9","0","4","4.882922989522995","1.5","0.7462875490779619","0.8370070466491786","0.6465358545084627","0.6465358545084627","0.1157982362815884","0.29254799703263074","50","50","50","5","5","False","0","0.0","0","2.394963264465332","50","50","50.0","","","moderate_shadow"
"fashion_mnist","20","2","mixed_maturity","access_full","dirichlet_lcb","diverse_then_repeat_backdoor","0.5","0","2","5","5","0.5","20","9","1.5","5","honest-11","honest","incumbent","ADMITTED","ADMITTED","9","9","0","4","4.882922989522995","1.5","0.7462875490779619","0.8370070466491786","0.6465358545084627","0.6465358545084627","0.1157982362815884","0.29254799703263074","50","50","50","5","5","False","0","0.0","0","3.3226425647735596","50","50","50.0","","","moderate_shadow"
"fashion_mnist","20","2","mixed_maturity","access_full","dirichlet_lcb","diverse_then_repeat_backdoor","0.5","0","2","5","5","0.5","20","9","1.5","5","honest-12","honest","incumbent","ADMITTED","ADMITTED","9","9","0","4","4.882922989522995","1.5","0.7462875490779619","0.8370070466491786","0.6465358545084627","0.6465358545084627","0.1157982362815884","0.29254799703263074","50","50","50","5","5","False","0","0.0","0","3.5034031867980957","50","50","50.0","","","moderate_shadow"
"fashion_mnist","20","2","mixed_maturity","access_full","dirichlet_lcb","diverse_then_repeat_backdoor","0.5","0","2","5","5","0.5","20","9","1.5","5","honest-13","honest","incumbent","ADMITTED","ADMITTED","9","9","0","4","4.882922989522995","1.5","0.7462875490779619","0.8370070466491786","0.6465358545084627","0.6465358545084627","0.1157982362815884","0.29254799703263074","50","50","50","5","5","False","0","0.0","0","2.664660930633545","50","50","50.0","","","moderate_shadow"
"fashion_mnist","20","2","mixed_maturity","access_full","dirichlet_lcb","diverse_then_repeat_backdoor","0.5","0","2","5","5","0.5","20","9","1.5","5","honest-14","honest","incumbent","ADMITTED","ADMITTED","9","9","0","4","4.882922989522995","1.5","0.7462875490779619","0.8370070466491786","0.6465358545084627","0.6465358545084627","0.1157982362815884","0.29254799703263074","50","50","50","5","5","False","0","0.0","0","2.2677266597747803","50","50","50.0","","","moderate_shadow"
"fashion_mnist","20","2","mixed_maturity","access_full","dirichlet_lcb","diverse_then_repeat_backdoor","0.5","0","2","5","5","0.5","20","9","1.5","5","honest-15","honest","incumbent","ADMITTED","ADMITTED","9","9","0","4","4.882922989522995","1.5","0.7462875490779619","0.8370070466491786","0.6465358545084627","0.6465358545084627","0.1157982362815884","0.29254799703263074","50","50","50","5","5","False","0","0.0","0","2.5787198543548584","50","50","50.0","","","moderate_shadow"
"fashion_mnist","20","2","mixed_maturity","access_full","dirichlet_lcb","diverse_then_repeat_backdoor","0.5","0","2","5","5","0.5","20","9","1.5","5","honest-16","honest","incumbent","ADMITTED","ADMITTED","9","9","0","4","4.882922989522995","1.5","0.7462875490779619","0.8370070466491786","0.6465358545084627","0.6465358545084627","0.1157982362815884","0.29254799703263074","50","50","50","5","5","False","0","0.0","0","3.396376848220825","50","50","50.0","","","moderate_shadow"
"fashion_mnist","20","2","mixed_maturity","access_full","dirichlet_lcb","diverse_then_repeat_backdoor","0.5","0","2","5","5","0.5","20","9","1.5","5","honest-17","honest","incumbent","ADMITTED","ADMITTED","9","9","0","4","4.882922989522995","1.5","0.7462875490779619","0.8370070466491786","0.6465358545084627","0.6465358545084627","0.1157982362815884","0.29254799703263074","50","50","50","5","5","False","0","0.0","0","3.1995487213134766","50","50","50.0","","","moderate_shadow"
"fashion_mnist","20","2","mixed_maturity","access_full","dirichlet_lcb","diverse_then_repeat_backdoor","0.5","0","2","5","5","0.5","20","9","1.5","5","honest-18","honest","incumbent","ADMITTED","ADMITTED","9","9","0","4","4.882922989522995","1.5","0.7462875490779619","0.8370070466491786","0.6465358545084627","0.6465358545084627","0.1157982362815884","0.29254799703263074","50","50","50","5","5","False","0","0.0","0","3.3472023010253906","50","50","50.0","","","moderate_shadow"
"fashion_mnist","20","2","mixed_maturity","access_full","dirichlet_lcb","diverse_then_repeat_backdoor","0.5","0","2","5","5","0.5","20","9","1.5","5","honest-2","honest","incumbent","ADMITTED","ADMITTED","9","9","0","4","4.882922989522995","1.5","0.7462875490779619","0.8370070466491786","0.6465358545084627","0.6465358545084627","0.1157982362815884","0.29254799703263074","50","50","50","5","5","False","0","0.0","0","2.274582862854004","50","50","50.0","","","moderate_shadow"
"fashion_mnist","20","2","mixed_maturity","access_full","dirichlet_lcb","diverse_then_repeat_backdoor","0.5","0","2","5","5","0.5","20","9","1.5","5","honest-3","honest","incumbent","ADMITTED","ADMITTED","9","9","0","4","4.882922989522995","1.5","0.7462875490779619","0.8370070466491786","0.6465358545084627","0.6465358545084627","0.1157982362815884","0.29254799703263074","50","50","50","5","5","False","0","0.0","0","2.357027530670166","50","50","50.0","","","moderate_shadow"
"fashion_mnist","20","2","mixed_maturity","access_full","dirichlet_lcb","diverse_then_repeat_backdoor","0.5","0","2","5","5","0.5","20","9","1.5","5","honest-4","honest","incumbent","ADMITTED","ADMITTED","9","9","0","4","4.882922989522995","1.5","0.7462875490779619","0.8370070466491786","0.6465358545084627","0.6465358545084627","0.1157982362815884","0.29254799703263074","50","50","50","5","5","False","0","0.0","0","2.25465726852417","50","50","50.0","","","moderate_shadow"
"fashion_mnist","20","2","mixed_maturity","access_full","dirichlet_lcb","diverse_then_repeat_backdoor","0.5","0","2","5","5","0.5","20","9","1.5","5","honest-5","honest","incumbent","ADMITTED","ADMITTED","9","9","0","4","4.882922989522995","1.5","0.7462875490779619","0.8370070466491786","0.6465358545084627","0.6465358545084627","0.1157982362815884","0.29254799703263074","50","50","50","5","5","False","0","0.0","0","2.650186061859131","50","50","50.0","","","moderate_shadow"
"fashion_mnist","20","2","mixed_maturity","access_full","dirichlet_lcb","diverse_then_repeat_backdoor","0.5","0","2","5","5","0.5","20","9","1.5","5","honest-6","honest","incumbent","ADMITTED","ADMITTED","9","9","0","4","4.882922989522995","1.5","0.7462875490779619","0.8370070466491786","0.6465358545084627","0.6465358545084627","0.1157982362815884","0.29254799703263074","50","50","50","5","5","False","0","0.0","0","3.082993984222412","50","50","50.0","","","moderate_shadow"
"fashion_mnist","20","2","mixed_maturity","access_full","dirichlet_lcb","diverse_then_repeat_backdoor","0.5","0","2","5","5","0.5","20","9","1.5","5","honest-7","honest","incumbent","ADMITTED","ADMITTED","9","9","0","4","4.882922989522995","1.5","0.7462875490779619","0.8370070466491786","0.6465358545084627","0.6465358545084627","0.1157982362815884","0.29254799703263074","50","50","50","5","5","False","0","0.0","0","93.18066453933716","50","50","50.0","","","moderate_shadow"
"fashion_mnist","20","2","mixed_maturity","access_full","dirichlet_lcb","diverse_then_repeat_backdoor","0.5","0","2","5","5","0.5","20","9","1.5","5","honest-8","honest","incumbent","ADMITTED","ADMITTED","9","9","0","4","4.882922989522995","1.5","0.7462875490779619","0.8370070466491786","0.6465358545084627","0.6465358545084627","0.1157982362815884","0.29254799703263074","50","50","50","5","5","False","0","0.0","0","3.2330663204193115","50","50","50.0","","","moderate_shadow"
"fashion_mnist","20","2","mixed_maturity","access_full","dirichlet_lcb","diverse_then_repeat_backdoor","0.5","0","2","5","5","0.5","20","9","1.5","5","honest-9","honest","incumbent","ADMITTED","ADMITTED","9","9","0","4","4.882922989522995","1.5","0.7462875490779619","0.8370070466491786","0.6465358545084627","0.6465358545084627","0.1157982362815884","0.29254799703263074","50","50","50","5","5","False","0","0.0","0","3.409043073654175","50","50","50.0","","","moderate_shadow"
"fashion_mnist","20","2","mixed_maturity","access_full","dirichlet_lcb","diverse_then_repeat_backdoor","0.5","1","2","5","5","0.5","20","9","1.5","5","attacker-1","diverse_then_repeat_backdoor","newcomer","LIMITED","ADMITTED","9","9","0","4","4.882922989522995","1.5","0.7462875490779619","0.8370070466491786","0.6465358545084627","0.6465358545084627","0.1157982362815884","0.29254799703263074","50","50","50","5","5","False","0","0.0","0","3.496166706085205","50","50","48.0","","","moderate_shadow"
"fashion_mnist","20","2","mixed_maturity","access_full","dirichlet_lcb","diverse_then_repeat_backdoor","0.5","1","2","5","5","0.5","20","9","1.5","5","attacker-2","diverse_then_repeat_backdoor","newcomer","LIMITED","ADMITTED","9","9","0","4","4.882922989522995","1.5","0.7462875490779619","0.8370070466491786","0.6465358545084627","0.6465358545084627","0.1157982362815884","0.29254799703263074","50","50","50","5","5","False","0","0.0","0","3.449805498123169","50","50","48.0","","","moderate_shadow"
"fashion_mnist","20","2","mixed_maturity","access_full","dirichlet_lcb","diverse_then_repeat_backdoor","0.5","1","2","5","5","0.5","20","9","1.5","5","honest-1","honest","incumbent","ADMITTED","ADMITTED","9","9","0","4","4.882922989522995","1.5","0.7462875490779619","0.8370070466491786","0.6465358545084627","0.6465358545084627","0.1157982362815884","0.29254799703263074","50","50","50","5","5","False","0","0.0","0","3.5142905712127686","50","50","50.0","","","moderate_shadow"
"fashion_mnist","20","2","mixed_maturity","access_full","dirichlet_lcb","diverse_then_repeat_backdoor","0.5","1","2","5","5","0.5","20","9","1.5","5","honest-10","honest","incumbent","ADMITTED","ADMITTED","9","9","0","4","4.882922989522995","1.5","0.7462875490779619","0.8370070466491786","0.6465358545084627","0.6465358545084627","0.1157982362815884","0.29254799703263074","50","50","50","5","5","False","0","0.0","0","33.22537589073181","50","50","50.0","","","moderate_shadow"
"fashion_mnist","20","2","mixed_maturity","access_full","dirichlet_lcb","diverse_then_repeat_backdoor","0.5","1","2","5","5","0.5","20","9","1.5","5","honest-11","honest","incumbent","ADMITTED","ADMITTED","9","9","0","4","4.882922989522995","1.5","0.7462875490779619","0.8370070466491786","0.6465358545084627","0.6465358545084627","0.1157982362815884","0.29254799703263074","50","50","50","5","5","False","0","0.0","0","3.645052194595337","50","50","50.0","","","moderate_shadow"
"fashion_mnist","20","2","mixed_maturity","access_full","dirichlet_lcb","diverse_then_repeat_backdoor","0.5","1","2","5","5","0.5","20","9","1.5","5","honest-12","honest","incumbent","ADMITTED","ADMITTED","9","9","0","4","4.882922989522995","1.5","0.7462875490779619","0.8370070466491786","0.6465358545084627","0.6465358545084627","0.1157982362815884","0.29254799703263074","50","50","50","5","5","False","0","0.0","0","3.3595714569091797","50","50","50.0","","","moderate_shadow"
"fashion_mnist","20","2","mixed_maturity","access_full","dirichlet_lcb","diverse_then_repeat_backdoor","0.5","1","2","5","5","0.5","20","9","1.5","5","honest-13","honest","incumbent","ADMITTED","ADMITTED","9","9","0","4","4.882922989522995","1.5","0.7462875490779619","0.8370070466491786","0.6465358545084627","0.6465358545084627","0.1157982362815884","0.29254799703263074","50","50","50","5","5","False","0","0.0","0","2.361076831817627","50","50","50.0","","","moderate_shadow"
"fashion_mnist","20","2","mixed_maturity","access_full","dirichlet_lcb","diverse_then_repeat_backdoor","0.5","1","2","5","5","0.5","20","9","1.5","5","honest-14","honest","incumbent","ADMITTED","ADMITTED","9","9","0","4","4.882922989522995","1.5","0.7462875490779619","0.8370070466491786","0.6465358545084627","0.6465358545084627","0.1157982362815884","0.29254799703263074","50","50","50","5","5","False","0","0.0","0","2.227231979370117","50","50","50.0","","","moderate_shadow"
"fashion_mnist","20","2","mixed_maturity","access_full","dirichlet_lcb","diverse_then_repeat_backdoor","0.5","1","2","5","5","0.5","20","9","1.5","5","honest-15","honest","incumbent","ADMITTED","ADMITTED","9","9","0","4","4.882922989522995","1.5","0.7462875490779619","0.8370070466491786","0.6465358545084627","0.6465358545084627","0.1157982362815884","0.29254799703263074","50","50","50","5","5","False","0","0.0","0","3.3072609901428223","50","50","50.0","","","moderate_shadow"
"fashion_mnist","20","2","mixed_maturity","access_full","dirichlet_lcb","diverse_then_repeat_backdoor","0.5","1","2","5","5","0.5","20","9","1.5","5","honest-16","honest","incumbent","ADMITTED","ADMITTED","9","9","0","4","4.882922989522995","1.5","0.7462875490779619","0.8370070466491786","0.6465358545084627","0.6465358545084627","0.1157982362815884","0.29254799703263074","50","50","50","5","5","False","0","0.0","0","2.6774089336395264","50","50","50.0","","","moderate_shadow"
"fashion_mnist","20","2","mixed_maturity","access_full","dirichlet_lcb","diverse_then_repeat_backdoor","0.5","1","2","5","5","0.5","20","9","1.5","5","honest-17","honest","incumbent","ADMITTED","ADMITTED","9","9","0","4","4.882922989522995","1.5","0.7462875490779619","0.8370070466491786","0.6465358545084627","0.6465358545084627","0.1157982362815884","0.29254799703263074","50","50","50","5","5","False","0","0.0","0","2.771544933319092","50","50","50.0","","","moderate_shadow"
"fashion_mnist","20","2","mixed_maturity","access_full","dirichlet_lcb","diverse_then_repeat_backdoor","0.5","1","2","5","5","0.5","20","9","1.5","5","honest-18","honest","incumbent","ADMITTED","ADMITTED","9","9","0","3","4.5294892388817605","1.5","0.7401065581334588","0.8277664507491892","0.6288758803813109","0.6288758803813109","0.12091685363435191","0.27568090107538146","50","50","50","5","5","False","0","0.0","0","32.57815337181091","50","50","50.0","","","moderate_shadow"
"fashion_mnist","20","2","mixed_maturity","access_full","dirichlet_lcb","diverse_then_repeat_backdoor","0.5","1","2","5","5","0.5","20","9","1.5","5","honest-2","honest","incumbent","ADMITTED","ADMITTED","9","9","0","3","5.004489238881761","1.5","0.7503560216234088","0.8430201361031787","0.6581600617811678","0.6581600617811678","0.11238691964272261","0.3041175807403508","50","50","50","5","5","False","0","0.0","0","62.448036432266235","50","50","50.0","","","moderate_shadow"
"fashion_mnist","20","2","mixed_maturity","access_full","dirichlet_lcb","diverse_then_repeat_backdoor","0.5","1","2","5","5","0.5","20","9","1.5","5","honest-3","honest","incumbent","ADMITTED","ADMITTED","9","9","0","4","4.882922989522995","1.5","0.7462875490779619","0.8370070466491786","0.6465358545084627","0.6465358545084627","0.1157982362815884","0.29254799703263074","50","50","50","5","5","False","0","0.0","0","32.13540053367615","50","50","50.0","","","moderate_shadow"
"fashion_mnist","20","2","mixed_maturity","access_full","dirichlet_lcb","diverse_then_repeat_backdoor","0.5","1","2","5","5","0.5","20","9","1.5","5","honest-4","honest","incumbent","ADMITTED","ADMITTED","9","9","0","4","4.882922989522995","1.5","0.7462875490779619","0.8370070466491786","0.6465358545084627","0.6465358545084627","0.1157982362815884","0.29254799703263074","50","50","50","5","5","False","0","0.0","0","2.883683443069458","50","50","50.0","","","moderate_shadow"
"fashion_mnist","20","2","mixed_maturity","access_full","dirichlet_lcb","diverse_then_repeat_backdoor","0.5","1","2","5","5","0.5","20","9","1.5","5","honest-5","honest","incumbent","ADMITTED","ADMITTED","9","9","0","4","4.882922989522995","1.5","0.7462875490779619","0.8370070466491786","0.6465358545084627","0.6465358545084627","0.1157982362815884","0.29254799703263074","50","50","50","5","5","False","0","0.0","0","32.58098864555359","50","50","50.0","","","moderate_shadow"
"fashion_mnist","20","2","mixed_maturity","access_full","dirichlet_lcb","diverse_then_repeat_backdoor","0.5","1","2","5","5","0.5","20","9","1.5","5","honest-6","honest","incumbent","ADMITTED","ADMITTED","9","9","0","4","4.882922989522995","1.5","0.7462875490779619","0.8370070466491786","0.6465358545084627","0.6465358545084627","0.1157982362815884","0.29254799703263074","50","50","50","5","5","False","0","0.0","0","2.1463961601257324","50","50","50.0","","","moderate_shadow"
"fashion_mnist","20","2","mixed_maturity","access_full","dirichlet_lcb","diverse_then_repeat_backdoor","0.5","1","2","5","5","0.5","20","9","1.5","5","honest-7","honest","incumbent","ADMITTED","ADMITTED","9","9","0","4","4.882922989522995","1.5","0.7462875490779619","0.8370070466491786","0.6465358545084627","0.6465358545084627","0.1157982362815884","0.29254799703263074","50","50","50","5","5","False","0","0.0","0","33.360525131225586","50","50","50.0","","","moderate_shadow"
"fashion_mnist","20","2","mixed_maturity","access_full","dirichlet_lcb","diverse_then_repeat_backdoor","0.5","1","2","5","5","0.5","20","9","1.5","5","honest-8","honest","incumbent","ADMITTED","ADMITTED","9","9","0","4","4.882922989522995","1.5","0.7462875490779619","0.8370070466491786","0.6465358545084627","0.6465358545084627","0.1157982362815884","0.29254799703263074","50","50","50","5","5","False","0","0.0","0","3.242608070373535","50","50","50.0","","","moderate_shadow"
"fashion_mnist","20","2","mixed_maturity","access_full","dirichlet_lcb","diverse_then_repeat_backdoor","0.5","1","2","5","5","0.5","20","9","1.5","5","honest-9","honest","incumbent","ADMITTED","ADMITTED","9","9","0","4","4.882922989522995","1.5","0.7462875490779619","0.8370070466491786","0.6465358545084627","0.6465358545084627","0.1157982362815884","0.29254799703263074","50","50","50","5","5","False","0","0.0","0","2.9681501388549805","50","50","50.0","","","moderate_shadow"
"fashion_mnist","20","2","mixed_maturity","access_full","dirichlet_lcb","diverse_then_repeat_backdoor","0.5","2","2","5","5","0.5","20","9","1.5","5","attacker-1","diverse_then_repeat_backdoor","newcomer","LIMITED","ADMITTED","9","9","0","4","4.882922989522995","1.5","0.7462875490779619","0.8370070466491786","0.6465358545084627","0.6465358545084627","0.1157982362815884","0.29254799703263074","50","50","50","5","5","False","0","0.0","0","3.371041774749756","50","50","48.0","","","moderate_shadow"
"fashion_mnist","20","2","mixed_maturity","access_full","dirichlet_lcb","diverse_then_repeat_backdoor","0.5","2","2","5","5","0.5","20","9","1.5","5","attacker-2","diverse_then_repeat_backdoor","newcomer","LIMITED","ADMITTED","9","9","0","4","4.882922989522995","1.5","0.7462875490779619","0.8370070466491786","0.6465358545084627","0.6465358545084627","0.1157982362815884","0.29254799703263074","50","50","50","5","5","False","0","0.0","0","2.3707435131073","50","50","48.0","","","moderate_shadow"
"fashion_mnist","20","2","mixed_maturity","access_full","dirichlet_lcb","diverse_then_repeat_backdoor","0.5","2","2","5","5","0.5","20","9","1.5","5","honest-1","honest","incumbent","ADMITTED","ADMITTED","9","9","0","4","4.882922989522995","1.5","0.7462875490779619","0.8370070466491786","0.6465358545084627","0.6465358545084627","0.1157982362815884","0.29254799703263074","50","50","50","5","5","False","0","0.0","0","33.25500297546387","50","50","50.0","","","moderate_shadow"
"fashion_mnist","20","2","mixed_maturity","access_full","dirichlet_lcb","diverse_then_repeat_backdoor","0.5","2","2","5","5","0.5","20","9","1.5","5","honest-10","honest","incumbent","ADMITTED","ADMITTED","11","11","0","3","5.419531626612037","1.5","0.7509212720692868","0.8438513019312254","0.6597750630551052","0.6597750630551052","0.11191038163637629","0.3057557302355997","50","50","50","5","5","False","0","0.0","0","62.838894844055176","50","50","50.0","","","moderate_shadow"
"fashion_mnist","20","2","mixed_maturity","access_full","dirichlet_lcb","diverse_then_repeat_backdoor","0.5","2","2","5","5","0.5","20","9","1.5","5","honest-11","honest","incumbent","ADMITTED","ADMITTED","9","9","0","4","4.882922989522995","1.5","0.7462875490779619","0.8370070466491786","0.6465358545084627","0.6465358545084627","0.1157982362815884","0.29254799703263074","50","50","50","5","5","False","0","0.0","0","32.43232083320618","50","50","50.0","","","moderate_shadow"
"fashion_mnist","20","2","mixed_maturity","access_full","dirichlet_lcb","diverse_then_repeat_backdoor","0.5","2","2","5","5","0.5","20","9","1.5","5","honest-12","honest","incumbent","ADMITTED","ADMITTED","9","9","0","4","4.882922989522995","1.5","0.7462875490779619","0.8370070466491786","0.6465358545084627","0.6465358545084627","0.1157982362815884","0.29254799703263074","50","50","50","5","5","False","0","0.0","0","32.88933801651001","50","50","50.0","","","moderate_shadow"
"fashion_mnist","20","2","mixed_maturity","access_full","dirichlet_lcb","diverse_then_repeat_backdoor","0.5","2","2","5","5","0.5","20","9","1.5","5","honest-13","honest","incumbent","ADMITTED","ADMITTED","9","9","0","4","4.882922989522995","1.5","0.7462875490779619","0.8370070466491786","0.6465358545084627","0.6465358545084627","0.1157982362815884","0.29254799703263074","50","50","50","5","5","False","0","0.0","0","2.4674768447875977","50","50","50.0","","","moderate_shadow"
"fashion_mnist","20","2","mixed_maturity","access_full","dirichlet_lcb","diverse_then_repeat_backdoor","0.5","2","2","5","5","0.5","20","9","1.5","5","honest-14","honest","incumbent","ADMITTED","ADMITTED","9","9","0","4","4.882922989522995","1.5","0.7462875490779619","0.8370070466491786","0.6465358545084627","0.6465358545084627","0.1157982362815884","0.29254799703263074","50","50","50","5","5","False","0","0.0","0","3.393711805343628","50","50","50.0","","","moderate_shadow"
"fashion_mnist","20","2","mixed_maturity","access_full","dirichlet_lcb","diverse_then_repeat_backdoor","0.5","2","2","5","5","0.5","20","9","1.5","5","honest-15","honest","incumbent","ADMITTED","ADMITTED","9","9","0","4","4.882922989522995","1.5","0.7462875490779619","0.8370070466491786","0.6465358545084627","0.6465358545084627","0.1157982362815884","0.29254799703263074","50","50","50","5","5","False","0","0.0","0","3.2164103984832764","50","50","50.0","","","moderate_shadow"
"fashion_mnist","20","2","mixed_maturity","access_full","dirichlet_lcb","diverse_then_repeat_backdoor","0.5","2","2","5","5","0.5","20","9","1.5","5","honest-16","honest","incumbent","ADMITTED","ADMITTED","9","9","0","4","4.882922989522995","1.5","0.7462875490779619","0.8370070466491786","0.6465358545084627","0.6465358545084627","0.1157982362815884","0.29254799703263074","50","50","50","5","5","False","0","0.0","0","32.156837940216064","50","50","50.0","","","moderate_shadow"
"fashion_mnist","20","2","mixed_maturity","access_full","dirichlet_lcb","diverse_then_repeat_backdoor","0.5","2","2","5","5","0.5","20","9","1.5","5","honest-17","honest","incumbent","ADMITTED","ADMITTED","9","9","0","4","4.882922989522995","1.5","0.7462875490779619","0.8370070466491786","0.6465358545084627","0.6465358545084627","0.1157982362815884","0.29254799703263074","50","50","50","5","5","False","0","0.0","0","2.3444416522979736","50","50","50.0","","","moderate_shadow"
"fashion_mnist","20","2","mixed_maturity","access_full","dirichlet_lcb","diverse_then_repeat_backdoor","0.5","2","2","5","5","0.5","20","9","1.5","5","honest-18","honest","incumbent","ADMITTED","ADMITTED","9","9","0","4","4.882922989522995","1.5","0.7462875490779619","0.8370070466491786","0.6465358545084627","0.6465358545084627","0.1157982362815884","0.29254799703263074","50","50","50","5","5","False","0","0.0","0","3.0297138690948486","50","50","50.0","","","moderate_shadow"
"fashion_mnist","20","2","mixed_maturity","access_full","dirichlet_lcb","diverse_then_repeat_backdoor","0.5","2","2","5","5","0.5","20","9","1.5","5","honest-2","honest","incumbent","ADMITTED","ADMITTED","9","9","0","4","4.882922989522995","1.5","0.7462875490779619","0.8370070466491786","0.6465358545084627","0.6465358545084627","0.1157982362815884","0.29254799703263074","50","50","50","5","5","False","0","0.0","0","3.2279036045074463","50","50","50.0","","","moderate_shadow"
"fashion_mnist","20","2","mixed_maturity","access_full","dirichlet_lcb","diverse_then_repeat_backdoor","0.5","2","2","5","5","0.5","20","9","1.5","5","honest-3","honest","incumbent","ADMITTED","ADMITTED","9","9","0","4","4.882922989522995","1.5","0.7462875490779619","0.8370070466491786","0.6465358545084627","0.6465358545084627","0.1157982362815884","0.29254799703263074","50","50","50","5","5","False","0","0.0","0","3.066399335861206","50","50","50.0","","","moderate_shadow"
"fashion_mnist","20","2","mixed_maturity","access_full","dirichlet_lcb","diverse_then_repeat_backdoor","0.5","2","2","5","5","0.5","20","9","1.5","5","honest-4","honest","incumbent","ADMITTED","ADMITTED","9","9","0","4","4.882922989522995","1.5","0.7462875490779619","0.8370070466491786","0.6465358545084627","0.6465358545084627","0.1157982362815884","0.29254799703263074","50","50","50","5","5","False","0","0.0","0","2.325408697128296","50","50","50.0","","","moderate_shadow"
"fashion_mnist","20","2","mixed_maturity","access_full","dirichlet_lcb","diverse_then_repeat_backdoor","0.5","2","2","5","5","0.5","20","9","1.5","5","honest-5","honest","incumbent","ADMITTED","ADMITTED","9","9","0","4","4.882922989522995","1.5","0.7462875490779619","0.8370070466491786","0.6465358545084627","0.6465358545084627","0.1157982362815884","0.29254799703263074","50","50","50","5","5","False","0","0.0","0","33.657466411590576","50","50","50.0","","","moderate_shadow"
"fashion_mnist","20","2","mixed_maturity","access_full","dirichlet_lcb","diverse_then_repeat_backdoor","0.5","2","2","5","5","0.5","20","9","1.5","5","honest-6","honest","incumbent","ADMITTED","ADMITTED","9","9","0","4","4.882922989522995","1.5","0.7462875490779619","0.8370070466491786","0.6465358545084627","0.6465358545084627","0.1157982362815884","0.29254799703263074","50","50","50","5","5","False","0","0.0","0","3.041048288345337","50","50","50.0","","","moderate_shadow"
"fashion_mnist","20","2","mixed_maturity","access_full","dirichlet_lcb","diverse_then_repeat_backdoor","0.5","2","2","5","5","0.5","20","9","1.5","5","honest-7","honest","incumbent","ADMITTED","ADMITTED","9","9","0","4","4.882922989522995","1.5","0.7462875490779619","0.8370070466491786","0.6465358545084627","0.6465358545084627","0.1157982362815884","0.29254799703263074","50","50","50","5","5","False","0","0.0","0","3.3959834575653076","50","50","50.0","","","moderate_shadow"
"fashion_mnist","20","2","mixed_maturity","access_full","dirichlet_lcb","diverse_then_repeat_backdoor","0.5","2","2","5","5","0.5","20","9","1.5","5","honest-8","honest","incumbent","ADMITTED","ADMITTED","9","9","0","4","4.882922989522995","1.5","0.7462875490779619","0.8370070466491786","0.6465358545084627","0.6465358545084627","0.1157982362815884","0.29254799703263074","50","50","50","5","5","False","0","0.0","0","2.8086512088775635","50","50","50.0","","","moderate_shadow"
"fashion_mnist","20","2","mixed_maturity","access_full","dirichlet_lcb","diverse_then_repeat_backdoor","0.5","2","2","5","5","0.5","20","9","1.5","5","honest-9","honest","incumbent","ADMITTED","ADMITTED","9","9","0","3","4.76698923888176","1.5","0.7437820368902304","0.8332768051183246","0.6393772482578011","0.6393772482578011","0.11788253356256753","0.28561047849957855","50","50","50","5","5","False","0","0.0","0","32.29595470428467","50","50","50.0","","","moderate_shadow"
"fashion_mnist","20","2","mixed_maturity","access_full","dirichlet_lcb","diverse_then_repeat_backdoor","0.5","3","2","5","5","0.5","20","9","1.5","5","attacker-1","diverse_then_repeat_backdoor","newcomer","LIMITED","ADMITTED","9","9","0","4","4.882922989522995","1.5","0.7462875490779619","0.8370070466491786","0.6465358545084627","0.6465358545084627","0.1157982362815884","0.29254799703263074","50","50","50","5","5","False","0","0.0","0","2.5242013931274414","50","50","48.0","","","moderate_shadow"
"fashion_mnist","20","2","mixed_maturity","access_full","dirichlet_lcb","diverse_then_repeat_backdoor","0.5","3","2","5","5","0.5","20","9","1.5","5","attacker-2","diverse_then_repeat_backdoor","newcomer","LIMITED","ADMITTED","9","9","0","4","4.882922989522995","1.5","0.7462875490779619","0.8370070466491786","0.6465358545084627","0.6465358545084627","0.1157982362815884","0.29254799703263074","50","50","50","5","5","False","0","0.0","0","2.6499483585357666","50","50","48.0","","","moderate_shadow"
"fashion_mnist","20","2","mixed_maturity","access_full","dirichlet_lcb","diverse_then_repeat_backdoor","0.5","3","2","5","5","0.5","20","9","1.5","5","honest-1","honest","incumbent","ADMITTED","ADMITTED","9","9","0","4","4.882922989522995","1.5","0.7462875490779619","0.8370070466491786","0.6465358545084627","0.6465358545084627","0.1157982362815884","0.29254799703263074","50","50","50","5","5","False","0","0.0","0","2.8788015842437744","50","50","50.0","","","moderate_shadow"
"fashion_mnist","20","2","mixed_maturity","access_full","dirichlet_lcb","diverse_then_repeat_backdoor","0.5","3","2","5","5","0.5","20","9","1.5","5","honest-10","honest","incumbent","ADMITTED","ADMITTED","9","9","0","4","4.882922989522995","1.5","0.7462875490779619","0.8370070466491786","0.6465358545084627","0.6465358545084627","0.1157982362815884","0.29254799703263074","50","50","50","5","5","False","0","0.0","0","2.411060333251953","50","50","50.0","","","moderate_shadow"
"fashion_mnist","20","2","mixed_maturity","access_full","dirichlet_lcb","diverse_then_repeat_backdoor","0.5","3","2","5","5","0.5","20","9","1.5","5","honest-11","honest","incumbent","ADMITTED","ADMITTED","9","9","0","4","4.882922989522995","1.5","0.7462875490779619","0.8370070466491786","0.6465358545084627","0.6465358545084627","0.1157982362815884","0.29254799703263074","50","50","50","5","5","False","0","0.0","0","3.5161778926849365","50","50","50.0","","","moderate_shadow"
"fashion_mnist","20","2","mixed_maturity","access_full","dirichlet_lcb","diverse_then_repeat_backdoor","0.5","3","2","5","5","0.5","20","9","1.5","5","honest-12","honest","incumbent","ADMITTED","ADMITTED","9","9","0","4","4.882922989522995","1.5","0.7462875490779619","0.8370070466491786","0.6465358545084627","0.6465358545084627","0.1157982362815884","0.29254799703263074","50","50","50","5","5","False","0","0.0","0","3.2015902996063232","50","50","50.0","","","moderate_shadow"
"fashion_mnist","20","2","mixed_maturity","access_full","dirichlet_lcb","diverse_then_repeat_backdoor","0.5","3","2","5","5","0.5","20","9","1.5","5","honest-13","honest","incumbent","ADMITTED","ADMITTED","9","9","0","4","4.882922989522995","1.5","0.7462875490779619","0.8370070466491786","0.6465358545084627","0.6465358545084627","0.1157982362815884","0.29254799703263074","50","50","50","5","5","False","0","0.0","0","3.575794219970703","50","50","50.0","","","moderate_shadow"
"fashion_mnist","20","2","mixed_maturity","access_full","dirichlet_lcb","diverse_then_repeat_backdoor","0.5","3","2","5","5","0.5","20","9","1.5","5","honest-14","honest","incumbent","ADMITTED","ADMITTED","9","9","0","4","4.882922989522995","1.5","0.7462875490779619","0.8370070466491786","0.6465358545084627","0.6465358545084627","0.1157982362815884","0.29254799703263074","50","50","50","5","5","False","0","0.0","0","2.569567918777466","50","50","50.0","","","moderate_shadow"
"fashion_mnist","20","2","mixed_maturity","access_full","dirichlet_lcb","diverse_then_repeat_backdoor","0.5","3","2","5","5","0.5","20","9","1.5","5","honest-15","honest","incumbent","ADMITTED","ADMITTED","9","9","0","4","4.882922989522995","1.5","0.7462875490779619","0.8370070466491786","0.6465358545084627","0.6465358545084627","0.1157982362815884","0.29254799703263074","50","50","50","5","5","False","0","0.0","0","33.13441586494446","50","50","50.0","","","moderate_shadow"
"fashion_mnist","20","2","mixed_maturity","access_full","dirichlet_lcb","diverse_then_repeat_backdoor","0.5","3","2","5","5","0.5","20","9","1.5","5","honest-16","honest","incumbent","ADMITTED","ADMITTED","9","9","0","3","5.004489238881761","1.5","0.7503560216234088","0.8430201361031787","0.6581600617811678","0.6581600617811678","0.11238691964272261","0.3041175807403508","50","50","50","5","5","False","0","0.0","0","32.465615034103394","50","50","50.0","","","moderate_shadow"
"fashion_mnist","20","2","mixed_maturity","access_full","dirichlet_lcb","diverse_then_repeat_backdoor","0.5","3","2","5","5","0.5","20","9","1.5","5","honest-17","honest","incumbent","ADMITTED","ADMITTED","12","12","0","3","5.3499694871438415","1.5","0.7478143545076069","0.8392699711010733","0.6508981557360198","0.6508981557360198","0.11452190611753592","0.2968448682209436","50","50","50","5","5","False","0","0.0","0","63.459155797958374","50","50","50.0","","","moderate_shadow"
"fashion_mnist","20","2","mixed_maturity","access_full","dirichlet_lcb","diverse_then_repeat_backdoor","0.5","3","2","5","5","0.5","20","9","1.5","5","honest-18","honest","incumbent","ADMITTED","ADMITTED","9","9","0","4","4.882922989522995","1.5","0.7462875490779619","0.8370070466491786","0.6465358545084627","0.6465358545084627","0.1157982362815884","0.29254799703263074","50","50","50","5","5","False","0","0.0","0","2.563526153564453","50","50","50.0","","","moderate_shadow"
"fashion_mnist","20","2","mixed_maturity","access_full","dirichlet_lcb","diverse_then_repeat_backdoor","0.5","3","2","5","5","0.5","20","9","1.5","5","honest-2","honest","incumbent","ADMITTED","ADMITTED","9","9","0","4","4.882922989522995","1.5","0.7462875490779619","0.8370070466491786","0.6465358545084627","0.6465358545084627","0.1157982362815884","0.29254799703263074","50","50","50","5","5","False","0","0.0","0","3.460519790649414","50","50","50.0","","","moderate_shadow"
"fashion_mnist","20","2","mixed_maturity","access_full","dirichlet_lcb","diverse_then_repeat_backdoor","0.5","3","2","5","5","0.5","20","9","1.5","5","honest-3","honest","incumbent","ADMITTED","ADMITTED","9","9","0","4","4.882922989522995","1.5","0.7462875490779619","0.8370070466491786","0.6465358545084627","0.6465358545084627","0.1157982362815884","0.29254799703263074","50","50","50","5","5","False","0","0.0","0","3.652333974838257","50","50","50.0","","","moderate_shadow"
"fashion_mnist","20","2","mixed_maturity","access_full","dirichlet_lcb","diverse_then_repeat_backdoor","0.5","3","2","5","5","0.5","20","9","1.5","5","honest-4","honest","incumbent","ADMITTED","ADMITTED","9","9","0","4","4.882922989522995","1.5","0.7462875490779619","0.8370070466491786","0.6465358545084627","0.6465358545084627","0.1157982362815884","0.29254799703263074","50","50","50","5","5","False","0","0.0","0","33.20249056816101","50","50","50.0","","","moderate_shadow"
"fashion_mnist","20","2","mixed_maturity","access_full","dirichlet_lcb","diverse_then_repeat_backdoor","0.5","3","2","5","5","0.5","20","9","1.5","5","honest-5","honest","incumbent","ADMITTED","ADMITTED","9","9","0","4","4.882922989522995","1.5","0.7462875490779619","0.8370070466491786","0.6465358545084627","0.6465358545084627","0.1157982362815884","0.29254799703263074","50","50","50","5","5","False","0","0.0","0","32.737061500549316","50","50","50.0","","","moderate_shadow"
"fashion_mnist","20","2","mixed_maturity","access_full","dirichlet_lcb","diverse_then_repeat_backdoor","0.5","3","2","5","5","0.5","20","9","1.5","5","honest-6","honest","incumbent","ADMITTED","ADMITTED","9","9","0","4","4.882922989522995","1.5","0.7462875490779619","0.8370070466491786","0.6465358545084627","0.6465358545084627","0.1157982362815884","0.29254799703263074","50","50","50","5","5","False","0","0.0","0","32.46612548828125","50","50","50.0","","","moderate_shadow"
"fashion_mnist","20","2","mixed_maturity","access_full","dirichlet_lcb","diverse_then_repeat_backdoor","0.5","3","2","5","5","0.5","20","9","1.5","5","honest-7","honest","incumbent","ADMITTED","ADMITTED","9","9","0","4","4.882922989522995","1.5","0.7462875490779619","0.8370070466491786","0.6465358545084627","0.6465358545084627","0.1157982362815884","0.29254799703263074","50","50","50","5","5","False","0","0.0","0","3.2712724208831787","50","50","50.0","","","moderate_shadow"
"fashion_mnist","20","2","mixed_maturity","access_full","dirichlet_lcb","diverse_then_repeat_backdoor","0.5","3","2","5","5","0.5","20","9","1.5","5","honest-8","honest","incumbent","ADMITTED","ADMITTED","9","9","0","4","4.882922989522995","1.5","0.7462875490779619","0.8370070466491786","0.6465358545084627","0.6465358545084627","0.1157982362815884","0.29254799703263074","50","50","50","5","5","False","0","0.0","0","3.7977819442749023","50","50","50.0","","","moderate_shadow"
"fashion_mnist","20","2","mixed_maturity","access_full","dirichlet_lcb","diverse_then_repeat_backdoor","0.5","3","2","5","5","0.5","20","9","1.5","5","honest-9","honest","incumbent","ADMITTED","ADMITTED","9","9","0","4","4.882922989522995","1.5","0.7462875490779619","0.8370070466491786","0.6465358545084627","0.6465358545084627","0.1157982362815884","0.29254799703263074","50","50","50","5","5","False","0","0.0","0","3.220999240875244","50","50","50.0","","","moderate_shadow"
"fashion_mnist","20","2","mixed_maturity","access_full","dirichlet_lcb","diverse_then_repeat_backdoor","0.5","4","2","5","5","0.5","20","9","1.5","5","attacker-1","diverse_then_repeat_backdoor","newcomer","LIMITED","ADMITTED","9","9","0","4","4.882922989522995","1.5","0.7462875490779619","0.8370070466491786","0.6465358545084627","0.6465358545084627","0.1157982362815884","0.29254799703263074","50","50","50","5","5","False","0","0.0","0","3.2839298248291016","50","50","48.0","","","moderate_shadow"
"fashion_mnist","20","2","mixed_maturity","access_full","dirichlet_lcb","diverse_then_repeat_backdoor","0.5","4","2","5","5","0.5","20","9","1.5","5","attacker-2","diverse_then_repeat_backdoor","newcomer","LIMITED","ADMITTED","9","9","0","4","4.882922989522995","1.5","0.7462875490779619","0.8370070466491786","0.6465358545084627","0.6465358545084627","0.1157982362815884","0.29254799703263074","50","50","50","5","5","False","0","0.0","0","3.462214231491089","50","50","48.0","","","moderate_shadow"
"fashion_mnist","20","2","mixed_maturity","access_full","dirichlet_lcb","diverse_then_repeat_backdoor","0.5","4","2","5","5","0.5","20","9","1.5","5","honest-1","honest","incumbent","ADMITTED","ADMITTED","9","9","0","4","4.882922989522995","1.5","0.7462875490779619","0.8370070466491786","0.6465358545084627","0.6465358545084627","0.1157982362815884","0.29254799703263074","50","50","50","5","5","False","0","0.0","0","2.5725643634796143","50","50","50.0","","","moderate_shadow"
"fashion_mnist","20","2","mixed_maturity","access_full","dirichlet_lcb","diverse_then_repeat_backdoor","0.5","4","2","5","5","0.5","20","9","1.5","5","honest-10","honest","incumbent","ADMITTED","ADMITTED","9","9","0","4","4.882922989522995","1.5","0.7462875490779619","0.8370070466491786","0.6465358545084627","0.6465358545084627","0.1157982362815884","0.29254799703263074","50","50","50","5","5","False","0","0.0","0","62.694690227508545","50","50","50.0","","","moderate_shadow"
"fashion_mnist","20","2","mixed_maturity","access_full","dirichlet_lcb","diverse_then_repeat_backdoor","0.5","4","2","5","5","0.5","20","9","1.5","5","honest-11","honest","incumbent","ADMITTED","ADMITTED","9","9","0","4","4.882922989522995","1.5","0.7462875490779619","0.8370070466491786","0.6465358545084627","0.6465358545084627","0.1157982362815884","0.29254799703263074","50","50","50","5","5","False","0","0.0","0","2.552790880203247","50","50","50.0","","","moderate_shadow"
"fashion_mnist","20","2","mixed_maturity","access_full","dirichlet_lcb","diverse_then_repeat_backdoor","0.5","4","2","5","5","0.5","20","9","1.5","5","honest-12","honest","incumbent","ADMITTED","ADMITTED","9","9","0","4","4.882922989522995","1.5","0.7462875490779619","0.8370070466491786","0.6465358545084627","0.6465358545084627","0.1157982362815884","0.29254799703263074","50","50","50","5","5","False","0","0.0","0","2.4470295906066895","50","50","50.0","","","moderate_shadow"
"fashion_mnist","20","2","mixed_maturity","access_full","dirichlet_lcb","diverse_then_repeat_backdoor","0.5","4","2","5","5","0.5","20","9","1.5","5","honest-13","honest","incumbent","ADMITTED","ADMITTED","9","9","0","4","4.882922989522995","1.5","0.7462875490779619","0.8370070466491786","0.6465358545084627","0.6465358545084627","0.1157982362815884","0.29254799703263074","50","50","50","5","5","False","0","0.0","0","3.4627931118011475","50","50","50.0","","","moderate_shadow"
"fashion_mnist","20","2","mixed_maturity","access_full","dirichlet_lcb","diverse_then_repeat_backdoor","0.5","4","2","5","5","0.5","20","9","1.5","5","honest-14","honest","incumbent","ADMITTED","ADMITTED","9","9","0","4","4.882922989522995","1.5","0.7462875490779619","0.8370070466491786","0.6465358545084627","0.6465358545084627","0.1157982362815884","0.29254799703263074","50","50","50","5","5","False","0","0.0","0","3.0885586738586426","50","50","50.0","","","moderate_shadow"
"fashion_mnist","20","2","mixed_maturity","access_full","dirichlet_lcb","diverse_then_repeat_backdoor","0.5","4","2","5","5","0.5","20","9","1.5","5","honest-15","honest","incumbent","ADMITTED","ADMITTED","9","9","0","4","4.882922989522995","1.5","0.7462875490779619","0.8370070466491786","0.6465358545084627","0.6465358545084627","0.1157982362815884","0.29254799703263074","50","50","50","5","5","False","0","0.0","0","2.2746922969818115","50","50","50.0","","","moderate_shadow"
"fashion_mnist","20","2","mixed_maturity","access_full","dirichlet_lcb","diverse_then_repeat_backdoor","0.5","4","2","5","5","0.5","20","9","1.5","5","honest-16","honest","incumbent","ADMITTED","ADMITTED","9","9","0","4","4.882922989522995","1.5","0.7462875490779619","0.8370070466491786","0.6465358545084627","0.6465358545084627","0.1157982362815884","0.29254799703263074","50","50","50","5","5","False","0","0.0","0","3.2265429496765137","50","50","50.0","","","moderate_shadow"
"fashion_mnist","20","2","mixed_maturity","access_full","dirichlet_lcb","diverse_then_repeat_backdoor","0.5","4","2","5","5","0.5","20","9","1.5","5","honest-17","honest","incumbent","ADMITTED","ADMITTED","9","9","0","4","4.882922989522995","1.5","0.7462875490779619","0.8370070466491786","0.6465358545084627","0.6465358545084627","0.1157982362815884","0.29254799703263074","50","50","50","5","5","False","0","0.0","0","2.2994658946990967","50","50","50.0","","","moderate_shadow"
"fashion_mnist","20","2","mixed_maturity","access_full","dirichlet_lcb","diverse_then_repeat_backdoor","0.5","4","2","5","5","0.5","20","9","1.5","5","honest-18","honest","incumbent","ADMITTED","ADMITTED","9","9","0","4","4.882922989522995","1.5","0.7462875490779619","0.8370070466491786","0.6465358545084627","0.6465358545084627","0.1157982362815884","0.29254799703263074","50","50","50","5","5","False","0","0.0","0","2.886183977127075","50","50","50.0","","","moderate_shadow"
"fashion_mnist","20","2","mixed_maturity","access_full","dirichlet_lcb","diverse_then_repeat_backdoor","0.5","4","2","5","5","0.5","20","9","1.5","5","honest-2","honest","incumbent","ADMITTED","ADMITTED","9","9","0","4","4.882922989522995","1.5","0.7262875490779619","0.8370070466491786","0.6465358545084627","0.6465358545084627","0.1157982362815884","0.29254799703263074","50","50","50","5","5","False","0","0.0","0","32.94467616081238","50","50","50.0","","","moderate_shadow"
"fashion_mnist","20","2","mixed_maturity","access_full","dirichlet_lcb","diverse_then_repeat_backdoor","0.5","4","2","5","5","0.5","20","9","1.5","5","honest-3","honest","incumbent","ADMITTED","ADMITTED","9","9","0","3","5.004489238881761","1.5","0.7503560216234088","0.8430201361031787","0.6581600617811678","0.6581600617811678","0.11238691964272261","0.3041175807403508","50","50","50","5","5","False","0","0.0","0","32.270917654037476","50","50","50.0","","","moderate_shadow"
"fashion_mnist","20","2","mixed_maturity","access_full","dirichlet_lcb","diverse_then_repeat_backdoor","0.5","4","2","5","5","0.5","20","9","1.5","5","honest-4","honest","incumbent","ADMITTED","ADMITTED","9","9","0","4","4.882922989522995","1.5","0.7462875490779619","0.8370070466491786","0.6465358545084627","0.6465358545084627","0.1157982362815884","0.29254799703263074","50","50","50","5","5","False","0","0.0","0","32.50883603096008","50","50","50.0","","","moderate_shadow"
"fashion_mnist","20","2","mixed_maturity","access_full","dirichlet_lcb","diverse_then_repeat_backdoor","0.5","4","2","5","5","0.5","20","9","1.5","5","honest-5","honest","incumbent","ADMITTED","ADMITTED","9","9","0","4","4.882922989522995","1.5","0.7462875490779619","0.8370070466491786","0.6465358545084627","0.6465358545084627","0.1157982362815884","0.29254799703263074","50","50","50","5","5","False","0","0.0","0","3.05181884765625","50","50","50.0","","","moderate_shadow"
"fashion_mnist","20","2","mixed_maturity","access_full","dirichlet_lcb","diverse_then_repeat_backdoor","0.5","4","2","5","5","0.5","20","9","1.5","5","honest-6","honest","incumbent","ADMITTED","ADMITTED","9","9","0","4","4.882922989522995","1.5","0.7462875490779619","0.8370070466491786","0.6465358545084627","0.6465358545084627","0.1157982362815884","0.29254799703263074","50","50","50","5","5","False","0","0.0","0","3.340298652648926","50","50","50.0","","","moderate_shadow"
"fashion_mnist","20","2","mixed_maturity","access_full","dirichlet_lcb","diverse_then_repeat_backdoor","0.5","4","2","5","5","0.5","20","9","1.5","5","honest-7","honest","incumbent","ADMITTED","ADMITTED","9","9","0","4","4.882922989522995","1.5","0.7462875490779619","0.8370070466491786","0.6465358545084627","0.6465358545084627","0.1157982362815884","0.29254799703263074","50","50","50","5","5","False","0","0.0","0","2.2143516540527344","50","50","50.0","","","moderate_shadow"
"fashion_mnist","20","2","mixed_maturity","access_full","dirichlet_lcb","diverse_then_repeat_backdoor","0.5","4","2","5","5","0.5","20","9","1.5","5","honest-8","honest","incumbent","ADMITTED","ADMITTED","9","9","0","4","4.882922989522995","1.5","0.7462875490779619","0.8370070466491786","0.6465358545084627","0.6465358545084627","0.1157982362815884","0.29254799703263074","50","50","50","5","5","False","0","0.0","0","2.994854688644409","50","50","50.0","","","moderate_shadow"
"fashion_mnist","20","2","mixed_maturity","access_full","dirichlet_lcb","diverse_then_repeat_backdoor","0.5","4","2","5","5","0.5","20","9","1.5","5","honest-9","honest","incumbent","ADMITTED","ADMITTED","9","9","0","4","4.882922989522995","1.5","0.7462875490779619","0.8370070466491786","0.6465358545084627","0.6465358545084627","0.1157982362815884","0.29254799703263074","50","50","50","5","5","False","0","0.0","0","3.0901951789855957","50","50","50.0","","","moderate_shadow"
"fashion_mnist","20","2","mixed_maturity","access_full","dirichlet_lcb","benign_concept_drift","0.5","0","2","5","5","0.5","20","9","1.5","5","attacker-1","benign_concept_drift","newcomer","LIMITED","ADMITTED","9","9","0","4","4.882922989522995","1.5","0.7462875490779619","0.8370070466491786","0.6465358545084627","0.6465358545084627","0.1157982362815884","0.29254799703263074","50","50","50","5","5","False","0","0.0","0","3.5200138092041016","50","50","48.0","","","moderate_shadow"
"fashion_mnist","20","2","mixed_maturity","access_full","dirichlet_lcb","benign_concept_drift","0.5","0","2","5","5","0.5","20","9","1.5","5","attacker-2","benign_concept_drift","newcomer","LIMITED","ADMITTED","9","9","0","4","4.882922989522995","1.5","0.7462875490779619","0.8370070466491786","0.6465358545084627","0.6465358545084627","0.1157982362815884","0.29254799703263074","50","50","50","5","5","False","0","0.0","0","2.0370211601257324","50","50","48.0","","","moderate_shadow"
"fashion_mnist","20","2","mixed_maturity","access_full","dirichlet_lcb","benign_concept_drift","0.5","0","2","5","5","0.5","20","9","1.5","5","honest-1","honest","incumbent","ADMITTED","ADMITTED","9","9","0","4","4.882922989522995","1.5","0.7462875490779619","0.8370070466491786","0.6465358545084627","0.6465358545084627","0.1157982362815884","0.29254799703263074","50","50","50","5","5","False","0","0.0","0","33.16395044326782","50","50","50.0","","","moderate_shadow"
"fashion_mnist","20","2","mixed_maturity","access_full","dirichlet_lcb","benign_concept_drift","0.5","0","2","5","5","0.5","20","9","1.5","5","honest-10","honest","incumbent","ADMITTED","ADMITTED","9","9","0","4","4.882922989522995","1.5","0.7462875490779619","0.8370070466491786","0.6465358545084627","0.6465358545084627","0.1157982362815884","0.29254799703263074","50","50","50","5","5","False","0","0.0","0","2.265251636505127","50","50","50.0","","","moderate_shadow"
"fashion_mnist","20","2","mixed_maturity","access_full","dirichlet_lcb","benign_concept_drift","0.5","0","2","5","5","0.5","20","9","1.5","5","honest-11","honest","incumbent","ADMITTED","ADMITTED","9","9","0","4","4.882922989522995","1.5","0.7462875490779619","0.8370070466491786","0.6465358545084627","0.6465358545084627","0.1157982362815884","0.29254799703263074","50","50","50","5","5","False","0","0.0","0","3.363053798675537","50","50","50.0","","","moderate_shadow"
"fashion_mnist","20","2","mixed_maturity","access_full","dirichlet_lcb","benign_concept_drift","0.5","0","2","5","5","0.5","20","9","1.5","5","honest-12","honest","incumbent","ADMITTED","ADMITTED","9","9","0","4","4.882922989522995","1.5","0.7462875490779619","0.8370070466491786","0.6465358545084627","0.6465358545084627","0.1157982362815884","0.29254799703263074","50","50","50","5","5","False","0","0.0","0","3.3534388542175293","50","50","50.0","","","moderate_shadow"
"fashion_mnist","20","2","mixed_maturity","access_full","dirichlet_lcb","benign_concept_drift","0.5","0","2","5","5","0.5","20","9","1.5","5","honest-13","honest","incumbent","ADMITTED","ADMITTED","9","9","0","4","4.882922989522995","1.5","0.7462875490779619","0.8370070466491786","0.6465358545084627","0.6465358545084627","0.1157982362815884","0.29254799703263074","50","50","50","5","5","False","0","0.0","0","3.3275136947631836","50","50","50.0","","","moderate_shadow"
"fashion_mnist","20","2","mixed_maturity","access_full","dirichlet_lcb","benign_concept_drift","0.5","0","2","5","5","0.5","20","9","1.5","5","honest-14","honest","incumbent","ADMITTED","ADMITTED","9","9","0","4","4.882922989522995","1.5","0.7462875490779619","0.8370070466491786","0.6465358545084627","0.6465358545084627","0.1157982362815884","0.29254799703263074","50","50","50","5","5","False","0","0.0","0","3.4179680347442627","50","50","50.0","","","moderate_shadow"
"fashion_mnist","20","2","mixed_maturity","access_full","dirichlet_lcb","benign_concept_drift","0.5","0","2","5","5","0.5","20","9","1.5","5","honest-15","honest","incumbent","ADMITTED","ADMITTED","9","9","0","4","4.882922989522995","1.5","0.7462875490779619","0.8370070466491786","0.6465358545084627","0.6465358545084627","0.1157982362815884","0.29254799703263074","50","50","50","5","5","False","0","0.0","0","3.3880224227905273","50","50","50.0","","","moderate_shadow"
"fashion_mnist","20","2","mixed_maturity","access_full","dirichlet_lcb","benign_concept_drift","0.5","0","2","5","5","0.5","20","9","1.5","5","honest-16","honest","incumbent","ADMITTED","ADMITTED","9","9","0","4","4.882922989522995","1.5","0.7462875490779619","0.8370070466491786","0.6465358545084627","0.6465358545084627","0.1157982362815884","0.29254799703263074","50","50","50","5","5","False","0","0.0","0","2.692861557006836","50","50","50.0","","","moderate_shadow"
"fashion_mnist","20","2","mixed_maturity","access_full","dirichlet_lcb","benign_concept_drift","0.5","0","2","5","5","0.5","20","9","1.5","5","honest-17","honest","incumbent","ADMITTED","ADMITTED","9","9","0","4","4.882922989522995","1.5","0.7462875490779619","0.8370070466491786","0.6465358545084627","0.6465358545084627","0.1157982362815884","0.29254799703263074","50","50","50","5","5","False","0","0.0","0","2.8435990810394287","50","50","50.0","","","moderate_shadow"
"fashion_mnist","20","2","mixed_maturity","access_full","dirichlet_lcb","benign_concept_drift","0.5","0","2","5","5","0.5","20","9","1.5","5","honest-18","honest","incumbent","ADMITTED","ADMITTED","9","9","0","4","4.882922989522995","1.5","0.7462875490779619","0.8370070466491786","0.6465358545084627","0.6465358545084627","0.1157982362815884","0.29254799703263074","50","50","50","5","5","False","0","0.0","0","2.906827926635742","50","50","50.0","","","moderate_shadow"
"fashion_mnist","20","2","mixed_maturity","access_full","dirichlet_lcb","benign_concept_drift","0.5","0","2","5","5","0.5","20","9","1.5","5","honest-2","honest","incumbent","ADMITTED","ADMITTED","9","9","0","4","4.882922989522995","1.5","0.7462875490779619","0.8370070466491786","0.6465358545084627","0.6465358545084627","0.1157982362815884","0.29254799703263074","50","50","50","5","5","False","0","0.0","0","3.256261110305786","50","50","50.0","","","moderate_shadow"
"fashion_mnist","20","2","mixed_maturity","access_full","dirichlet_lcb","benign_concept_drift","0.5","0","2","5","5","0.5","20","9","1.5","5","honest-3","honest","incumbent","ADMITTED","ADMITTED","9","9","0","4","4.882922989522995","1.5","0.7462875490779619","0.8370070466491786","0.6465358545084627","0.6465358545084627","0.1157982362815884","0.29254799703263074","50","50","50","5","5","False","0","0.0","0","3.4222772121429443","50","50","50.0","","","moderate_shadow"
"fashion_mnist","20","2","mixed_maturity","access_full","dirichlet_lcb","benign_concept_drift","0.5","0","2","5","5","0.5","20","9","1.5","5","honest-4","honest","incumbent","ADMITTED","ADMITTED","9","9","0","4","4.882922989522995","1.5","0.7462875490779619","0.8370070466491786","0.6465358545084627","0.6465358545084627","0.1157982362815884","0.29254799703263074","50","50","50","5","5","False","0","0.0","0","3.412015914916992","50","50","50.0","","","moderate_shadow"
"fashion_mnist","20","2","mixed_maturity","access_full","dirichlet_lcb","benign_concept_drift","0.5","0","2","5","5","0.5","20","9","1.5","5","honest-5","honest","incumbent","ADMITTED","ADMITTED","9","9","0","4","4.882922989522995","1.5","0.7462875490779619","0.8370070466491786","0.6465358545084627","0.6465358545084627","0.1157982362815884","0.29254799703263074","50","50","50","5","5","False","0","0.0","0","3.665266275405884","50","50","50.0","","","moderate_shadow"
"fashion_mnist","20","2","mixed_maturity","access_full","dirichlet_lcb","benign_concept_drift","0.5","0","2","5","5","0.5","20","9","1.5","5","honest-6","honest","incumbent","ADMITTED","ADMITTED","9","9","0","4","4.882922989522995","1.5","0.7462875490779619","0.8370070466491786","0.6465358545084627","0.6465358545084627","0.1157982362815884","0.29254799703263074","50","50","50","5","5","False","0","0.0","0","2.7044594287872314","50","50","50.0","","","moderate_shadow"
"fashion_mnist","20","2","mixed_maturity","access_full","dirichlet_lcb","benign_concept_drift","0.5","0","2","5","5","0.5","20","9","1.5","5","honest-7","honest","incumbent","ADMITTED","ADMITTED","9","9","0","4","4.882922989522995","1.5","0.7462875490779619","0.8370070466491786","0.6465358545084627","0.6465358545084627","0.1157982362815884","0.29254799703263074","50","50","50","5","5","False","0","0.0","0","93.16976165771484","50","50","50.0","","","moderate_shadow"
"fashion_mnist","20","2","mixed_maturity","access_full","dirichlet_lcb","benign_concept_drift","0.5","0","2","5","5","0.5","20","9","1.5","5","honest-8","honest","incumbent","ADMITTED","ADMITTED","9","9","0","4","4.882922989522995","1.5","0.7462875490779619","0.8370070466491786","0.6465358545084627","0.6465358545084627","0.1157982362815884","0.29254799703263074","50","50","50","5","5","False","0","0.0","0","3.0238659381866455","50","50","50.0","","","moderate_shadow"
"fashion_mnist","20","2","mixed_maturity","access_full","dirichlet_lcb","benign_concept_drift","0.5","0","2","5","5","0.5","20","9","1.5","5","honest-9","honest","incumbent","ADMITTED","ADMITTED","9","9","0","4","4.882922989522995","1.5","0.7462875490779619","0.8370070466491786","0.6465358545084627","0.6465358545084627","0.1157982362815884","0.29254799703263074","50","50","50","5","5","False","0","0.0","0","3.1996700763702393","50","50","50.0","","","moderate_shadow"
"fashion_mnist","20","2","mixed_maturity","access_full","dirichlet_lcb","benign_concept_drift","0.5","1","2","5","5","0.5","20","9","1.5","5","attacker-1","benign_concept_drift","newcomer","LIMITED","ADMITTED","9","9","0","4","4.882922989522995","1.5","0.7462875490779619","0.8370070466491786","0.6465358545084627","0.6465358545084627","0.1157982362815884","0.29254799703263074","50","50","50","5","5","False","0","0.0","0","2.801372528076172","50","50","48.0","","","moderate_shadow"
"fashion_mnist","20","2","mixed_maturity","access_full","dirichlet_lcb","benign_concept_drift","0.5","1","2","5","5","0.5","20","9","1.5","5","attacker-2","benign_concept_drift","newcomer","LIMITED","ADMITTED","9","9","0","4","4.882922989522995","1.5","0.7462875490779619","0.8370070466491786","0.6465358545084627","0.6465358545084627","0.1157982362815884","0.29254799703263074","50","50","50","5","5","False","0","0.0","0","2.298316240310669","50","50","48.0","","","moderate_shadow"
"fashion_mnist","20","2","mixed_maturity","access_full","dirichlet_lcb","benign_concept_drift","0.5","1","2","5","5","0.5","20","9","1.5","5","honest-1","honest","incumbent","ADMITTED","ADMITTED","9","9","0","4","4.882922989522995","1.5","0.7462875490779619","0.8370070466491786","0.6465358545084627","0.6465358545084627","0.1157982362815884","0.29254799703263074","50","50","50","5","5","False","0","0.0","0","3.581566095352173","50","50","50.0","","","moderate_shadow"
"fashion_mnist","20","2","mixed_maturity","access_full","dirichlet_lcb","benign_concept_drift","0.5","1","2","5","5","0.5","20","9","1.5","5","honest-10","honest","incumbent","ADMITTED","ADMITTED","9","9","0","4","4.882922989522995","1.5","0.7462875490779619","0.8370070466491786","0.6465358545084627","0.6465358545084627","0.1157982362815884","0.29254799703263074","50","50","50","5","5","False","0","0.0","0","32.588643074035645","50","50","50.0","","","moderate_shadow"
"fashion_mnist","20","2","mixed_maturity","access_full","dirichlet_lcb","benign_concept_drift","0.5","1","2","5","5","0.5","20","9","1.5","5","honest-11","honest","incumbent","ADMITTED","ADMITTED","9","9","0","4","4.882922989522995","1.5","0.7462875490779619","0.8370070466491786","0.6465358545084627","0.6465358545084627","0.1157982362815884","0.29254799703263074","50","50","50","5","5","False","0","0.0","0","2.462665557861328","50","50","50.0","","","moderate_shadow"
"fashion_mnist","20","2","mixed_maturity","access_full","dirichlet_lcb","benign_concept_drift","0.5","1","2","5","5","0.5","20","9","1.5","5","honest-12","honest","incumbent","ADMITTED","ADMITTED","9","9","0","4","4.882922989522995","1.5","0.7462875490779619","0.8370070466491786","0.6465358545084627","0.6465358545084627","0.1157982362815884","0.29254799703263074","50","50","50","5","5","False","0","0.0","0","3.2212672233581543","50","50","50.0","","","moderate_shadow"
"fashion_mnist","20","2","mixed_maturity","access_full","dirichlet_lcb","benign_concept_drift","0.5","1","2","5","5","0.5","20","9","1.5","5","honest-13","honest","incumbent","ADMITTED","ADMITTED","9","9","0","4","4.882922989522995","1.5","0.7462875490779619","0.8370070466491786","0.6465358545084627","0.6465358545084627","0.1157982362815884","0.29254799703263074","50","50","50","5","5","False","0","0.0","0","3.478546619415283","50","50","50.0","","","moderate_shadow"
"fashion_mnist","20","2","mixed_maturity","access_full","dirichlet_lcb","benign_concept_drift","0.5","1","2","5","5","0.5","20","9","1.5","5","honest-14","honest","incumbent","ADMITTED","ADMITTED","9","9","0","4","4.882922989522995","1.5","0.7462875490779619","0.8370070466491786","0.6465358545084627","0.6465358545084627","0.1157982362815884","0.29254799703263074","50","50","50","5","5","False","0","0.0","0","2.3029534816741943","50","50","50.0","","","moderate_shadow"
"fashion_mnist","20","2","mixed_maturity","access_full","dirichlet_lcb","benign_concept_drift","0.5","1","2","5","5","0.5","20","9","1.5","5","honest-15","honest","incumbent","ADMITTED","ADMITTED","9","9","0","4","4.882922989522995","1.5","0.7462875490779619","0.8370070466491786","0.6465358545084627","0.6465358545084627","0.1157982362815884","0.29254799703263074","50","50","50","5","5","False","0","0.0","0","2.9520552158355713","50","50","50.0","","","moderate_shadow"
"fashion_mnist","20","2","mixed_maturity","access_full","dirichlet_lcb","benign_concept_drift","0.5","1","2","5","5","0.5","20","9","1.5","5","honest-16","honest","incumbent","ADMITTED","ADMITTED","9","9","0","4","4.882922989522995","1.5","0.7462875490779619","0.8370070466491786","0.6465358545084627","0.6465358545084627","0.1157982362815884","0.29254799703263074","50","50","50","5","5","False","0","0.0","0","2.549999475479126","50","50","50.0","","","moderate_shadow"
"fashion_mnist","20","2","mixed_maturity","access_full","dirichlet_lcb","benign_concept_drift","0.5","1","2","5","5","0.5","20","9","1.5","5","honest-17","honest","incumbent","ADMITTED","ADMITTED","9","9","0","4","4.882922989522995","1.5","0.7462875490779619","0.8370070466491786","0.6465358545084627","0.6465358545084627","0.1157982362815884","0.29254799703263074","50","50","50","5","5","False","0","0.0","0","3.097465991973877","50","50","50.0","","","moderate_shadow"
"fashion_mnist","20","2","mixed_maturity","access_full","dirichlet_lcb","benign_concept_drift","0.5","1","2","5","5","0.5","20","9","1.5","5","honest-18","honest","incumbent","ADMITTED","ADMITTED","9","9","0","3","4.5294892388817605","1.5","0.7401065581334588","0.8277664507491892","0.6288758803813109","0.6288758803813109","0.12091685363435191","0.27568090107538146","50","50","50","5","5","False","0","0.0","0","32.74112844467163","50","50","50.0","","","moderate_shadow"
"fashion_mnist","20","2","mixed_maturity","access_full","dirichlet_lcb","benign_concept_drift","0.5","1","2","5","5","0.5","20","9","1.5","5","honest-2","honest","incumbent","ADMITTED","ADMITTED","9","9","0","3","5.004489238881761","1.5","0.7503560216234088","0.8430201361031787","0.6581600617811678","0.6581600617811678","0.11238691964272261","0.3041175807403508","50","50","50","5","5","False","0","0.0","0","62.60600805282593","50","50","50.0","","","moderate_shadow"
"fashion_mnist","20","2","mixed_maturity","access_full","dirichlet_lcb","benign_concept_drift","0.5","1","2","5","5","0.5","20","9","1.5","5","honest-3","honest","incumbent","ADMITTED","ADMITTED","9","9","0","4","4.882922989522995","1.5","0.7462875490779619","0.8370070466491786","0.6465358545084627","0.6465358545084627","0.1157982362815884","0.29254799703263074","50","50","50","5","5","False","0","0.0","0","32.23887014389038","50","50","50.0","","","moderate_shadow"
"fashion_mnist","20","2","mixed_maturity","access_full","dirichlet_lcb","benign_concept_drift","0.5","1","2","5","5","0.5","20","9","1.5","5","honest-4","honest","incumbent","ADMITTED","ADMITTED","9","9","0","4","4.882922989522995","1.5","0.7462875490779619","0.8370070466491786","0.6465358545084627","0.6465358545084627","0.1157982362815884","0.29254799703263074","50","50","50","5","5","False","0","0.0","0","3.3334755897521973","50","50","50.0","","","moderate_shadow"
"fashion_mnist","20","2","mixed_maturity","access_full","dirichlet_lcb","benign_concept_drift","0.5","1","2","5","5","0.5","20","9","1.5","5","honest-5","honest","incumbent","ADMITTED","ADMITTED","9","9","0","4","4.882922989522995","1.5","0.7462875490779619","0.8370070466491786","0.6465358545084627","0.6465358545084627","0.1157982362815884","0.29254799703263074","50","50","50","5","5","False","0","0.0","0","33.04902958869934","50","50","50.0","","","moderate_shadow"
"fashion_mnist","20","2","mixed_maturity","access_full","dirichlet_lcb","benign_concept_drift","0.5","1","2","5","5","0.5","20","9","1.5","5","honest-6","honest","incumbent","ADMITTED","ADMITTED","9","9","0","4","4.882922989522995","1.5","0.7462875490779619","0.8370070466491786","0.6465358545084627","0.6465358545084627","0.1157982362815884","0.29254799703263074","50","50","50","5","5","False","0","0.0","0","2.5340888500213623","50","50","50.0","","","moderate_shadow"
"fashion_mnist","20","2","mixed_maturity","access_full","dirichlet_lcb","benign_concept_drift","0.5","1","2","5","5","0.5","20","9","1.5","5","honest-7","honest","incumbent","ADMITTED","ADMITTED","9","9","0","4","4.882922989522995","1.5","0.7462875490779619","0.8370070466491786","0.6465358545084627","0.6465358545084627","0.1157982362815884","0.29254799703263074","50","50","50","5","5","False","0","0.0","0","33.566624879837036","50","50","50.0","","","moderate_shadow"
"fashion_mnist","20","2","mixed_maturity","access_full","dirichlet_lcb","benign_concept_drift","0.5","1","2","5","5","0.5","20","9","1.5","5","honest-8","honest","incumbent","ADMITTED","ADMITTED","9","9","0","4","4.882922989522995","1.5","0.7462875490779619","0.8370070466491786","0.6465358545084627","0.6465358545084627","0.1157982362815884","0.29254799703263074","50","50","50","5","5","False","0","0.0","0","2.634484052658081","50","50","50.0","","","moderate_shadow"
"fashion_mnist","20","2","mixed_maturity","access_full","dirichlet_lcb","benign_concept_drift","0.5","1","2","5","5","0.5","20","9","1.5","5","honest-9","honest","incumbent","ADMITTED","ADMITTED","9","9","0","4","4.882922989522995","1.5","0.7462875490779619","0.8370070466491786","0.6465358545084627","0.6465358545084627","0.1157982362815884","0.29254799703263074","50","50","50","5","5","False","0","0.0","0","3.3830957412719727","50","50","50.0","","","moderate_shadow"
"fashion_mnist","20","2","mixed_maturity","access_full","dirichlet_lcb","benign_concept_drift","0.5","2","2","5","5","0.5","20","9","1.5","5","attacker-1","benign_concept_drift","newcomer","LIMITED","ADMITTED","9","9","0","4","4.882922989522995","1.5","0.7462875490779619","0.8370070466491786","0.6465358545084627","0.6465358545084627","0.1157982362815884","0.29254799703263074","50","50","50","5","5","False","0","0.0","0","3.169792413711548","50","50","48.0","","","moderate_shadow"
"fashion_mnist","20","2","mixed_maturity","access_full","dirichlet_lcb","benign_concept_drift","0.5","2","2","5","5","0.5","20","9","1.5","5","attacker-2","benign_concept_drift","newcomer","LIMITED","ADMITTED","9","9","0","4","4.882922989522995","1.5","0.7462875490779619","0.8370070466491786","0.6465358545084627","0.6465358545084627","0.1157982362815884","0.29254799703263074","50","50","50","5","5","False","0","0.0","0","3.1521284580230713","50","50","48.0","","","moderate_shadow"
"fashion_mnist","20","2","mixed_maturity","access_full","dirichlet_lcb","benign_concept_drift","0.5","2","2","5","5","0.5","20","9","1.5","5","honest-1","honest","incumbent","ADMITTED","ADMITTED","9","9","0","4","4.882922989522995","1.5","0.7462875490779619","0.8370070466491786","0.6465358545084627","0.6465358545084627","0.1157982362815884","0.29254799703263074","50","50","50","5","5","False","0","0.0","0","32.76856184005737","50","50","50.0","","","moderate_shadow"
"fashion_mnist","20","2","mixed_maturity","access_full","dirichlet_lcb","benign_concept_drift","0.5","2","2","5","5","0.5","20","9","1.5","5","honest-10","honest","incumbent","ADMITTED","ADMITTED","11","11","0","3","5.419531626612037","1.5","0.7509212720692868","0.8438513019312254","0.6597750630551052","0.6597750630551052","0.11191038163637629","0.3057557302355997","50","50","50","5","5","False","0","0.0","0","62.84291052818298","50","50","50.0","","","moderate_shadow"
"fashion_mnist","20","2","mixed_maturity","access_full","dirichlet_lcb","benign_concept_drift","0.5","2","2","5","5","0.5","20","9","1.5","5","honest-11","honest","incumbent","ADMITTED","ADMITTED","9","9","0","4","4.882922989522995","1.5","0.7462875490779619","0.8370070466491786","0.6465358545084627","0.6465358545084627","0.1157982362815884","0.29254799703263074","50","50","50","5","5","False","0","0.0","0","32.396671295166016","50","50","50.0","","","moderate_shadow"
"fashion_mnist","20","2","mixed_maturity","access_full","dirichlet_lcb","benign_concept_drift","0.5","2","2","5","5","0.5","20","9","1.5","5","honest-12","honest","incumbent","ADMITTED","ADMITTED","9","9","0","4","4.882922989522995","1.5","0.7462875490779619","0.8370070466491786","0.6465358545084627","0.6465358545084627","0.1157982362815884","0.29254799703263074","50","50","50","5","5","False","0","0.0","0","32.48012685775757","50","50","50.0","","","moderate_shadow"
"fashion_mnist","20","2","mixed_maturity","access_full","dirichlet_lcb","benign_concept_drift","0.5","2","2","5","5","0.5","20","9","1.5","5","honest-13","honest","incumbent","ADMITTED","ADMITTED","9","9","0","4","4.882922989522995","1.5","0.7462875490779619","0.8370070466491786","0.6465358545084627","0.6465358545084627","0.1157982362815884","0.29254799703263074","50","50","50","5","5","False","0","0.0","0","3.3043243885040283","50","50","50.0","","","moderate_shadow"
"fashion_mnist","20","2","mixed_maturity","access_full","dirichlet_lcb","benign_concept_drift","0.5","2","2","5","5","0.5","20","9","1.5","5","honest-14","honest","incumbent","ADMITTED","ADMITTED","9","9","0","4","4.882922989522995","1.5","0.7462875490779619","0.8370070466491786","0.6465358545084627","0.6465358545084627","0.1157982362815884","0.29254799703263074","50","50","50","5","5","False","0","0.0","0","3.412871837615967","50","50","50.0","","","moderate_shadow"
"fashion_mnist","20","2","mixed_maturity","access_full","dirichlet_lcb","benign_concept_drift","0.5","2","2","5","5","0.5","20","9","1.5","5","honest-15","honest","incumbent","ADMITTED","ADMITTED","9","9","0","4","4.882922989522995","1.5","0.7462875490779619","0.8370070466491786","0.6465358545084627","0.6465358545084627","0.1157982362815884","0.29254799703263074","50","50","50","5","5","False","0","0.0","0","2.4139151573181152","50","50","50.0","","","moderate_shadow"
"fashion_mnist","20","2","mixed_maturity","access_full","dirichlet_lcb","benign_concept_drift","0.5","2","2","5","5","0.5","20","9","1.5","5","honest-16","honest","incumbent","ADMITTED","ADMITTED","9","9","0","4","4.882922989522995","1.5","0.7462875490779619","0.8370070466491786","0.6465358545084627","0.6465358545084627","0.1157982362815884","0.29254799703263074","50","50","50","5","5","False","0","0.0","0","32.41572117805481","50","50","50.0","","","moderate_shadow"
"fashion_mnist","20","2","mixed_maturity","access_full","dirichlet_lcb","benign_concept_drift","0.5","2","2","5","5","0.5","20","9","1.5","5","honest-17","honest","incumbent","ADMITTED","ADMITTED","9","9","0","4","4.882922989522995","1.5","0.7462875490779619","0.8370070466491786","0.6465358545084627","0.6465358545084627","0.1157982362815884","0.29254799703263074","50","50","50","5","5","False","0","0.0","0","3.3769748210906982","50","50","50.0","","","moderate_shadow"
"fashion_mnist","20","2","mixed_maturity","access_full","dirichlet_lcb","benign_concept_drift","0.5","2","2","5","5","0.5","20","9","1.5","5","honest-18","honest","incumbent","ADMITTED","ADMITTED","9","9","0","4","4.882922989522995","1.5","0.7462875490779619","0.8370070466491786","0.6465358545084627","0.6465358545084627","0.1157982362815884","0.29254799703263074","50","50","50","5","5","False","0","0.0","0","2.3644044399261475","50","50","50.0","","","moderate_shadow"
"fashion_mnist","20","2","mixed_maturity","access_full","dirichlet_lcb","benign_concept_drift","0.5","2","2","5","5","0.5","20","9","1.5","5","honest-2","honest","incumbent","ADMITTED","ADMITTED","9","9","0","4","4.882922989522995","1.5","0.7462875490779619","0.8370070466491786","0.6465358545084627","0.6465358545084627","0.1157982362815884","0.29254799703263074","50","50","50","5","5","False","0","0.0","0","3.493534803390503","50","50","50.0","","","moderate_shadow"
"fashion_mnist","20","2","mixed_maturity","access_full","dirichlet_lcb","benign_concept_drift","0.5","2","2","5","5","0.5","20","9","1.5","5","honest-3","honest","incumbent","ADMITTED","ADMITTED","9","9","0","4","4.882922989522995","1.5","0.7462875490779619","0.8370070466491786","0.6465358545084627","0.6465358545084627","0.1157982362815884","0.29254799703263074","50","50","50","5","5","False","0","0.0","0","3.716163396835327","50","50","50.0","","","moderate_shadow"
"fashion_mnist","20","2","mixed_maturity","access_full","dirichlet_lcb","benign_concept_drift","0.5","2","2","5","5","0.5","20","9","1.5","5","honest-4","honest","incumbent","ADMITTED","ADMITTED","9","9","0","4","4.882922989522995","1.5","0.7462875490779619","0.8370070466491786","0.6465358545084627","0.6465358545084627","0.1157982362815884","0.29254799703263074","50","50","50","5","5","False","0","0.0","0","2.525437355041504","50","50","50.0","","","moderate_shadow"
"fashion_mnist","20","2","mixed_maturity","access_full","dirichlet_lcb","benign_concept_drift","0.5","2","2","5","5","0.5","20","9","1.5","5","honest-5","honest","incumbent","ADMITTED","ADMITTED","9","9","0","4","4.882922989522995","1.5","0.7462875490779619","0.8370070466491786","0.6465358545084627","0.6465358545084627","0.1157982362815884","0.29254799703263074","50","50","50","5","5","False","0","0.0","0","32.39880132675171","50","50","50.0","","","moderate_shadow"
"fashion_mnist","20","2","mixed_maturity","access_full","dirichlet_lcb","benign_concept_drift","0.5","2","2","5","5","0.5","20","9","1.5","5","honest-6","honest","incumbent","ADMITTED","ADMITTED","9","9","0","4","4.882922989522995","1.5","0.7462875490779619","0.8370070466491786","0.6465358545084627","0.6465358545084627","0.1157982362815884","0.29254799703263074","50","50","50","5","5","False","0","0.0","0","2.8631067276000977","50","50","50.0","","","moderate_shadow"
"fashion_mnist","20","2","mixed_maturity","access_full","dirichlet_lcb","benign_concept_drift","0.5","2","2","5","5","0.5","20","9","1.5","5","honest-7","honest","incumbent","ADMITTED","ADMITTED","9","9","0","4","4.882922989522995","1.5","0.7462875490779619","0.8370070466491786","0.6465358545084627","0.6465358545084627","0.1157982362815884","0.29254799703263074","50","50","50","5","5","False","0","0.0","0","3.0727269649505615","50","50","50.0","","","moderate_shadow"
"fashion_mnist","20","2","mixed_maturity","access_full","dirichlet_lcb","benign_concept_drift","0.5","2","2","5","5","0.5","20","9","1.5","5","honest-8","honest","incumbent","ADMITTED","ADMITTED","9","9","0","4","4.882922989522995","1.5","0.7462875490779619","0.8370070466491786","0.6465358545084627","0.6465358545084627","0.1157982362815884","0.29254799703263074","50","50","50","5","5","False","0","0.0","0","3.389136552810669","50","50","50.0","","","moderate_shadow"
"fashion_mnist","20","2","mixed_maturity","access_full","dirichlet_lcb","benign_concept_drift","0.5","2","2","5","5","0.5","20","9","1.5","5","honest-9","honest","incumbent","ADMITTED","ADMITTED","9","9","0","3","4.76698923888176","1.5","0.7437820368902304","0.8332768051183246","0.6393772482578011","0.6393772482578011","0.11788253356256753","0.28561047849957855","50","50","50","5","5","False","0","0.0","0","32.2776358127594","50","50","50.0","","","moderate_shadow"
"fashion_mnist","20","2","mixed_maturity","access_full","dirichlet_lcb","benign_concept_drift","0.5","3","2","5","5","0.5","20","9","1.5","5","attacker-1","benign_concept_drift","newcomer","LIMITED","ADMITTED","9","9","0","4","4.882922989522995","1.5","0.7462875490779619","0.8370070466491786","0.6465358545084627","0.6465358545084627","0.1157982362815884","0.29254799703263074","50","50","50","5","5","False","0","0.0","0","3.390125036239624","50","50","48.0","","","moderate_shadow"
"fashion_mnist","20","2","mixed_maturity","access_full","dirichlet_lcb","benign_concept_drift","0.5","3","2","5","5","0.5","20","9","1.5","5","attacker-2","benign_concept_drift","newcomer","LIMITED","ADMITTED","9","9","0","4","4.882922989522995","1.5","0.7462875490779619","0.8370070466491786","0.6465358545084627","0.6465358545084627","0.1157982362815884","0.29254799703263074","50","50","50","5","5","False","0","0.0","0","2.421159029006958","50","50","48.0","","","moderate_shadow"
"fashion_mnist","20","2","mixed_maturity","access_full","dirichlet_lcb","benign_concept_drift","0.5","3","2","5","5","0.5","20","9","1.5","5","honest-1","honest","incumbent","ADMITTED","ADMITTED","9","9","0","4","4.882922989522995","1.5","0.7462875490779619","0.8370070466491786","0.6465358545084627","0.6465358545084627","0.1157982362815884","0.29254799703263074","50","50","50","5","5","False","0","0.0","0","2.3886125087738037","50","50","50.0","","","moderate_shadow"
"fashion_mnist","20","2","mixed_maturity","access_full","dirichlet_lcb","benign_concept_drift","0.5","3","2","5","5","0.5","20","9","1.5","5","honest-10","honest","incumbent","ADMITTED","ADMITTED","9","9","0","4","4.882922989522995","1.5","0.7462875490779619","0.8370070466491786","0.6465358545084627","0.6465358545084627","0.1157982362815884","0.29254799703263074","50","50","50","5","5","False","0","0.0","0","1.988004207611084","50","50","50.0","","","moderate_shadow"
"fashion_mnist","20","2","mixed_maturity","access_full","dirichlet_lcb","benign_concept_drift","0.5","3","2","5","5","0.5","20","9","1.5","5","honest-11","honest","incumbent","ADMITTED","ADMITTED","9","9","0","4","4.882922989522995","1.5","0.7462875490779619","0.8370070466491786","0.6465358545084627","0.6465358545084627","0.1157982362815884","0.29254799703263074","50","50","50","5","5","False","0","0.0","0","3.2766125202178955","50","50","50.0","","","moderate_shadow"
"fashion_mnist","20","2","mixed_maturity","access_full","dirichlet_lcb","benign_concept_drift","0.5","3","2","5","5","0.5","20","9","1.5","5","honest-12","honest","incumbent","ADMITTED","ADMITTED","9","9","0","4","4.882922989522995","1.5","0.7462875490779619","0.8370070466491786","0.6465358545084627","0.6465358545084627","0.1157982362815884","0.29254799703263074","50","50","50","5","5","False","0","0.0","0","2.675402879714966","50","50","50.0","","","moderate_shadow"
"fashion_mnist","20","2","mixed_maturity","access_full","dirichlet_lcb","benign_concept_drift","0.5","3","2","5","5","0.5","20","9","1.5","5","honest-13","honest","incumbent","ADMITTED","ADMITTED","9","9","0","4","4.882922989522995","1.5","0.7462875490779619","0.8370070466491786","0.6465358545084627","0.6465358545084627","0.1157982362815884","0.29254799703263074","50","50","50","5","5","False","0","0.0","0","3.02486515045166","50","50","50.0","","","moderate_shadow"
"fashion_mnist","20","2","mixed_maturity","access_full","dirichlet_lcb","benign_concept_drift","0.5","3","2","5","5","0.5","20","9","1.5","5","honest-14","honest","incumbent","ADMITTED","ADMITTED","9","9","0","4","4.882922989522995","1.5","0.7462875490779619","0.8370070466491786","0.6465358545084627","0.6465358545084627","0.1157982362815884","0.29254799703263074","50","50","50","5","5","False","0","0.0","0","3.3685386180877686","50","50","50.0","","","moderate_shadow"
"fashion_mnist","20","2","mixed_maturity","access_full","dirichlet_lcb","benign_concept_drift","0.5","3","2","5","5","0.5","20","9","1.5","5","honest-15","honest","incumbent","ADMITTED","ADMITTED","9","9","0","4","4.882922989522995","1.5","0.7462875490779619","0.8370070466491786","0.6465358545084627","0.6465358545084627","0.1157982362815884","0.29254799703263074","50","50","50","5","5","False","0","0.0","0","32.888222455978394","50","50","50.0","","","moderate_shadow"
"fashion_mnist","20","2","mixed_maturity","access_full","dirichlet_lcb","benign_concept_drift","0.5","3","2","5","5","0.5","20","9","1.5","5","honest-16","honest","incumbent","ADMITTED","ADMITTED","9","9","0","3","5.004489238881761","1.5","0.7503560216234088","0.8430201361031787","0.6581600617811678","0.6581600617811678","0.11238691964272261","0.3041175807403508","50","50","50","5","5","False","0","0.0","0","32.47487211227417","50","50","50.0","","","moderate_shadow"
"fashion_mnist","20","2","mixed_maturity","access_full","dirichlet_lcb","benign_concept_drift","0.5","3","2","5","5","0.5","20","9","1.5","5","honest-17","honest","incumbent","ADMITTED","ADMITTED","12","12","0","3","5.3499694871438415","1.5","0.7478143545076069","0.8392699711010733","0.6508981557360198","0.6508981557360198","0.11452190611753592","0.2968448682209436","50","50","50","5","5","False","0","0.0","0","63.54187488555908","50","50","50.0","","","moderate_shadow"
"fashion_mnist","20","2","mixed_maturity","access_full","dirichlet_lcb","benign_concept_drift","0.5","3","2","5","5","0.5","20","9","1.5","5","honest-18","honest","incumbent","ADMITTED","ADMITTED","9","9","0","4","4.882922989522995","1.5","0.7462875490779619","0.8370070466491786","0.6465358545084627","0.6465358545084627","0.1157982362815884","0.29254799703263074","50","50","50","5","5","False","0","0.0","0","3.1171419620513916","50","50","50.0","","","moderate_shadow"
"fashion_mnist","20","2","mixed_maturity","access_full","dirichlet_lcb","benign_concept_drift","0.5","3","2","5","5","0.5","20","9","1.5","5","honest-2","honest","incumbent","ADMITTED","ADMITTED","9","9","0","4","4.882922989522995","1.5","0.7462875490779619","0.8370070466491786","0.6465358545084627","0.6465358545084627","0.1157982362815884","0.29254799703263074","50","50","50","5","5","False","0","0.0","0","3.1374692916870117","50","50","50.0","","","moderate_shadow"
"fashion_mnist","20","2","mixed_maturity","access_full","dirichlet_lcb","benign_concept_drift","0.5","3","2","5","5","0.5","20","9","1.5","5","honest-3","honest","incumbent","ADMITTED","ADMITTED","9","9","0","4","4.882922989522995","1.5","0.7462875490779619","0.8370070466491786","0.6465358545084627","0.6465358545084627","0.1157982362815884","0.29254799703263074","50","50","50","5","5","False","0","0.0","0","3.069446563720703","50","50","50.0","","","moderate_shadow"
"fashion_mnist","20","2","mixed_maturity","access_full","dirichlet_lcb","benign_concept_drift","0.5","3","2","5","5","0.5","20","9","1.5","5","honest-4","honest","incumbent","ADMITTED","ADMITTED","9","9","0","4","4.882922989522995","1.5","0.7462875490779619","0.8370070466491786","0.6465358545084627","0.6465358545084627","0.1157982362815884","0.29254799703263074","50","50","50","5","5","False","0","0.0","0","32.508559703826904","50","50","50.0","","","moderate_shadow"
"fashion_mnist","20","2","mixed_maturity","access_full","dirichlet_lcb","benign_concept_drift","0.5","3","2","5","5","0.5","20","9","1.5","5","honest-5","honest","incumbent","ADMITTED","ADMITTED","9","9","0","4","4.882922989522995","1.5","0.7462875490779619","0.8370070466491786","0.6465358545084627","0.6465358545084627","0.1157982362815884","0.29254799703263074","50","50","50","5","5","False","0","0.0","0","32.79870128631592","50","50","50.0","","","moderate_shadow"
"fashion_mnist","20","2","mixed_maturity","access_full","dirichlet_lcb","benign_concept_drift","0.5","3","2","5","5","0.5","20","9","1.5","5","honest-6","honest","incumbent","ADMITTED","ADMITTED","9","9","0","4","4.882922989522995","1.5","0.7462875490779619","0.8370070466491786","0.6465358545084627","0.6465358545084627","0.1157982362815884","0.29254799703263074","50","50","50","5","5","False","0","0.0","0","32.77089524269104","50","50","50.0","","","moderate_shadow"
"fashion_mnist","20","2","mixed_maturity","access_full","dirichlet_lcb","benign_concept_drift","0.5","3","2","5","5","0.5","20","9","1.5","5","honest-7","honest","incumbent","ADMITTED","ADMITTED","9","9","0","4","4.882922989522995","1.5","0.7462875490779619","0.8370070466491786","0.6465358545084627","0.6465358545084627","0.1157982362815884","0.29254799703263074","50","50","50","5","5","False","0","0.0","0","2.3256497383117676","50","50","50.0","","","moderate_shadow"
"fashion_mnist","20","2","mixed_maturity","access_full","dirichlet_lcb","benign_concept_drift","0.5","3","2","5","5","0.5","20","9","1.5","5","honest-8","honest","incumbent","ADMITTED","ADMITTED","9","9","0","4","4.882922989522995","1.5","0.7462875490779619","0.8370070466491786","0.6465358545084627","0.6465358545084627","0.1157982362815884","0.29254799703263074","50","50","50","5","5","False","0","0.0","0","3.4317431449890137","50","50","50.0","","","moderate_shadow"
"fashion_mnist","20","2","mixed_maturity","access_full","dirichlet_lcb","benign_concept_drift","0.5","3","2","5","5","0.5","20","9","1.5","5","honest-9","honest","incumbent","ADMITTED","ADMITTED","9","9","0","4","4.882922989522995","1.5","0.7462875490779619","0.8370070466491786","0.6465358545084627","0.6465358545084627","0.1157982362815884","0.29254799703263074","50","50","50","5","5","False","0","0.0","0","2.733149766921997","50","50","50.0","","","moderate_shadow"
"fashion_mnist","20","2","mixed_maturity","access_full","dirichlet_lcb","benign_concept_drift","0.5","4","2","5","5","0.5","20","9","1.5","5","attacker-1","benign_concept_drift","newcomer","LIMITED","ADMITTED","9","9","0","4","4.882922989522995","1.5","0.7462875490779619","0.8370070466491786","0.6465358545084627","0.6465358545084627","0.1157982362815884","0.29254799703263074","50","50","50","5","5","False","0","0.0","0","3.771385431289673","50","50","48.0","","","moderate_shadow"
"fashion_mnist","20","2","mixed_maturity","access_full","dirichlet_lcb","benign_concept_drift","0.5","4","2","5","5","0.5","20","9","1.5","5","attacker-2","benign_concept_drift","newcomer","LIMITED","ADMITTED","9","9","0","4","4.882922989522995","1.5","0.7462875490779619","0.8370070466491786","0.6465358545084627","0.6465358545084627","0.1157982362815884","0.29254799703263074","50","50","50","5","5","False","0","0.0","0","3.7537269592285156","50","50","48.0","","","moderate_shadow"
"fashion_mnist","20","2","mixed_maturity","access_full","dirichlet_lcb","benign_concept_drift","0.5","4","2","5","5","0.5","20","9","1.5","5","honest-1","honest","incumbent","ADMITTED","ADMITTED","9","9","0","4","4.882922989522995","1.5","0.7462875490779619","0.8370070466491786","0.6465358545084627","0.6465358545084627","0.1157982362815884","0.29254799703263074","50","50","50","5","5","False","0","0.0","0","2.9526891708374023","50","50","50.0","","","moderate_shadow"
"fashion_mnist","20","2","mixed_maturity","access_full","dirichlet_lcb","benign_concept_drift","0.5","4","2","5","5","0.5","20","9","1.5","5","honest-10","honest","incumbent","ADMITTED","ADMITTED","9","9","0","4","4.882922989522995","1.5","0.7462875490779619","0.8370070466491786","0.6465358545084627","0.6465358545084627","0.1157982362815884","0.29254799703263074","50","50","50","5","5","False","0","0.0","0","62.40081548690796","50","50","50.0","","","moderate_shadow"
"fashion_mnist","20","2","mixed_maturity","access_full","dirichlet_lcb","benign_concept_drift","0.5","4","2","5","5","0.5","20","9","1.5","5","honest-11","honest","incumbent","ADMITTED","ADMITTED","9","9","0","4","4.882922989522995","1.5","0.7462875490779619","0.8370070466491786","0.6465358545084627","0.6465358545084627","0.1157982362815884","0.29254799703263074","50","50","50","5","5","False","0","0.0","0","3.4018192291259766","50","50","50.0","","","moderate_shadow"
"fashion_mnist","20","2","mixed_maturity","access_full","dirichlet_lcb","benign_concept_drift","0.5","4","2","5","5","0.5","20","9","1.5","5","honest-12","honest","incumbent","ADMITTED","ADMITTED","9","9","0","4","4.882922989522995","1.5","0.7462875490779619","0.8370070466491786","0.6465358545084627","0.6465358545084627","0.1157982362815884","0.29254799703263074","50","50","50","5","5","False","0","0.0","0","3.652390480041504","50","50","50.0","","","moderate_shadow"
"fashion_mnist","20","2","mixed_maturity","access_full","dirichlet_lcb","benign_concept_drift","0.5","4","2","5","5","0.5","20","9","1.5","5","honest-13","honest","incumbent","ADMITTED","ADMITTED","9","9","0","4","4.882922989522995","1.5","0.7462875490779619","0.8370070466491786","0.6465358545084627","0.6465358545084627","0.1157982362815884","0.29254799703263074","50","50","50","5","5","False","0","0.0","0","3.086577892303467","50","50","50.0","","","moderate_shadow"
"fashion_mnist","20","2","mixed_maturity","access_full","dirichlet_lcb","benign_concept_drift","0.5","4","2","5","5","0.5","20","9","1.5","5","honest-14","honest","incumbent","ADMITTED","ADMITTED","9","9","0","4","4.882922989522995","1.5","0.7462875490779619","0.8370070466491786","0.6465358545084627","0.6465358545084627","0.1157982362815884","0.29254799703263074","50","50","50","5","5","False","0","0.0","0","2.665926456451416","50","50","50.0","","","moderate_shadow"
"fashion_mnist","20","2","mixed_maturity","access_full","dirichlet_lcb","benign_concept_drift","0.5","4","2","5","5","0.5","20","9","1.5","5","honest-15","honest","incumbent","ADMITTED","ADMITTED","9","9","0","4","4.882922989522995","1.5","0.7462875490779619","0.8370070466491786","0.6465358545084627","0.6465358545084627","0.1157982362815884","0.29254799703263074","50","50","50","5","5","False","0","0.0","0","3.245495557785034","50","50","50.0","","","moderate_shadow"
"fashion_mnist","20","2","mixed_maturity","access_full","dirichlet_lcb","benign_concept_drift","0.5","4","2","5","5","0.5","20","9","1.5","5","honest-16","honest","incumbent","ADMITTED","ADMITTED","9","9","0","4","4.882922989522995","1.5","0.7462875490779619","0.8370070466491786","0.6465358545084627","0.6465358545084627","0.1157982362815884","0.29254799703263074","50","50","50","5","5","False","0","0.0","0","2.5607872009277344","50","50","50.0","","","moderate_shadow"
"fashion_mnist","20","2","mixed_maturity","access_full","dirichlet_lcb","benign_concept_drift","0.5","4","2","5","5","0.5","20","9","1.5","5","honest-17","honest","incumbent","ADMITTED","ADMITTED","9","9","0","4","4.882922989522995","1.5","0.7462875490779619","0.8370070466491786","0.6465358545084627","0.6465358545084627","0.1157982362815884","0.29254799703263074","50","50","50","5","5","False","0","0.0","0","2.710920572280884","50","50","50.0","","","moderate_shadow"
"fashion_mnist","20","2","mixed_maturity","access_full","dirichlet_lcb","benign_concept_drift","0.5","4","2","5","5","0.5","20","9","1.5","5","honest-18","honest","incumbent","ADMITTED","ADMITTED","9","9","0","4","4.882922989522995","1.5","0.7462875490779619","0.8370070466491786","0.6465358545084627","0.6465358545084627","0.1157982362815884","0.29254799703263074","50","50","50","5","5","False","0","0.0","0","3.7274646759033203","50","50","50.0","","","moderate_shadow"
"fashion_mnist","20","2","mixed_maturity","access_full","dirichlet_lcb","benign_concept_drift","0.5","4","2","5","5","0.5","20","9","1.5","5","honest-2","honest","incumbent","ADMITTED","ADMITTED","9","9","0","4","4.882922989522995","1.5","0.7262875490779619","0.8370070466491786","0.6465358545084627","0.6465358545084627","0.1157982362815884","0.29254799703263074","50","50","50","5","5","False","0","0.0","0","34.30129337310791","50","50","50.0","","","moderate_shadow"
"fashion_mnist","20","2","mixed_maturity","access_full","dirichlet_lcb","benign_concept_drift","0.5","4","2","5","5","0.5","20","9","1.5","5","honest-3","honest","incumbent","ADMITTED","ADMITTED","9","9","0","3","5.004489238881761","1.5","0.7503560216234088","0.8430201361031787","0.6581600617811678","0.6581600617811678","0.11238691964272261","0.3041175807403508","50","50","50","5","5","False","0","0.0","0","32.38987398147583","50","50","50.0","","","moderate_shadow"
"fashion_mnist","20","2","mixed_maturity","access_full","dirichlet_lcb","benign_concept_drift","0.5","4","2","5","5","0.5","20","9","1.5","5","honest-4","honest","incumbent","ADMITTED","ADMITTED","9","9","0","4","4.882922989522995","1.5","0.7462875490779619","0.8370070466491786","0.6465358545084627","0.6465358545084627","0.1157982362815884","0.29254799703263074","50","50","50","5","5","False","0","0.0","0","33.49300980567932","50","50","50.0","","","moderate_shadow"
"fashion_mnist","20","2","mixed_maturity","access_full","dirichlet_lcb","benign_concept_drift","0.5","4","2","5","5","0.5","20","9","1.5","5","honest-5","honest","incumbent","ADMITTED","ADMITTED","9","9","0","4","4.882922989522995","1.5","0.7462875490779619","0.8370070466491786","0.6465358545084627","0.6465358545084627","0.1157982362815884","0.29254799703263074","50","50","50","5","5","False","0","0.0","0","2.9231181144714355","50","50","50.0","","","moderate_shadow"
"fashion_mnist","20","2","mixed_maturity","access_full","dirichlet_lcb","benign_concept_drift","0.5","4","2","5","5","0.5","20","9","1.5","5","honest-6","honest","incumbent","ADMITTED","ADMITTED","9","9","0","4","4.882922989522995","1.5","0.7462875490779619","0.8370070466491786","0.6465358545084627","0.6465358545084627","0.1157982362815884","0.29254799703263074","50","50","50","5","5","False","0","0.0","0","3.635894775390625","50","50","50.0","","","moderate_shadow"
"fashion_mnist","20","2","mixed_maturity","access_full","dirichlet_lcb","benign_concept_drift","0.5","4","2","5","5","0.5","20","9","1.5","5","honest-7","honest","incumbent","ADMITTED","ADMITTED","9","9","0","4","4.882922989522995","1.5","0.7462875490779619","0.8370070466491786","0.6465358545084627","0.6465358545084627","0.1157982362815884","0.29254799703263074","50","50","50","5","5","False","0","0.0","0","3.685697078704834","50","50","50.0","","","moderate_shadow"
"fashion_mnist","20","2","mixed_maturity","access_full","dirichlet_lcb","benign_concept_drift","0.5","4","2","5","5","0.5","20","9","1.5","5","honest-8","honest","incumbent","ADMITTED","ADMITTED","9","9","0","4","4.882922989522995","1.5","0.7462875490779619","0.8370070466491786","0.6465358545084627","0.6465358545084627","0.1157982362815884","0.29254799703263074","50","50","50","5","5","False","0","0.0","0","2.701897621154785","50","50","50.0","","","moderate_shadow"
"fashion_mnist","20","2","mixed_maturity","access_full","dirichlet_lcb","benign_concept_drift","0.5","4","2","5","5","0.5","20","9","1.5","5","honest-9","honest","incumbent","ADMITTED","ADMITTED","9","9","0","4","4.882922989522995","1.5","0.7462875490779619","0.8370070466491786","0.6465358545084627","0.6465358545084627","0.1157982362815884","0.29254799703263074","50","50","50","5","5","False","0","0.0","0","3.00175404548645","50","50","50.0","","","moderate_shadow"
"fashion_mnist","20","2","mixed_maturity","access_no_limited","dirichlet_lcb","diverse_then_repeat_backdoor","0.5","0","2","5","5","1","20","9","1.5","5","attacker-1","diverse_then_repeat_backdoor","newcomer","ADMITTED","ADMITTED","9","9","0","4","4.882922989522995","1.5","0.7462875490779619","0.8370070466491786","0.6465358545084627","0.6465358545084627","0.1157982362815884","0.29254799703263074","50","50","50","0","0","False","0","0.0","0","3.4040536880493164","50","50","50.0","","","moderate_shadow"
"fashion_mnist","20","2","mixed_maturity","access_no_limited","dirichlet_lcb","diverse_then_repeat_backdoor","0.5","0","2","5","5","1","20","9","1.5","5","attacker-2","diverse_then_repeat_backdoor","newcomer","ADMITTED","ADMITTED","9","9","0","4","4.882922989522995","1.5","0.7462875490779619","0.8370070466491786","0.6465358545084627","0.6465358545084627","0.1157982362815884","0.29254799703263074","50","50","50","0","0","False","0","0.0","0","3.0369479656219482","50","50","50.0","","","moderate_shadow"
"fashion_mnist","20","2","mixed_maturity","access_no_limited","dirichlet_lcb","diverse_then_repeat_backdoor","0.5","0","2","5","5","1","20","9","1.5","5","honest-1","honest","incumbent","ADMITTED","ADMITTED","9","9","0","4","4.882922989522995","1.5","0.7462875490779619","0.8370070466491786","0.6465358545084627","0.6465358545084627","0.1157982362815884","0.29254799703263074","50","50","50","0","0","False","0","0.0","0","33.36631894111633","50","50","50.0","","","moderate_shadow"
"fashion_mnist","20","2","mixed_maturity","access_no_limited","dirichlet_lcb","diverse_then_repeat_backdoor","0.5","0","2","5","5","1","20","9","1.5","5","honest-10","honest","incumbent","ADMITTED","ADMITTED","9","9","0","4","4.882922989522995","1.5","0.7462875490779619","0.8370070466491786","0.6465358545084627","0.6465358545084627","0.1157982362815884","0.29254799703263074","50","50","50","0","0","False","0","0.0","0","3.111715793609619","50","50","50.0","","","moderate_shadow"
"fashion_mnist","20","2","mixed_maturity","access_no_limited","dirichlet_lcb","diverse_then_repeat_backdoor","0.5","0","2","5","5","1","20","9","1.5","5","honest-11","honest","incumbent","ADMITTED","ADMITTED","9","9","0","4","4.882922989522995","1.5","0.7462875490779619","0.8370070466491786","0.6465358545084627","0.6465358545084627","0.1157982362815884","0.29254799703263074","50","50","50","0","0","False","0","0.0","0","2.3640010356903076","50","50","50.0","","","moderate_shadow"
"fashion_mnist","20","2","mixed_maturity","access_no_limited","dirichlet_lcb","diverse_then_repeat_backdoor","0.5","0","2","5","5","1","20","9","1.5","5","honest-12","honest","incumbent","ADMITTED","ADMITTED","9","9","0","4","4.882922989522995","1.5","0.7462875490779619","0.8370070466491786","0.6465358545084627","0.6465358545084627","0.1157982362815884","0.29254799703263074","50","50","50","0","0","False","0","0.0","0","3.5786681175231934","50","50","50.0","","","moderate_shadow"
"fashion_mnist","20","2","mixed_maturity","access_no_limited","dirichlet_lcb","diverse_then_repeat_backdoor","0.5","0","2","5","5","1","20","9","1.5","5","honest-13","honest","incumbent","ADMITTED","ADMITTED","9","9","0","4","4.882922989522995","1.5","0.7462875490779619","0.8370070466491786","0.6465358545084627","0.6465358545084627","0.1157982362815884","0.29254799703263074","50","50","50","0","0","False","0","0.0","0","3.11946964263916","50","50","50.0","","","moderate_shadow"
"fashion_mnist","20","2","mixed_maturity","access_no_limited","dirichlet_lcb","diverse_then_repeat_backdoor","0.5","0","2","5","5","1","20","9","1.5","5","honest-14","honest","incumbent","ADMITTED","ADMITTED","9","9","0","4","4.882922989522995","1.5","0.7462875490779619","0.8370070466491786","0.6465358545084627","0.6465358545084627","0.1157982362815884","0.29254799703263074","50","50","50","0","0","False","0","0.0","0","2.7984747886657715","50","50","50.0","","","moderate_shadow"
"fashion_mnist","20","2","mixed_maturity","access_no_limited","dirichlet_lcb","diverse_then_repeat_backdoor","0.5","0","2","5","5","1","20","9","1.5","5","honest-15","honest","incumbent","ADMITTED","ADMITTED","9","9","0","4","4.882922989522995","1.5","0.7462875490779619","0.8370070466491786","0.6465358545084627","0.6465358545084627","0.1157982362815884","0.29254799703263074","50","50","50","0","0","False","0","0.0","0","2.9357192516326904","50","50","50.0","","","moderate_shadow"
"fashion_mnist","20","2","mixed_maturity","access_no_limited","dirichlet_lcb","diverse_then_repeat_backdoor","0.5","0","2","5","5","1","20","9","1.5","5","honest-16","honest","incumbent","ADMITTED","ADMITTED","9","9","0","4","4.882922989522995","1.5","0.7462875490779619","0.8370070466491786","0.6465358545084627","0.6465358545084627","0.1157982362815884","0.29254799703263074","50","50","50","0","0","False","0","0.0","0","3.234445333480835","50","50","50.0","","","moderate_shadow"
"fashion_mnist","20","2","mixed_maturity","access_no_limited","dirichlet_lcb","diverse_then_repeat_backdoor","0.5","0","2","5","5","1","20","9","1.5","5","honest-17","honest","incumbent","ADMITTED","ADMITTED","9","9","0","4","4.882922989522995","1.5","0.7462875490779619","0.8370070466491786","0.6465358545084627","0.6465358545084627","0.1157982362815884","0.29254799703263074","50","50","50","0","0","False","0","0.0","0","2.5253067016601562","50","50","50.0","","","moderate_shadow"
"fashion_mnist","20","2","mixed_maturity","access_no_limited","dirichlet_lcb","diverse_then_repeat_backdoor","0.5","0","2","5","5","1","20","9","1.5","5","honest-18","honest","incumbent","ADMITTED","ADMITTED","9","9","0","4","4.882922989522995","1.5","0.7462875490779619","0.8370070466491786","0.6465358545084627","0.6465358545084627","0.1157982362815884","0.29254799703263074","50","50","50","0","0","False","0","0.0","0","2.8566718101501465","50","50","50.0","","","moderate_shadow"
"fashion_mnist","20","2","mixed_maturity","access_no_limited","dirichlet_lcb","diverse_then_repeat_backdoor","0.5","0","2","5","5","1","20","9","1.5","5","honest-2","honest","incumbent","ADMITTED","ADMITTED","9","9","0","4","4.882922989522995","1.5","0.7462875490779619","0.8370070466491786","0.6465358545084627","0.6465358545084627","0.1157982362815884","0.29254799703263074","50","50","50","0","0","False","0","0.0","0","3.0763401985168457","50","50","50.0","","","moderate_shadow"
"fashion_mnist","20","2","mixed_maturity","access_no_limited","dirichlet_lcb","diverse_then_repeat_backdoor","0.5","0","2","5","5","1","20","9","1.5","5","honest-3","honest","incumbent","ADMITTED","ADMITTED","9","9","0","4","4.882922989522995","1.5","0.7462875490779619","0.8370070466491786","0.6465358545084627","0.6465358545084627","0.1157982362815884","0.29254799703263074","50","50","50","0","0","False","0","0.0","0","2.802741527557373","50","50","50.0","","","moderate_shadow"
"fashion_mnist","20","2","mixed_maturity","access_no_limited","dirichlet_lcb","diverse_then_repeat_backdoor","0.5","0","2","5","5","1","20","9","1.5","5","honest-4","honest","incumbent","ADMITTED","ADMITTED","9","9","0","4","4.882922989522995","1.5","0.7462875490779619","0.8370070466491786","0.6465358545084627","0.6465358545084627","0.1157982362815884","0.29254799703263074","50","50","50","0","0","False","0","0.0","0","2.1769933700561523","50","50","50.0","","","moderate_shadow"
"fashion_mnist","20","2","mixed_maturity","access_no_limited","dirichlet_lcb","diverse_then_repeat_backdoor","0.5","0","2","5","5","1","20","9","1.5","5","honest-5","honest","incumbent","ADMITTED","ADMITTED","9","9","0","4","4.882922989522995","1.5","0.7462875490779619","0.8370070466491786","0.6465358545084627","0.6465358545084627","0.1157982362815884","0.29254799703263074","50","50","50","0","0","False","0","0.0","0","2.5487425327301025","50","50","50.0","","","moderate_shadow"
"fashion_mnist","20","2","mixed_maturity","access_no_limited","dirichlet_lcb","diverse_then_repeat_backdoor","0.5","0","2","5","5","1","20","9","1.5","5","honest-6","honest","incumbent","ADMITTED","ADMITTED","9","9","0","4","4.882922989522995","1.5","0.7462875490779619","0.8370070466491786","0.6465358545084627","0.6465358545084627","0.1157982362815884","0.29254799703263074","50","50","50","0","0","False","0","0.0","0","3.1802239418029785","50","50","50.0","","","moderate_shadow"
"fashion_mnist","20","2","mixed_maturity","access_no_limited","dirichlet_lcb","diverse_then_repeat_backdoor","0.5","0","2","5","5","1","20","9","1.5","5","honest-7","honest","incumbent","ADMITTED","ADMITTED","9","9","0","4","4.882922989522995","1.5","0.7462875490779619","0.8370070466491786","0.6465358545084627","0.6465358545084627","0.1157982362815884","0.29254799703263074","50","50","50","0","0","False","0","0.0","0","92.7390627861023","50","50","50.0","","","moderate_shadow"
"fashion_mnist","20","2","mixed_maturity","access_no_limited","dirichlet_lcb","diverse_then_repeat_backdoor","0.5","0","2","5","5","1","20","9","1.5","5","honest-8","honest","incumbent","ADMITTED","ADMITTED","9","9","0","4","4.882922989522995","1.5","0.7462875490779619","0.8370070466491786","0.6465358545084627","0.6465358545084627","0.1157982362815884","0.29254799703263074","50","50","50","0","0","False","0","0.0","0","2.636172294616699","50","50","50.0","","","moderate_shadow"
"fashion_mnist","20","2","mixed_maturity","access_no_limited","dirichlet_lcb","diverse_then_repeat_backdoor","0.5","0","2","5","5","1","20","9","1.5","5","honest-9","honest","incumbent","ADMITTED","ADMITTED","9","9","0","4","4.882922989522995","1.5","0.7462875490779619","0.8370070466491786","0.6465358545084627","0.6465358545084627","0.1157982362815884","0.29254799703263074","50","50","50","0","0","False","0","0.0","0","2.4736263751983643","50","50","50.0","","","moderate_shadow"
"fashion_mnist","20","2","mixed_maturity","access_no_limited","dirichlet_lcb","diverse_then_repeat_backdoor","0.5","1","2","5","5","1","20","9","1.5","5","attacker-1","diverse_then_repeat_backdoor","newcomer","ADMITTED","ADMITTED","9","9","0","4","4.882922989522995","1.5","0.7462875490779619","0.8370070466491786","0.6465358545084627","0.6465358545084627","0.1157982362815884","0.29254799703263074","50","50","50","0","0","False","0","0.0","0","3.10151743888855","50","50","50.0","","","moderate_shadow"
"fashion_mnist","20","2","mixed_maturity","access_no_limited","dirichlet_lcb","diverse_then_repeat_backdoor","0.5","1","2","5","5","1","20","9","1.5","5","attacker-2","diverse_then_repeat_backdoor","newcomer","ADMITTED","ADMITTED","9","9","0","4","4.882922989522995","1.5","0.7462875490779619","0.8370070466491786","0.6465358545084627","0.6465358545084627","0.1157982362815884","0.29254799703263074","50","50","50","0","0","False","0","0.0","0","3.103294849395752","50","50","50.0","","","moderate_shadow"
"fashion_mnist","20","2","mixed_maturity","access_no_limited","dirichlet_lcb","diverse_then_repeat_backdoor","0.5","1","2","5","5","1","20","9","1.5","5","honest-1","honest","incumbent","ADMITTED","ADMITTED","9","9","0","4","4.882922989522995","1.5","0.7462875490779619","0.8370070466491786","0.6465358545084627","0.6465358545084627","0.1157982362815884","0.29254799703263074","50","50","50","0","0","False","0","0.0","0","3.470956325531006","50","50","50.0","","","moderate_shadow"
"fashion_mnist","20","2","mixed_maturity","access_no_limited","dirichlet_lcb","diverse_then_repeat_backdoor","0.5","1","2","5","5","1","20","9","1.5","5","honest-10","honest","incumbent","ADMITTED","ADMITTED","9","9","0","4","4.882922989522995","1.5","0.7462875490779619","0.8370070466491786","0.6465358545084627","0.6465358545084627","0.1157982362815884","0.29254799703263074","50","50","50","0","0","False","0","0.0","0","32.7625207901001","50","50","50.0","","","moderate_shadow"
"fashion_mnist","20","2","mixed_maturity","access_no_limited","dirichlet_lcb","diverse_then_repeat_backdoor","0.5","1","2","5","5","1","20","9","1.5","5","honest-11","honest","incumbent","ADMITTED","ADMITTED","9","9","0","4","4.882922989522995","1.5","0.7462875490779619","0.8370070466491786","0.6465358545084627","0.6465358545084627","0.1157982362815884","0.29254799703263074","50","50","50","0","0","False","0","0.0","0","2.567559003829956","50","50","50.0","","","moderate_shadow"
"fashion_mnist","20","2","mixed_maturity","access_no_limited","dirichlet_lcb","diverse_then_repeat_backdoor","0.5","1","2","5","5","1","20","9","1.5","5","honest-12","honest","incumbent","ADMITTED","ADMITTED","9","9","0","4","4.882922989522995","1.5","0.7462875490779619","0.8370070466491786","0.6465358545084627","0.6465358545084627","0.1157982362815884","0.29254799703263074","50","50","50","0","0","False","0","0.0","0","3.396109104156494","50","50","50.0","","","moderate_shadow"
"fashion_mnist","20","2","mixed_maturity","access_no_limited","dirichlet_lcb","diverse_then_repeat_backdoor","0.5","1","2","5","5","1","20","9","1.5","5","honest-13","honest","incumbent","ADMITTED","ADMITTED","9","9","0","4","4.882922989522995","1.5","0.7462875490779619","0.8370070466491786","0.6465358545084627","0.6465358545084627","0.1157982362815884","0.29254799703263074","50","50","50","0","0","False","0","0.0","0","3.3368449211120605","50","50","50.0","","","moderate_shadow"
"fashion_mnist","20","2","mixed_maturity","access_no_limited","dirichlet_lcb","diverse_then_repeat_backdoor","0.5","1","2","5","5","1","20","9","1.5","5","honest-14","honest","incumbent","ADMITTED","ADMITTED","9","9","0","4","4.882922989522995","1.5","0.7462875490779619","0.8370070466491786","0.6465358545084627","0.6465358545084627","0.1157982362815884","0.29254799703263074","50","50","50","0","0","False","0","0.0","0","2.8883914947509766","50","50","50.0","","","moderate_shadow"
"fashion_mnist","20","2","mixed_maturity","access_no_limited","dirichlet_lcb","diverse_then_repeat_backdoor","0.5","1","2","5","5","1","20","9","1.5","5","honest-15","honest","incumbent","ADMITTED","ADMITTED","9","9","0","4","4.882922989522995","1.5","0.7462875490779619","0.8370070466491786","0.6465358545084627","0.6465358545084627","0.1157982362815884","0.29254799703263074","50","50","50","0","0","False","0","0.0","0","2.970304489135742","50","50","50.0","","","moderate_shadow"
"fashion_mnist","20","2","mixed_maturity","access_no_limited","dirichlet_lcb","diverse_then_repeat_backdoor","0.5","1","2","5","5","1","20","9","1.5","5","honest-16","honest","incumbent","ADMITTED","ADMITTED","9","9","0","4","4.882922989522995","1.5","0.7462875490779619","0.8370070466491786","0.6465358545084627","0.6465358545084627","0.1157982362815884","0.29254799703263074","50","50","50","0","0","False","0","0.0","0","2.405916690826416","50","50","50.0","","","moderate_shadow"
"fashion_mnist","20","2","mixed_maturity","access_no_limited","dirichlet_lcb","diverse_then_repeat_backdoor","0.5","1","2","5","5","1","20","9","1.5","5","honest-17","honest","incumbent","ADMITTED","ADMITTED","9","9","0","4","4.882922989522995","1.5","0.7462875490779619","0.8370070466491786","0.6465358545084627","0.6465358545084627","0.1157982362815884","0.29254799703263074","50","50","50","0","0","False","0","0.0","0","3.383296489715576","50","50","50.0","","","moderate_shadow"
"fashion_mnist","20","2","mixed_maturity","access_no_limited","dirichlet_lcb","diverse_then_repeat_backdoor","0.5","1","2","5","5","1","20","9","1.5","5","honest-18","honest","incumbent","ADMITTED","ADMITTED","9","9","0","3","4.5294892388817605","1.5","0.7401065581334588","0.8277664507491892","0.6288758803813109","0.6288758803813109","0.12091685363435191","0.27568090107538146","50","50","50","0","0","False","0","0.0","0","32.67791819572449","50","50","50.0","","","moderate_shadow"
"fashion_mnist","20","2","mixed_maturity","access_no_limited","dirichlet_lcb","diverse_then_repeat_backdoor","0.5","1","2","5","5","1","20","9","1.5","5","honest-2","honest","incumbent","ADMITTED","ADMITTED","9","9","0","3","5.004489238881761","1.5","0.7503560216234088","0.8430201361031787","0.6581600617811678","0.6581600617811678","0.11238691964272261","0.3041175807403508","50","50","50","0","0","False","0","0.0","0","62.542125940322876","50","50","50.0","","","moderate_shadow"
"fashion_mnist","20","2","mixed_maturity","access_no_limited","dirichlet_lcb","diverse_then_repeat_backdoor","0.5","1","2","5","5","1","20","9","1.5","5","honest-3","honest","incumbent","ADMITTED","ADMITTED","9","9","0","4","4.882922989522995","1.5","0.7462875490779619","0.8370070466491786","0.6465358545084627","0.6465358545084627","0.1157982362815884","0.29254799703263074","50","50","50","0","0","False","0","0.0","0","32.66608262062073","50","50","50.0","","","moderate_shadow"
"fashion_mnist","20","2","mixed_maturity","access_no_limited","dirichlet_lcb","diverse_then_repeat_backdoor","0.5","1","2","5","5","1","20","9","1.5","5","honest-4","honest","incumbent","ADMITTED","ADMITTED","9","9","0","4","4.882922989522995","1.5","0.7462875490779619","0.8370070466491786","0.6465358545084627","0.6465358545084627","0.1157982362815884","0.29254799703263074","50","50","50","0","0","False","0","0.0","0","2.2223966121673584","50","50","50.0","","","moderate_shadow"
"fashion_mnist","20","2","mixed_maturity","access_no_limited","dirichlet_lcb","diverse_then_repeat_backdoor","0.5","1","2","5","5","1","20","9","1.5","5","honest-5","honest","incumbent","ADMITTED","ADMITTED","9","9","0","4","4.882922989522995","1.5","0.7462875490779619","0.8370070466491786","0.6465358545084627","0.6465358545084627","0.1157982362815884","0.29254799703263074","50","50","50","0","0","False","0","0.0","0","32.49658489227295","50","50","50.0","","","moderate_shadow"
"fashion_mnist","20","2","mixed_maturity","access_no_limited","dirichlet_lcb","diverse_then_repeat_backdoor","0.5","1","2","5","5","1","20","9","1.5","5","honest-6","honest","incumbent","ADMITTED","ADMITTED","9","9","0","4","4.882922989522995","1.5","0.7462875490779619","0.8370070466491786","0.6465358545084627","0.6465358545084627","0.1157982362815884","0.29254799703263074","50","50","50","0","0","False","0","0.0","0","2.367841958999634","50","50","50.0","","","moderate_shadow"
"fashion_mnist","20","2","mixed_maturity","access_no_limited","dirichlet_lcb","diverse_then_repeat_backdoor","0.5","1","2","5","5","1","20","9","1.5","5","honest-7","honest","incumbent","ADMITTED","ADMITTED","9","9","0","4","4.882922989522995","1.5","0.7462875490779619","0.8370070466491786","0.6465358545084627","0.6465358545084627","0.1157982362815884","0.29254799703263074","50","50","50","0","0","False","0","0.0","0","32.490878105163574","50","50","50.0","","","moderate_shadow"
"fashion_mnist","20","2","mixed_maturity","access_no_limited","dirichlet_lcb","diverse_then_repeat_backdoor","0.5","1","2","5","5","1","20","9","1.5","5","honest-8","honest","incumbent","ADMITTED","ADMITTED","9","9","0","4","4.882922989522995","1.5","0.7462875490779619","0.8370070466491786","0.6465358545084627","0.6465358545084627","0.1157982362815884","0.29254799703263074","50","50","50","0","0","False","0","0.0","0","2.350611686706543","50","50","50.0","","","moderate_shadow"
"fashion_mnist","20","2","mixed_maturity","access_no_limited","dirichlet_lcb","diverse_then_repeat_backdoor","0.5","1","2","5","5","1","20","9","1.5","5","honest-9","honest","incumbent","ADMITTED","ADMITTED","9","9","0","4","4.882922989522995","1.5","0.7462875490779619","0.8370070466491786","0.6465358545084627","0.6465358545084627","0.1157982362815884","0.29254799703263074","50","50","50","0","0","False","0","0.0","0","2.2800376415252686","50","50","50.0","","","moderate_shadow"
"fashion_mnist","20","2","mixed_maturity","access_no_limited","dirichlet_lcb","diverse_then_repeat_backdoor","0.5","2","2","5","5","1","20","9","1.5","5","attacker-1","diverse_then_repeat_backdoor","newcomer","ADMITTED","ADMITTED","9","9","0","4","4.882922989522995","1.5","0.7462875490779619","0.8370070466491786","0.6465358545084627","0.6465358545084627","0.1157982362815884","0.29254799703263074","50","50","50","0","0","False","0","0.0","0","2.9988908767700195","50","50","50.0","","","moderate_shadow"
"fashion_mnist","20","2","mixed_maturity","access_no_limited","dirichlet_lcb","diverse_then_repeat_backdoor","0.5","2","2","5","5","1","20","9","1.5","5","attacker-2","diverse_then_repeat_backdoor","newcomer","ADMITTED","ADMITTED","9","9","0","4","4.882922989522995","1.5","0.7462875490779619","0.8370070466491786","0.6465358545084627","0.6465358545084627","0.1157982362815884","0.29254799703263074","50","50","50","0","0","False","0","0.0","0","2.460698366165161","50","50","50.0","","","moderate_shadow"
"fashion_mnist","20","2","mixed_maturity","access_no_limited","dirichlet_lcb","diverse_then_repeat_backdoor","0.5","2","2","5","5","1","20","9","1.5","5","honest-1","honest","incumbent","ADMITTED","ADMITTED","9","9","0","4","4.882922989522995","1.5","0.7462875490779619","0.8370070466491786","0.6465358545084627","0.6465358545084627","0.1157982362815884","0.29254799703263074","50","50","50","0","0","False","0","0.0","0","32.49013948440552","50","50","50.0","","","moderate_shadow"
"fashion_mnist","20","2","mixed_maturity","access_no_limited","dirichlet_lcb","diverse_then_repeat_backdoor","0.5","2","2","5","5","1","20","9","1.5","5","honest-10","honest","incumbent","ADMITTED","ADMITTED","11","11","0","3","5.419531626612037","1.5","0.7509212720692868","0.8438513019312254","0.6597750630551052","0.6597750630551052","0.11191038163637629","0.3057557302355997","50","50","50","0","0","False","0","0.0","0","62.954957723617554","50","50","50.0","","","moderate_shadow"
"fashion_mnist","20","2","mixed_maturity","access_no_limited","dirichlet_lcb","diverse_then_repeat_backdoor","0.5","2","2","5","5","1","20","9","1.5","5","honest-11","honest","incumbent","ADMITTED","ADMITTED","9","9","0","4","4.882922989522995","1.5","0.7462875490779619","0.8370070466491786","0.6465358545084627","0.6465358545084627","0.1157982362815884","0.29254799703263074","50","50","50","0","0","False","0","0.0","0","33.391499280929565","50","50","50.0","","","moderate_shadow"
"fashion_mnist","20","2","mixed_maturity","access_no_limited","dirichlet_lcb","diverse_then_repeat_backdoor","0.5","2","2","5","5","1","20","9","1.5","5","honest-12","honest","incumbent","ADMITTED","ADMITTED","9","9","0","4","4.882922989522995","1.5","0.7462875490779619","0.8370070466491786","0.6465358545084627","0.6465358545084627","0.1157982362815884","0.29254799703263074","50","50","50","0","0","False","0","0.0","0","32.79498052597046","50","50","50.0","","","moderate_shadow"
"fashion_mnist","20","2","mixed_maturity","access_no_limited","dirichlet_lcb","diverse_then_repeat_backdoor","0.5","2","2","5","5","1","20","9","1.5","5","honest-13","honest","incumbent","ADMITTED","ADMITTED","9","9","0","4","4.882922989522995","1.5","0.7462875490779619","0.8370070466491786","0.6465358545084627","0.6465358545084627","0.1157982362815884","0.29254799703263074","50","50","50","0","0","False","0","0.0","0","2.608405113220215","50","50","50.0","","","moderate_shadow"
"fashion_mnist","20","2","mixed_maturity","access_no_limited","dirichlet_lcb","diverse_then_repeat_backdoor","0.5","2","2","5","5","1","20","9","1.5","5","honest-14","honest","incumbent","ADMITTED","ADMITTED","9","9","0","4","4.882922989522995","1.5","0.7462875490779619","0.8370070466491786","0.6465358545084627","0.6465358545084627","0.1157982362815884","0.29254799703263074","50","50","50","0","0","False","0","0.0","0","3.5661964416503906","50","50","50.0","","","moderate_shadow"
"fashion_mnist","20","2","mixed_maturity","access_no_limited","dirichlet_lcb","diverse_then_repeat_backdoor","0.5","2","2","5","5","1","20","9","1.5","5","honest-15","honest","incumbent","ADMITTED","ADMITTED","9","9","0","4","4.882922989522995","1.5","0.7462875490779619","0.8370070466491786","0.6465358545084627","0.6465358545084627","0.1157982362815884","0.29254799703263074","50","50","50","0","0","False","0","0.0","0","3.0745513439178467","50","50","50.0","","","moderate_shadow"
"fashion_mnist","20","2","mixed_maturity","access_no_limited","dirichlet_lcb","diverse_then_repeat_backdoor","0.5","2","2","5","5","1","20","9","1.5","5","honest-16","honest","incumbent","ADMITTED","ADMITTED","9","9","0","4","4.882922989522995","1.5","0.7462875490779619","0.8370070466491786","0.6465358545084627","0.6465358545084627","0.1157982362815884","0.29254799703263074","50","50","50","0","0","False","0","0.0","0","32.2056679725647","50","50","50.0","","","moderate_shadow"
"fashion_mnist","20","2","mixed_maturity","access_no_limited","dirichlet_lcb","diverse_then_repeat_backdoor","0.5","2","2","5","5","1","20","9","1.5","5","honest-17","honest","incumbent","ADMITTED","ADMITTED","9","9","0","4","4.882922989522995","1.5","0.7462875490779619","0.8370070466491786","0.6465358545084627","0.6465358545084627","0.1157982362815884","0.29254799703263074","50","50","50","0","0","False","0","0.0","0","3.439384937286377","50","50","50.0","","","moderate_shadow"
"fashion_mnist","20","2","mixed_maturity","access_no_limited","dirichlet_lcb","diverse_then_repeat_backdoor","0.5","2","2","5","5","1","20","9","1.5","5","honest-18","honest","incumbent","ADMITTED","ADMITTED","9","9","0","4","4.882922989522995","1.5","0.7462875490779619","0.8370070466491786","0.6465358545084627","0.6465358545084627","0.1157982362815884","0.29254799703263074","50","50","50","0","0","False","0","0.0","0","2.379018783569336","50","50","50.0","","","moderate_shadow"
"fashion_mnist","20","2","mixed_maturity","access_no_limited","dirichlet_lcb","diverse_then_repeat_backdoor","0.5","2","2","5","5","1","20","9","1.5","5","honest-2","honest","incumbent","ADMITTED","ADMITTED","9","9","0","4","4.882922989522995","1.5","0.7462875490779619","0.8370070466491786","0.6465358545084627","0.6465358545084627","0.1157982362815884","0.29254799703263074","50","50","50","0","0","False","0","0.0","0","2.7725720405578613","50","50","50.0","","","moderate_shadow"
"fashion_mnist","20","2","mixed_maturity","access_no_limited","dirichlet_lcb","diverse_then_repeat_backdoor","0.5","2","2","5","5","1","20","9","1.5","5","honest-3","honest","incumbent","ADMITTED","ADMITTED","9","9","0","4","4.882922989522995","1.5","0.7462875490779619","0.8370070466491786","0.6465358545084627","0.6465358545084627","0.1157982362815884","0.29254799703263074","50","50","50","0","0","False","0","0.0","0","3.4243407249450684","50","50","50.0","","","moderate_shadow"
"fashion_mnist","20","2","mixed_maturity","access_no_limited","dirichlet_lcb","diverse_then_repeat_backdoor","0.5","2","2","5","5","1","20","9","1.5","5","honest-4","honest","incumbent","ADMITTED","ADMITTED","9","9","0","4","4.882922989522995","1.5","0.7462875490779619","0.8370070466491786","0.6465358545084627","0.6465358545084627","0.1157982362815884","0.29254799703263074","50","50","50","0","0","False","0","0.0","0","2.985337257385254","50","50","50.0","","","moderate_shadow"
"fashion_mnist","20","2","mixed_maturity","access_no_limited","dirichlet_lcb","diverse_then_repeat_backdoor","0.5","2","2","5","5","1","20","9","1.5","5","honest-5","honest","incumbent","ADMITTED","ADMITTED","9","9","0","4","4.882922989522995","1.5","0.7462875490779619","0.8370070466491786","0.6465358545084627","0.6465358545084627","0.1157982362815884","0.29254799703263074","50","50","50","0","0","False","0","0.0","0","32.48882508277893","50","50","50.0","","","moderate_shadow"
"fashion_mnist","20","2","mixed_maturity","access_no_limited","dirichlet_lcb","diverse_then_repeat_backdoor","0.5","2","2","5","5","1","20","9","1.5","5","honest-6","honest","incumbent","ADMITTED","ADMITTED","9","9","0","4","4.882922989522995","1.5","0.7462875490779619","0.8370070466491786","0.6465358545084627","0.6465358545084627","0.1157982362815884","0.29254799703263074","50","50","50","0","0","False","0","0.0","0","3.08011794090271","50","50","50.0","","","moderate_shadow"
"fashion_mnist","20","2","mixed_maturity","access_no_limited","dirichlet_lcb","diverse_then_repeat_backdoor","0.5","2","2","5","5","1","20","9","1.5","5","honest-7","honest","incumbent","ADMITTED","ADMITTED","9","9","0","4","4.882922989522995","1.5","0.7462875490779619","0.8370070466491786","0.6465358545084627","0.6465358545084627","0.1157982362815884","0.29254799703263074","50","50","50","0","0","False","0","0.0","0","3.4374582767486572","50","50","50.0","","","moderate_shadow"
"fashion_mnist","20","2","mixed_maturity","access_no_limited","dirichlet_lcb","diverse_then_repeat_backdoor","0.5","2","2","5","5","1","20","9","1.5","5","honest-8","honest","incumbent","ADMITTED","ADMITTED","9","9","0","4","4.882922989522995","1.5","0.7462875490779619","0.8370070466491786","0.6465358545084627","0.6465358545084627","0.1157982362815884","0.29254799703263074","50","50","50","0","0","False","0","0.0","0","3.508899450302124","50","50","50.0","","","moderate_shadow"
"fashion_mnist","20","2","mixed_maturity","access_no_limited","dirichlet_lcb","diverse_then_repeat_backdoor","0.5","2","2","5","5","1","20","9","1.5","5","honest-9","honest","incumbent","ADMITTED","ADMITTED","9","9","0","3","4.76698923888176","1.5","0.7437820368902304","0.8332768051183246","0.6393772482578011","0.6393772482578011","0.11788253356256753","0.28561047849957855","50","50","50","0","0","False","0","0.0","0","32.37524056434631","50","50","50.0","","","moderate_shadow"
"fashion_mnist","20","2","mixed_maturity","access_no_limited","dirichlet_lcb","diverse_then_repeat_backdoor","0.5","3","2","5","5","1","20","9","1.5","5","attacker-1","diverse_then_repeat_backdoor","newcomer","ADMITTED","ADMITTED","9","9","0","4","4.882922989522995","1.5","0.7462875490779619","0.8370070466491786","0.6465358545084627","0.6465358545084627","0.1157982362815884","0.29254799703263074","50","50","50","0","0","False","0","0.0","0","2.618469476699829","50","50","50.0","","","moderate_shadow"
"fashion_mnist","20","2","mixed_maturity","access_no_limited","dirichlet_lcb","diverse_then_repeat_backdoor","0.5","3","2","5","5","1","20","9","1.5","5","attacker-2","diverse_then_repeat_backdoor","newcomer","ADMITTED","ADMITTED","9","9","0","4","4.882922989522995","1.5","0.7462875490779619","0.8370070466491786","0.6465358545084627","0.6465358545084627","0.1157982362815884","0.29254799703263074","50","50","50","0","0","False","0","0.0","0","2.291126251220703","50","50","50.0","","","moderate_shadow"
"fashion_mnist","20","2","mixed_maturity","access_no_limited","dirichlet_lcb","diverse_then_repeat_backdoor","0.5","3","2","5","5","1","20","9","1.5","5","honest-1","honest","incumbent","ADMITTED","ADMITTED","9","9","0","4","4.882922989522995","1.5","0.7462875490779619","0.8370070466491786","0.6465358545084627","0.6465358545084627","0.1157982362815884","0.29254799703263074","50","50","50","0","0","False","0","0.0","0","2.4623188972473145","50","50","50.0","","","moderate_shadow"
"fashion_mnist","20","2","mixed_maturity","access_no_limited","dirichlet_lcb","diverse_then_repeat_backdoor","0.5","3","2","5","5","1","20","9","1.5","5","honest-10","honest","incumbent","ADMITTED","ADMITTED","9","9","0","4","4.882922989522995","1.5","0.7462875490779619","0.8370070466491786","0.6465358545084627","0.6465358545084627","0.1157982362815884","0.29254799703263074","50","50","50","0","0","False","0","0.0","0","2.284996747970581","50","50","50.0","","","moderate_shadow"
"fashion_mnist","20","2","mixed_maturity","access_no_limited","dirichlet_lcb","diverse_then_repeat_backdoor","0.5","3","2","5","5","1","20","9","1.5","5","honest-11","honest","incumbent","ADMITTED","ADMITTED","9","9","0","4","4.882922989522995","1.5","0.7462875490779619","0.8370070466491786","0.6465358545084627","0.6465358545084627","0.1157982362815884","0.29254799703263074","50","50","50","0","0","False","0","0.0","0","3.3335747718811035","50","50","50.0","","","moderate_shadow"
"fashion_mnist","20","2","mixed_maturity","access_no_limited","dirichlet_lcb","diverse_then_repeat_backdoor","0.5","3","2","5","5","1","20","9","1.5","5","honest-12","honest","incumbent","ADMITTED","ADMITTED","9","9","0","4","4.882922989522995","1.5","0.7462875490779619","0.8370070466491786","0.6465358545084627","0.6465358545084627","0.1157982362815884","0.29254799703263074","50","50","50","0","0","False","0","0.0","0","3.3960940837860107","50","50","50.0","","","moderate_shadow"
"fashion_mnist","20","2","mixed_maturity","access_no_limited","dirichlet_lcb","diverse_then_repeat_backdoor","0.5","3","2","5","5","1","20","9","1.5","5","honest-13","honest","incumbent","ADMITTED","ADMITTED","9","9","0","4","4.882922989522995","1.5","0.7462875490779619","0.8370070466491786","0.6465358545084627","0.6465358545084627","0.1157982362815884","0.29254799703263074","50","50","50","0","0","False","0","0.0","0","3.0495352745056152","50","50","50.0","","","moderate_shadow"
"fashion_mnist","20","2","mixed_maturity","access_no_limited","dirichlet_lcb","diverse_then_repeat_backdoor","0.5","3","2","5","5","1","20","9","1.5","5","honest-14","honest","incumbent","ADMITTED","ADMITTED","9","9","0","4","4.882922989522995","1.5","0.7462875490779619","0.8370070466491786","0.6465358545084627","0.6465358545084627","0.1157982362815884","0.29254799703263074","50","50","50","0","0","False","0","0.0","0","2.373680830001831","50","50","50.0","","","moderate_shadow"
"fashion_mnist","20","2","mixed_maturity","access_no_limited","dirichlet_lcb","diverse_then_repeat_backdoor","0.5","3","2","5","5","1","20","9","1.5","5","honest-15","honest","incumbent","ADMITTED","ADMITTED","9","9","0","4","4.882922989522995","1.5","0.7462875490779619","0.8370070466491786","0.6465358545084627","0.6465358545084627","0.1157982362815884","0.29254799703263074","50","50","50","0","0","False","0","0.0","0","33.08325815200806","50","50","50.0","","","moderate_shadow"
"fashion_mnist","20","2","mixed_maturity","access_no_limited","dirichlet_lcb","diverse_then_repeat_backdoor","0.5","3","2","5","5","1","20","9","1.5","5","honest-16","honest","incumbent","ADMITTED","ADMITTED","9","9","0","3","5.004489238881761","1.5","0.7503560216234088","0.8430201361031787","0.6581600617811678","0.6581600617811678","0.11238691964272261","0.3041175807403508","50","50","50","0","0","False","0","0.0","0","32.713725328445435","50","50","50.0","","","moderate_shadow"
"fashion_mnist","20","2","mixed_maturity","access_no_limited","dirichlet_lcb","diverse_then_repeat_backdoor","0.5","3","2","5","5","1","20","9","1.5","5","honest-17","honest","incumbent","ADMITTED","ADMITTED","12","12","0","3","5.3499694871438415","1.5","0.7478143545076069","0.8392699711010733","0.6508981557360198","0.6508981557360198","0.11452190611753592","0.2968448682209436","50","50","50","0","0","False","0","0.0","0","63.359100341796875","50","50","50.0","","","moderate_shadow"
"fashion_mnist","20","2","mixed_maturity","access_no_limited","dirichlet_lcb","diverse_then_repeat_backdoor","0.5","3","2","5","5","1","20","9","1.5","5","honest-18","honest","incumbent","ADMITTED","ADMITTED","9","9","0","4","4.882922989522995","1.5","0.7462875490779619","0.8370070466491786","0.6465358545084627","0.6465358545084627","0.1157982362815884","0.29254799703263074","50","50","50","0","0","False","0","0.0","0","3.5761301517486572","50","50","50.0","","","moderate_shadow"
"fashion_mnist","20","2","mixed_maturity","access_no_limited","dirichlet_lcb","diverse_then_repeat_backdoor","0.5","3","2","5","5","1","20","9","1.5","5","honest-2","honest","incumbent","ADMITTED","ADMITTED","9","9","0","4","4.882922989522995","1.5","0.7462875490779619","0.8370070466491786","0.6465358545084627","0.6465358545084627","0.1157982362815884","0.29254799703263074","50","50","50","0","0","False","0","0.0","0","3.2220335006713867","50","50","50.0","","","moderate_shadow"
"fashion_mnist","20","2","mixed_maturity","access_no_limited","dirichlet_lcb","diverse_then_repeat_backdoor","0.5","3","2","5","5","1","20","9","1.5","5","honest-3","honest","incumbent","ADMITTED","ADMITTED","9","9","0","4","4.882922989522995","1.5","0.7462875490779619","0.8370070466491786","0.6465358545084627","0.6465358545084627","0.1157982362815884","0.29254799703263074","50","50","50","0","0","False","0","0.0","0","3.6418089866638184","50","50","50.0","","","moderate_shadow"
"fashion_mnist","20","2","mixed_maturity","access_no_limited","dirichlet_lcb","diverse_then_repeat_backdoor","0.5","3","2","5","5","1","20","9","1.5","5","honest-4","honest","incumbent","ADMITTED","ADMITTED","9","9","0","4","4.882922989522995","1.5","0.7462875490779619","0.8370070466491786","0.6465358545084627","0.6465358545084627","0.1157982362815884","0.29254799703263074","50","50","50","0","0","False","0","0.0","0","32.90752148628235","50","50","50.0","","","moderate_shadow"
"fashion_mnist","20","2","mixed_maturity","access_no_limited","dirichlet_lcb","diverse_then_repeat_backdoor","0.5","3","2","5","5","1","20","9","1.5","5","honest-5","honest","incumbent","ADMITTED","ADMITTED","9","9","0","4","4.882922989522995","1.5","0.7462875490779619","0.8370070466491786","0.6465358545084627","0.6465358545084627","0.1157982362815884","0.29254799703263074","50","50","50","0","0","False","0","0.0","0","33.26215863227844","50","50","50.0","","","moderate_shadow"
"fashion_mnist","20","2","mixed_maturity","access_no_limited","dirichlet_lcb","diverse_then_repeat_backdoor","0.5","3","2","5","5","1","20","9","1.5","5","honest-6","honest","incumbent","ADMITTED","ADMITTED","9","9","0","4","4.882922989522995","1.5","0.7462875490779619","0.8370070466491786","0.6465358545084627","0.6465358545084627","0.1157982362815884","0.29254799703263074","50","50","50","0","0","False","0","0.0","0","32.668177127838135","50","50","50.0","","","moderate_shadow"
"fashion_mnist","20","2","mixed_maturity","access_no_limited","dirichlet_lcb","diverse_then_repeat_backdoor","0.5","3","2","5","5","1","20","9","1.5","5","honest-7","honest","incumbent","ADMITTED","ADMITTED","9","9","0","4","4.882922989522995","1.5","0.7462875490779619","0.8370070466491786","0.6465358545084627","0.6465358545084627","0.1157982362815884","0.29254799703263074","50","50","50","0","0","False","0","0.0","0","3.557513475418091","50","50","50.0","","","moderate_shadow"
"fashion_mnist","20","2","mixed_maturity","access_no_limited","dirichlet_lcb","diverse_then_repeat_backdoor","0.5","3","2","5","5","1","20","9","1.5","5","honest-8","honest","incumbent","ADMITTED","ADMITTED","9","9","0","4","4.882922989522995","1.5","0.7462875490779619","0.8370070466491786","0.6465358545084627","0.6465358545084627","0.1157982362815884","0.29254799703263074","50","50","50","0","0","False","0","0.0","0","3.4139914512634277","50","50","50.0","","","moderate_shadow"
"fashion_mnist","20","2","mixed_maturity","access_no_limited","dirichlet_lcb","diverse_then_repeat_backdoor","0.5","3","2","5","5","1","20","9","1.5","5","honest-9","honest","incumbent","ADMITTED","ADMITTED","9","9","0","4","4.882922989522995","1.5","0.7462875490779619","0.8370070466491786","0.6465358545084627","0.6465358545084627","0.1157982362815884","0.29254799703263074","50","50","50","0","0","False","0","0.0","0","2.17401123046875","50","50","50.0","","","moderate_shadow"
"fashion_mnist","20","2","mixed_maturity","access_no_limited","dirichlet_lcb","diverse_then_repeat_backdoor","0.5","4","2","5","5","1","20","9","1.5","5","attacker-1","diverse_then_repeat_backdoor","newcomer","ADMITTED","ADMITTED","9","9","0","4","4.882922989522995","1.5","0.7462875490779619","0.8370070466491786","0.6465358545084627","0.6465358545084627","0.1157982362815884","0.29254799703263074","50","50","50","0","0","False","0","0.0","0","2.390230894088745","50","50","50.0","","","moderate_shadow"
"fashion_mnist","20","2","mixed_maturity","access_no_limited","dirichlet_lcb","diverse_then_repeat_backdoor","0.5","4","2","5","5","1","20","9","1.5","5","attacker-2","diverse_then_repeat_backdoor","newcomer","ADMITTED","ADMITTED","9","9","0","4","4.882922989522995","1.5","0.7462875490779619","0.8370070466491786","0.6465358545084627","0.6465358545084627","0.1157982362815884","0.29254799703263074","50","50","50","0","0","False","0","0.0","0","2.567183494567871","50","50","50.0","","","moderate_shadow"
"fashion_mnist","20","2","mixed_maturity","access_no_limited","dirichlet_lcb","diverse_then_repeat_backdoor","0.5","4","2","5","5","1","20","9","1.5","5","honest-1","honest","incumbent","ADMITTED","ADMITTED","9","9","0","4","4.882922989522995","1.5","0.7462875490779619","0.8370070466491786","0.6465358545084627","0.6465358545084627","0.1157982362815884","0.29254799703263074","50","50","50","0","0","False","0","0.0","0","2.791193962097168","50","50","50.0","","","moderate_shadow"
"fashion_mnist","20","2","mixed_maturity","access_no_limited","dirichlet_lcb","diverse_then_repeat_backdoor","0.5","4","2","5","5","1","20","9","1.5","5","honest-10","honest","incumbent","ADMITTED","ADMITTED","9","9","0","4","4.882922989522995","1.5","0.7462875490779619","0.8370070466491786","0.6465358545084627","0.6465358545084627","0.1157982362815884","0.29254799703263074","50","50","50","0","0","False","0","0.0","0","62.86985969543457","50","50","50.0","","","moderate_shadow"
"fashion_mnist","20","2","mixed_maturity","access_no_limited","dirichlet_lcb","diverse_then_repeat_backdoor","0.5","4","2","5","5","1","20","9","1.5","5","honest-11","honest","incumbent","ADMITTED","ADMITTED","9","9","0","4","4.882922989522995","1.5","0.7462875490779619","0.8370070466491786","0.6465358545084627","0.6465358545084627","0.1157982362815884","0.29254799703263074","50","50","50","0","0","False","0","0.0","0","3.1659727096557617","50","50","50.0","","","moderate_shadow"
"fashion_mnist","20","2","mixed_maturity","access_no_limited","dirichlet_lcb","diverse_then_repeat_backdoor","0.5","4","2","5","5","1","20","9","1.5","5","honest-12","honest","incumbent","ADMITTED","ADMITTED","9","9","0","4","4.882922989522995","1.5","0.7462875490779619","0.8370070466491786","0.6465358545084627","0.6465358545084627","0.1157982362815884","0.29254799703263074","50","50","50","0","0","False","0","0.0","0","2.5531868934631348","50","50","50.0","","","moderate_shadow"
"fashion_mnist","20","2","mixed_maturity","access_no_limited","dirichlet_lcb","diverse_then_repeat_backdoor","0.5","4","2","5","5","1","20","9","1.5","5","honest-13","honest","incumbent","ADMITTED","ADMITTED","9","9","0","4","4.882922989522995","1.5","0.7462875490779619","0.8370070466491786","0.6465358545084627","0.6465358545084627","0.1157982362815884","0.29254799703263074","50","50","50","0","0","False","0","0.0","0","2.7419331073760986","50","50","50.0","","","moderate_shadow"
"fashion_mnist","20","2","mixed_maturity","access_no_limited","dirichlet_lcb","diverse_then_repeat_backdoor","0.5","4","2","5","5","1","20","9","1.5","5","honest-14","honest","incumbent","ADMITTED","ADMITTED","9","9","0","4","4.882922989522995","1.5","0.7462875490779619","0.8370070466491786","0.6465358545084627","0.6465358545084627","0.1157982362815884","0.29254799703263074","50","50","50","0","0","False","0","0.0","0","2.597813367843628","50","50","50.0","","","moderate_shadow"
"fashion_mnist","20","2","mixed_maturity","access_no_limited","dirichlet_lcb","diverse_then_repeat_backdoor","0.5","4","2","5","5","1","20","9","1.5","5","honest-15","honest","incumbent","ADMITTED","ADMITTED","9","9","0","4","4.882922989522995","1.5","0.7462875490779619","0.8370070466491786","0.6465358545084627","0.6465358545084627","0.1157982362815884","0.29254799703263074","50","50","50","0","0","False","0","0.0","0","2.4416663646698","50","50","50.0","","","moderate_shadow"
"fashion_mnist","20","2","mixed_maturity","access_no_limited","dirichlet_lcb","diverse_then_repeat_backdoor","0.5","4","2","5","5","1","20","9","1.5","5","honest-16","honest","incumbent","ADMITTED","ADMITTED","9","9","0","4","4.882922989522995","1.5","0.7462875490779619","0.8370070466491786","0.6465358545084627","0.6465358545084627","0.1157982362815884","0.29254799703263074","50","50","50","0","0","False","0","0.0","0","2.992048978805542","50","50","50.0","","","moderate_shadow"
"fashion_mnist","20","2","mixed_maturity","access_no_limited","dirichlet_lcb","diverse_then_repeat_backdoor","0.5","4","2","5","5","1","20","9","1.5","5","honest-17","honest","incumbent","ADMITTED","ADMITTED","9","9","0","4","4.882922989522995","1.5","0.7462875490779619","0.8370070466491786","0.6465358545084627","0.6465358545084627","0.1157982362815884","0.29254799703263074","50","50","50","0","0","False","0","0.0","0","2.9676053524017334","50","50","50.0","","","moderate_shadow"
"fashion_mnist","20","2","mixed_maturity","access_no_limited","dirichlet_lcb","diverse_then_repeat_backdoor","0.5","4","2","5","5","1","20","9","1.5","5","honest-18","honest","incumbent","ADMITTED","ADMITTED","9","9","0","4","4.882922989522995","1.5","0.7462875490779619","0.8370070466491786","0.6465358545084627","0.6465358545084627","0.1157982362815884","0.29254799703263074","50","50","50","0","0","False","0","0.0","0","3.176889419555664","50","50","50.0","","","moderate_shadow"
"fashion_mnist","20","2","mixed_maturity","access_no_limited","dirichlet_lcb","diverse_then_repeat_backdoor","0.5","4","2","5","5","1","20","9","1.5","5","honest-2","honest","incumbent","ADMITTED","ADMITTED","9","9","0","4","4.882922989522995","1.5","0.7262875490779619","0.8370070466491786","0.6465358545084627","0.6465358545084627","0.1157982362815884","0.29254799703263074","50","50","50","0","0","False","0","0.0","0","33.02334785461426","50","50","50.0","","","moderate_shadow"
"fashion_mnist","20","2","mixed_maturity","access_no_limited","dirichlet_lcb","diverse_then_repeat_backdoor","0.5","4","2","5","5","1","20","9","1.5","5","honest-3","honest","incumbent","ADMITTED","ADMITTED","9","9","0","3","5.004489238881761","1.5","0.7503560216234088","0.8430201361031787","0.6581600617811678","0.6581600617811678","0.11238691964272261","0.3041175807403508","50","50","50","0","0","False","0","0.0","0","32.44601845741272","50","50","50.0","","","moderate_shadow"
"fashion_mnist","20","2","mixed_maturity","access_no_limited","dirichlet_lcb","diverse_then_repeat_backdoor","0.5","4","2","5","5","1","20","9","1.5","5","honest-4","honest","incumbent","ADMITTED","ADMITTED","9","9","0","4","4.882922989522995","1.5","0.7462875490779619","0.8370070466491786","0.6465358545084627","0.6465358545084627","0.1157982362815884","0.29254799703263074","50","50","50","0","0","False","0","0.0","0","32.64500880241394","50","50","50.0","","","moderate_shadow"
"fashion_mnist","20","2","mixed_maturity","access_no_limited","dirichlet_lcb","diverse_then_repeat_backdoor","0.5","4","2","5","5","1","20","9","1.5","5","honest-5","honest","incumbent","ADMITTED","ADMITTED","9","9","0","4","4.882922989522995","1.5","0.7462875490779619","0.8370070466491786","0.6465358545084627","0.6465358545084627","0.1157982362815884","0.29254799703263074","50","50","50","0","0","False","0","0.0","0","3.1608188152313232","50","50","50.0","","","moderate_shadow"
"fashion_mnist","20","2","mixed_maturity","access_no_limited","dirichlet_lcb","diverse_then_repeat_backdoor","0.5","4","2","5","5","1","20","9","1.5","5","honest-6","honest","incumbent","ADMITTED","ADMITTED","9","9","0","4","4.882922989522995","1.5","0.7462875490779619","0.8370070466491786","0.6465358545084627","0.6465358545084627","0.1157982362815884","0.29254799703263074","50","50","50","0","0","False","0","0.0","0","2.5286004543304443","50","50","50.0","","","moderate_shadow"
"fashion_mnist","20","2","mixed_maturity","access_no_limited","dirichlet_lcb","diverse_then_repeat_backdoor","0.5","4","2","5","5","1","20","9","1.5","5","honest-7","honest","incumbent","ADMITTED","ADMITTED","9","9","0","4","4.882922989522995","1.5","0.7462875490779619","0.8370070466491786","0.6465358545084627","0.6465358545084627","0.1157982362815884","0.29254799703263074","50","50","50","0","0","False","0","0.0","0","2.334524631500244","50","50","50.0","","","moderate_shadow"
"fashion_mnist","20","2","mixed_maturity","access_no_limited","dirichlet_lcb","diverse_then_repeat_backdoor","0.5","4","2","5","5","1","20","9","1.5","5","honest-8","honest","incumbent","ADMITTED","ADMITTED","9","9","0","4","4.882922989522995","1.5","0.7462875490779619","0.8370070466491786","0.6465358545084627","0.6465358545084627","0.1157982362815884","0.29254799703263074","50","50","50","0","0","False","0","0.0","0","3.0703678131103516","50","50","50.0","","","moderate_shadow"
"fashion_mnist","20","2","mixed_maturity","access_no_limited","dirichlet_lcb","diverse_then_repeat_backdoor","0.5","4","2","5","5","1","20","9","1.5","5","honest-9","honest","incumbent","ADMITTED","ADMITTED","9","9","0","4","4.882922989522995","1.5","0.7462875490779619","0.8370070466491786","0.6465358545084627","0.6465358545084627","0.1157982362815884","0.29254799703263074","50","50","50","0","0","False","0","0.0","0","2.8552987575531006","50","50","50.0","","","moderate_shadow"
"fashion_mnist","20","2","mixed_maturity","access_no_limited","dirichlet_lcb","benign_concept_drift","0.5","0","2","5","5","1","20","9","1.5","5","attacker-1","benign_concept_drift","newcomer","ADMITTED","ADMITTED","9","9","0","4","4.882922989522995","1.5","0.7462875490779619","0.8370070466491786","0.6465358545084627","0.6465358545084627","0.1157982362815884","0.29254799703263074","50","50","50","0","0","False","0","0.0","0","3.8167428970336914","50","50","50.0","","","moderate_shadow"
"fashion_mnist","20","2","mixed_maturity","access_no_limited","dirichlet_lcb","benign_concept_drift","0.5","0","2","5","5","1","20","9","1.5","5","attacker-2","benign_concept_drift","newcomer","ADMITTED","ADMITTED","9","9","0","4","4.882922989522995","1.5","0.7462875490779619","0.8370070466491786","0.6465358545084627","0.6465358545084627","0.1157982362815884","0.29254799703263074","50","50","50","0","0","False","0","0.0","0","2.0508599281311035","50","50","50.0","","","moderate_shadow"
"fashion_mnist","20","2","mixed_maturity","access_no_limited","dirichlet_lcb","benign_concept_drift","0.5","0","2","5","5","1","20","9","1.5","5","honest-1","honest","incumbent","ADMITTED","ADMITTED","9","9","0","4","4.882922989522995","1.5","0.7462875490779619","0.8370070466491786","0.6465358545084627","0.6465358545084627","0.1157982362815884","0.29254799703263074","50","50","50","0","0","False","0","0.0","0","33.95011758804321","50","50","50.0","","","moderate_shadow"
"fashion_mnist","20","2","mixed_maturity","access_no_limited","dirichlet_lcb","benign_concept_drift","0.5","0","2","5","5","1","20","9","1.5","5","honest-10","honest","incumbent","ADMITTED","ADMITTED","9","9","0","4","4.882922989522995","1.5","0.7462875490779619","0.8370070466491786","0.6465358545084627","0.6465358545084627","0.1157982362815884","0.29254799703263074","50","50","50","0","0","False","0","0.0","0","2.721675157546997","50","50","50.0","","","moderate_shadow"
"fashion_mnist","20","2","mixed_maturity","access_no_limited","dirichlet_lcb","benign_concept_drift","0.5","0","2","5","5","1","20","9","1.5","5","honest-11","honest","incumbent","ADMITTED","ADMITTED","9","9","0","4","4.882922989522995","1.5","0.7462875490779619","0.8370070466491786","0.6465358545084627","0.6465358545084627","0.1157982362815884","0.29254799703263074","50","50","50","0","0","False","0","0.0","0","3.9484009742736816","50","50","50.0","","","moderate_shadow"
"fashion_mnist","20","2","mixed_maturity","access_no_limited","dirichlet_lcb","benign_concept_drift","0.5","0","2","5","5","1","20","9","1.5","5","honest-12","honest","incumbent","ADMITTED","ADMITTED","9","9","0","4","4.882922989522995","1.5","0.7462875490779619","0.8370070466491786","0.6465358545084627","0.6465358545084627","0.1157982362815884","0.29254799703263074","50","50","50","0","0","False","0","0.0","0","2.3829057216644287","50","50","50.0","","","moderate_shadow"
"fashion_mnist","20","2","mixed_maturity","access_no_limited","dirichlet_lcb","benign_concept_drift","0.5","0","2","5","5","1","20","9","1.5","5","honest-13","honest","incumbent","ADMITTED","ADMITTED","9","9","0","4","4.882922989522995","1.5","0.7462875490779619","0.8370070466491786","0.6465358545084627","0.6465358545084627","0.1157982362815884","0.29254799703263074","50","50","50","0","0","False","0","0.0","0","2.59218430519104","50","50","50.0","","","moderate_shadow"
"fashion_mnist","20","2","mixed_maturity","access_no_limited","dirichlet_lcb","benign_concept_drift","0.5","0","2","5","5","1","20","9","1.5","5","honest-14","honest","incumbent","ADMITTED","ADMITTED","9","9","0","4","4.882922989522995","1.5","0.7462875490779619","0.8370070466491786","0.6465358545084627","0.6465358545084627","0.1157982362815884","0.29254799703263074","50","50","50","0","0","False","0","0.0","0","3.4395058155059814","50","50","50.0","","","moderate_shadow"
"fashion_mnist","20","2","mixed_maturity","access_no_limited","dirichlet_lcb","benign_concept_drift","0.5","0","2","5","5","1","20","9","1.5","5","honest-15","honest","incumbent","ADMITTED","ADMITTED","9","9","0","4","4.882922989522995","1.5","0.7462875490779619","0.8370070466491786","0.6465358545084627","0.6465358545084627","0.1157982362815884","0.29254799703263074","50","50","50","0","0","False","0","0.0","0","2.8044095039367676","50","50","50.0","","","moderate_shadow"
"fashion_mnist","20","2","mixed_maturity","access_no_limited","dirichlet_lcb","benign_concept_drift","0.5","0","2","5","5","1","20","9","1.5","5","honest-16","honest","incumbent","ADMITTED","ADMITTED","9","9","0","4","4.882922989522995","1.5","0.7462875490779619","0.8370070466491786","0.6465358545084627","0.6465358545084627","0.1157982362815884","0.29254799703263074","50","50","50","0","0","False","0","0.0","0","2.2697036266326904","50","50","50.0","","","moderate_shadow"
"fashion_mnist","20","2","mixed_maturity","access_no_limited","dirichlet_lcb","benign_concept_drift","0.5","0","2","5","5","1","20","9","1.5","5","honest-17","honest","incumbent","ADMITTED","ADMITTED","9","9","0","4","4.882922989522995","1.5","0.7462875490779619","0.8370070466491786","0.6465358545084627","0.6465358545084627","0.1157982362815884","0.29254799703263074","50","50","50","0","0","False","0","0.0","0","2.6742594242095947","50","50","50.0","","","moderate_shadow"
"fashion_mnist","20","2","mixed_maturity","access_no_limited","dirichlet_lcb","benign_concept_drift","0.5","0","2","5","5","1","20","9","1.5","5","honest-18","honest","incumbent","ADMITTED","ADMITTED","9","9","0","4","4.882922989522995","1.5","0.7462875490779619","0.8370070466491786","0.6465358545084627","0.6465358545084627","0.1157982362815884","0.29254799703263074","50","50","50","0","0","False","0","0.0","0","3.4447755813598633","50","50","50.0","","","moderate_shadow"
"fashion_mnist","20","2","mixed_maturity","access_no_limited","dirichlet_lcb","benign_concept_drift","0.5","0","2","5","5","1","20","9","1.5","5","honest-2","honest","incumbent","ADMITTED","ADMITTED","9","9","0","4","4.882922989522995","1.5","0.7462875490779619","0.8370070466491786","0.6465358545084627","0.6465358545084627","0.1157982362815884","0.29254799703263074","50","50","50","0","0","False","0","0.0","0","3.6835992336273193","50","50","50.0","","","moderate_shadow"
"fashion_mnist","20","2","mixed_maturity","access_no_limited","dirichlet_lcb","benign_concept_drift","0.5","0","2","5","5","1","20","9","1.5","5","honest-3","honest","incumbent","ADMITTED","ADMITTED","9","9","0","4","4.882922989522995","1.5","0.7462875490779619","0.8370070466491786","0.6465358545084627","0.6465358545084627","0.1157982362815884","0.29254799703263074","50","50","50","0","0","False","0","0.0","0","3.5234529972076416","50","50","50.0","","","moderate_shadow"
"fashion_mnist","20","2","mixed_maturity","access_no_limited","dirichlet_lcb","benign_concept_drift","0.5","0","2","5","5","1","20","9","1.5","5","honest-4","honest","incumbent","ADMITTED","ADMITTED","9","9","0","4","4.882922989522995","1.5","0.7462875490779619","0.8370070466491786","0.6465358545084627","0.6465358545084627","0.1157982362815884","0.29254799703263074","50","50","50","0","0","False","0","0.0","0","3.199445962905884","50","50","50.0","","","moderate_shadow"
"fashion_mnist","20","2","mixed_maturity","access_no_limited","dirichlet_lcb","benign_concept_drift","0.5","0","2","5","5","1","20","9","1.5","5","honest-5","honest","incumbent","ADMITTED","ADMITTED","9","9","0","4","4.882922989522995","1.5","0.7462875490779619","0.8370070466491786","0.6465358545084627","0.6465358545084627","0.1157982362815884","0.29254799703263074","50","50","50","0","0","False","0","0.0","0","3.111525058746338","50","50","50.0","","","moderate_shadow"
"fashion_mnist","20","2","mixed_maturity","access_no_limited","dirichlet_lcb","benign_concept_drift","0.5","0","2","5","5","1","20","9","1.5","5","honest-6","honest","incumbent","ADMITTED","ADMITTED","9","9","0","4","4.882922989522995","1.5","0.7462875490779619","0.8370070466491786","0.6465358545084627","0.6465358545084627","0.1157982362815884","0.29254799703263074","50","50","50","0","0","False","0","0.0","0","3.670875072479248","50","50","50.0","","","moderate_shadow"
"fashion_mnist","20","2","mixed_maturity","access_no_limited","dirichlet_lcb","benign_concept_drift","0.5","0","2","5","5","1","20","9","1.5","5","honest-7","honest","incumbent","ADMITTED","ADMITTED","9","9","0","4","4.882922989522995","1.5","0.7462875490779619","0.8370070466491786","0.6465358545084627","0.6465358545084627","0.1157982362815884","0.29254799703263074","50","50","50","0","0","False","0","0.0","0","93.71742939949036","50","50","50.0","","","moderate_shadow"
"fashion_mnist","20","2","mixed_maturity","access_no_limited","dirichlet_lcb","benign_concept_drift","0.5","0","2","5","5","1","20","9","1.5","5","honest-8","honest","incumbent","ADMITTED","ADMITTED","9","9","0","4","4.882922989522995","1.5","0.7462875490779619","0.8370070466491786","0.6465358545084627","0.6465358545084627","0.1157982362815884","0.29254799703263074","50","50","50","0","0","False","0","0.0","0","3.4259321689605713","50","50","50.0","","","moderate_shadow"
"fashion_mnist","20","2","mixed_maturity","access_no_limited","dirichlet_lcb","benign_concept_drift","0.5","0","2","5","5","1","20","9","1.5","5","honest-9","honest","incumbent","ADMITTED","ADMITTED","9","9","0","4","4.882922989522995","1.5","0.7462875490779619","0.8370070466491786","0.6465358545084627","0.6465358545084627","0.1157982362815884","0.29254799703263074","50","50","50","0","0","False","0","0.0","0","2.5704145431518555","50","50","50.0","","","moderate_shadow"
"fashion_mnist","20","2","mixed_maturity","access_no_limited","dirichlet_lcb","benign_concept_drift","0.5","1","2","5","5","1","20","9","1.5","5","attacker-1","benign_concept_drift","newcomer","ADMITTED","ADMITTED","9","9","0","4","4.882922989522995","1.5","0.7462875490779619","0.8370070466491786","0.6465358545084627","0.6465358545084627","0.1157982362815884","0.29254799703263074","50","50","50","0","0","False","0","0.0","0","2.1295275688171387","50","50","50.0","","","moderate_shadow"
"fashion_mnist","20","2","mixed_maturity","access_no_limited","dirichlet_lcb","benign_concept_drift","0.5","1","2","5","5","1","20","9","1.5","5","attacker-2","benign_concept_drift","newcomer","ADMITTED","ADMITTED","9","9","0","4","4.882922989522995","1.5","0.7462875490779619","0.8370070466491786","0.6465358545084627","0.6465358545084627","0.1157982362815884","0.29254799703263074","50","50","50","0","0","False","0","0.0","0","3.2708542346954346","50","50","50.0","","","moderate_shadow"
"fashion_mnist","20","2","mixed_maturity","access_no_limited","dirichlet_lcb","benign_concept_drift","0.5","1","2","5","5","1","20","9","1.5","5","honest-1","honest","incumbent","ADMITTED","ADMITTED","9","9","0","4","4.882922989522995","1.5","0.7462875490779619","0.8370070466491786","0.6465358545084627","0.6465358545084627","0.1157982362815884","0.29254799703263074","50","50","50","0","0","False","0","0.0","0","2.316499710083008","50","50","50.0","","","moderate_shadow"
"fashion_mnist","20","2","mixed_maturity","access_no_limited","dirichlet_lcb","benign_concept_drift","0.5","1","2","5","5","1","20","9","1.5","5","honest-10","honest","incumbent","ADMITTED","ADMITTED","9","9","0","4","4.882922989522995","1.5","0.7462875490779619","0.8370070466491786","0.6465358545084627","0.6465358545084627","0.1157982362815884","0.29254799703263074","50","50","50","0","0","False","0","0.0","0","32.8222439289093","50","50","50.0","","","moderate_shadow"
"fashion_mnist","20","2","mixed_maturity","access_no_limited","dirichlet_lcb","benign_concept_drift","0.5","1","2","5","5","1","20","9","1.5","5","honest-11","honest","incumbent","ADMITTED","ADMITTED","9","9","0","4","4.882922989522995","1.5","0.7462875490779619","0.8370070466491786","0.6465358545084627","0.6465358545084627","0.1157982362815884","0.29254799703263074","50","50","50","0","0","False","0","0.0","0","2.9449303150177","50","50","50.0","","","moderate_shadow"
"fashion_mnist","20","2","mixed_maturity","access_no_limited","dirichlet_lcb","benign_concept_drift","0.5","1","2","5","5","1","20","9","1.5","5","honest-12","honest","incumbent","ADMITTED","ADMITTED","9","9","0","4","4.882922989522995","1.5","0.7462875490779619","0.8370070466491786","0.6465358545084627","0.6465358545084627","0.1157982362815884","0.29254799703263074","50","50","50","0","0","False","0","0.0","0","3.4704160690307617","50","50","50.0","","","moderate_shadow"
"fashion_mnist","20","2","mixed_maturity","access_no_limited","dirichlet_lcb","benign_concept_drift","0.5","1","2","5","5","1","20","9","1.5","5","honest-13","honest","incumbent","ADMITTED","ADMITTED","9","9","0","4","4.882922989522995","1.5","0.7462875490779619","0.8370070466491786","0.6465358545084627","0.6465358545084627","0.1157982362815884","0.29254799703263074","50","50","50","0","0","False","0","0.0","0","3.235565423965454","50","50","50.0","","","moderate_shadow"
"fashion_mnist","20","2","mixed_maturity","access_no_limited","dirichlet_lcb","benign_concept_drift","0.5","1","2","5","5","1","20","9","1.5","5","honest-14","honest","incumbent","ADMITTED","ADMITTED","9","9","0","4","4.882922989522995","1.5","0.7462875490779619","0.8370070466491786","0.6465358545084627","0.6465358545084627","0.1157982362815884","0.29254799703263074","50","50","50","0","0","False","0","0.0","0","2.8040239810943604","50","50","50.0","","","moderate_shadow"
"fashion_mnist","20","2","mixed_maturity","access_no_limited","dirichlet_lcb","benign_concept_drift","0.5","1","2","5","5","1","20","9","1.5","5","honest-15","honest","incumbent","ADMITTED","ADMITTED","9","9","0","4","4.882922989522995","1.5","0.7462875490779619","0.8370070466491786","0.6465358545084627","0.6465358545084627","0.1157982362815884","0.29254799703263074","50","50","50","0","0","False","0","0.0","0","2.6333327293395996","50","50","50.0","","","moderate_shadow"
"fashion_mnist","20","2","mixed_maturity","access_no_limited","dirichlet_lcb","benign_concept_drift","0.5","1","2","5","5","1","20","9","1.5","5","honest-16","honest","incumbent","ADMITTED","ADMITTED","9","9","0","4","4.882922989522995","1.5","0.7462875490779619","0.8370070466491786","0.6465358545084627","0.6465358545084627","0.1157982362815884","0.29254799703263074","50","50","50","0","0","False","0","0.0","0","3.476311206817627","50","50","50.0","","","moderate_shadow"
"fashion_mnist","20","2","mixed_maturity","access_no_limited","dirichlet_lcb","benign_concept_drift","0.5","1","2","5","5","1","20","9","1.5","5","honest-17","honest","incumbent","ADMITTED","ADMITTED","9","9","0","4","4.882922989522995","1.5","0.7462875490779619","0.8370070466491786","0.6465358545084627","0.6465358545084627","0.1157982362815884","0.29254799703263074","50","50","50","0","0","False","0","0.0","0","3.244788408279419","50","50","50.0","","","moderate_shadow"
"fashion_mnist","20","2","mixed_maturity","access_no_limited","dirichlet_lcb","benign_concept_drift","0.5","1","2","5","5","1","20","9","1.5","5","honest-18","honest","incumbent","ADMITTED","ADMITTED","9","9","0","3","4.5294892388817605","1.5","0.7401065581334588","0.8277664507491892","0.6288758803813109","0.6288758803813109","0.12091685363435191","0.27568090107538146","50","50","50","0","0","False","0","0.0","0","32.56518816947937","50","50","50.0","","","moderate_shadow"
"fashion_mnist","20","2","mixed_maturity","access_no_limited","dirichlet_lcb","benign_concept_drift","0.5","1","2","5","5","1","20","9","1.5","5","honest-2","honest","incumbent","ADMITTED","ADMITTED","9","9","0","3","5.004489238881761","1.5","0.7503560216234088","0.8430201361031787","0.6581600617811678","0.6581600617811678","0.11238691964272261","0.3041175807403508","50","50","50","0","0","False","0","0.0","0","62.59678316116333","50","50","50.0","","","moderate_shadow"
"fashion_mnist","20","2","mixed_maturity","access_no_limited","dirichlet_lcb","benign_concept_drift","0.5","1","2","5","5","1","20","9","1.5","5","honest-3","honest","incumbent","ADMITTED","ADMITTED","9","9","0","4","4.882922989522995","1.5","0.7462875490779619","0.8370070466491786","0.6465358545084627","0.6465358545084627","0.1157982362815884","0.29254799703263074","50","50","50","0","0","False","0","0.0","0","32.22158908843994","50","50","50.0","","","moderate_shadow"
"fashion_mnist","20","2","mixed_maturity","access_no_limited","dirichlet_lcb","benign_concept_drift","0.5","1","2","5","5","1","20","9","1.5","5","honest-4","honest","incumbent","ADMITTED","ADMITTED","9","9","0","4","4.882922989522995","1.5","0.7462875490779619","0.8370070466491786","0.6465358545084627","0.6465358545084627","0.1157982362815884","0.29254799703263074","50","50","50","0","0","False","0","0.0","0","2.2927348613739014","50","50","50.0","","","moderate_shadow"
"fashion_mnist","20","2","mixed_maturity","access_no_limited","dirichlet_lcb","benign_concept_drift","0.5","1","2","5","5","1","20","9","1.5","5","honest-5","honest","incumbent","ADMITTED","ADMITTED","9","9","0","4","4.882922989522995","1.5","0.7462875490779619","0.8370070466491786","0.6465358545084627","0.6465358545084627","0.1157982362815884","0.29254799703263074","50","50","50","0","0","False","0","0.0","0","32.987722635269165","50","50","50.0","","","moderate_shadow"
"fashion_mnist","20","2","mixed_maturity","access_no_limited","dirichlet_lcb","benign_concept_drift","0.5","1","2","5","5","1","20","9","1.5","5","honest-6","honest","incumbent","ADMITTED","ADMITTED","9","9","0","4","4.882922989522995","1.5","0.7462875490779619","0.8370070466491786","0.6465358545084627","0.6465358545084627","0.1157982362815884","0.29254799703263074","50","50","50","0","0","False","0","0.0","0","2.4041380882263184","50","50","50.0","","","moderate_shadow"
"fashion_mnist","20","2","mixed_maturity","access_no_limited","dirichlet_lcb","benign_concept_drift","0.5","1","2","5","5","1","20","9","1.5","5","honest-7","honest","incumbent","ADMITTED","ADMITTED","9","9","0","4","4.882922989522995","1.5","0.7462875490779619","0.8370070466491786","0.6465358545084627","0.6465358545084627","0.1157982362815884","0.29254799703263074","50","50","50","0","0","False","0","0.0","0","32.85510969161987","50","50","50.0","","","moderate_shadow"
"fashion_mnist","20","2","mixed_maturity","access_no_limited","dirichlet_lcb","benign_concept_drift","0.5","1","2","5","5","1","20","9","1.5","5","honest-8","honest","incumbent","ADMITTED","ADMITTED","9","9","0","4","4.882922989522995","1.5","0.7462875490779619","0.8370070466491786","0.6465358545084627","0.6465358545084627","0.1157982362815884","0.29254799703263074","50","50","50","0","0","False","0","0.0","0","2.508204698562622","50","50","50.0","","","moderate_shadow"
"fashion_mnist","20","2","mixed_maturity","access_no_limited","dirichlet_lcb","benign_concept_drift","0.5","1","2","5","5","1","20","9","1.5","5","honest-9","honest","incumbent","ADMITTED","ADMITTED","9","9","0","4","4.882922989522995","1.5","0.7462875490779619","0.8370070466491786","0.6465358545084627","0.6465358545084627","0.1157982362815884","0.29254799703263074","50","50","50","0","0","False","0","0.0","0","3.107609748840332","50","50","50.0","","","moderate_shadow"
"fashion_mnist","20","2","mixed_maturity","access_no_limited","dirichlet_lcb","benign_concept_drift","0.5","2","2","5","5","1","20","9","1.5","5","attacker-1","benign_concept_drift","newcomer","ADMITTED","ADMITTED","9","9","0","4","4.882922989522995","1.5","0.7462875490779619","0.8370070466491786","0.6465358545084627","0.6465358545084627","0.1157982362815884","0.29254799703263074","50","50","50","0","0","False","0","0.0","0","2.097994327545166","50","50","50.0","","","moderate_shadow"
"fashion_mnist","20","2","mixed_maturity","access_no_limited","dirichlet_lcb","benign_concept_drift","0.5","2","2","5","5","1","20","9","1.5","5","attacker-2","benign_concept_drift","newcomer","ADMITTED","ADMITTED","9","9","0","4","4.882922989522995","1.5","0.7462875490779619","0.8370070466491786","0.6465358545084627","0.6465358545084627","0.1157982362815884","0.29254799703263074","50","50","50","0","0","False","0","0.0","0","2.5494275093078613","50","50","50.0","","","moderate_shadow"
"fashion_mnist","20","2","mixed_maturity","access_no_limited","dirichlet_lcb","benign_concept_drift","0.5","2","2","5","5","1","20","9","1.5","5","honest-1","honest","incumbent","ADMITTED","ADMITTED","9","9","0","4","4.882922989522995","1.5","0.7462875490779619","0.8370070466491786","0.6465358545084627","0.6465358545084627","0.1157982362815884","0.29254799703263074","50","50","50","0","0","False","0","0.0","0","32.96287989616394","50","50","50.0","","","moderate_shadow"
"fashion_mnist","20","2","mixed_maturity","access_no_limited","dirichlet_lcb","benign_concept_drift","0.5","2","2","5","5","1","20","9","1.5","5","honest-10","honest","incumbent","ADMITTED","ADMITTED","11","11","0","3","5.419531626612037","1.5","0.7509212720692868","0.8438513019312254","0.6597750630551052","0.6597750630551052","0.11191038163637629","0.3057557302355997","50","50","50","0","0","False","0","0.0","0","62.73167848587036","50","50","50.0","","","moderate_shadow"
"fashion_mnist","20","2","mixed_maturity","access_no_limited","dirichlet_lcb","benign_concept_drift","0.5","2","2","5","5","1","20","9","1.5","5","honest-11","honest","incumbent","ADMITTED","ADMITTED","9","9","0","4","4.882922989522995","1.5","0.7462875490779619","0.8370070466491786","0.6465358545084627","0.6465358545084627","0.1157982362815884","0.29254799703263074","50","50","50","0","0","False","0","0.0","0","32.99154734611511","50","50","50.0","","","moderate_shadow"
"fashion_mnist","20","2","mixed_maturity","access_no_limited","dirichlet_lcb","benign_concept_drift","0.5","2","2","5","5","1","20","9","1.5","5","honest-12","honest","incumbent","ADMITTED","ADMITTED","9","9","0","4","4.882922989522995","1.5","0.7462875490779619","0.8370070466491786","0.6465358545084627","0.6465358545084627","0.1157982362815884","0.29254799703263074","50","50","50","0","0","False","0","0.0","0","32.80536222457886","50","50","50.0","","","moderate_shadow"
"fashion_mnist","20","2","mixed_maturity","access_no_limited","dirichlet_lcb","benign_concept_drift","0.5","2","2","5","5","1","20","9","1.5","5","honest-13","honest","incumbent","ADMITTED","ADMITTED","9","9","0","4","4.882922989522995","1.5","0.7462875490779619","0.8370070466491786","0.6465358545084627","0.6465358545084627","0.1157982362815884","0.29254799703263074","50","50","50","0","0","False","0","0.0","0","3.0296950340270996","50","50","50.0","","","moderate_shadow"
"fashion_mnist","20","2","mixed_maturity","access_no_limited","dirichlet_lcb","benign_concept_drift","0.5","2","2","5","5","1","20","9","1.5","5","honest-14","honest","incumbent","ADMITTED","ADMITTED","9","9","0","4","4.882922989522995","1.5","0.7462875490779619","0.8370070466491786","0.6465358545084627","0.6465358545084627","0.1157982362815884","0.29254799703263074","50","50","50","0","0","False","0","0.0","0","2.7587778568267822","50","50","50.0","","","moderate_shadow"
"fashion_mnist","20","2","mixed_maturity","access_no_limited","dirichlet_lcb","benign_concept_drift","0.5","2","2","5","5","1","20","9","1.5","5","honest-15","honest","incumbent","ADMITTED","ADMITTED","9","9","0","4","4.882922989522995","1.5","0.7462875490779619","0.8370070466491786","0.6465358545084627","0.6465358545084627","0.1157982362815884","0.29254799703263074","50","50","50","0","0","False","0","0.0","0","3.2076256275177","50","50","50.0","","","moderate_shadow"
"fashion_mnist","20","2","mixed_maturity","access_no_limited","dirichlet_lcb","benign_concept_drift","0.5","2","2","5","5","1","20","9","1.5","5","honest-16","honest","incumbent","ADMITTED","ADMITTED","9","9","0","4","4.882922989522995","1.5","0.7462875490779619","0.8370070466491786","0.6465358545084627","0.6465358545084627","0.1157982362815884","0.29254799703263074","50","50","50","0","0","False","0","0.0","0","31.899527549743652","50","50","50.0","","","moderate_shadow"
"fashion_mnist","20","2","mixed_maturity","access_no_limited","dirichlet_lcb","benign_concept_drift","0.5","2","2","5","5","1","20","9","1.5","5","honest-17","honest","incumbent","ADMITTED","ADMITTED","9","9","0","4","4.882922989522995","1.5","0.7462875490779619","0.8370070466491786","0.6465358545084627","0.6465358545084627","0.1157982362815884","0.29254799703263074","50","50","50","0","0","False","0","0.0","0","3.0247011184692383","50","50","50.0","","","moderate_shadow"
"fashion_mnist","20","2","mixed_maturity","access_no_limited","dirichlet_lcb","benign_concept_drift","0.5","2","2","5","5","1","20","9","1.5","5","honest-18","honest","incumbent","ADMITTED","ADMITTED","9","9","0","4","4.882922989522995","1.5","0.7462875490779619","0.8370070466491786","0.6465358545084627","0.6465358545084627","0.1157982362815884","0.29254799703263074","50","50","50","0","0","False","0","0.0","0","2.138537645339966","50","50","50.0","","","moderate_shadow"
"fashion_mnist","20","2","mixed_maturity","access_no_limited","dirichlet_lcb","benign_concept_drift","0.5","2","2","5","5","1","20","9","1.5","5","honest-2","honest","incumbent","ADMITTED","ADMITTED","9","9","0","4","4.882922989522995","1.5","0.7462875490779619","0.8370070466491786","0.6465358545084627","0.6465358545084627","0.1157982362815884","0.29254799703263074","50","50","50","0","0","False","0","0.0","0","3.534395694732666","50","50","50.0","","","moderate_shadow"
"fashion_mnist","20","2","mixed_maturity","access_no_limited","dirichlet_lcb","benign_concept_drift","0.5","2","2","5","5","1","20","9","1.5","5","honest-3","honest","incumbent","ADMITTED","ADMITTED","9","9","0","4","4.882922989522995","1.5","0.7462875490779619","0.8370070466491786","0.6465358545084627","0.6465358545084627","0.1157982362815884","0.29254799703263074","50","50","50","0","0","False","0","0.0","0","2.9720773696899414","50","50","50.0","","","moderate_shadow"
"fashion_mnist","20","2","mixed_maturity","access_no_limited","dirichlet_lcb","benign_concept_drift","0.5","2","2","5","5","1","20","9","1.5","5","honest-4","honest","incumbent","ADMITTED","ADMITTED","9","9","0","4","4.882922989522995","1.5","0.7462875490779619","0.8370070466491786","0.6465358545084627","0.6465358545084627","0.1157982362815884","0.29254799703263074","50","50","50","0","0","False","0","0.0","0","2.2842509746551514","50","50","50.0","","","moderate_shadow"
"fashion_mnist","20","2","mixed_maturity","access_no_limited","dirichlet_lcb","benign_concept_drift","0.5","2","2","5","5","1","20","9","1.5","5","honest-5","honest","incumbent","ADMITTED","ADMITTED","9","9","0","4","4.882922989522995","1.5","0.7462875490779619","0.8370070466491786","0.6465358545084627","0.6465358545084627","0.1157982362815884","0.29254799703263074","50","50","50","0","0","False","0","0.0","0","32.25929546356201","50","50","50.0","","","moderate_shadow"
"fashion_mnist","20","2","mixed_maturity","access_no_limited","dirichlet_lcb","benign_concept_drift","0.5","2","2","5","5","1","20","9","1.5","5","honest-6","honest","incumbent","ADMITTED","ADMITTED","9","9","0","4","4.882922989522995","1.5","0.7462875490779619","0.8370070466491786","0.6465358545084627","0.6465358545084627","0.1157982362815884","0.29254799703263074","50","50","50","0","0","False","0","0.0","0","3.1267125606536865","50","50","50.0","","","moderate_shadow"
"fashion_mnist","20","2","mixed_maturity","access_no_limited","dirichlet_lcb","benign_concept_drift","0.5","2","2","5","5","1","20","9","1.5","5","honest-7","honest","incumbent","ADMITTED","ADMITTED","9","9","0","4","4.882922989522995","1.5","0.7462875490779619","0.8370070466491786","0.6465358545084627","0.6465358545084627","0.1157982362815884","0.29254799703263074","50","50","50","0","0","False","0","0.0","0","3.001620054244995","50","50","50.0","","","moderate_shadow"
"fashion_mnist","20","2","mixed_maturity","access_no_limited","dirichlet_lcb","benign_concept_drift","0.5","2","2","5","5","1","20","9","1.5","5","honest-8","honest","incumbent","ADMITTED","ADMITTED","9","9","0","4","4.882922989522995","1.5","0.7462875490779619","0.8370070466491786","0.6465358545084627","0.6465358545084627","0.1157982362815884","0.29254799703263074","50","50","50","0","0","False","0","0.0","0","2.5421407222747803","50","50","50.0","","","moderate_shadow"
"fashion_mnist","20","2","mixed_maturity","access_no_limited","dirichlet_lcb","benign_concept_drift","0.5","2","2","5","5","1","20","9","1.5","5","honest-9","honest","incumbent","ADMITTED","ADMITTED","9","9","0","3","4.76698923888176","1.5","0.7437820368902304","0.8332768051183246","0.6393772482578011","0.6393772482578011","0.11788253356256753","0.28561047849957855","50","50","50","0","0","False","0","0.0","0","32.4757821559906","50","50","50.0","","","moderate_shadow"
"fashion_mnist","20","2","mixed_maturity","access_no_limited","dirichlet_lcb","benign_concept_drift","0.5","3","2","5","5","1","20","9","1.5","5","attacker-1","benign_concept_drift","newcomer","ADMITTED","ADMITTED","9","9","0","4","4.882922989522995","1.5","0.7462875490779619","0.8370070466491786","0.6465358545084627","0.6465358545084627","0.1157982362815884","0.29254799703263074","50","50","50","0","0","False","0","0.0","0","2.814735174179077","50","50","50.0","","","moderate_shadow"
"fashion_mnist","20","2","mixed_maturity","access_no_limited","dirichlet_lcb","benign_concept_drift","0.5","3","2","5","5","1","20","9","1.5","5","attacker-2","benign_concept_drift","newcomer","ADMITTED","ADMITTED","9","9","0","4","4.882922989522995","1.5","0.7462875490779619","0.8370070466491786","0.6465358545084627","0.6465358545084627","0.1157982362815884","0.29254799703263074","50","50","50","0","0","False","0","0.0","0","3.175604820251465","50","50","50.0","","","moderate_shadow"
"fashion_mnist","20","2","mixed_maturity","access_no_limited","dirichlet_lcb","benign_concept_drift","0.5","3","2","5","5","1","20","9","1.5","5","honest-1","honest","incumbent","ADMITTED","ADMITTED","9","9","0","4","4.882922989522995","1.5","0.7462875490779619","0.8370070466491786","0.6465358545084627","0.6465358545084627","0.1157982362815884","0.29254799703263074","50","50","50","0","0","False","0","0.0","0","3.0208425521850586","50","50","50.0","","","moderate_shadow"
"fashion_mnist","20","2","mixed_maturity","access_no_limited","dirichlet_lcb","benign_concept_drift","0.5","3","2","5","5","1","20","9","1.5","5","honest-10","honest","incumbent","ADMITTED","ADMITTED","9","9","0","4","4.882922989522995","1.5","0.7462875490779619","0.8370070466491786","0.6465358545084627","0.6465358545084627","0.1157982362815884","0.29254799703263074","50","50","50","0","0","False","0","0.0","0","2.592813014984131","50","50","50.0","","","moderate_shadow"
"fashion_mnist","20","2","mixed_maturity","access_no_limited","dirichlet_lcb","benign_concept_drift","0.5","3","2","5","5","1","20","9","1.5","5","honest-11","honest","incumbent","ADMITTED","ADMITTED","9","9","0","4","4.882922989522995","1.5","0.7462875490779619","0.8370070466491786","0.6465358545084627","0.6465358545084627","0.1157982362815884","0.29254799703263074","50","50","50","0","0","False","0","0.0","0","3.22641658782959","50","50","50.0","","","moderate_shadow"
"fashion_mnist","20","2","mixed_maturity","access_no_limited","dirichlet_lcb","benign_concept_drift","0.5","3","2","5","5","1","20","9","1.5","5","honest-12","honest","incumbent","ADMITTED","ADMITTED","9","9","0","4","4.882922989522995","1.5","0.7462875490779619","0.8370070466491786","0.6465358545084627","0.6465358545084627","0.1157982362815884","0.29254799703263074","50","50","50","0","0","False","0","0.0","0","2.749291181564331","50","50","50.0","","","moderate_shadow"
"fashion_mnist","20","2","mixed_maturity","access_no_limited","dirichlet_lcb","benign_concept_drift","0.5","3","2","5","5","1","20","9","1.5","5","honest-13","honest","incumbent","ADMITTED","ADMITTED","9","9","0","4","4.882922989522995","1.5","0.7462875490779619","0.8370070466491786","0.6465358545084627","0.6465358545084627","0.1157982362815884","0.29254799703263074","50","50","50","0","0","False","0","0.0","0","3.2203876972198486","50","50","50.0","","","moderate_shadow"
"fashion_mnist","20","2","mixed_maturity","access_no_limited","dirichlet_lcb","benign_concept_drift","0.5","3","2","5","5","1","20","9","1.5","5","honest-14","honest","incumbent","ADMITTED","ADMITTED","9","9","0","4","4.882922989522995","1.5","0.7462875490779619","0.8370070466491786","0.6465358545084627","0.6465358545084627","0.1157982362815884","0.29254799703263074","50","50","50","0","0","False","0","0.0","0","3.392120122909546","50","50","50.0","","","moderate_shadow"
"fashion_mnist","20","2","mixed_maturity","access_no_limited","dirichlet_lcb","benign_concept_drift","0.5","3","2","5","5","1","20","9","1.5","5","honest-15","honest","incumbent","ADMITTED","ADMITTED","9","9","0","4","4.882922989522995","1.5","0.7462875490779619","0.8370070466491786","0.6465358545084627","0.6465358545084627","0.1157982362815884","0.29254799703263074","50","50","50","0","0","False","0","0.0","0","32.89450144767761","50","50","50.0","","","moderate_shadow"
"fashion_mnist","20","2","mixed_maturity","access_no_limited","dirichlet_lcb","benign_concept_drift","0.5","3","2","5","5","1","20","9","1.5","5","honest-16","honest","incumbent","ADMITTED","ADMITTED","9","9","0","3","5.004489238881761","1.5","0.7503560216234088","0.8430201361031787","0.6581600617811678","0.6581600617811678","0.11238691964272261","0.3041175807403508","50","50","50","0","0","False","0","0.0","0","32.600363969802856","50","50","50.0","","","moderate_shadow"
"fashion_mnist","20","2","mixed_maturity","access_no_limited","dirichlet_lcb","benign_concept_drift","0.5","3","2","5","5","1","20","9","1.5","5","honest-17","honest","incumbent","ADMITTED","ADMITTED","12","12","0","3","5.3499694871438415","1.5","0.7478143545076069","0.8392699711010733","0.6508981557360198","0.6508981557360198","0.11452190611753592","0.2968448682209436","50","50","50","0","0","False","0","0.0","0","63.290863037109375","50","50","50.0","","","moderate_shadow"
"fashion_mnist","20","2","mixed_maturity","access_no_limited","dirichlet_lcb","benign_concept_drift","0.5","3","2","5","5","1","20","9","1.5","5","honest-18","honest","incumbent","ADMITTED","ADMITTED","9","9","0","4","4.882922989522995","1.5","0.7462875490779619","0.8370070466491786","0.6465358545084627","0.6465358545084627","0.1157982362815884","0.29254799703263074","50","50","50","0","0","False","0","0.0","0","2.980316638946533","50","50","50.0","","","moderate_shadow"
"fashion_mnist","20","2","mixed_maturity","access_no_limited","dirichlet_lcb","benign_concept_drift","0.5","3","2","5","5","1","20","9","1.5","5","honest-2","honest","incumbent","ADMITTED","ADMITTED","9","9","0","4","4.882922989522995","1.5","0.7462875490779619","0.8370070466491786","0.6465358545084627","0.6465358545084627","0.1157982362815884","0.29254799703263074","50","50","50","0","0","False","0","0.0","0","3.065633535385132","50","50","50.0","","","moderate_shadow"
"fashion_mnist","20","2","mixed_maturity","access_no_limited","dirichlet_lcb","benign_concept_drift","0.5","3","2","5","5","1","20","9","1.5","5","honest-3","honest","incumbent","ADMITTED","ADMITTED","9","9","0","4","4.882922989522995","1.5","0.7462875490779619","0.8370070466491786","0.6465358545084627","0.6465358545084627","0.1157982362815884","0.29254799703263074","50","50","50","0","0","False","0","0.0","0","2.728569984436035","50","50","50.0","","","moderate_shadow"
"fashion_mnist","20","2","mixed_maturity","access_no_limited","dirichlet_lcb","benign_concept_drift","0.5","3","2","5","5","1","20","9","1.5","5","honest-4","honest","incumbent","ADMITTED","ADMITTED","9","9","0","4","4.882922989522995","1.5","0.7462875490779619","0.8370070466491786","0.6465358545084627","0.6465358545084627","0.1157982362815884","0.29254799703263074","50","50","50","0","0","False","0","0.0","0","32.722102880477905","50","50","50.0","","","moderate_shadow"
"fashion_mnist","20","2","mixed_maturity","access_no_limited","dirichlet_lcb","benign_concept_drift","0.5","3","2","5","5","1","20","9","1.5","5","honest-5","honest","incumbent","ADMITTED","ADMITTED","9","9","0","4","4.882922989522995","1.5","0.7462875490779619","0.8370070466491786","0.6465358545084627","0.6465358545084627","0.1157982362815884","0.29254799703263074","50","50","50","0","0","False","0","0.0","0","32.97732925415039","50","50","50.0","","","moderate_shadow"
"fashion_mnist","20","2","mixed_maturity","access_no_limited","dirichlet_lcb","benign_concept_drift","0.5","3","2","5","5","1","20","9","1.5","5","honest-6","honest","incumbent","ADMITTED","ADMITTED","9","9","0","4","4.882922989522995","1.5","0.7462875490779619","0.8370070466491786","0.6465358545084627","0.6465358545084627","0.1157982362815884","0.29254799703263074","50","50","50","0","0","False","0","0.0","0","33.138458490371704","50","50","50.0","","","moderate_shadow"
"fashion_mnist","20","2","mixed_maturity","access_no_limited","dirichlet_lcb","benign_concept_drift","0.5","3","2","5","5","1","20","9","1.5","5","honest-7","honest","incumbent","ADMITTED","ADMITTED","9","9","0","4","4.882922989522995","1.5","0.7462875490779619","0.8370070466491786","0.6465358545084627","0.6465358545084627","0.1157982362815884","0.29254799703263074","50","50","50","0","0","False","0","0.0","0","3.3960437774658203","50","50","50.0","","","moderate_shadow"
"fashion_mnist","20","2","mixed_maturity","access_no_limited","dirichlet_lcb","benign_concept_drift","0.5","3","2","5","5","1","20","9","1.5","5","honest-8","honest","incumbent","ADMITTED","ADMITTED","9","9","0","4","4.882922989522995","1.5","0.7462875490779619","0.8370070466491786","0.6465358545084627","0.6465358545084627","0.1157982362815884","0.29254799703263074","50","50","50","0","0","False","0","0.0","0","3.2718899250030518","50","50","50.0","","","moderate_shadow"
"fashion_mnist","20","2","mixed_maturity","access_no_limited","dirichlet_lcb","benign_concept_drift","0.5","3","2","5","5","1","20","9","1.5","5","honest-9","honest","incumbent","ADMITTED","ADMITTED","9","9","0","4","4.882922989522995","1.5","0.7462875490779619","0.8370070466491786","0.6465358545084627","0.6465358545084627","0.1157982362815884","0.29254799703263074","50","50","50","0","0","False","0","0.0","0","3.0260446071624756","50","50","50.0","","","moderate_shadow"
"fashion_mnist","20","2","mixed_maturity","access_no_limited","dirichlet_lcb","benign_concept_drift","0.5","4","2","5","5","1","20","9","1.5","5","attacker-1","benign_concept_drift","newcomer","ADMITTED","ADMITTED","9","9","0","4","4.882922989522995","1.5","0.7462875490779619","0.8370070466491786","0.6465358545084627","0.6465358545084627","0.1157982362815884","0.29254799703263074","50","50","50","0","0","False","0","0.0","0","3.329251766204834","50","50","50.0","","","moderate_shadow"
"fashion_mnist","20","2","mixed_maturity","access_no_limited","dirichlet_lcb","benign_concept_drift","0.5","4","2","5","5","1","20","9","1.5","5","attacker-2","benign_concept_drift","newcomer","ADMITTED","ADMITTED","9","9","0","4","4.882922989522995","1.5","0.7462875490779619","0.8370070466491786","0.6465358545084627","0.6465358545084627","0.1157982362815884","0.29254799703263074","50","50","50","0","0","False","0","0.0","0","3.3953559398651123","50","50","50.0","","","moderate_shadow"
"fashion_mnist","20","2","mixed_maturity","access_no_limited","dirichlet_lcb","benign_concept_drift","0.5","4","2","5","5","1","20","9","1.5","5","honest-1","honest","incumbent","ADMITTED","ADMITTED","9","9","0","4","4.882922989522995","1.5","0.7462875490779619","0.8370070466491786","0.6465358545084627","0.6465358545084627","0.1157982362815884","0.29254799703263074","50","50","50","0","0","False","0","0.0","0","3.1862452030181885","50","50","50.0","","","moderate_shadow"
"fashion_mnist","20","2","mixed_maturity","access_no_limited","dirichlet_lcb","benign_concept_drift","0.5","4","2","5","5","1","20","9","1.5","5","honest-10","honest","incumbent","ADMITTED","ADMITTED","9","9","0","4","4.882922989522995","1.5","0.7462875490779619","0.8370070466491786","0.6465358545084627","0.6465358545084627","0.1157982362815884","0.29254799703263074","50","50","50","0","0","False","0","0.0","0","62.661003828048706","50","50","50.0","","","moderate_shadow"
"fashion_mnist","20","2","mixed_maturity","access_no_limited","dirichlet_lcb","benign_concept_drift","0.5","4","2","5","5","1","20","9","1.5","5","honest-11","honest","incumbent","ADMITTED","ADMITTED","9","9","0","4","4.882922989522995","1.5","0.7462875490779619","0.8370070466491786","0.6465358545084627","0.6465358545084627","0.1157982362815884","0.29254799703263074","50","50","50","0","0","False","0","0.0","0","2.5551345348358154","50","50","50.0","","","moderate_shadow"
"fashion_mnist","20","2","mixed_maturity","access_no_limited","dirichlet_lcb","benign_concept_drift","0.5","4","2","5","5","1","20","9","1.5","5","honest-12","honest","incumbent","ADMITTED","ADMITTED","9","9","0","4","4.882922989522995","1.5","0.7462875490779619","0.8370070466491786","0.6465358545084627","0.6465358545084627","0.1157982362815884","0.29254799703263074","50","50","50","0","0","False","0","0.0","0","3.1446709632873535","50","50","50.0","","","moderate_shadow"
"fashion_mnist","20","2","mixed_maturity","access_no_limited","dirichlet_lcb","benign_concept_drift","0.5","4","2","5","5","1","20","9","1.5","5","honest-13","honest","incumbent","ADMITTED","ADMITTED","9","9","0","4","4.882922989522995","1.5","0.7462875490779619","0.8370070466491786","0.6465358545084627","0.6465358545084627","0.1157982362815884","0.29254799703263074","50","50","50","0","0","False","0","0.0","0","2.396055221557617","50","50","50.0","","","moderate_shadow"
"fashion_mnist","20","2","mixed_maturity","access_no_limited","dirichlet_lcb","benign_concept_drift","0.5","4","2","5","5","1","20","9","1.5","5","honest-14","honest","incumbent","ADMITTED","ADMITTED","9","9","0","4","4.882922989522995","1.5","0.7462875490779619","0.8370070466491786","0.6465358545084627","0.6465358545084627","0.1157982362815884","0.29254799703263074","50","50","50","0","0","False","0","0.0","0","2.8002946376800537","50","50","50.0","","","moderate_shadow"
"fashion_mnist","20","2","mixed_maturity","access_no_limited","dirichlet_lcb","benign_concept_drift","0.5","4","2","5","5","1","20","9","1.5","5","honest-15","honest","incumbent","ADMITTED","ADMITTED","9","9","0","4","4.882922989522995","1.5","0.7462875490779619","0.8370070466491786","0.6465358545084627","0.6465358545084627","0.1157982362815884","0.29254799703263074","50","50","50","0","0","False","0","0.0","0","2.8326518535614014","50","50","50.0","","","moderate_shadow"
"fashion_mnist","20","2","mixed_maturity","access_no_limited","dirichlet_lcb","benign_concept_drift","0.5","4","2","5","5","1","20","9","1.5","5","honest-16","honest","incumbent","ADMITTED","ADMITTED","9","9","0","4","4.882922989522995","1.5","0.7462875490779619","0.8370070466491786","0.6465358545084627","0.6465358545084627","0.1157982362815884","0.29254799703263074","50","50","50","0","0","False","0","0.0","0","2.696607828140259","50","50","50.0","","","moderate_shadow"
"fashion_mnist","20","2","mixed_maturity","access_no_limited","dirichlet_lcb","benign_concept_drift","0.5","4","2","5","5","1","20","9","1.5","5","honest-17","honest","incumbent","ADMITTED","ADMITTED","9","9","0","4","4.882922989522995","1.5","0.7462875490779619","0.8370070466491786","0.6465358545084627","0.6465358545084627","0.1157982362815884","0.29254799703263074","50","50","50","0","0","False","0","0.0","0","2.5037801265716553","50","50","50.0","","","moderate_shadow"
"fashion_mnist","20","2","mixed_maturity","access_no_limited","dirichlet_lcb","benign_concept_drift","0.5","4","2","5","5","1","20","9","1.5","5","honest-18","honest","incumbent","ADMITTED","ADMITTED","9","9","0","4","4.882922989522995","1.5","0.7462875490779619","0.8370070466491786","0.6465358545084627","0.6465358545084627","0.1157982362815884","0.29254799703263074","50","50","50","0","0","False","0","0.0","0","2.453939914703369","50","50","50.0","","","moderate_shadow"
"fashion_mnist","20","2","mixed_maturity","access_no_limited","dirichlet_lcb","benign_concept_drift","0.5","4","2","5","5","1","20","9","1.5","5","honest-2","honest","incumbent","ADMITTED","ADMITTED","9","9","0","4","4.882922989522995","1.5","0.7262875490779619","0.8370070466491786","0.6465358545084627","0.6465358545084627","0.1157982362815884","0.29254799703263074","50","50","50","0","0","False","0","0.0","0","32.87334394454956","50","50","50.0","","","moderate_shadow"
"fashion_mnist","20","2","mixed_maturity","access_no_limited","dirichlet_lcb","benign_concept_drift","0.5","4","2","5","5","1","20","9","1.5","5","honest-3","honest","incumbent","ADMITTED","ADMITTED","9","9","0","3","5.004489238881761","1.5","0.7503560216234088","0.8430201361031787","0.6581600617811678","0.6581600617811678","0.11238691964272261","0.3041175807403508","50","50","50","0","0","False","0","0.0","0","32.195934534072876","50","50","50.0","","","moderate_shadow"
"fashion_mnist","20","2","mixed_maturity","access_no_limited","dirichlet_lcb","benign_concept_drift","0.5","4","2","5","5","1","20","9","1.5","5","honest-4","honest","incumbent","ADMITTED","ADMITTED","9","9","0","4","4.882922989522995","1.5","0.7462875490779619","0.8370070466491786","0.6465358545084627","0.6465358545084627","0.1157982362815884","0.29254799703263074","50","50","50","0","0","False","0","0.0","0","33.09853720664978","50","50","50.0","","","moderate_shadow"
"fashion_mnist","20","2","mixed_maturity","access_no_limited","dirichlet_lcb","benign_concept_drift","0.5","4","2","5","5","1","20","9","1.5","5","honest-5","honest","incumbent","ADMITTED","ADMITTED","9","9","0","4","4.882922989522995","1.5","0.7462875490779619","0.8370070466491786","0.6465358545084627","0.6465358545084627","0.1157982362815884","0.29254799703263074","50","50","50","0","0","False","0","0.0","0","3.098449945449829","50","50","50.0","","","moderate_shadow"
"fashion_mnist","20","2","mixed_maturity","access_no_limited","dirichlet_lcb","benign_concept_drift","0.5","4","2","5","5","1","20","9","1.5","5","honest-6","honest","incumbent","ADMITTED","ADMITTED","9","9","0","4","4.882922989522995","1.5","0.7462875490779619","0.8370070466491786","0.6465358545084627","0.6465358545084627","0.1157982362815884","0.29254799703263074","50","50","50","0","0","False","0","0.0","0","2.493128776550293","50","50","50.0","","","moderate_shadow"
"fashion_mnist","20","2","mixed_maturity","access_no_limited","dirichlet_lcb","benign_concept_drift","0.5","4","2","5","5","1","20","9","1.5","5","honest-7","honest","incumbent","ADMITTED","ADMITTED","9","9","0","4","4.882922989522995","1.5","0.7462875490779619","0.8370070466491786","0.6465358545084627","0.6465358545084627","0.1157982362815884","0.29254799703263074","50","50","50","0","0","False","0","0.0","0","3.0947067737579346","50","50","50.0","","","moderate_shadow"
"fashion_mnist","20","2","mixed_maturity","access_no_limited","dirichlet_lcb","benign_concept_drift","0.5","4","2","5","5","1","20","9","1.5","5","honest-8","honest","incumbent","ADMITTED","ADMITTED","9","9","0","4","4.882922989522995","1.5","0.7462875490779619","0.8370070466491786","0.6465358545084627","0.6465358545084627","0.1157982362815884","0.29254799703263074","50","50","50","0","0","False","0","0.0","0","2.191293954849243","50","50","50.0","","","moderate_shadow"
"fashion_mnist","20","2","mixed_maturity","access_no_limited","dirichlet_lcb","benign_concept_drift","0.5","4","2","5","5","1","20","9","1.5","5","honest-9","honest","incumbent","ADMITTED","ADMITTED","9","9","0","4","4.882922989522995","1.5","0.7462875490779619","0.8370070466491786","0.6465358545084627","0.6465358545084627","0.1157982362815884","0.29254799703263074","50","50","50","0","0","False","0","0.0","0","2.843212604522705","50","50","50.0","","","moderate_shadow"
