dataset,client_count,attacker_count,cohort_mode,variant,trust_estimator,attack_scenario,noniid_alpha,repeat,round,configured_access_lease_full_updates,accuracy,backdoor_asr,target_effective_aggregation_share,target_returned_updates,target_aggregated_updates,target_observed_node_rate,target_limited_rate,target_admitted_rate,target_rffl_removals,target_lease_expirations,target_lease_renewals,lease_full_updates
cifar10,20,2,mixed_maturity,access_freshness_lease,dirichlet_lcb,benign_concept_drift,0.5,0,1,5,0.1545,0.0,0.0441792229218223,2,2,1.0,1.0,0.0,0,0,0,5
cifar10,20,2,mixed_maturity,access_freshness_lease,dirichlet_lcb,benign_concept_drift,0.5,0,2,5,0.193,0.405,0.0441792229218223,2,2,1.0,1.0,0.0,0,0,0,5
cifar10,20,2,mixed_maturity,access_freshness_lease,dirichlet_lcb,benign_concept_drift,0.5,0,3,5,0.207,0.0005555555555555556,0.0441792229218223,2,2,1.0,1.0,0.0,0,0,0,5
cifar10,20,2,mixed_maturity,access_freshness_lease,dirichlet_lcb,benign_concept_drift,0.5,0,4,5,0.236,0.058333333333333334,0.044179222921822296,2,2,1.0,1.0,0.0,0,0,0,5
cifar10,20,2,mixed_maturity,access_freshness_lease,dirichlet_lcb,benign_concept_drift,0.5,0,5,5,0.2795,0.04,0.08462,2,2,1.0,0.0,1.0,0,0,0,5
cifar10,20,2,mixed_maturity,access_freshness_lease,dirichlet_lcb,benign_concept_drift,0.5,0,6,5,0.28,0.011666666666666667,0.08462,2,2,1.0,0.0,1.0,0,0,0,5
cifar10,20,2,mixed_maturity,access_freshness_lease,dirichlet_lcb,benign_concept_drift,0.5,0,7,5,0.2735,0.021111111111111112,0.08461999999999999,2,2,1.0,0.0,1.0,0,0,0,5
cifar10,20,2,mixed_maturity,access_freshness_lease,dirichlet_lcb,benign_concept_drift,0.5,0,8,5,0.296,0.07944444444444444,0.08461999999999999,2,2,1.0,0.0,1.0,0,0,0,5
cifar10,20,2,mixed_maturity,access_freshness_lease,dirichlet_lcb,benign_concept_drift,0.5,0,9,5,0.2995,0.015,0.08461999999999999,2,2,1.0,0.0,1.0,0,0,0,5
cifar10,20,2,mixed_maturity,access_freshness_lease,dirichlet_lcb,benign_concept_drift,0.5,0,10,5,0.255,0.013888888888888888,0.0441792229218223,2,2,1.0,1.0,0.0,0,2,0,5
cifar10,20,2,mixed_maturity,access_freshness_lease,dirichlet_lcb,benign_concept_drift,0.5,0,11,5,0.2945,0.04722222222222222,0.0441792229218223,2,2,1.0,1.0,0.0,0,0,0,5
cifar10,20,2,mixed_maturity,access_freshness_lease,dirichlet_lcb,benign_concept_drift,0.5,0,12,5,0.3215,0.07166666666666667,0.0441792229218223,2,2,1.0,1.0,0.0,0,0,0,5
cifar10,20,2,mixed_maturity,access_freshness_lease,dirichlet_lcb,benign_concept_drift,0.5,0,13,5,0.2945,0.05555555555555555,0.044179222921822296,2,2,1.0,1.0,0.0,0,0,0,5
cifar10,20,2,mixed_maturity,access_freshness_lease,dirichlet_lcb,benign_concept_drift,0.5,0,14,5,0.3125,0.06388888888888888,0.04417922292182231,2,2,1.0,1.0,0.0,0,0,0,5
cifar10,20,2,mixed_maturity,access_freshness_lease,dirichlet_lcb,benign_concept_drift,0.5,0,15,5,0.317,0.021666666666666667,0.08462,2,2,1.0,0.0,1.0,0,0,2,5
cifar10,20,2,mixed_maturity,access_freshness_lease,dirichlet_lcb,benign_concept_drift,0.5,0,16,5,0.3145,0.11222222222222222,0.08462,2,2,1.0,0.0,1.0,0,0,0,5
cifar10,20,2,mixed_maturity,access_freshness_lease,dirichlet_lcb,benign_concept_drift,0.5,0,17,5,0.3495,0.03666666666666667,0.08462,2,2,1.0,0.0,1.0,0,0,0,5
cifar10,20,2,mixed_maturity,access_freshness_lease,dirichlet_lcb,benign_concept_drift,0.5,0,18,5,0.3295,0.15777777777777777,0.08462,2,2,1.0,0.0,1.0,0,0,0,5
cifar10,20,2,mixed_maturity,access_freshness_lease,dirichlet_lcb,benign_concept_drift,0.5,0,19,5,0.305,0.17888888888888888,0.08462,2,2,1.0,0.0,1.0,0,0,0,5
cifar10,20,2,mixed_maturity,access_freshness_lease,dirichlet_lcb,benign_concept_drift,0.5,0,20,5,0.322,0.03388888888888889,0.0441792229218223,2,2,1.0,1.0,0.0,0,2,0,5
cifar10,20,2,mixed_maturity,access_freshness_lease,dirichlet_lcb,benign_concept_drift,0.5,0,21,5,0.317,0.04722222222222222,0.044179222921822296,2,2,1.0,1.0,0.0,0,0,0,5
cifar10,20,2,mixed_maturity,access_freshness_lease,dirichlet_lcb,benign_concept_drift,0.5,0,22,5,0.306,0.12277777777777778,0.044179222921822296,2,2,1.0,1.0,0.0,0,0,0,5
cifar10,20,2,mixed_maturity,access_freshness_lease,dirichlet_lcb,benign_concept_drift,0.5,0,23,5,0.299,0.03333333333333333,0.0441792229218223,2,2,1.0,1.0,0.0,0,0,0,5
cifar10,20,2,mixed_maturity,access_freshness_lease,dirichlet_lcb,benign_concept_drift,0.5,0,24,5,0.3065,0.07555555555555556,0.0441792229218223,2,2,1.0,1.0,0.0,0,0,0,5
cifar10,20,2,mixed_maturity,access_freshness_lease,dirichlet_lcb,benign_concept_drift,0.5,0,25,5,0.324,0.041666666666666664,0.08462,2,2,1.0,0.0,1.0,0,0,2,5
cifar10,20,2,mixed_maturity,access_freshness_lease,dirichlet_lcb,benign_concept_drift,0.5,0,26,5,0.327,0.09055555555555556,0.08461999999999999,2,2,1.0,0.0,1.0,0,0,0,5
cifar10,20,2,mixed_maturity,access_freshness_lease,dirichlet_lcb,benign_concept_drift,0.5,0,27,5,0.336,0.027777777777777776,0.08462000000000001,2,2,1.0,0.0,1.0,0,0,0,5
cifar10,20,2,mixed_maturity,access_freshness_lease,dirichlet_lcb,benign_concept_drift,0.5,0,28,5,0.3325,0.03166666666666667,0.08461999999999999,2,2,1.0,0.0,1.0,0,0,0,5
cifar10,20,2,mixed_maturity,access_freshness_lease,dirichlet_lcb,benign_concept_drift,0.5,0,29,5,0.3225,0.042222222222222223,0.08462,2,2,1.0,0.0,1.0,0,0,0,5
cifar10,20,2,mixed_maturity,access_freshness_lease,dirichlet_lcb,benign_concept_drift,0.5,0,30,5,0.3605,0.12055555555555555,0.0441792229218223,2,2,1.0,1.0,0.0,0,2,0,5
cifar10,20,2,mixed_maturity,access_freshness_lease,dirichlet_lcb,benign_concept_drift,0.5,0,31,5,0.3195,0.0011111111111111111,0.04417922292182231,2,2,1.0,1.0,0.0,0,0,0,5
cifar10,20,2,mixed_maturity,access_freshness_lease,dirichlet_lcb,benign_concept_drift,0.5,0,32,5,0.323,0.08944444444444444,0.0441792229218223,2,2,1.0,1.0,0.0,0,0,0,5
cifar10,20,2,mixed_maturity,access_freshness_lease,dirichlet_lcb,benign_concept_drift,0.5,0,33,5,0.346,0.06555555555555556,0.0441792229218223,2,2,1.0,1.0,0.0,0,0,0,5
cifar10,20,2,mixed_maturity,access_freshness_lease,dirichlet_lcb,benign_concept_drift,0.5,0,34,5,0.3375,0.08722222222222223,0.044179222921822296,2,2,1.0,1.0,0.0,0,0,0,5
cifar10,20,2,mixed_maturity,access_freshness_lease,dirichlet_lcb,benign_concept_drift,0.5,0,35,5,0.328,0.013333333333333334,0.08462000000000001,2,2,1.0,0.0,1.0,0,0,2,5
cifar10,20,2,mixed_maturity,access_freshness_lease,dirichlet_lcb,benign_concept_drift,0.5,0,36,5,0.343,0.07555555555555556,0.08462,2,2,1.0,0.0,1.0,0,0,0,5
cifar10,20,2,mixed_maturity,access_freshness_lease,dirichlet_lcb,benign_concept_drift,0.5,0,37,5,0.3435,0.021111111111111112,0.08462,2,2,1.0,0.0,1.0,0,0,0,5
cifar10,20,2,mixed_maturity,access_freshness_lease,dirichlet_lcb,benign_concept_drift,0.5,0,38,5,0.3645,0.12777777777777777,0.08462,2,2,1.0,0.0,1.0,0,0,0,5
cifar10,20,2,mixed_maturity,access_freshness_lease,dirichlet_lcb,benign_concept_drift,0.5,0,39,5,0.3695,0.04722222222222222,0.08462,2,2,1.0,0.0,1.0,0,0,0,5
cifar10,20,2,mixed_maturity,access_freshness_lease,dirichlet_lcb,benign_concept_drift,0.5,0,40,5,0.3445,0.22277777777777777,0.0441792229218223,2,2,1.0,1.0,0.0,0,2,0,5
cifar10,20,2,mixed_maturity,access_freshness_lease,dirichlet_lcb,benign_concept_drift,0.5,0,41,5,0.3545,0.085,0.044179222921822296,2,2,1.0,1.0,0.0,0,0,0,5
cifar10,20,2,mixed_maturity,access_freshness_lease,dirichlet_lcb,benign_concept_drift,0.5,0,42,5,0.367,0.05388888888888889,0.0441792229218223,2,2,1.0,1.0,0.0,0,0,0,5
cifar10,20,2,mixed_maturity,access_freshness_lease,dirichlet_lcb,benign_concept_drift,0.5,0,43,5,0.3525,0.02277777777777778,0.0441792229218223,2,2,1.0,1.0,0.0,0,0,0,5
cifar10,20,2,mixed_maturity,access_freshness_lease,dirichlet_lcb,benign_concept_drift,0.5,0,44,5,0.3745,0.04388888888888889,0.0441792229218223,2,2,1.0,1.0,0.0,0,0,0,5
cifar10,20,2,mixed_maturity,access_freshness_lease,dirichlet_lcb,benign_concept_drift,0.5,0,45,5,0.3385,0.09222222222222222,0.08462,2,2,1.0,0.0,1.0,0,0,2,5
cifar10,20,2,mixed_maturity,access_freshness_lease,dirichlet_lcb,benign_concept_drift,0.5,0,46,5,0.307,0.08,0.08462000000000001,2,2,1.0,0.0,1.0,0,0,0,5
cifar10,20,2,mixed_maturity,access_freshness_lease,dirichlet_lcb,benign_concept_drift,0.5,0,47,5,0.342,0.09777777777777778,0.08462,2,2,1.0,0.0,1.0,0,0,0,5
cifar10,20,2,mixed_maturity,access_freshness_lease,dirichlet_lcb,benign_concept_drift,0.5,0,48,5,0.3545,0.043333333333333335,0.08462,2,2,1.0,0.0,1.0,0,0,0,5
cifar10,20,2,mixed_maturity,access_freshness_lease,dirichlet_lcb,benign_concept_drift,0.5,0,49,5,0.356,0.09833333333333333,0.08462,2,2,1.0,0.0,1.0,0,0,0,5
cifar10,20,2,mixed_maturity,access_freshness_lease,dirichlet_lcb,benign_concept_drift,0.5,0,50,5,0.358,0.041666666666666664,0.044179222921822296,2,2,1.0,1.0,0.0,0,2,0,5
cifar10,20,2,mixed_maturity,access_freshness_lease,dirichlet_lcb,benign_concept_drift,0.5,1,1,5,0.21,0.14666666666666667,0.010101010101010102,2,2,1.0,1.0,0.0,0,0,0,5
cifar10,20,2,mixed_maturity,access_freshness_lease,dirichlet_lcb,benign_concept_drift,0.5,1,2,5,0.156,0.03277777777777778,0.0101010101010101,2,2,1.0,1.0,0.0,0,0,0,5
cifar10,20,2,mixed_maturity,access_freshness_lease,dirichlet_lcb,benign_concept_drift,0.5,1,3,5,0.1965,0.0016666666666666668,0.0101010101010101,2,2,1.0,1.0,0.0,0,0,0,5
cifar10,20,2,mixed_maturity,access_freshness_lease,dirichlet_lcb,benign_concept_drift,0.5,1,4,5,0.244,0.06166666666666667,0.010101010101010098,2,2,1.0,1.0,0.0,0,0,0,5
cifar10,20,2,mixed_maturity,access_freshness_lease,dirichlet_lcb,benign_concept_drift,0.5,1,5,5,0.2755,0.04722222222222222,0.02,2,2,1.0,0.0,1.0,0,0,0,5
cifar10,20,2,mixed_maturity,access_freshness_lease,dirichlet_lcb,benign_concept_drift,0.5,1,6,5,0.298,0.13111111111111112,0.02,2,2,1.0,0.0,1.0,0,0,0,5
cifar10,20,2,mixed_maturity,access_freshness_lease,dirichlet_lcb,benign_concept_drift,0.5,1,7,5,0.2885,0.17055555555555554,0.02,2,2,1.0,0.0,1.0,0,0,0,5
cifar10,20,2,mixed_maturity,access_freshness_lease,dirichlet_lcb,benign_concept_drift,0.5,1,8,5,0.297,0.15777777777777777,0.02,2,2,1.0,0.0,1.0,0,0,0,5
cifar10,20,2,mixed_maturity,access_freshness_lease,dirichlet_lcb,benign_concept_drift,0.5,1,9,5,0.277,0.14722222222222223,0.02,2,2,1.0,0.0,1.0,0,0,0,5
cifar10,20,2,mixed_maturity,access_freshness_lease,dirichlet_lcb,benign_concept_drift,0.5,1,10,5,0.299,0.05444444444444444,0.010101010101010098,2,2,1.0,1.0,0.0,0,2,0,5
cifar10,20,2,mixed_maturity,access_freshness_lease,dirichlet_lcb,benign_concept_drift,0.5,1,11,5,0.3135,0.04777777777777778,0.0101010101010101,2,2,1.0,1.0,0.0,0,0,0,5
cifar10,20,2,mixed_maturity,access_freshness_lease,dirichlet_lcb,benign_concept_drift,0.5,1,12,5,0.3195,0.010555555555555556,0.010101010101010102,2,2,1.0,1.0,0.0,0,0,0,5
cifar10,20,2,mixed_maturity,access_freshness_lease,dirichlet_lcb,benign_concept_drift,0.5,1,13,5,0.3025,0.02277777777777778,0.0101010101010101,2,2,1.0,1.0,0.0,0,0,0,5
cifar10,20,2,mixed_maturity,access_freshness_lease,dirichlet_lcb,benign_concept_drift,0.5,1,14,5,0.298,0.3188888888888889,0.0101010101010101,2,2,1.0,1.0,0.0,0,0,0,5
cifar10,20,2,mixed_maturity,access_freshness_lease,dirichlet_lcb,benign_concept_drift,0.5,1,15,5,0.281,0.002777777777777778,0.02,2,2,1.0,0.0,1.0,0,0,2,5
cifar10,20,2,mixed_maturity,access_freshness_lease,dirichlet_lcb,benign_concept_drift,0.5,1,16,5,0.334,0.009444444444444445,0.02,2,2,1.0,0.0,1.0,0,0,0,5
cifar10,20,2,mixed_maturity,access_freshness_lease,dirichlet_lcb,benign_concept_drift,0.5,1,17,5,0.288,0.17722222222222223,0.02,2,2,1.0,0.0,1.0,0,0,0,5
cifar10,20,2,mixed_maturity,access_freshness_lease,dirichlet_lcb,benign_concept_drift,0.5,1,18,5,0.2955,0.22666666666666666,0.02,2,2,1.0,0.0,1.0,0,0,0,5
cifar10,20,2,mixed_maturity,access_freshness_lease,dirichlet_lcb,benign_concept_drift,0.5,1,19,5,0.3205,0.034444444444444444,0.02,2,2,1.0,0.0,1.0,0,0,0,5
cifar10,20,2,mixed_maturity,access_freshness_lease,dirichlet_lcb,benign_concept_drift,0.5,1,20,5,0.2925,0.06055555555555556,0.0101010101010101,2,2,1.0,1.0,0.0,0,2,0,5
cifar10,20,2,mixed_maturity,access_freshness_lease,dirichlet_lcb,benign_concept_drift,0.5,1,21,5,0.32,0.12,0.0101010101010101,2,2,1.0,1.0,0.0,0,0,0,5
cifar10,20,2,mixed_maturity,access_freshness_lease,dirichlet_lcb,benign_concept_drift,0.5,1,22,5,0.3315,0.04111111111111111,0.0101010101010101,2,2,1.0,1.0,0.0,0,0,0,5
cifar10,20,2,mixed_maturity,access_freshness_lease,dirichlet_lcb,benign_concept_drift,0.5,1,23,5,0.3145,0.0005555555555555556,0.0101010101010101,2,2,1.0,1.0,0.0,0,0,0,5
cifar10,20,2,mixed_maturity,access_freshness_lease,dirichlet_lcb,benign_concept_drift,0.5,1,24,5,0.2885,0.02722222222222222,0.0101010101010101,2,2,1.0,1.0,0.0,0,0,0,5
cifar10,20,2,mixed_maturity,access_freshness_lease,dirichlet_lcb,benign_concept_drift,0.5,1,25,5,0.336,0.06111111111111111,0.020000000000000004,2,2,1.0,0.0,1.0,0,0,2,5
cifar10,20,2,mixed_maturity,access_freshness_lease,dirichlet_lcb,benign_concept_drift,0.5,1,26,5,0.341,0.08277777777777778,0.02,2,2,1.0,0.0,1.0,0,0,0,5
cifar10,20,2,mixed_maturity,access_freshness_lease,dirichlet_lcb,benign_concept_drift,0.5,1,27,5,0.3065,0.06277777777777778,0.02,2,2,1.0,0.0,1.0,0,0,0,5
cifar10,20,2,mixed_maturity,access_freshness_lease,dirichlet_lcb,benign_concept_drift,0.5,1,28,5,0.337,0.025,0.02,2,2,1.0,0.0,1.0,0,0,0,5
cifar10,20,2,mixed_maturity,access_freshness_lease,dirichlet_lcb,benign_concept_drift,0.5,1,29,5,0.3355,0.10222222222222223,0.02,2,2,1.0,0.0,1.0,0,0,0,5
cifar10,20,2,mixed_maturity,access_freshness_lease,dirichlet_lcb,benign_concept_drift,0.5,1,30,5,0.347,0.07666666666666666,0.0101010101010101,2,2,1.0,1.0,0.0,0,2,0,5
cifar10,20,2,mixed_maturity,access_freshness_lease,dirichlet_lcb,benign_concept_drift,0.5,1,31,5,0.313,0.1,0.0101010101010101,2,2,1.0,1.0,0.0,0,0,0,5
cifar10,20,2,mixed_maturity,access_freshness_lease,dirichlet_lcb,benign_concept_drift,0.5,1,32,5,0.3105,0.08277777777777778,0.0101010101010101,2,2,1.0,1.0,0.0,0,0,0,5
cifar10,20,2,mixed_maturity,access_freshness_lease,dirichlet_lcb,benign_concept_drift,0.5,1,33,5,0.3405,0.175,0.010101010101010102,2,2,1.0,1.0,0.0,0,0,0,5
cifar10,20,2,mixed_maturity,access_freshness_lease,dirichlet_lcb,benign_concept_drift,0.5,1,34,5,0.3345,0.0044444444444444444,0.0101010101010101,2,2,1.0,1.0,0.0,0,0,0,5
cifar10,20,2,mixed_maturity,access_freshness_lease,dirichlet_lcb,benign_concept_drift,0.5,1,35,5,0.3535,0.055,0.02,2,2,1.0,0.0,1.0,0,0,2,5
cifar10,20,2,mixed_maturity,access_freshness_lease,dirichlet_lcb,benign_concept_drift,0.5,1,36,5,0.321,0.03722222222222222,0.02,2,2,1.0,0.0,1.0,0,0,0,5
cifar10,20,2,mixed_maturity,access_freshness_lease,dirichlet_lcb,benign_concept_drift,0.5,1,37,5,0.3405,0.014444444444444444,0.02,2,2,1.0,0.0,1.0,0,0,0,5
cifar10,20,2,mixed_maturity,access_freshness_lease,dirichlet_lcb,benign_concept_drift,0.5,1,38,5,0.3325,0.17555555555555555,0.02,2,2,1.0,0.0,1.0,0,0,0,5
cifar10,20,2,mixed_maturity,access_freshness_lease,dirichlet_lcb,benign_concept_drift,0.5,1,39,5,0.347,0.042222222222222223,0.02,2,2,1.0,0.0,1.0,0,0,0,5
cifar10,20,2,mixed_maturity,access_freshness_lease,dirichlet_lcb,benign_concept_drift,0.5,1,40,5,0.361,0.07388888888888889,0.010101010101010098,2,2,1.0,1.0,0.0,0,2,0,5
cifar10,20,2,mixed_maturity,access_freshness_lease,dirichlet_lcb,benign_concept_drift,0.5,1,41,5,0.335,0.07833333333333334,0.0101010101010101,2,2,1.0,1.0,0.0,0,0,0,5
cifar10,20,2,mixed_maturity,access_freshness_lease,dirichlet_lcb,benign_concept_drift,0.5,1,42,5,0.317,0.007222222222222222,0.0101010101010101,2,2,1.0,1.0,0.0,0,0,0,5
cifar10,20,2,mixed_maturity,access_freshness_lease,dirichlet_lcb,benign_concept_drift,0.5,1,43,5,0.356,0.09777777777777778,0.010101010101010102,2,2,1.0,1.0,0.0,0,0,0,5
cifar10,20,2,mixed_maturity,access_freshness_lease,dirichlet_lcb,benign_concept_drift,0.5,1,44,5,0.353,0.07,0.010101010101010102,2,2,1.0,1.0,0.0,0,0,0,5
cifar10,20,2,mixed_maturity,access_freshness_lease,dirichlet_lcb,benign_concept_drift,0.5,1,45,5,0.354,0.051111111111111114,0.02,2,2,1.0,0.0,1.0,0,0,2,5
cifar10,20,2,mixed_maturity,access_freshness_lease,dirichlet_lcb,benign_concept_drift,0.5,1,46,5,0.3595,0.03111111111111111,0.02,2,2,1.0,0.0,1.0,0,0,0,5
cifar10,20,2,mixed_maturity,access_freshness_lease,dirichlet_lcb,benign_concept_drift,0.5,1,47,5,0.349,0.035,0.02,2,2,1.0,0.0,1.0,0,0,0,5
cifar10,20,2,mixed_maturity,access_freshness_lease,dirichlet_lcb,benign_concept_drift,0.5,1,48,5,0.3445,0.027777777777777776,0.02,2,2,1.0,0.0,1.0,0,0,0,5
cifar10,20,2,mixed_maturity,access_freshness_lease,dirichlet_lcb,benign_concept_drift,0.5,1,49,5,0.3275,0.045,0.02,2,2,1.0,0.0,1.0,0,0,0,5
cifar10,20,2,mixed_maturity,access_freshness_lease,dirichlet_lcb,benign_concept_drift,0.5,1,50,5,0.3495,0.165,0.0101010101010101,2,2,1.0,1.0,0.0,0,2,0,5
cifar10,20,2,mixed_maturity,access_freshness_lease,dirichlet_lcb,benign_concept_drift,0.5,2,1,5,0.1575,0.0,0.04668201800293071,2,2,1.0,1.0,0.0,0,0,0,5
cifar10,20,2,mixed_maturity,access_freshness_lease,dirichlet_lcb,benign_concept_drift,0.5,2,2,5,0.2555,0.16833333333333333,0.04668201800293071,2,2,1.0,1.0,0.0,0,0,0,5
cifar10,20,2,mixed_maturity,access_freshness_lease,dirichlet_lcb,benign_concept_drift,0.5,2,3,5,0.226,0.0005555555555555556,0.04668201800293072,2,2,1.0,1.0,0.0,0,0,0,5
cifar10,20,2,mixed_maturity,access_freshness_lease,dirichlet_lcb,benign_concept_drift,0.5,2,4,5,0.239,0.0022222222222222222,0.04668201800293071,2,2,1.0,1.0,0.0,0,0,0,5
cifar10,20,2,mixed_maturity,access_freshness_lease,dirichlet_lcb,benign_concept_drift,0.5,2,5,5,0.2695,0.17888888888888888,0.0892,2,2,1.0,0.0,1.0,0,0,0,5
cifar10,20,2,mixed_maturity,access_freshness_lease,dirichlet_lcb,benign_concept_drift,0.5,2,6,5,0.243,0.25333333333333335,0.08920000000000002,2,2,1.0,0.0,1.0,0,0,0,5
cifar10,20,2,mixed_maturity,access_freshness_lease,dirichlet_lcb,benign_concept_drift,0.5,2,7,5,0.296,0.095,0.0892,2,2,1.0,0.0,1.0,0,0,0,5
cifar10,20,2,mixed_maturity,access_freshness_lease,dirichlet_lcb,benign_concept_drift,0.5,2,8,5,0.3045,0.08555555555555555,0.08920000000000002,2,2,1.0,0.0,1.0,0,0,0,5
cifar10,20,2,mixed_maturity,access_freshness_lease,dirichlet_lcb,benign_concept_drift,0.5,2,9,5,0.2675,0.25,0.08920000000000002,2,2,1.0,0.0,1.0,0,0,0,5
cifar10,20,2,mixed_maturity,access_freshness_lease,dirichlet_lcb,benign_concept_drift,0.5,2,10,5,0.293,0.17833333333333334,0.04668201800293071,2,2,1.0,1.0,0.0,0,2,0,5
cifar10,20,2,mixed_maturity,access_freshness_lease,dirichlet_lcb,benign_concept_drift,0.5,2,11,5,0.2845,0.10888888888888888,0.04668201800293071,2,2,1.0,1.0,0.0,0,0,0,5
cifar10,20,2,mixed_maturity,access_freshness_lease,dirichlet_lcb,benign_concept_drift,0.5,2,12,5,0.2525,0.2011111111111111,0.04668201800293071,2,2,1.0,1.0,0.0,0,0,0,5
cifar10,20,2,mixed_maturity,access_freshness_lease,dirichlet_lcb,benign_concept_drift,0.5,2,13,5,0.309,0.11555555555555555,0.0466820180029307,2,2,1.0,1.0,0.0,0,0,0,5
cifar10,20,2,mixed_maturity,access_freshness_lease,dirichlet_lcb,benign_concept_drift,0.5,2,14,5,0.291,0.13111111111111112,0.04668201800293071,2,2,1.0,1.0,0.0,0,0,0,5
cifar10,20,2,mixed_maturity,access_freshness_lease,dirichlet_lcb,benign_concept_drift,0.5,2,15,5,0.303,0.2477777777777778,0.0892,2,2,1.0,0.0,1.0,0,0,2,5
cifar10,20,2,mixed_maturity,access_freshness_lease,dirichlet_lcb,benign_concept_drift,0.5,2,16,5,0.2755,0.043333333333333335,0.08919999999999999,2,2,1.0,0.0,1.0,0,0,0,5
cifar10,20,2,mixed_maturity,access_freshness_lease,dirichlet_lcb,benign_concept_drift,0.5,2,17,5,0.3015,0.20555555555555555,0.0892,2,2,1.0,0.0,1.0,0,0,0,5
cifar10,20,2,mixed_maturity,access_freshness_lease,dirichlet_lcb,benign_concept_drift,0.5,2,18,5,0.2845,0.050555555555555555,0.0892,2,2,1.0,0.0,1.0,0,0,0,5
cifar10,20,2,mixed_maturity,access_freshness_lease,dirichlet_lcb,benign_concept_drift,0.5,2,19,5,0.3015,0.1111111111111111,0.08920000000000002,2,2,1.0,0.0,1.0,0,0,0,5
cifar10,20,2,mixed_maturity,access_freshness_lease,dirichlet_lcb,benign_concept_drift,0.5,2,20,5,0.332,0.095,0.04668201800293072,2,2,1.0,1.0,0.0,0,2,0,5
cifar10,20,2,mixed_maturity,access_freshness_lease,dirichlet_lcb,benign_concept_drift,0.5,2,21,5,0.3405,0.026111111111111113,0.04668201800293072,2,2,1.0,1.0,0.0,0,0,0,5
cifar10,20,2,mixed_maturity,access_freshness_lease,dirichlet_lcb,benign_concept_drift,0.5,2,22,5,0.3125,0.21888888888888888,0.04668201800293071,2,2,1.0,1.0,0.0,0,0,0,5
cifar10,20,2,mixed_maturity,access_freshness_lease,dirichlet_lcb,benign_concept_drift,0.5,2,23,5,0.3215,0.22722222222222221,0.04668201800293071,2,2,1.0,1.0,0.0,0,0,0,5
cifar10,20,2,mixed_maturity,access_freshness_lease,dirichlet_lcb,benign_concept_drift,0.5,2,24,5,0.3345,0.10166666666666667,0.04668201800293071,2,2,1.0,1.0,0.0,0,0,0,5
cifar10,20,2,mixed_maturity,access_freshness_lease,dirichlet_lcb,benign_concept_drift,0.5,2,25,5,0.3305,0.19111111111111112,0.0892,2,2,1.0,0.0,1.0,0,0,2,5
cifar10,20,2,mixed_maturity,access_freshness_lease,dirichlet_lcb,benign_concept_drift,0.5,2,26,5,0.3395,0.0022222222222222222,0.0892,2,2,1.0,0.0,1.0,0,0,0,5
cifar10,20,2,mixed_maturity,access_freshness_lease,dirichlet_lcb,benign_concept_drift,0.5,2,27,5,0.3245,0.03666666666666667,0.0892,2,2,1.0,0.0,1.0,0,0,0,5
cifar10,20,2,mixed_maturity,access_freshness_lease,dirichlet_lcb,benign_concept_drift,0.5,2,28,5,0.3035,0.1238888888888889,0.0892,2,2,1.0,0.0,1.0,0,0,0,5
cifar10,20,2,mixed_maturity,access_freshness_lease,dirichlet_lcb,benign_concept_drift,0.5,2,29,5,0.33,0.09333333333333334,0.08919999999999999,2,2,1.0,0.0,1.0,0,0,0,5
cifar10,20,2,mixed_maturity,access_freshness_lease,dirichlet_lcb,benign_concept_drift,0.5,2,30,5,0.3375,0.055,0.04668201800293071,2,2,1.0,1.0,0.0,0,2,0,5
cifar10,20,2,mixed_maturity,access_freshness_lease,dirichlet_lcb,benign_concept_drift,0.5,2,31,5,0.3465,0.11333333333333333,0.04668201800293072,2,2,1.0,1.0,0.0,0,0,0,5
cifar10,20,2,mixed_maturity,access_freshness_lease,dirichlet_lcb,benign_concept_drift,0.5,2,32,5,0.3235,0.08166666666666667,0.04668201800293071,2,2,1.0,1.0,0.0,0,0,0,5
cifar10,20,2,mixed_maturity,access_freshness_lease,dirichlet_lcb,benign_concept_drift,0.5,2,33,5,0.2885,0.39166666666666666,0.04668201800293072,2,2,1.0,1.0,0.0,0,0,0,5
cifar10,20,2,mixed_maturity,access_freshness_lease,dirichlet_lcb,benign_concept_drift,0.5,2,34,5,0.3465,0.08611111111111111,0.046682018002930696,2,2,1.0,1.0,0.0,0,0,0,5
cifar10,20,2,mixed_maturity,access_freshness_lease,dirichlet_lcb,benign_concept_drift,0.5,2,35,5,0.302,0.1738888888888889,0.08920000000000002,2,2,1.0,0.0,1.0,0,0,2,5
cifar10,20,2,mixed_maturity,access_freshness_lease,dirichlet_lcb,benign_concept_drift,0.5,2,36,5,0.321,0.23333333333333334,0.0892,2,2,1.0,0.0,1.0,0,0,0,5
cifar10,20,2,mixed_maturity,access_freshness_lease,dirichlet_lcb,benign_concept_drift,0.5,2,37,5,0.351,0.1622222222222222,0.0892,2,2,1.0,0.0,1.0,0,0,0,5
cifar10,20,2,mixed_maturity,access_freshness_lease,dirichlet_lcb,benign_concept_drift,0.5,2,38,5,0.343,0.195,0.08920000000000002,2,2,1.0,0.0,1.0,0,0,0,5
cifar10,20,2,mixed_maturity,access_freshness_lease,dirichlet_lcb,benign_concept_drift,0.5,2,39,5,0.336,0.02722222222222222,0.08919999999999999,2,2,1.0,0.0,1.0,0,0,0,5
cifar10,20,2,mixed_maturity,access_freshness_lease,dirichlet_lcb,benign_concept_drift,0.5,2,40,5,0.35,0.049444444444444444,0.04668201800293071,2,2,1.0,1.0,0.0,0,2,0,5
cifar10,20,2,mixed_maturity,access_freshness_lease,dirichlet_lcb,benign_concept_drift,0.5,2,41,5,0.3555,0.09277777777777778,0.04668201800293072,2,2,1.0,1.0,0.0,0,0,0,5
cifar10,20,2,mixed_maturity,access_freshness_lease,dirichlet_lcb,benign_concept_drift,0.5,2,42,5,0.341,0.11444444444444445,0.04668201800293071,2,2,1.0,1.0,0.0,0,0,0,5
cifar10,20,2,mixed_maturity,access_freshness_lease,dirichlet_lcb,benign_concept_drift,0.5,2,43,5,0.358,0.05333333333333334,0.04668201800293071,2,2,1.0,1.0,0.0,0,0,0,5
cifar10,20,2,mixed_maturity,access_freshness_lease,dirichlet_lcb,benign_concept_drift,0.5,2,44,5,0.3505,0.03944444444444444,0.04668201800293071,2,2,1.0,1.0,0.0,0,0,0,5
cifar10,20,2,mixed_maturity,access_freshness_lease,dirichlet_lcb,benign_concept_drift,0.5,2,45,5,0.321,0.03777777777777778,0.08919999999999999,2,2,1.0,0.0,1.0,0,0,2,5
cifar10,20,2,mixed_maturity,access_freshness_lease,dirichlet_lcb,benign_concept_drift,0.5,2,46,5,0.3215,0.21166666666666667,0.08920000000000002,2,2,1.0,0.0,1.0,0,0,0,5
cifar10,20,2,mixed_maturity,access_freshness_lease,dirichlet_lcb,benign_concept_drift,0.5,2,47,5,0.3605,0.13,0.08919999999999999,2,2,1.0,0.0,1.0,0,0,0,5
cifar10,20,2,mixed_maturity,access_freshness_lease,dirichlet_lcb,benign_concept_drift,0.5,2,48,5,0.3535,0.07222222222222222,0.0892,2,2,1.0,0.0,1.0,0,0,0,5
cifar10,20,2,mixed_maturity,access_freshness_lease,dirichlet_lcb,benign_concept_drift,0.5,2,49,5,0.351,0.08722222222222223,0.0892,2,2,1.0,0.0,1.0,0,0,0,5
cifar10,20,2,mixed_maturity,access_freshness_lease,dirichlet_lcb,benign_concept_drift,0.5,2,50,5,0.3525,0.1738888888888889,0.046682018002930696,2,2,1.0,1.0,0.0,0,2,0,5
cifar10,20,2,mixed_maturity,access_freshness_lease,dirichlet_lcb,benign_concept_drift,0.5,3,1,5,0.1665,0.0,0.05537555539138603,2,2,1.0,1.0,0.0,0,0,0,5
cifar10,20,2,mixed_maturity,access_freshness_lease,dirichlet_lcb,benign_concept_drift,0.5,3,2,5,0.254,0.014444444444444444,0.05537555539138603,2,2,1.0,1.0,0.0,0,0,0,5
cifar10,20,2,mixed_maturity,access_freshness_lease,dirichlet_lcb,benign_concept_drift,0.5,3,3,5,0.246,0.015555555555555555,0.05537555539138603,2,2,1.0,1.0,0.0,0,0,0,5
cifar10,20,2,mixed_maturity,access_freshness_lease,dirichlet_lcb,benign_concept_drift,0.5,3,4,5,0.26,0.002777777777777778,0.05537555539138603,2,2,1.0,1.0,0.0,0,0,0,5
cifar10,20,2,mixed_maturity,access_freshness_lease,dirichlet_lcb,benign_concept_drift,0.5,3,5,5,0.2665,0.029444444444444443,0.10494,2,2,1.0,0.0,1.0,0,0,0,5
cifar10,20,2,mixed_maturity,access_freshness_lease,dirichlet_lcb,benign_concept_drift,0.5,3,6,5,0.228,0.005555555555555556,0.10493999999999998,2,2,1.0,0.0,1.0,0,0,0,5
cifar10,20,2,mixed_maturity,access_freshness_lease,dirichlet_lcb,benign_concept_drift,0.5,3,7,5,0.3045,0.16555555555555557,0.10494,2,2,1.0,0.0,1.0,0,0,0,5
cifar10,20,2,mixed_maturity,access_freshness_lease,dirichlet_lcb,benign_concept_drift,0.5,3,8,5,0.2505,0.04055555555555555,0.10494,2,2,1.0,0.0,1.0,0,0,0,5
cifar10,20,2,mixed_maturity,access_freshness_lease,dirichlet_lcb,benign_concept_drift,0.5,3,9,5,0.277,0.012222222222222223,0.10493999999999998,2,2,1.0,0.0,1.0,0,0,0,5
cifar10,20,2,mixed_maturity,access_freshness_lease,dirichlet_lcb,benign_concept_drift,0.5,3,10,5,0.3095,0.08888888888888889,0.05537555539138603,2,2,1.0,1.0,0.0,0,2,0,5
cifar10,20,2,mixed_maturity,access_freshness_lease,dirichlet_lcb,benign_concept_drift,0.5,3,11,5,0.314,0.06222222222222222,0.05537555539138603,2,2,1.0,1.0,0.0,0,0,0,5
cifar10,20,2,mixed_maturity,access_freshness_lease,dirichlet_lcb,benign_concept_drift,0.5,3,12,5,0.296,0.018333333333333333,0.05537555539138602,2,2,1.0,1.0,0.0,0,0,0,5
cifar10,20,2,mixed_maturity,access_freshness_lease,dirichlet_lcb,benign_concept_drift,0.5,3,13,5,0.2985,0.012777777777777779,0.05537555539138603,2,2,1.0,1.0,0.0,0,0,0,5
cifar10,20,2,mixed_maturity,access_freshness_lease,dirichlet_lcb,benign_concept_drift,0.5,3,14,5,0.3015,0.03388888888888889,0.05537555539138603,2,2,1.0,1.0,0.0,0,0,0,5
cifar10,20,2,mixed_maturity,access_freshness_lease,dirichlet_lcb,benign_concept_drift,0.5,3,15,5,0.3195,0.057777777777777775,0.10494,2,2,1.0,0.0,1.0,0,0,2,5
cifar10,20,2,mixed_maturity,access_freshness_lease,dirichlet_lcb,benign_concept_drift,0.5,3,16,5,0.3315,0.05388888888888889,0.10494,2,2,1.0,0.0,1.0,0,0,0,5
cifar10,20,2,mixed_maturity,access_freshness_lease,dirichlet_lcb,benign_concept_drift,0.5,3,17,5,0.3245,0.0022222222222222222,0.10493999999999998,2,2,1.0,0.0,1.0,0,0,0,5
cifar10,20,2,mixed_maturity,access_freshness_lease,dirichlet_lcb,benign_concept_drift,0.5,3,18,5,0.3315,0.049444444444444444,0.10494,2,2,1.0,0.0,1.0,0,0,0,5
cifar10,20,2,mixed_maturity,access_freshness_lease,dirichlet_lcb,benign_concept_drift,0.5,3,19,5,0.314,0.23,0.10494,2,2,1.0,0.0,1.0,0,0,0,5
cifar10,20,2,mixed_maturity,access_freshness_lease,dirichlet_lcb,benign_concept_drift,0.5,3,20,5,0.3235,0.01611111111111111,0.05537555539138603,2,2,1.0,1.0,0.0,0,2,0,5
cifar10,20,2,mixed_maturity,access_freshness_lease,dirichlet_lcb,benign_concept_drift,0.5,3,21,5,0.3035,0.012222222222222223,0.055375555391386035,2,2,1.0,1.0,0.0,0,0,0,5
cifar10,20,2,mixed_maturity,access_freshness_lease,dirichlet_lcb,benign_concept_drift,0.5,3,22,5,0.306,0.11333333333333333,0.05537555539138603,2,2,1.0,1.0,0.0,0,0,0,5
cifar10,20,2,mixed_maturity,access_freshness_lease,dirichlet_lcb,benign_concept_drift,0.5,3,23,5,0.305,0.0016666666666666668,0.05537555539138603,2,2,1.0,1.0,0.0,0,0,0,5
cifar10,20,2,mixed_maturity,access_freshness_lease,dirichlet_lcb,benign_concept_drift,0.5,3,24,5,0.3055,0.0016666666666666668,0.05537555539138602,2,2,1.0,1.0,0.0,0,0,0,5
cifar10,20,2,mixed_maturity,access_freshness_lease,dirichlet_lcb,benign_concept_drift,0.5,3,25,5,0.344,0.08555555555555555,0.10493999999999998,2,2,1.0,0.0,1.0,0,0,2,5
cifar10,20,2,mixed_maturity,access_freshness_lease,dirichlet_lcb,benign_concept_drift,0.5,3,26,5,0.3565,0.058333333333333334,0.10493999999999998,2,2,1.0,0.0,1.0,0,0,0,5
cifar10,20,2,mixed_maturity,access_freshness_lease,dirichlet_lcb,benign_concept_drift,0.5,3,27,5,0.3065,0.075,0.10494,2,2,1.0,0.0,1.0,0,0,0,5
cifar10,20,2,mixed_maturity,access_freshness_lease,dirichlet_lcb,benign_concept_drift,0.5,3,28,5,0.3255,0.13166666666666665,0.10493999999999998,2,2,1.0,0.0,1.0,0,0,0,5
cifar10,20,2,mixed_maturity,access_freshness_lease,dirichlet_lcb,benign_concept_drift,0.5,3,29,5,0.3175,0.058888888888888886,0.10494,2,2,1.0,0.0,1.0,0,0,0,5
cifar10,20,2,mixed_maturity,access_freshness_lease,dirichlet_lcb,benign_concept_drift,0.5,3,30,5,0.33,0.20222222222222222,0.05537555539138602,2,2,1.0,1.0,0.0,0,2,0,5
cifar10,20,2,mixed_maturity,access_freshness_lease,dirichlet_lcb,benign_concept_drift,0.5,3,31,5,0.33,0.05277777777777778,0.05537555539138602,2,2,1.0,1.0,0.0,0,0,0,5
cifar10,20,2,mixed_maturity,access_freshness_lease,dirichlet_lcb,benign_concept_drift,0.5,3,32,5,0.319,0.02,0.05537555539138603,2,2,1.0,1.0,0.0,0,0,0,5
cifar10,20,2,mixed_maturity,access_freshness_lease,dirichlet_lcb,benign_concept_drift,0.5,3,33,5,0.303,0.07611111111111112,0.055375555391386014,2,2,1.0,1.0,0.0,0,0,0,5
cifar10,20,2,mixed_maturity,access_freshness_lease,dirichlet_lcb,benign_concept_drift,0.5,3,34,5,0.35,0.03888888888888889,0.05537555539138603,2,2,1.0,1.0,0.0,0,0,0,5
cifar10,20,2,mixed_maturity,access_freshness_lease,dirichlet_lcb,benign_concept_drift,0.5,3,35,5,0.347,0.018333333333333333,0.10494,2,2,1.0,0.0,1.0,0,0,2,5
cifar10,20,2,mixed_maturity,access_freshness_lease,dirichlet_lcb,benign_concept_drift,0.5,3,36,5,0.354,0.07277777777777777,0.10494,2,2,1.0,0.0,1.0,0,0,0,5
cifar10,20,2,mixed_maturity,access_freshness_lease,dirichlet_lcb,benign_concept_drift,0.5,3,37,5,0.352,0.06166666666666667,0.10494,2,2,1.0,0.0,1.0,0,0,0,5
cifar10,20,2,mixed_maturity,access_freshness_lease,dirichlet_lcb,benign_concept_drift,0.5,3,38,5,0.333,0.03944444444444444,0.10494,2,2,1.0,0.0,1.0,0,0,0,5
cifar10,20,2,mixed_maturity,access_freshness_lease,dirichlet_lcb,benign_concept_drift,0.5,3,39,5,0.33,0.10888888888888888,0.10494,2,2,1.0,0.0,1.0,0,0,0,5
cifar10,20,2,mixed_maturity,access_freshness_lease,dirichlet_lcb,benign_concept_drift,0.5,3,40,5,0.315,0.005555555555555556,0.05537555539138603,2,2,1.0,1.0,0.0,0,2,0,5
cifar10,20,2,mixed_maturity,access_freshness_lease,dirichlet_lcb,benign_concept_drift,0.5,3,41,5,0.3375,0.09722222222222222,0.05537555539138603,2,2,1.0,1.0,0.0,0,0,0,5
cifar10,20,2,mixed_maturity,access_freshness_lease,dirichlet_lcb,benign_concept_drift,0.5,3,42,5,0.3495,0.06722222222222222,0.05537555539138603,2,2,1.0,1.0,0.0,0,0,0,5
cifar10,20,2,mixed_maturity,access_freshness_lease,dirichlet_lcb,benign_concept_drift,0.5,3,43,5,0.3435,0.09277777777777778,0.05537555539138602,2,2,1.0,1.0,0.0,0,0,0,5
cifar10,20,2,mixed_maturity,access_freshness_lease,dirichlet_lcb,benign_concept_drift,0.5,3,44,5,0.354,0.03611111111111111,0.05537555539138602,2,2,1.0,1.0,0.0,0,0,0,5
cifar10,20,2,mixed_maturity,access_freshness_lease,dirichlet_lcb,benign_concept_drift,0.5,3,45,5,0.3145,0.029444444444444443,0.10494000000000002,2,2,1.0,0.0,1.0,0,0,2,5
cifar10,20,2,mixed_maturity,access_freshness_lease,dirichlet_lcb,benign_concept_drift,0.5,3,46,5,0.3375,0.10833333333333334,0.10494000000000002,2,2,1.0,0.0,1.0,0,0,0,5
cifar10,20,2,mixed_maturity,access_freshness_lease,dirichlet_lcb,benign_concept_drift,0.5,3,47,5,0.337,0.01,0.10494,2,2,1.0,0.0,1.0,0,0,0,5
cifar10,20,2,mixed_maturity,access_freshness_lease,dirichlet_lcb,benign_concept_drift,0.5,3,48,5,0.3435,0.01,0.10494,2,2,1.0,0.0,1.0,0,0,0,5
cifar10,20,2,mixed_maturity,access_freshness_lease,dirichlet_lcb,benign_concept_drift,0.5,3,49,5,0.3485,0.08888888888888889,0.10494,2,2,1.0,0.0,1.0,0,0,0,5
cifar10,20,2,mixed_maturity,access_freshness_lease,dirichlet_lcb,benign_concept_drift,0.5,3,50,5,0.3375,0.10166666666666667,0.05537555539138603,2,2,1.0,1.0,0.0,0,2,0,5
cifar10,20,2,mixed_maturity,access_freshness_lease,dirichlet_lcb,benign_concept_drift,0.5,4,1,5,0.1135,0.0,0.06692841977231749,2,2,1.0,1.0,0.0,0,0,0,5
cifar10,20,2,mixed_maturity,access_freshness_lease,dirichlet_lcb,benign_concept_drift,0.5,4,2,5,0.1785,0.0005555555555555556,0.06692841977231749,2,2,1.0,1.0,0.0,0,0,0,5
cifar10,20,2,mixed_maturity,access_freshness_lease,dirichlet_lcb,benign_concept_drift,0.5,4,3,5,0.253,0.021111111111111112,0.06692841977231748,2,2,1.0,1.0,0.0,0,0,0,5
cifar10,20,2,mixed_maturity,access_freshness_lease,dirichlet_lcb,benign_concept_drift,0.5,4,4,5,0.2205,0.029444444444444443,0.06692841977231748,2,2,1.0,1.0,0.0,0,0,0,5
cifar10,20,2,mixed_maturity,access_freshness_lease,dirichlet_lcb,benign_concept_drift,0.5,4,5,5,0.271,0.022222222222222223,0.12546000000000002,2,2,1.0,0.0,1.0,0,0,0,5
cifar10,20,2,mixed_maturity,access_freshness_lease,dirichlet_lcb,benign_concept_drift,0.5,4,6,5,0.3005,0.07444444444444444,0.12546000000000002,2,2,1.0,0.0,1.0,0,0,0,5
cifar10,20,2,mixed_maturity,access_freshness_lease,dirichlet_lcb,benign_concept_drift,0.5,4,7,5,0.2905,0.04611111111111111,0.12546000000000004,2,2,1.0,0.0,1.0,0,0,0,5
cifar10,20,2,mixed_maturity,access_freshness_lease,dirichlet_lcb,benign_concept_drift,0.5,4,8,5,0.298,0.014444444444444444,0.12546000000000002,2,2,1.0,0.0,1.0,0,0,0,5
cifar10,20,2,mixed_maturity,access_freshness_lease,dirichlet_lcb,benign_concept_drift,0.5,4,9,5,0.3275,0.07111111111111111,0.12546000000000002,2,2,1.0,0.0,1.0,0,0,0,5
cifar10,20,2,mixed_maturity,access_freshness_lease,dirichlet_lcb,benign_concept_drift,0.5,4,10,5,0.3015,0.025,0.06692841977231749,2,2,1.0,1.0,0.0,0,2,0,5
cifar10,20,2,mixed_maturity,access_freshness_lease,dirichlet_lcb,benign_concept_drift,0.5,4,11,5,0.2885,0.04888888888888889,0.06692841977231749,2,2,1.0,1.0,0.0,0,0,0,5
cifar10,20,2,mixed_maturity,access_freshness_lease,dirichlet_lcb,benign_concept_drift,0.5,4,12,5,0.3,0.21055555555555555,0.06692841977231749,2,2,1.0,1.0,0.0,0,0,0,5
cifar10,20,2,mixed_maturity,access_freshness_lease,dirichlet_lcb,benign_concept_drift,0.5,4,13,5,0.279,0.03277777777777778,0.06692841977231748,2,2,1.0,1.0,0.0,0,0,0,5
cifar10,20,2,mixed_maturity,access_freshness_lease,dirichlet_lcb,benign_concept_drift,0.5,4,14,5,0.3195,0.015555555555555555,0.06692841977231748,2,2,1.0,1.0,0.0,0,0,0,5
cifar10,20,2,mixed_maturity,access_freshness_lease,dirichlet_lcb,benign_concept_drift,0.5,4,15,5,0.28,0.15666666666666668,0.12546000000000002,2,2,1.0,0.0,1.0,0,0,2,5
cifar10,20,2,mixed_maturity,access_freshness_lease,dirichlet_lcb,benign_concept_drift,0.5,4,16,5,0.2895,0.02277777777777778,0.12546000000000002,2,2,1.0,0.0,1.0,0,0,0,5
cifar10,20,2,mixed_maturity,access_freshness_lease,dirichlet_lcb,benign_concept_drift,0.5,4,17,5,0.317,0.013333333333333334,0.12546000000000002,2,2,1.0,0.0,1.0,0,0,0,5
cifar10,20,2,mixed_maturity,access_freshness_lease,dirichlet_lcb,benign_concept_drift,0.5,4,18,5,0.2905,0.14777777777777779,0.12546000000000002,2,2,1.0,0.0,1.0,0,0,0,5
cifar10,20,2,mixed_maturity,access_freshness_lease,dirichlet_lcb,benign_concept_drift,0.5,4,19,5,0.326,0.06444444444444444,0.12546000000000002,2,2,1.0,0.0,1.0,0,0,0,5
cifar10,20,2,mixed_maturity,access_freshness_lease,dirichlet_lcb,benign_concept_drift,0.5,4,20,5,0.325,0.008333333333333333,0.06692841977231749,2,2,1.0,1.0,0.0,0,2,0,5
cifar10,20,2,mixed_maturity,access_freshness_lease,dirichlet_lcb,benign_concept_drift,0.5,4,21,5,0.337,0.07833333333333334,0.06692841977231749,2,2,1.0,1.0,0.0,0,0,0,5
cifar10,20,2,mixed_maturity,access_freshness_lease,dirichlet_lcb,benign_concept_drift,0.5,4,22,5,0.299,0.10111111111111111,0.06692841977231749,2,2,1.0,1.0,0.0,0,0,0,5
cifar10,20,2,mixed_maturity,access_freshness_lease,dirichlet_lcb,benign_concept_drift,0.5,4,23,5,0.325,0.12333333333333334,0.06692841977231748,2,2,1.0,1.0,0.0,0,0,0,5
cifar10,20,2,mixed_maturity,access_freshness_lease,dirichlet_lcb,benign_concept_drift,0.5,4,24,5,0.339,0.05277777777777778,0.06692841977231748,2,2,1.0,1.0,0.0,0,0,0,5
cifar10,20,2,mixed_maturity,access_freshness_lease,dirichlet_lcb,benign_concept_drift,0.5,4,25,5,0.341,0.03666666666666667,0.12546000000000002,2,2,1.0,0.0,1.0,0,0,2,5
cifar10,20,2,mixed_maturity,access_freshness_lease,dirichlet_lcb,benign_concept_drift,0.5,4,26,5,0.3225,0.04722222222222222,0.12546000000000002,2,2,1.0,0.0,1.0,0,0,0,5
cifar10,20,2,mixed_maturity,access_freshness_lease,dirichlet_lcb,benign_concept_drift,0.5,4,27,5,0.3555,0.095,0.12546000000000002,2,2,1.0,0.0,1.0,0,0,0,5
cifar10,20,2,mixed_maturity,access_freshness_lease,dirichlet_lcb,benign_concept_drift,0.5,4,28,5,0.3235,0.14722222222222223,0.12546000000000004,2,2,1.0,0.0,1.0,0,0,0,5
cifar10,20,2,mixed_maturity,access_freshness_lease,dirichlet_lcb,benign_concept_drift,0.5,4,29,5,0.3425,0.1111111111111111,0.12546000000000002,2,2,1.0,0.0,1.0,0,0,0,5
cifar10,20,2,mixed_maturity,access_freshness_lease,dirichlet_lcb,benign_concept_drift,0.5,4,30,5,0.325,0.09888888888888889,0.06692841977231749,2,2,1.0,1.0,0.0,0,2,0,5
cifar10,20,2,mixed_maturity,access_freshness_lease,dirichlet_lcb,benign_concept_drift,0.5,4,31,5,0.346,0.04777777777777778,0.06692841977231748,2,2,1.0,1.0,0.0,0,0,0,5
cifar10,20,2,mixed_maturity,access_freshness_lease,dirichlet_lcb,benign_concept_drift,0.5,4,32,5,0.3555,0.051666666666666666,0.06692841977231749,2,2,1.0,1.0,0.0,0,0,0,5
cifar10,20,2,mixed_maturity,access_freshness_lease,dirichlet_lcb,benign_concept_drift,0.5,4,33,5,0.337,0.027777777777777776,0.06692841977231749,2,2,1.0,1.0,0.0,0,0,0,5
cifar10,20,2,mixed_maturity,access_freshness_lease,dirichlet_lcb,benign_concept_drift,0.5,4,34,5,0.3355,0.125,0.06692841977231749,2,2,1.0,1.0,0.0,0,0,0,5
cifar10,20,2,mixed_maturity,access_freshness_lease,dirichlet_lcb,benign_concept_drift,0.5,4,35,5,0.348,0.06166666666666667,0.12546000000000002,2,2,1.0,0.0,1.0,0,0,2,5
cifar10,20,2,mixed_maturity,access_freshness_lease,dirichlet_lcb,benign_concept_drift,0.5,4,36,5,0.3605,0.07777777777777778,0.12546000000000002,2,2,1.0,0.0,1.0,0,0,0,5
cifar10,20,2,mixed_maturity,access_freshness_lease,dirichlet_lcb,benign_concept_drift,0.5,4,37,5,0.3075,0.03277777777777778,0.12546,2,2,1.0,0.0,1.0,0,0,0,5
cifar10,20,2,mixed_maturity,access_freshness_lease,dirichlet_lcb,benign_concept_drift,0.5,4,38,5,0.314,0.04111111111111111,0.12546000000000004,2,2,1.0,0.0,1.0,0,0,0,5
cifar10,20,2,mixed_maturity,access_freshness_lease,dirichlet_lcb,benign_concept_drift,0.5,4,39,5,0.3405,0.09277777777777778,0.12546000000000004,2,2,1.0,0.0,1.0,0,0,0,5
cifar10,20,2,mixed_maturity,access_freshness_lease,dirichlet_lcb,benign_concept_drift,0.5,4,40,5,0.347,0.11222222222222222,0.06692841977231749,2,2,1.0,1.0,0.0,0,2,0,5
cifar10,20,2,mixed_maturity,access_freshness_lease,dirichlet_lcb,benign_concept_drift,0.5,4,41,5,0.341,0.06888888888888889,0.06692841977231749,2,2,1.0,1.0,0.0,0,0,0,5
cifar10,20,2,mixed_maturity,access_freshness_lease,dirichlet_lcb,benign_concept_drift,0.5,4,42,5,0.345,0.14,0.06692841977231749,2,2,1.0,1.0,0.0,0,0,0,5
cifar10,20,2,mixed_maturity,access_freshness_lease,dirichlet_lcb,benign_concept_drift,0.5,4,43,5,0.3655,0.085,0.06692841977231749,2,2,1.0,1.0,0.0,0,0,0,5
cifar10,20,2,mixed_maturity,access_freshness_lease,dirichlet_lcb,benign_concept_drift,0.5,4,44,5,0.352,0.018333333333333333,0.06692841977231749,2,2,1.0,1.0,0.0,0,0,0,5
cifar10,20,2,mixed_maturity,access_freshness_lease,dirichlet_lcb,benign_concept_drift,0.5,4,45,5,0.3275,0.1461111111111111,0.12546000000000002,2,2,1.0,0.0,1.0,0,0,2,5
cifar10,20,2,mixed_maturity,access_freshness_lease,dirichlet_lcb,benign_concept_drift,0.5,4,46,5,0.319,0.2922222222222222,0.12546000000000002,2,2,1.0,0.0,1.0,0,0,0,5
cifar10,20,2,mixed_maturity,access_freshness_lease,dirichlet_lcb,benign_concept_drift,0.5,4,47,5,0.3325,0.04777777777777778,0.12546000000000002,2,2,1.0,0.0,1.0,0,0,0,5
cifar10,20,2,mixed_maturity,access_freshness_lease,dirichlet_lcb,benign_concept_drift,0.5,4,48,5,0.372,0.05277777777777778,0.12546000000000002,2,2,1.0,0.0,1.0,0,0,0,5
cifar10,20,2,mixed_maturity,access_freshness_lease,dirichlet_lcb,benign_concept_drift,0.5,4,49,5,0.333,0.02388888888888889,0.12546000000000002,2,2,1.0,0.0,1.0,0,0,0,5
cifar10,20,2,mixed_maturity,access_freshness_lease,dirichlet_lcb,benign_concept_drift,0.5,4,50,5,0.3245,0.2288888888888889,0.06692841977231749,2,2,1.0,1.0,0.0,0,2,0,5
cifar10,20,2,mixed_maturity,access_freshness_lease,dirichlet_lcb,benign_concept_drift,0.5,5,1,5,0.15,0.7327777777777778,0.05825705063759987,2,2,1.0,1.0,0.0,0,0,0,5
cifar10,20,2,mixed_maturity,access_freshness_lease,dirichlet_lcb,benign_concept_drift,0.5,5,2,5,0.1795,0.0,0.05825705063759988,2,2,1.0,1.0,0.0,0,0,0,5
cifar10,20,2,mixed_maturity,access_freshness_lease,dirichlet_lcb,benign_concept_drift,0.5,5,3,5,0.2255,0.0044444444444444444,0.05825705063759989,2,2,1.0,1.0,0.0,0,0,0,5
cifar10,20,2,mixed_maturity,access_freshness_lease,dirichlet_lcb,benign_concept_drift,0.5,5,4,5,0.2145,0.22722222222222221,0.05825705063759988,2,2,1.0,1.0,0.0,0,0,0,5
cifar10,20,2,mixed_maturity,access_freshness_lease,dirichlet_lcb,benign_concept_drift,0.5,5,5,5,0.295,0.26166666666666666,0.1101,2,2,1.0,0.0,1.0,0,0,0,5
cifar10,20,2,mixed_maturity,access_freshness_lease,dirichlet_lcb,benign_concept_drift,0.5,5,6,5,0.254,0.056666666666666664,0.1101,2,2,1.0,0.0,1.0,0,0,0,5
cifar10,20,2,mixed_maturity,access_freshness_lease,dirichlet_lcb,benign_concept_drift,0.5,5,7,5,0.318,0.18555555555555556,0.1101,2,2,1.0,0.0,1.0,0,0,0,5
cifar10,20,2,mixed_maturity,access_freshness_lease,dirichlet_lcb,benign_concept_drift,0.5,5,8,5,0.254,0.39666666666666667,0.1101,2,2,1.0,0.0,1.0,0,0,0,5
cifar10,20,2,mixed_maturity,access_freshness_lease,dirichlet_lcb,benign_concept_drift,0.5,5,9,5,0.3005,0.026111111111111113,0.1101,2,2,1.0,0.0,1.0,0,0,0,5
cifar10,20,2,mixed_maturity,access_freshness_lease,dirichlet_lcb,benign_concept_drift,0.5,5,10,5,0.318,0.027777777777777776,0.05825705063759988,2,2,1.0,1.0,0.0,0,2,0,5
cifar10,20,2,mixed_maturity,access_freshness_lease,dirichlet_lcb,benign_concept_drift,0.5,5,11,5,0.267,0.08222222222222222,0.05825705063759988,2,2,1.0,1.0,0.0,0,0,0,5
cifar10,20,2,mixed_maturity,access_freshness_lease,dirichlet_lcb,benign_concept_drift,0.5,5,12,5,0.3095,0.08611111111111111,0.05825705063759988,2,2,1.0,1.0,0.0,0,0,0,5
cifar10,20,2,mixed_maturity,access_freshness_lease,dirichlet_lcb,benign_concept_drift,0.5,5,13,5,0.3175,0.15388888888888888,0.05825705063759987,2,2,1.0,1.0,0.0,0,0,0,5
cifar10,20,2,mixed_maturity,access_freshness_lease,dirichlet_lcb,benign_concept_drift,0.5,5,14,5,0.2735,0.03722222222222222,0.05825705063759988,2,2,1.0,1.0,0.0,0,0,0,5
cifar10,20,2,mixed_maturity,access_freshness_lease,dirichlet_lcb,benign_concept_drift,0.5,5,15,5,0.339,0.13777777777777778,0.11009999999999998,2,2,1.0,0.0,1.0,0,0,2,5
cifar10,20,2,mixed_maturity,access_freshness_lease,dirichlet_lcb,benign_concept_drift,0.5,5,16,5,0.2775,0.12555555555555556,0.11009999999999998,2,2,1.0,0.0,1.0,0,0,0,5
cifar10,20,2,mixed_maturity,access_freshness_lease,dirichlet_lcb,benign_concept_drift,0.5,5,17,5,0.321,0.0044444444444444444,0.1101,2,2,1.0,0.0,1.0,0,0,0,5
cifar10,20,2,mixed_maturity,access_freshness_lease,dirichlet_lcb,benign_concept_drift,0.5,5,18,5,0.298,0.08,0.11010000000000002,2,2,1.0,0.0,1.0,0,0,0,5
cifar10,20,2,mixed_maturity,access_freshness_lease,dirichlet_lcb,benign_concept_drift,0.5,5,19,5,0.3425,0.13444444444444445,0.1101,2,2,1.0,0.0,1.0,0,0,0,5
cifar10,20,2,mixed_maturity,access_freshness_lease,dirichlet_lcb,benign_concept_drift,0.5,5,20,5,0.291,0.05555555555555555,0.05825705063759989,2,2,1.0,1.0,0.0,0,2,0,5
cifar10,20,2,mixed_maturity,access_freshness_lease,dirichlet_lcb,benign_concept_drift,0.5,5,21,5,0.3195,0.175,0.05825705063759988,2,2,1.0,1.0,0.0,0,0,0,5
cifar10,20,2,mixed_maturity,access_freshness_lease,dirichlet_lcb,benign_concept_drift,0.5,5,22,5,0.32,0.03166666666666667,0.05825705063759987,2,2,1.0,1.0,0.0,0,0,0,5
cifar10,20,2,mixed_maturity,access_freshness_lease,dirichlet_lcb,benign_concept_drift,0.5,5,23,5,0.314,0.07944444444444444,0.05825705063759988,2,2,1.0,1.0,0.0,0,0,0,5
cifar10,20,2,mixed_maturity,access_freshness_lease,dirichlet_lcb,benign_concept_drift,0.5,5,24,5,0.326,0.07888888888888888,0.05825705063759987,2,2,1.0,1.0,0.0,0,0,0,5
cifar10,20,2,mixed_maturity,access_freshness_lease,dirichlet_lcb,benign_concept_drift,0.5,5,25,5,0.33,0.09333333333333334,0.11009999999999998,2,2,1.0,0.0,1.0,0,0,2,5
cifar10,20,2,mixed_maturity,access_freshness_lease,dirichlet_lcb,benign_concept_drift,0.5,5,26,5,0.341,0.06055555555555556,0.11009999999999998,2,2,1.0,0.0,1.0,0,0,0,5
cifar10,20,2,mixed_maturity,access_freshness_lease,dirichlet_lcb,benign_concept_drift,0.5,5,27,5,0.348,0.05444444444444444,0.11009999999999998,2,2,1.0,0.0,1.0,0,0,0,5
cifar10,20,2,mixed_maturity,access_freshness_lease,dirichlet_lcb,benign_concept_drift,0.5,5,28,5,0.316,0.045,0.11009999999999998,2,2,1.0,0.0,1.0,0,0,0,5
cifar10,20,2,mixed_maturity,access_freshness_lease,dirichlet_lcb,benign_concept_drift,0.5,5,29,5,0.3365,0.07611111111111112,0.1101,2,2,1.0,0.0,1.0,0,0,0,5
cifar10,20,2,mixed_maturity,access_freshness_lease,dirichlet_lcb,benign_concept_drift,0.5,5,30,5,0.3455,0.09222222222222222,0.05825705063759987,2,2,1.0,1.0,0.0,0,2,0,5
cifar10,20,2,mixed_maturity,access_freshness_lease,dirichlet_lcb,benign_concept_drift,0.5,5,31,5,0.306,0.12166666666666667,0.05825705063759988,2,2,1.0,1.0,0.0,0,0,0,5
cifar10,20,2,mixed_maturity,access_freshness_lease,dirichlet_lcb,benign_concept_drift,0.5,5,32,5,0.314,0.22055555555555556,0.05825705063759987,2,2,1.0,1.0,0.0,0,0,0,5
cifar10,20,2,mixed_maturity,access_freshness_lease,dirichlet_lcb,benign_concept_drift,0.5,5,33,5,0.355,0.028333333333333332,0.05825705063759989,2,2,1.0,1.0,0.0,0,0,0,5
cifar10,20,2,mixed_maturity,access_freshness_lease,dirichlet_lcb,benign_concept_drift,0.5,5,34,5,0.3535,0.03166666666666667,0.058257050637599866,2,2,1.0,1.0,0.0,0,0,0,5
cifar10,20,2,mixed_maturity,access_freshness_lease,dirichlet_lcb,benign_concept_drift,0.5,5,35,5,0.3395,0.24944444444444444,0.1101,2,2,1.0,0.0,1.0,0,0,2,5
cifar10,20,2,mixed_maturity,access_freshness_lease,dirichlet_lcb,benign_concept_drift,0.5,5,36,5,0.297,0.03,0.1101,2,2,1.0,0.0,1.0,0,0,0,5
cifar10,20,2,mixed_maturity,access_freshness_lease,dirichlet_lcb,benign_concept_drift,0.5,5,37,5,0.332,0.2911111111111111,0.11009999999999998,2,2,1.0,0.0,1.0,0,0,0,5
cifar10,20,2,mixed_maturity,access_freshness_lease,dirichlet_lcb,benign_concept_drift,0.5,5,38,5,0.3315,0.13333333333333333,0.11009999999999998,2,2,1.0,0.0,1.0,0,0,0,5
cifar10,20,2,mixed_maturity,access_freshness_lease,dirichlet_lcb,benign_concept_drift,0.5,5,39,5,0.3205,0.11666666666666667,0.1101,2,2,1.0,0.0,1.0,0,0,0,5
cifar10,20,2,mixed_maturity,access_freshness_lease,dirichlet_lcb,benign_concept_drift,0.5,5,40,5,0.3325,0.25222222222222224,0.05825705063759987,2,2,1.0,1.0,0.0,0,2,0,5
cifar10,20,2,mixed_maturity,access_freshness_lease,dirichlet_lcb,benign_concept_drift,0.5,5,41,5,0.353,0.0961111111111111,0.05825705063759988,2,2,1.0,1.0,0.0,0,0,0,5
cifar10,20,2,mixed_maturity,access_freshness_lease,dirichlet_lcb,benign_concept_drift,0.5,5,42,5,0.3395,0.05333333333333334,0.058257050637599894,2,2,1.0,1.0,0.0,0,0,0,5
cifar10,20,2,mixed_maturity,access_freshness_lease,dirichlet_lcb,benign_concept_drift,0.5,5,43,5,0.321,0.16055555555555556,0.05825705063759987,2,2,1.0,1.0,0.0,0,0,0,5
cifar10,20,2,mixed_maturity,access_freshness_lease,dirichlet_lcb,benign_concept_drift,0.5,5,44,5,0.3805,0.06722222222222222,0.05825705063759987,2,2,1.0,1.0,0.0,0,0,0,5
cifar10,20,2,mixed_maturity,access_freshness_lease,dirichlet_lcb,benign_concept_drift,0.5,5,45,5,0.3405,0.13666666666666666,0.11010000000000002,2,2,1.0,0.0,1.0,0,0,2,5
cifar10,20,2,mixed_maturity,access_freshness_lease,dirichlet_lcb,benign_concept_drift,0.5,5,46,5,0.286,0.07444444444444444,0.1101,2,2,1.0,0.0,1.0,0,0,0,5
cifar10,20,2,mixed_maturity,access_freshness_lease,dirichlet_lcb,benign_concept_drift,0.5,5,47,5,0.3585,0.08444444444444445,0.1101,2,2,1.0,0.0,1.0,0,0,0,5
cifar10,20,2,mixed_maturity,access_freshness_lease,dirichlet_lcb,benign_concept_drift,0.5,5,48,5,0.34,0.175,0.1101,2,2,1.0,0.0,1.0,0,0,0,5
cifar10,20,2,mixed_maturity,access_freshness_lease,dirichlet_lcb,benign_concept_drift,0.5,5,49,5,0.353,0.07444444444444444,0.1101,2,2,1.0,0.0,1.0,0,0,0,5
cifar10,20,2,mixed_maturity,access_freshness_lease,dirichlet_lcb,benign_concept_drift,0.5,5,50,5,0.354,0.13166666666666665,0.05825705063759988,2,2,1.0,1.0,0.0,0,2,0,5
cifar10,20,2,mixed_maturity,access_freshness_lease,dirichlet_lcb,benign_concept_drift,0.5,6,1,5,0.105,0.9788888888888889,0.05260941874907896,2,2,1.0,1.0,0.0,0,0,0,5
cifar10,20,2,mixed_maturity,access_freshness_lease,dirichlet_lcb,benign_concept_drift,0.5,6,2,5,0.172,0.0,0.05260941874907896,2,2,1.0,1.0,0.0,0,0,0,5
cifar10,20,2,mixed_maturity,access_freshness_lease,dirichlet_lcb,benign_concept_drift,0.5,6,3,5,0.224,0.0044444444444444444,0.052609418749078964,2,2,1.0,1.0,0.0,0,0,0,5
cifar10,20,2,mixed_maturity,access_freshness_lease,dirichlet_lcb,benign_concept_drift,0.5,6,4,5,0.279,0.065,0.052609418749078964,2,2,1.0,1.0,0.0,0,0,0,5
cifar10,20,2,mixed_maturity,access_freshness_lease,dirichlet_lcb,benign_concept_drift,0.5,6,5,5,0.282,0.12166666666666667,0.09996,2,2,1.0,0.0,1.0,0,0,0,5
cifar10,20,2,mixed_maturity,access_freshness_lease,dirichlet_lcb,benign_concept_drift,0.5,6,6,5,0.288,0.215,0.09996,2,2,1.0,0.0,1.0,0,0,0,5
cifar10,20,2,mixed_maturity,access_freshness_lease,dirichlet_lcb,benign_concept_drift,0.5,6,7,5,0.292,0.15944444444444444,0.09996,2,2,1.0,0.0,1.0,0,0,0,5
cifar10,20,2,mixed_maturity,access_freshness_lease,dirichlet_lcb,benign_concept_drift,0.5,6,8,5,0.2845,0.23722222222222222,0.09996000000000001,2,2,1.0,0.0,1.0,0,0,0,5
cifar10,20,2,mixed_maturity,access_freshness_lease,dirichlet_lcb,benign_concept_drift,0.5,6,9,5,0.233,0.0011111111111111111,0.09996000000000001,2,2,1.0,0.0,1.0,0,0,0,5
cifar10,20,2,mixed_maturity,access_freshness_lease,dirichlet_lcb,benign_concept_drift,0.5,6,10,5,0.313,0.12333333333333334,0.05260941874907896,2,2,1.0,1.0,0.0,0,2,0,5
cifar10,20,2,mixed_maturity,access_freshness_lease,dirichlet_lcb,benign_concept_drift,0.5,6,11,5,0.287,0.015,0.052609418749078964,2,2,1.0,1.0,0.0,0,0,0,5
cifar10,20,2,mixed_maturity,access_freshness_lease,dirichlet_lcb,benign_concept_drift,0.5,6,12,5,0.2905,0.23444444444444446,0.052609418749078964,2,2,1.0,1.0,0.0,0,0,0,5
cifar10,20,2,mixed_maturity,access_freshness_lease,dirichlet_lcb,benign_concept_drift,0.5,6,13,5,0.3265,0.05444444444444444,0.05260941874907897,2,2,1.0,1.0,0.0,0,0,0,5
cifar10,20,2,mixed_maturity,access_freshness_lease,dirichlet_lcb,benign_concept_drift,0.5,6,14,5,0.315,0.055,0.052609418749078964,2,2,1.0,1.0,0.0,0,0,0,5
cifar10,20,2,mixed_maturity,access_freshness_lease,dirichlet_lcb,benign_concept_drift,0.5,6,15,5,0.3265,0.08555555555555555,0.09996,2,2,1.0,0.0,1.0,0,0,2,5
cifar10,20,2,mixed_maturity,access_freshness_lease,dirichlet_lcb,benign_concept_drift,0.5,6,16,5,0.336,0.04555555555555556,0.09996000000000002,2,2,1.0,0.0,1.0,0,0,0,5
cifar10,20,2,mixed_maturity,access_freshness_lease,dirichlet_lcb,benign_concept_drift,0.5,6,17,5,0.3285,0.13055555555555556,0.09996,2,2,1.0,0.0,1.0,0,0,0,5
cifar10,20,2,mixed_maturity,access_freshness_lease,dirichlet_lcb,benign_concept_drift,0.5,6,18,5,0.336,0.05444444444444444,0.09996,2,2,1.0,0.0,1.0,0,0,0,5
cifar10,20,2,mixed_maturity,access_freshness_lease,dirichlet_lcb,benign_concept_drift,0.5,6,19,5,0.306,0.0022222222222222222,0.09996,2,2,1.0,0.0,1.0,0,0,0,5
cifar10,20,2,mixed_maturity,access_freshness_lease,dirichlet_lcb,benign_concept_drift,0.5,6,20,5,0.2905,0.07111111111111111,0.052609418749078964,2,2,1.0,1.0,0.0,0,2,0,5
cifar10,20,2,mixed_maturity,access_freshness_lease,dirichlet_lcb,benign_concept_drift,0.5,6,21,5,0.324,0.057777777777777775,0.05260941874907896,2,2,1.0,1.0,0.0,0,0,0,5
cifar10,20,2,mixed_maturity,access_freshness_lease,dirichlet_lcb,benign_concept_drift,0.5,6,22,5,0.3295,0.005,0.05260941874907896,2,2,1.0,1.0,0.0,0,0,0,5
cifar10,20,2,mixed_maturity,access_freshness_lease,dirichlet_lcb,benign_concept_drift,0.5,6,23,5,0.3205,0.02666666666666667,0.052609418749078964,2,2,1.0,1.0,0.0,0,0,0,5
cifar10,20,2,mixed_maturity,access_freshness_lease,dirichlet_lcb,benign_concept_drift,0.5,6,24,5,0.3575,0.05388888888888889,0.05260941874907898,2,2,1.0,1.0,0.0,0,0,0,5
cifar10,20,2,mixed_maturity,access_freshness_lease,dirichlet_lcb,benign_concept_drift,0.5,6,25,5,0.345,0.05333333333333334,0.09996000000000001,2,2,1.0,0.0,1.0,0,0,2,5
cifar10,20,2,mixed_maturity,access_freshness_lease,dirichlet_lcb,benign_concept_drift,0.5,6,26,5,0.347,0.105,0.09996000000000001,2,2,1.0,0.0,1.0,0,0,0,5
cifar10,20,2,mixed_maturity,access_freshness_lease,dirichlet_lcb,benign_concept_drift,0.5,6,27,5,0.3485,0.01,0.09996,2,2,1.0,0.0,1.0,0,0,0,5
cifar10,20,2,mixed_maturity,access_freshness_lease,dirichlet_lcb,benign_concept_drift,0.5,6,28,5,0.323,0.04777777777777778,0.09996,2,2,1.0,0.0,1.0,0,0,0,5
cifar10,20,2,mixed_maturity,access_freshness_lease,dirichlet_lcb,benign_concept_drift,0.5,6,29,5,0.331,0.07166666666666667,0.09996,2,2,1.0,0.0,1.0,0,0,0,5
cifar10,20,2,mixed_maturity,access_freshness_lease,dirichlet_lcb,benign_concept_drift,0.5,6,30,5,0.3375,0.025,0.05260941874907897,2,2,1.0,1.0,0.0,0,2,0,5
cifar10,20,2,mixed_maturity,access_freshness_lease,dirichlet_lcb,benign_concept_drift,0.5,6,31,5,0.3415,0.06833333333333333,0.052609418749078964,2,2,1.0,1.0,0.0,0,0,0,5
cifar10,20,2,mixed_maturity,access_freshness_lease,dirichlet_lcb,benign_concept_drift,0.5,6,32,5,0.342,0.018333333333333333,0.05260941874907897,2,2,1.0,1.0,0.0,0,0,0,5
cifar10,20,2,mixed_maturity,access_freshness_lease,dirichlet_lcb,benign_concept_drift,0.5,6,33,5,0.34,0.028333333333333332,0.05260941874907897,2,2,1.0,1.0,0.0,0,0,0,5
cifar10,20,2,mixed_maturity,access_freshness_lease,dirichlet_lcb,benign_concept_drift,0.5,6,34,5,0.335,0.15388888888888888,0.052609418749078964,2,2,1.0,1.0,0.0,0,0,0,5
cifar10,20,2,mixed_maturity,access_freshness_lease,dirichlet_lcb,benign_concept_drift,0.5,6,35,5,0.308,0.12166666666666667,0.09996,2,2,1.0,0.0,1.0,0,0,2,5
cifar10,20,2,mixed_maturity,access_freshness_lease,dirichlet_lcb,benign_concept_drift,0.5,6,36,5,0.3455,0.0022222222222222222,0.09996,2,2,1.0,0.0,1.0,0,0,0,5
cifar10,20,2,mixed_maturity,access_freshness_lease,dirichlet_lcb,benign_concept_drift,0.5,6,37,5,0.36,0.04722222222222222,0.09996,2,2,1.0,0.0,1.0,0,0,0,5
cifar10,20,2,mixed_maturity,access_freshness_lease,dirichlet_lcb,benign_concept_drift,0.5,6,38,5,0.337,0.06277777777777778,0.09996,2,2,1.0,0.0,1.0,0,0,0,5
cifar10,20,2,mixed_maturity,access_freshness_lease,dirichlet_lcb,benign_concept_drift,0.5,6,39,5,0.3505,0.11611111111111111,0.09996,2,2,1.0,0.0,1.0,0,0,0,5
cifar10,20,2,mixed_maturity,access_freshness_lease,dirichlet_lcb,benign_concept_drift,0.5,6,40,5,0.321,0.0016666666666666668,0.052609418749078964,2,2,1.0,1.0,0.0,0,2,0,5
cifar10,20,2,mixed_maturity,access_freshness_lease,dirichlet_lcb,benign_concept_drift,0.5,6,41,5,0.3465,0.10055555555555555,0.052609418749078964,2,2,1.0,1.0,0.0,0,0,0,5
cifar10,20,2,mixed_maturity,access_freshness_lease,dirichlet_lcb,benign_concept_drift,0.5,6,42,5,0.326,0.04388888888888889,0.052609418749078964,2,2,1.0,1.0,0.0,0,0,0,5
cifar10,20,2,mixed_maturity,access_freshness_lease,dirichlet_lcb,benign_concept_drift,0.5,6,43,5,0.3465,0.05722222222222222,0.052609418749078964,2,2,1.0,1.0,0.0,0,0,0,5
cifar10,20,2,mixed_maturity,access_freshness_lease,dirichlet_lcb,benign_concept_drift,0.5,6,44,5,0.3475,0.08,0.052609418749078964,2,2,1.0,1.0,0.0,0,0,0,5
cifar10,20,2,mixed_maturity,access_freshness_lease,dirichlet_lcb,benign_concept_drift,0.5,6,45,5,0.354,0.16944444444444445,0.09996,2,2,1.0,0.0,1.0,0,0,2,5
cifar10,20,2,mixed_maturity,access_freshness_lease,dirichlet_lcb,benign_concept_drift,0.5,6,46,5,0.348,0.08888888888888889,0.09996000000000002,2,2,1.0,0.0,1.0,0,0,0,5
cifar10,20,2,mixed_maturity,access_freshness_lease,dirichlet_lcb,benign_concept_drift,0.5,6,47,5,0.322,0.2588888888888889,0.09995999999999997,2,2,1.0,0.0,1.0,0,0,0,5
cifar10,20,2,mixed_maturity,access_freshness_lease,dirichlet_lcb,benign_concept_drift,0.5,6,48,5,0.32,0.02388888888888889,0.09996,2,2,1.0,0.0,1.0,0,0,0,5
cifar10,20,2,mixed_maturity,access_freshness_lease,dirichlet_lcb,benign_concept_drift,0.5,6,49,5,0.3695,0.07277777777777777,0.09996,2,2,1.0,0.0,1.0,0,0,0,5
cifar10,20,2,mixed_maturity,access_freshness_lease,dirichlet_lcb,benign_concept_drift,0.5,6,50,5,0.3715,0.02388888888888889,0.05260941874907896,2,2,1.0,1.0,0.0,0,2,0,5
cifar10,20,2,mixed_maturity,access_freshness_lease,dirichlet_lcb,benign_concept_drift,0.5,7,1,5,0.184,0.0,0.05293083297358197,2,2,1.0,1.0,0.0,0,0,0,5
cifar10,20,2,mixed_maturity,access_freshness_lease,dirichlet_lcb,benign_concept_drift,0.5,7,2,5,0.1665,0.005555555555555556,0.05293083297358196,2,2,1.0,1.0,0.0,0,0,0,5
cifar10,20,2,mixed_maturity,access_freshness_lease,dirichlet_lcb,benign_concept_drift,0.5,7,3,5,0.2125,0.049444444444444444,0.052930832973581976,2,2,1.0,1.0,0.0,0,0,0,5
cifar10,20,2,mixed_maturity,access_freshness_lease,dirichlet_lcb,benign_concept_drift,0.5,7,4,5,0.2415,0.020555555555555556,0.05293083297358197,2,2,1.0,1.0,0.0,0,0,0,5
cifar10,20,2,mixed_maturity,access_freshness_lease,dirichlet_lcb,benign_concept_drift,0.5,7,5,5,0.2635,0.018333333333333333,0.10054000000000002,2,2,1.0,0.0,1.0,0,0,0,5
cifar10,20,2,mixed_maturity,access_freshness_lease,dirichlet_lcb,benign_concept_drift,0.5,7,6,5,0.268,0.07777777777777778,0.10054,2,2,1.0,0.0,1.0,0,0,0,5
cifar10,20,2,mixed_maturity,access_freshness_lease,dirichlet_lcb,benign_concept_drift,0.5,7,7,5,0.2595,0.3194444444444444,0.10054,2,2,1.0,0.0,1.0,0,0,0,5
cifar10,20,2,mixed_maturity,access_freshness_lease,dirichlet_lcb,benign_concept_drift,0.5,7,8,5,0.317,0.03111111111111111,0.10054,2,2,1.0,0.0,1.0,0,0,0,5
cifar10,20,2,mixed_maturity,access_freshness_lease,dirichlet_lcb,benign_concept_drift,0.5,7,9,5,0.27,0.013888888888888888,0.10054,2,2,1.0,0.0,1.0,0,0,0,5
cifar10,20,2,mixed_maturity,access_freshness_lease,dirichlet_lcb,benign_concept_drift,0.5,7,10,5,0.3195,0.015,0.05293083297358196,2,2,1.0,1.0,0.0,0,2,0,5
cifar10,20,2,mixed_maturity,access_freshness_lease,dirichlet_lcb,benign_concept_drift,0.5,7,11,5,0.3045,0.04555555555555556,0.05293083297358197,2,2,1.0,1.0,0.0,0,0,0,5
cifar10,20,2,mixed_maturity,access_freshness_lease,dirichlet_lcb,benign_concept_drift,0.5,7,12,5,0.2775,0.006111111111111111,0.05293083297358197,2,2,1.0,1.0,0.0,0,0,0,5
cifar10,20,2,mixed_maturity,access_freshness_lease,dirichlet_lcb,benign_concept_drift,0.5,7,13,5,0.2855,0.006666666666666667,0.05293083297358197,2,2,1.0,1.0,0.0,0,0,0,5
cifar10,20,2,mixed_maturity,access_freshness_lease,dirichlet_lcb,benign_concept_drift,0.5,7,14,5,0.315,0.030555555555555555,0.05293083297358196,2,2,1.0,1.0,0.0,0,0,0,5
cifar10,20,2,mixed_maturity,access_freshness_lease,dirichlet_lcb,benign_concept_drift,0.5,7,15,5,0.3285,0.018333333333333333,0.10054,2,2,1.0,0.0,1.0,0,0,2,5
cifar10,20,2,mixed_maturity,access_freshness_lease,dirichlet_lcb,benign_concept_drift,0.5,7,16,5,0.34,0.04111111111111111,0.10054000000000002,2,2,1.0,0.0,1.0,0,0,0,5
cifar10,20,2,mixed_maturity,access_freshness_lease,dirichlet_lcb,benign_concept_drift,0.5,7,17,5,0.323,0.04777777777777778,0.10054,2,2,1.0,0.0,1.0,0,0,0,5
cifar10,20,2,mixed_maturity,access_freshness_lease,dirichlet_lcb,benign_concept_drift,0.5,7,18,5,0.306,0.02722222222222222,0.10054000000000002,2,2,1.0,0.0,1.0,0,0,0,5
cifar10,20,2,mixed_maturity,access_freshness_lease,dirichlet_lcb,benign_concept_drift,0.5,7,19,5,0.3315,0.10777777777777778,0.10054,2,2,1.0,0.0,1.0,0,0,0,5
cifar10,20,2,mixed_maturity,access_freshness_lease,dirichlet_lcb,benign_concept_drift,0.5,7,20,5,0.343,0.04388888888888889,0.05293083297358197,2,2,1.0,1.0,0.0,0,2,0,5
cifar10,20,2,mixed_maturity,access_freshness_lease,dirichlet_lcb,benign_concept_drift,0.5,7,21,5,0.3095,0.205,0.05293083297358197,2,2,1.0,1.0,0.0,0,0,0,5
cifar10,20,2,mixed_maturity,access_freshness_lease,dirichlet_lcb,benign_concept_drift,0.5,7,22,5,0.329,0.015555555555555555,0.05293083297358196,2,2,1.0,1.0,0.0,0,0,0,5
cifar10,20,2,mixed_maturity,access_freshness_lease,dirichlet_lcb,benign_concept_drift,0.5,7,23,5,0.3055,0.002777777777777778,0.05293083297358196,2,2,1.0,1.0,0.0,0,0,0,5
cifar10,20,2,mixed_maturity,access_freshness_lease,dirichlet_lcb,benign_concept_drift,0.5,7,24,5,0.319,0.044444444444444446,0.05293083297358197,2,2,1.0,1.0,0.0,0,0,0,5
cifar10,20,2,mixed_maturity,access_freshness_lease,dirichlet_lcb,benign_concept_drift,0.5,7,25,5,0.3145,0.1388888888888889,0.10054,2,2,1.0,0.0,1.0,0,0,2,5
cifar10,20,2,mixed_maturity,access_freshness_lease,dirichlet_lcb,benign_concept_drift,0.5,7,26,5,0.277,0.02,0.10054,2,2,1.0,0.0,1.0,0,0,0,5
cifar10,20,2,mixed_maturity,access_freshness_lease,dirichlet_lcb,benign_concept_drift,0.5,7,27,5,0.3125,0.0005555555555555556,0.10054,2,2,1.0,0.0,1.0,0,0,0,5
cifar10,20,2,mixed_maturity,access_freshness_lease,dirichlet_lcb,benign_concept_drift,0.5,7,28,5,0.323,0.12944444444444445,0.10054,2,2,1.0,0.0,1.0,0,0,0,5
cifar10,20,2,mixed_maturity,access_freshness_lease,dirichlet_lcb,benign_concept_drift,0.5,7,29,5,0.3375,0.02,0.10054,2,2,1.0,0.0,1.0,0,0,0,5
cifar10,20,2,mixed_maturity,access_freshness_lease,dirichlet_lcb,benign_concept_drift,0.5,7,30,5,0.3185,0.009444444444444445,0.052930832973581976,2,2,1.0,1.0,0.0,0,2,0,5
cifar10,20,2,mixed_maturity,access_freshness_lease,dirichlet_lcb,benign_concept_drift,0.5,7,31,5,0.3195,0.07833333333333334,0.05293083297358196,2,2,1.0,1.0,0.0,0,0,0,5
cifar10,20,2,mixed_maturity,access_freshness_lease,dirichlet_lcb,benign_concept_drift,0.5,7,32,5,0.3275,0.07277777777777777,0.05293083297358196,2,2,1.0,1.0,0.0,0,0,0,5
cifar10,20,2,mixed_maturity,access_freshness_lease,dirichlet_lcb,benign_concept_drift,0.5,7,33,5,0.3575,0.030555555555555555,0.05293083297358196,2,2,1.0,1.0,0.0,0,0,0,5
cifar10,20,2,mixed_maturity,access_freshness_lease,dirichlet_lcb,benign_concept_drift,0.5,7,34,5,0.3455,0.041666666666666664,0.05293083297358197,2,2,1.0,1.0,0.0,0,0,0,5
cifar10,20,2,mixed_maturity,access_freshness_lease,dirichlet_lcb,benign_concept_drift,0.5,7,35,5,0.3565,0.065,0.10054,2,2,1.0,0.0,1.0,0,0,2,5
cifar10,20,2,mixed_maturity,access_freshness_lease,dirichlet_lcb,benign_concept_drift,0.5,7,36,5,0.323,0.01611111111111111,0.10054,2,2,1.0,0.0,1.0,0,0,0,5
cifar10,20,2,mixed_maturity,access_freshness_lease,dirichlet_lcb,benign_concept_drift,0.5,7,37,5,0.3235,0.055,0.10054,2,2,1.0,0.0,1.0,0,0,0,5
cifar10,20,2,mixed_maturity,access_freshness_lease,dirichlet_lcb,benign_concept_drift,0.5,7,38,5,0.3515,0.09055555555555556,0.10054,2,2,1.0,0.0,1.0,0,0,0,5
cifar10,20,2,mixed_maturity,access_freshness_lease,dirichlet_lcb,benign_concept_drift,0.5,7,39,5,0.3155,0.03388888888888889,0.10054000000000002,2,2,1.0,0.0,1.0,0,0,0,5
cifar10,20,2,mixed_maturity,access_freshness_lease,dirichlet_lcb,benign_concept_drift,0.5,7,40,5,0.306,0.0038888888888888888,0.05293083297358196,2,2,1.0,1.0,0.0,0,2,0,5
cifar10,20,2,mixed_maturity,access_freshness_lease,dirichlet_lcb,benign_concept_drift,0.5,7,41,5,0.3485,0.013888888888888888,0.05293083297358196,2,2,1.0,1.0,0.0,0,0,0,5
cifar10,20,2,mixed_maturity,access_freshness_lease,dirichlet_lcb,benign_concept_drift,0.5,7,42,5,0.354,0.042777777777777776,0.052930832973581955,2,2,1.0,1.0,0.0,0,0,0,5
cifar10,20,2,mixed_maturity,access_freshness_lease,dirichlet_lcb,benign_concept_drift,0.5,7,43,5,0.3485,0.05277777777777778,0.05293083297358197,2,2,1.0,1.0,0.0,0,0,0,5
cifar10,20,2,mixed_maturity,access_freshness_lease,dirichlet_lcb,benign_concept_drift,0.5,7,44,5,0.366,0.05444444444444444,0.05293083297358196,2,2,1.0,1.0,0.0,0,0,0,5
cifar10,20,2,mixed_maturity,access_freshness_lease,dirichlet_lcb,benign_concept_drift,0.5,7,45,5,0.33,0.013888888888888888,0.10054,2,2,1.0,0.0,1.0,0,0,2,5
cifar10,20,2,mixed_maturity,access_freshness_lease,dirichlet_lcb,benign_concept_drift,0.5,7,46,5,0.378,0.075,0.10054,2,2,1.0,0.0,1.0,0,0,0,5
cifar10,20,2,mixed_maturity,access_freshness_lease,dirichlet_lcb,benign_concept_drift,0.5,7,47,5,0.353,0.0077777777777777776,0.10054,2,2,1.0,0.0,1.0,0,0,0,5
cifar10,20,2,mixed_maturity,access_freshness_lease,dirichlet_lcb,benign_concept_drift,0.5,7,48,5,0.295,0.0044444444444444444,0.10054,2,2,1.0,0.0,1.0,0,0,0,5
cifar10,20,2,mixed_maturity,access_freshness_lease,dirichlet_lcb,benign_concept_drift,0.5,7,49,5,0.3615,0.007222222222222222,0.10054,2,2,1.0,0.0,1.0,0,0,0,5
cifar10,20,2,mixed_maturity,access_freshness_lease,dirichlet_lcb,benign_concept_drift,0.5,7,50,5,0.3625,0.016666666666666666,0.05293083297358197,2,2,1.0,1.0,0.0,0,2,0,5
cifar10,20,2,mixed_maturity,access_freshness_lease,dirichlet_lcb,benign_concept_drift,0.5,8,1,5,0.1,0.9977777777777778,0.05316370376611341,2,2,1.0,1.0,0.0,0,0,0,5
cifar10,20,2,mixed_maturity,access_freshness_lease,dirichlet_lcb,benign_concept_drift,0.5,8,2,5,0.2345,0.0005555555555555556,0.053163703766113415,2,2,1.0,1.0,0.0,0,0,0,5
cifar10,20,2,mixed_maturity,access_freshness_lease,dirichlet_lcb,benign_concept_drift,0.5,8,3,5,0.2235,0.0016666666666666668,0.053163703766113415,2,2,1.0,1.0,0.0,0,0,0,5
cifar10,20,2,mixed_maturity,access_freshness_lease,dirichlet_lcb,benign_concept_drift,0.5,8,4,5,0.257,0.07444444444444444,0.05316370376611342,2,2,1.0,1.0,0.0,0,0,0,5
cifar10,20,2,mixed_maturity,access_freshness_lease,dirichlet_lcb,benign_concept_drift,0.5,8,5,5,0.231,0.01611111111111111,0.10096000000000001,2,2,1.0,0.0,1.0,0,0,0,5
cifar10,20,2,mixed_maturity,access_freshness_lease,dirichlet_lcb,benign_concept_drift,0.5,8,6,5,0.2625,0.1761111111111111,0.10096000000000002,2,2,1.0,0.0,1.0,0,0,0,5
cifar10,20,2,mixed_maturity,access_freshness_lease,dirichlet_lcb,benign_concept_drift,0.5,8,7,5,0.273,0.0022222222222222222,0.10096000000000001,2,2,1.0,0.0,1.0,0,0,0,5
cifar10,20,2,mixed_maturity,access_freshness_lease,dirichlet_lcb,benign_concept_drift,0.5,8,8,5,0.269,0.06111111111111111,0.10095999999999998,2,2,1.0,0.0,1.0,0,0,0,5
cifar10,20,2,mixed_maturity,access_freshness_lease,dirichlet_lcb,benign_concept_drift,0.5,8,9,5,0.231,0.013888888888888888,0.10096000000000001,2,2,1.0,0.0,1.0,0,0,0,5
cifar10,20,2,mixed_maturity,access_freshness_lease,dirichlet_lcb,benign_concept_drift,0.5,8,10,5,0.2885,0.18055555555555555,0.053163703766113415,2,2,1.0,1.0,0.0,0,2,0,5
cifar10,20,2,mixed_maturity,access_freshness_lease,dirichlet_lcb,benign_concept_drift,0.5,8,11,5,0.276,0.03944444444444444,0.05316370376611341,2,2,1.0,1.0,0.0,0,0,0,5
cifar10,20,2,mixed_maturity,access_freshness_lease,dirichlet_lcb,benign_concept_drift,0.5,8,12,5,0.308,0.034444444444444444,0.05316370376611341,2,2,1.0,1.0,0.0,0,0,0,5
cifar10,20,2,mixed_maturity,access_freshness_lease,dirichlet_lcb,benign_concept_drift,0.5,8,13,5,0.313,0.13666666666666666,0.0531637037661134,2,2,1.0,1.0,0.0,0,0,0,5
cifar10,20,2,mixed_maturity,access_freshness_lease,dirichlet_lcb,benign_concept_drift,0.5,8,14,5,0.281,0.1238888888888889,0.0531637037661134,2,2,1.0,1.0,0.0,0,0,0,5
cifar10,20,2,mixed_maturity,access_freshness_lease,dirichlet_lcb,benign_concept_drift,0.5,8,15,5,0.337,0.015555555555555555,0.10096000000000001,2,2,1.0,0.0,1.0,0,0,2,5
cifar10,20,2,mixed_maturity,access_freshness_lease,dirichlet_lcb,benign_concept_drift,0.5,8,16,5,0.3075,0.012222222222222223,0.10096000000000001,2,2,1.0,0.0,1.0,0,0,0,5
cifar10,20,2,mixed_maturity,access_freshness_lease,dirichlet_lcb,benign_concept_drift,0.5,8,17,5,0.293,0.1288888888888889,0.10096000000000001,2,2,1.0,0.0,1.0,0,0,0,5
cifar10,20,2,mixed_maturity,access_freshness_lease,dirichlet_lcb,benign_concept_drift,0.5,8,18,5,0.29,0.019444444444444445,0.10095999999999998,2,2,1.0,0.0,1.0,0,0,0,5
cifar10,20,2,mixed_maturity,access_freshness_lease,dirichlet_lcb,benign_concept_drift,0.5,8,19,5,0.319,0.03888888888888889,0.10096000000000001,2,2,1.0,0.0,1.0,0,0,0,5
cifar10,20,2,mixed_maturity,access_freshness_lease,dirichlet_lcb,benign_concept_drift,0.5,8,20,5,0.3215,0.044444444444444446,0.05316370376611341,2,2,1.0,1.0,0.0,0,2,0,5
cifar10,20,2,mixed_maturity,access_freshness_lease,dirichlet_lcb,benign_concept_drift,0.5,8,21,5,0.2975,0.115,0.05316370376611341,2,2,1.0,1.0,0.0,0,0,0,5
cifar10,20,2,mixed_maturity,access_freshness_lease,dirichlet_lcb,benign_concept_drift,0.5,8,22,5,0.292,0.03888888888888889,0.05316370376611342,2,2,1.0,1.0,0.0,0,0,0,5
cifar10,20,2,mixed_maturity,access_freshness_lease,dirichlet_lcb,benign_concept_drift,0.5,8,23,5,0.3115,0.0033333333333333335,0.05316370376611341,2,2,1.0,1.0,0.0,0,0,0,5
cifar10,20,2,mixed_maturity,access_freshness_lease,dirichlet_lcb,benign_concept_drift,0.5,8,24,5,0.3205,0.03166666666666667,0.053163703766113415,2,2,1.0,1.0,0.0,0,0,0,5
cifar10,20,2,mixed_maturity,access_freshness_lease,dirichlet_lcb,benign_concept_drift,0.5,8,25,5,0.3265,0.08055555555555556,0.10096000000000001,2,2,1.0,0.0,1.0,0,0,2,5
cifar10,20,2,mixed_maturity,access_freshness_lease,dirichlet_lcb,benign_concept_drift,0.5,8,26,5,0.34,0.034444444444444444,0.10096000000000001,2,2,1.0,0.0,1.0,0,0,0,5
cifar10,20,2,mixed_maturity,access_freshness_lease,dirichlet_lcb,benign_concept_drift,0.5,8,27,5,0.3345,0.023333333333333334,0.10096000000000001,2,2,1.0,0.0,1.0,0,0,0,5
cifar10,20,2,mixed_maturity,access_freshness_lease,dirichlet_lcb,benign_concept_drift,0.5,8,28,5,0.305,0.11333333333333333,0.10096000000000001,2,2,1.0,0.0,1.0,0,0,0,5
cifar10,20,2,mixed_maturity,access_freshness_lease,dirichlet_lcb,benign_concept_drift,0.5,8,29,5,0.3585,0.012222222222222223,0.10096000000000001,2,2,1.0,0.0,1.0,0,0,0,5
cifar10,20,2,mixed_maturity,access_freshness_lease,dirichlet_lcb,benign_concept_drift,0.5,8,30,5,0.304,0.013333333333333334,0.05316370376611341,2,2,1.0,1.0,0.0,0,2,0,5
cifar10,20,2,mixed_maturity,access_freshness_lease,dirichlet_lcb,benign_concept_drift,0.5,8,31,5,0.311,0.08611111111111111,0.0531637037661134,2,2,1.0,1.0,0.0,0,0,0,5
cifar10,20,2,mixed_maturity,access_freshness_lease,dirichlet_lcb,benign_concept_drift,0.5,8,32,5,0.299,0.020555555555555556,0.05316370376611341,2,2,1.0,1.0,0.0,0,0,0,5
cifar10,20,2,mixed_maturity,access_freshness_lease,dirichlet_lcb,benign_concept_drift,0.5,8,33,5,0.3515,0.06222222222222222,0.05316370376611341,2,2,1.0,1.0,0.0,0,0,0,5
cifar10,20,2,mixed_maturity,access_freshness_lease,dirichlet_lcb,benign_concept_drift,0.5,8,34,5,0.349,0.13,0.05316370376611341,2,2,1.0,1.0,0.0,0,0,0,5
cifar10,20,2,mixed_maturity,access_freshness_lease,dirichlet_lcb,benign_concept_drift,0.5,8,35,5,0.316,0.0077777777777777776,0.10096000000000001,2,2,1.0,0.0,1.0,0,0,2,5
cifar10,20,2,mixed_maturity,access_freshness_lease,dirichlet_lcb,benign_concept_drift,0.5,8,36,5,0.3025,0.015555555555555555,0.10096000000000002,2,2,1.0,0.0,1.0,0,0,0,5
cifar10,20,2,mixed_maturity,access_freshness_lease,dirichlet_lcb,benign_concept_drift,0.5,8,37,5,0.329,0.0022222222222222222,0.10095999999999998,2,2,1.0,0.0,1.0,0,0,0,5
cifar10,20,2,mixed_maturity,access_freshness_lease,dirichlet_lcb,benign_concept_drift,0.5,8,38,5,0.347,0.08222222222222222,0.10095999999999998,2,2,1.0,0.0,1.0,0,0,0,5
cifar10,20,2,mixed_maturity,access_freshness_lease,dirichlet_lcb,benign_concept_drift,0.5,8,39,5,0.3205,0.23555555555555555,0.10096000000000001,2,2,1.0,0.0,1.0,0,0,0,5
cifar10,20,2,mixed_maturity,access_freshness_lease,dirichlet_lcb,benign_concept_drift,0.5,8,40,5,0.3215,0.03111111111111111,0.0531637037661134,2,2,1.0,1.0,0.0,0,2,0,5
cifar10,20,2,mixed_maturity,access_freshness_lease,dirichlet_lcb,benign_concept_drift,0.5,8,41,5,0.3665,0.08611111111111111,0.053163703766113415,2,2,1.0,1.0,0.0,0,0,0,5
cifar10,20,2,mixed_maturity,access_freshness_lease,dirichlet_lcb,benign_concept_drift,0.5,8,42,5,0.3415,0.1288888888888889,0.05316370376611341,2,2,1.0,1.0,0.0,0,0,0,5
cifar10,20,2,mixed_maturity,access_freshness_lease,dirichlet_lcb,benign_concept_drift,0.5,8,43,5,0.309,0.02,0.05316370376611341,2,2,1.0,1.0,0.0,0,0,0,5
cifar10,20,2,mixed_maturity,access_freshness_lease,dirichlet_lcb,benign_concept_drift,0.5,8,44,5,0.3325,0.14277777777777778,0.05316370376611341,2,2,1.0,1.0,0.0,0,0,0,5
cifar10,20,2,mixed_maturity,access_freshness_lease,dirichlet_lcb,benign_concept_drift,0.5,8,45,5,0.32,0.06111111111111111,0.10095999999999998,2,2,1.0,0.0,1.0,0,0,2,5
cifar10,20,2,mixed_maturity,access_freshness_lease,dirichlet_lcb,benign_concept_drift,0.5,8,46,5,0.331,0.1622222222222222,0.10096000000000001,2,2,1.0,0.0,1.0,0,0,0,5
cifar10,20,2,mixed_maturity,access_freshness_lease,dirichlet_lcb,benign_concept_drift,0.5,8,47,5,0.326,0.018333333333333333,0.10095999999999998,2,2,1.0,0.0,1.0,0,0,0,5
cifar10,20,2,mixed_maturity,access_freshness_lease,dirichlet_lcb,benign_concept_drift,0.5,8,48,5,0.3355,0.13666666666666666,0.10096000000000001,2,2,1.0,0.0,1.0,0,0,0,5
cifar10,20,2,mixed_maturity,access_freshness_lease,dirichlet_lcb,benign_concept_drift,0.5,8,49,5,0.3505,0.06222222222222222,0.10095999999999998,2,2,1.0,0.0,1.0,0,0,0,5
cifar10,20,2,mixed_maturity,access_freshness_lease,dirichlet_lcb,benign_concept_drift,0.5,8,50,5,0.3505,0.08222222222222222,0.053163703766113415,2,2,1.0,1.0,0.0,0,2,0,5
cifar10,20,2,mixed_maturity,access_freshness_lease,dirichlet_lcb,benign_concept_drift,0.5,9,1,5,0.118,0.0,0.03149143346364509,2,2,1.0,1.0,0.0,0,0,0,5
cifar10,20,2,mixed_maturity,access_freshness_lease,dirichlet_lcb,benign_concept_drift,0.5,9,2,5,0.2495,0.15555555555555556,0.03149143346364509,2,2,1.0,1.0,0.0,0,0,0,5
cifar10,20,2,mixed_maturity,access_freshness_lease,dirichlet_lcb,benign_concept_drift,0.5,9,3,5,0.242,0.0,0.03149143346364509,2,2,1.0,1.0,0.0,0,0,0,5
cifar10,20,2,mixed_maturity,access_freshness_lease,dirichlet_lcb,benign_concept_drift,0.5,9,4,5,0.256,0.0005555555555555556,0.03149143346364508,2,2,1.0,1.0,0.0,0,0,0,5
cifar10,20,2,mixed_maturity,access_freshness_lease,dirichlet_lcb,benign_concept_drift,0.5,9,5,5,0.2275,0.0011111111111111111,0.06105999999999999,2,2,1.0,0.0,1.0,0,0,0,5
cifar10,20,2,mixed_maturity,access_freshness_lease,dirichlet_lcb,benign_concept_drift,0.5,9,6,5,0.31,0.1272222222222222,0.06106,2,2,1.0,0.0,1.0,0,0,0,5
cifar10,20,2,mixed_maturity,access_freshness_lease,dirichlet_lcb,benign_concept_drift,0.5,9,7,5,0.283,0.25277777777777777,0.06105999999999999,2,2,1.0,0.0,1.0,0,0,0,5
cifar10,20,2,mixed_maturity,access_freshness_lease,dirichlet_lcb,benign_concept_drift,0.5,9,8,5,0.2835,0.05555555555555555,0.06105999999999999,2,2,1.0,0.0,1.0,0,0,0,5
cifar10,20,2,mixed_maturity,access_freshness_lease,dirichlet_lcb,benign_concept_drift,0.5,9,9,5,0.309,0.010555555555555556,0.06106,2,2,1.0,0.0,1.0,0,0,0,5
cifar10,20,2,mixed_maturity,access_freshness_lease,dirichlet_lcb,benign_concept_drift,0.5,9,10,5,0.3045,0.059444444444444446,0.03149143346364509,2,2,1.0,1.0,0.0,0,2,0,5
cifar10,20,2,mixed_maturity,access_freshness_lease,dirichlet_lcb,benign_concept_drift,0.5,9,11,5,0.3185,0.04888888888888889,0.03149143346364509,2,2,1.0,1.0,0.0,0,0,0,5
cifar10,20,2,mixed_maturity,access_freshness_lease,dirichlet_lcb,benign_concept_drift,0.5,9,12,5,0.2835,0.06388888888888888,0.03149143346364508,2,2,1.0,1.0,0.0,0,0,0,5
cifar10,20,2,mixed_maturity,access_freshness_lease,dirichlet_lcb,benign_concept_drift,0.5,9,13,5,0.318,0.03222222222222222,0.03149143346364508,2,2,1.0,1.0,0.0,0,0,0,5
cifar10,20,2,mixed_maturity,access_freshness_lease,dirichlet_lcb,benign_concept_drift,0.5,9,14,5,0.328,0.0077777777777777776,0.03149143346364509,2,2,1.0,1.0,0.0,0,0,0,5
cifar10,20,2,mixed_maturity,access_freshness_lease,dirichlet_lcb,benign_concept_drift,0.5,9,15,5,0.329,0.041666666666666664,0.06106,2,2,1.0,0.0,1.0,0,0,2,5
cifar10,20,2,mixed_maturity,access_freshness_lease,dirichlet_lcb,benign_concept_drift,0.5,9,16,5,0.3395,0.0011111111111111111,0.06105999999999999,2,2,1.0,0.0,1.0,0,0,0,5
cifar10,20,2,mixed_maturity,access_freshness_lease,dirichlet_lcb,benign_concept_drift,0.5,9,17,5,0.319,0.2038888888888889,0.06105999999999999,2,2,1.0,0.0,1.0,0,0,0,5
cifar10,20,2,mixed_maturity,access_freshness_lease,dirichlet_lcb,benign_concept_drift,0.5,9,18,5,0.3155,0.04555555555555556,0.06105999999999999,2,2,1.0,0.0,1.0,0,0,0,5
cifar10,20,2,mixed_maturity,access_freshness_lease,dirichlet_lcb,benign_concept_drift,0.5,9,19,5,0.3565,0.1238888888888889,0.06106,2,2,1.0,0.0,1.0,0,0,0,5
cifar10,20,2,mixed_maturity,access_freshness_lease,dirichlet_lcb,benign_concept_drift,0.5,9,20,5,0.3295,0.15666666666666668,0.03149143346364509,2,2,1.0,1.0,0.0,0,2,0,5
cifar10,20,2,mixed_maturity,access_freshness_lease,dirichlet_lcb,benign_concept_drift,0.5,9,21,5,0.33,0.08944444444444444,0.03149143346364509,2,2,1.0,1.0,0.0,0,0,0,5
cifar10,20,2,mixed_maturity,access_freshness_lease,dirichlet_lcb,benign_concept_drift,0.5,9,22,5,0.31,0.19,0.03149143346364509,2,2,1.0,1.0,0.0,0,0,0,5
cifar10,20,2,mixed_maturity,access_freshness_lease,dirichlet_lcb,benign_concept_drift,0.5,9,23,5,0.3205,0.03888888888888889,0.03149143346364509,2,2,1.0,1.0,0.0,0,0,0,5
cifar10,20,2,mixed_maturity,access_freshness_lease,dirichlet_lcb,benign_concept_drift,0.5,9,24,5,0.3235,0.0005555555555555556,0.03149143346364509,2,2,1.0,1.0,0.0,0,0,0,5
cifar10,20,2,mixed_maturity,access_freshness_lease,dirichlet_lcb,benign_concept_drift,0.5,9,25,5,0.3235,0.07388888888888889,0.06106,2,2,1.0,0.0,1.0,0,0,2,5
cifar10,20,2,mixed_maturity,access_freshness_lease,dirichlet_lcb,benign_concept_drift,0.5,9,26,5,0.329,0.0005555555555555556,0.06106,2,2,1.0,0.0,1.0,0,0,0,5
cifar10,20,2,mixed_maturity,access_freshness_lease,dirichlet_lcb,benign_concept_drift,0.5,9,27,5,0.334,0.020555555555555556,0.06106,2,2,1.0,0.0,1.0,0,0,0,5
cifar10,20,2,mixed_maturity,access_freshness_lease,dirichlet_lcb,benign_concept_drift,0.5,9,28,5,0.3355,0.17333333333333334,0.06106,2,2,1.0,0.0,1.0,0,0,0,5
cifar10,20,2,mixed_maturity,access_freshness_lease,dirichlet_lcb,benign_concept_drift,0.5,9,29,5,0.3315,0.09666666666666666,0.06106000000000001,2,2,1.0,0.0,1.0,0,0,0,5
cifar10,20,2,mixed_maturity,access_freshness_lease,dirichlet_lcb,benign_concept_drift,0.5,9,30,5,0.3305,0.08,0.03149143346364509,2,2,1.0,1.0,0.0,0,2,0,5
cifar10,20,2,mixed_maturity,access_freshness_lease,dirichlet_lcb,benign_concept_drift,0.5,9,31,5,0.3485,0.03944444444444444,0.03149143346364509,2,2,1.0,1.0,0.0,0,0,0,5
cifar10,20,2,mixed_maturity,access_freshness_lease,dirichlet_lcb,benign_concept_drift,0.5,9,32,5,0.3425,0.13111111111111112,0.03149143346364508,2,2,1.0,1.0,0.0,0,0,0,5
cifar10,20,2,mixed_maturity,access_freshness_lease,dirichlet_lcb,benign_concept_drift,0.5,9,33,5,0.3185,0.185,0.03149143346364509,2,2,1.0,1.0,0.0,0,0,0,5
cifar10,20,2,mixed_maturity,access_freshness_lease,dirichlet_lcb,benign_concept_drift,0.5,9,34,5,0.3495,0.016666666666666666,0.03149143346364508,2,2,1.0,1.0,0.0,0,0,0,5
cifar10,20,2,mixed_maturity,access_freshness_lease,dirichlet_lcb,benign_concept_drift,0.5,9,35,5,0.3645,0.023333333333333334,0.06105999999999999,2,2,1.0,0.0,1.0,0,0,2,5
cifar10,20,2,mixed_maturity,access_freshness_lease,dirichlet_lcb,benign_concept_drift,0.5,9,36,5,0.3315,0.10222222222222223,0.06105999999999999,2,2,1.0,0.0,1.0,0,0,0,5
cifar10,20,2,mixed_maturity,access_freshness_lease,dirichlet_lcb,benign_concept_drift,0.5,9,37,5,0.3325,0.085,0.06106,2,2,1.0,0.0,1.0,0,0,0,5
cifar10,20,2,mixed_maturity,access_freshness_lease,dirichlet_lcb,benign_concept_drift,0.5,9,38,5,0.3305,0.19055555555555556,0.06106,2,2,1.0,0.0,1.0,0,0,0,5
cifar10,20,2,mixed_maturity,access_freshness_lease,dirichlet_lcb,benign_concept_drift,0.5,9,39,5,0.341,0.01888888888888889,0.06106,2,2,1.0,0.0,1.0,0,0,0,5
cifar10,20,2,mixed_maturity,access_freshness_lease,dirichlet_lcb,benign_concept_drift,0.5,9,40,5,0.3605,0.02666666666666667,0.03149143346364508,2,2,1.0,1.0,0.0,0,2,0,5
cifar10,20,2,mixed_maturity,access_freshness_lease,dirichlet_lcb,benign_concept_drift,0.5,9,41,5,0.366,0.03722222222222222,0.03149143346364509,2,2,1.0,1.0,0.0,0,0,0,5
cifar10,20,2,mixed_maturity,access_freshness_lease,dirichlet_lcb,benign_concept_drift,0.5,9,42,5,0.357,0.04611111111111111,0.03149143346364509,2,2,1.0,1.0,0.0,0,0,0,5
cifar10,20,2,mixed_maturity,access_freshness_lease,dirichlet_lcb,benign_concept_drift,0.5,9,43,5,0.354,0.11888888888888889,0.03149143346364509,2,2,1.0,1.0,0.0,0,0,0,5
cifar10,20,2,mixed_maturity,access_freshness_lease,dirichlet_lcb,benign_concept_drift,0.5,9,44,5,0.349,0.10055555555555555,0.03149143346364509,2,2,1.0,1.0,0.0,0,0,0,5
cifar10,20,2,mixed_maturity,access_freshness_lease,dirichlet_lcb,benign_concept_drift,0.5,9,45,5,0.3255,0.01611111111111111,0.06106,2,2,1.0,0.0,1.0,0,0,2,5
cifar10,20,2,mixed_maturity,access_freshness_lease,dirichlet_lcb,benign_concept_drift,0.5,9,46,5,0.3335,0.04722222222222222,0.06105999999999999,2,2,1.0,0.0,1.0,0,0,0,5
cifar10,20,2,mixed_maturity,access_freshness_lease,dirichlet_lcb,benign_concept_drift,0.5,9,47,5,0.361,0.11277777777777778,0.06106,2,2,1.0,0.0,1.0,0,0,0,5
cifar10,20,2,mixed_maturity,access_freshness_lease,dirichlet_lcb,benign_concept_drift,0.5,9,48,5,0.349,0.08888888888888889,0.06106,2,2,1.0,0.0,1.0,0,0,0,5
cifar10,20,2,mixed_maturity,access_freshness_lease,dirichlet_lcb,benign_concept_drift,0.5,9,49,5,0.349,0.021666666666666667,0.06105999999999999,2,2,1.0,0.0,1.0,0,0,0,5
cifar10,20,2,mixed_maturity,access_freshness_lease,dirichlet_lcb,benign_concept_drift,0.5,9,50,5,0.3325,0.005,0.03149143346364509,2,2,1.0,1.0,0.0,0,2,0,5
cifar10,20,2,mixed_maturity,access_freshness_lease,dirichlet_lcb,diverse_then_repeat_backdoor,0.5,0,1,5,0.1545,0.0,0.0441792229218223,2,2,1.0,1.0,0.0,0,0,0,5
cifar10,20,2,mixed_maturity,access_freshness_lease,dirichlet_lcb,diverse_then_repeat_backdoor,0.5,0,2,5,0.1955,0.3422222222222222,0.0441792229218223,2,2,1.0,1.0,0.0,0,0,0,5
cifar10,20,2,mixed_maturity,access_freshness_lease,dirichlet_lcb,diverse_then_repeat_backdoor,0.5,0,3,5,0.244,0.0005555555555555556,0.0441792229218223,2,2,1.0,1.0,0.0,0,0,0,5
cifar10,20,2,mixed_maturity,access_freshness_lease,dirichlet_lcb,diverse_then_repeat_backdoor,0.5,0,4,5,0.2595,0.0022222222222222222,0.0441792229218223,2,2,1.0,1.0,0.0,0,0,0,5
cifar10,20,2,mixed_maturity,access_freshness_lease,dirichlet_lcb,diverse_then_repeat_backdoor,0.5,0,5,5,0.2525,0.08555555555555555,0.08461999999999999,2,2,1.0,0.0,1.0,0,0,0,5
cifar10,20,2,mixed_maturity,access_freshness_lease,dirichlet_lcb,diverse_then_repeat_backdoor,0.5,0,6,5,0.2365,0.012222222222222223,0.08462,2,2,1.0,0.0,1.0,0,0,0,5
cifar10,20,2,mixed_maturity,access_freshness_lease,dirichlet_lcb,diverse_then_repeat_backdoor,0.5,0,7,5,0.2775,0.08055555555555556,0.08462,2,2,1.0,0.0,1.0,0,0,0,5
cifar10,20,2,mixed_maturity,access_freshness_lease,dirichlet_lcb,diverse_then_repeat_backdoor,0.5,0,8,5,0.298,0.11222222222222222,0.08461999999999999,2,2,1.0,0.0,1.0,0,0,0,5
cifar10,20,2,mixed_maturity,access_freshness_lease,dirichlet_lcb,diverse_then_repeat_backdoor,0.5,0,9,5,0.259,0.013888888888888888,0.08462,2,2,1.0,0.0,1.0,0,0,0,5
cifar10,20,2,mixed_maturity,access_freshness_lease,dirichlet_lcb,diverse_then_repeat_backdoor,0.5,0,10,5,0.2565,0.09166666666666666,0.0441792229218223,2,2,1.0,1.0,0.0,0,2,0,5
cifar10,20,2,mixed_maturity,access_freshness_lease,dirichlet_lcb,diverse_then_repeat_backdoor,0.5,0,11,5,0.254,0.4572222222222222,0.0441792229218223,2,2,1.0,1.0,0.0,0,0,0,5
cifar10,20,2,mixed_maturity,access_freshness_lease,dirichlet_lcb,diverse_then_repeat_backdoor,0.5,0,12,5,0.306,0.0011111111111111111,0.0441792229218223,2,2,1.0,1.0,0.0,0,0,0,5
cifar10,20,2,mixed_maturity,access_freshness_lease,dirichlet_lcb,diverse_then_repeat_backdoor,0.5,0,13,5,0.3365,0.14333333333333334,0.0441792229218223,2,2,1.0,1.0,0.0,0,0,0,5
cifar10,20,2,mixed_maturity,access_freshness_lease,dirichlet_lcb,diverse_then_repeat_backdoor,0.5,0,14,5,0.323,0.10777777777777778,0.044179222921822296,2,2,1.0,1.0,0.0,0,0,0,5
cifar10,20,2,mixed_maturity,access_freshness_lease,dirichlet_lcb,diverse_then_repeat_backdoor,0.5,0,15,5,0.293,0.11277777777777778,0.08462,2,2,1.0,0.0,1.0,0,0,2,5
cifar10,20,2,mixed_maturity,access_freshness_lease,dirichlet_lcb,diverse_then_repeat_backdoor,0.5,0,16,5,0.295,0.2772222222222222,0.08462,2,2,1.0,0.0,1.0,0,0,0,5
cifar10,20,2,mixed_maturity,access_freshness_lease,dirichlet_lcb,diverse_then_repeat_backdoor,0.5,0,17,5,0.3355,0.09833333333333333,0.08462000000000001,2,2,1.0,0.0,1.0,0,0,0,5
cifar10,20,2,mixed_maturity,access_freshness_lease,dirichlet_lcb,diverse_then_repeat_backdoor,0.5,0,18,5,0.332,0.13666666666666666,0.08461999999999999,2,2,1.0,0.0,1.0,0,0,0,5
cifar10,20,2,mixed_maturity,access_freshness_lease,dirichlet_lcb,diverse_then_repeat_backdoor,0.5,0,19,5,0.2995,0.4361111111111111,0.08462,2,2,1.0,0.0,1.0,0,0,0,5
cifar10,20,2,mixed_maturity,access_freshness_lease,dirichlet_lcb,diverse_then_repeat_backdoor,0.5,0,20,5,0.303,0.014444444444444444,0.0441792229218223,2,2,1.0,1.0,0.0,0,2,0,5
cifar10,20,2,mixed_maturity,access_freshness_lease,dirichlet_lcb,diverse_then_repeat_backdoor,0.5,0,21,5,0.3175,0.1,0.0441792229218223,2,2,1.0,1.0,0.0,0,0,0,5
cifar10,20,2,mixed_maturity,access_freshness_lease,dirichlet_lcb,diverse_then_repeat_backdoor,0.5,0,22,5,0.3065,0.09944444444444445,0.0441792229218223,2,2,1.0,1.0,0.0,0,0,0,5
cifar10,20,2,mixed_maturity,access_freshness_lease,dirichlet_lcb,diverse_then_repeat_backdoor,0.5,0,23,5,0.2905,0.36333333333333334,0.0441792229218223,2,2,1.0,1.0,0.0,0,0,0,5
cifar10,20,2,mixed_maturity,access_freshness_lease,dirichlet_lcb,diverse_then_repeat_backdoor,0.5,0,24,5,0.3085,0.19722222222222222,0.0441792229218223,2,2,1.0,1.0,0.0,0,0,0,5
cifar10,20,2,mixed_maturity,access_freshness_lease,dirichlet_lcb,diverse_then_repeat_backdoor,0.5,0,25,5,0.322,0.105,0.08462,2,2,1.0,0.0,1.0,0,0,2,5
cifar10,20,2,mixed_maturity,access_freshness_lease,dirichlet_lcb,diverse_then_repeat_backdoor,0.5,0,26,5,0.3195,0.2611111111111111,0.08462,2,2,1.0,0.0,1.0,0,0,0,5
cifar10,20,2,mixed_maturity,access_freshness_lease,dirichlet_lcb,diverse_then_repeat_backdoor,0.5,0,27,5,0.3375,0.10666666666666667,0.08462,2,2,1.0,0.0,1.0,0,0,0,5
cifar10,20,2,mixed_maturity,access_freshness_lease,dirichlet_lcb,diverse_then_repeat_backdoor,0.5,0,28,5,0.327,0.02666666666666667,0.08461999999999999,2,2,1.0,0.0,1.0,0,0,0,5
cifar10,20,2,mixed_maturity,access_freshness_lease,dirichlet_lcb,diverse_then_repeat_backdoor,0.5,0,29,5,0.3205,0.2011111111111111,0.08462,2,2,1.0,0.0,1.0,0,0,0,5
cifar10,20,2,mixed_maturity,access_freshness_lease,dirichlet_lcb,diverse_then_repeat_backdoor,0.5,0,30,5,0.329,0.135,0.0441792229218223,2,2,1.0,1.0,0.0,0,2,0,5
cifar10,20,2,mixed_maturity,access_freshness_lease,dirichlet_lcb,diverse_then_repeat_backdoor,0.5,0,31,5,0.3345,0.23333333333333334,0.0441792229218223,2,2,1.0,1.0,0.0,0,0,0,5
cifar10,20,2,mixed_maturity,access_freshness_lease,dirichlet_lcb,diverse_then_repeat_backdoor,0.5,0,32,5,0.3065,0.32055555555555554,0.044179222921822296,2,2,1.0,1.0,0.0,0,0,0,5
cifar10,20,2,mixed_maturity,access_freshness_lease,dirichlet_lcb,diverse_then_repeat_backdoor,0.5,0,33,5,0.3765,0.225,0.0441792229218223,2,2,1.0,1.0,0.0,0,0,0,5
cifar10,20,2,mixed_maturity,access_freshness_lease,dirichlet_lcb,diverse_then_repeat_backdoor,0.5,0,34,5,0.3285,0.3461111111111111,0.0441792229218223,2,2,1.0,1.0,0.0,0,0,0,5
cifar10,20,2,mixed_maturity,access_freshness_lease,dirichlet_lcb,diverse_then_repeat_backdoor,0.5,0,35,5,0.358,0.26166666666666666,0.08462,2,2,1.0,0.0,1.0,0,0,2,5
cifar10,20,2,mixed_maturity,access_freshness_lease,dirichlet_lcb,diverse_then_repeat_backdoor,0.5,0,36,5,0.339,0.1811111111111111,0.08461999999999999,2,2,1.0,0.0,1.0,0,0,0,5
cifar10,20,2,mixed_maturity,access_freshness_lease,dirichlet_lcb,diverse_then_repeat_backdoor,0.5,0,37,5,0.341,0.2866666666666667,0.08462,2,2,1.0,0.0,1.0,0,0,0,5
cifar10,20,2,mixed_maturity,access_freshness_lease,dirichlet_lcb,diverse_then_repeat_backdoor,0.5,0,38,5,0.3375,0.4988888888888889,0.08462,2,2,1.0,0.0,1.0,0,0,0,5
cifar10,20,2,mixed_maturity,access_freshness_lease,dirichlet_lcb,diverse_then_repeat_backdoor,0.5,0,39,5,0.349,0.3322222222222222,0.08462,2,2,1.0,0.0,1.0,0,0,0,5
cifar10,20,2,mixed_maturity,access_freshness_lease,dirichlet_lcb,diverse_then_repeat_backdoor,0.5,0,40,5,0.34,0.36833333333333335,0.0441792229218223,2,2,1.0,1.0,0.0,0,2,0,5
cifar10,20,2,mixed_maturity,access_freshness_lease,dirichlet_lcb,diverse_then_repeat_backdoor,0.5,0,41,5,0.353,0.26944444444444443,0.0441792229218223,2,2,1.0,1.0,0.0,0,0,0,5
cifar10,20,2,mixed_maturity,access_freshness_lease,dirichlet_lcb,diverse_then_repeat_backdoor,0.5,0,42,5,0.3035,0.3438888888888889,0.0441792229218223,2,2,1.0,1.0,0.0,0,0,0,5
cifar10,20,2,mixed_maturity,access_freshness_lease,dirichlet_lcb,diverse_then_repeat_backdoor,0.5,0,43,5,0.3355,0.3433333333333333,0.044179222921822296,2,2,1.0,1.0,0.0,0,0,0,5
cifar10,20,2,mixed_maturity,access_freshness_lease,dirichlet_lcb,diverse_then_repeat_backdoor,0.5,0,44,5,0.3525,0.19055555555555556,0.0441792229218223,2,2,1.0,1.0,0.0,0,0,0,5
cifar10,20,2,mixed_maturity,access_freshness_lease,dirichlet_lcb,diverse_then_repeat_backdoor,0.5,0,45,5,0.3345,0.10777777777777778,0.08462,2,2,1.0,0.0,1.0,0,0,2,5
cifar10,20,2,mixed_maturity,access_freshness_lease,dirichlet_lcb,diverse_then_repeat_backdoor,0.5,0,46,5,0.332,0.46055555555555555,0.08462000000000001,2,2,1.0,0.0,1.0,0,0,0,5
cifar10,20,2,mixed_maturity,access_freshness_lease,dirichlet_lcb,diverse_then_repeat_backdoor,0.5,0,47,5,0.3425,0.3527777777777778,0.08462000000000001,2,2,1.0,0.0,1.0,0,0,0,5
cifar10,20,2,mixed_maturity,access_freshness_lease,dirichlet_lcb,diverse_then_repeat_backdoor,0.5,0,48,5,0.356,0.4411111111111111,0.08462,2,2,1.0,0.0,1.0,0,0,0,5
cifar10,20,2,mixed_maturity,access_freshness_lease,dirichlet_lcb,diverse_then_repeat_backdoor,0.5,0,49,5,0.3465,0.25666666666666665,0.08462,2,2,1.0,0.0,1.0,0,0,0,5
cifar10,20,2,mixed_maturity,access_freshness_lease,dirichlet_lcb,diverse_then_repeat_backdoor,0.5,0,50,5,0.3345,0.47888888888888886,0.0441792229218223,2,2,1.0,1.0,0.0,0,2,0,5
cifar10,20,2,mixed_maturity,access_freshness_lease,dirichlet_lcb,diverse_then_repeat_backdoor,0.5,1,1,5,0.21,0.14666666666666667,0.0101010101010101,2,2,1.0,1.0,0.0,0,0,0,5
cifar10,20,2,mixed_maturity,access_freshness_lease,dirichlet_lcb,diverse_then_repeat_backdoor,0.5,1,2,5,0.1585,0.03,0.0101010101010101,2,2,1.0,1.0,0.0,0,0,0,5
cifar10,20,2,mixed_maturity,access_freshness_lease,dirichlet_lcb,diverse_then_repeat_backdoor,0.5,1,3,5,0.2135,0.04555555555555556,0.0101010101010101,2,2,1.0,1.0,0.0,0,0,0,5
cifar10,20,2,mixed_maturity,access_freshness_lease,dirichlet_lcb,diverse_then_repeat_backdoor,0.5,1,4,5,0.2645,0.13944444444444445,0.0101010101010101,2,2,1.0,1.0,0.0,0,0,0,5
cifar10,20,2,mixed_maturity,access_freshness_lease,dirichlet_lcb,diverse_then_repeat_backdoor,0.5,1,5,5,0.2745,0.10388888888888889,0.02,2,2,1.0,0.0,1.0,0,0,0,5
cifar10,20,2,mixed_maturity,access_freshness_lease,dirichlet_lcb,diverse_then_repeat_backdoor,0.5,1,6,5,0.2585,0.06555555555555556,0.020000000000000004,2,2,1.0,0.0,1.0,0,0,0,5
cifar10,20,2,mixed_maturity,access_freshness_lease,dirichlet_lcb,diverse_then_repeat_backdoor,0.5,1,7,5,0.2665,0.13555555555555557,0.019999999999999997,2,2,1.0,0.0,1.0,0,0,0,5
cifar10,20,2,mixed_maturity,access_freshness_lease,dirichlet_lcb,diverse_then_repeat_backdoor,0.5,1,8,5,0.2845,0.0016666666666666668,0.02,2,2,1.0,0.0,1.0,0,0,0,5
cifar10,20,2,mixed_maturity,access_freshness_lease,dirichlet_lcb,diverse_then_repeat_backdoor,0.5,1,9,5,0.2745,0.13777777777777778,0.020000000000000004,2,2,1.0,0.0,1.0,0,0,0,5
cifar10,20,2,mixed_maturity,access_freshness_lease,dirichlet_lcb,diverse_then_repeat_backdoor,0.5,1,10,5,0.291,0.12055555555555555,0.0101010101010101,2,2,1.0,1.0,0.0,0,2,0,5
cifar10,20,2,mixed_maturity,access_freshness_lease,dirichlet_lcb,diverse_then_repeat_backdoor,0.5,1,11,5,0.299,0.007222222222222222,0.010101010101010102,2,2,1.0,1.0,0.0,0,0,0,5
cifar10,20,2,mixed_maturity,access_freshness_lease,dirichlet_lcb,diverse_then_repeat_backdoor,0.5,1,12,5,0.2195,0.03388888888888889,0.0101010101010101,2,2,1.0,1.0,0.0,0,0,0,5
cifar10,20,2,mixed_maturity,access_freshness_lease,dirichlet_lcb,diverse_then_repeat_backdoor,0.5,1,13,5,0.299,0.056666666666666664,0.0101010101010101,2,2,1.0,1.0,0.0,0,0,0,5
cifar10,20,2,mixed_maturity,access_freshness_lease,dirichlet_lcb,diverse_then_repeat_backdoor,0.5,1,14,5,0.2875,0.14888888888888888,0.0101010101010101,2,2,1.0,1.0,0.0,0,0,0,5
cifar10,20,2,mixed_maturity,access_freshness_lease,dirichlet_lcb,diverse_then_repeat_backdoor,0.5,1,15,5,0.2855,0.013333333333333334,0.02,2,2,1.0,0.0,1.0,0,0,2,5
cifar10,20,2,mixed_maturity,access_freshness_lease,dirichlet_lcb,diverse_then_repeat_backdoor,0.5,1,16,5,0.2755,0.015555555555555555,0.02,2,2,1.0,0.0,1.0,0,0,0,5
cifar10,20,2,mixed_maturity,access_freshness_lease,dirichlet_lcb,diverse_then_repeat_backdoor,0.5,1,17,5,0.329,0.17833333333333334,0.02,2,2,1.0,0.0,1.0,0,0,0,5
cifar10,20,2,mixed_maturity,access_freshness_lease,dirichlet_lcb,diverse_then_repeat_backdoor,0.5,1,18,5,0.3395,0.105,0.02,2,2,1.0,0.0,1.0,0,0,0,5
cifar10,20,2,mixed_maturity,access_freshness_lease,dirichlet_lcb,diverse_then_repeat_backdoor,0.5,1,19,5,0.3065,0.0077777777777777776,0.019999999999999997,2,2,1.0,0.0,1.0,0,0,0,5
cifar10,20,2,mixed_maturity,access_freshness_lease,dirichlet_lcb,diverse_then_repeat_backdoor,0.5,1,20,5,0.3135,0.14166666666666666,0.0101010101010101,2,2,1.0,1.0,0.0,0,2,0,5
cifar10,20,2,mixed_maturity,access_freshness_lease,dirichlet_lcb,diverse_then_repeat_backdoor,0.5,1,21,5,0.2975,0.2916666666666667,0.0101010101010101,2,2,1.0,1.0,0.0,0,0,0,5
cifar10,20,2,mixed_maturity,access_freshness_lease,dirichlet_lcb,diverse_then_repeat_backdoor,0.5,1,22,5,0.3295,0.07166666666666667,0.0101010101010101,2,2,1.0,1.0,0.0,0,0,0,5
cifar10,20,2,mixed_maturity,access_freshness_lease,dirichlet_lcb,diverse_then_repeat_backdoor,0.5,1,23,5,0.3325,0.02666666666666667,0.0101010101010101,2,2,1.0,1.0,0.0,0,0,0,5
cifar10,20,2,mixed_maturity,access_freshness_lease,dirichlet_lcb,diverse_then_repeat_backdoor,0.5,1,24,5,0.325,0.12333333333333334,0.0101010101010101,2,2,1.0,1.0,0.0,0,0,0,5
cifar10,20,2,mixed_maturity,access_freshness_lease,dirichlet_lcb,diverse_then_repeat_backdoor,0.5,1,25,5,0.3155,0.05611111111111111,0.02,2,2,1.0,0.0,1.0,0,0,2,5
cifar10,20,2,mixed_maturity,access_freshness_lease,dirichlet_lcb,diverse_then_repeat_backdoor,0.5,1,26,5,0.3165,0.0016666666666666668,0.02,2,2,1.0,0.0,1.0,0,0,0,5
cifar10,20,2,mixed_maturity,access_freshness_lease,dirichlet_lcb,diverse_then_repeat_backdoor,0.5,1,27,5,0.346,0.11555555555555555,0.02,2,2,1.0,0.0,1.0,0,0,0,5
cifar10,20,2,mixed_maturity,access_freshness_lease,dirichlet_lcb,diverse_then_repeat_backdoor,0.5,1,28,5,0.368,0.10944444444444444,0.020000000000000004,2,2,1.0,0.0,1.0,0,0,0,5
cifar10,20,2,mixed_maturity,access_freshness_lease,dirichlet_lcb,diverse_then_repeat_backdoor,0.5,1,29,5,0.3205,0.03222222222222222,0.02,2,2,1.0,0.0,1.0,0,0,0,5
cifar10,20,2,mixed_maturity,access_freshness_lease,dirichlet_lcb,diverse_then_repeat_backdoor,0.5,1,30,5,0.306,0.31444444444444447,0.0101010101010101,2,2,1.0,1.0,0.0,0,2,0,5
cifar10,20,2,mixed_maturity,access_freshness_lease,dirichlet_lcb,diverse_then_repeat_backdoor,0.5,1,31,5,0.3165,0.17,0.0101010101010101,2,2,1.0,1.0,0.0,0,0,0,5
cifar10,20,2,mixed_maturity,access_freshness_lease,dirichlet_lcb,diverse_then_repeat_backdoor,0.5,1,32,5,0.3575,0.02666666666666667,0.010101010101010102,2,2,1.0,1.0,0.0,0,0,0,5
cifar10,20,2,mixed_maturity,access_freshness_lease,dirichlet_lcb,diverse_then_repeat_backdoor,0.5,1,33,5,0.334,0.06555555555555556,0.0101010101010101,2,2,1.0,1.0,0.0,0,0,0,5
cifar10,20,2,mixed_maturity,access_freshness_lease,dirichlet_lcb,diverse_then_repeat_backdoor,0.5,1,34,5,0.348,0.07833333333333334,0.010101010101010102,2,2,1.0,1.0,0.0,0,0,0,5
cifar10,20,2,mixed_maturity,access_freshness_lease,dirichlet_lcb,diverse_then_repeat_backdoor,0.5,1,35,5,0.3555,0.15388888888888888,0.02,2,2,1.0,0.0,1.0,0,0,2,5
cifar10,20,2,mixed_maturity,access_freshness_lease,dirichlet_lcb,diverse_then_repeat_backdoor,0.5,1,36,5,0.3285,0.04055555555555555,0.019999999999999997,2,2,1.0,0.0,1.0,0,0,0,5
cifar10,20,2,mixed_maturity,access_freshness_lease,dirichlet_lcb,diverse_then_repeat_backdoor,0.5,1,37,5,0.297,0.15388888888888888,0.02,2,2,1.0,0.0,1.0,0,0,0,5
cifar10,20,2,mixed_maturity,access_freshness_lease,dirichlet_lcb,diverse_then_repeat_backdoor,0.5,1,38,5,0.3215,0.2872222222222222,0.02,2,2,1.0,0.0,1.0,0,0,0,5
cifar10,20,2,mixed_maturity,access_freshness_lease,dirichlet_lcb,diverse_then_repeat_backdoor,0.5,1,39,5,0.3695,0.08722222222222223,0.02,2,2,1.0,0.0,1.0,0,0,0,5
cifar10,20,2,mixed_maturity,access_freshness_lease,dirichlet_lcb,diverse_then_repeat_backdoor,0.5,1,40,5,0.335,0.22777777777777777,0.0101010101010101,2,2,1.0,1.0,0.0,0,2,0,5
cifar10,20,2,mixed_maturity,access_freshness_lease,dirichlet_lcb,diverse_then_repeat_backdoor,0.5,1,41,5,0.3325,0.06111111111111111,0.0101010101010101,2,2,1.0,1.0,0.0,0,0,0,5
cifar10,20,2,mixed_maturity,access_freshness_lease,dirichlet_lcb,diverse_then_repeat_backdoor,0.5,1,42,5,0.341,0.0077777777777777776,0.0101010101010101,2,2,1.0,1.0,0.0,0,0,0,5
cifar10,20,2,mixed_maturity,access_freshness_lease,dirichlet_lcb,diverse_then_repeat_backdoor,0.5,1,43,5,0.337,0.012222222222222223,0.0101010101010101,2,2,1.0,1.0,0.0,0,0,0,5
cifar10,20,2,mixed_maturity,access_freshness_lease,dirichlet_lcb,diverse_then_repeat_backdoor,0.5,1,44,5,0.3215,0.19777777777777777,0.0101010101010101,2,2,1.0,1.0,0.0,0,0,0,5
cifar10,20,2,mixed_maturity,access_freshness_lease,dirichlet_lcb,diverse_then_repeat_backdoor,0.5,1,45,5,0.3015,0.08333333333333333,0.02,2,2,1.0,0.0,1.0,0,0,2,5
cifar10,20,2,mixed_maturity,access_freshness_lease,dirichlet_lcb,diverse_then_repeat_backdoor,0.5,1,46,5,0.3475,0.06444444444444444,0.02,2,2,1.0,0.0,1.0,0,0,0,5
cifar10,20,2,mixed_maturity,access_freshness_lease,dirichlet_lcb,diverse_then_repeat_backdoor,0.5,1,47,5,0.3705,0.12777777777777777,0.02,2,2,1.0,0.0,1.0,0,0,0,5
cifar10,20,2,mixed_maturity,access_freshness_lease,dirichlet_lcb,diverse_then_repeat_backdoor,0.5,1,48,5,0.3565,0.10833333333333334,0.02,2,2,1.0,0.0,1.0,0,0,0,5
cifar10,20,2,mixed_maturity,access_freshness_lease,dirichlet_lcb,diverse_then_repeat_backdoor,0.5,1,49,5,0.3365,0.06166666666666667,0.019999999999999997,2,2,1.0,0.0,1.0,0,0,0,5
cifar10,20,2,mixed_maturity,access_freshness_lease,dirichlet_lcb,diverse_then_repeat_backdoor,0.5,1,50,5,0.335,0.33444444444444443,0.0101010101010101,2,2,1.0,1.0,0.0,0,2,0,5
cifar10,20,2,mixed_maturity,access_freshness_lease,dirichlet_lcb,diverse_then_repeat_backdoor,0.5,2,1,5,0.1575,0.0,0.04668201800293071,2,2,1.0,1.0,0.0,0,0,0,5
cifar10,20,2,mixed_maturity,access_freshness_lease,dirichlet_lcb,diverse_then_repeat_backdoor,0.5,2,2,5,0.1985,0.6438888888888888,0.04668201800293071,2,2,1.0,1.0,0.0,0,0,0,5
cifar10,20,2,mixed_maturity,access_freshness_lease,dirichlet_lcb,diverse_then_repeat_backdoor,0.5,2,3,5,0.2015,0.0,0.04668201800293071,2,2,1.0,1.0,0.0,0,0,0,5
cifar10,20,2,mixed_maturity,access_freshness_lease,dirichlet_lcb,diverse_then_repeat_backdoor,0.5,2,4,5,0.259,0.065,0.0466820180029307,2,2,1.0,1.0,0.0,0,0,0,5
cifar10,20,2,mixed_maturity,access_freshness_lease,dirichlet_lcb,diverse_then_repeat_backdoor,0.5,2,5,5,0.2995,0.11055555555555556,0.08919999999999999,2,2,1.0,0.0,1.0,0,0,0,5
cifar10,20,2,mixed_maturity,access_freshness_lease,dirichlet_lcb,diverse_then_repeat_backdoor,0.5,2,6,5,0.276,0.15,0.0892,2,2,1.0,0.0,1.0,0,0,0,5
cifar10,20,2,mixed_maturity,access_freshness_lease,dirichlet_lcb,diverse_then_repeat_backdoor,0.5,2,7,5,0.2705,0.04111111111111111,0.0892,2,2,1.0,0.0,1.0,0,0,0,5
cifar10,20,2,mixed_maturity,access_freshness_lease,dirichlet_lcb,diverse_then_repeat_backdoor,0.5,2,8,5,0.293,0.015,0.0892,2,2,1.0,0.0,1.0,0,0,0,5
cifar10,20,2,mixed_maturity,access_freshness_lease,dirichlet_lcb,diverse_then_repeat_backdoor,0.5,2,9,5,0.2495,0.39055555555555554,0.0892,2,2,1.0,0.0,1.0,0,0,0,5
cifar10,20,2,mixed_maturity,access_freshness_lease,dirichlet_lcb,diverse_then_repeat_backdoor,0.5,2,10,5,0.2375,0.030555555555555555,0.04668201800293072,2,2,1.0,1.0,0.0,0,2,0,5
cifar10,20,2,mixed_maturity,access_freshness_lease,dirichlet_lcb,diverse_then_repeat_backdoor,0.5,2,11,5,0.2895,0.03,0.04668201800293072,2,2,1.0,1.0,0.0,0,0,0,5
cifar10,20,2,mixed_maturity,access_freshness_lease,dirichlet_lcb,diverse_then_repeat_backdoor,0.5,2,12,5,0.2965,0.215,0.0466820180029307,2,2,1.0,1.0,0.0,0,0,0,5
cifar10,20,2,mixed_maturity,access_freshness_lease,dirichlet_lcb,diverse_then_repeat_backdoor,0.5,2,13,5,0.2945,0.3516666666666667,0.0466820180029307,2,2,1.0,1.0,0.0,0,0,0,5
cifar10,20,2,mixed_maturity,access_freshness_lease,dirichlet_lcb,diverse_then_repeat_backdoor,0.5,2,14,5,0.315,0.057777777777777775,0.04668201800293071,2,2,1.0,1.0,0.0,0,0,0,5
cifar10,20,2,mixed_maturity,access_freshness_lease,dirichlet_lcb,diverse_then_repeat_backdoor,0.5,2,15,5,0.2755,0.41333333333333333,0.0892,2,2,1.0,0.0,1.0,0,0,2,5
cifar10,20,2,mixed_maturity,access_freshness_lease,dirichlet_lcb,diverse_then_repeat_backdoor,0.5,2,16,5,0.2935,0.065,0.08920000000000002,2,2,1.0,0.0,1.0,0,0,0,5
cifar10,20,2,mixed_maturity,access_freshness_lease,dirichlet_lcb,diverse_then_repeat_backdoor,0.5,2,17,5,0.3105,0.0961111111111111,0.0892,2,2,1.0,0.0,1.0,0,0,0,5
cifar10,20,2,mixed_maturity,access_freshness_lease,dirichlet_lcb,diverse_then_repeat_backdoor,0.5,2,18,5,0.3195,0.27944444444444444,0.0892,2,2,1.0,0.0,1.0,0,0,0,5
cifar10,20,2,mixed_maturity,access_freshness_lease,dirichlet_lcb,diverse_then_repeat_backdoor,0.5,2,19,5,0.3015,0.21,0.0892,2,2,1.0,0.0,1.0,0,0,0,5
cifar10,20,2,mixed_maturity,access_freshness_lease,dirichlet_lcb,diverse_then_repeat_backdoor,0.5,2,20,5,0.3285,0.16666666666666666,0.04668201800293071,2,2,1.0,1.0,0.0,0,2,0,5
cifar10,20,2,mixed_maturity,access_freshness_lease,dirichlet_lcb,diverse_then_repeat_backdoor,0.5,2,21,5,0.305,0.18722222222222223,0.04668201800293071,2,2,1.0,1.0,0.0,0,0,0,5
cifar10,20,2,mixed_maturity,access_freshness_lease,dirichlet_lcb,diverse_then_repeat_backdoor,0.5,2,22,5,0.3525,0.25166666666666665,0.046682018002930696,2,2,1.0,1.0,0.0,0,0,0,5
cifar10,20,2,mixed_maturity,access_freshness_lease,dirichlet_lcb,diverse_then_repeat_backdoor,0.5,2,23,5,0.274,0.3933333333333333,0.04668201800293071,2,2,1.0,1.0,0.0,0,0,0,5
cifar10,20,2,mixed_maturity,access_freshness_lease,dirichlet_lcb,diverse_then_repeat_backdoor,0.5,2,24,5,0.329,0.17333333333333334,0.04668201800293071,2,2,1.0,1.0,0.0,0,0,0,5
cifar10,20,2,mixed_maturity,access_freshness_lease,dirichlet_lcb,diverse_then_repeat_backdoor,0.5,2,25,5,0.2935,0.2411111111111111,0.0892,2,2,1.0,0.0,1.0,0,0,2,5
cifar10,20,2,mixed_maturity,access_freshness_lease,dirichlet_lcb,diverse_then_repeat_backdoor,0.5,2,26,5,0.3205,0.059444444444444446,0.0892,2,2,1.0,0.0,1.0,0,0,0,5
cifar10,20,2,mixed_maturity,access_freshness_lease,dirichlet_lcb,diverse_then_repeat_backdoor,0.5,2,27,5,0.3445,0.06166666666666667,0.0892,2,2,1.0,0.0,1.0,0,0,0,5
cifar10,20,2,mixed_maturity,access_freshness_lease,dirichlet_lcb,diverse_then_repeat_backdoor,0.5,2,28,5,0.32,0.3827777777777778,0.0892,2,2,1.0,0.0,1.0,0,0,0,5
cifar10,20,2,mixed_maturity,access_freshness_lease,dirichlet_lcb,diverse_then_repeat_backdoor,0.5,2,29,5,0.338,0.21944444444444444,0.0892,2,2,1.0,0.0,1.0,0,0,0,5
cifar10,20,2,mixed_maturity,access_freshness_lease,dirichlet_lcb,diverse_then_repeat_backdoor,0.5,2,30,5,0.337,0.30277777777777776,0.04668201800293071,2,2,1.0,1.0,0.0,0,2,0,5
cifar10,20,2,mixed_maturity,access_freshness_lease,dirichlet_lcb,diverse_then_repeat_backdoor,0.5,2,31,5,0.354,0.17666666666666667,0.04668201800293071,2,2,1.0,1.0,0.0,0,0,0,5
cifar10,20,2,mixed_maturity,access_freshness_lease,dirichlet_lcb,diverse_then_repeat_backdoor,0.5,2,32,5,0.3525,0.2627777777777778,0.04668201800293071,2,2,1.0,1.0,0.0,0,0,0,5
cifar10,20,2,mixed_maturity,access_freshness_lease,dirichlet_lcb,diverse_then_repeat_backdoor,0.5,2,33,5,0.321,0.3827777777777778,0.04668201800293072,2,2,1.0,1.0,0.0,0,0,0,5
cifar10,20,2,mixed_maturity,access_freshness_lease,dirichlet_lcb,diverse_then_repeat_backdoor,0.5,2,34,5,0.3155,0.5177777777777778,0.04668201800293072,2,2,1.0,1.0,0.0,0,0,0,5
cifar10,20,2,mixed_maturity,access_freshness_lease,dirichlet_lcb,diverse_then_repeat_backdoor,0.5,2,35,5,0.2725,0.5872222222222222,0.08919999999999999,2,2,1.0,0.0,1.0,0,0,2,5
cifar10,20,2,mixed_maturity,access_freshness_lease,dirichlet_lcb,diverse_then_repeat_backdoor,0.5,2,36,5,0.341,0.115,0.0892,2,2,1.0,0.0,1.0,0,0,0,5
cifar10,20,2,mixed_maturity,access_freshness_lease,dirichlet_lcb,diverse_then_repeat_backdoor,0.5,2,37,5,0.355,0.41055555555555556,0.08919999999999999,2,2,1.0,0.0,1.0,0,0,0,5
cifar10,20,2,mixed_maturity,access_freshness_lease,dirichlet_lcb,diverse_then_repeat_backdoor,0.5,2,38,5,0.3525,0.37833333333333335,0.0892,2,2,1.0,0.0,1.0,0,0,0,5
cifar10,20,2,mixed_maturity,access_freshness_lease,dirichlet_lcb,diverse_then_repeat_backdoor,0.5,2,39,5,0.337,0.1738888888888889,0.08920000000000002,2,2,1.0,0.0,1.0,0,0,0,5
cifar10,20,2,mixed_maturity,access_freshness_lease,dirichlet_lcb,diverse_then_repeat_backdoor,0.5,2,40,5,0.3515,0.43333333333333335,0.04668201800293071,2,2,1.0,1.0,0.0,0,2,0,5
cifar10,20,2,mixed_maturity,access_freshness_lease,dirichlet_lcb,diverse_then_repeat_backdoor,0.5,2,41,5,0.36,0.43333333333333335,0.04668201800293071,2,2,1.0,1.0,0.0,0,0,0,5
cifar10,20,2,mixed_maturity,access_freshness_lease,dirichlet_lcb,diverse_then_repeat_backdoor,0.5,2,42,5,0.336,0.2861111111111111,0.04668201800293071,2,2,1.0,1.0,0.0,0,0,0,5
cifar10,20,2,mixed_maturity,access_freshness_lease,dirichlet_lcb,diverse_then_repeat_backdoor,0.5,2,43,5,0.3765,0.29777777777777775,0.04668201800293071,2,2,1.0,1.0,0.0,0,0,0,5
cifar10,20,2,mixed_maturity,access_freshness_lease,dirichlet_lcb,diverse_then_repeat_backdoor,0.5,2,44,5,0.323,0.09666666666666666,0.04668201800293071,2,2,1.0,1.0,0.0,0,0,0,5
cifar10,20,2,mixed_maturity,access_freshness_lease,dirichlet_lcb,diverse_then_repeat_backdoor,0.5,2,45,5,0.357,0.3372222222222222,0.0892,2,2,1.0,0.0,1.0,0,0,2,5
cifar10,20,2,mixed_maturity,access_freshness_lease,dirichlet_lcb,diverse_then_repeat_backdoor,0.5,2,46,5,0.322,0.1388888888888889,0.0892,2,2,1.0,0.0,1.0,0,0,0,5
cifar10,20,2,mixed_maturity,access_freshness_lease,dirichlet_lcb,diverse_then_repeat_backdoor,0.5,2,47,5,0.3105,0.5272222222222223,0.0892,2,2,1.0,0.0,1.0,0,0,0,5
cifar10,20,2,mixed_maturity,access_freshness_lease,dirichlet_lcb,diverse_then_repeat_backdoor,0.5,2,48,5,0.363,0.165,0.0892,2,2,1.0,0.0,1.0,0,0,0,5
cifar10,20,2,mixed_maturity,access_freshness_lease,dirichlet_lcb,diverse_then_repeat_backdoor,0.5,2,49,5,0.317,0.43555555555555553,0.0892,2,2,1.0,0.0,1.0,0,0,0,5
cifar10,20,2,mixed_maturity,access_freshness_lease,dirichlet_lcb,diverse_then_repeat_backdoor,0.5,2,50,5,0.3565,0.3794444444444444,0.04668201800293072,2,2,1.0,1.0,0.0,0,2,0,5
cifar10,20,2,mixed_maturity,access_freshness_lease,dirichlet_lcb,diverse_then_repeat_backdoor,0.5,3,1,5,0.1665,0.0,0.05537555539138602,2,2,1.0,1.0,0.0,0,0,0,5
cifar10,20,2,mixed_maturity,access_freshness_lease,dirichlet_lcb,diverse_then_repeat_backdoor,0.5,3,2,5,0.2305,0.0033333333333333335,0.05537555539138602,2,2,1.0,1.0,0.0,0,0,0,5
cifar10,20,2,mixed_maturity,access_freshness_lease,dirichlet_lcb,diverse_then_repeat_backdoor,0.5,3,3,5,0.2665,0.10555555555555556,0.055375555391386035,2,2,1.0,1.0,0.0,0,0,0,5
cifar10,20,2,mixed_maturity,access_freshness_lease,dirichlet_lcb,diverse_then_repeat_backdoor,0.5,3,4,5,0.2485,0.4111111111111111,0.05537555539138602,2,2,1.0,1.0,0.0,0,0,0,5
cifar10,20,2,mixed_maturity,access_freshness_lease,dirichlet_lcb,diverse_then_repeat_backdoor,0.5,3,5,5,0.2715,0.0005555555555555556,0.10494,2,2,1.0,0.0,1.0,0,0,0,5
cifar10,20,2,mixed_maturity,access_freshness_lease,dirichlet_lcb,diverse_then_repeat_backdoor,0.5,3,6,5,0.2795,0.10388888888888889,0.10494,2,2,1.0,0.0,1.0,0,0,0,5
cifar10,20,2,mixed_maturity,access_freshness_lease,dirichlet_lcb,diverse_then_repeat_backdoor,0.5,3,7,5,0.294,0.21555555555555556,0.10493999999999998,2,2,1.0,0.0,1.0,0,0,0,5
cifar10,20,2,mixed_maturity,access_freshness_lease,dirichlet_lcb,diverse_then_repeat_backdoor,0.5,3,8,5,0.341,0.13277777777777777,0.10494,2,2,1.0,0.0,1.0,0,0,0,5
cifar10,20,2,mixed_maturity,access_freshness_lease,dirichlet_lcb,diverse_then_repeat_backdoor,0.5,3,9,5,0.3025,0.017222222222222222,0.10494000000000002,2,2,1.0,0.0,1.0,0,0,0,5
cifar10,20,2,mixed_maturity,access_freshness_lease,dirichlet_lcb,diverse_then_repeat_backdoor,0.5,3,10,5,0.29,0.135,0.05537555539138603,2,2,1.0,1.0,0.0,0,2,0,5
cifar10,20,2,mixed_maturity,access_freshness_lease,dirichlet_lcb,diverse_then_repeat_backdoor,0.5,3,11,5,0.2735,0.14222222222222222,0.05537555539138602,2,2,1.0,1.0,0.0,0,0,0,5
cifar10,20,2,mixed_maturity,access_freshness_lease,dirichlet_lcb,diverse_then_repeat_backdoor,0.5,3,12,5,0.3345,0.029444444444444443,0.05537555539138602,2,2,1.0,1.0,0.0,0,0,0,5
cifar10,20,2,mixed_maturity,access_freshness_lease,dirichlet_lcb,diverse_then_repeat_backdoor,0.5,3,13,5,0.306,0.19777777777777777,0.05537555539138603,2,2,1.0,1.0,0.0,0,0,0,5
cifar10,20,2,mixed_maturity,access_freshness_lease,dirichlet_lcb,diverse_then_repeat_backdoor,0.5,3,14,5,0.3165,0.041666666666666664,0.05537555539138603,2,2,1.0,1.0,0.0,0,0,0,5
cifar10,20,2,mixed_maturity,access_freshness_lease,dirichlet_lcb,diverse_then_repeat_backdoor,0.5,3,15,5,0.3275,0.1761111111111111,0.10494,2,2,1.0,0.0,1.0,0,0,2,5
cifar10,20,2,mixed_maturity,access_freshness_lease,dirichlet_lcb,diverse_then_repeat_backdoor,0.5,3,16,5,0.288,0.4033333333333333,0.10494,2,2,1.0,0.0,1.0,0,0,0,5
cifar10,20,2,mixed_maturity,access_freshness_lease,dirichlet_lcb,diverse_then_repeat_backdoor,0.5,3,17,5,0.318,0.06666666666666667,0.10494000000000002,2,2,1.0,0.0,1.0,0,0,0,5
cifar10,20,2,mixed_maturity,access_freshness_lease,dirichlet_lcb,diverse_then_repeat_backdoor,0.5,3,18,5,0.3065,0.051666666666666666,0.10493999999999998,2,2,1.0,0.0,1.0,0,0,0,5
cifar10,20,2,mixed_maturity,access_freshness_lease,dirichlet_lcb,diverse_then_repeat_backdoor,0.5,3,19,5,0.316,0.3566666666666667,0.10494,2,2,1.0,0.0,1.0,0,0,0,5
cifar10,20,2,mixed_maturity,access_freshness_lease,dirichlet_lcb,diverse_then_repeat_backdoor,0.5,3,20,5,0.323,0.2927777777777778,0.05537555539138602,2,2,1.0,1.0,0.0,0,2,0,5
cifar10,20,2,mixed_maturity,access_freshness_lease,dirichlet_lcb,diverse_then_repeat_backdoor,0.5,3,21,5,0.324,0.20166666666666666,0.05537555539138603,2,2,1.0,1.0,0.0,0,0,0,5
cifar10,20,2,mixed_maturity,access_freshness_lease,dirichlet_lcb,diverse_then_repeat_backdoor,0.5,3,22,5,0.3265,0.06055555555555556,0.055375555391386014,2,2,1.0,1.0,0.0,0,0,0,5
cifar10,20,2,mixed_maturity,access_freshness_lease,dirichlet_lcb,diverse_then_repeat_backdoor,0.5,3,23,5,0.3255,0.17,0.055375555391386014,2,2,1.0,1.0,0.0,0,0,0,5
cifar10,20,2,mixed_maturity,access_freshness_lease,dirichlet_lcb,diverse_then_repeat_backdoor,0.5,3,24,5,0.2995,0.021666666666666667,0.055375555391386035,2,2,1.0,1.0,0.0,0,0,0,5
cifar10,20,2,mixed_maturity,access_freshness_lease,dirichlet_lcb,diverse_then_repeat_backdoor,0.5,3,25,5,0.3245,0.26666666666666666,0.10494,2,2,1.0,0.0,1.0,0,0,2,5
cifar10,20,2,mixed_maturity,access_freshness_lease,dirichlet_lcb,diverse_then_repeat_backdoor,0.5,3,26,5,0.3165,0.25166666666666665,0.10494000000000002,2,2,1.0,0.0,1.0,0,0,0,5
cifar10,20,2,mixed_maturity,access_freshness_lease,dirichlet_lcb,diverse_then_repeat_backdoor,0.5,3,27,5,0.326,0.2761111111111111,0.10494,2,2,1.0,0.0,1.0,0,0,0,5
cifar10,20,2,mixed_maturity,access_freshness_lease,dirichlet_lcb,diverse_then_repeat_backdoor,0.5,3,28,5,0.358,0.23833333333333334,0.10494,2,2,1.0,0.0,1.0,0,0,0,5
cifar10,20,2,mixed_maturity,access_freshness_lease,dirichlet_lcb,diverse_then_repeat_backdoor,0.5,3,29,5,0.3055,0.4022222222222222,0.10494,2,2,1.0,0.0,1.0,0,0,0,5
cifar10,20,2,mixed_maturity,access_freshness_lease,dirichlet_lcb,diverse_then_repeat_backdoor,0.5,3,30,5,0.322,0.305,0.05537555539138602,2,2,1.0,1.0,0.0,0,2,0,5
cifar10,20,2,mixed_maturity,access_freshness_lease,dirichlet_lcb,diverse_then_repeat_backdoor,0.5,3,31,5,0.3375,0.1761111111111111,0.05537555539138604,2,2,1.0,1.0,0.0,0,0,0,5
cifar10,20,2,mixed_maturity,access_freshness_lease,dirichlet_lcb,diverse_then_repeat_backdoor,0.5,3,32,5,0.3,0.26,0.05537555539138602,2,2,1.0,1.0,0.0,0,0,0,5
cifar10,20,2,mixed_maturity,access_freshness_lease,dirichlet_lcb,diverse_then_repeat_backdoor,0.5,3,33,5,0.3245,0.38722222222222225,0.05537555539138602,2,2,1.0,1.0,0.0,0,0,0,5
cifar10,20,2,mixed_maturity,access_freshness_lease,dirichlet_lcb,diverse_then_repeat_backdoor,0.5,3,34,5,0.351,0.15,0.05537555539138603,2,2,1.0,1.0,0.0,0,0,0,5
cifar10,20,2,mixed_maturity,access_freshness_lease,dirichlet_lcb,diverse_then_repeat_backdoor,0.5,3,35,5,0.3315,0.48444444444444446,0.10494000000000002,2,2,1.0,0.0,1.0,0,0,2,5
cifar10,20,2,mixed_maturity,access_freshness_lease,dirichlet_lcb,diverse_then_repeat_backdoor,0.5,3,36,5,0.3465,0.16277777777777777,0.10494000000000002,2,2,1.0,0.0,1.0,0,0,0,5
cifar10,20,2,mixed_maturity,access_freshness_lease,dirichlet_lcb,diverse_then_repeat_backdoor,0.5,3,37,5,0.31,0.39611111111111114,0.10494,2,2,1.0,0.0,1.0,0,0,0,5
cifar10,20,2,mixed_maturity,access_freshness_lease,dirichlet_lcb,diverse_then_repeat_backdoor,0.5,3,38,5,0.3275,0.049444444444444444,0.10494,2,2,1.0,0.0,1.0,0,0,0,5
cifar10,20,2,mixed_maturity,access_freshness_lease,dirichlet_lcb,diverse_then_repeat_backdoor,0.5,3,39,5,0.3575,0.25,0.10494,2,2,1.0,0.0,1.0,0,0,0,5
cifar10,20,2,mixed_maturity,access_freshness_lease,dirichlet_lcb,diverse_then_repeat_backdoor,0.5,3,40,5,0.3375,0.14055555555555554,0.05537555539138603,2,2,1.0,1.0,0.0,0,2,0,5
cifar10,20,2,mixed_maturity,access_freshness_lease,dirichlet_lcb,diverse_then_repeat_backdoor,0.5,3,41,5,0.348,0.16,0.05537555539138603,2,2,1.0,1.0,0.0,0,0,0,5
cifar10,20,2,mixed_maturity,access_freshness_lease,dirichlet_lcb,diverse_then_repeat_backdoor,0.5,3,42,5,0.335,0.29777777777777775,0.05537555539138603,2,2,1.0,1.0,0.0,0,0,0,5
cifar10,20,2,mixed_maturity,access_freshness_lease,dirichlet_lcb,diverse_then_repeat_backdoor,0.5,3,43,5,0.3415,0.3472222222222222,0.05537555539138602,2,2,1.0,1.0,0.0,0,0,0,5
cifar10,20,2,mixed_maturity,access_freshness_lease,dirichlet_lcb,diverse_then_repeat_backdoor,0.5,3,44,5,0.3515,0.3433333333333333,0.055375555391386014,2,2,1.0,1.0,0.0,0,0,0,5
cifar10,20,2,mixed_maturity,access_freshness_lease,dirichlet_lcb,diverse_then_repeat_backdoor,0.5,3,45,5,0.354,0.3466666666666667,0.10493999999999998,2,2,1.0,0.0,1.0,0,0,2,5
cifar10,20,2,mixed_maturity,access_freshness_lease,dirichlet_lcb,diverse_then_repeat_backdoor,0.5,3,46,5,0.3435,0.42833333333333334,0.10494000000000002,2,2,1.0,0.0,1.0,0,0,0,5
cifar10,20,2,mixed_maturity,access_freshness_lease,dirichlet_lcb,diverse_then_repeat_backdoor,0.5,3,47,5,0.353,0.21444444444444444,0.10494,2,2,1.0,0.0,1.0,0,0,0,5
cifar10,20,2,mixed_maturity,access_freshness_lease,dirichlet_lcb,diverse_then_repeat_backdoor,0.5,3,48,5,0.3345,0.195,0.10493999999999998,2,2,1.0,0.0,1.0,0,0,0,5
cifar10,20,2,mixed_maturity,access_freshness_lease,dirichlet_lcb,diverse_then_repeat_backdoor,0.5,3,49,5,0.3325,0.43666666666666665,0.10494,2,2,1.0,0.0,1.0,0,0,0,5
cifar10,20,2,mixed_maturity,access_freshness_lease,dirichlet_lcb,diverse_then_repeat_backdoor,0.5,3,50,5,0.3345,0.4311111111111111,0.05537555539138602,2,2,1.0,1.0,0.0,0,2,0,5
cifar10,20,2,mixed_maturity,access_freshness_lease,dirichlet_lcb,diverse_then_repeat_backdoor,0.5,4,1,5,0.1135,0.0,0.06692841977231748,2,2,1.0,1.0,0.0,0,0,0,5
cifar10,20,2,mixed_maturity,access_freshness_lease,dirichlet_lcb,diverse_then_repeat_backdoor,0.5,4,2,5,0.1855,0.0005555555555555556,0.06692841977231749,2,2,1.0,1.0,0.0,0,0,0,5
cifar10,20,2,mixed_maturity,access_freshness_lease,dirichlet_lcb,diverse_then_repeat_backdoor,0.5,4,3,5,0.2175,0.1361111111111111,0.06692841977231749,2,2,1.0,1.0,0.0,0,0,0,5
cifar10,20,2,mixed_maturity,access_freshness_lease,dirichlet_lcb,diverse_then_repeat_backdoor,0.5,4,4,5,0.2345,0.01611111111111111,0.06692841977231749,2,2,1.0,1.0,0.0,0,0,0,5
cifar10,20,2,mixed_maturity,access_freshness_lease,dirichlet_lcb,diverse_then_repeat_backdoor,0.5,4,5,5,0.2705,0.21833333333333332,0.12546000000000002,2,2,1.0,0.0,1.0,0,0,0,5
cifar10,20,2,mixed_maturity,access_freshness_lease,dirichlet_lcb,diverse_then_repeat_backdoor,0.5,4,6,5,0.2685,0.30833333333333335,0.12546000000000002,2,2,1.0,0.0,1.0,0,0,0,5
cifar10,20,2,mixed_maturity,access_freshness_lease,dirichlet_lcb,diverse_then_repeat_backdoor,0.5,4,7,5,0.284,0.14666666666666667,0.12546000000000004,2,2,1.0,0.0,1.0,0,0,0,5
cifar10,20,2,mixed_maturity,access_freshness_lease,dirichlet_lcb,diverse_then_repeat_backdoor,0.5,4,8,5,0.304,0.3605555555555556,0.12546000000000002,2,2,1.0,0.0,1.0,0,0,0,5
cifar10,20,2,mixed_maturity,access_freshness_lease,dirichlet_lcb,diverse_then_repeat_backdoor,0.5,4,9,5,0.3135,0.305,0.12546000000000004,2,2,1.0,0.0,1.0,0,0,0,5
cifar10,20,2,mixed_maturity,access_freshness_lease,dirichlet_lcb,diverse_then_repeat_backdoor,0.5,4,10,5,0.305,0.07833333333333334,0.06692841977231748,2,2,1.0,1.0,0.0,0,2,0,5
cifar10,20,2,mixed_maturity,access_freshness_lease,dirichlet_lcb,diverse_then_repeat_backdoor,0.5,4,11,5,0.298,0.38166666666666665,0.06692841977231749,2,2,1.0,1.0,0.0,0,0,0,5
cifar10,20,2,mixed_maturity,access_freshness_lease,dirichlet_lcb,diverse_then_repeat_backdoor,0.5,4,12,5,0.3215,0.06222222222222222,0.06692841977231748,2,2,1.0,1.0,0.0,0,0,0,5
cifar10,20,2,mixed_maturity,access_freshness_lease,dirichlet_lcb,diverse_then_repeat_backdoor,0.5,4,13,5,0.2665,0.4816666666666667,0.06692841977231749,2,2,1.0,1.0,0.0,0,0,0,5
cifar10,20,2,mixed_maturity,access_freshness_lease,dirichlet_lcb,diverse_then_repeat_backdoor,0.5,4,14,5,0.326,0.025,0.06692841977231749,2,2,1.0,1.0,0.0,0,0,0,5
cifar10,20,2,mixed_maturity,access_freshness_lease,dirichlet_lcb,diverse_then_repeat_backdoor,0.5,4,15,5,0.338,0.2638888888888889,0.12546000000000002,2,2,1.0,0.0,1.0,0,0,2,5
cifar10,20,2,mixed_maturity,access_freshness_lease,dirichlet_lcb,diverse_then_repeat_backdoor,0.5,4,16,5,0.3155,0.04888888888888889,0.12546,2,2,1.0,0.0,1.0,0,0,0,5
cifar10,20,2,mixed_maturity,access_freshness_lease,dirichlet_lcb,diverse_then_repeat_backdoor,0.5,4,17,5,0.304,0.07611111111111112,0.12546000000000004,2,2,1.0,0.0,1.0,0,0,0,5
cifar10,20,2,mixed_maturity,access_freshness_lease,dirichlet_lcb,diverse_then_repeat_backdoor,0.5,4,18,5,0.305,0.2677777777777778,0.12546000000000002,2,2,1.0,0.0,1.0,0,0,0,5
cifar10,20,2,mixed_maturity,access_freshness_lease,dirichlet_lcb,diverse_then_repeat_backdoor,0.5,4,19,5,0.2925,0.17444444444444446,0.12546000000000002,2,2,1.0,0.0,1.0,0,0,0,5
cifar10,20,2,mixed_maturity,access_freshness_lease,dirichlet_lcb,diverse_then_repeat_backdoor,0.5,4,20,5,0.3025,0.04833333333333333,0.06692841977231749,2,2,1.0,1.0,0.0,0,2,0,5
cifar10,20,2,mixed_maturity,access_freshness_lease,dirichlet_lcb,diverse_then_repeat_backdoor,0.5,4,21,5,0.335,0.085,0.06692841977231749,2,2,1.0,1.0,0.0,0,0,0,5
cifar10,20,2,mixed_maturity,access_freshness_lease,dirichlet_lcb,diverse_then_repeat_backdoor,0.5,4,22,5,0.3195,0.38055555555555554,0.06692841977231748,2,2,1.0,1.0,0.0,0,0,0,5
cifar10,20,2,mixed_maturity,access_freshness_lease,dirichlet_lcb,diverse_then_repeat_backdoor,0.5,4,23,5,0.3305,0.35555555555555557,0.06692841977231749,2,2,1.0,1.0,0.0,0,0,0,5
cifar10,20,2,mixed_maturity,access_freshness_lease,dirichlet_lcb,diverse_then_repeat_backdoor,0.5,4,24,5,0.3425,0.15,0.06692841977231749,2,2,1.0,1.0,0.0,0,0,0,5
cifar10,20,2,mixed_maturity,access_freshness_lease,dirichlet_lcb,diverse_then_repeat_backdoor,0.5,4,25,5,0.322,0.22333333333333333,0.12546000000000004,2,2,1.0,0.0,1.0,0,0,2,5
cifar10,20,2,mixed_maturity,access_freshness_lease,dirichlet_lcb,diverse_then_repeat_backdoor,0.5,4,26,5,0.2995,0.085,0.12546000000000002,2,2,1.0,0.0,1.0,0,0,0,5
cifar10,20,2,mixed_maturity,access_freshness_lease,dirichlet_lcb,diverse_then_repeat_backdoor,0.5,4,27,5,0.3225,0.21222222222222223,0.12546,2,2,1.0,0.0,1.0,0,0,0,5
cifar10,20,2,mixed_maturity,access_freshness_lease,dirichlet_lcb,diverse_then_repeat_backdoor,0.5,4,28,5,0.304,0.5138888888888888,0.12546000000000004,2,2,1.0,0.0,1.0,0,0,0,5
cifar10,20,2,mixed_maturity,access_freshness_lease,dirichlet_lcb,diverse_then_repeat_backdoor,0.5,4,29,5,0.309,0.385,0.12546000000000004,2,2,1.0,0.0,1.0,0,0,0,5
cifar10,20,2,mixed_maturity,access_freshness_lease,dirichlet_lcb,diverse_then_repeat_backdoor,0.5,4,30,5,0.3385,0.34055555555555556,0.06692841977231748,2,2,1.0,1.0,0.0,0,2,0,5
cifar10,20,2,mixed_maturity,access_freshness_lease,dirichlet_lcb,diverse_then_repeat_backdoor,0.5,4,31,5,0.346,0.23166666666666666,0.06692841977231749,2,2,1.0,1.0,0.0,0,0,0,5
cifar10,20,2,mixed_maturity,access_freshness_lease,dirichlet_lcb,diverse_then_repeat_backdoor,0.5,4,32,5,0.3665,0.4066666666666667,0.06692841977231748,2,2,1.0,1.0,0.0,0,0,0,5
cifar10,20,2,mixed_maturity,access_freshness_lease,dirichlet_lcb,diverse_then_repeat_backdoor,0.5,4,33,5,0.3605,0.49333333333333335,0.06692841977231749,2,2,1.0,1.0,0.0,0,0,0,5
cifar10,20,2,mixed_maturity,access_freshness_lease,dirichlet_lcb,diverse_then_repeat_backdoor,0.5,4,34,5,0.3305,0.2688888888888889,0.06692841977231748,2,2,1.0,1.0,0.0,0,0,0,5
cifar10,20,2,mixed_maturity,access_freshness_lease,dirichlet_lcb,diverse_then_repeat_backdoor,0.5,4,35,5,0.345,0.24555555555555555,0.12546000000000002,2,2,1.0,0.0,1.0,0,0,2,5
cifar10,20,2,mixed_maturity,access_freshness_lease,dirichlet_lcb,diverse_then_repeat_backdoor,0.5,4,36,5,0.3215,0.505,0.12546000000000002,2,2,1.0,0.0,1.0,0,0,0,5
cifar10,20,2,mixed_maturity,access_freshness_lease,dirichlet_lcb,diverse_then_repeat_backdoor,0.5,4,37,5,0.342,0.20722222222222222,0.12546000000000004,2,2,1.0,0.0,1.0,0,0,0,5
cifar10,20,2,mixed_maturity,access_freshness_lease,dirichlet_lcb,diverse_then_repeat_backdoor,0.5,4,38,5,0.3475,0.24055555555555555,0.12546000000000004,2,2,1.0,0.0,1.0,0,0,0,5
cifar10,20,2,mixed_maturity,access_freshness_lease,dirichlet_lcb,diverse_then_repeat_backdoor,0.5,4,39,5,0.3435,0.3794444444444444,0.12546000000000002,2,2,1.0,0.0,1.0,0,0,0,5
cifar10,20,2,mixed_maturity,access_freshness_lease,dirichlet_lcb,diverse_then_repeat_backdoor,0.5,4,40,5,0.3145,0.4444444444444444,0.06692841977231748,2,2,1.0,1.0,0.0,0,2,0,5
cifar10,20,2,mixed_maturity,access_freshness_lease,dirichlet_lcb,diverse_then_repeat_backdoor,0.5,4,41,5,0.3355,0.31333333333333335,0.06692841977231748,2,2,1.0,1.0,0.0,0,0,0,5
cifar10,20,2,mixed_maturity,access_freshness_lease,dirichlet_lcb,diverse_then_repeat_backdoor,0.5,4,42,5,0.3315,0.4411111111111111,0.06692841977231748,2,2,1.0,1.0,0.0,0,0,0,5
cifar10,20,2,mixed_maturity,access_freshness_lease,dirichlet_lcb,diverse_then_repeat_backdoor,0.5,4,43,5,0.3375,0.5761111111111111,0.06692841977231748,2,2,1.0,1.0,0.0,0,0,0,5
cifar10,20,2,mixed_maturity,access_freshness_lease,dirichlet_lcb,diverse_then_repeat_backdoor,0.5,4,44,5,0.3425,0.18777777777777777,0.06692841977231749,2,2,1.0,1.0,0.0,0,0,0,5
cifar10,20,2,mixed_maturity,access_freshness_lease,dirichlet_lcb,diverse_then_repeat_backdoor,0.5,4,45,5,0.353,0.3327777777777778,0.12546000000000004,2,2,1.0,0.0,1.0,0,0,2,5
cifar10,20,2,mixed_maturity,access_freshness_lease,dirichlet_lcb,diverse_then_repeat_backdoor,0.5,4,46,5,0.2845,0.7616666666666667,0.12546000000000002,2,2,1.0,0.0,1.0,0,0,0,5
cifar10,20,2,mixed_maturity,access_freshness_lease,dirichlet_lcb,diverse_then_repeat_backdoor,0.5,4,47,5,0.3425,0.4305555555555556,0.12546000000000002,2,2,1.0,0.0,1.0,0,0,0,5
cifar10,20,2,mixed_maturity,access_freshness_lease,dirichlet_lcb,diverse_then_repeat_backdoor,0.5,4,48,5,0.3235,0.5222222222222223,0.12546000000000002,2,2,1.0,0.0,1.0,0,0,0,5
cifar10,20,2,mixed_maturity,access_freshness_lease,dirichlet_lcb,diverse_then_repeat_backdoor,0.5,4,49,5,0.3365,0.5205555555555555,0.12546000000000002,2,2,1.0,0.0,1.0,0,0,0,5
cifar10,20,2,mixed_maturity,access_freshness_lease,dirichlet_lcb,diverse_then_repeat_backdoor,0.5,4,50,5,0.3595,0.5461111111111111,0.06692841977231749,2,2,1.0,1.0,0.0,0,2,0,5
cifar10,20,2,mixed_maturity,access_freshness_lease,dirichlet_lcb,diverse_then_repeat_backdoor,0.5,5,1,5,0.15,0.7327777777777778,0.05825705063759988,2,2,1.0,1.0,0.0,0,0,0,5
cifar10,20,2,mixed_maturity,access_freshness_lease,dirichlet_lcb,diverse_then_repeat_backdoor,0.5,5,2,5,0.2255,0.006111111111111111,0.058257050637599866,2,2,1.0,1.0,0.0,0,0,0,5
cifar10,20,2,mixed_maturity,access_freshness_lease,dirichlet_lcb,diverse_then_repeat_backdoor,0.5,5,3,5,0.241,0.023333333333333334,0.058257050637599866,2,2,1.0,1.0,0.0,0,0,0,5
cifar10,20,2,mixed_maturity,access_freshness_lease,dirichlet_lcb,diverse_then_repeat_backdoor,0.5,5,4,5,0.275,0.1461111111111111,0.05825705063759987,2,2,1.0,1.0,0.0,0,0,0,5
cifar10,20,2,mixed_maturity,access_freshness_lease,dirichlet_lcb,diverse_then_repeat_backdoor,0.5,5,5,5,0.2335,0.051111111111111114,0.1101,2,2,1.0,0.0,1.0,0,0,0,5
cifar10,20,2,mixed_maturity,access_freshness_lease,dirichlet_lcb,diverse_then_repeat_backdoor,0.5,5,6,5,0.2765,0.11388888888888889,0.1101,2,2,1.0,0.0,1.0,0,0,0,5
cifar10,20,2,mixed_maturity,access_freshness_lease,dirichlet_lcb,diverse_then_repeat_backdoor,0.5,5,7,5,0.2835,0.10111111111111111,0.11009999999999998,2,2,1.0,0.0,1.0,0,0,0,5
cifar10,20,2,mixed_maturity,access_freshness_lease,dirichlet_lcb,diverse_then_repeat_backdoor,0.5,5,8,5,0.28,0.34,0.1101,2,2,1.0,0.0,1.0,0,0,0,5
cifar10,20,2,mixed_maturity,access_freshness_lease,dirichlet_lcb,diverse_then_repeat_backdoor,0.5,5,9,5,0.2655,0.10222222222222223,0.1101,2,2,1.0,0.0,1.0,0,0,0,5
cifar10,20,2,mixed_maturity,access_freshness_lease,dirichlet_lcb,diverse_then_repeat_backdoor,0.5,5,10,5,0.3,0.056666666666666664,0.05825705063759988,2,2,1.0,1.0,0.0,0,2,0,5
cifar10,20,2,mixed_maturity,access_freshness_lease,dirichlet_lcb,diverse_then_repeat_backdoor,0.5,5,11,5,0.2795,0.3605555555555556,0.05825705063759988,2,2,1.0,1.0,0.0,0,0,0,5
cifar10,20,2,mixed_maturity,access_freshness_lease,dirichlet_lcb,diverse_then_repeat_backdoor,0.5,5,12,5,0.2995,0.18166666666666667,0.05825705063759988,2,2,1.0,1.0,0.0,0,0,0,5
cifar10,20,2,mixed_maturity,access_freshness_lease,dirichlet_lcb,diverse_then_repeat_backdoor,0.5,5,13,5,0.3125,0.012777777777777779,0.058257050637599866,2,2,1.0,1.0,0.0,0,0,0,5
cifar10,20,2,mixed_maturity,access_freshness_lease,dirichlet_lcb,diverse_then_repeat_backdoor,0.5,5,14,5,0.3015,0.020555555555555556,0.05825705063759989,2,2,1.0,1.0,0.0,0,0,0,5
cifar10,20,2,mixed_maturity,access_freshness_lease,dirichlet_lcb,diverse_then_repeat_backdoor,0.5,5,15,5,0.316,0.07944444444444444,0.11009999999999998,2,2,1.0,0.0,1.0,0,0,2,5
cifar10,20,2,mixed_maturity,access_freshness_lease,dirichlet_lcb,diverse_then_repeat_backdoor,0.5,5,16,5,0.2765,0.21555555555555556,0.11009999999999998,2,2,1.0,0.0,1.0,0,0,0,5
cifar10,20,2,mixed_maturity,access_freshness_lease,dirichlet_lcb,diverse_then_repeat_backdoor,0.5,5,17,5,0.322,0.3488888888888889,0.1101,2,2,1.0,0.0,1.0,0,0,0,5
cifar10,20,2,mixed_maturity,access_freshness_lease,dirichlet_lcb,diverse_then_repeat_backdoor,0.5,5,18,5,0.307,0.17944444444444443,0.11009999999999998,2,2,1.0,0.0,1.0,0,0,0,5
cifar10,20,2,mixed_maturity,access_freshness_lease,dirichlet_lcb,diverse_then_repeat_backdoor,0.5,5,19,5,0.3345,0.15666666666666668,0.11009999999999998,2,2,1.0,0.0,1.0,0,0,0,5
cifar10,20,2,mixed_maturity,access_freshness_lease,dirichlet_lcb,diverse_then_repeat_backdoor,0.5,5,20,5,0.3335,0.22111111111111112,0.058257050637599866,2,2,1.0,1.0,0.0,0,2,0,5
cifar10,20,2,mixed_maturity,access_freshness_lease,dirichlet_lcb,diverse_then_repeat_backdoor,0.5,5,21,5,0.3295,0.32944444444444443,0.058257050637599866,2,2,1.0,1.0,0.0,0,0,0,5
cifar10,20,2,mixed_maturity,access_freshness_lease,dirichlet_lcb,diverse_then_repeat_backdoor,0.5,5,22,5,0.305,0.21166666666666667,0.05825705063759988,2,2,1.0,1.0,0.0,0,0,0,5
cifar10,20,2,mixed_maturity,access_freshness_lease,dirichlet_lcb,diverse_then_repeat_backdoor,0.5,5,23,5,0.3255,0.32222222222222224,0.05825705063759989,2,2,1.0,1.0,0.0,0,0,0,5
cifar10,20,2,mixed_maturity,access_freshness_lease,dirichlet_lcb,diverse_then_repeat_backdoor,0.5,5,24,5,0.3405,0.34444444444444444,0.05825705063759987,2,2,1.0,1.0,0.0,0,0,0,5
cifar10,20,2,mixed_maturity,access_freshness_lease,dirichlet_lcb,diverse_then_repeat_backdoor,0.5,5,25,5,0.3445,0.20166666666666666,0.1101,2,2,1.0,0.0,1.0,0,0,2,5
cifar10,20,2,mixed_maturity,access_freshness_lease,dirichlet_lcb,diverse_then_repeat_backdoor,0.5,5,26,5,0.324,0.1111111111111111,0.11010000000000002,2,2,1.0,0.0,1.0,0,0,0,5
cifar10,20,2,mixed_maturity,access_freshness_lease,dirichlet_lcb,diverse_then_repeat_backdoor,0.5,5,27,5,0.3215,0.2,0.11009999999999998,2,2,1.0,0.0,1.0,0,0,0,5
cifar10,20,2,mixed_maturity,access_freshness_lease,dirichlet_lcb,diverse_then_repeat_backdoor,0.5,5,28,5,0.352,0.3422222222222222,0.1101,2,2,1.0,0.0,1.0,0,0,0,5
cifar10,20,2,mixed_maturity,access_freshness_lease,dirichlet_lcb,diverse_then_repeat_backdoor,0.5,5,29,5,0.334,0.26555555555555554,0.11009999999999998,2,2,1.0,0.0,1.0,0,0,0,5
cifar10,20,2,mixed_maturity,access_freshness_lease,dirichlet_lcb,diverse_then_repeat_backdoor,0.5,5,30,5,0.3325,0.22333333333333333,0.058257050637599866,2,2,1.0,1.0,0.0,0,2,0,5
cifar10,20,2,mixed_maturity,access_freshness_lease,dirichlet_lcb,diverse_then_repeat_backdoor,0.5,5,31,5,0.342,0.29833333333333334,0.058257050637599866,2,2,1.0,1.0,0.0,0,0,0,5
cifar10,20,2,mixed_maturity,access_freshness_lease,dirichlet_lcb,diverse_then_repeat_backdoor,0.5,5,32,5,0.339,0.2644444444444444,0.05825705063759988,2,2,1.0,1.0,0.0,0,0,0,5
cifar10,20,2,mixed_maturity,access_freshness_lease,dirichlet_lcb,diverse_then_repeat_backdoor,0.5,5,33,5,0.316,0.27111111111111114,0.05825705063759988,2,2,1.0,1.0,0.0,0,0,0,5
cifar10,20,2,mixed_maturity,access_freshness_lease,dirichlet_lcb,diverse_then_repeat_backdoor,0.5,5,34,5,0.3445,0.3088888888888889,0.05825705063759988,2,2,1.0,1.0,0.0,0,0,0,5
cifar10,20,2,mixed_maturity,access_freshness_lease,dirichlet_lcb,diverse_then_repeat_backdoor,0.5,5,35,5,0.329,0.5355555555555556,0.11009999999999998,2,2,1.0,0.0,1.0,0,0,2,5
cifar10,20,2,mixed_maturity,access_freshness_lease,dirichlet_lcb,diverse_then_repeat_backdoor,0.5,5,36,5,0.349,0.3761111111111111,0.1101,2,2,1.0,0.0,1.0,0,0,0,5
cifar10,20,2,mixed_maturity,access_freshness_lease,dirichlet_lcb,diverse_then_repeat_backdoor,0.5,5,37,5,0.3345,0.5261111111111111,0.1101,2,2,1.0,0.0,1.0,0,0,0,5
cifar10,20,2,mixed_maturity,access_freshness_lease,dirichlet_lcb,diverse_then_repeat_backdoor,0.5,5,38,5,0.345,0.38166666666666665,0.1101,2,2,1.0,0.0,1.0,0,0,0,5
cifar10,20,2,mixed_maturity,access_freshness_lease,dirichlet_lcb,diverse_then_repeat_backdoor,0.5,5,39,5,0.339,0.5811111111111111,0.1101,2,2,1.0,0.0,1.0,0,0,0,5
cifar10,20,2,mixed_maturity,access_freshness_lease,dirichlet_lcb,diverse_then_repeat_backdoor,0.5,5,40,5,0.369,0.33,0.05825705063759988,2,2,1.0,1.0,0.0,0,2,0,5
cifar10,20,2,mixed_maturity,access_freshness_lease,dirichlet_lcb,diverse_then_repeat_backdoor,0.5,5,41,5,0.3495,0.2927777777777778,0.05825705063759989,2,2,1.0,1.0,0.0,0,0,0,5
cifar10,20,2,mixed_maturity,access_freshness_lease,dirichlet_lcb,diverse_then_repeat_backdoor,0.5,5,42,5,0.3475,0.31777777777777777,0.058257050637599866,2,2,1.0,1.0,0.0,0,0,0,5
cifar10,20,2,mixed_maturity,access_freshness_lease,dirichlet_lcb,diverse_then_repeat_backdoor,0.5,5,43,5,0.346,0.2872222222222222,0.058257050637599866,2,2,1.0,1.0,0.0,0,0,0,5
cifar10,20,2,mixed_maturity,access_freshness_lease,dirichlet_lcb,diverse_then_repeat_backdoor,0.5,5,44,5,0.3465,0.2922222222222222,0.05825705063759988,2,2,1.0,1.0,0.0,0,0,0,5
cifar10,20,2,mixed_maturity,access_freshness_lease,dirichlet_lcb,diverse_then_repeat_backdoor,0.5,5,45,5,0.37,0.3055555555555556,0.1101,2,2,1.0,0.0,1.0,0,0,2,5
cifar10,20,2,mixed_maturity,access_freshness_lease,dirichlet_lcb,diverse_then_repeat_backdoor,0.5,5,46,5,0.346,0.35944444444444446,0.11009999999999998,2,2,1.0,0.0,1.0,0,0,0,5
cifar10,20,2,mixed_maturity,access_freshness_lease,dirichlet_lcb,diverse_then_repeat_backdoor,0.5,5,47,5,0.3555,0.4622222222222222,0.1101,2,2,1.0,0.0,1.0,0,0,0,5
cifar10,20,2,mixed_maturity,access_freshness_lease,dirichlet_lcb,diverse_then_repeat_backdoor,0.5,5,48,5,0.3215,0.5794444444444444,0.1101,2,2,1.0,0.0,1.0,0,0,0,5
cifar10,20,2,mixed_maturity,access_freshness_lease,dirichlet_lcb,diverse_then_repeat_backdoor,0.5,5,49,5,0.332,0.19833333333333333,0.11009999999999998,2,2,1.0,0.0,1.0,0,0,0,5
cifar10,20,2,mixed_maturity,access_freshness_lease,dirichlet_lcb,diverse_then_repeat_backdoor,0.5,5,50,5,0.35,0.31222222222222223,0.05825705063759988,2,2,1.0,1.0,0.0,0,2,0,5
cifar10,20,2,mixed_maturity,access_freshness_lease,dirichlet_lcb,diverse_then_repeat_backdoor,0.5,6,1,5,0.105,0.9788888888888889,0.052609418749078964,2,2,1.0,1.0,0.0,0,0,0,5
cifar10,20,2,mixed_maturity,access_freshness_lease,dirichlet_lcb,diverse_then_repeat_backdoor,0.5,6,2,5,0.174,0.0,0.05260941874907896,2,2,1.0,1.0,0.0,0,0,0,5
cifar10,20,2,mixed_maturity,access_freshness_lease,dirichlet_lcb,diverse_then_repeat_backdoor,0.5,6,3,5,0.2745,0.20222222222222222,0.052609418749078964,2,2,1.0,1.0,0.0,0,0,0,5
cifar10,20,2,mixed_maturity,access_freshness_lease,dirichlet_lcb,diverse_then_repeat_backdoor,0.5,6,4,5,0.2495,0.020555555555555556,0.052609418749078964,2,2,1.0,1.0,0.0,0,0,0,5
cifar10,20,2,mixed_maturity,access_freshness_lease,dirichlet_lcb,diverse_then_repeat_backdoor,0.5,6,5,5,0.248,0.37666666666666665,0.09996,2,2,1.0,0.0,1.0,0,0,0,5
cifar10,20,2,mixed_maturity,access_freshness_lease,dirichlet_lcb,diverse_then_repeat_backdoor,0.5,6,6,5,0.302,0.0005555555555555556,0.09996,2,2,1.0,0.0,1.0,0,0,0,5
cifar10,20,2,mixed_maturity,access_freshness_lease,dirichlet_lcb,diverse_then_repeat_backdoor,0.5,6,7,5,0.2645,0.4011111111111111,0.09995999999999997,2,2,1.0,0.0,1.0,0,0,0,5
cifar10,20,2,mixed_maturity,access_freshness_lease,dirichlet_lcb,diverse_then_repeat_backdoor,0.5,6,8,5,0.2995,0.11055555555555556,0.09996,2,2,1.0,0.0,1.0,0,0,0,5
cifar10,20,2,mixed_maturity,access_freshness_lease,dirichlet_lcb,diverse_then_repeat_backdoor,0.5,6,9,5,0.262,0.05277777777777778,0.09996,2,2,1.0,0.0,1.0,0,0,0,5
cifar10,20,2,mixed_maturity,access_freshness_lease,dirichlet_lcb,diverse_then_repeat_backdoor,0.5,6,10,5,0.315,0.18388888888888888,0.05260941874907897,2,2,1.0,1.0,0.0,0,2,0,5
cifar10,20,2,mixed_maturity,access_freshness_lease,dirichlet_lcb,diverse_then_repeat_backdoor,0.5,6,11,5,0.3065,0.041666666666666664,0.05260941874907896,2,2,1.0,1.0,0.0,0,0,0,5
cifar10,20,2,mixed_maturity,access_freshness_lease,dirichlet_lcb,diverse_then_repeat_backdoor,0.5,6,12,5,0.304,0.14333333333333334,0.052609418749078964,2,2,1.0,1.0,0.0,0,0,0,5
cifar10,20,2,mixed_maturity,access_freshness_lease,dirichlet_lcb,diverse_then_repeat_backdoor,0.5,6,13,5,0.2775,0.06722222222222222,0.052609418749078964,2,2,1.0,1.0,0.0,0,0,0,5
cifar10,20,2,mixed_maturity,access_freshness_lease,dirichlet_lcb,diverse_then_repeat_backdoor,0.5,6,14,5,0.3115,0.2588888888888889,0.052609418749078964,2,2,1.0,1.0,0.0,0,0,0,5
cifar10,20,2,mixed_maturity,access_freshness_lease,dirichlet_lcb,diverse_then_repeat_backdoor,0.5,6,15,5,0.311,0.2461111111111111,0.09996,2,2,1.0,0.0,1.0,0,0,2,5
cifar10,20,2,mixed_maturity,access_freshness_lease,dirichlet_lcb,diverse_then_repeat_backdoor,0.5,6,16,5,0.338,0.09722222222222222,0.09995999999999997,2,2,1.0,0.0,1.0,0,0,0,5
cifar10,20,2,mixed_maturity,access_freshness_lease,dirichlet_lcb,diverse_then_repeat_backdoor,0.5,6,17,5,0.3205,0.21722222222222223,0.09996,2,2,1.0,0.0,1.0,0,0,0,5
cifar10,20,2,mixed_maturity,access_freshness_lease,dirichlet_lcb,diverse_then_repeat_backdoor,0.5,6,18,5,0.313,0.08444444444444445,0.09996000000000001,2,2,1.0,0.0,1.0,0,0,0,5
cifar10,20,2,mixed_maturity,access_freshness_lease,dirichlet_lcb,diverse_then_repeat_backdoor,0.5,6,19,5,0.317,0.28,0.09996,2,2,1.0,0.0,1.0,0,0,0,5
cifar10,20,2,mixed_maturity,access_freshness_lease,dirichlet_lcb,diverse_then_repeat_backdoor,0.5,6,20,5,0.3005,0.21833333333333332,0.052609418749078964,2,2,1.0,1.0,0.0,0,2,0,5
cifar10,20,2,mixed_maturity,access_freshness_lease,dirichlet_lcb,diverse_then_repeat_backdoor,0.5,6,21,5,0.335,0.24888888888888888,0.05260941874907897,2,2,1.0,1.0,0.0,0,0,0,5
cifar10,20,2,mixed_maturity,access_freshness_lease,dirichlet_lcb,diverse_then_repeat_backdoor,0.5,6,22,5,0.315,0.18388888888888888,0.05260941874907897,2,2,1.0,1.0,0.0,0,0,0,5
cifar10,20,2,mixed_maturity,access_freshness_lease,dirichlet_lcb,diverse_then_repeat_backdoor,0.5,6,23,5,0.3575,0.24944444444444444,0.05260941874907896,2,2,1.0,1.0,0.0,0,0,0,5
cifar10,20,2,mixed_maturity,access_freshness_lease,dirichlet_lcb,diverse_then_repeat_backdoor,0.5,6,24,5,0.3165,0.1461111111111111,0.052609418749078964,2,2,1.0,1.0,0.0,0,0,0,5
cifar10,20,2,mixed_maturity,access_freshness_lease,dirichlet_lcb,diverse_then_repeat_backdoor,0.5,6,25,5,0.316,0.4255555555555556,0.09996,2,2,1.0,0.0,1.0,0,0,2,5
cifar10,20,2,mixed_maturity,access_freshness_lease,dirichlet_lcb,diverse_then_repeat_backdoor,0.5,6,26,5,0.3105,0.4777777777777778,0.09996,2,2,1.0,0.0,1.0,0,0,0,5
cifar10,20,2,mixed_maturity,access_freshness_lease,dirichlet_lcb,diverse_then_repeat_backdoor,0.5,6,27,5,0.3295,0.155,0.09996000000000001,2,2,1.0,0.0,1.0,0,0,0,5
cifar10,20,2,mixed_maturity,access_freshness_lease,dirichlet_lcb,diverse_then_repeat_backdoor,0.5,6,28,5,0.3125,0.45166666666666666,0.09996,2,2,1.0,0.0,1.0,0,0,0,5
cifar10,20,2,mixed_maturity,access_freshness_lease,dirichlet_lcb,diverse_then_repeat_backdoor,0.5,6,29,5,0.3135,0.15888888888888889,0.09996000000000002,2,2,1.0,0.0,1.0,0,0,0,5
cifar10,20,2,mixed_maturity,access_freshness_lease,dirichlet_lcb,diverse_then_repeat_backdoor,0.5,6,30,5,0.3415,0.1272222222222222,0.052609418749078964,2,2,1.0,1.0,0.0,0,2,0,5
cifar10,20,2,mixed_maturity,access_freshness_lease,dirichlet_lcb,diverse_then_repeat_backdoor,0.5,6,31,5,0.3535,0.33,0.052609418749078964,2,2,1.0,1.0,0.0,0,0,0,5
cifar10,20,2,mixed_maturity,access_freshness_lease,dirichlet_lcb,diverse_then_repeat_backdoor,0.5,6,32,5,0.3375,0.14722222222222223,0.05260941874907897,2,2,1.0,1.0,0.0,0,0,0,5
cifar10,20,2,mixed_maturity,access_freshness_lease,dirichlet_lcb,diverse_then_repeat_backdoor,0.5,6,33,5,0.3355,0.10611111111111111,0.052609418749078964,2,2,1.0,1.0,0.0,0,0,0,5
cifar10,20,2,mixed_maturity,access_freshness_lease,dirichlet_lcb,diverse_then_repeat_backdoor,0.5,6,34,5,0.3155,0.28555555555555556,0.05260941874907896,2,2,1.0,1.0,0.0,0,0,0,5
cifar10,20,2,mixed_maturity,access_freshness_lease,dirichlet_lcb,diverse_then_repeat_backdoor,0.5,6,35,5,0.329,0.16,0.09996000000000001,2,2,1.0,0.0,1.0,0,0,2,5
cifar10,20,2,mixed_maturity,access_freshness_lease,dirichlet_lcb,diverse_then_repeat_backdoor,0.5,6,36,5,0.331,0.04611111111111111,0.09996,2,2,1.0,0.0,1.0,0,0,0,5
cifar10,20,2,mixed_maturity,access_freshness_lease,dirichlet_lcb,diverse_then_repeat_backdoor,0.5,6,37,5,0.3505,0.21333333333333335,0.09996000000000001,2,2,1.0,0.0,1.0,0,0,0,5
cifar10,20,2,mixed_maturity,access_freshness_lease,dirichlet_lcb,diverse_then_repeat_backdoor,0.5,6,38,5,0.3495,0.27055555555555555,0.09996000000000002,2,2,1.0,0.0,1.0,0,0,0,5
cifar10,20,2,mixed_maturity,access_freshness_lease,dirichlet_lcb,diverse_then_repeat_backdoor,0.5,6,39,5,0.34,0.48777777777777775,0.09996000000000001,2,2,1.0,0.0,1.0,0,0,0,5
cifar10,20,2,mixed_maturity,access_freshness_lease,dirichlet_lcb,diverse_then_repeat_backdoor,0.5,6,40,5,0.37,0.22166666666666668,0.05260941874907897,2,2,1.0,1.0,0.0,0,2,0,5
cifar10,20,2,mixed_maturity,access_freshness_lease,dirichlet_lcb,diverse_then_repeat_backdoor,0.5,6,41,5,0.345,0.32611111111111113,0.052609418749078964,2,2,1.0,1.0,0.0,0,0,0,5
cifar10,20,2,mixed_maturity,access_freshness_lease,dirichlet_lcb,diverse_then_repeat_backdoor,0.5,6,42,5,0.3185,0.43833333333333335,0.052609418749078964,2,2,1.0,1.0,0.0,0,0,0,5
cifar10,20,2,mixed_maturity,access_freshness_lease,dirichlet_lcb,diverse_then_repeat_backdoor,0.5,6,43,5,0.345,0.38055555555555554,0.05260941874907897,2,2,1.0,1.0,0.0,0,0,0,5
cifar10,20,2,mixed_maturity,access_freshness_lease,dirichlet_lcb,diverse_then_repeat_backdoor,0.5,6,44,5,0.3635,0.16777777777777778,0.05260941874907896,2,2,1.0,1.0,0.0,0,0,0,5
cifar10,20,2,mixed_maturity,access_freshness_lease,dirichlet_lcb,diverse_then_repeat_backdoor,0.5,6,45,5,0.333,0.5661111111111111,0.09996,2,2,1.0,0.0,1.0,0,0,2,5
cifar10,20,2,mixed_maturity,access_freshness_lease,dirichlet_lcb,diverse_then_repeat_backdoor,0.5,6,46,5,0.3565,0.22611111111111112,0.09996,2,2,1.0,0.0,1.0,0,0,0,5
cifar10,20,2,mixed_maturity,access_freshness_lease,dirichlet_lcb,diverse_then_repeat_backdoor,0.5,6,47,5,0.354,0.4727777777777778,0.09996,2,2,1.0,0.0,1.0,0,0,0,5
cifar10,20,2,mixed_maturity,access_freshness_lease,dirichlet_lcb,diverse_then_repeat_backdoor,0.5,6,48,5,0.357,0.41444444444444445,0.09996,2,2,1.0,0.0,1.0,0,0,0,5
cifar10,20,2,mixed_maturity,access_freshness_lease,dirichlet_lcb,diverse_then_repeat_backdoor,0.5,6,49,5,0.354,0.3827777777777778,0.09996000000000001,2,2,1.0,0.0,1.0,0,0,0,5
cifar10,20,2,mixed_maturity,access_freshness_lease,dirichlet_lcb,diverse_then_repeat_backdoor,0.5,6,50,5,0.374,0.4083333333333333,0.05260941874907897,2,2,1.0,1.0,0.0,0,2,0,5
cifar10,20,2,mixed_maturity,access_freshness_lease,dirichlet_lcb,diverse_then_repeat_backdoor,0.5,7,1,5,0.184,0.0,0.052930832973581955,2,2,1.0,1.0,0.0,0,0,0,5
cifar10,20,2,mixed_maturity,access_freshness_lease,dirichlet_lcb,diverse_then_repeat_backdoor,0.5,7,2,5,0.2355,0.08944444444444444,0.052930832973581955,2,2,1.0,1.0,0.0,0,0,0,5
cifar10,20,2,mixed_maturity,access_freshness_lease,dirichlet_lcb,diverse_then_repeat_backdoor,0.5,7,3,5,0.248,0.03111111111111111,0.05293083297358196,2,2,1.0,1.0,0.0,0,0,0,5
cifar10,20,2,mixed_maturity,access_freshness_lease,dirichlet_lcb,diverse_then_repeat_backdoor,0.5,7,4,5,0.266,0.02722222222222222,0.05293083297358197,2,2,1.0,1.0,0.0,0,0,0,5
cifar10,20,2,mixed_maturity,access_freshness_lease,dirichlet_lcb,diverse_then_repeat_backdoor,0.5,7,5,5,0.2645,0.0038888888888888888,0.10054,2,2,1.0,0.0,1.0,0,0,0,5
cifar10,20,2,mixed_maturity,access_freshness_lease,dirichlet_lcb,diverse_then_repeat_backdoor,0.5,7,6,5,0.3025,0.12444444444444444,0.10053999999999998,2,2,1.0,0.0,1.0,0,0,0,5
cifar10,20,2,mixed_maturity,access_freshness_lease,dirichlet_lcb,diverse_then_repeat_backdoor,0.5,7,7,5,0.273,0.30277777777777776,0.10054000000000002,2,2,1.0,0.0,1.0,0,0,0,5
cifar10,20,2,mixed_maturity,access_freshness_lease,dirichlet_lcb,diverse_then_repeat_backdoor,0.5,7,8,5,0.322,0.285,0.10054,2,2,1.0,0.0,1.0,0,0,0,5
cifar10,20,2,mixed_maturity,access_freshness_lease,dirichlet_lcb,diverse_then_repeat_backdoor,0.5,7,9,5,0.287,0.09222222222222222,0.10054,2,2,1.0,0.0,1.0,0,0,0,5
cifar10,20,2,mixed_maturity,access_freshness_lease,dirichlet_lcb,diverse_then_repeat_backdoor,0.5,7,10,5,0.2665,0.012777777777777779,0.05293083297358197,2,2,1.0,1.0,0.0,0,2,0,5
cifar10,20,2,mixed_maturity,access_freshness_lease,dirichlet_lcb,diverse_then_repeat_backdoor,0.5,7,11,5,0.3265,0.051666666666666666,0.05293083297358196,2,2,1.0,1.0,0.0,0,0,0,5
cifar10,20,2,mixed_maturity,access_freshness_lease,dirichlet_lcb,diverse_then_repeat_backdoor,0.5,7,12,5,0.323,0.2916666666666667,0.05293083297358196,2,2,1.0,1.0,0.0,0,0,0,5
cifar10,20,2,mixed_maturity,access_freshness_lease,dirichlet_lcb,diverse_then_repeat_backdoor,0.5,7,13,5,0.333,0.06555555555555556,0.052930832973581976,2,2,1.0,1.0,0.0,0,0,0,5
cifar10,20,2,mixed_maturity,access_freshness_lease,dirichlet_lcb,diverse_then_repeat_backdoor,0.5,7,14,5,0.2765,0.09388888888888888,0.05293083297358197,2,2,1.0,1.0,0.0,0,0,0,5
cifar10,20,2,mixed_maturity,access_freshness_lease,dirichlet_lcb,diverse_then_repeat_backdoor,0.5,7,15,5,0.3055,0.2961111111111111,0.10054,2,2,1.0,0.0,1.0,0,0,2,5
cifar10,20,2,mixed_maturity,access_freshness_lease,dirichlet_lcb,diverse_then_repeat_backdoor,0.5,7,16,5,0.331,0.19777777777777777,0.10053999999999998,2,2,1.0,0.0,1.0,0,0,0,5
cifar10,20,2,mixed_maturity,access_freshness_lease,dirichlet_lcb,diverse_then_repeat_backdoor,0.5,7,17,5,0.297,0.10388888888888889,0.10054,2,2,1.0,0.0,1.0,0,0,0,5
cifar10,20,2,mixed_maturity,access_freshness_lease,dirichlet_lcb,diverse_then_repeat_backdoor,0.5,7,18,5,0.3405,0.18888888888888888,0.10054,2,2,1.0,0.0,1.0,0,0,0,5
cifar10,20,2,mixed_maturity,access_freshness_lease,dirichlet_lcb,diverse_then_repeat_backdoor,0.5,7,19,5,0.315,0.205,0.10054,2,2,1.0,0.0,1.0,0,0,0,5
cifar10,20,2,mixed_maturity,access_freshness_lease,dirichlet_lcb,diverse_then_repeat_backdoor,0.5,7,20,5,0.32,0.12555555555555556,0.05293083297358197,2,2,1.0,1.0,0.0,0,2,0,5
cifar10,20,2,mixed_maturity,access_freshness_lease,dirichlet_lcb,diverse_then_repeat_backdoor,0.5,7,21,5,0.2985,0.3844444444444444,0.05293083297358196,2,2,1.0,1.0,0.0,0,0,0,5
cifar10,20,2,mixed_maturity,access_freshness_lease,dirichlet_lcb,diverse_then_repeat_backdoor,0.5,7,22,5,0.3405,0.15444444444444444,0.052930832973581976,2,2,1.0,1.0,0.0,0,0,0,5
cifar10,20,2,mixed_maturity,access_freshness_lease,dirichlet_lcb,diverse_then_repeat_backdoor,0.5,7,23,5,0.322,0.10111111111111111,0.05293083297358197,2,2,1.0,1.0,0.0,0,0,0,5
cifar10,20,2,mixed_maturity,access_freshness_lease,dirichlet_lcb,diverse_then_repeat_backdoor,0.5,7,24,5,0.343,0.23166666666666666,0.05293083297358197,2,2,1.0,1.0,0.0,0,0,0,5
cifar10,20,2,mixed_maturity,access_freshness_lease,dirichlet_lcb,diverse_then_repeat_backdoor,0.5,7,25,5,0.323,0.28833333333333333,0.10054,2,2,1.0,0.0,1.0,0,0,2,5
cifar10,20,2,mixed_maturity,access_freshness_lease,dirichlet_lcb,diverse_then_repeat_backdoor,0.5,7,26,5,0.2975,0.18333333333333332,0.10054,2,2,1.0,0.0,1.0,0,0,0,5
cifar10,20,2,mixed_maturity,access_freshness_lease,dirichlet_lcb,diverse_then_repeat_backdoor,0.5,7,27,5,0.3485,0.3322222222222222,0.10054,2,2,1.0,0.0,1.0,0,0,0,5
cifar10,20,2,mixed_maturity,access_freshness_lease,dirichlet_lcb,diverse_then_repeat_backdoor,0.5,7,28,5,0.3445,0.08388888888888889,0.10054,2,2,1.0,0.0,1.0,0,0,0,5
cifar10,20,2,mixed_maturity,access_freshness_lease,dirichlet_lcb,diverse_then_repeat_backdoor,0.5,7,29,5,0.359,0.3061111111111111,0.10054,2,2,1.0,0.0,1.0,0,0,0,5
cifar10,20,2,mixed_maturity,access_freshness_lease,dirichlet_lcb,diverse_then_repeat_backdoor,0.5,7,30,5,0.3305,0.025555555555555557,0.05293083297358196,2,2,1.0,1.0,0.0,0,2,0,5
cifar10,20,2,mixed_maturity,access_freshness_lease,dirichlet_lcb,diverse_then_repeat_backdoor,0.5,7,31,5,0.364,0.21722222222222223,0.052930832973581955,2,2,1.0,1.0,0.0,0,0,0,5
cifar10,20,2,mixed_maturity,access_freshness_lease,dirichlet_lcb,diverse_then_repeat_backdoor,0.5,7,32,5,0.356,0.18722222222222223,0.05293083297358197,2,2,1.0,1.0,0.0,0,0,0,5
cifar10,20,2,mixed_maturity,access_freshness_lease,dirichlet_lcb,diverse_then_repeat_backdoor,0.5,7,33,5,0.333,0.19777777777777777,0.05293083297358197,2,2,1.0,1.0,0.0,0,0,0,5
cifar10,20,2,mixed_maturity,access_freshness_lease,dirichlet_lcb,diverse_then_repeat_backdoor,0.5,7,34,5,0.323,0.265,0.052930832973581976,2,2,1.0,1.0,0.0,0,0,0,5
cifar10,20,2,mixed_maturity,access_freshness_lease,dirichlet_lcb,diverse_then_repeat_backdoor,0.5,7,35,5,0.324,0.4905555555555556,0.10054,2,2,1.0,0.0,1.0,0,0,2,5
cifar10,20,2,mixed_maturity,access_freshness_lease,dirichlet_lcb,diverse_then_repeat_backdoor,0.5,7,36,5,0.3525,0.08666666666666667,0.10053999999999998,2,2,1.0,0.0,1.0,0,0,0,5
cifar10,20,2,mixed_maturity,access_freshness_lease,dirichlet_lcb,diverse_then_repeat_backdoor,0.5,7,37,5,0.3345,0.07666666666666666,0.10053999999999998,2,2,1.0,0.0,1.0,0,0,0,5
cifar10,20,2,mixed_maturity,access_freshness_lease,dirichlet_lcb,diverse_then_repeat_backdoor,0.5,7,38,5,0.3565,0.1511111111111111,0.10054,2,2,1.0,0.0,1.0,0,0,0,5
cifar10,20,2,mixed_maturity,access_freshness_lease,dirichlet_lcb,diverse_then_repeat_backdoor,0.5,7,39,5,0.347,0.2594444444444444,0.10053999999999998,2,2,1.0,0.0,1.0,0,0,0,5
cifar10,20,2,mixed_maturity,access_freshness_lease,dirichlet_lcb,diverse_then_repeat_backdoor,0.5,7,40,5,0.3735,0.28944444444444445,0.05293083297358196,2,2,1.0,1.0,0.0,0,2,0,5
cifar10,20,2,mixed_maturity,access_freshness_lease,dirichlet_lcb,diverse_then_repeat_backdoor,0.5,7,41,5,0.353,0.11166666666666666,0.05293083297358197,2,2,1.0,1.0,0.0,0,0,0,5
cifar10,20,2,mixed_maturity,access_freshness_lease,dirichlet_lcb,diverse_then_repeat_backdoor,0.5,7,42,5,0.3425,0.26222222222222225,0.05293083297358196,2,2,1.0,1.0,0.0,0,0,0,5
cifar10,20,2,mixed_maturity,access_freshness_lease,dirichlet_lcb,diverse_then_repeat_backdoor,0.5,7,43,5,0.3485,0.27944444444444444,0.05293083297358196,2,2,1.0,1.0,0.0,0,0,0,5
cifar10,20,2,mixed_maturity,access_freshness_lease,dirichlet_lcb,diverse_then_repeat_backdoor,0.5,7,44,5,0.3645,0.39444444444444443,0.05293083297358196,2,2,1.0,1.0,0.0,0,0,0,5
cifar10,20,2,mixed_maturity,access_freshness_lease,dirichlet_lcb,diverse_then_repeat_backdoor,0.5,7,45,5,0.3045,0.11666666666666667,0.10054,2,2,1.0,0.0,1.0,0,0,2,5
cifar10,20,2,mixed_maturity,access_freshness_lease,dirichlet_lcb,diverse_then_repeat_backdoor,0.5,7,46,5,0.356,0.39444444444444443,0.10054,2,2,1.0,0.0,1.0,0,0,0,5
cifar10,20,2,mixed_maturity,access_freshness_lease,dirichlet_lcb,diverse_then_repeat_backdoor,0.5,7,47,5,0.3615,0.37722222222222224,0.10054,2,2,1.0,0.0,1.0,0,0,0,5
cifar10,20,2,mixed_maturity,access_freshness_lease,dirichlet_lcb,diverse_then_repeat_backdoor,0.5,7,48,5,0.35,0.4672222222222222,0.10053999999999998,2,2,1.0,0.0,1.0,0,0,0,5
cifar10,20,2,mixed_maturity,access_freshness_lease,dirichlet_lcb,diverse_then_repeat_backdoor,0.5,7,49,5,0.344,0.23277777777777778,0.10053999999999998,2,2,1.0,0.0,1.0,0,0,0,5
cifar10,20,2,mixed_maturity,access_freshness_lease,dirichlet_lcb,diverse_then_repeat_backdoor,0.5,7,50,5,0.341,0.18888888888888888,0.05293083297358197,2,2,1.0,1.0,0.0,0,2,0,5
cifar10,20,2,mixed_maturity,access_freshness_lease,dirichlet_lcb,diverse_then_repeat_backdoor,0.5,8,1,5,0.1,0.9977777777777778,0.05316370376611341,2,2,1.0,1.0,0.0,0,0,0,5
cifar10,20,2,mixed_maturity,access_freshness_lease,dirichlet_lcb,diverse_then_repeat_backdoor,0.5,8,2,5,0.1975,0.0005555555555555556,0.0531637037661134,2,2,1.0,1.0,0.0,0,0,0,5
cifar10,20,2,mixed_maturity,access_freshness_lease,dirichlet_lcb,diverse_then_repeat_backdoor,0.5,8,3,5,0.189,0.7027777777777777,0.05316370376611341,2,2,1.0,1.0,0.0,0,0,0,5
cifar10,20,2,mixed_maturity,access_freshness_lease,dirichlet_lcb,diverse_then_repeat_backdoor,0.5,8,4,5,0.253,0.085,0.0531637037661134,2,2,1.0,1.0,0.0,0,0,0,5
cifar10,20,2,mixed_maturity,access_freshness_lease,dirichlet_lcb,diverse_then_repeat_backdoor,0.5,8,5,5,0.2455,0.21611111111111111,0.10096000000000001,2,2,1.0,0.0,1.0,0,0,0,5
cifar10,20,2,mixed_maturity,access_freshness_lease,dirichlet_lcb,diverse_then_repeat_backdoor,0.5,8,6,5,0.241,0.2833333333333333,0.10096000000000001,2,2,1.0,0.0,1.0,0,0,0,5
cifar10,20,2,mixed_maturity,access_freshness_lease,dirichlet_lcb,diverse_then_repeat_backdoor,0.5,8,7,5,0.2755,0.4483333333333333,0.10096000000000001,2,2,1.0,0.0,1.0,0,0,0,5
cifar10,20,2,mixed_maturity,access_freshness_lease,dirichlet_lcb,diverse_then_repeat_backdoor,0.5,8,8,5,0.2775,0.11388888888888889,0.10096000000000002,2,2,1.0,0.0,1.0,0,0,0,5
cifar10,20,2,mixed_maturity,access_freshness_lease,dirichlet_lcb,diverse_then_repeat_backdoor,0.5,8,9,5,0.328,0.18333333333333332,0.10096000000000002,2,2,1.0,0.0,1.0,0,0,0,5
cifar10,20,2,mixed_maturity,access_freshness_lease,dirichlet_lcb,diverse_then_repeat_backdoor,0.5,8,10,5,0.2655,0.22555555555555556,0.05316370376611341,2,2,1.0,1.0,0.0,0,2,0,5
cifar10,20,2,mixed_maturity,access_freshness_lease,dirichlet_lcb,diverse_then_repeat_backdoor,0.5,8,11,5,0.285,0.02388888888888889,0.053163703766113415,2,2,1.0,1.0,0.0,0,0,0,5
cifar10,20,2,mixed_maturity,access_freshness_lease,dirichlet_lcb,diverse_then_repeat_backdoor,0.5,8,12,5,0.305,0.10277777777777777,0.053163703766113415,2,2,1.0,1.0,0.0,0,0,0,5
cifar10,20,2,mixed_maturity,access_freshness_lease,dirichlet_lcb,diverse_then_repeat_backdoor,0.5,8,13,5,0.302,0.1,0.053163703766113415,2,2,1.0,1.0,0.0,0,0,0,5
cifar10,20,2,mixed_maturity,access_freshness_lease,dirichlet_lcb,diverse_then_repeat_backdoor,0.5,8,14,5,0.303,0.05444444444444444,0.0531637037661134,2,2,1.0,1.0,0.0,0,0,0,5
cifar10,20,2,mixed_maturity,access_freshness_lease,dirichlet_lcb,diverse_then_repeat_backdoor,0.5,8,15,5,0.3005,0.08388888888888889,0.10096000000000001,2,2,1.0,0.0,1.0,0,0,2,5
cifar10,20,2,mixed_maturity,access_freshness_lease,dirichlet_lcb,diverse_then_repeat_backdoor,0.5,8,16,5,0.3225,0.11611111111111111,0.10096000000000001,2,2,1.0,0.0,1.0,0,0,0,5
cifar10,20,2,mixed_maturity,access_freshness_lease,dirichlet_lcb,diverse_then_repeat_backdoor,0.5,8,17,5,0.2895,0.13166666666666665,0.10096000000000001,2,2,1.0,0.0,1.0,0,0,0,5
cifar10,20,2,mixed_maturity,access_freshness_lease,dirichlet_lcb,diverse_then_repeat_backdoor,0.5,8,18,5,0.3155,0.2922222222222222,0.10095999999999998,2,2,1.0,0.0,1.0,0,0,0,5
cifar10,20,2,mixed_maturity,access_freshness_lease,dirichlet_lcb,diverse_then_repeat_backdoor,0.5,8,19,5,0.32,0.20166666666666666,0.10096000000000001,2,2,1.0,0.0,1.0,0,0,0,5
cifar10,20,2,mixed_maturity,access_freshness_lease,dirichlet_lcb,diverse_then_repeat_backdoor,0.5,8,20,5,0.3135,0.06055555555555556,0.05316370376611342,2,2,1.0,1.0,0.0,0,2,0,5
cifar10,20,2,mixed_maturity,access_freshness_lease,dirichlet_lcb,diverse_then_repeat_backdoor,0.5,8,21,5,0.334,0.1272222222222222,0.05316370376611341,2,2,1.0,1.0,0.0,0,0,0,5
cifar10,20,2,mixed_maturity,access_freshness_lease,dirichlet_lcb,diverse_then_repeat_backdoor,0.5,8,22,5,0.331,0.11722222222222223,0.053163703766113415,2,2,1.0,1.0,0.0,0,0,0,5
cifar10,20,2,mixed_maturity,access_freshness_lease,dirichlet_lcb,diverse_then_repeat_backdoor,0.5,8,23,5,0.2745,0.09,0.0531637037661134,2,2,1.0,1.0,0.0,0,0,0,5
cifar10,20,2,mixed_maturity,access_freshness_lease,dirichlet_lcb,diverse_then_repeat_backdoor,0.5,8,24,5,0.323,0.06944444444444445,0.053163703766113415,2,2,1.0,1.0,0.0,0,0,0,5
cifar10,20,2,mixed_maturity,access_freshness_lease,dirichlet_lcb,diverse_then_repeat_backdoor,0.5,8,25,5,0.2995,0.5688888888888889,0.10096000000000001,2,2,1.0,0.0,1.0,0,0,2,5
cifar10,20,2,mixed_maturity,access_freshness_lease,dirichlet_lcb,diverse_then_repeat_backdoor,0.5,8,26,5,0.2765,0.03777777777777778,0.10096000000000002,2,2,1.0,0.0,1.0,0,0,0,5
cifar10,20,2,mixed_maturity,access_freshness_lease,dirichlet_lcb,diverse_then_repeat_backdoor,0.5,8,27,5,0.3165,0.48777777777777775,0.10096000000000001,2,2,1.0,0.0,1.0,0,0,0,5
cifar10,20,2,mixed_maturity,access_freshness_lease,dirichlet_lcb,diverse_then_repeat_backdoor,0.5,8,28,5,0.339,0.29555555555555557,0.10096000000000001,2,2,1.0,0.0,1.0,0,0,0,5
cifar10,20,2,mixed_maturity,access_freshness_lease,dirichlet_lcb,diverse_then_repeat_backdoor,0.5,8,29,5,0.306,0.07333333333333333,0.10095999999999998,2,2,1.0,0.0,1.0,0,0,0,5
cifar10,20,2,mixed_maturity,access_freshness_lease,dirichlet_lcb,diverse_then_repeat_backdoor,0.5,8,30,5,0.319,0.06888888888888889,0.053163703766113415,2,2,1.0,1.0,0.0,0,2,0,5
cifar10,20,2,mixed_maturity,access_freshness_lease,dirichlet_lcb,diverse_then_repeat_backdoor,0.5,8,31,5,0.346,0.2833333333333333,0.0531637037661134,2,2,1.0,1.0,0.0,0,0,0,5
cifar10,20,2,mixed_maturity,access_freshness_lease,dirichlet_lcb,diverse_then_repeat_backdoor,0.5,8,32,5,0.324,0.08277777777777778,0.05316370376611341,2,2,1.0,1.0,0.0,0,0,0,5
cifar10,20,2,mixed_maturity,access_freshness_lease,dirichlet_lcb,diverse_then_repeat_backdoor,0.5,8,33,5,0.335,0.18611111111111112,0.053163703766113395,2,2,1.0,1.0,0.0,0,0,0,5
cifar10,20,2,mixed_maturity,access_freshness_lease,dirichlet_lcb,diverse_then_repeat_backdoor,0.5,8,34,5,0.3245,0.2644444444444444,0.053163703766113415,2,2,1.0,1.0,0.0,0,0,0,5
cifar10,20,2,mixed_maturity,access_freshness_lease,dirichlet_lcb,diverse_then_repeat_backdoor,0.5,8,35,5,0.346,0.13777777777777778,0.10096000000000001,2,2,1.0,0.0,1.0,0,0,2,5
cifar10,20,2,mixed_maturity,access_freshness_lease,dirichlet_lcb,diverse_then_repeat_backdoor,0.5,8,36,5,0.3235,0.13666666666666666,0.10096000000000001,2,2,1.0,0.0,1.0,0,0,0,5
cifar10,20,2,mixed_maturity,access_freshness_lease,dirichlet_lcb,diverse_then_repeat_backdoor,0.5,8,37,5,0.3545,0.4127777777777778,0.10096000000000001,2,2,1.0,0.0,1.0,0,0,0,5
cifar10,20,2,mixed_maturity,access_freshness_lease,dirichlet_lcb,diverse_then_repeat_backdoor,0.5,8,38,5,0.302,0.3838888888888889,0.10096000000000002,2,2,1.0,0.0,1.0,0,0,0,5
cifar10,20,2,mixed_maturity,access_freshness_lease,dirichlet_lcb,diverse_then_repeat_backdoor,0.5,8,39,5,0.351,0.4494444444444444,0.10096000000000001,2,2,1.0,0.0,1.0,0,0,0,5
cifar10,20,2,mixed_maturity,access_freshness_lease,dirichlet_lcb,diverse_then_repeat_backdoor,0.5,8,40,5,0.3535,0.4272222222222222,0.05316370376611341,2,2,1.0,1.0,0.0,0,2,0,5
cifar10,20,2,mixed_maturity,access_freshness_lease,dirichlet_lcb,diverse_then_repeat_backdoor,0.5,8,41,5,0.343,0.3788888888888889,0.05316370376611341,2,2,1.0,1.0,0.0,0,0,0,5
cifar10,20,2,mixed_maturity,access_freshness_lease,dirichlet_lcb,diverse_then_repeat_backdoor,0.5,8,42,5,0.3505,0.2427777777777778,0.05316370376611341,2,2,1.0,1.0,0.0,0,0,0,5
cifar10,20,2,mixed_maturity,access_freshness_lease,dirichlet_lcb,diverse_then_repeat_backdoor,0.5,8,43,5,0.3125,0.23555555555555555,0.05316370376611341,2,2,1.0,1.0,0.0,0,0,0,5
cifar10,20,2,mixed_maturity,access_freshness_lease,dirichlet_lcb,diverse_then_repeat_backdoor,0.5,8,44,5,0.35,0.21833333333333332,0.053163703766113395,2,2,1.0,1.0,0.0,0,0,0,5
cifar10,20,2,mixed_maturity,access_freshness_lease,dirichlet_lcb,diverse_then_repeat_backdoor,0.5,8,45,5,0.2895,0.6794444444444444,0.10095999999999998,2,2,1.0,0.0,1.0,0,0,2,5
cifar10,20,2,mixed_maturity,access_freshness_lease,dirichlet_lcb,diverse_then_repeat_backdoor,0.5,8,46,5,0.323,0.49833333333333335,0.10096000000000002,2,2,1.0,0.0,1.0,0,0,0,5
cifar10,20,2,mixed_maturity,access_freshness_lease,dirichlet_lcb,diverse_then_repeat_backdoor,0.5,8,47,5,0.3445,0.45055555555555554,0.10096000000000001,2,2,1.0,0.0,1.0,0,0,0,5
cifar10,20,2,mixed_maturity,access_freshness_lease,dirichlet_lcb,diverse_then_repeat_backdoor,0.5,8,48,5,0.3665,0.4161111111111111,0.10096000000000001,2,2,1.0,0.0,1.0,0,0,0,5
cifar10,20,2,mixed_maturity,access_freshness_lease,dirichlet_lcb,diverse_then_repeat_backdoor,0.5,8,49,5,0.329,0.24055555555555555,0.10096000000000001,2,2,1.0,0.0,1.0,0,0,0,5
cifar10,20,2,mixed_maturity,access_freshness_lease,dirichlet_lcb,diverse_then_repeat_backdoor,0.5,8,50,5,0.3755,0.2922222222222222,0.053163703766113415,2,2,1.0,1.0,0.0,0,2,0,5
cifar10,20,2,mixed_maturity,access_freshness_lease,dirichlet_lcb,diverse_then_repeat_backdoor,0.5,9,1,5,0.118,0.0,0.03149143346364509,2,2,1.0,1.0,0.0,0,0,0,5
cifar10,20,2,mixed_maturity,access_freshness_lease,dirichlet_lcb,diverse_then_repeat_backdoor,0.5,9,2,5,0.25,0.20555555555555555,0.03149143346364509,2,2,1.0,1.0,0.0,0,0,0,5
cifar10,20,2,mixed_maturity,access_freshness_lease,dirichlet_lcb,diverse_then_repeat_backdoor,0.5,9,3,5,0.1975,0.0,0.03149143346364509,2,2,1.0,1.0,0.0,0,0,0,5
cifar10,20,2,mixed_maturity,access_freshness_lease,dirichlet_lcb,diverse_then_repeat_backdoor,0.5,9,4,5,0.213,0.0011111111111111111,0.03149143346364508,2,2,1.0,1.0,0.0,0,0,0,5
cifar10,20,2,mixed_maturity,access_freshness_lease,dirichlet_lcb,diverse_then_repeat_backdoor,0.5,9,5,5,0.22,0.45055555555555554,0.06106,2,2,1.0,0.0,1.0,0,0,0,5
cifar10,20,2,mixed_maturity,access_freshness_lease,dirichlet_lcb,diverse_then_repeat_backdoor,0.5,9,6,5,0.296,0.03666666666666667,0.06105999999999999,2,2,1.0,0.0,1.0,0,0,0,5
cifar10,20,2,mixed_maturity,access_freshness_lease,dirichlet_lcb,diverse_then_repeat_backdoor,0.5,9,7,5,0.2605,0.051111111111111114,0.06106,2,2,1.0,0.0,1.0,0,0,0,5
cifar10,20,2,mixed_maturity,access_freshness_lease,dirichlet_lcb,diverse_then_repeat_backdoor,0.5,9,8,5,0.293,0.04833333333333333,0.06106,2,2,1.0,0.0,1.0,0,0,0,5
cifar10,20,2,mixed_maturity,access_freshness_lease,dirichlet_lcb,diverse_then_repeat_backdoor,0.5,9,9,5,0.2895,0.21333333333333335,0.06106,2,2,1.0,0.0,1.0,0,0,0,5
cifar10,20,2,mixed_maturity,access_freshness_lease,dirichlet_lcb,diverse_then_repeat_backdoor,0.5,9,10,5,0.2795,0.051666666666666666,0.03149143346364508,2,2,1.0,1.0,0.0,0,2,0,5
cifar10,20,2,mixed_maturity,access_freshness_lease,dirichlet_lcb,diverse_then_repeat_backdoor,0.5,9,11,5,0.3,0.2772222222222222,0.03149143346364509,2,2,1.0,1.0,0.0,0,0,0,5
cifar10,20,2,mixed_maturity,access_freshness_lease,dirichlet_lcb,diverse_then_repeat_backdoor,0.5,9,12,5,0.296,0.08055555555555556,0.03149143346364509,2,2,1.0,1.0,0.0,0,0,0,5
cifar10,20,2,mixed_maturity,access_freshness_lease,dirichlet_lcb,diverse_then_repeat_backdoor,0.5,9,13,5,0.3165,0.15388888888888888,0.03149143346364509,2,2,1.0,1.0,0.0,0,0,0,5
cifar10,20,2,mixed_maturity,access_freshness_lease,dirichlet_lcb,diverse_then_repeat_backdoor,0.5,9,14,5,0.291,0.019444444444444445,0.03149143346364509,2,2,1.0,1.0,0.0,0,0,0,5
cifar10,20,2,mixed_maturity,access_freshness_lease,dirichlet_lcb,diverse_then_repeat_backdoor,0.5,9,15,5,0.308,0.3377777777777778,0.06106,2,2,1.0,0.0,1.0,0,0,2,5
cifar10,20,2,mixed_maturity,access_freshness_lease,dirichlet_lcb,diverse_then_repeat_backdoor,0.5,9,16,5,0.2735,0.017222222222222222,0.06106,2,2,1.0,0.0,1.0,0,0,0,5
cifar10,20,2,mixed_maturity,access_freshness_lease,dirichlet_lcb,diverse_then_repeat_backdoor,0.5,9,17,5,0.3375,0.08222222222222222,0.06106,2,2,1.0,0.0,1.0,0,0,0,5
cifar10,20,2,mixed_maturity,access_freshness_lease,dirichlet_lcb,diverse_then_repeat_backdoor,0.5,9,18,5,0.325,0.09111111111111111,0.06106,2,2,1.0,0.0,1.0,0,0,0,5
cifar10,20,2,mixed_maturity,access_freshness_lease,dirichlet_lcb,diverse_then_repeat_backdoor,0.5,9,19,5,0.3505,0.1111111111111111,0.06106,2,2,1.0,0.0,1.0,0,0,0,5
cifar10,20,2,mixed_maturity,access_freshness_lease,dirichlet_lcb,diverse_then_repeat_backdoor,0.5,9,20,5,0.315,0.06888888888888889,0.03149143346364509,2,2,1.0,1.0,0.0,0,2,0,5
cifar10,20,2,mixed_maturity,access_freshness_lease,dirichlet_lcb,diverse_then_repeat_backdoor,0.5,9,21,5,0.339,0.12055555555555555,0.03149143346364508,2,2,1.0,1.0,0.0,0,0,0,5
cifar10,20,2,mixed_maturity,access_freshness_lease,dirichlet_lcb,diverse_then_repeat_backdoor,0.5,9,22,5,0.3135,0.4083333333333333,0.03149143346364508,2,2,1.0,1.0,0.0,0,0,0,5
cifar10,20,2,mixed_maturity,access_freshness_lease,dirichlet_lcb,diverse_then_repeat_backdoor,0.5,9,23,5,0.3055,0.011666666666666667,0.03149143346364508,2,2,1.0,1.0,0.0,0,0,0,5
cifar10,20,2,mixed_maturity,access_freshness_lease,dirichlet_lcb,diverse_then_repeat_backdoor,0.5,9,24,5,0.296,0.03111111111111111,0.03149143346364509,2,2,1.0,1.0,0.0,0,0,0,5
cifar10,20,2,mixed_maturity,access_freshness_lease,dirichlet_lcb,diverse_then_repeat_backdoor,0.5,9,25,5,0.299,0.3761111111111111,0.06106,2,2,1.0,0.0,1.0,0,0,2,5
cifar10,20,2,mixed_maturity,access_freshness_lease,dirichlet_lcb,diverse_then_repeat_backdoor,0.5,9,26,5,0.34,0.025,0.06105999999999999,2,2,1.0,0.0,1.0,0,0,0,5
cifar10,20,2,mixed_maturity,access_freshness_lease,dirichlet_lcb,diverse_then_repeat_backdoor,0.5,9,27,5,0.3305,0.17166666666666666,0.06105999999999999,2,2,1.0,0.0,1.0,0,0,0,5
cifar10,20,2,mixed_maturity,access_freshness_lease,dirichlet_lcb,diverse_then_repeat_backdoor,0.5,9,28,5,0.328,0.09888888888888889,0.06106,2,2,1.0,0.0,1.0,0,0,0,5
cifar10,20,2,mixed_maturity,access_freshness_lease,dirichlet_lcb,diverse_then_repeat_backdoor,0.5,9,29,5,0.3475,0.21333333333333335,0.06106,2,2,1.0,0.0,1.0,0,0,0,5
cifar10,20,2,mixed_maturity,access_freshness_lease,dirichlet_lcb,diverse_then_repeat_backdoor,0.5,9,30,5,0.3235,0.013888888888888888,0.03149143346364508,2,2,1.0,1.0,0.0,0,2,0,5
cifar10,20,2,mixed_maturity,access_freshness_lease,dirichlet_lcb,diverse_then_repeat_backdoor,0.5,9,31,5,0.333,0.11222222222222222,0.031491433463645094,2,2,1.0,1.0,0.0,0,0,0,5
cifar10,20,2,mixed_maturity,access_freshness_lease,dirichlet_lcb,diverse_then_repeat_backdoor,0.5,9,32,5,0.324,0.32166666666666666,0.03149143346364509,2,2,1.0,1.0,0.0,0,0,0,5
cifar10,20,2,mixed_maturity,access_freshness_lease,dirichlet_lcb,diverse_then_repeat_backdoor,0.5,9,33,5,0.3195,0.09333333333333334,0.03149143346364508,2,2,1.0,1.0,0.0,0,0,0,5
cifar10,20,2,mixed_maturity,access_freshness_lease,dirichlet_lcb,diverse_then_repeat_backdoor,0.5,9,34,5,0.343,0.19555555555555557,0.03149143346364509,2,2,1.0,1.0,0.0,0,0,0,5
cifar10,20,2,mixed_maturity,access_freshness_lease,dirichlet_lcb,diverse_then_repeat_backdoor,0.5,9,35,5,0.363,0.09333333333333334,0.06106,2,2,1.0,0.0,1.0,0,0,2,5
cifar10,20,2,mixed_maturity,access_freshness_lease,dirichlet_lcb,diverse_then_repeat_backdoor,0.5,9,36,5,0.3225,0.09666666666666666,0.06105999999999999,2,2,1.0,0.0,1.0,0,0,0,5
cifar10,20,2,mixed_maturity,access_freshness_lease,dirichlet_lcb,diverse_then_repeat_backdoor,0.5,9,37,5,0.3565,0.19277777777777777,0.06106,2,2,1.0,0.0,1.0,0,0,0,5
cifar10,20,2,mixed_maturity,access_freshness_lease,dirichlet_lcb,diverse_then_repeat_backdoor,0.5,9,38,5,0.3275,0.30277777777777776,0.06106,2,2,1.0,0.0,1.0,0,0,0,5
cifar10,20,2,mixed_maturity,access_freshness_lease,dirichlet_lcb,diverse_then_repeat_backdoor,0.5,9,39,5,0.3555,0.08388888888888889,0.06106000000000001,2,2,1.0,0.0,1.0,0,0,0,5
cifar10,20,2,mixed_maturity,access_freshness_lease,dirichlet_lcb,diverse_then_repeat_backdoor,0.5,9,40,5,0.3615,0.050555555555555555,0.03149143346364508,2,2,1.0,1.0,0.0,0,2,0,5
cifar10,20,2,mixed_maturity,access_freshness_lease,dirichlet_lcb,diverse_then_repeat_backdoor,0.5,9,41,5,0.3625,0.11722222222222223,0.03149143346364508,2,2,1.0,1.0,0.0,0,0,0,5
cifar10,20,2,mixed_maturity,access_freshness_lease,dirichlet_lcb,diverse_then_repeat_backdoor,0.5,9,42,5,0.342,0.08333333333333333,0.03149143346364509,2,2,1.0,1.0,0.0,0,0,0,5
cifar10,20,2,mixed_maturity,access_freshness_lease,dirichlet_lcb,diverse_then_repeat_backdoor,0.5,9,43,5,0.356,0.27666666666666667,0.03149143346364509,2,2,1.0,1.0,0.0,0,0,0,5
cifar10,20,2,mixed_maturity,access_freshness_lease,dirichlet_lcb,diverse_then_repeat_backdoor,0.5,9,44,5,0.3515,0.1388888888888889,0.03149143346364508,2,2,1.0,1.0,0.0,0,0,0,5
cifar10,20,2,mixed_maturity,access_freshness_lease,dirichlet_lcb,diverse_then_repeat_backdoor,0.5,9,45,5,0.3305,0.25277777777777777,0.06105999999999999,2,2,1.0,0.0,1.0,0,0,2,5
cifar10,20,2,mixed_maturity,access_freshness_lease,dirichlet_lcb,diverse_then_repeat_backdoor,0.5,9,46,5,0.3505,0.3011111111111111,0.06105999999999999,2,2,1.0,0.0,1.0,0,0,0,5
cifar10,20,2,mixed_maturity,access_freshness_lease,dirichlet_lcb,diverse_then_repeat_backdoor,0.5,9,47,5,0.3605,0.15722222222222224,0.06106,2,2,1.0,0.0,1.0,0,0,0,5
cifar10,20,2,mixed_maturity,access_freshness_lease,dirichlet_lcb,diverse_then_repeat_backdoor,0.5,9,48,5,0.3405,0.10944444444444444,0.06105999999999999,2,2,1.0,0.0,1.0,0,0,0,5
cifar10,20,2,mixed_maturity,access_freshness_lease,dirichlet_lcb,diverse_then_repeat_backdoor,0.5,9,49,5,0.37,0.07833333333333334,0.06106,2,2,1.0,0.0,1.0,0,0,0,5
cifar10,20,2,mixed_maturity,access_freshness_lease,dirichlet_lcb,diverse_then_repeat_backdoor,0.5,9,50,5,0.3195,0.016666666666666666,0.03149143346364509,2,2,1.0,1.0,0.0,0,2,0,5
cifar10,20,2,mixed_maturity,access_full,dirichlet_lcb,benign_concept_drift,0.5,0,1,5,0.1545,0.0,0.0441792229218223,2,2,1.0,1.0,0.0,0,0,0,0
cifar10,20,2,mixed_maturity,access_full,dirichlet_lcb,benign_concept_drift,0.5,0,2,5,0.227,0.11944444444444445,0.04417922292182231,2,2,1.0,1.0,0.0,0,0,0,0
cifar10,20,2,mixed_maturity,access_full,dirichlet_lcb,benign_concept_drift,0.5,0,3,5,0.2375,0.0022222222222222222,0.0441792229218223,2,2,1.0,1.0,0.0,0,0,0,0
cifar10,20,2,mixed_maturity,access_full,dirichlet_lcb,benign_concept_drift,0.5,0,4,5,0.25,0.05333333333333334,0.0441792229218223,2,2,1.0,1.0,0.0,0,0,0,0
cifar10,20,2,mixed_maturity,access_full,dirichlet_lcb,benign_concept_drift,0.5,0,5,5,0.2875,0.06444444444444444,0.08462,2,2,1.0,0.0,1.0,0,0,0,0
cifar10,20,2,mixed_maturity,access_full,dirichlet_lcb,benign_concept_drift,0.5,0,6,5,0.2675,0.13,0.08462,2,2,1.0,0.0,1.0,0,0,0,0
cifar10,20,2,mixed_maturity,access_full,dirichlet_lcb,benign_concept_drift,0.5,0,7,5,0.2525,0.0022222222222222222,0.08462000000000001,2,2,1.0,0.0,1.0,0,0,0,0
cifar10,20,2,mixed_maturity,access_full,dirichlet_lcb,benign_concept_drift,0.5,0,8,5,0.277,0.04722222222222222,0.08461999999999999,2,2,1.0,0.0,1.0,0,0,0,0
cifar10,20,2,mixed_maturity,access_full,dirichlet_lcb,benign_concept_drift,0.5,0,9,5,0.304,0.025555555555555557,0.08462,2,2,1.0,0.0,1.0,0,0,0,0
cifar10,20,2,mixed_maturity,access_full,dirichlet_lcb,benign_concept_drift,0.5,0,10,5,0.271,0.035,0.08462,2,2,1.0,0.0,1.0,0,0,0,0
cifar10,20,2,mixed_maturity,access_full,dirichlet_lcb,benign_concept_drift,0.5,0,11,5,0.327,0.08444444444444445,0.08461999999999999,2,2,1.0,0.0,1.0,0,0,0,0
cifar10,20,2,mixed_maturity,access_full,dirichlet_lcb,benign_concept_drift,0.5,0,12,5,0.2885,0.029444444444444443,0.08462,2,2,1.0,0.0,1.0,0,0,0,0
cifar10,20,2,mixed_maturity,access_full,dirichlet_lcb,benign_concept_drift,0.5,0,13,5,0.3065,0.02722222222222222,0.08462,2,2,1.0,0.0,1.0,0,0,0,0
cifar10,20,2,mixed_maturity,access_full,dirichlet_lcb,benign_concept_drift,0.5,0,14,5,0.2575,0.10777777777777778,0.08461999999999999,2,2,1.0,0.0,1.0,0,0,0,0
cifar10,20,2,mixed_maturity,access_full,dirichlet_lcb,benign_concept_drift,0.5,0,15,5,0.2815,0.018333333333333333,0.08462,2,2,1.0,0.0,1.0,0,0,0,0
cifar10,20,2,mixed_maturity,access_full,dirichlet_lcb,benign_concept_drift,0.5,0,16,5,0.2935,0.18722222222222223,0.08462,2,2,1.0,0.0,1.0,0,0,0,0
cifar10,20,2,mixed_maturity,access_full,dirichlet_lcb,benign_concept_drift,0.5,0,17,5,0.335,0.08944444444444444,0.08461999999999999,2,2,1.0,0.0,1.0,0,0,0,0
cifar10,20,2,mixed_maturity,access_full,dirichlet_lcb,benign_concept_drift,0.5,0,18,5,0.3345,0.03333333333333333,0.08462000000000001,2,2,1.0,0.0,1.0,0,0,0,0
cifar10,20,2,mixed_maturity,access_full,dirichlet_lcb,benign_concept_drift,0.5,0,19,5,0.3425,0.028888888888888888,0.08461999999999999,2,2,1.0,0.0,1.0,0,0,0,0
cifar10,20,2,mixed_maturity,access_full,dirichlet_lcb,benign_concept_drift,0.5,0,20,5,0.3165,0.06444444444444444,0.08462,2,2,1.0,0.0,1.0,0,0,0,0
cifar10,20,2,mixed_maturity,access_full,dirichlet_lcb,benign_concept_drift,0.5,0,21,5,0.329,0.16055555555555556,0.08462,2,2,1.0,0.0,1.0,0,0,0,0
cifar10,20,2,mixed_maturity,access_full,dirichlet_lcb,benign_concept_drift,0.5,0,22,5,0.318,0.03222222222222222,0.08461999999999999,2,2,1.0,0.0,1.0,0,0,0,0
cifar10,20,2,mixed_maturity,access_full,dirichlet_lcb,benign_concept_drift,0.5,0,23,5,0.3375,0.08055555555555556,0.08462,2,2,1.0,0.0,1.0,0,0,0,0
cifar10,20,2,mixed_maturity,access_full,dirichlet_lcb,benign_concept_drift,0.5,0,24,5,0.317,0.15055555555555555,0.08462,2,2,1.0,0.0,1.0,0,0,0,0
cifar10,20,2,mixed_maturity,access_full,dirichlet_lcb,benign_concept_drift,0.5,0,25,5,0.334,0.020555555555555556,0.08462,2,2,1.0,0.0,1.0,0,0,0,0
cifar10,20,2,mixed_maturity,access_full,dirichlet_lcb,benign_concept_drift,0.5,0,26,5,0.333,0.065,0.08462,2,2,1.0,0.0,1.0,0,0,0,0
cifar10,20,2,mixed_maturity,access_full,dirichlet_lcb,benign_concept_drift,0.5,0,27,5,0.3615,0.058333333333333334,0.08462,2,2,1.0,0.0,1.0,0,0,0,0
cifar10,20,2,mixed_maturity,access_full,dirichlet_lcb,benign_concept_drift,0.5,0,28,5,0.361,0.014444444444444444,0.08462,2,2,1.0,0.0,1.0,0,0,0,0
cifar10,20,2,mixed_maturity,access_full,dirichlet_lcb,benign_concept_drift,0.5,0,29,5,0.343,0.03388888888888889,0.08462,2,2,1.0,0.0,1.0,0,0,0,0
cifar10,20,2,mixed_maturity,access_full,dirichlet_lcb,benign_concept_drift,0.5,0,30,5,0.3395,0.08277777777777778,0.08462,2,2,1.0,0.0,1.0,0,0,0,0
cifar10,20,2,mixed_maturity,access_full,dirichlet_lcb,benign_concept_drift,0.5,0,31,5,0.3585,0.11166666666666666,0.08461999999999999,2,2,1.0,0.0,1.0,0,0,0,0
cifar10,20,2,mixed_maturity,access_full,dirichlet_lcb,benign_concept_drift,0.5,0,32,5,0.33,0.1288888888888889,0.08462,2,2,1.0,0.0,1.0,0,0,0,0
cifar10,20,2,mixed_maturity,access_full,dirichlet_lcb,benign_concept_drift,0.5,0,33,5,0.339,0.02388888888888889,0.08462,2,2,1.0,0.0,1.0,0,0,0,0
cifar10,20,2,mixed_maturity,access_full,dirichlet_lcb,benign_concept_drift,0.5,0,34,5,0.3195,0.030555555555555555,0.08462,2,2,1.0,0.0,1.0,0,0,0,0
cifar10,20,2,mixed_maturity,access_full,dirichlet_lcb,benign_concept_drift,0.5,0,35,5,0.345,0.015555555555555555,0.08462,2,2,1.0,0.0,1.0,0,0,0,0
cifar10,20,2,mixed_maturity,access_full,dirichlet_lcb,benign_concept_drift,0.5,0,36,5,0.3425,0.1111111111111111,0.08461999999999999,2,2,1.0,0.0,1.0,0,0,0,0
cifar10,20,2,mixed_maturity,access_full,dirichlet_lcb,benign_concept_drift,0.5,0,37,5,0.3545,0.025555555555555557,0.08462,2,2,1.0,0.0,1.0,0,0,0,0
cifar10,20,2,mixed_maturity,access_full,dirichlet_lcb,benign_concept_drift,0.5,0,38,5,0.3375,0.03111111111111111,0.08462,2,2,1.0,0.0,1.0,0,0,0,0
cifar10,20,2,mixed_maturity,access_full,dirichlet_lcb,benign_concept_drift,0.5,0,39,5,0.331,0.09666666666666666,0.08462,2,2,1.0,0.0,1.0,0,0,0,0
cifar10,20,2,mixed_maturity,access_full,dirichlet_lcb,benign_concept_drift,0.5,0,40,5,0.3555,0.24555555555555555,0.08461999999999999,2,2,1.0,0.0,1.0,0,0,0,0
cifar10,20,2,mixed_maturity,access_full,dirichlet_lcb,benign_concept_drift,0.5,0,41,5,0.3645,0.05333333333333334,0.08462000000000001,2,2,1.0,0.0,1.0,0,0,0,0
cifar10,20,2,mixed_maturity,access_full,dirichlet_lcb,benign_concept_drift,0.5,0,42,5,0.351,0.050555555555555555,0.08462,2,2,1.0,0.0,1.0,0,0,0,0
cifar10,20,2,mixed_maturity,access_full,dirichlet_lcb,benign_concept_drift,0.5,0,43,5,0.332,0.018333333333333333,0.08462,2,2,1.0,0.0,1.0,0,0,0,0
cifar10,20,2,mixed_maturity,access_full,dirichlet_lcb,benign_concept_drift,0.5,0,44,5,0.357,0.03833333333333333,0.08462,2,2,1.0,0.0,1.0,0,0,0,0
cifar10,20,2,mixed_maturity,access_full,dirichlet_lcb,benign_concept_drift,0.5,0,45,5,0.3375,0.009444444444444445,0.08461999999999999,2,2,1.0,0.0,1.0,0,0,0,0
cifar10,20,2,mixed_maturity,access_full,dirichlet_lcb,benign_concept_drift,0.5,0,46,5,0.358,0.016666666666666666,0.08462,2,2,1.0,0.0,1.0,0,0,0,0
cifar10,20,2,mixed_maturity,access_full,dirichlet_lcb,benign_concept_drift,0.5,0,47,5,0.34,0.05444444444444444,0.08462,2,2,1.0,0.0,1.0,0,0,0,0
cifar10,20,2,mixed_maturity,access_full,dirichlet_lcb,benign_concept_drift,0.5,0,48,5,0.331,0.03333333333333333,0.08462,2,2,1.0,0.0,1.0,0,0,0,0
cifar10,20,2,mixed_maturity,access_full,dirichlet_lcb,benign_concept_drift,0.5,0,49,5,0.3465,0.035,0.08461999999999999,2,2,1.0,0.0,1.0,0,0,0,0
cifar10,20,2,mixed_maturity,access_full,dirichlet_lcb,benign_concept_drift,0.5,0,50,5,0.3615,0.020555555555555556,0.08462,2,2,1.0,0.0,1.0,0,0,0,0
cifar10,20,2,mixed_maturity,access_full,dirichlet_lcb,benign_concept_drift,0.5,1,1,5,0.21,0.14666666666666667,0.0101010101010101,2,2,1.0,1.0,0.0,0,0,0,0
cifar10,20,2,mixed_maturity,access_full,dirichlet_lcb,benign_concept_drift,0.5,1,2,5,0.201,0.06111111111111111,0.010101010101010102,2,2,1.0,1.0,0.0,0,0,0,0
cifar10,20,2,mixed_maturity,access_full,dirichlet_lcb,benign_concept_drift,0.5,1,3,5,0.2245,0.04055555555555555,0.0101010101010101,2,2,1.0,1.0,0.0,0,0,0,0
cifar10,20,2,mixed_maturity,access_full,dirichlet_lcb,benign_concept_drift,0.5,1,4,5,0.244,0.08666666666666667,0.010101010101010102,2,2,1.0,1.0,0.0,0,0,0,0
cifar10,20,2,mixed_maturity,access_full,dirichlet_lcb,benign_concept_drift,0.5,1,5,5,0.2765,0.04,0.02,2,2,1.0,0.0,1.0,0,0,0,0
cifar10,20,2,mixed_maturity,access_full,dirichlet_lcb,benign_concept_drift,0.5,1,6,5,0.2925,0.06222222222222222,0.02,2,2,1.0,0.0,1.0,0,0,0,0
cifar10,20,2,mixed_maturity,access_full,dirichlet_lcb,benign_concept_drift,0.5,1,7,5,0.2545,0.050555555555555555,0.02,2,2,1.0,0.0,1.0,0,0,0,0
cifar10,20,2,mixed_maturity,access_full,dirichlet_lcb,benign_concept_drift,0.5,1,8,5,0.2665,0.03166666666666667,0.02,2,2,1.0,0.0,1.0,0,0,0,0
cifar10,20,2,mixed_maturity,access_full,dirichlet_lcb,benign_concept_drift,0.5,1,9,5,0.278,0.09666666666666666,0.02,2,2,1.0,0.0,1.0,0,0,0,0
cifar10,20,2,mixed_maturity,access_full,dirichlet_lcb,benign_concept_drift,0.5,1,10,5,0.274,0.058333333333333334,0.020000000000000004,2,2,1.0,0.0,1.0,0,0,0,0
cifar10,20,2,mixed_maturity,access_full,dirichlet_lcb,benign_concept_drift,0.5,1,11,5,0.259,0.3894444444444444,0.02,2,2,1.0,0.0,1.0,0,0,0,0
cifar10,20,2,mixed_maturity,access_full,dirichlet_lcb,benign_concept_drift,0.5,1,12,5,0.3155,0.06666666666666667,0.02,2,2,1.0,0.0,1.0,0,0,0,0
cifar10,20,2,mixed_maturity,access_full,dirichlet_lcb,benign_concept_drift,0.5,1,13,5,0.315,0.1272222222222222,0.020000000000000004,2,2,1.0,0.0,1.0,0,0,0,0
cifar10,20,2,mixed_maturity,access_full,dirichlet_lcb,benign_concept_drift,0.5,1,14,5,0.3145,0.12055555555555555,0.019999999999999997,2,2,1.0,0.0,1.0,0,0,0,0
cifar10,20,2,mixed_maturity,access_full,dirichlet_lcb,benign_concept_drift,0.5,1,15,5,0.302,0.0011111111111111111,0.02,2,2,1.0,0.0,1.0,0,0,0,0
cifar10,20,2,mixed_maturity,access_full,dirichlet_lcb,benign_concept_drift,0.5,1,16,5,0.315,0.0005555555555555556,0.02,2,2,1.0,0.0,1.0,0,0,0,0
cifar10,20,2,mixed_maturity,access_full,dirichlet_lcb,benign_concept_drift,0.5,1,17,5,0.321,0.05444444444444444,0.02,2,2,1.0,0.0,1.0,0,0,0,0
cifar10,20,2,mixed_maturity,access_full,dirichlet_lcb,benign_concept_drift,0.5,1,18,5,0.29,0.03333333333333333,0.019999999999999997,2,2,1.0,0.0,1.0,0,0,0,0
cifar10,20,2,mixed_maturity,access_full,dirichlet_lcb,benign_concept_drift,0.5,1,19,5,0.3105,0.005555555555555556,0.02,2,2,1.0,0.0,1.0,0,0,0,0
cifar10,20,2,mixed_maturity,access_full,dirichlet_lcb,benign_concept_drift,0.5,1,20,5,0.306,0.010555555555555556,0.02,2,2,1.0,0.0,1.0,0,0,0,0
cifar10,20,2,mixed_maturity,access_full,dirichlet_lcb,benign_concept_drift,0.5,1,21,5,0.306,0.11555555555555555,0.02,2,2,1.0,0.0,1.0,0,0,0,0
cifar10,20,2,mixed_maturity,access_full,dirichlet_lcb,benign_concept_drift,0.5,1,22,5,0.329,0.02277777777777778,0.019999999999999997,2,2,1.0,0.0,1.0,0,0,0,0
cifar10,20,2,mixed_maturity,access_full,dirichlet_lcb,benign_concept_drift,0.5,1,23,5,0.346,0.06166666666666667,0.020000000000000004,2,2,1.0,0.0,1.0,0,0,0,0
cifar10,20,2,mixed_maturity,access_full,dirichlet_lcb,benign_concept_drift,0.5,1,24,5,0.3345,0.04777777777777778,0.02,2,2,1.0,0.0,1.0,0,0,0,0
cifar10,20,2,mixed_maturity,access_full,dirichlet_lcb,benign_concept_drift,0.5,1,25,5,0.279,0.051666666666666666,0.02,2,2,1.0,0.0,1.0,0,0,0,0
cifar10,20,2,mixed_maturity,access_full,dirichlet_lcb,benign_concept_drift,0.5,1,26,5,0.3155,0.057777777777777775,0.019999999999999997,2,2,1.0,0.0,1.0,0,0,0,0
cifar10,20,2,mixed_maturity,access_full,dirichlet_lcb,benign_concept_drift,0.5,1,27,5,0.3215,0.042777777777777776,0.02,2,2,1.0,0.0,1.0,0,0,0,0
cifar10,20,2,mixed_maturity,access_full,dirichlet_lcb,benign_concept_drift,0.5,1,28,5,0.321,0.029444444444444443,0.019999999999999997,2,2,1.0,0.0,1.0,0,0,0,0
cifar10,20,2,mixed_maturity,access_full,dirichlet_lcb,benign_concept_drift,0.5,1,29,5,0.328,0.021666666666666667,0.02,2,2,1.0,0.0,1.0,0,0,0,0
cifar10,20,2,mixed_maturity,access_full,dirichlet_lcb,benign_concept_drift,0.5,1,30,5,0.338,0.07166666666666667,0.02,2,2,1.0,0.0,1.0,0,0,0,0
cifar10,20,2,mixed_maturity,access_full,dirichlet_lcb,benign_concept_drift,0.5,1,31,5,0.3235,0.11222222222222222,0.020000000000000004,2,2,1.0,0.0,1.0,0,0,0,0
cifar10,20,2,mixed_maturity,access_full,dirichlet_lcb,benign_concept_drift,0.5,1,32,5,0.3375,0.014444444444444444,0.019999999999999997,2,2,1.0,0.0,1.0,0,0,0,0
cifar10,20,2,mixed_maturity,access_full,dirichlet_lcb,benign_concept_drift,0.5,1,33,5,0.34,0.024444444444444446,0.02,2,2,1.0,0.0,1.0,0,0,0,0
cifar10,20,2,mixed_maturity,access_full,dirichlet_lcb,benign_concept_drift,0.5,1,34,5,0.344,0.012777777777777779,0.02,2,2,1.0,0.0,1.0,0,0,0,0
cifar10,20,2,mixed_maturity,access_full,dirichlet_lcb,benign_concept_drift,0.5,1,35,5,0.331,0.06888888888888889,0.02,2,2,1.0,0.0,1.0,0,0,0,0
cifar10,20,2,mixed_maturity,access_full,dirichlet_lcb,benign_concept_drift,0.5,1,36,5,0.332,0.005555555555555556,0.02,2,2,1.0,0.0,1.0,0,0,0,0
cifar10,20,2,mixed_maturity,access_full,dirichlet_lcb,benign_concept_drift,0.5,1,37,5,0.3225,0.002777777777777778,0.02,2,2,1.0,0.0,1.0,0,0,0,0
cifar10,20,2,mixed_maturity,access_full,dirichlet_lcb,benign_concept_drift,0.5,1,38,5,0.3545,0.03222222222222222,0.02,2,2,1.0,0.0,1.0,0,0,0,0
cifar10,20,2,mixed_maturity,access_full,dirichlet_lcb,benign_concept_drift,0.5,1,39,5,0.335,0.05388888888888889,0.019999999999999997,2,2,1.0,0.0,1.0,0,0,0,0
cifar10,20,2,mixed_maturity,access_full,dirichlet_lcb,benign_concept_drift,0.5,1,40,5,0.3135,0.2588888888888889,0.02,2,2,1.0,0.0,1.0,0,0,0,0
cifar10,20,2,mixed_maturity,access_full,dirichlet_lcb,benign_concept_drift,0.5,1,41,5,0.3395,0.06166666666666667,0.02,2,2,1.0,0.0,1.0,0,0,0,0
cifar10,20,2,mixed_maturity,access_full,dirichlet_lcb,benign_concept_drift,0.5,1,42,5,0.335,0.0038888888888888888,0.02,2,2,1.0,0.0,1.0,0,0,0,0
cifar10,20,2,mixed_maturity,access_full,dirichlet_lcb,benign_concept_drift,0.5,1,43,5,0.363,0.08388888888888889,0.02,2,2,1.0,0.0,1.0,0,0,0,0
cifar10,20,2,mixed_maturity,access_full,dirichlet_lcb,benign_concept_drift,0.5,1,44,5,0.357,0.06277777777777778,0.019999999999999997,2,2,1.0,0.0,1.0,0,0,0,0
cifar10,20,2,mixed_maturity,access_full,dirichlet_lcb,benign_concept_drift,0.5,1,45,5,0.3415,0.04111111111111111,0.02,2,2,1.0,0.0,1.0,0,0,0,0
cifar10,20,2,mixed_maturity,access_full,dirichlet_lcb,benign_concept_drift,0.5,1,46,5,0.3505,0.08166666666666667,0.02,2,2,1.0,0.0,1.0,0,0,0,0
cifar10,20,2,mixed_maturity,access_full,dirichlet_lcb,benign_concept_drift,0.5,1,47,5,0.334,0.04666666666666667,0.02,2,2,1.0,0.0,1.0,0,0,0,0
cifar10,20,2,mixed_maturity,access_full,dirichlet_lcb,benign_concept_drift,0.5,1,48,5,0.3575,0.01611111111111111,0.02,2,2,1.0,0.0,1.0,0,0,0,0
cifar10,20,2,mixed_maturity,access_full,dirichlet_lcb,benign_concept_drift,0.5,1,49,5,0.3675,0.06666666666666667,0.019999999999999997,2,2,1.0,0.0,1.0,0,0,0,0
cifar10,20,2,mixed_maturity,access_full,dirichlet_lcb,benign_concept_drift,0.5,1,50,5,0.3585,0.11888888888888889,0.02,2,2,1.0,0.0,1.0,0,0,0,0
cifar10,20,2,mixed_maturity,access_full,dirichlet_lcb,benign_concept_drift,0.5,2,1,5,0.1575,0.0,0.04668201800293071,2,2,1.0,1.0,0.0,0,0,0,0
cifar10,20,2,mixed_maturity,access_full,dirichlet_lcb,benign_concept_drift,0.5,2,2,5,0.254,0.10666666666666667,0.04668201800293072,2,2,1.0,1.0,0.0,0,0,0,0
cifar10,20,2,mixed_maturity,access_full,dirichlet_lcb,benign_concept_drift,0.5,2,3,5,0.203,0.0005555555555555556,0.04668201800293072,2,2,1.0,1.0,0.0,0,0,0,0
cifar10,20,2,mixed_maturity,access_full,dirichlet_lcb,benign_concept_drift,0.5,2,4,5,0.265,0.055,0.04668201800293071,2,2,1.0,1.0,0.0,0,0,0,0
cifar10,20,2,mixed_maturity,access_full,dirichlet_lcb,benign_concept_drift,0.5,2,5,5,0.246,0.08,0.0892,2,2,1.0,0.0,1.0,0,0,0,0
cifar10,20,2,mixed_maturity,access_full,dirichlet_lcb,benign_concept_drift,0.5,2,6,5,0.263,0.03888888888888889,0.0892,2,2,1.0,0.0,1.0,0,0,0,0
cifar10,20,2,mixed_maturity,access_full,dirichlet_lcb,benign_concept_drift,0.5,2,7,5,0.227,0.09944444444444445,0.08919999999999999,2,2,1.0,0.0,1.0,0,0,0,0
cifar10,20,2,mixed_maturity,access_full,dirichlet_lcb,benign_concept_drift,0.5,2,8,5,0.262,0.049444444444444444,0.0892,2,2,1.0,0.0,1.0,0,0,0,0
cifar10,20,2,mixed_maturity,access_full,dirichlet_lcb,benign_concept_drift,0.5,2,9,5,0.229,0.29444444444444445,0.0892,2,2,1.0,0.0,1.0,0,0,0,0
cifar10,20,2,mixed_maturity,access_full,dirichlet_lcb,benign_concept_drift,0.5,2,10,5,0.2835,0.10444444444444445,0.0892,2,2,1.0,0.0,1.0,0,0,0,0
cifar10,20,2,mixed_maturity,access_full,dirichlet_lcb,benign_concept_drift,0.5,2,11,5,0.3165,0.115,0.08919999999999999,2,2,1.0,0.0,1.0,0,0,0,0
cifar10,20,2,mixed_maturity,access_full,dirichlet_lcb,benign_concept_drift,0.5,2,12,5,0.2495,0.4011111111111111,0.0892,2,2,1.0,0.0,1.0,0,0,0,0
cifar10,20,2,mixed_maturity,access_full,dirichlet_lcb,benign_concept_drift,0.5,2,13,5,0.288,0.27666666666666667,0.08920000000000002,2,2,1.0,0.0,1.0,0,0,0,0
cifar10,20,2,mixed_maturity,access_full,dirichlet_lcb,benign_concept_drift,0.5,2,14,5,0.277,0.04555555555555556,0.08920000000000002,2,2,1.0,0.0,1.0,0,0,0,0
cifar10,20,2,mixed_maturity,access_full,dirichlet_lcb,benign_concept_drift,0.5,2,15,5,0.2965,0.06444444444444444,0.08919999999999999,2,2,1.0,0.0,1.0,0,0,0,0
cifar10,20,2,mixed_maturity,access_full,dirichlet_lcb,benign_concept_drift,0.5,2,16,5,0.284,0.3377777777777778,0.0892,2,2,1.0,0.0,1.0,0,0,0,0
cifar10,20,2,mixed_maturity,access_full,dirichlet_lcb,benign_concept_drift,0.5,2,17,5,0.3285,0.020555555555555556,0.08919999999999999,2,2,1.0,0.0,1.0,0,0,0,0
cifar10,20,2,mixed_maturity,access_full,dirichlet_lcb,benign_concept_drift,0.5,2,18,5,0.3305,0.050555555555555555,0.0892,2,2,1.0,0.0,1.0,0,0,0,0
cifar10,20,2,mixed_maturity,access_full,dirichlet_lcb,benign_concept_drift,0.5,2,19,5,0.292,0.16666666666666666,0.0892,2,2,1.0,0.0,1.0,0,0,0,0
cifar10,20,2,mixed_maturity,access_full,dirichlet_lcb,benign_concept_drift,0.5,2,20,5,0.346,0.07722222222222222,0.0892,2,2,1.0,0.0,1.0,0,0,0,0
cifar10,20,2,mixed_maturity,access_full,dirichlet_lcb,benign_concept_drift,0.5,2,21,5,0.326,0.12,0.08919999999999999,2,2,1.0,0.0,1.0,0,0,0,0
cifar10,20,2,mixed_maturity,access_full,dirichlet_lcb,benign_concept_drift,0.5,2,22,5,0.316,0.22444444444444445,0.0892,2,2,1.0,0.0,1.0,0,0,0,0
cifar10,20,2,mixed_maturity,access_full,dirichlet_lcb,benign_concept_drift,0.5,2,23,5,0.29,0.39055555555555554,0.0892,2,2,1.0,0.0,1.0,0,0,0,0
cifar10,20,2,mixed_maturity,access_full,dirichlet_lcb,benign_concept_drift,0.5,2,24,5,0.338,0.07222222222222222,0.0892,2,2,1.0,0.0,1.0,0,0,0,0
cifar10,20,2,mixed_maturity,access_full,dirichlet_lcb,benign_concept_drift,0.5,2,25,5,0.3215,0.019444444444444445,0.0892,2,2,1.0,0.0,1.0,0,0,0,0
cifar10,20,2,mixed_maturity,access_full,dirichlet_lcb,benign_concept_drift,0.5,2,26,5,0.3515,0.017777777777777778,0.0892,2,2,1.0,0.0,1.0,0,0,0,0
cifar10,20,2,mixed_maturity,access_full,dirichlet_lcb,benign_concept_drift,0.5,2,27,5,0.3455,0.11833333333333333,0.0892,2,2,1.0,0.0,1.0,0,0,0,0
cifar10,20,2,mixed_maturity,access_full,dirichlet_lcb,benign_concept_drift,0.5,2,28,5,0.31,0.17444444444444446,0.08919999999999999,2,2,1.0,0.0,1.0,0,0,0,0
cifar10,20,2,mixed_maturity,access_full,dirichlet_lcb,benign_concept_drift,0.5,2,29,5,0.314,0.0011111111111111111,0.08919999999999999,2,2,1.0,0.0,1.0,0,0,0,0
cifar10,20,2,mixed_maturity,access_full,dirichlet_lcb,benign_concept_drift,0.5,2,30,5,0.3485,0.03222222222222222,0.08920000000000002,2,2,1.0,0.0,1.0,0,0,0,0
cifar10,20,2,mixed_maturity,access_full,dirichlet_lcb,benign_concept_drift,0.5,2,31,5,0.3355,0.14055555555555554,0.0892,2,2,1.0,0.0,1.0,0,0,0,0
cifar10,20,2,mixed_maturity,access_full,dirichlet_lcb,benign_concept_drift,0.5,2,32,5,0.361,0.05388888888888889,0.08920000000000002,2,2,1.0,0.0,1.0,0,0,0,0
cifar10,20,2,mixed_maturity,access_full,dirichlet_lcb,benign_concept_drift,0.5,2,33,5,0.331,0.17722222222222223,0.0892,2,2,1.0,0.0,1.0,0,0,0,0
cifar10,20,2,mixed_maturity,access_full,dirichlet_lcb,benign_concept_drift,0.5,2,34,5,0.324,0.16166666666666665,0.0892,2,2,1.0,0.0,1.0,0,0,0,0
cifar10,20,2,mixed_maturity,access_full,dirichlet_lcb,benign_concept_drift,0.5,2,35,5,0.3215,0.17833333333333334,0.0892,2,2,1.0,0.0,1.0,0,0,0,0
cifar10,20,2,mixed_maturity,access_full,dirichlet_lcb,benign_concept_drift,0.5,2,36,5,0.3195,0.075,0.0892,2,2,1.0,0.0,1.0,0,0,0,0
cifar10,20,2,mixed_maturity,access_full,dirichlet_lcb,benign_concept_drift,0.5,2,37,5,0.3375,0.16166666666666665,0.0892,2,2,1.0,0.0,1.0,0,0,0,0
cifar10,20,2,mixed_maturity,access_full,dirichlet_lcb,benign_concept_drift,0.5,2,38,5,0.3555,0.19444444444444445,0.0892,2,2,1.0,0.0,1.0,0,0,0,0
cifar10,20,2,mixed_maturity,access_full,dirichlet_lcb,benign_concept_drift,0.5,2,39,5,0.3665,0.09444444444444444,0.0892,2,2,1.0,0.0,1.0,0,0,0,0
cifar10,20,2,mixed_maturity,access_full,dirichlet_lcb,benign_concept_drift,0.5,2,40,5,0.334,0.12,0.08919999999999999,2,2,1.0,0.0,1.0,0,0,0,0
cifar10,20,2,mixed_maturity,access_full,dirichlet_lcb,benign_concept_drift,0.5,2,41,5,0.3615,0.06277777777777778,0.08919999999999999,2,2,1.0,0.0,1.0,0,0,0,0
cifar10,20,2,mixed_maturity,access_full,dirichlet_lcb,benign_concept_drift,0.5,2,42,5,0.3195,0.13666666666666666,0.08919999999999999,2,2,1.0,0.0,1.0,0,0,0,0
cifar10,20,2,mixed_maturity,access_full,dirichlet_lcb,benign_concept_drift,0.5,2,43,5,0.3455,0.06722222222222222,0.0892,2,2,1.0,0.0,1.0,0,0,0,0
cifar10,20,2,mixed_maturity,access_full,dirichlet_lcb,benign_concept_drift,0.5,2,44,5,0.3485,0.02722222222222222,0.08920000000000002,2,2,1.0,0.0,1.0,0,0,0,0
cifar10,20,2,mixed_maturity,access_full,dirichlet_lcb,benign_concept_drift,0.5,2,45,5,0.349,0.15722222222222224,0.0892,2,2,1.0,0.0,1.0,0,0,0,0
cifar10,20,2,mixed_maturity,access_full,dirichlet_lcb,benign_concept_drift,0.5,2,46,5,0.3315,0.1361111111111111,0.0892,2,2,1.0,0.0,1.0,0,0,0,0
cifar10,20,2,mixed_maturity,access_full,dirichlet_lcb,benign_concept_drift,0.5,2,47,5,0.324,0.12055555555555555,0.0892,2,2,1.0,0.0,1.0,0,0,0,0
cifar10,20,2,mixed_maturity,access_full,dirichlet_lcb,benign_concept_drift,0.5,2,48,5,0.3355,0.002777777777777778,0.0892,2,2,1.0,0.0,1.0,0,0,0,0
cifar10,20,2,mixed_maturity,access_full,dirichlet_lcb,benign_concept_drift,0.5,2,49,5,0.356,0.03111111111111111,0.08920000000000002,2,2,1.0,0.0,1.0,0,0,0,0
cifar10,20,2,mixed_maturity,access_full,dirichlet_lcb,benign_concept_drift,0.5,2,50,5,0.3525,0.16833333333333333,0.0892,2,2,1.0,0.0,1.0,0,0,0,0
cifar10,20,2,mixed_maturity,access_full,dirichlet_lcb,benign_concept_drift,0.5,3,1,5,0.1665,0.0,0.05537555539138602,2,2,1.0,1.0,0.0,0,0,0,0
cifar10,20,2,mixed_maturity,access_full,dirichlet_lcb,benign_concept_drift,0.5,3,2,5,0.238,0.0033333333333333335,0.05537555539138603,2,2,1.0,1.0,0.0,0,0,0,0
cifar10,20,2,mixed_maturity,access_full,dirichlet_lcb,benign_concept_drift,0.5,3,3,5,0.242,0.12944444444444445,0.05537555539138603,2,2,1.0,1.0,0.0,0,0,0,0
cifar10,20,2,mixed_maturity,access_full,dirichlet_lcb,benign_concept_drift,0.5,3,4,5,0.2525,0.08555555555555555,0.05537555539138602,2,2,1.0,1.0,0.0,0,0,0,0
cifar10,20,2,mixed_maturity,access_full,dirichlet_lcb,benign_concept_drift,0.5,3,5,5,0.2415,0.1,0.10494,2,2,1.0,0.0,1.0,0,0,0,0
cifar10,20,2,mixed_maturity,access_full,dirichlet_lcb,benign_concept_drift,0.5,3,6,5,0.3005,0.08777777777777777,0.10494,2,2,1.0,0.0,1.0,0,0,0,0
cifar10,20,2,mixed_maturity,access_full,dirichlet_lcb,benign_concept_drift,0.5,3,7,5,0.2775,0.20833333333333334,0.10493999999999998,2,2,1.0,0.0,1.0,0,0,0,0
cifar10,20,2,mixed_maturity,access_full,dirichlet_lcb,benign_concept_drift,0.5,3,8,5,0.2925,0.08888888888888889,0.10494,2,2,1.0,0.0,1.0,0,0,0,0
cifar10,20,2,mixed_maturity,access_full,dirichlet_lcb,benign_concept_drift,0.5,3,9,5,0.283,0.10222222222222223,0.10494000000000002,2,2,1.0,0.0,1.0,0,0,0,0
cifar10,20,2,mixed_maturity,access_full,dirichlet_lcb,benign_concept_drift,0.5,3,10,5,0.2905,0.058888888888888886,0.10494,2,2,1.0,0.0,1.0,0,0,0,0
cifar10,20,2,mixed_maturity,access_full,dirichlet_lcb,benign_concept_drift,0.5,3,11,5,0.28,0.03222222222222222,0.10494,2,2,1.0,0.0,1.0,0,0,0,0
cifar10,20,2,mixed_maturity,access_full,dirichlet_lcb,benign_concept_drift,0.5,3,12,5,0.3185,0.011666666666666667,0.10494,2,2,1.0,0.0,1.0,0,0,0,0
cifar10,20,2,mixed_maturity,access_full,dirichlet_lcb,benign_concept_drift,0.5,3,13,5,0.3075,0.03833333333333333,0.10494,2,2,1.0,0.0,1.0,0,0,0,0
cifar10,20,2,mixed_maturity,access_full,dirichlet_lcb,benign_concept_drift,0.5,3,14,5,0.3155,0.016666666666666666,0.10494000000000003,2,2,1.0,0.0,1.0,0,0,0,0
cifar10,20,2,mixed_maturity,access_full,dirichlet_lcb,benign_concept_drift,0.5,3,15,5,0.2935,0.02388888888888889,0.10494000000000002,2,2,1.0,0.0,1.0,0,0,0,0
cifar10,20,2,mixed_maturity,access_full,dirichlet_lcb,benign_concept_drift,0.5,3,16,5,0.338,0.01611111111111111,0.10494,2,2,1.0,0.0,1.0,0,0,0,0
cifar10,20,2,mixed_maturity,access_full,dirichlet_lcb,benign_concept_drift,0.5,3,17,5,0.338,0.07222222222222222,0.10494,2,2,1.0,0.0,1.0,0,0,0,0
cifar10,20,2,mixed_maturity,access_full,dirichlet_lcb,benign_concept_drift,0.5,3,18,5,0.345,0.09777777777777778,0.10494,2,2,1.0,0.0,1.0,0,0,0,0
cifar10,20,2,mixed_maturity,access_full,dirichlet_lcb,benign_concept_drift,0.5,3,19,5,0.3415,0.08333333333333333,0.10494,2,2,1.0,0.0,1.0,0,0,0,0
cifar10,20,2,mixed_maturity,access_full,dirichlet_lcb,benign_concept_drift,0.5,3,20,5,0.279,0.012777777777777779,0.10493999999999998,2,2,1.0,0.0,1.0,0,0,0,0
cifar10,20,2,mixed_maturity,access_full,dirichlet_lcb,benign_concept_drift,0.5,3,21,5,0.3265,0.018333333333333333,0.10494,2,2,1.0,0.0,1.0,0,0,0,0
cifar10,20,2,mixed_maturity,access_full,dirichlet_lcb,benign_concept_drift,0.5,3,22,5,0.3525,0.012777777777777779,0.10494,2,2,1.0,0.0,1.0,0,0,0,0
cifar10,20,2,mixed_maturity,access_full,dirichlet_lcb,benign_concept_drift,0.5,3,23,5,0.316,0.02666666666666667,0.10494,2,2,1.0,0.0,1.0,0,0,0,0
cifar10,20,2,mixed_maturity,access_full,dirichlet_lcb,benign_concept_drift,0.5,3,24,5,0.3115,0.0044444444444444444,0.10493999999999998,2,2,1.0,0.0,1.0,0,0,0,0
cifar10,20,2,mixed_maturity,access_full,dirichlet_lcb,benign_concept_drift,0.5,3,25,5,0.3345,0.019444444444444445,0.10493999999999998,2,2,1.0,0.0,1.0,0,0,0,0
cifar10,20,2,mixed_maturity,access_full,dirichlet_lcb,benign_concept_drift,0.5,3,26,5,0.344,0.059444444444444446,0.10493999999999998,2,2,1.0,0.0,1.0,0,0,0,0
cifar10,20,2,mixed_maturity,access_full,dirichlet_lcb,benign_concept_drift,0.5,3,27,5,0.3045,0.051111111111111114,0.10493999999999998,2,2,1.0,0.0,1.0,0,0,0,0
cifar10,20,2,mixed_maturity,access_full,dirichlet_lcb,benign_concept_drift,0.5,3,28,5,0.351,0.026111111111111113,0.10494,2,2,1.0,0.0,1.0,0,0,0,0
cifar10,20,2,mixed_maturity,access_full,dirichlet_lcb,benign_concept_drift,0.5,3,29,5,0.344,0.016666666666666666,0.10494000000000002,2,2,1.0,0.0,1.0,0,0,0,0
cifar10,20,2,mixed_maturity,access_full,dirichlet_lcb,benign_concept_drift,0.5,3,30,5,0.336,0.11888888888888889,0.10493999999999998,2,2,1.0,0.0,1.0,0,0,0,0
cifar10,20,2,mixed_maturity,access_full,dirichlet_lcb,benign_concept_drift,0.5,3,31,5,0.303,0.0011111111111111111,0.10493999999999998,2,2,1.0,0.0,1.0,0,0,0,0
cifar10,20,2,mixed_maturity,access_full,dirichlet_lcb,benign_concept_drift,0.5,3,32,5,0.341,0.09333333333333334,0.10494000000000002,2,2,1.0,0.0,1.0,0,0,0,0
cifar10,20,2,mixed_maturity,access_full,dirichlet_lcb,benign_concept_drift,0.5,3,33,5,0.344,0.07166666666666667,0.10494,2,2,1.0,0.0,1.0,0,0,0,0
cifar10,20,2,mixed_maturity,access_full,dirichlet_lcb,benign_concept_drift,0.5,3,34,5,0.3295,0.006666666666666667,0.10494000000000002,2,2,1.0,0.0,1.0,0,0,0,0
cifar10,20,2,mixed_maturity,access_full,dirichlet_lcb,benign_concept_drift,0.5,3,35,5,0.319,0.05388888888888889,0.10494000000000002,2,2,1.0,0.0,1.0,0,0,0,0
cifar10,20,2,mixed_maturity,access_full,dirichlet_lcb,benign_concept_drift,0.5,3,36,5,0.375,0.06777777777777778,0.10494,2,2,1.0,0.0,1.0,0,0,0,0
cifar10,20,2,mixed_maturity,access_full,dirichlet_lcb,benign_concept_drift,0.5,3,37,5,0.322,0.15555555555555556,0.10494,2,2,1.0,0.0,1.0,0,0,0,0
cifar10,20,2,mixed_maturity,access_full,dirichlet_lcb,benign_concept_drift,0.5,3,38,5,0.3345,0.021111111111111112,0.10494,2,2,1.0,0.0,1.0,0,0,0,0
cifar10,20,2,mixed_maturity,access_full,dirichlet_lcb,benign_concept_drift,0.5,3,39,5,0.3165,0.057777777777777775,0.10494,2,2,1.0,0.0,1.0,0,0,0,0
cifar10,20,2,mixed_maturity,access_full,dirichlet_lcb,benign_concept_drift,0.5,3,40,5,0.3445,0.075,0.10494,2,2,1.0,0.0,1.0,0,0,0,0
cifar10,20,2,mixed_maturity,access_full,dirichlet_lcb,benign_concept_drift,0.5,3,41,5,0.344,0.022222222222222223,0.10494,2,2,1.0,0.0,1.0,0,0,0,0
cifar10,20,2,mixed_maturity,access_full,dirichlet_lcb,benign_concept_drift,0.5,3,42,5,0.373,0.020555555555555556,0.10494,2,2,1.0,0.0,1.0,0,0,0,0
cifar10,20,2,mixed_maturity,access_full,dirichlet_lcb,benign_concept_drift,0.5,3,43,5,0.348,0.11777777777777777,0.10494000000000002,2,2,1.0,0.0,1.0,0,0,0,0
cifar10,20,2,mixed_maturity,access_full,dirichlet_lcb,benign_concept_drift,0.5,3,44,5,0.345,0.10333333333333333,0.10493999999999998,2,2,1.0,0.0,1.0,0,0,0,0
cifar10,20,2,mixed_maturity,access_full,dirichlet_lcb,benign_concept_drift,0.5,3,45,5,0.3485,0.03833333333333333,0.10494,2,2,1.0,0.0,1.0,0,0,0,0
cifar10,20,2,mixed_maturity,access_full,dirichlet_lcb,benign_concept_drift,0.5,3,46,5,0.3415,0.0033333333333333335,0.10493999999999998,2,2,1.0,0.0,1.0,0,0,0,0
cifar10,20,2,mixed_maturity,access_full,dirichlet_lcb,benign_concept_drift,0.5,3,47,5,0.3465,0.06833333333333333,0.10493999999999998,2,2,1.0,0.0,1.0,0,0,0,0
cifar10,20,2,mixed_maturity,access_full,dirichlet_lcb,benign_concept_drift,0.5,3,48,5,0.365,0.05,0.10494000000000002,2,2,1.0,0.0,1.0,0,0,0,0
cifar10,20,2,mixed_maturity,access_full,dirichlet_lcb,benign_concept_drift,0.5,3,49,5,0.334,0.04888888888888889,0.10493999999999998,2,2,1.0,0.0,1.0,0,0,0,0
cifar10,20,2,mixed_maturity,access_full,dirichlet_lcb,benign_concept_drift,0.5,3,50,5,0.364,0.08555555555555555,0.10494,2,2,1.0,0.0,1.0,0,0,0,0
cifar10,20,2,mixed_maturity,access_full,dirichlet_lcb,benign_concept_drift,0.5,4,1,5,0.1135,0.0,0.06692841977231748,2,2,1.0,1.0,0.0,0,0,0,0
cifar10,20,2,mixed_maturity,access_full,dirichlet_lcb,benign_concept_drift,0.5,4,2,5,0.1875,0.0005555555555555556,0.06692841977231748,2,2,1.0,1.0,0.0,0,0,0,0
cifar10,20,2,mixed_maturity,access_full,dirichlet_lcb,benign_concept_drift,0.5,4,3,5,0.223,0.04,0.06692841977231748,2,2,1.0,1.0,0.0,0,0,0,0
cifar10,20,2,mixed_maturity,access_full,dirichlet_lcb,benign_concept_drift,0.5,4,4,5,0.2435,0.16,0.06692841977231749,2,2,1.0,1.0,0.0,0,0,0,0
cifar10,20,2,mixed_maturity,access_full,dirichlet_lcb,benign_concept_drift,0.5,4,5,5,0.264,0.0077777777777777776,0.12546000000000002,2,2,1.0,0.0,1.0,0,0,0,0
cifar10,20,2,mixed_maturity,access_full,dirichlet_lcb,benign_concept_drift,0.5,4,6,5,0.268,0.044444444444444446,0.12546000000000002,2,2,1.0,0.0,1.0,0,0,0,0
cifar10,20,2,mixed_maturity,access_full,dirichlet_lcb,benign_concept_drift,0.5,4,7,5,0.2655,0.1238888888888889,0.12546000000000002,2,2,1.0,0.0,1.0,0,0,0,0
cifar10,20,2,mixed_maturity,access_full,dirichlet_lcb,benign_concept_drift,0.5,4,8,5,0.282,0.06166666666666667,0.12546000000000002,2,2,1.0,0.0,1.0,0,0,0,0
cifar10,20,2,mixed_maturity,access_full,dirichlet_lcb,benign_concept_drift,0.5,4,9,5,0.262,0.15333333333333332,0.12546000000000004,2,2,1.0,0.0,1.0,0,0,0,0
cifar10,20,2,mixed_maturity,access_full,dirichlet_lcb,benign_concept_drift,0.5,4,10,5,0.3025,0.13277777777777777,0.12546000000000004,2,2,1.0,0.0,1.0,0,0,0,0
cifar10,20,2,mixed_maturity,access_full,dirichlet_lcb,benign_concept_drift,0.5,4,11,5,0.293,0.02277777777777778,0.12546000000000004,2,2,1.0,0.0,1.0,0,0,0,0
cifar10,20,2,mixed_maturity,access_full,dirichlet_lcb,benign_concept_drift,0.5,4,12,5,0.2975,0.17777777777777778,0.12546000000000004,2,2,1.0,0.0,1.0,0,0,0,0
cifar10,20,2,mixed_maturity,access_full,dirichlet_lcb,benign_concept_drift,0.5,4,13,5,0.2915,0.16277777777777777,0.12546000000000002,2,2,1.0,0.0,1.0,0,0,0,0
cifar10,20,2,mixed_maturity,access_full,dirichlet_lcb,benign_concept_drift,0.5,4,14,5,0.3045,0.028333333333333332,0.12546000000000004,2,2,1.0,0.0,1.0,0,0,0,0
cifar10,20,2,mixed_maturity,access_full,dirichlet_lcb,benign_concept_drift,0.5,4,15,5,0.28,0.1711111111111111,0.12546000000000002,2,2,1.0,0.0,1.0,0,0,0,0
cifar10,20,2,mixed_maturity,access_full,dirichlet_lcb,benign_concept_drift,0.5,4,16,5,0.3295,0.025,0.12546000000000002,2,2,1.0,0.0,1.0,0,0,0,0
cifar10,20,2,mixed_maturity,access_full,dirichlet_lcb,benign_concept_drift,0.5,4,17,5,0.307,0.042222222222222223,0.12546000000000002,2,2,1.0,0.0,1.0,0,0,0,0
cifar10,20,2,mixed_maturity,access_full,dirichlet_lcb,benign_concept_drift,0.5,4,18,5,0.285,0.21944444444444444,0.12546000000000002,2,2,1.0,0.0,1.0,0,0,0,0
cifar10,20,2,mixed_maturity,access_full,dirichlet_lcb,benign_concept_drift,0.5,4,19,5,0.3135,0.07444444444444444,0.12546000000000002,2,2,1.0,0.0,1.0,0,0,0,0
cifar10,20,2,mixed_maturity,access_full,dirichlet_lcb,benign_concept_drift,0.5,4,20,5,0.3185,0.011666666666666667,0.12546000000000002,2,2,1.0,0.0,1.0,0,0,0,0
cifar10,20,2,mixed_maturity,access_full,dirichlet_lcb,benign_concept_drift,0.5,4,21,5,0.311,0.15166666666666667,0.12546000000000004,2,2,1.0,0.0,1.0,0,0,0,0
cifar10,20,2,mixed_maturity,access_full,dirichlet_lcb,benign_concept_drift,0.5,4,22,5,0.2835,0.09333333333333334,0.12546000000000002,2,2,1.0,0.0,1.0,0,0,0,0
cifar10,20,2,mixed_maturity,access_full,dirichlet_lcb,benign_concept_drift,0.5,4,23,5,0.337,0.105,0.12546000000000002,2,2,1.0,0.0,1.0,0,0,0,0
cifar10,20,2,mixed_maturity,access_full,dirichlet_lcb,benign_concept_drift,0.5,4,24,5,0.3545,0.022222222222222223,0.12546000000000004,2,2,1.0,0.0,1.0,0,0,0,0
cifar10,20,2,mixed_maturity,access_full,dirichlet_lcb,benign_concept_drift,0.5,4,25,5,0.336,0.08833333333333333,0.12546000000000004,2,2,1.0,0.0,1.0,0,0,0,0
cifar10,20,2,mixed_maturity,access_full,dirichlet_lcb,benign_concept_drift,0.5,4,26,5,0.358,0.028888888888888888,0.12546000000000002,2,2,1.0,0.0,1.0,0,0,0,0
cifar10,20,2,mixed_maturity,access_full,dirichlet_lcb,benign_concept_drift,0.5,4,27,5,0.3345,0.06166666666666667,0.12546000000000002,2,2,1.0,0.0,1.0,0,0,0,0
cifar10,20,2,mixed_maturity,access_full,dirichlet_lcb,benign_concept_drift,0.5,4,28,5,0.3135,0.06277777777777778,0.12546000000000002,2,2,1.0,0.0,1.0,0,0,0,0
cifar10,20,2,mixed_maturity,access_full,dirichlet_lcb,benign_concept_drift,0.5,4,29,5,0.3335,0.028888888888888888,0.12546000000000004,2,2,1.0,0.0,1.0,0,0,0,0
cifar10,20,2,mixed_maturity,access_full,dirichlet_lcb,benign_concept_drift,0.5,4,30,5,0.3245,0.1638888888888889,0.12546000000000002,2,2,1.0,0.0,1.0,0,0,0,0
cifar10,20,2,mixed_maturity,access_full,dirichlet_lcb,benign_concept_drift,0.5,4,31,5,0.33,0.09944444444444445,0.12546000000000004,2,2,1.0,0.0,1.0,0,0,0,0
cifar10,20,2,mixed_maturity,access_full,dirichlet_lcb,benign_concept_drift,0.5,4,32,5,0.346,0.04555555555555556,0.12546000000000002,2,2,1.0,0.0,1.0,0,0,0,0
cifar10,20,2,mixed_maturity,access_full,dirichlet_lcb,benign_concept_drift,0.5,4,33,5,0.366,0.02277777777777778,0.12546000000000002,2,2,1.0,0.0,1.0,0,0,0,0
cifar10,20,2,mixed_maturity,access_full,dirichlet_lcb,benign_concept_drift,0.5,4,34,5,0.3295,0.06666666666666667,0.12546,2,2,1.0,0.0,1.0,0,0,0,0
cifar10,20,2,mixed_maturity,access_full,dirichlet_lcb,benign_concept_drift,0.5,4,35,5,0.345,0.09222222222222222,0.12546000000000002,2,2,1.0,0.0,1.0,0,0,0,0
cifar10,20,2,mixed_maturity,access_full,dirichlet_lcb,benign_concept_drift,0.5,4,36,5,0.3635,0.06055555555555556,0.12546000000000002,2,2,1.0,0.0,1.0,0,0,0,0
cifar10,20,2,mixed_maturity,access_full,dirichlet_lcb,benign_concept_drift,0.5,4,37,5,0.356,0.044444444444444446,0.12546000000000004,2,2,1.0,0.0,1.0,0,0,0,0
cifar10,20,2,mixed_maturity,access_full,dirichlet_lcb,benign_concept_drift,0.5,4,38,5,0.366,0.056666666666666664,0.12546000000000002,2,2,1.0,0.0,1.0,0,0,0,0
cifar10,20,2,mixed_maturity,access_full,dirichlet_lcb,benign_concept_drift,0.5,4,39,5,0.326,0.11944444444444445,0.12546000000000002,2,2,1.0,0.0,1.0,0,0,0,0
cifar10,20,2,mixed_maturity,access_full,dirichlet_lcb,benign_concept_drift,0.5,4,40,5,0.3175,0.11388888888888889,0.12546000000000002,2,2,1.0,0.0,1.0,0,0,0,0
cifar10,20,2,mixed_maturity,access_full,dirichlet_lcb,benign_concept_drift,0.5,4,41,5,0.331,0.05611111111111111,0.12546000000000002,2,2,1.0,0.0,1.0,0,0,0,0
cifar10,20,2,mixed_maturity,access_full,dirichlet_lcb,benign_concept_drift,0.5,4,42,5,0.3625,0.044444444444444446,0.12546000000000004,2,2,1.0,0.0,1.0,0,0,0,0
cifar10,20,2,mixed_maturity,access_full,dirichlet_lcb,benign_concept_drift,0.5,4,43,5,0.3045,0.09,0.12546000000000004,2,2,1.0,0.0,1.0,0,0,0,0
cifar10,20,2,mixed_maturity,access_full,dirichlet_lcb,benign_concept_drift,0.5,4,44,5,0.347,0.04722222222222222,0.12546000000000002,2,2,1.0,0.0,1.0,0,0,0,0
cifar10,20,2,mixed_maturity,access_full,dirichlet_lcb,benign_concept_drift,0.5,4,45,5,0.3475,0.021111111111111112,0.12546000000000004,2,2,1.0,0.0,1.0,0,0,0,0
cifar10,20,2,mixed_maturity,access_full,dirichlet_lcb,benign_concept_drift,0.5,4,46,5,0.3585,0.2038888888888889,0.12546,2,2,1.0,0.0,1.0,0,0,0,0
cifar10,20,2,mixed_maturity,access_full,dirichlet_lcb,benign_concept_drift,0.5,4,47,5,0.3265,0.03111111111111111,0.12546000000000002,2,2,1.0,0.0,1.0,0,0,0,0
cifar10,20,2,mixed_maturity,access_full,dirichlet_lcb,benign_concept_drift,0.5,4,48,5,0.316,0.03111111111111111,0.12546000000000004,2,2,1.0,0.0,1.0,0,0,0,0
cifar10,20,2,mixed_maturity,access_full,dirichlet_lcb,benign_concept_drift,0.5,4,49,5,0.3305,0.08444444444444445,0.12546000000000004,2,2,1.0,0.0,1.0,0,0,0,0
cifar10,20,2,mixed_maturity,access_full,dirichlet_lcb,benign_concept_drift,0.5,4,50,5,0.353,0.19333333333333333,0.12546000000000002,2,2,1.0,0.0,1.0,0,0,0,0
cifar10,20,2,mixed_maturity,access_full,dirichlet_lcb,benign_concept_drift,0.5,5,1,5,0.15,0.7327777777777778,0.05825705063759986,2,2,1.0,1.0,0.0,0,0,0,0
cifar10,20,2,mixed_maturity,access_full,dirichlet_lcb,benign_concept_drift,0.5,5,2,5,0.1905,0.0,0.05825705063759987,2,2,1.0,1.0,0.0,0,0,0,0
cifar10,20,2,mixed_maturity,access_full,dirichlet_lcb,benign_concept_drift,0.5,5,3,5,0.2165,0.019444444444444445,0.05825705063759988,2,2,1.0,1.0,0.0,0,0,0,0
cifar10,20,2,mixed_maturity,access_full,dirichlet_lcb,benign_concept_drift,0.5,5,4,5,0.2595,0.20166666666666666,0.05825705063759988,2,2,1.0,1.0,0.0,0,0,0,0
cifar10,20,2,mixed_maturity,access_full,dirichlet_lcb,benign_concept_drift,0.5,5,5,5,0.2575,0.2538888888888889,0.1101,2,2,1.0,0.0,1.0,0,0,0,0
cifar10,20,2,mixed_maturity,access_full,dirichlet_lcb,benign_concept_drift,0.5,5,6,5,0.288,0.08166666666666667,0.11009999999999998,2,2,1.0,0.0,1.0,0,0,0,0
cifar10,20,2,mixed_maturity,access_full,dirichlet_lcb,benign_concept_drift,0.5,5,7,5,0.297,0.09222222222222222,0.1101,2,2,1.0,0.0,1.0,0,0,0,0
cifar10,20,2,mixed_maturity,access_full,dirichlet_lcb,benign_concept_drift,0.5,5,8,5,0.2885,0.18833333333333332,0.1101,2,2,1.0,0.0,1.0,0,0,0,0
cifar10,20,2,mixed_maturity,access_full,dirichlet_lcb,benign_concept_drift,0.5,5,9,5,0.274,0.15944444444444444,0.11009999999999998,2,2,1.0,0.0,1.0,0,0,0,0
cifar10,20,2,mixed_maturity,access_full,dirichlet_lcb,benign_concept_drift,0.5,5,10,5,0.301,0.03166666666666667,0.11010000000000002,2,2,1.0,0.0,1.0,0,0,0,0
cifar10,20,2,mixed_maturity,access_full,dirichlet_lcb,benign_concept_drift,0.5,5,11,5,0.293,0.08277777777777778,0.1101,2,2,1.0,0.0,1.0,0,0,0,0
cifar10,20,2,mixed_maturity,access_full,dirichlet_lcb,benign_concept_drift,0.5,5,12,5,0.2955,0.09111111111111111,0.1101,2,2,1.0,0.0,1.0,0,0,0,0
cifar10,20,2,mixed_maturity,access_full,dirichlet_lcb,benign_concept_drift,0.5,5,13,5,0.3105,0.1622222222222222,0.11009999999999998,2,2,1.0,0.0,1.0,0,0,0,0
cifar10,20,2,mixed_maturity,access_full,dirichlet_lcb,benign_concept_drift,0.5,5,14,5,0.28,0.10055555555555555,0.1101,2,2,1.0,0.0,1.0,0,0,0,0
cifar10,20,2,mixed_maturity,access_full,dirichlet_lcb,benign_concept_drift,0.5,5,15,5,0.327,0.21833333333333332,0.11009999999999998,2,2,1.0,0.0,1.0,0,0,0,0
cifar10,20,2,mixed_maturity,access_full,dirichlet_lcb,benign_concept_drift,0.5,5,16,5,0.319,0.2111111111111111,0.11009999999999998,2,2,1.0,0.0,1.0,0,0,0,0
cifar10,20,2,mixed_maturity,access_full,dirichlet_lcb,benign_concept_drift,0.5,5,17,5,0.3185,0.013333333333333334,0.1101,2,2,1.0,0.0,1.0,0,0,0,0
cifar10,20,2,mixed_maturity,access_full,dirichlet_lcb,benign_concept_drift,0.5,5,18,5,0.2685,0.2061111111111111,0.1101,2,2,1.0,0.0,1.0,0,0,0,0
cifar10,20,2,mixed_maturity,access_full,dirichlet_lcb,benign_concept_drift,0.5,5,19,5,0.3145,0.07555555555555556,0.1101,2,2,1.0,0.0,1.0,0,0,0,0
cifar10,20,2,mixed_maturity,access_full,dirichlet_lcb,benign_concept_drift,0.5,5,20,5,0.289,0.3055555555555556,0.1101,2,2,1.0,0.0,1.0,0,0,0,0
cifar10,20,2,mixed_maturity,access_full,dirichlet_lcb,benign_concept_drift,0.5,5,21,5,0.3395,0.11333333333333333,0.11009999999999998,2,2,1.0,0.0,1.0,0,0,0,0
cifar10,20,2,mixed_maturity,access_full,dirichlet_lcb,benign_concept_drift,0.5,5,22,5,0.304,0.09722222222222222,0.1101,2,2,1.0,0.0,1.0,0,0,0,0
cifar10,20,2,mixed_maturity,access_full,dirichlet_lcb,benign_concept_drift,0.5,5,23,5,0.297,0.029444444444444443,0.11009999999999998,2,2,1.0,0.0,1.0,0,0,0,0
cifar10,20,2,mixed_maturity,access_full,dirichlet_lcb,benign_concept_drift,0.5,5,24,5,0.327,0.15944444444444444,0.1101,2,2,1.0,0.0,1.0,0,0,0,0
cifar10,20,2,mixed_maturity,access_full,dirichlet_lcb,benign_concept_drift,0.5,5,25,5,0.3385,0.029444444444444443,0.11010000000000002,2,2,1.0,0.0,1.0,0,0,0,0
cifar10,20,2,mixed_maturity,access_full,dirichlet_lcb,benign_concept_drift,0.5,5,26,5,0.3455,0.12833333333333333,0.1101,2,2,1.0,0.0,1.0,0,0,0,0
cifar10,20,2,mixed_maturity,access_full,dirichlet_lcb,benign_concept_drift,0.5,5,27,5,0.359,0.04777777777777778,0.1101,2,2,1.0,0.0,1.0,0,0,0,0
cifar10,20,2,mixed_maturity,access_full,dirichlet_lcb,benign_concept_drift,0.5,5,28,5,0.3445,0.06666666666666667,0.1101,2,2,1.0,0.0,1.0,0,0,0,0
cifar10,20,2,mixed_maturity,access_full,dirichlet_lcb,benign_concept_drift,0.5,5,29,5,0.3525,0.11388888888888889,0.11009999999999998,2,2,1.0,0.0,1.0,0,0,0,0
cifar10,20,2,mixed_maturity,access_full,dirichlet_lcb,benign_concept_drift,0.5,5,30,5,0.3315,0.03833333333333333,0.1101,2,2,1.0,0.0,1.0,0,0,0,0
cifar10,20,2,mixed_maturity,access_full,dirichlet_lcb,benign_concept_drift,0.5,5,31,5,0.3235,0.2038888888888889,0.1101,2,2,1.0,0.0,1.0,0,0,0,0
cifar10,20,2,mixed_maturity,access_full,dirichlet_lcb,benign_concept_drift,0.5,5,32,5,0.328,0.06944444444444445,0.1101,2,2,1.0,0.0,1.0,0,0,0,0
cifar10,20,2,mixed_maturity,access_full,dirichlet_lcb,benign_concept_drift,0.5,5,33,5,0.3535,0.021111111111111112,0.1101,2,2,1.0,0.0,1.0,0,0,0,0
cifar10,20,2,mixed_maturity,access_full,dirichlet_lcb,benign_concept_drift,0.5,5,34,5,0.3505,0.1288888888888889,0.11009999999999998,2,2,1.0,0.0,1.0,0,0,0,0
cifar10,20,2,mixed_maturity,access_full,dirichlet_lcb,benign_concept_drift,0.5,5,35,5,0.3475,0.11888888888888889,0.1101,2,2,1.0,0.0,1.0,0,0,0,0
cifar10,20,2,mixed_maturity,access_full,dirichlet_lcb,benign_concept_drift,0.5,5,36,5,0.3455,0.03666666666666667,0.11009999999999998,2,2,1.0,0.0,1.0,0,0,0,0
cifar10,20,2,mixed_maturity,access_full,dirichlet_lcb,benign_concept_drift,0.5,5,37,5,0.3555,0.07555555555555556,0.11009999999999998,2,2,1.0,0.0,1.0,0,0,0,0
cifar10,20,2,mixed_maturity,access_full,dirichlet_lcb,benign_concept_drift,0.5,5,38,5,0.324,0.145,0.1101,2,2,1.0,0.0,1.0,0,0,0,0
cifar10,20,2,mixed_maturity,access_full,dirichlet_lcb,benign_concept_drift,0.5,5,39,5,0.315,0.12055555555555555,0.1101,2,2,1.0,0.0,1.0,0,0,0,0
cifar10,20,2,mixed_maturity,access_full,dirichlet_lcb,benign_concept_drift,0.5,5,40,5,0.351,0.11222222222222222,0.1101,2,2,1.0,0.0,1.0,0,0,0,0
cifar10,20,2,mixed_maturity,access_full,dirichlet_lcb,benign_concept_drift,0.5,5,41,5,0.367,0.015555555555555555,0.1101,2,2,1.0,0.0,1.0,0,0,0,0
cifar10,20,2,mixed_maturity,access_full,dirichlet_lcb,benign_concept_drift,0.5,5,42,5,0.3355,0.11777777777777777,0.1101,2,2,1.0,0.0,1.0,0,0,0,0
cifar10,20,2,mixed_maturity,access_full,dirichlet_lcb,benign_concept_drift,0.5,5,43,5,0.3395,0.11,0.1101,2,2,1.0,0.0,1.0,0,0,0,0
cifar10,20,2,mixed_maturity,access_full,dirichlet_lcb,benign_concept_drift,0.5,5,44,5,0.3705,0.04722222222222222,0.11010000000000003,2,2,1.0,0.0,1.0,0,0,0,0
cifar10,20,2,mixed_maturity,access_full,dirichlet_lcb,benign_concept_drift,0.5,5,45,5,0.317,0.17944444444444443,0.11009999999999998,2,2,1.0,0.0,1.0,0,0,0,0
cifar10,20,2,mixed_maturity,access_full,dirichlet_lcb,benign_concept_drift,0.5,5,46,5,0.3055,0.0038888888888888888,0.1101,2,2,1.0,0.0,1.0,0,0,0,0
cifar10,20,2,mixed_maturity,access_full,dirichlet_lcb,benign_concept_drift,0.5,5,47,5,0.369,0.07333333333333333,0.11010000000000002,2,2,1.0,0.0,1.0,0,0,0,0
cifar10,20,2,mixed_maturity,access_full,dirichlet_lcb,benign_concept_drift,0.5,5,48,5,0.304,0.3244444444444444,0.11010000000000002,2,2,1.0,0.0,1.0,0,0,0,0
cifar10,20,2,mixed_maturity,access_full,dirichlet_lcb,benign_concept_drift,0.5,5,49,5,0.339,0.10611111111111111,0.11009999999999998,2,2,1.0,0.0,1.0,0,0,0,0
cifar10,20,2,mixed_maturity,access_full,dirichlet_lcb,benign_concept_drift,0.5,5,50,5,0.342,0.13111111111111112,0.1101,2,2,1.0,0.0,1.0,0,0,0,0
cifar10,20,2,mixed_maturity,access_full,dirichlet_lcb,benign_concept_drift,0.5,6,1,5,0.105,0.9788888888888889,0.052609418749078964,2,2,1.0,1.0,0.0,0,0,0,0
cifar10,20,2,mixed_maturity,access_full,dirichlet_lcb,benign_concept_drift,0.5,6,2,5,0.1765,0.0,0.052609418749078964,2,2,1.0,1.0,0.0,0,0,0,0
cifar10,20,2,mixed_maturity,access_full,dirichlet_lcb,benign_concept_drift,0.5,6,3,5,0.2045,0.005,0.05260941874907897,2,2,1.0,1.0,0.0,0,0,0,0
cifar10,20,2,mixed_maturity,access_full,dirichlet_lcb,benign_concept_drift,0.5,6,4,5,0.287,0.04,0.052609418749078964,2,2,1.0,1.0,0.0,0,0,0,0
cifar10,20,2,mixed_maturity,access_full,dirichlet_lcb,benign_concept_drift,0.5,6,5,5,0.257,0.025,0.09995999999999997,2,2,1.0,0.0,1.0,0,0,0,0
cifar10,20,2,mixed_maturity,access_full,dirichlet_lcb,benign_concept_drift,0.5,6,6,5,0.2335,0.24722222222222223,0.09996000000000001,2,2,1.0,0.0,1.0,0,0,0,0
cifar10,20,2,mixed_maturity,access_full,dirichlet_lcb,benign_concept_drift,0.5,6,7,5,0.289,0.01888888888888889,0.09996000000000001,2,2,1.0,0.0,1.0,0,0,0,0
cifar10,20,2,mixed_maturity,access_full,dirichlet_lcb,benign_concept_drift,0.5,6,8,5,0.28,0.23277777777777778,0.09996,2,2,1.0,0.0,1.0,0,0,0,0
cifar10,20,2,mixed_maturity,access_full,dirichlet_lcb,benign_concept_drift,0.5,6,9,5,0.2955,0.005,0.09995999999999997,2,2,1.0,0.0,1.0,0,0,0,0
cifar10,20,2,mixed_maturity,access_full,dirichlet_lcb,benign_concept_drift,0.5,6,10,5,0.326,0.035,0.09996000000000001,2,2,1.0,0.0,1.0,0,0,0,0
cifar10,20,2,mixed_maturity,access_full,dirichlet_lcb,benign_concept_drift,0.5,6,11,5,0.2785,0.07666666666666666,0.09996,2,2,1.0,0.0,1.0,0,0,0,0
cifar10,20,2,mixed_maturity,access_full,dirichlet_lcb,benign_concept_drift,0.5,6,12,5,0.311,0.13555555555555557,0.09996,2,2,1.0,0.0,1.0,0,0,0,0
cifar10,20,2,mixed_maturity,access_full,dirichlet_lcb,benign_concept_drift,0.5,6,13,5,0.307,0.1527777777777778,0.09995999999999997,2,2,1.0,0.0,1.0,0,0,0,0
cifar10,20,2,mixed_maturity,access_full,dirichlet_lcb,benign_concept_drift,0.5,6,14,5,0.3175,0.07611111111111112,0.09996,2,2,1.0,0.0,1.0,0,0,0,0
cifar10,20,2,mixed_maturity,access_full,dirichlet_lcb,benign_concept_drift,0.5,6,15,5,0.3125,0.03388888888888889,0.09996,2,2,1.0,0.0,1.0,0,0,0,0
cifar10,20,2,mixed_maturity,access_full,dirichlet_lcb,benign_concept_drift,0.5,6,16,5,0.3455,0.03888888888888889,0.09996000000000001,2,2,1.0,0.0,1.0,0,0,0,0
cifar10,20,2,mixed_maturity,access_full,dirichlet_lcb,benign_concept_drift,0.5,6,17,5,0.295,0.14722222222222223,0.09996000000000001,2,2,1.0,0.0,1.0,0,0,0,0
cifar10,20,2,mixed_maturity,access_full,dirichlet_lcb,benign_concept_drift,0.5,6,18,5,0.2905,0.015555555555555555,0.09996000000000001,2,2,1.0,0.0,1.0,0,0,0,0
cifar10,20,2,mixed_maturity,access_full,dirichlet_lcb,benign_concept_drift,0.5,6,19,5,0.3445,0.03833333333333333,0.09996,2,2,1.0,0.0,1.0,0,0,0,0
cifar10,20,2,mixed_maturity,access_full,dirichlet_lcb,benign_concept_drift,0.5,6,20,5,0.317,0.14222222222222222,0.09996,2,2,1.0,0.0,1.0,0,0,0,0
cifar10,20,2,mixed_maturity,access_full,dirichlet_lcb,benign_concept_drift,0.5,6,21,5,0.301,0.03944444444444444,0.09996,2,2,1.0,0.0,1.0,0,0,0,0
cifar10,20,2,mixed_maturity,access_full,dirichlet_lcb,benign_concept_drift,0.5,6,22,5,0.344,0.10833333333333334,0.09996,2,2,1.0,0.0,1.0,0,0,0,0
cifar10,20,2,mixed_maturity,access_full,dirichlet_lcb,benign_concept_drift,0.5,6,23,5,0.313,0.07166666666666667,0.09996000000000001,2,2,1.0,0.0,1.0,0,0,0,0
cifar10,20,2,mixed_maturity,access_full,dirichlet_lcb,benign_concept_drift,0.5,6,24,5,0.351,0.017777777777777778,0.09996,2,2,1.0,0.0,1.0,0,0,0,0
cifar10,20,2,mixed_maturity,access_full,dirichlet_lcb,benign_concept_drift,0.5,6,25,5,0.3465,0.04555555555555556,0.09996000000000001,2,2,1.0,0.0,1.0,0,0,0,0
cifar10,20,2,mixed_maturity,access_full,dirichlet_lcb,benign_concept_drift,0.5,6,26,5,0.323,0.215,0.09996,2,2,1.0,0.0,1.0,0,0,0,0
cifar10,20,2,mixed_maturity,access_full,dirichlet_lcb,benign_concept_drift,0.5,6,27,5,0.3385,0.012777777777777779,0.09996,2,2,1.0,0.0,1.0,0,0,0,0
cifar10,20,2,mixed_maturity,access_full,dirichlet_lcb,benign_concept_drift,0.5,6,28,5,0.344,0.1,0.09996000000000001,2,2,1.0,0.0,1.0,0,0,0,0
cifar10,20,2,mixed_maturity,access_full,dirichlet_lcb,benign_concept_drift,0.5,6,29,5,0.3215,0.0038888888888888888,0.09996,2,2,1.0,0.0,1.0,0,0,0,0
cifar10,20,2,mixed_maturity,access_full,dirichlet_lcb,benign_concept_drift,0.5,6,30,5,0.32,0.10722222222222222,0.09995999999999997,2,2,1.0,0.0,1.0,0,0,0,0
cifar10,20,2,mixed_maturity,access_full,dirichlet_lcb,benign_concept_drift,0.5,6,31,5,0.3335,0.02722222222222222,0.09996,2,2,1.0,0.0,1.0,0,0,0,0
cifar10,20,2,mixed_maturity,access_full,dirichlet_lcb,benign_concept_drift,0.5,6,32,5,0.324,0.03277777777777778,0.09996,2,2,1.0,0.0,1.0,0,0,0,0
cifar10,20,2,mixed_maturity,access_full,dirichlet_lcb,benign_concept_drift,0.5,6,33,5,0.34,0.04777777777777778,0.09996,2,2,1.0,0.0,1.0,0,0,0,0
cifar10,20,2,mixed_maturity,access_full,dirichlet_lcb,benign_concept_drift,0.5,6,34,5,0.3195,0.12222222222222222,0.09996000000000001,2,2,1.0,0.0,1.0,0,0,0,0
cifar10,20,2,mixed_maturity,access_full,dirichlet_lcb,benign_concept_drift,0.5,6,35,5,0.325,0.09388888888888888,0.09996,2,2,1.0,0.0,1.0,0,0,0,0
cifar10,20,2,mixed_maturity,access_full,dirichlet_lcb,benign_concept_drift,0.5,6,36,5,0.3515,0.014444444444444444,0.09996,2,2,1.0,0.0,1.0,0,0,0,0
cifar10,20,2,mixed_maturity,access_full,dirichlet_lcb,benign_concept_drift,0.5,6,37,5,0.3305,0.03,0.09996000000000001,2,2,1.0,0.0,1.0,0,0,0,0
cifar10,20,2,mixed_maturity,access_full,dirichlet_lcb,benign_concept_drift,0.5,6,38,5,0.34,0.09722222222222222,0.09996000000000001,2,2,1.0,0.0,1.0,0,0,0,0
cifar10,20,2,mixed_maturity,access_full,dirichlet_lcb,benign_concept_drift,0.5,6,39,5,0.3425,0.08555555555555555,0.09996,2,2,1.0,0.0,1.0,0,0,0,0
cifar10,20,2,mixed_maturity,access_full,dirichlet_lcb,benign_concept_drift,0.5,6,40,5,0.3345,0.0011111111111111111,0.09996,2,2,1.0,0.0,1.0,0,0,0,0
cifar10,20,2,mixed_maturity,access_full,dirichlet_lcb,benign_concept_drift,0.5,6,41,5,0.3435,0.10944444444444444,0.09996000000000001,2,2,1.0,0.0,1.0,0,0,0,0
cifar10,20,2,mixed_maturity,access_full,dirichlet_lcb,benign_concept_drift,0.5,6,42,5,0.3195,0.0038888888888888888,0.09996000000000002,2,2,1.0,0.0,1.0,0,0,0,0
cifar10,20,2,mixed_maturity,access_full,dirichlet_lcb,benign_concept_drift,0.5,6,43,5,0.306,0.05277777777777778,0.09996,2,2,1.0,0.0,1.0,0,0,0,0
cifar10,20,2,mixed_maturity,access_full,dirichlet_lcb,benign_concept_drift,0.5,6,44,5,0.3685,0.028333333333333332,0.09996,2,2,1.0,0.0,1.0,0,0,0,0
cifar10,20,2,mixed_maturity,access_full,dirichlet_lcb,benign_concept_drift,0.5,6,45,5,0.325,0.02,0.09996,2,2,1.0,0.0,1.0,0,0,0,0
cifar10,20,2,mixed_maturity,access_full,dirichlet_lcb,benign_concept_drift,0.5,6,46,5,0.3475,0.1272222222222222,0.09996,2,2,1.0,0.0,1.0,0,0,0,0
cifar10,20,2,mixed_maturity,access_full,dirichlet_lcb,benign_concept_drift,0.5,6,47,5,0.364,0.13777777777777778,0.09996000000000001,2,2,1.0,0.0,1.0,0,0,0,0
cifar10,20,2,mixed_maturity,access_full,dirichlet_lcb,benign_concept_drift,0.5,6,48,5,0.311,0.027777777777777776,0.09996,2,2,1.0,0.0,1.0,0,0,0,0
cifar10,20,2,mixed_maturity,access_full,dirichlet_lcb,benign_concept_drift,0.5,6,49,5,0.356,0.09888888888888889,0.09996,2,2,1.0,0.0,1.0,0,0,0,0
cifar10,20,2,mixed_maturity,access_full,dirichlet_lcb,benign_concept_drift,0.5,6,50,5,0.3515,0.03222222222222222,0.09995999999999997,2,2,1.0,0.0,1.0,0,0,0,0
cifar10,20,2,mixed_maturity,access_full,dirichlet_lcb,benign_concept_drift,0.5,7,1,5,0.184,0.0,0.052930832973581955,2,2,1.0,1.0,0.0,0,0,0,0
cifar10,20,2,mixed_maturity,access_full,dirichlet_lcb,benign_concept_drift,0.5,7,2,5,0.2275,0.07222222222222222,0.05293083297358197,2,2,1.0,1.0,0.0,0,0,0,0
cifar10,20,2,mixed_maturity,access_full,dirichlet_lcb,benign_concept_drift,0.5,7,3,5,0.25,0.08833333333333333,0.052930832973581955,2,2,1.0,1.0,0.0,0,0,0,0
cifar10,20,2,mixed_maturity,access_full,dirichlet_lcb,benign_concept_drift,0.5,7,4,5,0.216,0.08333333333333333,0.052930832973581955,2,2,1.0,1.0,0.0,0,0,0,0
cifar10,20,2,mixed_maturity,access_full,dirichlet_lcb,benign_concept_drift,0.5,7,5,5,0.241,0.029444444444444443,0.10054,2,2,1.0,0.0,1.0,0,0,0,0
cifar10,20,2,mixed_maturity,access_full,dirichlet_lcb,benign_concept_drift,0.5,7,6,5,0.313,0.09777777777777778,0.10054,2,2,1.0,0.0,1.0,0,0,0,0
cifar10,20,2,mixed_maturity,access_full,dirichlet_lcb,benign_concept_drift,0.5,7,7,5,0.2715,0.19444444444444445,0.10054,2,2,1.0,0.0,1.0,0,0,0,0
cifar10,20,2,mixed_maturity,access_full,dirichlet_lcb,benign_concept_drift,0.5,7,8,5,0.289,0.16833333333333333,0.10054000000000002,2,2,1.0,0.0,1.0,0,0,0,0
cifar10,20,2,mixed_maturity,access_full,dirichlet_lcb,benign_concept_drift,0.5,7,9,5,0.301,0.011666666666666667,0.10054,2,2,1.0,0.0,1.0,0,0,0,0
cifar10,20,2,mixed_maturity,access_full,dirichlet_lcb,benign_concept_drift,0.5,7,10,5,0.288,0.05444444444444444,0.10054,2,2,1.0,0.0,1.0,0,0,0,0
cifar10,20,2,mixed_maturity,access_full,dirichlet_lcb,benign_concept_drift,0.5,7,11,5,0.293,0.010555555555555556,0.10054,2,2,1.0,0.0,1.0,0,0,0,0
cifar10,20,2,mixed_maturity,access_full,dirichlet_lcb,benign_concept_drift,0.5,7,12,5,0.3145,0.135,0.10054,2,2,1.0,0.0,1.0,0,0,0,0
cifar10,20,2,mixed_maturity,access_full,dirichlet_lcb,benign_concept_drift,0.5,7,13,5,0.324,0.0038888888888888888,0.10054,2,2,1.0,0.0,1.0,0,0,0,0
cifar10,20,2,mixed_maturity,access_full,dirichlet_lcb,benign_concept_drift,0.5,7,14,5,0.3105,0.23333333333333334,0.10053999999999998,2,2,1.0,0.0,1.0,0,0,0,0
cifar10,20,2,mixed_maturity,access_full,dirichlet_lcb,benign_concept_drift,0.5,7,15,5,0.337,0.021111111111111112,0.10054,2,2,1.0,0.0,1.0,0,0,0,0
cifar10,20,2,mixed_maturity,access_full,dirichlet_lcb,benign_concept_drift,0.5,7,16,5,0.335,0.015,0.10054,2,2,1.0,0.0,1.0,0,0,0,0
cifar10,20,2,mixed_maturity,access_full,dirichlet_lcb,benign_concept_drift,0.5,7,17,5,0.309,0.05611111111111111,0.10053999999999998,2,2,1.0,0.0,1.0,0,0,0,0
cifar10,20,2,mixed_maturity,access_full,dirichlet_lcb,benign_concept_drift,0.5,7,18,5,0.318,0.06388888888888888,0.10054,2,2,1.0,0.0,1.0,0,0,0,0
cifar10,20,2,mixed_maturity,access_full,dirichlet_lcb,benign_concept_drift,0.5,7,19,5,0.354,0.06555555555555556,0.10053999999999998,2,2,1.0,0.0,1.0,0,0,0,0
cifar10,20,2,mixed_maturity,access_full,dirichlet_lcb,benign_concept_drift,0.5,7,20,5,0.2985,0.1272222222222222,0.10054000000000002,2,2,1.0,0.0,1.0,0,0,0,0
cifar10,20,2,mixed_maturity,access_full,dirichlet_lcb,benign_concept_drift,0.5,7,21,5,0.3305,0.03222222222222222,0.10053999999999998,2,2,1.0,0.0,1.0,0,0,0,0
cifar10,20,2,mixed_maturity,access_full,dirichlet_lcb,benign_concept_drift,0.5,7,22,5,0.332,0.02722222222222222,0.10054,2,2,1.0,0.0,1.0,0,0,0,0
cifar10,20,2,mixed_maturity,access_full,dirichlet_lcb,benign_concept_drift,0.5,7,23,5,0.3545,0.049444444444444444,0.10054000000000002,2,2,1.0,0.0,1.0,0,0,0,0
cifar10,20,2,mixed_maturity,access_full,dirichlet_lcb,benign_concept_drift,0.5,7,24,5,0.3135,0.07944444444444444,0.10054000000000002,2,2,1.0,0.0,1.0,0,0,0,0
cifar10,20,2,mixed_maturity,access_full,dirichlet_lcb,benign_concept_drift,0.5,7,25,5,0.3245,0.085,0.10054,2,2,1.0,0.0,1.0,0,0,0,0
cifar10,20,2,mixed_maturity,access_full,dirichlet_lcb,benign_concept_drift,0.5,7,26,5,0.306,0.01611111111111111,0.10054,2,2,1.0,0.0,1.0,0,0,0,0
cifar10,20,2,mixed_maturity,access_full,dirichlet_lcb,benign_concept_drift,0.5,7,27,5,0.3025,0.016666666666666666,0.10053999999999998,2,2,1.0,0.0,1.0,0,0,0,0
cifar10,20,2,mixed_maturity,access_full,dirichlet_lcb,benign_concept_drift,0.5,7,28,5,0.3185,0.04777777777777778,0.10053999999999998,2,2,1.0,0.0,1.0,0,0,0,0
cifar10,20,2,mixed_maturity,access_full,dirichlet_lcb,benign_concept_drift,0.5,7,29,5,0.346,0.03,0.10054,2,2,1.0,0.0,1.0,0,0,0,0
cifar10,20,2,mixed_maturity,access_full,dirichlet_lcb,benign_concept_drift,0.5,7,30,5,0.3165,0.0038888888888888888,0.10053999999999998,2,2,1.0,0.0,1.0,0,0,0,0
cifar10,20,2,mixed_maturity,access_full,dirichlet_lcb,benign_concept_drift,0.5,7,31,5,0.3305,0.22666666666666666,0.10054,2,2,1.0,0.0,1.0,0,0,0,0
cifar10,20,2,mixed_maturity,access_full,dirichlet_lcb,benign_concept_drift,0.5,7,32,5,0.344,0.07166666666666667,0.10054,2,2,1.0,0.0,1.0,0,0,0,0
cifar10,20,2,mixed_maturity,access_full,dirichlet_lcb,benign_concept_drift,0.5,7,33,5,0.337,0.06444444444444444,0.10054,2,2,1.0,0.0,1.0,0,0,0,0
cifar10,20,2,mixed_maturity,access_full,dirichlet_lcb,benign_concept_drift,0.5,7,34,5,0.345,0.09888888888888889,0.10053999999999998,2,2,1.0,0.0,1.0,0,0,0,0
cifar10,20,2,mixed_maturity,access_full,dirichlet_lcb,benign_concept_drift,0.5,7,35,5,0.3255,0.09333333333333334,0.10053999999999996,2,2,1.0,0.0,1.0,0,0,0,0
cifar10,20,2,mixed_maturity,access_full,dirichlet_lcb,benign_concept_drift,0.5,7,36,5,0.319,0.01888888888888889,0.10054,2,2,1.0,0.0,1.0,0,0,0,0
cifar10,20,2,mixed_maturity,access_full,dirichlet_lcb,benign_concept_drift,0.5,7,37,5,0.353,0.049444444444444444,0.10054,2,2,1.0,0.0,1.0,0,0,0,0
cifar10,20,2,mixed_maturity,access_full,dirichlet_lcb,benign_concept_drift,0.5,7,38,5,0.3125,0.01,0.10053999999999998,2,2,1.0,0.0,1.0,0,0,0,0
cifar10,20,2,mixed_maturity,access_full,dirichlet_lcb,benign_concept_drift,0.5,7,39,5,0.35,0.08944444444444444,0.10054,2,2,1.0,0.0,1.0,0,0,0,0
cifar10,20,2,mixed_maturity,access_full,dirichlet_lcb,benign_concept_drift,0.5,7,40,5,0.318,0.0077777777777777776,0.10054,2,2,1.0,0.0,1.0,0,0,0,0
cifar10,20,2,mixed_maturity,access_full,dirichlet_lcb,benign_concept_drift,0.5,7,41,5,0.344,0.012777777777777779,0.10054,2,2,1.0,0.0,1.0,0,0,0,0
cifar10,20,2,mixed_maturity,access_full,dirichlet_lcb,benign_concept_drift,0.5,7,42,5,0.351,0.010555555555555556,0.10054,2,2,1.0,0.0,1.0,0,0,0,0
cifar10,20,2,mixed_maturity,access_full,dirichlet_lcb,benign_concept_drift,0.5,7,43,5,0.3245,0.0077777777777777776,0.10054,2,2,1.0,0.0,1.0,0,0,0,0
cifar10,20,2,mixed_maturity,access_full,dirichlet_lcb,benign_concept_drift,0.5,7,44,5,0.316,0.04055555555555555,0.10054,2,2,1.0,0.0,1.0,0,0,0,0
cifar10,20,2,mixed_maturity,access_full,dirichlet_lcb,benign_concept_drift,0.5,7,45,5,0.356,0.03722222222222222,0.10054,2,2,1.0,0.0,1.0,0,0,0,0
cifar10,20,2,mixed_maturity,access_full,dirichlet_lcb,benign_concept_drift,0.5,7,46,5,0.3185,0.14333333333333334,0.10054,2,2,1.0,0.0,1.0,0,0,0,0
cifar10,20,2,mixed_maturity,access_full,dirichlet_lcb,benign_concept_drift,0.5,7,47,5,0.354,0.04777777777777778,0.10054,2,2,1.0,0.0,1.0,0,0,0,0
cifar10,20,2,mixed_maturity,access_full,dirichlet_lcb,benign_concept_drift,0.5,7,48,5,0.3585,0.09444444444444444,0.10054,2,2,1.0,0.0,1.0,0,0,0,0
cifar10,20,2,mixed_maturity,access_full,dirichlet_lcb,benign_concept_drift,0.5,7,49,5,0.3575,0.08722222222222223,0.10054000000000002,2,2,1.0,0.0,1.0,0,0,0,0
cifar10,20,2,mixed_maturity,access_full,dirichlet_lcb,benign_concept_drift,0.5,7,50,5,0.339,0.0033333333333333335,0.10053999999999998,2,2,1.0,0.0,1.0,0,0,0,0
cifar10,20,2,mixed_maturity,access_full,dirichlet_lcb,benign_concept_drift,0.5,8,1,5,0.1,0.9977777777777778,0.053163703766113415,2,2,1.0,1.0,0.0,0,0,0,0
cifar10,20,2,mixed_maturity,access_full,dirichlet_lcb,benign_concept_drift,0.5,8,2,5,0.1905,0.0022222222222222222,0.0531637037661134,2,2,1.0,1.0,0.0,0,0,0,0
cifar10,20,2,mixed_maturity,access_full,dirichlet_lcb,benign_concept_drift,0.5,8,3,5,0.2425,0.013333333333333334,0.05316370376611342,2,2,1.0,1.0,0.0,0,0,0,0
cifar10,20,2,mixed_maturity,access_full,dirichlet_lcb,benign_concept_drift,0.5,8,4,5,0.2835,0.06388888888888888,0.053163703766113415,2,2,1.0,1.0,0.0,0,0,0,0
cifar10,20,2,mixed_maturity,access_full,dirichlet_lcb,benign_concept_drift,0.5,8,5,5,0.229,0.3238888888888889,0.10096000000000001,2,2,1.0,0.0,1.0,0,0,0,0
cifar10,20,2,mixed_maturity,access_full,dirichlet_lcb,benign_concept_drift,0.5,8,6,5,0.2795,0.010555555555555556,0.10096000000000001,2,2,1.0,0.0,1.0,0,0,0,0
cifar10,20,2,mixed_maturity,access_full,dirichlet_lcb,benign_concept_drift,0.5,8,7,5,0.262,0.2838888888888889,0.10095999999999998,2,2,1.0,0.0,1.0,0,0,0,0
cifar10,20,2,mixed_maturity,access_full,dirichlet_lcb,benign_concept_drift,0.5,8,8,5,0.249,0.0044444444444444444,0.10096000000000002,2,2,1.0,0.0,1.0,0,0,0,0
cifar10,20,2,mixed_maturity,access_full,dirichlet_lcb,benign_concept_drift,0.5,8,9,5,0.2565,0.0005555555555555556,0.10095999999999998,2,2,1.0,0.0,1.0,0,0,0,0
cifar10,20,2,mixed_maturity,access_full,dirichlet_lcb,benign_concept_drift,0.5,8,10,5,0.286,0.19333333333333333,0.10096000000000001,2,2,1.0,0.0,1.0,0,0,0,0
cifar10,20,2,mixed_maturity,access_full,dirichlet_lcb,benign_concept_drift,0.5,8,11,5,0.31,0.12055555555555555,0.10096000000000001,2,2,1.0,0.0,1.0,0,0,0,0
cifar10,20,2,mixed_maturity,access_full,dirichlet_lcb,benign_concept_drift,0.5,8,12,5,0.337,0.06444444444444444,0.10096000000000001,2,2,1.0,0.0,1.0,0,0,0,0
cifar10,20,2,mixed_maturity,access_full,dirichlet_lcb,benign_concept_drift,0.5,8,13,5,0.291,0.06222222222222222,0.10096000000000001,2,2,1.0,0.0,1.0,0,0,0,0
cifar10,20,2,mixed_maturity,access_full,dirichlet_lcb,benign_concept_drift,0.5,8,14,5,0.2855,0.2727777777777778,0.10096000000000001,2,2,1.0,0.0,1.0,0,0,0,0
cifar10,20,2,mixed_maturity,access_full,dirichlet_lcb,benign_concept_drift,0.5,8,15,5,0.2775,0.0005555555555555556,0.10096000000000002,2,2,1.0,0.0,1.0,0,0,0,0
cifar10,20,2,mixed_maturity,access_full,dirichlet_lcb,benign_concept_drift,0.5,8,16,5,0.289,0.015,0.10096000000000001,2,2,1.0,0.0,1.0,0,0,0,0
cifar10,20,2,mixed_maturity,access_full,dirichlet_lcb,benign_concept_drift,0.5,8,17,5,0.29,0.08388888888888889,0.10096000000000001,2,2,1.0,0.0,1.0,0,0,0,0
cifar10,20,2,mixed_maturity,access_full,dirichlet_lcb,benign_concept_drift,0.5,8,18,5,0.292,0.015,0.10096000000000001,2,2,1.0,0.0,1.0,0,0,0,0
cifar10,20,2,mixed_maturity,access_full,dirichlet_lcb,benign_concept_drift,0.5,8,19,5,0.293,0.13722222222222222,0.10096000000000002,2,2,1.0,0.0,1.0,0,0,0,0
cifar10,20,2,mixed_maturity,access_full,dirichlet_lcb,benign_concept_drift,0.5,8,20,5,0.336,0.002777777777777778,0.10096000000000002,2,2,1.0,0.0,1.0,0,0,0,0
cifar10,20,2,mixed_maturity,access_full,dirichlet_lcb,benign_concept_drift,0.5,8,21,5,0.2965,0.29555555555555557,0.10095999999999998,2,2,1.0,0.0,1.0,0,0,0,0
cifar10,20,2,mixed_maturity,access_full,dirichlet_lcb,benign_concept_drift,0.5,8,22,5,0.3185,0.01611111111111111,0.10095999999999998,2,2,1.0,0.0,1.0,0,0,0,0
cifar10,20,2,mixed_maturity,access_full,dirichlet_lcb,benign_concept_drift,0.5,8,23,5,0.289,0.05444444444444444,0.10095999999999998,2,2,1.0,0.0,1.0,0,0,0,0
cifar10,20,2,mixed_maturity,access_full,dirichlet_lcb,benign_concept_drift,0.5,8,24,5,0.3305,0.017777777777777778,0.10096000000000001,2,2,1.0,0.0,1.0,0,0,0,0
cifar10,20,2,mixed_maturity,access_full,dirichlet_lcb,benign_concept_drift,0.5,8,25,5,0.3245,0.03,0.10096000000000002,2,2,1.0,0.0,1.0,0,0,0,0
cifar10,20,2,mixed_maturity,access_full,dirichlet_lcb,benign_concept_drift,0.5,8,26,5,0.297,0.011666666666666667,0.10096000000000001,2,2,1.0,0.0,1.0,0,0,0,0
cifar10,20,2,mixed_maturity,access_full,dirichlet_lcb,benign_concept_drift,0.5,8,27,5,0.2875,0.04833333333333333,0.10096000000000001,2,2,1.0,0.0,1.0,0,0,0,0
cifar10,20,2,mixed_maturity,access_full,dirichlet_lcb,benign_concept_drift,0.5,8,28,5,0.3235,0.15666666666666668,0.10096000000000001,2,2,1.0,0.0,1.0,0,0,0,0
cifar10,20,2,mixed_maturity,access_full,dirichlet_lcb,benign_concept_drift,0.5,8,29,5,0.3375,0.016666666666666666,0.10095999999999998,2,2,1.0,0.0,1.0,0,0,0,0
cifar10,20,2,mixed_maturity,access_full,dirichlet_lcb,benign_concept_drift,0.5,8,30,5,0.3275,0.014444444444444444,0.10096000000000001,2,2,1.0,0.0,1.0,0,0,0,0
cifar10,20,2,mixed_maturity,access_full,dirichlet_lcb,benign_concept_drift,0.5,8,31,5,0.338,0.17055555555555554,0.10096000000000001,2,2,1.0,0.0,1.0,0,0,0,0
cifar10,20,2,mixed_maturity,access_full,dirichlet_lcb,benign_concept_drift,0.5,8,32,5,0.328,0.014444444444444444,0.10096000000000002,2,2,1.0,0.0,1.0,0,0,0,0
cifar10,20,2,mixed_maturity,access_full,dirichlet_lcb,benign_concept_drift,0.5,8,33,5,0.336,0.04388888888888889,0.10096000000000001,2,2,1.0,0.0,1.0,0,0,0,0
cifar10,20,2,mixed_maturity,access_full,dirichlet_lcb,benign_concept_drift,0.5,8,34,5,0.293,0.09333333333333334,0.10096000000000001,2,2,1.0,0.0,1.0,0,0,0,0
cifar10,20,2,mixed_maturity,access_full,dirichlet_lcb,benign_concept_drift,0.5,8,35,5,0.3685,0.03111111111111111,0.10096000000000001,2,2,1.0,0.0,1.0,0,0,0,0
cifar10,20,2,mixed_maturity,access_full,dirichlet_lcb,benign_concept_drift,0.5,8,36,5,0.3105,0.042777777777777776,0.10096000000000001,2,2,1.0,0.0,1.0,0,0,0,0
cifar10,20,2,mixed_maturity,access_full,dirichlet_lcb,benign_concept_drift,0.5,8,37,5,0.3525,0.027777777777777776,0.10096000000000001,2,2,1.0,0.0,1.0,0,0,0,0
cifar10,20,2,mixed_maturity,access_full,dirichlet_lcb,benign_concept_drift,0.5,8,38,5,0.356,0.10555555555555556,0.10096000000000001,2,2,1.0,0.0,1.0,0,0,0,0
cifar10,20,2,mixed_maturity,access_full,dirichlet_lcb,benign_concept_drift,0.5,8,39,5,0.3195,0.06166666666666667,0.10096000000000001,2,2,1.0,0.0,1.0,0,0,0,0
cifar10,20,2,mixed_maturity,access_full,dirichlet_lcb,benign_concept_drift,0.5,8,40,5,0.3505,0.0044444444444444444,0.10096000000000001,2,2,1.0,0.0,1.0,0,0,0,0
cifar10,20,2,mixed_maturity,access_full,dirichlet_lcb,benign_concept_drift,0.5,8,41,5,0.3205,0.058333333333333334,0.10096000000000001,2,2,1.0,0.0,1.0,0,0,0,0
cifar10,20,2,mixed_maturity,access_full,dirichlet_lcb,benign_concept_drift,0.5,8,42,5,0.305,0.0033333333333333335,0.10096000000000002,2,2,1.0,0.0,1.0,0,0,0,0
cifar10,20,2,mixed_maturity,access_full,dirichlet_lcb,benign_concept_drift,0.5,8,43,5,0.3375,0.011111111111111112,0.10096000000000002,2,2,1.0,0.0,1.0,0,0,0,0
cifar10,20,2,mixed_maturity,access_full,dirichlet_lcb,benign_concept_drift,0.5,8,44,5,0.3435,0.09,0.10096000000000001,2,2,1.0,0.0,1.0,0,0,0,0
cifar10,20,2,mixed_maturity,access_full,dirichlet_lcb,benign_concept_drift,0.5,8,45,5,0.3355,0.145,0.10096000000000001,2,2,1.0,0.0,1.0,0,0,0,0
cifar10,20,2,mixed_maturity,access_full,dirichlet_lcb,benign_concept_drift,0.5,8,46,5,0.3405,0.16833333333333333,0.10095999999999998,2,2,1.0,0.0,1.0,0,0,0,0
cifar10,20,2,mixed_maturity,access_full,dirichlet_lcb,benign_concept_drift,0.5,8,47,5,0.28,0.0022222222222222222,0.10096000000000001,2,2,1.0,0.0,1.0,0,0,0,0
cifar10,20,2,mixed_maturity,access_full,dirichlet_lcb,benign_concept_drift,0.5,8,48,5,0.3075,0.20277777777777778,0.10096000000000001,2,2,1.0,0.0,1.0,0,0,0,0
cifar10,20,2,mixed_maturity,access_full,dirichlet_lcb,benign_concept_drift,0.5,8,49,5,0.342,0.012222222222222223,0.10096000000000001,2,2,1.0,0.0,1.0,0,0,0,0
cifar10,20,2,mixed_maturity,access_full,dirichlet_lcb,benign_concept_drift,0.5,8,50,5,0.316,0.03388888888888889,0.10096000000000001,2,2,1.0,0.0,1.0,0,0,0,0
cifar10,20,2,mixed_maturity,access_full,dirichlet_lcb,benign_concept_drift,0.5,9,1,5,0.118,0.0,0.03149143346364508,2,2,1.0,1.0,0.0,0,0,0,0
cifar10,20,2,mixed_maturity,access_full,dirichlet_lcb,benign_concept_drift,0.5,9,2,5,0.2605,0.07611111111111112,0.03149143346364509,2,2,1.0,1.0,0.0,0,0,0,0
cifar10,20,2,mixed_maturity,access_full,dirichlet_lcb,benign_concept_drift,0.5,9,3,5,0.207,0.0,0.03149143346364509,2,2,1.0,1.0,0.0,0,0,0,0
cifar10,20,2,mixed_maturity,access_full,dirichlet_lcb,benign_concept_drift,0.5,9,4,5,0.233,0.01,0.03149143346364509,2,2,1.0,1.0,0.0,0,0,0,0
cifar10,20,2,mixed_maturity,access_full,dirichlet_lcb,benign_concept_drift,0.5,9,5,5,0.251,0.09222222222222222,0.06106000000000001,2,2,1.0,0.0,1.0,0,0,0,0
cifar10,20,2,mixed_maturity,access_full,dirichlet_lcb,benign_concept_drift,0.5,9,6,5,0.259,0.25555555555555554,0.06105999999999999,2,2,1.0,0.0,1.0,0,0,0,0
cifar10,20,2,mixed_maturity,access_full,dirichlet_lcb,benign_concept_drift,0.5,9,7,5,0.292,0.09055555555555556,0.06105999999999999,2,2,1.0,0.0,1.0,0,0,0,0
cifar10,20,2,mixed_maturity,access_full,dirichlet_lcb,benign_concept_drift,0.5,9,8,5,0.262,0.345,0.06106,2,2,1.0,0.0,1.0,0,0,0,0
cifar10,20,2,mixed_maturity,access_full,dirichlet_lcb,benign_concept_drift,0.5,9,9,5,0.3035,0.043333333333333335,0.06106,2,2,1.0,0.0,1.0,0,0,0,0
cifar10,20,2,mixed_maturity,access_full,dirichlet_lcb,benign_concept_drift,0.5,9,10,5,0.293,0.005555555555555556,0.06106,2,2,1.0,0.0,1.0,0,0,0,0
cifar10,20,2,mixed_maturity,access_full,dirichlet_lcb,benign_concept_drift,0.5,9,11,5,0.274,0.035555555555555556,0.06106,2,2,1.0,0.0,1.0,0,0,0,0
cifar10,20,2,mixed_maturity,access_full,dirichlet_lcb,benign_concept_drift,0.5,9,12,5,0.303,0.18444444444444444,0.06105999999999999,2,2,1.0,0.0,1.0,0,0,0,0
cifar10,20,2,mixed_maturity,access_full,dirichlet_lcb,benign_concept_drift,0.5,9,13,5,0.3255,0.012777777777777779,0.06106,2,2,1.0,0.0,1.0,0,0,0,0
cifar10,20,2,mixed_maturity,access_full,dirichlet_lcb,benign_concept_drift,0.5,9,14,5,0.3,0.042777777777777776,0.06105999999999999,2,2,1.0,0.0,1.0,0,0,0,0
cifar10,20,2,mixed_maturity,access_full,dirichlet_lcb,benign_concept_drift,0.5,9,15,5,0.3075,0.07,0.06106,2,2,1.0,0.0,1.0,0,0,0,0
cifar10,20,2,mixed_maturity,access_full,dirichlet_lcb,benign_concept_drift,0.5,9,16,5,0.3095,0.0005555555555555556,0.06105999999999999,2,2,1.0,0.0,1.0,0,0,0,0
cifar10,20,2,mixed_maturity,access_full,dirichlet_lcb,benign_concept_drift,0.5,9,17,5,0.2595,0.014444444444444444,0.06106000000000001,2,2,1.0,0.0,1.0,0,0,0,0
cifar10,20,2,mixed_maturity,access_full,dirichlet_lcb,benign_concept_drift,0.5,9,18,5,0.3105,0.16,0.06106,2,2,1.0,0.0,1.0,0,0,0,0
cifar10,20,2,mixed_maturity,access_full,dirichlet_lcb,benign_concept_drift,0.5,9,19,5,0.306,0.08166666666666667,0.06106,2,2,1.0,0.0,1.0,0,0,0,0
cifar10,20,2,mixed_maturity,access_full,dirichlet_lcb,benign_concept_drift,0.5,9,20,5,0.2855,0.0011111111111111111,0.06106000000000001,2,2,1.0,0.0,1.0,0,0,0,0
cifar10,20,2,mixed_maturity,access_full,dirichlet_lcb,benign_concept_drift,0.5,9,21,5,0.3095,0.035,0.06105999999999999,2,2,1.0,0.0,1.0,0,0,0,0
cifar10,20,2,mixed_maturity,access_full,dirichlet_lcb,benign_concept_drift,0.5,9,22,5,0.3065,0.15,0.06106,2,2,1.0,0.0,1.0,0,0,0,0
cifar10,20,2,mixed_maturity,access_full,dirichlet_lcb,benign_concept_drift,0.5,9,23,5,0.3255,0.19555555555555557,0.06106,2,2,1.0,0.0,1.0,0,0,0,0
cifar10,20,2,mixed_maturity,access_full,dirichlet_lcb,benign_concept_drift,0.5,9,24,5,0.3425,0.01888888888888889,0.06106,2,2,1.0,0.0,1.0,0,0,0,0
cifar10,20,2,mixed_maturity,access_full,dirichlet_lcb,benign_concept_drift,0.5,9,25,5,0.3215,0.05444444444444444,0.06105999999999999,2,2,1.0,0.0,1.0,0,0,0,0
cifar10,20,2,mixed_maturity,access_full,dirichlet_lcb,benign_concept_drift,0.5,9,26,5,0.327,0.0005555555555555556,0.06106,2,2,1.0,0.0,1.0,0,0,0,0
cifar10,20,2,mixed_maturity,access_full,dirichlet_lcb,benign_concept_drift,0.5,9,27,5,0.3285,0.06222222222222222,0.06106,2,2,1.0,0.0,1.0,0,0,0,0
cifar10,20,2,mixed_maturity,access_full,dirichlet_lcb,benign_concept_drift,0.5,9,28,5,0.358,0.05333333333333334,0.06106,2,2,1.0,0.0,1.0,0,0,0,0
cifar10,20,2,mixed_maturity,access_full,dirichlet_lcb,benign_concept_drift,0.5,9,29,5,0.3575,0.115,0.06106,2,2,1.0,0.0,1.0,0,0,0,0
cifar10,20,2,mixed_maturity,access_full,dirichlet_lcb,benign_concept_drift,0.5,9,30,5,0.3585,0.09222222222222222,0.06106,2,2,1.0,0.0,1.0,0,0,0,0
cifar10,20,2,mixed_maturity,access_full,dirichlet_lcb,benign_concept_drift,0.5,9,31,5,0.344,0.12222222222222222,0.06105999999999999,2,2,1.0,0.0,1.0,0,0,0,0
cifar10,20,2,mixed_maturity,access_full,dirichlet_lcb,benign_concept_drift,0.5,9,32,5,0.2945,0.08611111111111111,0.06105999999999999,2,2,1.0,0.0,1.0,0,0,0,0
cifar10,20,2,mixed_maturity,access_full,dirichlet_lcb,benign_concept_drift,0.5,9,33,5,0.348,0.03777777777777778,0.06106,2,2,1.0,0.0,1.0,0,0,0,0
cifar10,20,2,mixed_maturity,access_full,dirichlet_lcb,benign_concept_drift,0.5,9,34,5,0.339,0.04111111111111111,0.06106,2,2,1.0,0.0,1.0,0,0,0,0
cifar10,20,2,mixed_maturity,access_full,dirichlet_lcb,benign_concept_drift,0.5,9,35,5,0.335,0.021111111111111112,0.06106,2,2,1.0,0.0,1.0,0,0,0,0
cifar10,20,2,mixed_maturity,access_full,dirichlet_lcb,benign_concept_drift,0.5,9,36,5,0.336,0.05388888888888889,0.06106,2,2,1.0,0.0,1.0,0,0,0,0
cifar10,20,2,mixed_maturity,access_full,dirichlet_lcb,benign_concept_drift,0.5,9,37,5,0.3315,0.015,0.06106,2,2,1.0,0.0,1.0,0,0,0,0
cifar10,20,2,mixed_maturity,access_full,dirichlet_lcb,benign_concept_drift,0.5,9,38,5,0.342,0.03,0.06106,2,2,1.0,0.0,1.0,0,0,0,0
cifar10,20,2,mixed_maturity,access_full,dirichlet_lcb,benign_concept_drift,0.5,9,39,5,0.32,0.09277777777777778,0.06106,2,2,1.0,0.0,1.0,0,0,0,0
cifar10,20,2,mixed_maturity,access_full,dirichlet_lcb,benign_concept_drift,0.5,9,40,5,0.3505,0.005555555555555556,0.06105999999999999,2,2,1.0,0.0,1.0,0,0,0,0
cifar10,20,2,mixed_maturity,access_full,dirichlet_lcb,benign_concept_drift,0.5,9,41,5,0.3515,0.02666666666666667,0.06106,2,2,1.0,0.0,1.0,0,0,0,0
cifar10,20,2,mixed_maturity,access_full,dirichlet_lcb,benign_concept_drift,0.5,9,42,5,0.3305,0.01888888888888889,0.06106,2,2,1.0,0.0,1.0,0,0,0,0
cifar10,20,2,mixed_maturity,access_full,dirichlet_lcb,benign_concept_drift,0.5,9,43,5,0.336,0.07388888888888889,0.06106,2,2,1.0,0.0,1.0,0,0,0,0
cifar10,20,2,mixed_maturity,access_full,dirichlet_lcb,benign_concept_drift,0.5,9,44,5,0.3655,0.04888888888888889,0.06105999999999999,2,2,1.0,0.0,1.0,0,0,0,0
cifar10,20,2,mixed_maturity,access_full,dirichlet_lcb,benign_concept_drift,0.5,9,45,5,0.3115,0.021666666666666667,0.06106,2,2,1.0,0.0,1.0,0,0,0,0
cifar10,20,2,mixed_maturity,access_full,dirichlet_lcb,benign_concept_drift,0.5,9,46,5,0.3285,0.050555555555555555,0.06105999999999999,2,2,1.0,0.0,1.0,0,0,0,0
cifar10,20,2,mixed_maturity,access_full,dirichlet_lcb,benign_concept_drift,0.5,9,47,5,0.361,0.02722222222222222,0.06106,2,2,1.0,0.0,1.0,0,0,0,0
cifar10,20,2,mixed_maturity,access_full,dirichlet_lcb,benign_concept_drift,0.5,9,48,5,0.348,0.07222222222222222,0.06105999999999999,2,2,1.0,0.0,1.0,0,0,0,0
cifar10,20,2,mixed_maturity,access_full,dirichlet_lcb,benign_concept_drift,0.5,9,49,5,0.356,0.03611111111111111,0.06106,2,2,1.0,0.0,1.0,0,0,0,0
cifar10,20,2,mixed_maturity,access_full,dirichlet_lcb,benign_concept_drift,0.5,9,50,5,0.3125,0.0011111111111111111,0.06106,2,2,1.0,0.0,1.0,0,0,0,0
cifar10,20,2,mixed_maturity,access_full,dirichlet_lcb,diverse_then_repeat_backdoor,0.5,0,1,5,0.1545,0.0,0.0441792229218223,2,2,1.0,1.0,0.0,0,0,0,0
cifar10,20,2,mixed_maturity,access_full,dirichlet_lcb,diverse_then_repeat_backdoor,0.5,0,2,5,0.2165,0.335,0.044179222921822296,2,2,1.0,1.0,0.0,0,0,0,0
cifar10,20,2,mixed_maturity,access_full,dirichlet_lcb,diverse_then_repeat_backdoor,0.5,0,3,5,0.18,0.0005555555555555556,0.0441792229218223,2,2,1.0,1.0,0.0,0,0,0,0
cifar10,20,2,mixed_maturity,access_full,dirichlet_lcb,diverse_then_repeat_backdoor,0.5,0,4,5,0.2195,0.050555555555555555,0.0441792229218223,2,2,1.0,1.0,0.0,0,0,0,0
cifar10,20,2,mixed_maturity,access_full,dirichlet_lcb,diverse_then_repeat_backdoor,0.5,0,5,5,0.2315,0.44722222222222224,0.08462,2,2,1.0,0.0,1.0,0,0,0,0
cifar10,20,2,mixed_maturity,access_full,dirichlet_lcb,diverse_then_repeat_backdoor,0.5,0,6,5,0.2785,0.034444444444444444,0.08462000000000001,2,2,1.0,0.0,1.0,0,0,0,0
cifar10,20,2,mixed_maturity,access_full,dirichlet_lcb,diverse_then_repeat_backdoor,0.5,0,7,5,0.282,0.31444444444444447,0.08462,2,2,1.0,0.0,1.0,0,0,0,0
cifar10,20,2,mixed_maturity,access_full,dirichlet_lcb,diverse_then_repeat_backdoor,0.5,0,8,5,0.277,0.07222222222222222,0.08462,2,2,1.0,0.0,1.0,0,0,0,0
cifar10,20,2,mixed_maturity,access_full,dirichlet_lcb,diverse_then_repeat_backdoor,0.5,0,9,5,0.3165,0.23277777777777778,0.08462,2,2,1.0,0.0,1.0,0,0,0,0
cifar10,20,2,mixed_maturity,access_full,dirichlet_lcb,diverse_then_repeat_backdoor,0.5,0,10,5,0.264,0.08,0.08461999999999999,2,2,1.0,0.0,1.0,0,0,0,0
cifar10,20,2,mixed_maturity,access_full,dirichlet_lcb,diverse_then_repeat_backdoor,0.5,0,11,5,0.3025,0.26,0.08462,2,2,1.0,0.0,1.0,0,0,0,0
cifar10,20,2,mixed_maturity,access_full,dirichlet_lcb,diverse_then_repeat_backdoor,0.5,0,12,5,0.314,0.11555555555555555,0.08461999999999999,2,2,1.0,0.0,1.0,0,0,0,0
cifar10,20,2,mixed_maturity,access_full,dirichlet_lcb,diverse_then_repeat_backdoor,0.5,0,13,5,0.295,0.07333333333333333,0.08462,2,2,1.0,0.0,1.0,0,0,0,0
cifar10,20,2,mixed_maturity,access_full,dirichlet_lcb,diverse_then_repeat_backdoor,0.5,0,14,5,0.306,0.37777777777777777,0.08462,2,2,1.0,0.0,1.0,0,0,0,0
cifar10,20,2,mixed_maturity,access_full,dirichlet_lcb,diverse_then_repeat_backdoor,0.5,0,15,5,0.317,0.04388888888888889,0.08461999999999999,2,2,1.0,0.0,1.0,0,0,0,0
cifar10,20,2,mixed_maturity,access_full,dirichlet_lcb,diverse_then_repeat_backdoor,0.5,0,16,5,0.318,0.165,0.08461999999999999,2,2,1.0,0.0,1.0,0,0,0,0
cifar10,20,2,mixed_maturity,access_full,dirichlet_lcb,diverse_then_repeat_backdoor,0.5,0,17,5,0.3065,0.42277777777777775,0.08462000000000001,2,2,1.0,0.0,1.0,0,0,0,0
cifar10,20,2,mixed_maturity,access_full,dirichlet_lcb,diverse_then_repeat_backdoor,0.5,0,18,5,0.3415,0.13555555555555557,0.08462,2,2,1.0,0.0,1.0,0,0,0,0
cifar10,20,2,mixed_maturity,access_full,dirichlet_lcb,diverse_then_repeat_backdoor,0.5,0,19,5,0.306,0.09666666666666666,0.08462,2,2,1.0,0.0,1.0,0,0,0,0
cifar10,20,2,mixed_maturity,access_full,dirichlet_lcb,diverse_then_repeat_backdoor,0.5,0,20,5,0.293,0.024444444444444446,0.08461999999999999,2,2,1.0,0.0,1.0,0,0,0,0
cifar10,20,2,mixed_maturity,access_full,dirichlet_lcb,diverse_then_repeat_backdoor,0.5,0,21,5,0.3275,0.3411111111111111,0.08462,2,2,1.0,0.0,1.0,0,0,0,0
cifar10,20,2,mixed_maturity,access_full,dirichlet_lcb,diverse_then_repeat_backdoor,0.5,0,22,5,0.299,0.16833333333333333,0.08462,2,2,1.0,0.0,1.0,0,0,0,0
cifar10,20,2,mixed_maturity,access_full,dirichlet_lcb,diverse_then_repeat_backdoor,0.5,0,23,5,0.329,0.20555555555555555,0.08462,2,2,1.0,0.0,1.0,0,0,0,0
cifar10,20,2,mixed_maturity,access_full,dirichlet_lcb,diverse_then_repeat_backdoor,0.5,0,24,5,0.3315,0.17777777777777778,0.08461999999999999,2,2,1.0,0.0,1.0,0,0,0,0
cifar10,20,2,mixed_maturity,access_full,dirichlet_lcb,diverse_then_repeat_backdoor,0.5,0,25,5,0.318,0.13833333333333334,0.08461999999999999,2,2,1.0,0.0,1.0,0,0,0,0
cifar10,20,2,mixed_maturity,access_full,dirichlet_lcb,diverse_then_repeat_backdoor,0.5,0,26,5,0.346,0.30277777777777776,0.08462000000000001,2,2,1.0,0.0,1.0,0,0,0,0
cifar10,20,2,mixed_maturity,access_full,dirichlet_lcb,diverse_then_repeat_backdoor,0.5,0,27,5,0.3185,0.04888888888888889,0.08462,2,2,1.0,0.0,1.0,0,0,0,0
cifar10,20,2,mixed_maturity,access_full,dirichlet_lcb,diverse_then_repeat_backdoor,0.5,0,28,5,0.3465,0.1438888888888889,0.08462000000000001,2,2,1.0,0.0,1.0,0,0,0,0
cifar10,20,2,mixed_maturity,access_full,dirichlet_lcb,diverse_then_repeat_backdoor,0.5,0,29,5,0.338,0.4483333333333333,0.08462,2,2,1.0,0.0,1.0,0,0,0,0
cifar10,20,2,mixed_maturity,access_full,dirichlet_lcb,diverse_then_repeat_backdoor,0.5,0,30,5,0.3495,0.39111111111111113,0.08461999999999999,2,2,1.0,0.0,1.0,0,0,0,0
cifar10,20,2,mixed_maturity,access_full,dirichlet_lcb,diverse_then_repeat_backdoor,0.5,0,31,5,0.3255,0.18388888888888888,0.08462000000000001,2,2,1.0,0.0,1.0,0,0,0,0
cifar10,20,2,mixed_maturity,access_full,dirichlet_lcb,diverse_then_repeat_backdoor,0.5,0,32,5,0.3585,0.235,0.08462,2,2,1.0,0.0,1.0,0,0,0,0
cifar10,20,2,mixed_maturity,access_full,dirichlet_lcb,diverse_then_repeat_backdoor,0.5,0,33,5,0.332,0.24,0.08462,2,2,1.0,0.0,1.0,0,0,0,0
cifar10,20,2,mixed_maturity,access_full,dirichlet_lcb,diverse_then_repeat_backdoor,0.5,0,34,5,0.2935,0.5294444444444445,0.08462,2,2,1.0,0.0,1.0,0,0,0,0
cifar10,20,2,mixed_maturity,access_full,dirichlet_lcb,diverse_then_repeat_backdoor,0.5,0,35,5,0.3175,0.11388888888888889,0.08462,2,2,1.0,0.0,1.0,0,0,0,0
cifar10,20,2,mixed_maturity,access_full,dirichlet_lcb,diverse_then_repeat_backdoor,0.5,0,36,5,0.3005,0.5833333333333334,0.08462,2,2,1.0,0.0,1.0,0,0,0,0
cifar10,20,2,mixed_maturity,access_full,dirichlet_lcb,diverse_then_repeat_backdoor,0.5,0,37,5,0.3455,0.33055555555555555,0.08462,2,2,1.0,0.0,1.0,0,0,0,0
cifar10,20,2,mixed_maturity,access_full,dirichlet_lcb,diverse_then_repeat_backdoor,0.5,0,38,5,0.334,0.4488888888888889,0.08462,2,2,1.0,0.0,1.0,0,0,0,0
cifar10,20,2,mixed_maturity,access_full,dirichlet_lcb,diverse_then_repeat_backdoor,0.5,0,39,5,0.3455,0.3488888888888889,0.08462,2,2,1.0,0.0,1.0,0,0,0,0
cifar10,20,2,mixed_maturity,access_full,dirichlet_lcb,diverse_then_repeat_backdoor,0.5,0,40,5,0.3245,0.5572222222222222,0.08462,2,2,1.0,0.0,1.0,0,0,0,0
cifar10,20,2,mixed_maturity,access_full,dirichlet_lcb,diverse_then_repeat_backdoor,0.5,0,41,5,0.341,0.16333333333333333,0.08462,2,2,1.0,0.0,1.0,0,0,0,0
cifar10,20,2,mixed_maturity,access_full,dirichlet_lcb,diverse_then_repeat_backdoor,0.5,0,42,5,0.3235,0.32166666666666666,0.08462,2,2,1.0,0.0,1.0,0,0,0,0
cifar10,20,2,mixed_maturity,access_full,dirichlet_lcb,diverse_then_repeat_backdoor,0.5,0,43,5,0.3355,0.415,0.08462,2,2,1.0,0.0,1.0,0,0,0,0
cifar10,20,2,mixed_maturity,access_full,dirichlet_lcb,diverse_then_repeat_backdoor,0.5,0,44,5,0.3525,0.3438888888888889,0.08461999999999999,2,2,1.0,0.0,1.0,0,0,0,0
cifar10,20,2,mixed_maturity,access_full,dirichlet_lcb,diverse_then_repeat_backdoor,0.5,0,45,5,0.3615,0.3566666666666667,0.08461999999999999,2,2,1.0,0.0,1.0,0,0,0,0
cifar10,20,2,mixed_maturity,access_full,dirichlet_lcb,diverse_then_repeat_backdoor,0.5,0,46,5,0.3155,0.22833333333333333,0.08461999999999999,2,2,1.0,0.0,1.0,0,0,0,0
cifar10,20,2,mixed_maturity,access_full,dirichlet_lcb,diverse_then_repeat_backdoor,0.5,0,47,5,0.3355,0.27166666666666667,0.08462,2,2,1.0,0.0,1.0,0,0,0,0
cifar10,20,2,mixed_maturity,access_full,dirichlet_lcb,diverse_then_repeat_backdoor,0.5,0,48,5,0.362,0.44277777777777777,0.08462,2,2,1.0,0.0,1.0,0,0,0,0
cifar10,20,2,mixed_maturity,access_full,dirichlet_lcb,diverse_then_repeat_backdoor,0.5,0,49,5,0.32,0.49166666666666664,0.08461999999999999,2,2,1.0,0.0,1.0,0,0,0,0
cifar10,20,2,mixed_maturity,access_full,dirichlet_lcb,diverse_then_repeat_backdoor,0.5,0,50,5,0.3725,0.4583333333333333,0.08461999999999999,2,2,1.0,0.0,1.0,0,0,0,0
cifar10,20,2,mixed_maturity,access_full,dirichlet_lcb,diverse_then_repeat_backdoor,0.5,1,1,5,0.21,0.14666666666666667,0.0101010101010101,2,2,1.0,1.0,0.0,0,0,0,0
cifar10,20,2,mixed_maturity,access_full,dirichlet_lcb,diverse_then_repeat_backdoor,0.5,1,2,5,0.173,0.19055555555555556,0.0101010101010101,2,2,1.0,1.0,0.0,0,0,0,0
cifar10,20,2,mixed_maturity,access_full,dirichlet_lcb,diverse_then_repeat_backdoor,0.5,1,3,5,0.2175,0.009444444444444445,0.010101010101010102,2,2,1.0,1.0,0.0,0,0,0,0
cifar10,20,2,mixed_maturity,access_full,dirichlet_lcb,diverse_then_repeat_backdoor,0.5,1,4,5,0.211,0.05388888888888889,0.0101010101010101,2,2,1.0,1.0,0.0,0,0,0,0
cifar10,20,2,mixed_maturity,access_full,dirichlet_lcb,diverse_then_repeat_backdoor,0.5,1,5,5,0.236,0.27944444444444444,0.019999999999999997,2,2,1.0,0.0,1.0,0,0,0,0
cifar10,20,2,mixed_maturity,access_full,dirichlet_lcb,diverse_then_repeat_backdoor,0.5,1,6,5,0.294,0.013888888888888888,0.019999999999999997,2,2,1.0,0.0,1.0,0,0,0,0
cifar10,20,2,mixed_maturity,access_full,dirichlet_lcb,diverse_then_repeat_backdoor,0.5,1,7,5,0.278,0.017777777777777778,0.02,2,2,1.0,0.0,1.0,0,0,0,0
cifar10,20,2,mixed_maturity,access_full,dirichlet_lcb,diverse_then_repeat_backdoor,0.5,1,8,5,0.239,0.006666666666666667,0.02,2,2,1.0,0.0,1.0,0,0,0,0
cifar10,20,2,mixed_maturity,access_full,dirichlet_lcb,diverse_then_repeat_backdoor,0.5,1,9,5,0.309,0.1411111111111111,0.02,2,2,1.0,0.0,1.0,0,0,0,0
cifar10,20,2,mixed_maturity,access_full,dirichlet_lcb,diverse_then_repeat_backdoor,0.5,1,10,5,0.2795,0.09888888888888889,0.019999999999999997,2,2,1.0,0.0,1.0,0,0,0,0
cifar10,20,2,mixed_maturity,access_full,dirichlet_lcb,diverse_then_repeat_backdoor,0.5,1,11,5,0.3015,0.1638888888888889,0.02,2,2,1.0,0.0,1.0,0,0,0,0
cifar10,20,2,mixed_maturity,access_full,dirichlet_lcb,diverse_then_repeat_backdoor,0.5,1,12,5,0.3095,0.06166666666666667,0.020000000000000004,2,2,1.0,0.0,1.0,0,0,0,0
cifar10,20,2,mixed_maturity,access_full,dirichlet_lcb,diverse_then_repeat_backdoor,0.5,1,13,5,0.302,0.11,0.019999999999999997,2,2,1.0,0.0,1.0,0,0,0,0
cifar10,20,2,mixed_maturity,access_full,dirichlet_lcb,diverse_then_repeat_backdoor,0.5,1,14,5,0.288,0.31833333333333336,0.019999999999999997,2,2,1.0,0.0,1.0,0,0,0,0
cifar10,20,2,mixed_maturity,access_full,dirichlet_lcb,diverse_then_repeat_backdoor,0.5,1,15,5,0.2555,0.0022222222222222222,0.019999999999999997,2,2,1.0,0.0,1.0,0,0,0,0
cifar10,20,2,mixed_maturity,access_full,dirichlet_lcb,diverse_then_repeat_backdoor,0.5,1,16,5,0.3335,0.0033333333333333335,0.02,2,2,1.0,0.0,1.0,0,0,0,0
cifar10,20,2,mixed_maturity,access_full,dirichlet_lcb,diverse_then_repeat_backdoor,0.5,1,17,5,0.2855,0.1,0.02,2,2,1.0,0.0,1.0,0,0,0,0
cifar10,20,2,mixed_maturity,access_full,dirichlet_lcb,diverse_then_repeat_backdoor,0.5,1,18,5,0.3285,0.02,0.019999999999999997,2,2,1.0,0.0,1.0,0,0,0,0
cifar10,20,2,mixed_maturity,access_full,dirichlet_lcb,diverse_then_repeat_backdoor,0.5,1,19,5,0.3215,0.08444444444444445,0.02,2,2,1.0,0.0,1.0,0,0,0,0
cifar10,20,2,mixed_maturity,access_full,dirichlet_lcb,diverse_then_repeat_backdoor,0.5,1,20,5,0.27,0.04833333333333333,0.02,2,2,1.0,0.0,1.0,0,0,0,0
cifar10,20,2,mixed_maturity,access_full,dirichlet_lcb,diverse_then_repeat_backdoor,0.5,1,21,5,0.326,0.10277777777777777,0.02,2,2,1.0,0.0,1.0,0,0,0,0
cifar10,20,2,mixed_maturity,access_full,dirichlet_lcb,diverse_then_repeat_backdoor,0.5,1,22,5,0.2995,0.24055555555555555,0.019999999999999997,2,2,1.0,0.0,1.0,0,0,0,0
cifar10,20,2,mixed_maturity,access_full,dirichlet_lcb,diverse_then_repeat_backdoor,0.5,1,23,5,0.3215,0.002777777777777778,0.02,2,2,1.0,0.0,1.0,0,0,0,0
cifar10,20,2,mixed_maturity,access_full,dirichlet_lcb,diverse_then_repeat_backdoor,0.5,1,24,5,0.3075,0.095,0.02,2,2,1.0,0.0,1.0,0,0,0,0
cifar10,20,2,mixed_maturity,access_full,dirichlet_lcb,diverse_then_repeat_backdoor,0.5,1,25,5,0.3055,0.007222222222222222,0.02,2,2,1.0,0.0,1.0,0,0,0,0
cifar10,20,2,mixed_maturity,access_full,dirichlet_lcb,diverse_then_repeat_backdoor,0.5,1,26,5,0.289,0.08166666666666667,0.019999999999999997,2,2,1.0,0.0,1.0,0,0,0,0
cifar10,20,2,mixed_maturity,access_full,dirichlet_lcb,diverse_then_repeat_backdoor,0.5,1,27,5,0.32,0.15222222222222223,0.02,2,2,1.0,0.0,1.0,0,0,0,0
cifar10,20,2,mixed_maturity,access_full,dirichlet_lcb,diverse_then_repeat_backdoor,0.5,1,28,5,0.359,0.06222222222222222,0.020000000000000007,2,2,1.0,0.0,1.0,0,0,0,0
cifar10,20,2,mixed_maturity,access_full,dirichlet_lcb,diverse_then_repeat_backdoor,0.5,1,29,5,0.339,0.12111111111111111,0.02,2,2,1.0,0.0,1.0,0,0,0,0
cifar10,20,2,mixed_maturity,access_full,dirichlet_lcb,diverse_then_repeat_backdoor,0.5,1,30,5,0.3495,0.13277777777777777,0.020000000000000004,2,2,1.0,0.0,1.0,0,0,0,0
cifar10,20,2,mixed_maturity,access_full,dirichlet_lcb,diverse_then_repeat_backdoor,0.5,1,31,5,0.3285,0.095,0.02,2,2,1.0,0.0,1.0,0,0,0,0
cifar10,20,2,mixed_maturity,access_full,dirichlet_lcb,diverse_then_repeat_backdoor,0.5,1,32,5,0.344,0.023333333333333334,0.02,2,2,1.0,0.0,1.0,0,0,0,0
cifar10,20,2,mixed_maturity,access_full,dirichlet_lcb,diverse_then_repeat_backdoor,0.5,1,33,5,0.3385,0.11944444444444445,0.02,2,2,1.0,0.0,1.0,0,0,0,0
cifar10,20,2,mixed_maturity,access_full,dirichlet_lcb,diverse_then_repeat_backdoor,0.5,1,34,5,0.326,0.03611111111111111,0.02,2,2,1.0,0.0,1.0,0,0,0,0
cifar10,20,2,mixed_maturity,access_full,dirichlet_lcb,diverse_then_repeat_backdoor,0.5,1,35,5,0.314,0.2816666666666667,0.02,2,2,1.0,0.0,1.0,0,0,0,0
cifar10,20,2,mixed_maturity,access_full,dirichlet_lcb,diverse_then_repeat_backdoor,0.5,1,36,5,0.342,0.13333333333333333,0.02,2,2,1.0,0.0,1.0,0,0,0,0
cifar10,20,2,mixed_maturity,access_full,dirichlet_lcb,diverse_then_repeat_backdoor,0.5,1,37,5,0.3185,0.03222222222222222,0.019999999999999997,2,2,1.0,0.0,1.0,0,0,0,0
cifar10,20,2,mixed_maturity,access_full,dirichlet_lcb,diverse_then_repeat_backdoor,0.5,1,38,5,0.3695,0.08222222222222222,0.02,2,2,1.0,0.0,1.0,0,0,0,0
cifar10,20,2,mixed_maturity,access_full,dirichlet_lcb,diverse_then_repeat_backdoor,0.5,1,39,5,0.311,0.33944444444444444,0.02,2,2,1.0,0.0,1.0,0,0,0,0
cifar10,20,2,mixed_maturity,access_full,dirichlet_lcb,diverse_then_repeat_backdoor,0.5,1,40,5,0.346,0.07166666666666667,0.02,2,2,1.0,0.0,1.0,0,0,0,0
cifar10,20,2,mixed_maturity,access_full,dirichlet_lcb,diverse_then_repeat_backdoor,0.5,1,41,5,0.356,0.1238888888888889,0.020000000000000004,2,2,1.0,0.0,1.0,0,0,0,0
cifar10,20,2,mixed_maturity,access_full,dirichlet_lcb,diverse_then_repeat_backdoor,0.5,1,42,5,0.3405,0.005555555555555556,0.02,2,2,1.0,0.0,1.0,0,0,0,0
cifar10,20,2,mixed_maturity,access_full,dirichlet_lcb,diverse_then_repeat_backdoor,0.5,1,43,5,0.36,0.005555555555555556,0.019999999999999997,2,2,1.0,0.0,1.0,0,0,0,0
cifar10,20,2,mixed_maturity,access_full,dirichlet_lcb,diverse_then_repeat_backdoor,0.5,1,44,5,0.345,0.21944444444444444,0.02,2,2,1.0,0.0,1.0,0,0,0,0
cifar10,20,2,mixed_maturity,access_full,dirichlet_lcb,diverse_then_repeat_backdoor,0.5,1,45,5,0.311,0.095,0.02,2,2,1.0,0.0,1.0,0,0,0,0
cifar10,20,2,mixed_maturity,access_full,dirichlet_lcb,diverse_then_repeat_backdoor,0.5,1,46,5,0.346,0.028333333333333332,0.02,2,2,1.0,0.0,1.0,0,0,0,0
cifar10,20,2,mixed_maturity,access_full,dirichlet_lcb,diverse_then_repeat_backdoor,0.5,1,47,5,0.3415,0.1238888888888889,0.02,2,2,1.0,0.0,1.0,0,0,0,0
cifar10,20,2,mixed_maturity,access_full,dirichlet_lcb,diverse_then_repeat_backdoor,0.5,1,48,5,0.309,0.017777777777777778,0.02,2,2,1.0,0.0,1.0,0,0,0,0
cifar10,20,2,mixed_maturity,access_full,dirichlet_lcb,diverse_then_repeat_backdoor,0.5,1,49,5,0.3505,0.1388888888888889,0.020000000000000004,2,2,1.0,0.0,1.0,0,0,0,0
cifar10,20,2,mixed_maturity,access_full,dirichlet_lcb,diverse_then_repeat_backdoor,0.5,1,50,5,0.334,0.10444444444444445,0.02,2,2,1.0,0.0,1.0,0,0,0,0
cifar10,20,2,mixed_maturity,access_full,dirichlet_lcb,diverse_then_repeat_backdoor,0.5,2,1,5,0.1575,0.0,0.04668201800293071,2,2,1.0,1.0,0.0,0,0,0,0
cifar10,20,2,mixed_maturity,access_full,dirichlet_lcb,diverse_then_repeat_backdoor,0.5,2,2,5,0.181,0.6622222222222223,0.04668201800293072,2,2,1.0,1.0,0.0,0,0,0,0
cifar10,20,2,mixed_maturity,access_full,dirichlet_lcb,diverse_then_repeat_backdoor,0.5,2,3,5,0.2165,0.0022222222222222222,0.0466820180029307,2,2,1.0,1.0,0.0,0,0,0,0
cifar10,20,2,mixed_maturity,access_full,dirichlet_lcb,diverse_then_repeat_backdoor,0.5,2,4,5,0.254,0.09111111111111111,0.04668201800293072,2,2,1.0,1.0,0.0,0,0,0,0
cifar10,20,2,mixed_maturity,access_full,dirichlet_lcb,diverse_then_repeat_backdoor,0.5,2,5,5,0.307,0.07277777777777777,0.0892,2,2,1.0,0.0,1.0,0,0,0,0
cifar10,20,2,mixed_maturity,access_full,dirichlet_lcb,diverse_then_repeat_backdoor,0.5,2,6,5,0.22,0.5133333333333333,0.08919999999999999,2,2,1.0,0.0,1.0,0,0,0,0
cifar10,20,2,mixed_maturity,access_full,dirichlet_lcb,diverse_then_repeat_backdoor,0.5,2,7,5,0.315,0.13055555555555556,0.08920000000000002,2,2,1.0,0.0,1.0,0,0,0,0
cifar10,20,2,mixed_maturity,access_full,dirichlet_lcb,diverse_then_repeat_backdoor,0.5,2,8,5,0.249,0.008333333333333333,0.0892,2,2,1.0,0.0,1.0,0,0,0,0
cifar10,20,2,mixed_maturity,access_full,dirichlet_lcb,diverse_then_repeat_backdoor,0.5,2,9,5,0.301,0.1111111111111111,0.08920000000000002,2,2,1.0,0.0,1.0,0,0,0,0
cifar10,20,2,mixed_maturity,access_full,dirichlet_lcb,diverse_then_repeat_backdoor,0.5,2,10,5,0.275,0.29055555555555557,0.08920000000000002,2,2,1.0,0.0,1.0,0,0,0,0
cifar10,20,2,mixed_maturity,access_full,dirichlet_lcb,diverse_then_repeat_backdoor,0.5,2,11,5,0.318,0.115,0.0892,2,2,1.0,0.0,1.0,0,0,0,0
cifar10,20,2,mixed_maturity,access_full,dirichlet_lcb,diverse_then_repeat_backdoor,0.5,2,12,5,0.2955,0.4033333333333333,0.08920000000000002,2,2,1.0,0.0,1.0,0,0,0,0
cifar10,20,2,mixed_maturity,access_full,dirichlet_lcb,diverse_then_repeat_backdoor,0.5,2,13,5,0.3215,0.19555555555555557,0.0892,2,2,1.0,0.0,1.0,0,0,0,0
cifar10,20,2,mixed_maturity,access_full,dirichlet_lcb,diverse_then_repeat_backdoor,0.5,2,14,5,0.2735,0.3977777777777778,0.08919999999999999,2,2,1.0,0.0,1.0,0,0,0,0
cifar10,20,2,mixed_maturity,access_full,dirichlet_lcb,diverse_then_repeat_backdoor,0.5,2,15,5,0.322,0.33111111111111113,0.08919999999999999,2,2,1.0,0.0,1.0,0,0,0,0
cifar10,20,2,mixed_maturity,access_full,dirichlet_lcb,diverse_then_repeat_backdoor,0.5,2,16,5,0.3215,0.26222222222222225,0.0892,2,2,1.0,0.0,1.0,0,0,0,0
cifar10,20,2,mixed_maturity,access_full,dirichlet_lcb,diverse_then_repeat_backdoor,0.5,2,17,5,0.3265,0.13444444444444445,0.08920000000000002,2,2,1.0,0.0,1.0,0,0,0,0
cifar10,20,2,mixed_maturity,access_full,dirichlet_lcb,diverse_then_repeat_backdoor,0.5,2,18,5,0.313,0.10333333333333333,0.0892,2,2,1.0,0.0,1.0,0,0,0,0
cifar10,20,2,mixed_maturity,access_full,dirichlet_lcb,diverse_then_repeat_backdoor,0.5,2,19,5,0.277,0.325,0.08919999999999999,2,2,1.0,0.0,1.0,0,0,0,0
cifar10,20,2,mixed_maturity,access_full,dirichlet_lcb,diverse_then_repeat_backdoor,0.5,2,20,5,0.326,0.06444444444444444,0.08920000000000002,2,2,1.0,0.0,1.0,0,0,0,0
cifar10,20,2,mixed_maturity,access_full,dirichlet_lcb,diverse_then_repeat_backdoor,0.5,2,21,5,0.2975,0.3811111111111111,0.0892,2,2,1.0,0.0,1.0,0,0,0,0
cifar10,20,2,mixed_maturity,access_full,dirichlet_lcb,diverse_then_repeat_backdoor,0.5,2,22,5,0.3255,0.2427777777777778,0.0892,2,2,1.0,0.0,1.0,0,0,0,0
cifar10,20,2,mixed_maturity,access_full,dirichlet_lcb,diverse_then_repeat_backdoor,0.5,2,23,5,0.289,0.3811111111111111,0.08920000000000002,2,2,1.0,0.0,1.0,0,0,0,0
cifar10,20,2,mixed_maturity,access_full,dirichlet_lcb,diverse_then_repeat_backdoor,0.5,2,24,5,0.3445,0.1688888888888889,0.08919999999999999,2,2,1.0,0.0,1.0,0,0,0,0
cifar10,20,2,mixed_maturity,access_full,dirichlet_lcb,diverse_then_repeat_backdoor,0.5,2,25,5,0.3025,0.28055555555555556,0.0892,2,2,1.0,0.0,1.0,0,0,0,0
cifar10,20,2,mixed_maturity,access_full,dirichlet_lcb,diverse_then_repeat_backdoor,0.5,2,26,5,0.347,0.39055555555555554,0.0892,2,2,1.0,0.0,1.0,0,0,0,0
cifar10,20,2,mixed_maturity,access_full,dirichlet_lcb,diverse_then_repeat_backdoor,0.5,2,27,5,0.314,0.04055555555555555,0.0892,2,2,1.0,0.0,1.0,0,0,0,0
cifar10,20,2,mixed_maturity,access_full,dirichlet_lcb,diverse_then_repeat_backdoor,0.5,2,28,5,0.3415,0.1938888888888889,0.0892,2,2,1.0,0.0,1.0,0,0,0,0
cifar10,20,2,mixed_maturity,access_full,dirichlet_lcb,diverse_then_repeat_backdoor,0.5,2,29,5,0.34,0.17833333333333334,0.08920000000000002,2,2,1.0,0.0,1.0,0,0,0,0
cifar10,20,2,mixed_maturity,access_full,dirichlet_lcb,diverse_then_repeat_backdoor,0.5,2,30,5,0.357,0.1661111111111111,0.0892,2,2,1.0,0.0,1.0,0,0,0,0
cifar10,20,2,mixed_maturity,access_full,dirichlet_lcb,diverse_then_repeat_backdoor,0.5,2,31,5,0.344,0.08055555555555556,0.08920000000000002,2,2,1.0,0.0,1.0,0,0,0,0
cifar10,20,2,mixed_maturity,access_full,dirichlet_lcb,diverse_then_repeat_backdoor,0.5,2,32,5,0.2975,0.6483333333333333,0.0892,2,2,1.0,0.0,1.0,0,0,0,0
cifar10,20,2,mixed_maturity,access_full,dirichlet_lcb,diverse_then_repeat_backdoor,0.5,2,33,5,0.326,0.29333333333333333,0.08920000000000002,2,2,1.0,0.0,1.0,0,0,0,0
cifar10,20,2,mixed_maturity,access_full,dirichlet_lcb,diverse_then_repeat_backdoor,0.5,2,34,5,0.3665,0.3977777777777778,0.0892,2,2,1.0,0.0,1.0,0,0,0,0
cifar10,20,2,mixed_maturity,access_full,dirichlet_lcb,diverse_then_repeat_backdoor,0.5,2,35,5,0.324,0.505,0.08920000000000002,2,2,1.0,0.0,1.0,0,0,0,0
cifar10,20,2,mixed_maturity,access_full,dirichlet_lcb,diverse_then_repeat_backdoor,0.5,2,36,5,0.3245,0.39666666666666667,0.0892,2,2,1.0,0.0,1.0,0,0,0,0
cifar10,20,2,mixed_maturity,access_full,dirichlet_lcb,diverse_then_repeat_backdoor,0.5,2,37,5,0.368,0.4272222222222222,0.08920000000000002,2,2,1.0,0.0,1.0,0,0,0,0
cifar10,20,2,mixed_maturity,access_full,dirichlet_lcb,diverse_then_repeat_backdoor,0.5,2,38,5,0.2855,0.5183333333333333,0.0892,2,2,1.0,0.0,1.0,0,0,0,0
cifar10,20,2,mixed_maturity,access_full,dirichlet_lcb,diverse_then_repeat_backdoor,0.5,2,39,5,0.3325,0.5116666666666667,0.08920000000000002,2,2,1.0,0.0,1.0,0,0,0,0
cifar10,20,2,mixed_maturity,access_full,dirichlet_lcb,diverse_then_repeat_backdoor,0.5,2,40,5,0.337,0.3788888888888889,0.08920000000000002,2,2,1.0,0.0,1.0,0,0,0,0
cifar10,20,2,mixed_maturity,access_full,dirichlet_lcb,diverse_then_repeat_backdoor,0.5,2,41,5,0.351,0.3516666666666667,0.0892,2,2,1.0,0.0,1.0,0,0,0,0
cifar10,20,2,mixed_maturity,access_full,dirichlet_lcb,diverse_then_repeat_backdoor,0.5,2,42,5,0.288,0.48777777777777775,0.08919999999999999,2,2,1.0,0.0,1.0,0,0,0,0
cifar10,20,2,mixed_maturity,access_full,dirichlet_lcb,diverse_then_repeat_backdoor,0.5,2,43,5,0.361,0.3827777777777778,0.0892,2,2,1.0,0.0,1.0,0,0,0,0
cifar10,20,2,mixed_maturity,access_full,dirichlet_lcb,diverse_then_repeat_backdoor,0.5,2,44,5,0.315,0.25833333333333336,0.0892,2,2,1.0,0.0,1.0,0,0,0,0
cifar10,20,2,mixed_maturity,access_full,dirichlet_lcb,diverse_then_repeat_backdoor,0.5,2,45,5,0.368,0.38333333333333336,0.0892,2,2,1.0,0.0,1.0,0,0,0,0
cifar10,20,2,mixed_maturity,access_full,dirichlet_lcb,diverse_then_repeat_backdoor,0.5,2,46,5,0.358,0.5033333333333333,0.08920000000000002,2,2,1.0,0.0,1.0,0,0,0,0
cifar10,20,2,mixed_maturity,access_full,dirichlet_lcb,diverse_then_repeat_backdoor,0.5,2,47,5,0.352,0.44333333333333336,0.08920000000000002,2,2,1.0,0.0,1.0,0,0,0,0
cifar10,20,2,mixed_maturity,access_full,dirichlet_lcb,diverse_then_repeat_backdoor,0.5,2,48,5,0.351,0.5733333333333334,0.0892,2,2,1.0,0.0,1.0,0,0,0,0
cifar10,20,2,mixed_maturity,access_full,dirichlet_lcb,diverse_then_repeat_backdoor,0.5,2,49,5,0.35,0.4672222222222222,0.0892,2,2,1.0,0.0,1.0,0,0,0,0
cifar10,20,2,mixed_maturity,access_full,dirichlet_lcb,diverse_then_repeat_backdoor,0.5,2,50,5,0.3585,0.4411111111111111,0.0892,2,2,1.0,0.0,1.0,0,0,0,0
cifar10,20,2,mixed_maturity,access_full,dirichlet_lcb,diverse_then_repeat_backdoor,0.5,3,1,5,0.1665,0.0,0.055375555391386035,2,2,1.0,1.0,0.0,0,0,0,0
cifar10,20,2,mixed_maturity,access_full,dirichlet_lcb,diverse_then_repeat_backdoor,0.5,3,2,5,0.21,0.0033333333333333335,0.05537555539138603,2,2,1.0,1.0,0.0,0,0,0,0
cifar10,20,2,mixed_maturity,access_full,dirichlet_lcb,diverse_then_repeat_backdoor,0.5,3,3,5,0.203,0.2538888888888889,0.05537555539138603,2,2,1.0,1.0,0.0,0,0,0,0
cifar10,20,2,mixed_maturity,access_full,dirichlet_lcb,diverse_then_repeat_backdoor,0.5,3,4,5,0.283,0.08055555555555556,0.05537555539138603,2,2,1.0,1.0,0.0,0,0,0,0
cifar10,20,2,mixed_maturity,access_full,dirichlet_lcb,diverse_then_repeat_backdoor,0.5,3,5,5,0.227,0.0016666666666666668,0.10494000000000002,2,2,1.0,0.0,1.0,0,0,0,0
cifar10,20,2,mixed_maturity,access_full,dirichlet_lcb,diverse_then_repeat_backdoor,0.5,3,6,5,0.2515,0.015555555555555555,0.10494,2,2,1.0,0.0,1.0,0,0,0,0
cifar10,20,2,mixed_maturity,access_full,dirichlet_lcb,diverse_then_repeat_backdoor,0.5,3,7,5,0.251,0.21388888888888888,0.10494,2,2,1.0,0.0,1.0,0,0,0,0
cifar10,20,2,mixed_maturity,access_full,dirichlet_lcb,diverse_then_repeat_backdoor,0.5,3,8,5,0.2835,0.16,0.10493999999999998,2,2,1.0,0.0,1.0,0,0,0,0
cifar10,20,2,mixed_maturity,access_full,dirichlet_lcb,diverse_then_repeat_backdoor,0.5,3,9,5,0.31,0.0077777777777777776,0.10494,2,2,1.0,0.0,1.0,0,0,0,0
cifar10,20,2,mixed_maturity,access_full,dirichlet_lcb,diverse_then_repeat_backdoor,0.5,3,10,5,0.278,0.002777777777777778,0.10494,2,2,1.0,0.0,1.0,0,0,0,0
cifar10,20,2,mixed_maturity,access_full,dirichlet_lcb,diverse_then_repeat_backdoor,0.5,3,11,5,0.2815,0.37555555555555553,0.10494,2,2,1.0,0.0,1.0,0,0,0,0
cifar10,20,2,mixed_maturity,access_full,dirichlet_lcb,diverse_then_repeat_backdoor,0.5,3,12,5,0.288,0.0022222222222222222,0.10493999999999998,2,2,1.0,0.0,1.0,0,0,0,0
cifar10,20,2,mixed_maturity,access_full,dirichlet_lcb,diverse_then_repeat_backdoor,0.5,3,13,5,0.311,0.36833333333333335,0.10494,2,2,1.0,0.0,1.0,0,0,0,0
cifar10,20,2,mixed_maturity,access_full,dirichlet_lcb,diverse_then_repeat_backdoor,0.5,3,14,5,0.2915,0.010555555555555556,0.10494,2,2,1.0,0.0,1.0,0,0,0,0
cifar10,20,2,mixed_maturity,access_full,dirichlet_lcb,diverse_then_repeat_backdoor,0.5,3,15,5,0.334,0.06111111111111111,0.10494,2,2,1.0,0.0,1.0,0,0,0,0
cifar10,20,2,mixed_maturity,access_full,dirichlet_lcb,diverse_then_repeat_backdoor,0.5,3,16,5,0.331,0.165,0.10494,2,2,1.0,0.0,1.0,0,0,0,0
cifar10,20,2,mixed_maturity,access_full,dirichlet_lcb,diverse_then_repeat_backdoor,0.5,3,17,5,0.301,0.3244444444444444,0.10494000000000002,2,2,1.0,0.0,1.0,0,0,0,0
cifar10,20,2,mixed_maturity,access_full,dirichlet_lcb,diverse_then_repeat_backdoor,0.5,3,18,5,0.2775,0.03166666666666667,0.10493999999999998,2,2,1.0,0.0,1.0,0,0,0,0
cifar10,20,2,mixed_maturity,access_full,dirichlet_lcb,diverse_then_repeat_backdoor,0.5,3,19,5,0.3035,0.08944444444444444,0.10494000000000002,2,2,1.0,0.0,1.0,0,0,0,0
cifar10,20,2,mixed_maturity,access_full,dirichlet_lcb,diverse_then_repeat_backdoor,0.5,3,20,5,0.326,0.04,0.10493999999999998,2,2,1.0,0.0,1.0,0,0,0,0
cifar10,20,2,mixed_maturity,access_full,dirichlet_lcb,diverse_then_repeat_backdoor,0.5,3,21,5,0.338,0.2927777777777778,0.10494,2,2,1.0,0.0,1.0,0,0,0,0
cifar10,20,2,mixed_maturity,access_full,dirichlet_lcb,diverse_then_repeat_backdoor,0.5,3,22,5,0.345,0.2833333333333333,0.10494,2,2,1.0,0.0,1.0,0,0,0,0
cifar10,20,2,mixed_maturity,access_full,dirichlet_lcb,diverse_then_repeat_backdoor,0.5,3,23,5,0.3295,0.32611111111111113,0.10493999999999998,2,2,1.0,0.0,1.0,0,0,0,0
cifar10,20,2,mixed_maturity,access_full,dirichlet_lcb,diverse_then_repeat_backdoor,0.5,3,24,5,0.3395,0.05611111111111111,0.10494,2,2,1.0,0.0,1.0,0,0,0,0
cifar10,20,2,mixed_maturity,access_full,dirichlet_lcb,diverse_then_repeat_backdoor,0.5,3,25,5,0.3275,0.15444444444444444,0.10494000000000002,2,2,1.0,0.0,1.0,0,0,0,0
cifar10,20,2,mixed_maturity,access_full,dirichlet_lcb,diverse_then_repeat_backdoor,0.5,3,26,5,0.328,0.24833333333333332,0.10494000000000002,2,2,1.0,0.0,1.0,0,0,0,0
cifar10,20,2,mixed_maturity,access_full,dirichlet_lcb,diverse_then_repeat_backdoor,0.5,3,27,5,0.3105,0.35388888888888886,0.10494,2,2,1.0,0.0,1.0,0,0,0,0
cifar10,20,2,mixed_maturity,access_full,dirichlet_lcb,diverse_then_repeat_backdoor,0.5,3,28,5,0.326,0.19055555555555556,0.10494000000000002,2,2,1.0,0.0,1.0,0,0,0,0
cifar10,20,2,mixed_maturity,access_full,dirichlet_lcb,diverse_then_repeat_backdoor,0.5,3,29,5,0.3545,0.38666666666666666,0.10494,2,2,1.0,0.0,1.0,0,0,0,0
cifar10,20,2,mixed_maturity,access_full,dirichlet_lcb,diverse_then_repeat_backdoor,0.5,3,30,5,0.321,0.4261111111111111,0.10494,2,2,1.0,0.0,1.0,0,0,0,0
cifar10,20,2,mixed_maturity,access_full,dirichlet_lcb,diverse_then_repeat_backdoor,0.5,3,31,5,0.3215,0.18555555555555556,0.10494,2,2,1.0,0.0,1.0,0,0,0,0
cifar10,20,2,mixed_maturity,access_full,dirichlet_lcb,diverse_then_repeat_backdoor,0.5,3,32,5,0.334,0.19833333333333333,0.10494000000000002,2,2,1.0,0.0,1.0,0,0,0,0
cifar10,20,2,mixed_maturity,access_full,dirichlet_lcb,diverse_then_repeat_backdoor,0.5,3,33,5,0.346,0.24388888888888888,0.10494,2,2,1.0,0.0,1.0,0,0,0,0
cifar10,20,2,mixed_maturity,access_full,dirichlet_lcb,diverse_then_repeat_backdoor,0.5,3,34,5,0.339,0.39444444444444443,0.10493999999999998,2,2,1.0,0.0,1.0,0,0,0,0
cifar10,20,2,mixed_maturity,access_full,dirichlet_lcb,diverse_then_repeat_backdoor,0.5,3,35,5,0.3445,0.3616666666666667,0.10494,2,2,1.0,0.0,1.0,0,0,0,0
cifar10,20,2,mixed_maturity,access_full,dirichlet_lcb,diverse_then_repeat_backdoor,0.5,3,36,5,0.325,0.435,0.10494000000000002,2,2,1.0,0.0,1.0,0,0,0,0
cifar10,20,2,mixed_maturity,access_full,dirichlet_lcb,diverse_then_repeat_backdoor,0.5,3,37,5,0.312,0.5083333333333333,0.10494,2,2,1.0,0.0,1.0,0,0,0,0
cifar10,20,2,mixed_maturity,access_full,dirichlet_lcb,diverse_then_repeat_backdoor,0.5,3,38,5,0.322,0.10722222222222222,0.10494,2,2,1.0,0.0,1.0,0,0,0,0
cifar10,20,2,mixed_maturity,access_full,dirichlet_lcb,diverse_then_repeat_backdoor,0.5,3,39,5,0.3565,0.4311111111111111,0.10493999999999998,2,2,1.0,0.0,1.0,0,0,0,0
cifar10,20,2,mixed_maturity,access_full,dirichlet_lcb,diverse_then_repeat_backdoor,0.5,3,40,5,0.329,0.05611111111111111,0.10494,2,2,1.0,0.0,1.0,0,0,0,0
cifar10,20,2,mixed_maturity,access_full,dirichlet_lcb,diverse_then_repeat_backdoor,0.5,3,41,5,0.352,0.1338888888888889,0.10494,2,2,1.0,0.0,1.0,0,0,0,0
cifar10,20,2,mixed_maturity,access_full,dirichlet_lcb,diverse_then_repeat_backdoor,0.5,3,42,5,0.3515,0.445,0.10494,2,2,1.0,0.0,1.0,0,0,0,0
cifar10,20,2,mixed_maturity,access_full,dirichlet_lcb,diverse_then_repeat_backdoor,0.5,3,43,5,0.3125,0.29888888888888887,0.10494000000000002,2,2,1.0,0.0,1.0,0,0,0,0
cifar10,20,2,mixed_maturity,access_full,dirichlet_lcb,diverse_then_repeat_backdoor,0.5,3,44,5,0.3545,0.14222222222222222,0.10494,2,2,1.0,0.0,1.0,0,0,0,0
cifar10,20,2,mixed_maturity,access_full,dirichlet_lcb,diverse_then_repeat_backdoor,0.5,3,45,5,0.339,0.495,0.10494,2,2,1.0,0.0,1.0,0,0,0,0
cifar10,20,2,mixed_maturity,access_full,dirichlet_lcb,diverse_then_repeat_backdoor,0.5,3,46,5,0.346,0.5522222222222222,0.10494,2,2,1.0,0.0,1.0,0,0,0,0
cifar10,20,2,mixed_maturity,access_full,dirichlet_lcb,diverse_then_repeat_backdoor,0.5,3,47,5,0.3455,0.2561111111111111,0.10494,2,2,1.0,0.0,1.0,0,0,0,0
cifar10,20,2,mixed_maturity,access_full,dirichlet_lcb,diverse_then_repeat_backdoor,0.5,3,48,5,0.325,0.3377777777777778,0.10494,2,2,1.0,0.0,1.0,0,0,0,0
cifar10,20,2,mixed_maturity,access_full,dirichlet_lcb,diverse_then_repeat_backdoor,0.5,3,49,5,0.3225,0.5488888888888889,0.10493999999999998,2,2,1.0,0.0,1.0,0,0,0,0
cifar10,20,2,mixed_maturity,access_full,dirichlet_lcb,diverse_then_repeat_backdoor,0.5,3,50,5,0.348,0.5561111111111111,0.10494,2,2,1.0,0.0,1.0,0,0,0,0
cifar10,20,2,mixed_maturity,access_full,dirichlet_lcb,diverse_then_repeat_backdoor,0.5,4,1,5,0.1135,0.0,0.06692841977231748,2,2,1.0,1.0,0.0,0,0,0,0
cifar10,20,2,mixed_maturity,access_full,dirichlet_lcb,diverse_then_repeat_backdoor,0.5,4,2,5,0.204,0.0005555555555555556,0.06692841977231748,2,2,1.0,1.0,0.0,0,0,0,0
cifar10,20,2,mixed_maturity,access_full,dirichlet_lcb,diverse_then_repeat_backdoor,0.5,4,3,5,0.2465,0.04611111111111111,0.06692841977231749,2,2,1.0,1.0,0.0,0,0,0,0
cifar10,20,2,mixed_maturity,access_full,dirichlet_lcb,diverse_then_repeat_backdoor,0.5,4,4,5,0.2485,0.07333333333333333,0.06692841977231748,2,2,1.0,1.0,0.0,0,0,0,0
cifar10,20,2,mixed_maturity,access_full,dirichlet_lcb,diverse_then_repeat_backdoor,0.5,4,5,5,0.277,0.058333333333333334,0.12546,2,2,1.0,0.0,1.0,0,0,0,0
cifar10,20,2,mixed_maturity,access_full,dirichlet_lcb,diverse_then_repeat_backdoor,0.5,4,6,5,0.256,0.26666666666666666,0.12546000000000002,2,2,1.0,0.0,1.0,0,0,0,0
cifar10,20,2,mixed_maturity,access_full,dirichlet_lcb,diverse_then_repeat_backdoor,0.5,4,7,5,0.264,0.13944444444444445,0.12546000000000002,2,2,1.0,0.0,1.0,0,0,0,0
cifar10,20,2,mixed_maturity,access_full,dirichlet_lcb,diverse_then_repeat_backdoor,0.5,4,8,5,0.277,0.27111111111111114,0.12546000000000002,2,2,1.0,0.0,1.0,0,0,0,0
cifar10,20,2,mixed_maturity,access_full,dirichlet_lcb,diverse_then_repeat_backdoor,0.5,4,9,5,0.2935,0.14166666666666666,0.12546000000000002,2,2,1.0,0.0,1.0,0,0,0,0
cifar10,20,2,mixed_maturity,access_full,dirichlet_lcb,diverse_then_repeat_backdoor,0.5,4,10,5,0.2615,0.4438888888888889,0.12546000000000002,2,2,1.0,0.0,1.0,0,0,0,0
cifar10,20,2,mixed_maturity,access_full,dirichlet_lcb,diverse_then_repeat_backdoor,0.5,4,11,5,0.2595,0.30666666666666664,0.12546000000000002,2,2,1.0,0.0,1.0,0,0,0,0
cifar10,20,2,mixed_maturity,access_full,dirichlet_lcb,diverse_then_repeat_backdoor,0.5,4,12,5,0.3045,0.4444444444444444,0.12546000000000004,2,2,1.0,0.0,1.0,0,0,0,0
cifar10,20,2,mixed_maturity,access_full,dirichlet_lcb,diverse_then_repeat_backdoor,0.5,4,13,5,0.2825,0.15833333333333333,0.12546000000000004,2,2,1.0,0.0,1.0,0,0,0,0
cifar10,20,2,mixed_maturity,access_full,dirichlet_lcb,diverse_then_repeat_backdoor,0.5,4,14,5,0.3265,0.26722222222222225,0.12546000000000002,2,2,1.0,0.0,1.0,0,0,0,0
cifar10,20,2,mixed_maturity,access_full,dirichlet_lcb,diverse_then_repeat_backdoor,0.5,4,15,5,0.3315,0.045,0.12546000000000002,2,2,1.0,0.0,1.0,0,0,0,0
cifar10,20,2,mixed_maturity,access_full,dirichlet_lcb,diverse_then_repeat_backdoor,0.5,4,16,5,0.3075,0.1988888888888889,0.12546000000000002,2,2,1.0,0.0,1.0,0,0,0,0
cifar10,20,2,mixed_maturity,access_full,dirichlet_lcb,diverse_then_repeat_backdoor,0.5,4,17,5,0.3115,0.09777777777777778,0.12546000000000002,2,2,1.0,0.0,1.0,0,0,0,0
cifar10,20,2,mixed_maturity,access_full,dirichlet_lcb,diverse_then_repeat_backdoor,0.5,4,18,5,0.2875,0.5894444444444444,0.12546000000000004,2,2,1.0,0.0,1.0,0,0,0,0
cifar10,20,2,mixed_maturity,access_full,dirichlet_lcb,diverse_then_repeat_backdoor,0.5,4,19,5,0.2915,0.013888888888888888,0.12546000000000004,2,2,1.0,0.0,1.0,0,0,0,0
cifar10,20,2,mixed_maturity,access_full,dirichlet_lcb,diverse_then_repeat_backdoor,0.5,4,20,5,0.3515,0.33055555555555555,0.12546000000000004,2,2,1.0,0.0,1.0,0,0,0,0
cifar10,20,2,mixed_maturity,access_full,dirichlet_lcb,diverse_then_repeat_backdoor,0.5,4,21,5,0.2825,0.12333333333333334,0.12546000000000004,2,2,1.0,0.0,1.0,0,0,0,0
cifar10,20,2,mixed_maturity,access_full,dirichlet_lcb,diverse_then_repeat_backdoor,0.5,4,22,5,0.284,0.715,0.12546000000000002,2,2,1.0,0.0,1.0,0,0,0,0
cifar10,20,2,mixed_maturity,access_full,dirichlet_lcb,diverse_then_repeat_backdoor,0.5,4,23,5,0.3275,0.14333333333333334,0.12546000000000002,2,2,1.0,0.0,1.0,0,0,0,0
cifar10,20,2,mixed_maturity,access_full,dirichlet_lcb,diverse_then_repeat_backdoor,0.5,4,24,5,0.3465,0.3188888888888889,0.12546000000000004,2,2,1.0,0.0,1.0,0,0,0,0
cifar10,20,2,mixed_maturity,access_full,dirichlet_lcb,diverse_then_repeat_backdoor,0.5,4,25,5,0.3415,0.44555555555555554,0.12546000000000002,2,2,1.0,0.0,1.0,0,0,0,0
cifar10,20,2,mixed_maturity,access_full,dirichlet_lcb,diverse_then_repeat_backdoor,0.5,4,26,5,0.2935,0.745,0.12546000000000002,2,2,1.0,0.0,1.0,0,0,0,0
cifar10,20,2,mixed_maturity,access_full,dirichlet_lcb,diverse_then_repeat_backdoor,0.5,4,27,5,0.318,0.08888888888888889,0.12546000000000002,2,2,1.0,0.0,1.0,0,0,0,0
cifar10,20,2,mixed_maturity,access_full,dirichlet_lcb,diverse_then_repeat_backdoor,0.5,4,28,5,0.324,0.6638888888888889,0.12546000000000004,2,2,1.0,0.0,1.0,0,0,0,0
cifar10,20,2,mixed_maturity,access_full,dirichlet_lcb,diverse_then_repeat_backdoor,0.5,4,29,5,0.3445,0.31666666666666665,0.12546000000000002,2,2,1.0,0.0,1.0,0,0,0,0
cifar10,20,2,mixed_maturity,access_full,dirichlet_lcb,diverse_then_repeat_backdoor,0.5,4,30,5,0.348,0.4266666666666667,0.12546000000000002,2,2,1.0,0.0,1.0,0,0,0,0
cifar10,20,2,mixed_maturity,access_full,dirichlet_lcb,diverse_then_repeat_backdoor,0.5,4,31,5,0.3415,0.5622222222222222,0.12546000000000002,2,2,1.0,0.0,1.0,0,0,0,0
cifar10,20,2,mixed_maturity,access_full,dirichlet_lcb,diverse_then_repeat_backdoor,0.5,4,32,5,0.343,0.37777777777777777,0.12546000000000002,2,2,1.0,0.0,1.0,0,0,0,0
cifar10,20,2,mixed_maturity,access_full,dirichlet_lcb,diverse_then_repeat_backdoor,0.5,4,33,5,0.3495,0.5083333333333333,0.12546000000000004,2,2,1.0,0.0,1.0,0,0,0,0
cifar10,20,2,mixed_maturity,access_full,dirichlet_lcb,diverse_then_repeat_backdoor,0.5,4,34,5,0.331,0.39166666666666666,0.12546000000000002,2,2,1.0,0.0,1.0,0,0,0,0
cifar10,20,2,mixed_maturity,access_full,dirichlet_lcb,diverse_then_repeat_backdoor,0.5,4,35,5,0.348,0.5594444444444444,0.12546000000000002,2,2,1.0,0.0,1.0,0,0,0,0
cifar10,20,2,mixed_maturity,access_full,dirichlet_lcb,diverse_then_repeat_backdoor,0.5,4,36,5,0.3255,0.705,0.12546000000000004,2,2,1.0,0.0,1.0,0,0,0,0
cifar10,20,2,mixed_maturity,access_full,dirichlet_lcb,diverse_then_repeat_backdoor,0.5,4,37,5,0.3585,0.41333333333333333,0.12546000000000002,2,2,1.0,0.0,1.0,0,0,0,0
cifar10,20,2,mixed_maturity,access_full,dirichlet_lcb,diverse_then_repeat_backdoor,0.5,4,38,5,0.3395,0.5266666666666666,0.12546000000000004,2,2,1.0,0.0,1.0,0,0,0,0
cifar10,20,2,mixed_maturity,access_full,dirichlet_lcb,diverse_then_repeat_backdoor,0.5,4,39,5,0.3465,0.6155555555555555,0.12546000000000002,2,2,1.0,0.0,1.0,0,0,0,0
cifar10,20,2,mixed_maturity,access_full,dirichlet_lcb,diverse_then_repeat_backdoor,0.5,4,40,5,0.295,0.4688888888888889,0.12546000000000002,2,2,1.0,0.0,1.0,0,0,0,0
cifar10,20,2,mixed_maturity,access_full,dirichlet_lcb,diverse_then_repeat_backdoor,0.5,4,41,5,0.329,0.49833333333333335,0.12546000000000002,2,2,1.0,0.0,1.0,0,0,0,0
cifar10,20,2,mixed_maturity,access_full,dirichlet_lcb,diverse_then_repeat_backdoor,0.5,4,42,5,0.3245,0.5638888888888889,0.12546000000000004,2,2,1.0,0.0,1.0,0,0,0,0
cifar10,20,2,mixed_maturity,access_full,dirichlet_lcb,diverse_then_repeat_backdoor,0.5,4,43,5,0.369,0.6333333333333333,0.12546000000000002,2,2,1.0,0.0,1.0,0,0,0,0
cifar10,20,2,mixed_maturity,access_full,dirichlet_lcb,diverse_then_repeat_backdoor,0.5,4,44,5,0.356,0.38333333333333336,0.12546000000000004,2,2,1.0,0.0,1.0,0,0,0,0
cifar10,20,2,mixed_maturity,access_full,dirichlet_lcb,diverse_then_repeat_backdoor,0.5,4,45,5,0.36,0.6711111111111111,0.12546,2,2,1.0,0.0,1.0,0,0,0,0
cifar10,20,2,mixed_maturity,access_full,dirichlet_lcb,diverse_then_repeat_backdoor,0.5,4,46,5,0.305,0.8366666666666667,0.12546000000000004,2,2,1.0,0.0,1.0,0,0,0,0
cifar10,20,2,mixed_maturity,access_full,dirichlet_lcb,diverse_then_repeat_backdoor,0.5,4,47,5,0.331,0.355,0.12546000000000002,2,2,1.0,0.0,1.0,0,0,0,0
cifar10,20,2,mixed_maturity,access_full,dirichlet_lcb,diverse_then_repeat_backdoor,0.5,4,48,5,0.3205,0.5394444444444444,0.12546000000000002,2,2,1.0,0.0,1.0,0,0,0,0
cifar10,20,2,mixed_maturity,access_full,dirichlet_lcb,diverse_then_repeat_backdoor,0.5,4,49,5,0.349,0.555,0.12546000000000004,2,2,1.0,0.0,1.0,0,0,0,0
cifar10,20,2,mixed_maturity,access_full,dirichlet_lcb,diverse_then_repeat_backdoor,0.5,4,50,5,0.358,0.6661111111111111,0.12546,2,2,1.0,0.0,1.0,0,0,0,0
cifar10,20,2,mixed_maturity,access_full,dirichlet_lcb,diverse_then_repeat_backdoor,0.5,5,1,5,0.15,0.7327777777777778,0.05825705063759988,2,2,1.0,1.0,0.0,0,0,0,0
cifar10,20,2,mixed_maturity,access_full,dirichlet_lcb,diverse_then_repeat_backdoor,0.5,5,2,5,0.189,0.0005555555555555556,0.05825705063759988,2,2,1.0,1.0,0.0,0,0,0,0
cifar10,20,2,mixed_maturity,access_full,dirichlet_lcb,diverse_then_repeat_backdoor,0.5,5,3,5,0.1665,0.0022222222222222222,0.05825705063759988,2,2,1.0,1.0,0.0,0,0,0,0
cifar10,20,2,mixed_maturity,access_full,dirichlet_lcb,diverse_then_repeat_backdoor,0.5,5,4,5,0.262,0.2127777777777778,0.05825705063759988,2,2,1.0,1.0,0.0,0,0,0,0
cifar10,20,2,mixed_maturity,access_full,dirichlet_lcb,diverse_then_repeat_backdoor,0.5,5,5,5,0.2635,0.08722222222222223,0.11009999999999998,2,2,1.0,0.0,1.0,0,0,0,0
cifar10,20,2,mixed_maturity,access_full,dirichlet_lcb,diverse_then_repeat_backdoor,0.5,5,6,5,0.2795,0.05,0.1101,2,2,1.0,0.0,1.0,0,0,0,0
cifar10,20,2,mixed_maturity,access_full,dirichlet_lcb,diverse_then_repeat_backdoor,0.5,5,7,5,0.292,0.19555555555555557,0.11009999999999998,2,2,1.0,0.0,1.0,0,0,0,0
cifar10,20,2,mixed_maturity,access_full,dirichlet_lcb,diverse_then_repeat_backdoor,0.5,5,8,5,0.274,0.37777777777777777,0.1101,2,2,1.0,0.0,1.0,0,0,0,0
cifar10,20,2,mixed_maturity,access_full,dirichlet_lcb,diverse_then_repeat_backdoor,0.5,5,9,5,0.238,0.48444444444444446,0.1101,2,2,1.0,0.0,1.0,0,0,0,0
cifar10,20,2,mixed_maturity,access_full,dirichlet_lcb,diverse_then_repeat_backdoor,0.5,5,10,5,0.2585,0.09111111111111111,0.1101,2,2,1.0,0.0,1.0,0,0,0,0
cifar10,20,2,mixed_maturity,access_full,dirichlet_lcb,diverse_then_repeat_backdoor,0.5,5,11,5,0.258,0.07444444444444444,0.1101,2,2,1.0,0.0,1.0,0,0,0,0
cifar10,20,2,mixed_maturity,access_full,dirichlet_lcb,diverse_then_repeat_backdoor,0.5,5,12,5,0.304,0.135,0.1101,2,2,1.0,0.0,1.0,0,0,0,0
cifar10,20,2,mixed_maturity,access_full,dirichlet_lcb,diverse_then_repeat_backdoor,0.5,5,13,5,0.265,0.5572222222222222,0.11009999999999998,2,2,1.0,0.0,1.0,0,0,0,0
cifar10,20,2,mixed_maturity,access_full,dirichlet_lcb,diverse_then_repeat_backdoor,0.5,5,14,5,0.276,0.06944444444444445,0.1101,2,2,1.0,0.0,1.0,0,0,0,0
cifar10,20,2,mixed_maturity,access_full,dirichlet_lcb,diverse_then_repeat_backdoor,0.5,5,15,5,0.333,0.065,0.1101,2,2,1.0,0.0,1.0,0,0,0,0
cifar10,20,2,mixed_maturity,access_full,dirichlet_lcb,diverse_then_repeat_backdoor,0.5,5,16,5,0.332,0.41833333333333333,0.1101,2,2,1.0,0.0,1.0,0,0,0,0
cifar10,20,2,mixed_maturity,access_full,dirichlet_lcb,diverse_then_repeat_backdoor,0.5,5,17,5,0.322,0.05333333333333334,0.11010000000000002,2,2,1.0,0.0,1.0,0,0,0,0
cifar10,20,2,mixed_maturity,access_full,dirichlet_lcb,diverse_then_repeat_backdoor,0.5,5,18,5,0.3065,0.16277777777777777,0.11009999999999998,2,2,1.0,0.0,1.0,0,0,0,0
cifar10,20,2,mixed_maturity,access_full,dirichlet_lcb,diverse_then_repeat_backdoor,0.5,5,19,5,0.3195,0.12777777777777777,0.11009999999999998,2,2,1.0,0.0,1.0,0,0,0,0
cifar10,20,2,mixed_maturity,access_full,dirichlet_lcb,diverse_then_repeat_backdoor,0.5,5,20,5,0.3535,0.13666666666666666,0.1101,2,2,1.0,0.0,1.0,0,0,0,0
cifar10,20,2,mixed_maturity,access_full,dirichlet_lcb,diverse_then_repeat_backdoor,0.5,5,21,5,0.3,0.26611111111111113,0.11009999999999998,2,2,1.0,0.0,1.0,0,0,0,0
cifar10,20,2,mixed_maturity,access_full,dirichlet_lcb,diverse_then_repeat_backdoor,0.5,5,22,5,0.3365,0.33944444444444444,0.1101,2,2,1.0,0.0,1.0,0,0,0,0
cifar10,20,2,mixed_maturity,access_full,dirichlet_lcb,diverse_then_repeat_backdoor,0.5,5,23,5,0.3085,0.45555555555555555,0.11009999999999998,2,2,1.0,0.0,1.0,0,0,0,0
cifar10,20,2,mixed_maturity,access_full,dirichlet_lcb,diverse_then_repeat_backdoor,0.5,5,24,5,0.339,0.27,0.11009999999999998,2,2,1.0,0.0,1.0,0,0,0,0
cifar10,20,2,mixed_maturity,access_full,dirichlet_lcb,diverse_then_repeat_backdoor,0.5,5,25,5,0.342,0.24222222222222223,0.1101,2,2,1.0,0.0,1.0,0,0,0,0
cifar10,20,2,mixed_maturity,access_full,dirichlet_lcb,diverse_then_repeat_backdoor,0.5,5,26,5,0.344,0.36333333333333334,0.11009999999999998,2,2,1.0,0.0,1.0,0,0,0,0
cifar10,20,2,mixed_maturity,access_full,dirichlet_lcb,diverse_then_repeat_backdoor,0.5,5,27,5,0.2975,0.6033333333333334,0.1101,2,2,1.0,0.0,1.0,0,0,0,0
cifar10,20,2,mixed_maturity,access_full,dirichlet_lcb,diverse_then_repeat_backdoor,0.5,5,28,5,0.3035,0.15166666666666667,0.1101,2,2,1.0,0.0,1.0,0,0,0,0
cifar10,20,2,mixed_maturity,access_full,dirichlet_lcb,diverse_then_repeat_backdoor,0.5,5,29,5,0.3435,0.3211111111111111,0.1101,2,2,1.0,0.0,1.0,0,0,0,0
cifar10,20,2,mixed_maturity,access_full,dirichlet_lcb,diverse_then_repeat_backdoor,0.5,5,30,5,0.342,0.31,0.1101,2,2,1.0,0.0,1.0,0,0,0,0
cifar10,20,2,mixed_maturity,access_full,dirichlet_lcb,diverse_then_repeat_backdoor,0.5,5,31,5,0.315,0.5427777777777778,0.1101,2,2,1.0,0.0,1.0,0,0,0,0
cifar10,20,2,mixed_maturity,access_full,dirichlet_lcb,diverse_then_repeat_backdoor,0.5,5,32,5,0.323,0.225,0.11009999999999998,2,2,1.0,0.0,1.0,0,0,0,0
cifar10,20,2,mixed_maturity,access_full,dirichlet_lcb,diverse_then_repeat_backdoor,0.5,5,33,5,0.332,0.3527777777777778,0.1101,2,2,1.0,0.0,1.0,0,0,0,0
cifar10,20,2,mixed_maturity,access_full,dirichlet_lcb,diverse_then_repeat_backdoor,0.5,5,34,5,0.3575,0.4677777777777778,0.1101,2,2,1.0,0.0,1.0,0,0,0,0
cifar10,20,2,mixed_maturity,access_full,dirichlet_lcb,diverse_then_repeat_backdoor,0.5,5,35,5,0.3375,0.38055555555555554,0.1101,2,2,1.0,0.0,1.0,0,0,0,0
cifar10,20,2,mixed_maturity,access_full,dirichlet_lcb,diverse_then_repeat_backdoor,0.5,5,36,5,0.3235,0.43833333333333335,0.1101,2,2,1.0,0.0,1.0,0,0,0,0
cifar10,20,2,mixed_maturity,access_full,dirichlet_lcb,diverse_then_repeat_backdoor,0.5,5,37,5,0.353,0.39222222222222225,0.1101,2,2,1.0,0.0,1.0,0,0,0,0
cifar10,20,2,mixed_maturity,access_full,dirichlet_lcb,diverse_then_repeat_backdoor,0.5,5,38,5,0.356,0.5172222222222222,0.11009999999999998,2,2,1.0,0.0,1.0,0,0,0,0
cifar10,20,2,mixed_maturity,access_full,dirichlet_lcb,diverse_then_repeat_backdoor,0.5,5,39,5,0.375,0.4494444444444444,0.1101,2,2,1.0,0.0,1.0,0,0,0,0
cifar10,20,2,mixed_maturity,access_full,dirichlet_lcb,diverse_then_repeat_backdoor,0.5,5,40,5,0.343,0.5544444444444444,0.1101,2,2,1.0,0.0,1.0,0,0,0,0
cifar10,20,2,mixed_maturity,access_full,dirichlet_lcb,diverse_then_repeat_backdoor,0.5,5,41,5,0.3335,0.17444444444444446,0.1101,2,2,1.0,0.0,1.0,0,0,0,0
cifar10,20,2,mixed_maturity,access_full,dirichlet_lcb,diverse_then_repeat_backdoor,0.5,5,42,5,0.3515,0.43555555555555553,0.11009999999999998,2,2,1.0,0.0,1.0,0,0,0,0
cifar10,20,2,mixed_maturity,access_full,dirichlet_lcb,diverse_then_repeat_backdoor,0.5,5,43,5,0.3285,0.4711111111111111,0.11010000000000002,2,2,1.0,0.0,1.0,0,0,0,0
cifar10,20,2,mixed_maturity,access_full,dirichlet_lcb,diverse_then_repeat_backdoor,0.5,5,44,5,0.346,0.61,0.11009999999999998,2,2,1.0,0.0,1.0,0,0,0,0
cifar10,20,2,mixed_maturity,access_full,dirichlet_lcb,diverse_then_repeat_backdoor,0.5,5,45,5,0.3205,0.6027777777777777,0.11009999999999998,2,2,1.0,0.0,1.0,0,0,0,0
cifar10,20,2,mixed_maturity,access_full,dirichlet_lcb,diverse_then_repeat_backdoor,0.5,5,46,5,0.3095,0.37222222222222223,0.1101,2,2,1.0,0.0,1.0,0,0,0,0
cifar10,20,2,mixed_maturity,access_full,dirichlet_lcb,diverse_then_repeat_backdoor,0.5,5,47,5,0.3215,0.6211111111111111,0.1101,2,2,1.0,0.0,1.0,0,0,0,0
cifar10,20,2,mixed_maturity,access_full,dirichlet_lcb,diverse_then_repeat_backdoor,0.5,5,48,5,0.334,0.6588888888888889,0.1101,2,2,1.0,0.0,1.0,0,0,0,0
cifar10,20,2,mixed_maturity,access_full,dirichlet_lcb,diverse_then_repeat_backdoor,0.5,5,49,5,0.3715,0.5311111111111111,0.11010000000000002,2,2,1.0,0.0,1.0,0,0,0,0
cifar10,20,2,mixed_maturity,access_full,dirichlet_lcb,diverse_then_repeat_backdoor,0.5,5,50,5,0.3455,0.5955555555555555,0.11009999999999998,2,2,1.0,0.0,1.0,0,0,0,0
cifar10,20,2,mixed_maturity,access_full,dirichlet_lcb,diverse_then_repeat_backdoor,0.5,6,1,5,0.105,0.9788888888888889,0.05260941874907897,2,2,1.0,1.0,0.0,0,0,0,0
cifar10,20,2,mixed_maturity,access_full,dirichlet_lcb,diverse_then_repeat_backdoor,0.5,6,2,5,0.178,0.0,0.052609418749078964,2,2,1.0,1.0,0.0,0,0,0,0
cifar10,20,2,mixed_maturity,access_full,dirichlet_lcb,diverse_then_repeat_backdoor,0.5,6,3,5,0.213,0.0005555555555555556,0.05260941874907896,2,2,1.0,1.0,0.0,0,0,0,0
cifar10,20,2,mixed_maturity,access_full,dirichlet_lcb,diverse_then_repeat_backdoor,0.5,6,4,5,0.2285,0.0005555555555555556,0.052609418749078964,2,2,1.0,1.0,0.0,0,0,0,0
cifar10,20,2,mixed_maturity,access_full,dirichlet_lcb,diverse_then_repeat_backdoor,0.5,6,5,5,0.252,0.12833333333333333,0.09996,2,2,1.0,0.0,1.0,0,0,0,0
cifar10,20,2,mixed_maturity,access_full,dirichlet_lcb,diverse_then_repeat_backdoor,0.5,6,6,5,0.288,0.1338888888888889,0.09996000000000001,2,2,1.0,0.0,1.0,0,0,0,0
cifar10,20,2,mixed_maturity,access_full,dirichlet_lcb,diverse_then_repeat_backdoor,0.5,6,7,5,0.2305,0.13666666666666666,0.09996,2,2,1.0,0.0,1.0,0,0,0,0
cifar10,20,2,mixed_maturity,access_full,dirichlet_lcb,diverse_then_repeat_backdoor,0.5,6,8,5,0.2545,0.44277777777777777,0.09996000000000001,2,2,1.0,0.0,1.0,0,0,0,0
cifar10,20,2,mixed_maturity,access_full,dirichlet_lcb,diverse_then_repeat_backdoor,0.5,6,9,5,0.311,0.19055555555555556,0.09996,2,2,1.0,0.0,1.0,0,0,0,0
cifar10,20,2,mixed_maturity,access_full,dirichlet_lcb,diverse_then_repeat_backdoor,0.5,6,10,5,0.3105,0.38333333333333336,0.09996000000000002,2,2,1.0,0.0,1.0,0,0,0,0
cifar10,20,2,mixed_maturity,access_full,dirichlet_lcb,diverse_then_repeat_backdoor,0.5,6,11,5,0.311,0.025,0.09996,2,2,1.0,0.0,1.0,0,0,0,0
cifar10,20,2,mixed_maturity,access_full,dirichlet_lcb,diverse_then_repeat_backdoor,0.5,6,12,5,0.279,0.42388888888888887,0.09996000000000001,2,2,1.0,0.0,1.0,0,0,0,0
cifar10,20,2,mixed_maturity,access_full,dirichlet_lcb,diverse_then_repeat_backdoor,0.5,6,13,5,0.317,0.010555555555555556,0.09996000000000001,2,2,1.0,0.0,1.0,0,0,0,0
cifar10,20,2,mixed_maturity,access_full,dirichlet_lcb,diverse_then_repeat_backdoor,0.5,6,14,5,0.298,0.1272222222222222,0.09996000000000001,2,2,1.0,0.0,1.0,0,0,0,0
cifar10,20,2,mixed_maturity,access_full,dirichlet_lcb,diverse_then_repeat_backdoor,0.5,6,15,5,0.3285,0.16166666666666665,0.09996,2,2,1.0,0.0,1.0,0,0,0,0
cifar10,20,2,mixed_maturity,access_full,dirichlet_lcb,diverse_then_repeat_backdoor,0.5,6,16,5,0.3305,0.16722222222222222,0.09996000000000001,2,2,1.0,0.0,1.0,0,0,0,0
cifar10,20,2,mixed_maturity,access_full,dirichlet_lcb,diverse_then_repeat_backdoor,0.5,6,17,5,0.3295,0.19,0.09996,2,2,1.0,0.0,1.0,0,0,0,0
cifar10,20,2,mixed_maturity,access_full,dirichlet_lcb,diverse_then_repeat_backdoor,0.5,6,18,5,0.3125,0.05722222222222222,0.09996000000000001,2,2,1.0,0.0,1.0,0,0,0,0
cifar10,20,2,mixed_maturity,access_full,dirichlet_lcb,diverse_then_repeat_backdoor,0.5,6,19,5,0.3155,0.1622222222222222,0.09996000000000002,2,2,1.0,0.0,1.0,0,0,0,0
cifar10,20,2,mixed_maturity,access_full,dirichlet_lcb,diverse_then_repeat_backdoor,0.5,6,20,5,0.297,0.21222222222222223,0.09996,2,2,1.0,0.0,1.0,0,0,0,0
cifar10,20,2,mixed_maturity,access_full,dirichlet_lcb,diverse_then_repeat_backdoor,0.5,6,21,5,0.319,0.21333333333333335,0.09996,2,2,1.0,0.0,1.0,0,0,0,0
cifar10,20,2,mixed_maturity,access_full,dirichlet_lcb,diverse_then_repeat_backdoor,0.5,6,22,5,0.308,0.3111111111111111,0.09996000000000001,2,2,1.0,0.0,1.0,0,0,0,0
cifar10,20,2,mixed_maturity,access_full,dirichlet_lcb,diverse_then_repeat_backdoor,0.5,6,23,5,0.3,0.4011111111111111,0.09996,2,2,1.0,0.0,1.0,0,0,0,0
cifar10,20,2,mixed_maturity,access_full,dirichlet_lcb,diverse_then_repeat_backdoor,0.5,6,24,5,0.3265,0.47555555555555556,0.09996,2,2,1.0,0.0,1.0,0,0,0,0
cifar10,20,2,mixed_maturity,access_full,dirichlet_lcb,diverse_then_repeat_backdoor,0.5,6,25,5,0.3425,0.32722222222222225,0.09996,2,2,1.0,0.0,1.0,0,0,0,0
cifar10,20,2,mixed_maturity,access_full,dirichlet_lcb,diverse_then_repeat_backdoor,0.5,6,26,5,0.318,0.5194444444444445,0.09996,2,2,1.0,0.0,1.0,0,0,0,0
cifar10,20,2,mixed_maturity,access_full,dirichlet_lcb,diverse_then_repeat_backdoor,0.5,6,27,5,0.3255,0.1238888888888889,0.09996000000000001,2,2,1.0,0.0,1.0,0,0,0,0
cifar10,20,2,mixed_maturity,access_full,dirichlet_lcb,diverse_then_repeat_backdoor,0.5,6,28,5,0.3,0.21777777777777776,0.09996,2,2,1.0,0.0,1.0,0,0,0,0
cifar10,20,2,mixed_maturity,access_full,dirichlet_lcb,diverse_then_repeat_backdoor,0.5,6,29,5,0.3365,0.19277777777777777,0.09996,2,2,1.0,0.0,1.0,0,0,0,0
cifar10,20,2,mixed_maturity,access_full,dirichlet_lcb,diverse_then_repeat_backdoor,0.5,6,30,5,0.3475,0.30833333333333335,0.09996000000000001,2,2,1.0,0.0,1.0,0,0,0,0
cifar10,20,2,mixed_maturity,access_full,dirichlet_lcb,diverse_then_repeat_backdoor,0.5,6,31,5,0.341,0.2827777777777778,0.09996,2,2,1.0,0.0,1.0,0,0,0,0
cifar10,20,2,mixed_maturity,access_full,dirichlet_lcb,diverse_then_repeat_backdoor,0.5,6,32,5,0.3435,0.30277777777777776,0.09996000000000001,2,2,1.0,0.0,1.0,0,0,0,0
cifar10,20,2,mixed_maturity,access_full,dirichlet_lcb,diverse_then_repeat_backdoor,0.5,6,33,5,0.3335,0.4538888888888889,0.09996,2,2,1.0,0.0,1.0,0,0,0,0
cifar10,20,2,mixed_maturity,access_full,dirichlet_lcb,diverse_then_repeat_backdoor,0.5,6,34,5,0.3535,0.495,0.09996,2,2,1.0,0.0,1.0,0,0,0,0
cifar10,20,2,mixed_maturity,access_full,dirichlet_lcb,diverse_then_repeat_backdoor,0.5,6,35,5,0.3365,0.3322222222222222,0.09996000000000001,2,2,1.0,0.0,1.0,0,0,0,0
cifar10,20,2,mixed_maturity,access_full,dirichlet_lcb,diverse_then_repeat_backdoor,0.5,6,36,5,0.3605,0.10055555555555555,0.09996,2,2,1.0,0.0,1.0,0,0,0,0
cifar10,20,2,mixed_maturity,access_full,dirichlet_lcb,diverse_then_repeat_backdoor,0.5,6,37,5,0.3525,0.3672222222222222,0.09996,2,2,1.0,0.0,1.0,0,0,0,0
cifar10,20,2,mixed_maturity,access_full,dirichlet_lcb,diverse_then_repeat_backdoor,0.5,6,38,5,0.337,0.26944444444444443,0.09996,2,2,1.0,0.0,1.0,0,0,0,0
cifar10,20,2,mixed_maturity,access_full,dirichlet_lcb,diverse_then_repeat_backdoor,0.5,6,39,5,0.339,0.3422222222222222,0.09996000000000001,2,2,1.0,0.0,1.0,0,0,0,0
cifar10,20,2,mixed_maturity,access_full,dirichlet_lcb,diverse_then_repeat_backdoor,0.5,6,40,5,0.343,0.295,0.09996000000000001,2,2,1.0,0.0,1.0,0,0,0,0
cifar10,20,2,mixed_maturity,access_full,dirichlet_lcb,diverse_then_repeat_backdoor,0.5,6,41,5,0.309,0.12944444444444445,0.09996,2,2,1.0,0.0,1.0,0,0,0,0
cifar10,20,2,mixed_maturity,access_full,dirichlet_lcb,diverse_then_repeat_backdoor,0.5,6,42,5,0.3165,0.5505555555555556,0.09996,2,2,1.0,0.0,1.0,0,0,0,0
cifar10,20,2,mixed_maturity,access_full,dirichlet_lcb,diverse_then_repeat_backdoor,0.5,6,43,5,0.354,0.4361111111111111,0.09996000000000001,2,2,1.0,0.0,1.0,0,0,0,0
cifar10,20,2,mixed_maturity,access_full,dirichlet_lcb,diverse_then_repeat_backdoor,0.5,6,44,5,0.3455,0.18722222222222223,0.09996,2,2,1.0,0.0,1.0,0,0,0,0
cifar10,20,2,mixed_maturity,access_full,dirichlet_lcb,diverse_then_repeat_backdoor,0.5,6,45,5,0.344,0.6072222222222222,0.09996,2,2,1.0,0.0,1.0,0,0,0,0
cifar10,20,2,mixed_maturity,access_full,dirichlet_lcb,diverse_then_repeat_backdoor,0.5,6,46,5,0.3255,0.2683333333333333,0.09996,2,2,1.0,0.0,1.0,0,0,0,0
cifar10,20,2,mixed_maturity,access_full,dirichlet_lcb,diverse_then_repeat_backdoor,0.5,6,47,5,0.3645,0.4438888888888889,0.09996,2,2,1.0,0.0,1.0,0,0,0,0
cifar10,20,2,mixed_maturity,access_full,dirichlet_lcb,diverse_then_repeat_backdoor,0.5,6,48,5,0.3205,0.37277777777777776,0.09996,2,2,1.0,0.0,1.0,0,0,0,0
cifar10,20,2,mixed_maturity,access_full,dirichlet_lcb,diverse_then_repeat_backdoor,0.5,6,49,5,0.3505,0.4533333333333333,0.09996,2,2,1.0,0.0,1.0,0,0,0,0
cifar10,20,2,mixed_maturity,access_full,dirichlet_lcb,diverse_then_repeat_backdoor,0.5,6,50,5,0.355,0.39111111111111113,0.09996,2,2,1.0,0.0,1.0,0,0,0,0
cifar10,20,2,mixed_maturity,access_full,dirichlet_lcb,diverse_then_repeat_backdoor,0.5,7,1,5,0.184,0.0,0.05293083297358197,2,2,1.0,1.0,0.0,0,0,0,0
cifar10,20,2,mixed_maturity,access_full,dirichlet_lcb,diverse_then_repeat_backdoor,0.5,7,2,5,0.2315,0.09111111111111111,0.052930832973581955,2,2,1.0,1.0,0.0,0,0,0,0
cifar10,20,2,mixed_maturity,access_full,dirichlet_lcb,diverse_then_repeat_backdoor,0.5,7,3,5,0.267,0.12333333333333334,0.05293083297358197,2,2,1.0,1.0,0.0,0,0,0,0
cifar10,20,2,mixed_maturity,access_full,dirichlet_lcb,diverse_then_repeat_backdoor,0.5,7,4,5,0.2545,0.0011111111111111111,0.05293083297358197,2,2,1.0,1.0,0.0,0,0,0,0
cifar10,20,2,mixed_maturity,access_full,dirichlet_lcb,diverse_then_repeat_backdoor,0.5,7,5,5,0.2695,0.20277777777777778,0.10054,2,2,1.0,0.0,1.0,0,0,0,0
cifar10,20,2,mixed_maturity,access_full,dirichlet_lcb,diverse_then_repeat_backdoor,0.5,7,6,5,0.2555,0.4922222222222222,0.10054000000000003,2,2,1.0,0.0,1.0,0,0,0,0
cifar10,20,2,mixed_maturity,access_full,dirichlet_lcb,diverse_then_repeat_backdoor,0.5,7,7,5,0.3055,0.08333333333333333,0.10054000000000002,2,2,1.0,0.0,1.0,0,0,0,0
cifar10,20,2,mixed_maturity,access_full,dirichlet_lcb,diverse_then_repeat_backdoor,0.5,7,8,5,0.2665,0.44055555555555553,0.10053999999999998,2,2,1.0,0.0,1.0,0,0,0,0
cifar10,20,2,mixed_maturity,access_full,dirichlet_lcb,diverse_then_repeat_backdoor,0.5,7,9,5,0.285,0.03944444444444444,0.10054,2,2,1.0,0.0,1.0,0,0,0,0
cifar10,20,2,mixed_maturity,access_full,dirichlet_lcb,diverse_then_repeat_backdoor,0.5,7,10,5,0.2985,0.21833333333333332,0.10054,2,2,1.0,0.0,1.0,0,0,0,0
cifar10,20,2,mixed_maturity,access_full,dirichlet_lcb,diverse_then_repeat_backdoor,0.5,7,11,5,0.2955,0.005555555555555556,0.10054,2,2,1.0,0.0,1.0,0,0,0,0
cifar10,20,2,mixed_maturity,access_full,dirichlet_lcb,diverse_then_repeat_backdoor,0.5,7,12,5,0.258,0.14833333333333334,0.10053999999999998,2,2,1.0,0.0,1.0,0,0,0,0
cifar10,20,2,mixed_maturity,access_full,dirichlet_lcb,diverse_then_repeat_backdoor,0.5,7,13,5,0.293,0.36833333333333335,0.10054000000000002,2,2,1.0,0.0,1.0,0,0,0,0
cifar10,20,2,mixed_maturity,access_full,dirichlet_lcb,diverse_then_repeat_backdoor,0.5,7,14,5,0.324,0.07166666666666667,0.10054,2,2,1.0,0.0,1.0,0,0,0,0
cifar10,20,2,mixed_maturity,access_full,dirichlet_lcb,diverse_then_repeat_backdoor,0.5,7,15,5,0.2865,0.4527777777777778,0.10054,2,2,1.0,0.0,1.0,0,0,0,0
cifar10,20,2,mixed_maturity,access_full,dirichlet_lcb,diverse_then_repeat_backdoor,0.5,7,16,5,0.3205,0.23277777777777778,0.10053999999999998,2,2,1.0,0.0,1.0,0,0,0,0
cifar10,20,2,mixed_maturity,access_full,dirichlet_lcb,diverse_then_repeat_backdoor,0.5,7,17,5,0.3205,0.15,0.10054,2,2,1.0,0.0,1.0,0,0,0,0
cifar10,20,2,mixed_maturity,access_full,dirichlet_lcb,diverse_then_repeat_backdoor,0.5,7,18,5,0.2985,0.0811111111111111,0.10054000000000002,2,2,1.0,0.0,1.0,0,0,0,0
cifar10,20,2,mixed_maturity,access_full,dirichlet_lcb,diverse_then_repeat_backdoor,0.5,7,19,5,0.3155,0.11777777777777777,0.10054,2,2,1.0,0.0,1.0,0,0,0,0
cifar10,20,2,mixed_maturity,access_full,dirichlet_lcb,diverse_then_repeat_backdoor,0.5,7,20,5,0.294,0.3655555555555556,0.10054000000000002,2,2,1.0,0.0,1.0,0,0,0,0
cifar10,20,2,mixed_maturity,access_full,dirichlet_lcb,diverse_then_repeat_backdoor,0.5,7,21,5,0.312,0.11166666666666666,0.10054,2,2,1.0,0.0,1.0,0,0,0,0
cifar10,20,2,mixed_maturity,access_full,dirichlet_lcb,diverse_then_repeat_backdoor,0.5,7,22,5,0.33,0.3327777777777778,0.10054,2,2,1.0,0.0,1.0,0,0,0,0
cifar10,20,2,mixed_maturity,access_full,dirichlet_lcb,diverse_then_repeat_backdoor,0.5,7,23,5,0.2925,0.3433333333333333,0.10054,2,2,1.0,0.0,1.0,0,0,0,0
cifar10,20,2,mixed_maturity,access_full,dirichlet_lcb,diverse_then_repeat_backdoor,0.5,7,24,5,0.3085,0.49,0.10054,2,2,1.0,0.0,1.0,0,0,0,0
cifar10,20,2,mixed_maturity,access_full,dirichlet_lcb,diverse_then_repeat_backdoor,0.5,7,25,5,0.339,0.3022222222222222,0.10054,2,2,1.0,0.0,1.0,0,0,0,0
cifar10,20,2,mixed_maturity,access_full,dirichlet_lcb,diverse_then_repeat_backdoor,0.5,7,26,5,0.3305,0.09722222222222222,0.10054,2,2,1.0,0.0,1.0,0,0,0,0
cifar10,20,2,mixed_maturity,access_full,dirichlet_lcb,diverse_then_repeat_backdoor,0.5,7,27,5,0.359,0.23055555555555557,0.10053999999999998,2,2,1.0,0.0,1.0,0,0,0,0
cifar10,20,2,mixed_maturity,access_full,dirichlet_lcb,diverse_then_repeat_backdoor,0.5,7,28,5,0.3305,0.4822222222222222,0.10054,2,2,1.0,0.0,1.0,0,0,0,0
cifar10,20,2,mixed_maturity,access_full,dirichlet_lcb,diverse_then_repeat_backdoor,0.5,7,29,5,0.3125,0.06888888888888889,0.10054,2,2,1.0,0.0,1.0,0,0,0,0
cifar10,20,2,mixed_maturity,access_full,dirichlet_lcb,diverse_then_repeat_backdoor,0.5,7,30,5,0.2985,0.13777777777777778,0.10054,2,2,1.0,0.0,1.0,0,0,0,0
cifar10,20,2,mixed_maturity,access_full,dirichlet_lcb,diverse_then_repeat_backdoor,0.5,7,31,5,0.3405,0.43222222222222223,0.10054,2,2,1.0,0.0,1.0,0,0,0,0
cifar10,20,2,mixed_maturity,access_full,dirichlet_lcb,diverse_then_repeat_backdoor,0.5,7,32,5,0.348,0.37277777777777776,0.10054000000000002,2,2,1.0,0.0,1.0,0,0,0,0
cifar10,20,2,mixed_maturity,access_full,dirichlet_lcb,diverse_then_repeat_backdoor,0.5,7,33,5,0.346,0.052222222222222225,0.10053999999999998,2,2,1.0,0.0,1.0,0,0,0,0
cifar10,20,2,mixed_maturity,access_full,dirichlet_lcb,diverse_then_repeat_backdoor,0.5,7,34,5,0.3375,0.335,0.10054,2,2,1.0,0.0,1.0,0,0,0,0
cifar10,20,2,mixed_maturity,access_full,dirichlet_lcb,diverse_then_repeat_backdoor,0.5,7,35,5,0.36,0.5094444444444445,0.10054,2,2,1.0,0.0,1.0,0,0,0,0
cifar10,20,2,mixed_maturity,access_full,dirichlet_lcb,diverse_then_repeat_backdoor,0.5,7,36,5,0.331,0.275,0.10054,2,2,1.0,0.0,1.0,0,0,0,0
cifar10,20,2,mixed_maturity,access_full,dirichlet_lcb,diverse_then_repeat_backdoor,0.5,7,37,5,0.3455,0.385,0.10054,2,2,1.0,0.0,1.0,0,0,0,0
cifar10,20,2,mixed_maturity,access_full,dirichlet_lcb,diverse_then_repeat_backdoor,0.5,7,38,5,0.362,0.2511111111111111,0.10054,2,2,1.0,0.0,1.0,0,0,0,0
cifar10,20,2,mixed_maturity,access_full,dirichlet_lcb,diverse_then_repeat_backdoor,0.5,7,39,5,0.351,0.3161111111111111,0.10054,2,2,1.0,0.0,1.0,0,0,0,0
cifar10,20,2,mixed_maturity,access_full,dirichlet_lcb,diverse_then_repeat_backdoor,0.5,7,40,5,0.358,0.24388888888888888,0.10053999999999998,2,2,1.0,0.0,1.0,0,0,0,0
cifar10,20,2,mixed_maturity,access_full,dirichlet_lcb,diverse_then_repeat_backdoor,0.5,7,41,5,0.3595,0.30944444444444447,0.10054,2,2,1.0,0.0,1.0,0,0,0,0
cifar10,20,2,mixed_maturity,access_full,dirichlet_lcb,diverse_then_repeat_backdoor,0.5,7,42,5,0.362,0.20722222222222222,0.10054000000000002,2,2,1.0,0.0,1.0,0,0,0,0
cifar10,20,2,mixed_maturity,access_full,dirichlet_lcb,diverse_then_repeat_backdoor,0.5,7,43,5,0.3245,0.3811111111111111,0.10054,2,2,1.0,0.0,1.0,0,0,0,0
cifar10,20,2,mixed_maturity,access_full,dirichlet_lcb,diverse_then_repeat_backdoor,0.5,7,44,5,0.3445,0.5705555555555556,0.10054,2,2,1.0,0.0,1.0,0,0,0,0
cifar10,20,2,mixed_maturity,access_full,dirichlet_lcb,diverse_then_repeat_backdoor,0.5,7,45,5,0.3735,0.24833333333333332,0.10054,2,2,1.0,0.0,1.0,0,0,0,0
cifar10,20,2,mixed_maturity,access_full,dirichlet_lcb,diverse_then_repeat_backdoor,0.5,7,46,5,0.3365,0.42277777777777775,0.10054,2,2,1.0,0.0,1.0,0,0,0,0
cifar10,20,2,mixed_maturity,access_full,dirichlet_lcb,diverse_then_repeat_backdoor,0.5,7,47,5,0.3595,0.5261111111111111,0.10054,2,2,1.0,0.0,1.0,0,0,0,0
cifar10,20,2,mixed_maturity,access_full,dirichlet_lcb,diverse_then_repeat_backdoor,0.5,7,48,5,0.3695,0.3788888888888889,0.10054,2,2,1.0,0.0,1.0,0,0,0,0
cifar10,20,2,mixed_maturity,access_full,dirichlet_lcb,diverse_then_repeat_backdoor,0.5,7,49,5,0.334,0.38055555555555554,0.10053999999999998,2,2,1.0,0.0,1.0,0,0,0,0
cifar10,20,2,mixed_maturity,access_full,dirichlet_lcb,diverse_then_repeat_backdoor,0.5,7,50,5,0.358,0.26666666666666666,0.10054000000000003,2,2,1.0,0.0,1.0,0,0,0,0
cifar10,20,2,mixed_maturity,access_full,dirichlet_lcb,diverse_then_repeat_backdoor,0.5,8,1,5,0.1,0.9977777777777778,0.05316370376611341,2,2,1.0,1.0,0.0,0,0,0,0
cifar10,20,2,mixed_maturity,access_full,dirichlet_lcb,diverse_then_repeat_backdoor,0.5,8,2,5,0.2415,0.04611111111111111,0.0531637037661134,2,2,1.0,1.0,0.0,0,0,0,0
cifar10,20,2,mixed_maturity,access_full,dirichlet_lcb,diverse_then_repeat_backdoor,0.5,8,3,5,0.244,0.2922222222222222,0.05316370376611341,2,2,1.0,1.0,0.0,0,0,0,0
cifar10,20,2,mixed_maturity,access_full,dirichlet_lcb,diverse_then_repeat_backdoor,0.5,8,4,5,0.243,0.1322222222222222,0.053163703766113415,2,2,1.0,1.0,0.0,0,0,0,0
cifar10,20,2,mixed_maturity,access_full,dirichlet_lcb,diverse_then_repeat_backdoor,0.5,8,5,5,0.2585,0.09222222222222222,0.10095999999999998,2,2,1.0,0.0,1.0,0,0,0,0
cifar10,20,2,mixed_maturity,access_full,dirichlet_lcb,diverse_then_repeat_backdoor,0.5,8,6,5,0.267,0.27944444444444444,0.10096000000000001,2,2,1.0,0.0,1.0,0,0,0,0
cifar10,20,2,mixed_maturity,access_full,dirichlet_lcb,diverse_then_repeat_backdoor,0.5,8,7,5,0.239,0.5166666666666667,0.10095999999999998,2,2,1.0,0.0,1.0,0,0,0,0
cifar10,20,2,mixed_maturity,access_full,dirichlet_lcb,diverse_then_repeat_backdoor,0.5,8,8,5,0.25,0.28444444444444444,0.10096000000000001,2,2,1.0,0.0,1.0,0,0,0,0
cifar10,20,2,mixed_maturity,access_full,dirichlet_lcb,diverse_then_repeat_backdoor,0.5,8,9,5,0.3275,0.24944444444444444,0.10096000000000001,2,2,1.0,0.0,1.0,0,0,0,0
cifar10,20,2,mixed_maturity,access_full,dirichlet_lcb,diverse_then_repeat_backdoor,0.5,8,10,5,0.2725,0.30333333333333334,0.10096000000000001,2,2,1.0,0.0,1.0,0,0,0,0
cifar10,20,2,mixed_maturity,access_full,dirichlet_lcb,diverse_then_repeat_backdoor,0.5,8,11,5,0.298,0.011111111111111112,0.10096000000000002,2,2,1.0,0.0,1.0,0,0,0,0
cifar10,20,2,mixed_maturity,access_full,dirichlet_lcb,diverse_then_repeat_backdoor,0.5,8,12,5,0.2845,0.052222222222222225,0.10096000000000001,2,2,1.0,0.0,1.0,0,0,0,0
cifar10,20,2,mixed_maturity,access_full,dirichlet_lcb,diverse_then_repeat_backdoor,0.5,8,13,5,0.3065,0.10111111111111111,0.10096000000000001,2,2,1.0,0.0,1.0,0,0,0,0
cifar10,20,2,mixed_maturity,access_full,dirichlet_lcb,diverse_then_repeat_backdoor,0.5,8,14,5,0.2775,0.435,0.10095999999999998,2,2,1.0,0.0,1.0,0,0,0,0
cifar10,20,2,mixed_maturity,access_full,dirichlet_lcb,diverse_then_repeat_backdoor,0.5,8,15,5,0.27,0.1622222222222222,0.10095999999999998,2,2,1.0,0.0,1.0,0,0,0,0
cifar10,20,2,mixed_maturity,access_full,dirichlet_lcb,diverse_then_repeat_backdoor,0.5,8,16,5,0.3055,0.04888888888888889,0.10096000000000001,2,2,1.0,0.0,1.0,0,0,0,0
cifar10,20,2,mixed_maturity,access_full,dirichlet_lcb,diverse_then_repeat_backdoor,0.5,8,17,5,0.3115,0.12833333333333333,0.10095999999999998,2,2,1.0,0.0,1.0,0,0,0,0
cifar10,20,2,mixed_maturity,access_full,dirichlet_lcb,diverse_then_repeat_backdoor,0.5,8,18,5,0.315,0.06944444444444445,0.10096000000000001,2,2,1.0,0.0,1.0,0,0,0,0
cifar10,20,2,mixed_maturity,access_full,dirichlet_lcb,diverse_then_repeat_backdoor,0.5,8,19,5,0.337,0.2722222222222222,0.10096000000000001,2,2,1.0,0.0,1.0,0,0,0,0
cifar10,20,2,mixed_maturity,access_full,dirichlet_lcb,diverse_then_repeat_backdoor,0.5,8,20,5,0.316,0.295,0.10096000000000002,2,2,1.0,0.0,1.0,0,0,0,0
cifar10,20,2,mixed_maturity,access_full,dirichlet_lcb,diverse_then_repeat_backdoor,0.5,8,21,5,0.2985,0.6077777777777778,0.10096000000000001,2,2,1.0,0.0,1.0,0,0,0,0
cifar10,20,2,mixed_maturity,access_full,dirichlet_lcb,diverse_then_repeat_backdoor,0.5,8,22,5,0.32,0.30277777777777776,0.10096000000000001,2,2,1.0,0.0,1.0,0,0,0,0
cifar10,20,2,mixed_maturity,access_full,dirichlet_lcb,diverse_then_repeat_backdoor,0.5,8,23,5,0.315,0.3055555555555556,0.10096000000000001,2,2,1.0,0.0,1.0,0,0,0,0
cifar10,20,2,mixed_maturity,access_full,dirichlet_lcb,diverse_then_repeat_backdoor,0.5,8,24,5,0.298,0.09777777777777778,0.10096000000000001,2,2,1.0,0.0,1.0,0,0,0,0
cifar10,20,2,mixed_maturity,access_full,dirichlet_lcb,diverse_then_repeat_backdoor,0.5,8,25,5,0.3195,0.4311111111111111,0.10096000000000001,2,2,1.0,0.0,1.0,0,0,0,0
cifar10,20,2,mixed_maturity,access_full,dirichlet_lcb,diverse_then_repeat_backdoor,0.5,8,26,5,0.357,0.17777777777777778,0.10096000000000001,2,2,1.0,0.0,1.0,0,0,0,0
cifar10,20,2,mixed_maturity,access_full,dirichlet_lcb,diverse_then_repeat_backdoor,0.5,8,27,5,0.3415,0.4772222222222222,0.10096000000000001,2,2,1.0,0.0,1.0,0,0,0,0
cifar10,20,2,mixed_maturity,access_full,dirichlet_lcb,diverse_then_repeat_backdoor,0.5,8,28,5,0.3265,0.5016666666666667,0.10096000000000001,2,2,1.0,0.0,1.0,0,0,0,0
cifar10,20,2,mixed_maturity,access_full,dirichlet_lcb,diverse_then_repeat_backdoor,0.5,8,29,5,0.3385,0.2361111111111111,0.10095999999999998,2,2,1.0,0.0,1.0,0,0,0,0
cifar10,20,2,mixed_maturity,access_full,dirichlet_lcb,diverse_then_repeat_backdoor,0.5,8,30,5,0.337,0.17277777777777778,0.10096000000000001,2,2,1.0,0.0,1.0,0,0,0,0
cifar10,20,2,mixed_maturity,access_full,dirichlet_lcb,diverse_then_repeat_backdoor,0.5,8,31,5,0.3,0.7094444444444444,0.10096000000000001,2,2,1.0,0.0,1.0,0,0,0,0
cifar10,20,2,mixed_maturity,access_full,dirichlet_lcb,diverse_then_repeat_backdoor,0.5,8,32,5,0.363,0.42777777777777776,0.10096000000000001,2,2,1.0,0.0,1.0,0,0,0,0
cifar10,20,2,mixed_maturity,access_full,dirichlet_lcb,diverse_then_repeat_backdoor,0.5,8,33,5,0.3395,0.4866666666666667,0.10095999999999998,2,2,1.0,0.0,1.0,0,0,0,0
cifar10,20,2,mixed_maturity,access_full,dirichlet_lcb,diverse_then_repeat_backdoor,0.5,8,34,5,0.3505,0.355,0.10096000000000001,2,2,1.0,0.0,1.0,0,0,0,0
cifar10,20,2,mixed_maturity,access_full,dirichlet_lcb,diverse_then_repeat_backdoor,0.5,8,35,5,0.342,0.10777777777777778,0.10096000000000001,2,2,1.0,0.0,1.0,0,0,0,0
cifar10,20,2,mixed_maturity,access_full,dirichlet_lcb,diverse_then_repeat_backdoor,0.5,8,36,5,0.373,0.22722222222222221,0.10096000000000001,2,2,1.0,0.0,1.0,0,0,0,0
cifar10,20,2,mixed_maturity,access_full,dirichlet_lcb,diverse_then_repeat_backdoor,0.5,8,37,5,0.3205,0.3827777777777778,0.10095999999999998,2,2,1.0,0.0,1.0,0,0,0,0
cifar10,20,2,mixed_maturity,access_full,dirichlet_lcb,diverse_then_repeat_backdoor,0.5,8,38,5,0.3515,0.3138888888888889,0.10096000000000001,2,2,1.0,0.0,1.0,0,0,0,0
cifar10,20,2,mixed_maturity,access_full,dirichlet_lcb,diverse_then_repeat_backdoor,0.5,8,39,5,0.3545,0.565,0.10096000000000001,2,2,1.0,0.0,1.0,0,0,0,0
cifar10,20,2,mixed_maturity,access_full,dirichlet_lcb,diverse_then_repeat_backdoor,0.5,8,40,5,0.3175,0.7272222222222222,0.10096000000000001,2,2,1.0,0.0,1.0,0,0,0,0
cifar10,20,2,mixed_maturity,access_full,dirichlet_lcb,diverse_then_repeat_backdoor,0.5,8,41,5,0.3275,0.41444444444444445,0.10095999999999998,2,2,1.0,0.0,1.0,0,0,0,0
cifar10,20,2,mixed_maturity,access_full,dirichlet_lcb,diverse_then_repeat_backdoor,0.5,8,42,5,0.3625,0.44222222222222224,0.10096000000000002,2,2,1.0,0.0,1.0,0,0,0,0
cifar10,20,2,mixed_maturity,access_full,dirichlet_lcb,diverse_then_repeat_backdoor,0.5,8,43,5,0.3045,0.5977777777777777,0.10096000000000001,2,2,1.0,0.0,1.0,0,0,0,0
cifar10,20,2,mixed_maturity,access_full,dirichlet_lcb,diverse_then_repeat_backdoor,0.5,8,44,5,0.3505,0.5588888888888889,0.10095999999999998,2,2,1.0,0.0,1.0,0,0,0,0
cifar10,20,2,mixed_maturity,access_full,dirichlet_lcb,diverse_then_repeat_backdoor,0.5,8,45,5,0.337,0.7116666666666667,0.10096000000000001,2,2,1.0,0.0,1.0,0,0,0,0
cifar10,20,2,mixed_maturity,access_full,dirichlet_lcb,diverse_then_repeat_backdoor,0.5,8,46,5,0.3505,0.43944444444444447,0.10096000000000001,2,2,1.0,0.0,1.0,0,0,0,0
cifar10,20,2,mixed_maturity,access_full,dirichlet_lcb,diverse_then_repeat_backdoor,0.5,8,47,5,0.361,0.31833333333333336,0.10096000000000001,2,2,1.0,0.0,1.0,0,0,0,0
cifar10,20,2,mixed_maturity,access_full,dirichlet_lcb,diverse_then_repeat_backdoor,0.5,8,48,5,0.3265,0.515,0.10096000000000001,2,2,1.0,0.0,1.0,0,0,0,0
cifar10,20,2,mixed_maturity,access_full,dirichlet_lcb,diverse_then_repeat_backdoor,0.5,8,49,5,0.334,0.14444444444444443,0.10096000000000001,2,2,1.0,0.0,1.0,0,0,0,0
cifar10,20,2,mixed_maturity,access_full,dirichlet_lcb,diverse_then_repeat_backdoor,0.5,8,50,5,0.3325,0.69,0.10095999999999998,2,2,1.0,0.0,1.0,0,0,0,0
cifar10,20,2,mixed_maturity,access_full,dirichlet_lcb,diverse_then_repeat_backdoor,0.5,9,1,5,0.118,0.0,0.03149143346364509,2,2,1.0,1.0,0.0,0,0,0,0
cifar10,20,2,mixed_maturity,access_full,dirichlet_lcb,diverse_then_repeat_backdoor,0.5,9,2,5,0.229,0.23944444444444443,0.03149143346364509,2,2,1.0,1.0,0.0,0,0,0,0
cifar10,20,2,mixed_maturity,access_full,dirichlet_lcb,diverse_then_repeat_backdoor,0.5,9,3,5,0.228,0.04388888888888889,0.03149143346364508,2,2,1.0,1.0,0.0,0,0,0,0
cifar10,20,2,mixed_maturity,access_full,dirichlet_lcb,diverse_then_repeat_backdoor,0.5,9,4,5,0.2595,0.20555555555555555,0.03149143346364509,2,2,1.0,1.0,0.0,0,0,0,0
cifar10,20,2,mixed_maturity,access_full,dirichlet_lcb,diverse_then_repeat_backdoor,0.5,9,5,5,0.2815,0.17,0.06105999999999999,2,2,1.0,0.0,1.0,0,0,0,0
cifar10,20,2,mixed_maturity,access_full,dirichlet_lcb,diverse_then_repeat_backdoor,0.5,9,6,5,0.2865,0.0011111111111111111,0.06106,2,2,1.0,0.0,1.0,0,0,0,0
cifar10,20,2,mixed_maturity,access_full,dirichlet_lcb,diverse_then_repeat_backdoor,0.5,9,7,5,0.284,0.10333333333333333,0.06105999999999999,2,2,1.0,0.0,1.0,0,0,0,0
cifar10,20,2,mixed_maturity,access_full,dirichlet_lcb,diverse_then_repeat_backdoor,0.5,9,8,5,0.2885,0.115,0.06105999999999999,2,2,1.0,0.0,1.0,0,0,0,0
cifar10,20,2,mixed_maturity,access_full,dirichlet_lcb,diverse_then_repeat_backdoor,0.5,9,9,5,0.2895,0.16055555555555556,0.06106,2,2,1.0,0.0,1.0,0,0,0,0
cifar10,20,2,mixed_maturity,access_full,dirichlet_lcb,diverse_then_repeat_backdoor,0.5,9,10,5,0.295,0.185,0.06105999999999999,2,2,1.0,0.0,1.0,0,0,0,0
cifar10,20,2,mixed_maturity,access_full,dirichlet_lcb,diverse_then_repeat_backdoor,0.5,9,11,5,0.2935,0.09722222222222222,0.06106,2,2,1.0,0.0,1.0,0,0,0,0
cifar10,20,2,mixed_maturity,access_full,dirichlet_lcb,diverse_then_repeat_backdoor,0.5,9,12,5,0.2835,0.4638888888888889,0.06106,2,2,1.0,0.0,1.0,0,0,0,0
cifar10,20,2,mixed_maturity,access_full,dirichlet_lcb,diverse_then_repeat_backdoor,0.5,9,13,5,0.327,0.026111111111111113,0.06105999999999999,2,2,1.0,0.0,1.0,0,0,0,0
cifar10,20,2,mixed_maturity,access_full,dirichlet_lcb,diverse_then_repeat_backdoor,0.5,9,14,5,0.345,0.10888888888888888,0.06105999999999999,2,2,1.0,0.0,1.0,0,0,0,0
cifar10,20,2,mixed_maturity,access_full,dirichlet_lcb,diverse_then_repeat_backdoor,0.5,9,15,5,0.3165,0.16277777777777777,0.06106,2,2,1.0,0.0,1.0,0,0,0,0
cifar10,20,2,mixed_maturity,access_full,dirichlet_lcb,diverse_then_repeat_backdoor,0.5,9,16,5,0.3435,0.065,0.06106,2,2,1.0,0.0,1.0,0,0,0,0
cifar10,20,2,mixed_maturity,access_full,dirichlet_lcb,diverse_then_repeat_backdoor,0.5,9,17,5,0.322,0.11833333333333333,0.06106,2,2,1.0,0.0,1.0,0,0,0,0
cifar10,20,2,mixed_maturity,access_full,dirichlet_lcb,diverse_then_repeat_backdoor,0.5,9,18,5,0.308,0.085,0.06106,2,2,1.0,0.0,1.0,0,0,0,0
cifar10,20,2,mixed_maturity,access_full,dirichlet_lcb,diverse_then_repeat_backdoor,0.5,9,19,5,0.3095,0.08055555555555556,0.06106,2,2,1.0,0.0,1.0,0,0,0,0
cifar10,20,2,mixed_maturity,access_full,dirichlet_lcb,diverse_then_repeat_backdoor,0.5,9,20,5,0.324,0.11722222222222223,0.06106000000000002,2,2,1.0,0.0,1.0,0,0,0,0
cifar10,20,2,mixed_maturity,access_full,dirichlet_lcb,diverse_then_repeat_backdoor,0.5,9,21,5,0.322,0.4,0.06106,2,2,1.0,0.0,1.0,0,0,0,0
cifar10,20,2,mixed_maturity,access_full,dirichlet_lcb,diverse_then_repeat_backdoor,0.5,9,22,5,0.3335,0.024444444444444446,0.06106,2,2,1.0,0.0,1.0,0,0,0,0
cifar10,20,2,mixed_maturity,access_full,dirichlet_lcb,diverse_then_repeat_backdoor,0.5,9,23,5,0.295,0.1461111111111111,0.06105999999999999,2,2,1.0,0.0,1.0,0,0,0,0
cifar10,20,2,mixed_maturity,access_full,dirichlet_lcb,diverse_then_repeat_backdoor,0.5,9,24,5,0.3235,0.17166666666666666,0.06106,2,2,1.0,0.0,1.0,0,0,0,0
cifar10,20,2,mixed_maturity,access_full,dirichlet_lcb,diverse_then_repeat_backdoor,0.5,9,25,5,0.341,0.17222222222222222,0.06105999999999999,2,2,1.0,0.0,1.0,0,0,0,0
cifar10,20,2,mixed_maturity,access_full,dirichlet_lcb,diverse_then_repeat_backdoor,0.5,9,26,5,0.343,0.08944444444444444,0.06106,2,2,1.0,0.0,1.0,0,0,0,0
cifar10,20,2,mixed_maturity,access_full,dirichlet_lcb,diverse_then_repeat_backdoor,0.5,9,27,5,0.317,0.2127777777777778,0.06106,2,2,1.0,0.0,1.0,0,0,0,0
cifar10,20,2,mixed_maturity,access_full,dirichlet_lcb,diverse_then_repeat_backdoor,0.5,9,28,5,0.348,0.22944444444444445,0.06106,2,2,1.0,0.0,1.0,0,0,0,0
cifar10,20,2,mixed_maturity,access_full,dirichlet_lcb,diverse_then_repeat_backdoor,0.5,9,29,5,0.3435,0.16166666666666665,0.06105999999999999,2,2,1.0,0.0,1.0,0,0,0,0
cifar10,20,2,mixed_maturity,access_full,dirichlet_lcb,diverse_then_repeat_backdoor,0.5,9,30,5,0.3535,0.11722222222222223,0.06105999999999999,2,2,1.0,0.0,1.0,0,0,0,0
cifar10,20,2,mixed_maturity,access_full,dirichlet_lcb,diverse_then_repeat_backdoor,0.5,9,31,5,0.345,0.11055555555555556,0.06106,2,2,1.0,0.0,1.0,0,0,0,0
cifar10,20,2,mixed_maturity,access_full,dirichlet_lcb,diverse_then_repeat_backdoor,0.5,9,32,5,0.316,0.4761111111111111,0.06106,2,2,1.0,0.0,1.0,0,0,0,0
cifar10,20,2,mixed_maturity,access_full,dirichlet_lcb,diverse_then_repeat_backdoor,0.5,9,33,5,0.2985,0.06722222222222222,0.06106,2,2,1.0,0.0,1.0,0,0,0,0
cifar10,20,2,mixed_maturity,access_full,dirichlet_lcb,diverse_then_repeat_backdoor,0.5,9,34,5,0.3665,0.11888888888888889,0.06106,2,2,1.0,0.0,1.0,0,0,0,0
cifar10,20,2,mixed_maturity,access_full,dirichlet_lcb,diverse_then_repeat_backdoor,0.5,9,35,5,0.3535,0.10555555555555556,0.06106,2,2,1.0,0.0,1.0,0,0,0,0
cifar10,20,2,mixed_maturity,access_full,dirichlet_lcb,diverse_then_repeat_backdoor,0.5,9,36,5,0.3405,0.255,0.06106,2,2,1.0,0.0,1.0,0,0,0,0
cifar10,20,2,mixed_maturity,access_full,dirichlet_lcb,diverse_then_repeat_backdoor,0.5,9,37,5,0.3365,0.025,0.06106,2,2,1.0,0.0,1.0,0,0,0,0
cifar10,20,2,mixed_maturity,access_full,dirichlet_lcb,diverse_then_repeat_backdoor,0.5,9,38,5,0.317,0.3661111111111111,0.06106,2,2,1.0,0.0,1.0,0,0,0,0
cifar10,20,2,mixed_maturity,access_full,dirichlet_lcb,diverse_then_repeat_backdoor,0.5,9,39,5,0.3295,0.4122222222222222,0.06106,2,2,1.0,0.0,1.0,0,0,0,0
cifar10,20,2,mixed_maturity,access_full,dirichlet_lcb,diverse_then_repeat_backdoor,0.5,9,40,5,0.331,0.06777777777777778,0.06106,2,2,1.0,0.0,1.0,0,0,0,0
cifar10,20,2,mixed_maturity,access_full,dirichlet_lcb,diverse_then_repeat_backdoor,0.5,9,41,5,0.346,0.25333333333333335,0.06106,2,2,1.0,0.0,1.0,0,0,0,0
cifar10,20,2,mixed_maturity,access_full,dirichlet_lcb,diverse_then_repeat_backdoor,0.5,9,42,5,0.359,0.14277777777777778,0.06106,2,2,1.0,0.0,1.0,0,0,0,0
cifar10,20,2,mixed_maturity,access_full,dirichlet_lcb,diverse_then_repeat_backdoor,0.5,9,43,5,0.354,0.2872222222222222,0.06106,2,2,1.0,0.0,1.0,0,0,0,0
cifar10,20,2,mixed_maturity,access_full,dirichlet_lcb,diverse_then_repeat_backdoor,0.5,9,44,5,0.339,0.28,0.06106,2,2,1.0,0.0,1.0,0,0,0,0
cifar10,20,2,mixed_maturity,access_full,dirichlet_lcb,diverse_then_repeat_backdoor,0.5,9,45,5,0.342,0.05555555555555555,0.06106,2,2,1.0,0.0,1.0,0,0,0,0
cifar10,20,2,mixed_maturity,access_full,dirichlet_lcb,diverse_then_repeat_backdoor,0.5,9,46,5,0.344,0.19666666666666666,0.06105999999999999,2,2,1.0,0.0,1.0,0,0,0,0
cifar10,20,2,mixed_maturity,access_full,dirichlet_lcb,diverse_then_repeat_backdoor,0.5,9,47,5,0.3435,0.30944444444444447,0.06106,2,2,1.0,0.0,1.0,0,0,0,0
cifar10,20,2,mixed_maturity,access_full,dirichlet_lcb,diverse_then_repeat_backdoor,0.5,9,48,5,0.336,0.29055555555555557,0.06105999999999999,2,2,1.0,0.0,1.0,0,0,0,0
cifar10,20,2,mixed_maturity,access_full,dirichlet_lcb,diverse_then_repeat_backdoor,0.5,9,49,5,0.341,0.3461111111111111,0.06106,2,2,1.0,0.0,1.0,0,0,0,0
cifar10,20,2,mixed_maturity,access_full,dirichlet_lcb,diverse_then_repeat_backdoor,0.5,9,50,5,0.3505,0.05722222222222222,0.06105999999999999,2,2,1.0,0.0,1.0,0,0,0,0
cifar10,20,2,mixed_maturity,rffl_reputation,dirichlet_lcb,benign_concept_drift,0.5,0,1,5,0.1895,0.0,0.09999999999999998,2,2,1.0,0.0,1.0,0,0,0,0
cifar10,20,2,mixed_maturity,rffl_reputation,dirichlet_lcb,benign_concept_drift,0.5,0,2,5,0.2015,0.0005555555555555556,0.09878521197570425,2,2,1.0,0.0,1.0,0,0,0,0
cifar10,20,2,mixed_maturity,rffl_reputation,dirichlet_lcb,benign_concept_drift,0.5,0,3,5,0.2635,0.026111111111111113,0.10227003204540064,2,2,1.0,0.0,1.0,0,0,0,0
cifar10,20,2,mixed_maturity,rffl_reputation,dirichlet_lcb,benign_concept_drift,0.5,0,4,5,0.258,0.05,0.10587296788254066,2,2,1.0,0.0,1.0,0,0,0,0
cifar10,20,2,mixed_maturity,rffl_reputation,dirichlet_lcb,benign_concept_drift,0.5,0,5,5,0.276,0.15888888888888889,0.10752099107520993,2,2,1.0,0.0,1.0,0,0,0,0
cifar10,20,2,mixed_maturity,rffl_reputation,dirichlet_lcb,benign_concept_drift,0.5,0,6,5,0.277,0.042222222222222223,0.11245258887547409,2,2,1.0,0.0,1.0,0,0,0,0
cifar10,20,2,mixed_maturity,rffl_reputation,dirichlet_lcb,benign_concept_drift,0.5,0,7,5,0.295,0.03888888888888889,0.11825574000000001,2,2,1.0,0.0,1.0,0,0,0,0
cifar10,20,2,mixed_maturity,rffl_reputation,dirichlet_lcb,benign_concept_drift,0.5,0,8,5,0.298,0.0811111111111111,0.12190939,2,2,1.0,0.0,1.0,0,0,0,0
cifar10,20,2,mixed_maturity,rffl_reputation,dirichlet_lcb,benign_concept_drift,0.5,0,9,5,0.3165,0.029444444444444443,0.1220784612207846,2,2,1.0,0.0,1.0,0,0,0,0
cifar10,20,2,mixed_maturity,rffl_reputation,dirichlet_lcb,benign_concept_drift,0.5,0,10,5,0.2855,0.06555555555555556,0.12273214245464285,2,2,1.0,0.0,1.0,0,0,0,0
cifar10,20,2,mixed_maturity,rffl_reputation,dirichlet_lcb,benign_concept_drift,0.5,0,11,5,0.32,0.06833333333333333,0.12282310999999999,2,2,1.0,0.0,1.0,0,0,0,0
cifar10,20,2,mixed_maturity,rffl_reputation,dirichlet_lcb,benign_concept_drift,0.5,0,12,5,0.3185,0.008888888888888889,0.12942412258848246,2,2,1.0,0.0,1.0,0,0,0,0
cifar10,20,2,mixed_maturity,rffl_reputation,dirichlet_lcb,benign_concept_drift,0.5,0,13,5,0.326,0.06333333333333334,0.14267948714641024,2,2,1.0,0.0,1.0,0,0,0,0
cifar10,20,2,mixed_maturity,rffl_reputation,dirichlet_lcb,benign_concept_drift,0.5,0,14,5,0.2995,0.052222222222222225,0.14445916711081663,2,2,1.0,0.0,1.0,0,0,0,0
cifar10,20,2,mixed_maturity,rffl_reputation,dirichlet_lcb,benign_concept_drift,0.5,0,15,5,0.304,0.024444444444444446,0.15382381307647627,2,2,1.0,0.0,1.0,0,0,0,0
cifar10,20,2,mixed_maturity,rffl_reputation,dirichlet_lcb,benign_concept_drift,0.5,0,16,5,0.319,0.07777777777777778,0.16083154,2,2,1.0,0.0,1.0,0,0,0,0
cifar10,20,2,mixed_maturity,rffl_reputation,dirichlet_lcb,benign_concept_drift,0.5,0,17,5,0.3565,0.0661111111111111,0.14857476851425236,2,2,1.0,0.0,1.0,0,0,0,0
cifar10,20,2,mixed_maturity,rffl_reputation,dirichlet_lcb,benign_concept_drift,0.5,0,18,5,0.335,0.09888888888888889,0.14529233290584667,2,2,1.0,0.0,1.0,0,0,0,0
cifar10,20,2,mixed_maturity,rffl_reputation,dirichlet_lcb,benign_concept_drift,0.5,0,19,5,0.318,0.23333333333333334,0.16217685162176848,2,2,1.0,0.0,1.0,0,0,0,0
cifar10,20,2,mixed_maturity,rffl_reputation,dirichlet_lcb,benign_concept_drift,0.5,0,20,5,0.353,0.012777777777777779,0.16116326000000003,2,2,1.0,0.0,1.0,0,0,0,0
cifar10,20,2,mixed_maturity,rffl_reputation,dirichlet_lcb,benign_concept_drift,0.5,0,21,5,0.3125,0.06,0.15210380543688584,2,2,1.0,0.0,1.0,0,0,0,0
cifar10,20,2,mixed_maturity,rffl_reputation,dirichlet_lcb,benign_concept_drift,0.5,0,22,5,0.338,0.008333333333333333,0.15770433000000003,2,2,1.0,0.0,1.0,0,0,0,0
cifar10,20,2,mixed_maturity,rffl_reputation,dirichlet_lcb,benign_concept_drift,0.5,0,23,5,0.335,0.058333333333333334,0.1587598415875984,2,2,1.0,0.0,1.0,0,0,0,0
cifar10,20,2,mixed_maturity,rffl_reputation,dirichlet_lcb,benign_concept_drift,0.5,0,24,5,0.335,0.06111111111111111,0.14775992295519844,2,2,1.0,0.0,1.0,0,0,0,0
cifar10,20,2,mixed_maturity,rffl_reputation,dirichlet_lcb,benign_concept_drift,0.5,0,25,5,0.2985,0.08666666666666667,0.1494702214947022,2,2,1.0,0.0,1.0,0,0,0,0
cifar10,20,2,mixed_maturity,rffl_reputation,dirichlet_lcb,benign_concept_drift,0.5,0,26,5,0.3315,0.09444444444444444,0.16131578161315785,2,2,1.0,0.0,1.0,0,0,0,0
cifar10,20,2,mixed_maturity,rffl_reputation,dirichlet_lcb,benign_concept_drift,0.5,0,27,5,0.3375,0.0011111111111111111,0.154872401548724,2,2,1.0,0.0,1.0,0,0,0,0
cifar10,20,2,mixed_maturity,rffl_reputation,dirichlet_lcb,benign_concept_drift,0.5,0,28,5,0.3195,0.03,0.15636608156366083,2,2,1.0,0.0,1.0,0,0,0,0
cifar10,20,2,mixed_maturity,rffl_reputation,dirichlet_lcb,benign_concept_drift,0.5,0,29,5,0.3315,0.08,0.14954690850453087,2,2,1.0,0.0,1.0,0,0,0,0
cifar10,20,2,mixed_maturity,rffl_reputation,dirichlet_lcb,benign_concept_drift,0.5,0,30,5,0.334,0.030555555555555555,0.14615646292312928,2,2,1.0,0.0,1.0,0,0,0,0
cifar10,20,2,mixed_maturity,rffl_reputation,dirichlet_lcb,benign_concept_drift,0.5,0,31,5,0.3295,0.0005555555555555556,0.15457565,2,2,1.0,0.0,1.0,0,0,0,0
cifar10,20,2,mixed_maturity,rffl_reputation,dirichlet_lcb,benign_concept_drift,0.5,0,32,5,0.317,0.10388888888888889,0.15775251000000004,2,2,1.0,0.0,1.0,0,0,0,0
cifar10,20,2,mixed_maturity,rffl_reputation,dirichlet_lcb,benign_concept_drift,0.5,0,33,5,0.3125,0.012777777777777779,0.14494403144944032,2,2,1.0,0.0,1.0,0,0,0,0
cifar10,20,2,mixed_maturity,rffl_reputation,dirichlet_lcb,benign_concept_drift,0.5,0,34,5,0.3295,0.009444444444444445,0.15268822305376442,2,2,1.0,0.0,1.0,0,0,0,0
cifar10,20,2,mixed_maturity,rffl_reputation,dirichlet_lcb,benign_concept_drift,0.5,0,35,5,0.3625,0.06833333333333333,0.15284136694317266,2,2,1.0,0.0,1.0,0,0,0,0
cifar10,20,2,mixed_maturity,rffl_reputation,dirichlet_lcb,benign_concept_drift,0.5,0,36,5,0.331,0.002777777777777778,0.15578372311567448,2,2,1.0,0.0,1.0,0,0,0,0
cifar10,20,2,mixed_maturity,rffl_reputation,dirichlet_lcb,benign_concept_drift,0.5,0,37,5,0.349,0.0044444444444444444,0.15944994681100105,2,2,1.0,0.0,1.0,0,0,0,0
cifar10,20,2,mixed_maturity,rffl_reputation,dirichlet_lcb,benign_concept_drift,0.5,0,38,5,0.324,0.03166666666666667,0.15593794,2,2,1.0,0.0,1.0,0,0,0,0
cifar10,20,2,mixed_maturity,rffl_reputation,dirichlet_lcb,benign_concept_drift,0.5,0,39,5,0.3545,0.11166666666666666,0.15477264154772644,2,2,1.0,0.0,1.0,0,0,0,0
cifar10,20,2,mixed_maturity,rffl_reputation,dirichlet_lcb,benign_concept_drift,0.5,0,40,5,0.3405,0.1638888888888889,0.15482843154828432,2,2,1.0,0.0,1.0,0,0,0,0
cifar10,20,2,mixed_maturity,rffl_reputation,dirichlet_lcb,benign_concept_drift,0.5,0,41,5,0.343,0.08944444444444444,0.16387582163875822,2,2,1.0,0.0,1.0,0,0,0,0
cifar10,20,2,mixed_maturity,rffl_reputation,dirichlet_lcb,benign_concept_drift,0.5,0,42,5,0.351,0.018333333333333333,0.17352018000000002,2,2,1.0,0.0,1.0,0,0,0,0
cifar10,20,2,mixed_maturity,rffl_reputation,dirichlet_lcb,benign_concept_drift,0.5,0,43,5,0.3425,0.029444444444444443,0.16939326,2,2,1.0,0.0,1.0,0,0,0,0
cifar10,20,2,mixed_maturity,rffl_reputation,dirichlet_lcb,benign_concept_drift,0.5,0,44,5,0.316,0.010555555555555556,0.17585683175856834,2,2,1.0,0.0,1.0,0,0,0,0
cifar10,20,2,mixed_maturity,rffl_reputation,dirichlet_lcb,benign_concept_drift,0.5,0,45,5,0.343,0.0022222222222222222,0.17805687,2,2,1.0,0.0,1.0,0,0,0,0
cifar10,20,2,mixed_maturity,rffl_reputation,dirichlet_lcb,benign_concept_drift,0.5,0,46,5,0.3075,0.005,0.16841835000000002,2,2,1.0,0.0,1.0,0,0,0,0
cifar10,20,2,mixed_maturity,rffl_reputation,dirichlet_lcb,benign_concept_drift,0.5,0,47,5,0.3135,0.01888888888888889,0.18006911639861764,2,2,1.0,0.0,1.0,0,0,0,0
cifar10,20,2,mixed_maturity,rffl_reputation,dirichlet_lcb,benign_concept_drift,0.5,0,48,5,0.337,0.023333333333333334,0.16795774664084503,2,2,1.0,0.0,1.0,0,0,0,0
cifar10,20,2,mixed_maturity,rffl_reputation,dirichlet_lcb,benign_concept_drift,0.5,0,49,5,0.351,0.08277777777777778,0.16977131830228684,2,2,1.0,0.0,1.0,0,0,0,0
cifar10,20,2,mixed_maturity,rffl_reputation,dirichlet_lcb,benign_concept_drift,0.5,0,50,5,0.319,0.0005555555555555556,0.1657605966847881,2,2,1.0,0.0,1.0,0,0,0,0
cifar10,20,2,mixed_maturity,rffl_reputation,dirichlet_lcb,benign_concept_drift,0.5,1,1,5,0.223,0.21722222222222223,0.09999999999999998,2,2,1.0,0.0,1.0,0,0,0,0
cifar10,20,2,mixed_maturity,rffl_reputation,dirichlet_lcb,benign_concept_drift,0.5,1,2,5,0.1735,0.0011111111111111111,0.10005129000000003,2,2,1.0,0.0,1.0,0,0,0,0
cifar10,20,2,mixed_maturity,rffl_reputation,dirichlet_lcb,benign_concept_drift,0.5,1,3,5,0.1955,0.43555555555555553,0.10048658,2,2,1.0,0.0,1.0,0,0,0,0
cifar10,20,2,mixed_maturity,rffl_reputation,dirichlet_lcb,benign_concept_drift,0.5,1,4,5,0.2725,0.06888888888888889,0.09532185095321852,2,2,1.0,0.0,1.0,0,0,0,0
cifar10,20,2,mixed_maturity,rffl_reputation,dirichlet_lcb,benign_concept_drift,0.5,1,5,5,0.2595,0.028333333333333332,0.10165848999999996,2,2,1.0,0.0,1.0,0,0,0,0
cifar10,20,2,mixed_maturity,rffl_reputation,dirichlet_lcb,benign_concept_drift,0.5,1,6,5,0.2815,0.05388888888888889,0.10337319103373192,2,2,1.0,0.0,1.0,0,0,0,0
cifar10,20,2,mixed_maturity,rffl_reputation,dirichlet_lcb,benign_concept_drift,0.5,1,7,5,0.262,0.0005555555555555556,0.11271758774564825,2,2,1.0,0.0,1.0,0,0,0,0
cifar10,20,2,mixed_maturity,rffl_reputation,dirichlet_lcb,benign_concept_drift,0.5,1,8,5,0.276,0.0038888888888888888,0.10618901212378025,2,2,1.0,0.0,1.0,0,0,0,0
cifar10,20,2,mixed_maturity,rffl_reputation,dirichlet_lcb,benign_concept_drift,0.5,1,9,5,0.308,0.08722222222222223,0.10362672,2,2,1.0,0.0,1.0,0,0,0,0
cifar10,20,2,mixed_maturity,rffl_reputation,dirichlet_lcb,benign_concept_drift,0.5,1,10,5,0.276,0.09722222222222222,0.09243133,2,2,1.0,0.0,1.0,0,0,0,0
cifar10,20,2,mixed_maturity,rffl_reputation,dirichlet_lcb,benign_concept_drift,0.5,1,11,5,0.2625,0.08,0.08808143088081431,2,2,1.0,0.0,1.0,0,0,0,0
cifar10,20,2,mixed_maturity,rffl_reputation,dirichlet_lcb,benign_concept_drift,0.5,1,12,5,0.3135,0.0811111111111111,0.09052427090524269,2,2,1.0,0.0,1.0,0,0,0,0
cifar10,20,2,mixed_maturity,rffl_reputation,dirichlet_lcb,benign_concept_drift,0.5,1,13,5,0.2885,0.019444444444444445,0.09758031,2,2,1.0,0.0,1.0,0,0,0,0
cifar10,20,2,mixed_maturity,rffl_reputation,dirichlet_lcb,benign_concept_drift,0.5,1,14,5,0.329,0.06111111111111111,0.09083869090838691,2,2,1.0,0.0,1.0,0,0,0,0
cifar10,20,2,mixed_maturity,rffl_reputation,dirichlet_lcb,benign_concept_drift,0.5,1,15,5,0.3075,0.056666666666666664,0.0882596773522097,2,2,1.0,0.0,1.0,0,0,0,0
cifar10,20,2,mixed_maturity,rffl_reputation,dirichlet_lcb,benign_concept_drift,0.5,1,16,5,0.2895,0.009444444444444445,0.08810487000000002,2,2,1.0,0.0,1.0,0,0,0,0
cifar10,20,2,mixed_maturity,rffl_reputation,dirichlet_lcb,benign_concept_drift,0.5,1,17,5,0.3,0.15833333333333333,0.0884258426527753,2,2,1.0,0.0,1.0,0,0,0,0
cifar10,20,2,mixed_maturity,rffl_reputation,dirichlet_lcb,benign_concept_drift,0.5,1,18,5,0.318,0.0038888888888888888,0.07419095222572858,2,2,1.0,0.0,1.0,0,0,0,0
cifar10,20,2,mixed_maturity,rffl_reputation,dirichlet_lcb,benign_concept_drift,0.5,1,19,5,0.3045,0.03388888888888889,0.0747324907473249,2,2,1.0,0.0,1.0,0,0,0,0
cifar10,20,2,mixed_maturity,rffl_reputation,dirichlet_lcb,benign_concept_drift,0.5,1,20,5,0.333,0.1661111111111111,0.06275585937244141,2,2,1.0,0.0,1.0,0,0,0,0
cifar10,20,2,mixed_maturity,rffl_reputation,dirichlet_lcb,benign_concept_drift,0.5,1,21,5,0.3035,0.058888888888888886,0.06622091801337247,2,2,1.0,0.0,1.0,0,0,0,0
cifar10,20,2,mixed_maturity,rffl_reputation,dirichlet_lcb,benign_concept_drift,0.5,1,22,5,0.3035,0.011111111111111112,0.06517988130359763,2,2,1.0,0.0,1.0,0,0,0,0
cifar10,20,2,mixed_maturity,rffl_reputation,dirichlet_lcb,benign_concept_drift,0.5,1,23,5,0.303,0.0016666666666666668,0.07891983000000002,2,2,1.0,0.0,1.0,0,0,0,0
cifar10,20,2,mixed_maturity,rffl_reputation,dirichlet_lcb,benign_concept_drift,0.5,1,24,5,0.297,0.145,0.08412749915872501,2,2,1.0,0.0,1.0,0,0,0,0
cifar10,20,2,mixed_maturity,rffl_reputation,dirichlet_lcb,benign_concept_drift,0.5,1,25,5,0.346,0.049444444444444444,0.07592146,2,2,1.0,0.0,1.0,0,0,0,0
cifar10,20,2,mixed_maturity,rffl_reputation,dirichlet_lcb,benign_concept_drift,0.5,1,26,5,0.3405,0.008888888888888889,0.07895543921044561,2,2,1.0,0.0,1.0,0,0,0,0
cifar10,20,2,mixed_maturity,rffl_reputation,dirichlet_lcb,benign_concept_drift,0.5,1,27,5,0.3425,0.03111111111111111,0.08506207914937923,2,2,1.0,0.0,1.0,0,0,0,0
cifar10,20,2,mixed_maturity,rffl_reputation,dirichlet_lcb,benign_concept_drift,0.5,1,28,5,0.34,0.023333333333333334,0.0970430490295695,2,2,1.0,0.0,1.0,0,0,0,0
cifar10,20,2,mixed_maturity,rffl_reputation,dirichlet_lcb,benign_concept_drift,0.5,1,29,5,0.3205,0.07611111111111112,0.10339779103397788,2,2,1.0,0.0,1.0,0,0,0,0
cifar10,20,2,mixed_maturity,rffl_reputation,dirichlet_lcb,benign_concept_drift,0.5,1,30,5,0.3425,0.049444444444444444,0.1080312110803121,2,2,1.0,0.0,1.0,0,0,0,0
cifar10,20,2,mixed_maturity,rffl_reputation,dirichlet_lcb,benign_concept_drift,0.5,1,31,5,0.3225,0.18333333333333332,0.12198940878010592,2,2,1.0,0.0,1.0,0,0,0,0
cifar10,20,2,mixed_maturity,rffl_reputation,dirichlet_lcb,benign_concept_drift,0.5,1,32,5,0.3245,0.0005555555555555556,0.12188758,2,2,1.0,0.0,1.0,0,0,0,0
cifar10,20,2,mixed_maturity,rffl_reputation,dirichlet_lcb,benign_concept_drift,0.5,1,33,5,0.3255,0.0077777777777777776,0.13422521865774778,2,2,1.0,0.0,1.0,0,0,0,0
cifar10,20,2,mixed_maturity,rffl_reputation,dirichlet_lcb,benign_concept_drift,0.5,1,34,5,0.2985,0.016666666666666666,0.1216392887836071,2,2,1.0,0.0,1.0,0,0,0,0
cifar10,20,2,mixed_maturity,rffl_reputation,dirichlet_lcb,benign_concept_drift,0.5,1,35,5,0.3525,0.10944444444444444,0.14082341859176584,2,2,1.0,0.0,1.0,0,0,0,0
cifar10,20,2,mixed_maturity,rffl_reputation,dirichlet_lcb,benign_concept_drift,0.5,1,36,5,0.3235,0.07111111111111111,0.12440017,2,2,1.0,0.0,1.0,0,0,0,0
cifar10,20,2,mixed_maturity,rffl_reputation,dirichlet_lcb,benign_concept_drift,0.5,1,37,5,0.3135,0.023333333333333334,0.12053669000000003,2,2,1.0,0.0,1.0,0,0,0,0
cifar10,20,2,mixed_maturity,rffl_reputation,dirichlet_lcb,benign_concept_drift,0.5,1,38,5,0.341,0.035,0.11942665761146685,2,2,1.0,0.0,1.0,0,0,0,0
cifar10,20,2,mixed_maturity,rffl_reputation,dirichlet_lcb,benign_concept_drift,0.5,1,39,5,0.3545,0.08166666666666667,0.11847795236955902,2,2,1.0,0.0,1.0,0,0,0,0
cifar10,20,2,mixed_maturity,rffl_reputation,dirichlet_lcb,benign_concept_drift,0.5,1,40,5,0.343,0.17333333333333334,0.11912724238254484,2,2,1.0,0.0,1.0,0,0,0,0
cifar10,20,2,mixed_maturity,rffl_reputation,dirichlet_lcb,benign_concept_drift,0.5,1,41,5,0.304,0.016666666666666666,0.11449189,2,2,1.0,0.0,1.0,0,0,0,0
cifar10,20,2,mixed_maturity,rffl_reputation,dirichlet_lcb,benign_concept_drift,0.5,1,42,5,0.298,0.0016666666666666668,0.11173224888267752,2,2,1.0,0.0,1.0,0,0,0,0
cifar10,20,2,mixed_maturity,rffl_reputation,dirichlet_lcb,benign_concept_drift,0.5,1,43,5,0.327,0.028888888888888888,0.108194401081944,2,2,1.0,0.0,1.0,0,0,0,0
cifar10,20,2,mixed_maturity,rffl_reputation,dirichlet_lcb,benign_concept_drift,0.5,1,44,5,0.3445,0.06833333333333333,0.13477683000000004,2,2,1.0,0.0,1.0,0,0,0,0
cifar10,20,2,mixed_maturity,rffl_reputation,dirichlet_lcb,benign_concept_drift,0.5,1,45,5,0.3535,0.07111111111111111,0.13797991275959826,2,2,1.0,0.0,1.0,0,0,0,0
cifar10,20,2,mixed_maturity,rffl_reputation,dirichlet_lcb,benign_concept_drift,0.5,1,46,5,0.346,0.03111111111111111,0.13084725869152744,2,2,1.0,0.0,1.0,0,0,0,0
cifar10,20,2,mixed_maturity,rffl_reputation,dirichlet_lcb,benign_concept_drift,0.5,1,47,5,0.3325,0.05388888888888889,0.14748823147488233,2,2,1.0,0.0,1.0,0,0,0,0
cifar10,20,2,mixed_maturity,rffl_reputation,dirichlet_lcb,benign_concept_drift,0.5,1,48,5,0.304,0.0005555555555555556,0.14534769145347695,2,2,1.0,0.0,1.0,0,0,0,0
cifar10,20,2,mixed_maturity,rffl_reputation,dirichlet_lcb,benign_concept_drift,0.5,1,49,5,0.3475,0.01,0.15981731,2,2,1.0,0.0,1.0,0,0,0,0
cifar10,20,2,mixed_maturity,rffl_reputation,dirichlet_lcb,benign_concept_drift,0.5,1,50,5,0.333,0.13444444444444445,0.15287689152876893,2,2,1.0,0.0,1.0,0,0,0,0
cifar10,20,2,mixed_maturity,rffl_reputation,dirichlet_lcb,benign_concept_drift,0.5,2,1,5,0.218,0.0,0.09999999999999998,2,2,1.0,0.0,1.0,0,0,0,0
cifar10,20,2,mixed_maturity,rffl_reputation,dirichlet_lcb,benign_concept_drift,0.5,2,2,5,0.196,0.0033333333333333335,0.09711989194239785,2,2,1.0,0.0,1.0,0,0,0,0
cifar10,20,2,mixed_maturity,rffl_reputation,dirichlet_lcb,benign_concept_drift,0.5,2,3,5,0.2395,0.01,0.0980491709804917,2,2,1.0,0.0,1.0,0,0,0,0
cifar10,20,2,mixed_maturity,rffl_reputation,dirichlet_lcb,benign_concept_drift,0.5,2,4,5,0.234,0.2788888888888889,0.099312500993125,2,2,1.0,0.0,1.0,0,0,0,0
cifar10,20,2,mixed_maturity,rffl_reputation,dirichlet_lcb,benign_concept_drift,0.5,2,5,5,0.2525,0.10666666666666667,0.10108495595660176,2,2,1.0,0.0,1.0,0,0,0,0
cifar10,20,2,mixed_maturity,rffl_reputation,dirichlet_lcb,benign_concept_drift,0.5,2,6,5,0.2825,0.016666666666666666,0.09867401394696056,2,2,1.0,0.0,1.0,0,0,0,0
cifar10,20,2,mixed_maturity,rffl_reputation,dirichlet_lcb,benign_concept_drift,0.5,2,7,5,0.3115,0.06222222222222222,0.10350701792985965,2,2,1.0,0.0,1.0,0,0,0,0
cifar10,20,2,mixed_maturity,rffl_reputation,dirichlet_lcb,benign_concept_drift,0.5,2,8,5,0.2765,0.14222222222222222,0.10804286,2,2,1.0,0.0,1.0,0,0,0,0
cifar10,20,2,mixed_maturity,rffl_reputation,dirichlet_lcb,benign_concept_drift,0.5,2,9,5,0.2495,0.19166666666666668,0.113326297733474,2,2,1.0,0.0,1.0,0,0,0,0
cifar10,20,2,mixed_maturity,rffl_reputation,dirichlet_lcb,benign_concept_drift,0.5,2,10,5,0.312,0.030555555555555555,0.12537850000000003,2,2,1.0,0.0,1.0,0,0,0,0
cifar10,20,2,mixed_maturity,rffl_reputation,dirichlet_lcb,benign_concept_drift,0.5,2,11,5,0.3085,0.1288888888888889,0.11271475999999997,2,2,1.0,0.0,1.0,0,0,0,0
cifar10,20,2,mixed_maturity,rffl_reputation,dirichlet_lcb,benign_concept_drift,0.5,2,12,5,0.2855,0.16444444444444445,0.1030811810308118,2,2,1.0,0.0,1.0,0,0,0,0
cifar10,20,2,mixed_maturity,rffl_reputation,dirichlet_lcb,benign_concept_drift,0.5,2,13,5,0.318,0.14277777777777778,0.10048966000000001,2,2,1.0,0.0,1.0,0,0,0,0
cifar10,20,2,mixed_maturity,rffl_reputation,dirichlet_lcb,benign_concept_drift,0.5,2,14,5,0.307,0.02388888888888889,0.09753238,2,2,1.0,0.0,1.0,0,0,0,0
cifar10,20,2,mixed_maturity,rffl_reputation,dirichlet_lcb,benign_concept_drift,0.5,2,15,5,0.3035,0.21722222222222223,0.09831606901683933,2,2,1.0,0.0,1.0,0,0,0,0
cifar10,20,2,mixed_maturity,rffl_reputation,dirichlet_lcb,benign_concept_drift,0.5,2,16,5,0.322,0.22444444444444445,0.11357854,2,2,1.0,0.0,1.0,0,0,0,0
cifar10,20,2,mixed_maturity,rffl_reputation,dirichlet_lcb,benign_concept_drift,0.5,2,17,5,0.2995,0.19722222222222222,0.10700079214001583,2,2,1.0,0.0,1.0,0,0,0,0
cifar10,20,2,mixed_maturity,rffl_reputation,dirichlet_lcb,benign_concept_drift,0.5,2,18,5,0.2885,0.2361111111111111,0.099192599008074,2,2,1.0,0.0,1.0,0,0,0,0
cifar10,20,2,mixed_maturity,rffl_reputation,dirichlet_lcb,benign_concept_drift,0.5,2,19,5,0.2935,0.06777777777777778,0.10477355,2,2,1.0,0.0,1.0,0,0,0,0
cifar10,20,2,mixed_maturity,rffl_reputation,dirichlet_lcb,benign_concept_drift,0.5,2,20,5,0.3375,0.10277777777777777,0.10186841999999997,2,2,1.0,0.0,1.0,0,0,0,0
cifar10,20,2,mixed_maturity,rffl_reputation,dirichlet_lcb,benign_concept_drift,0.5,2,21,5,0.346,0.08666666666666667,0.11811989,2,2,1.0,0.0,1.0,0,0,0,0
cifar10,20,2,mixed_maturity,rffl_reputation,dirichlet_lcb,benign_concept_drift,0.5,2,22,5,0.3225,0.15166666666666667,0.10997303999999997,2,2,1.0,0.0,1.0,0,0,0,0
cifar10,20,2,mixed_maturity,rffl_reputation,dirichlet_lcb,benign_concept_drift,0.5,2,23,5,0.264,0.4088888888888889,0.10942545109425453,2,2,1.0,0.0,1.0,0,0,0,0
cifar10,20,2,mixed_maturity,rffl_reputation,dirichlet_lcb,benign_concept_drift,0.5,2,24,5,0.3485,0.13555555555555557,0.12306467246129345,2,2,1.0,0.0,1.0,0,0,0,0
cifar10,20,2,mixed_maturity,rffl_reputation,dirichlet_lcb,benign_concept_drift,0.5,2,25,5,0.29,0.09833333333333333,0.11531809884681903,2,2,1.0,0.0,1.0,0,0,0,0
cifar10,20,2,mixed_maturity,rffl_reputation,dirichlet_lcb,benign_concept_drift,0.5,2,26,5,0.3165,0.006111111111111111,0.10976712999999999,2,2,1.0,0.0,1.0,0,0,0,0
cifar10,20,2,mixed_maturity,rffl_reputation,dirichlet_lcb,benign_concept_drift,0.5,2,27,5,0.3525,0.03111111111111111,0.10336131000000003,2,2,1.0,0.0,1.0,0,0,0,0
cifar10,20,2,mixed_maturity,rffl_reputation,dirichlet_lcb,benign_concept_drift,0.5,2,28,5,0.2845,0.18666666666666668,0.10498115,2,2,1.0,0.0,1.0,0,0,0,0
cifar10,20,2,mixed_maturity,rffl_reputation,dirichlet_lcb,benign_concept_drift,0.5,2,29,5,0.327,0.14166666666666666,0.11797984000000002,2,2,1.0,0.0,1.0,0,0,0,0
cifar10,20,2,mixed_maturity,rffl_reputation,dirichlet_lcb,benign_concept_drift,0.5,2,30,5,0.284,0.22555555555555556,0.1221569136647074,2,2,1.0,0.0,1.0,0,0,0,0
cifar10,20,2,mixed_maturity,rffl_reputation,dirichlet_lcb,benign_concept_drift,0.5,2,31,5,0.317,0.17722222222222223,0.11904873,2,2,1.0,0.0,1.0,0,0,0,0
cifar10,20,2,mixed_maturity,rffl_reputation,dirichlet_lcb,benign_concept_drift,0.5,2,32,5,0.335,0.11944444444444445,0.11174162,2,2,1.0,0.0,1.0,0,0,0,0
cifar10,20,2,mixed_maturity,rffl_reputation,dirichlet_lcb,benign_concept_drift,0.5,2,33,5,0.299,0.24555555555555555,0.08806153,2,2,1.0,0.0,1.0,0,0,0,0
cifar10,20,2,mixed_maturity,rffl_reputation,dirichlet_lcb,benign_concept_drift,0.5,2,34,5,0.3365,0.034444444444444444,0.09142796908572032,2,2,1.0,0.0,1.0,0,0,0,0
cifar10,20,2,mixed_maturity,rffl_reputation,dirichlet_lcb,benign_concept_drift,0.5,2,35,5,0.3375,0.18222222222222223,0.08845947000000001,2,2,1.0,0.0,1.0,0,0,0,0
cifar10,20,2,mixed_maturity,rffl_reputation,dirichlet_lcb,benign_concept_drift,0.5,2,36,5,0.3665,0.05,0.08938666178773323,2,2,1.0,0.0,1.0,0,0,0,0
cifar10,20,2,mixed_maturity,rffl_reputation,dirichlet_lcb,benign_concept_drift,0.5,2,37,5,0.3245,0.17944444444444443,0.0779098107790981,2,2,1.0,0.0,1.0,0,0,0,0
cifar10,20,2,mixed_maturity,rffl_reputation,dirichlet_lcb,benign_concept_drift,0.5,2,38,5,0.327,0.2461111111111111,0.07953807,2,2,1.0,0.0,1.0,0,0,0,0
cifar10,20,2,mixed_maturity,rffl_reputation,dirichlet_lcb,benign_concept_drift,0.5,2,39,5,0.353,0.08888888888888889,0.08088195838236083,2,2,1.0,0.0,1.0,0,0,0,0
cifar10,20,2,mixed_maturity,rffl_reputation,dirichlet_lcb,benign_concept_drift,0.5,2,40,5,0.3585,0.04555555555555556,0.0706893307068933,2,2,1.0,0.0,1.0,0,0,0,0
cifar10,20,2,mixed_maturity,rffl_reputation,dirichlet_lcb,benign_concept_drift,0.5,2,41,5,0.359,0.06777777777777778,0.08301481083014811,2,2,1.0,0.0,1.0,0,0,0,0
cifar10,20,2,mixed_maturity,rffl_reputation,dirichlet_lcb,benign_concept_drift,0.5,2,42,5,0.3605,0.06,0.0866524708665247,2,2,1.0,0.0,1.0,0,0,0,0
cifar10,20,2,mixed_maturity,rffl_reputation,dirichlet_lcb,benign_concept_drift,0.5,2,43,5,0.337,0.02722222222222222,0.09177643183552865,2,2,1.0,0.0,1.0,0,0,0,0
cifar10,20,2,mixed_maturity,rffl_reputation,dirichlet_lcb,benign_concept_drift,0.5,2,44,5,0.3635,0.04777777777777778,0.08569363828612724,2,2,1.0,0.0,1.0,0,0,0,0
cifar10,20,2,mixed_maturity,rffl_reputation,dirichlet_lcb,benign_concept_drift,0.5,2,45,5,0.3765,0.06222222222222222,0.07666683076666829,2,2,1.0,0.0,1.0,0,0,0,0
cifar10,20,2,mixed_maturity,rffl_reputation,dirichlet_lcb,benign_concept_drift,0.5,2,46,5,0.3355,0.06944444444444445,0.06624396066243961,2,2,1.0,0.0,1.0,0,0,0,0
cifar10,20,2,mixed_maturity,rffl_reputation,dirichlet_lcb,benign_concept_drift,0.5,2,47,5,0.3315,0.18388888888888888,0.07000061070000611,2,2,1.0,0.0,1.0,0,0,0,0
cifar10,20,2,mixed_maturity,rffl_reputation,dirichlet_lcb,benign_concept_drift,0.5,2,48,5,0.369,0.135,0.07532927150658544,2,2,1.0,0.0,1.0,0,0,0,0
cifar10,20,2,mixed_maturity,rffl_reputation,dirichlet_lcb,benign_concept_drift,0.5,2,49,5,0.354,0.11722222222222223,0.06309145873817083,2,2,1.0,0.0,1.0,0,0,0,0
cifar10,20,2,mixed_maturity,rffl_reputation,dirichlet_lcb,benign_concept_drift,0.5,2,50,5,0.3405,0.06555555555555556,0.06298881,2,2,1.0,0.0,1.0,0,0,0,0
cifar10,20,2,mixed_maturity,rffl_reputation,dirichlet_lcb,benign_concept_drift,0.5,3,1,5,0.1545,0.0,0.09999999999999998,2,2,1.0,0.0,1.0,0,0,0,0
cifar10,20,2,mixed_maturity,rffl_reputation,dirichlet_lcb,benign_concept_drift,0.5,3,2,5,0.19,0.0005555555555555556,0.08979523269385699,2,2,1.0,0.0,1.0,0,0,0,0
cifar10,20,2,mixed_maturity,rffl_reputation,dirichlet_lcb,benign_concept_drift,0.5,3,3,5,0.255,0.019444444444444445,0.0967514890324851,2,2,1.0,0.0,1.0,0,0,0,0
cifar10,20,2,mixed_maturity,rffl_reputation,dirichlet_lcb,benign_concept_drift,0.5,3,4,5,0.2365,0.011111111111111112,0.09823527000000001,2,2,1.0,0.0,1.0,0,0,0,0
cifar10,20,2,mixed_maturity,rffl_reputation,dirichlet_lcb,benign_concept_drift,0.5,3,5,5,0.2105,0.02388888888888889,0.10264459102644591,2,2,1.0,0.0,1.0,0,0,0,0
cifar10,20,2,mixed_maturity,rffl_reputation,dirichlet_lcb,benign_concept_drift,0.5,3,6,5,0.286,0.04611111111111111,0.11423028114230283,2,2,1.0,0.0,1.0,0,0,0,0
cifar10,20,2,mixed_maturity,rffl_reputation,dirichlet_lcb,benign_concept_drift,0.5,3,7,5,0.289,0.0811111111111111,0.10818076000000001,2,2,1.0,0.0,1.0,0,0,0,0
cifar10,20,2,mixed_maturity,rffl_reputation,dirichlet_lcb,benign_concept_drift,0.5,3,8,5,0.2895,0.115,0.11342595,2,2,1.0,0.0,1.0,0,0,0,0
cifar10,20,2,mixed_maturity,rffl_reputation,dirichlet_lcb,benign_concept_drift,0.5,3,9,5,0.2975,0.03,0.11491154770176906,2,2,1.0,0.0,1.0,0,0,0,0
cifar10,20,2,mixed_maturity,rffl_reputation,dirichlet_lcb,benign_concept_drift,0.5,3,10,5,0.2905,0.13777777777777778,0.11831009473240378,2,2,1.0,0.0,1.0,0,0,0,0
cifar10,20,2,mixed_maturity,rffl_reputation,dirichlet_lcb,benign_concept_drift,0.5,3,11,5,0.3255,0.04888888888888889,0.11482213,2,2,1.0,0.0,1.0,0,0,0,0
cifar10,20,2,mixed_maturity,rffl_reputation,dirichlet_lcb,benign_concept_drift,0.5,3,12,5,0.3185,0.025555555555555557,0.11788817000000003,2,2,1.0,0.0,1.0,0,0,0,0
cifar10,20,2,mixed_maturity,rffl_reputation,dirichlet_lcb,benign_concept_drift,0.5,3,13,5,0.304,0.07666666666666666,0.11485046885149533,2,2,1.0,0.0,1.0,0,0,0,0
cifar10,20,2,mixed_maturity,rffl_reputation,dirichlet_lcb,benign_concept_drift,0.5,3,14,5,0.284,0.017777777777777778,0.11499159885008396,2,2,1.0,0.0,1.0,0,0,0,0
cifar10,20,2,mixed_maturity,rffl_reputation,dirichlet_lcb,benign_concept_drift,0.5,3,15,5,0.322,0.009444444444444445,0.122536198774638,2,2,1.0,0.0,1.0,0,0,0,0
cifar10,20,2,mixed_maturity,rffl_reputation,dirichlet_lcb,benign_concept_drift,0.5,3,16,5,0.3385,0.15388888888888888,0.12478096,2,2,1.0,0.0,1.0,0,0,0,0
cifar10,20,2,mixed_maturity,rffl_reputation,dirichlet_lcb,benign_concept_drift,0.5,3,17,5,0.337,0.09444444444444444,0.12389449876105503,2,2,1.0,0.0,1.0,0,0,0,0
cifar10,20,2,mixed_maturity,rffl_reputation,dirichlet_lcb,benign_concept_drift,0.5,3,18,5,0.334,0.07555555555555556,0.12737861617864155,2,2,1.0,0.0,1.0,0,0,0,0
cifar10,20,2,mixed_maturity,rffl_reputation,dirichlet_lcb,benign_concept_drift,0.5,3,19,5,0.3105,0.049444444444444444,0.13250189,2,2,1.0,0.0,1.0,0,0,0,0
cifar10,20,2,mixed_maturity,rffl_reputation,dirichlet_lcb,benign_concept_drift,0.5,3,20,5,0.306,0.03388888888888889,0.13435559000000002,2,2,1.0,0.0,1.0,0,0,0,0
cifar10,20,2,mixed_maturity,rffl_reputation,dirichlet_lcb,benign_concept_drift,0.5,3,21,5,0.3415,0.11055555555555556,0.1524749784752502,2,2,1.0,0.0,1.0,0,0,0,0
cifar10,20,2,mixed_maturity,rffl_reputation,dirichlet_lcb,benign_concept_drift,0.5,3,22,5,0.317,0.010555555555555556,0.14655436,2,2,1.0,0.0,1.0,0,0,0,0
cifar10,20,2,mixed_maturity,rffl_reputation,dirichlet_lcb,benign_concept_drift,0.5,3,23,5,0.3305,0.09055555555555556,0.1371878972562421,2,2,1.0,0.0,1.0,0,0,0,0
cifar10,20,2,mixed_maturity,rffl_reputation,dirichlet_lcb,benign_concept_drift,0.5,3,24,5,0.342,0.06833333333333333,0.12325776000000002,2,2,1.0,0.0,1.0,0,0,0,0
cifar10,20,2,mixed_maturity,rffl_reputation,dirichlet_lcb,benign_concept_drift,0.5,3,25,5,0.344,0.06555555555555556,0.12787405127874052,2,2,1.0,0.0,1.0,0,0,0,0
cifar10,20,2,mixed_maturity,rffl_reputation,dirichlet_lcb,benign_concept_drift,0.5,3,26,5,0.3355,0.17222222222222222,0.12640048,2,2,1.0,0.0,1.0,0,0,0,0
cifar10,20,2,mixed_maturity,rffl_reputation,dirichlet_lcb,benign_concept_drift,0.5,3,27,5,0.3065,0.04888888888888889,0.13727041000000004,2,2,1.0,0.0,1.0,0,0,0,0
cifar10,20,2,mixed_maturity,rffl_reputation,dirichlet_lcb,benign_concept_drift,0.5,3,28,5,0.3375,0.075,0.14286558,2,2,1.0,0.0,1.0,0,0,0,0
cifar10,20,2,mixed_maturity,rffl_reputation,dirichlet_lcb,benign_concept_drift,0.5,3,29,5,0.2845,0.09666666666666666,0.1439010514390105,2,2,1.0,0.0,1.0,0,0,0,0
cifar10,20,2,mixed_maturity,rffl_reputation,dirichlet_lcb,benign_concept_drift,0.5,3,30,5,0.335,0.08333333333333333,0.14890282,2,2,1.0,0.0,1.0,0,0,0,0
cifar10,20,2,mixed_maturity,rffl_reputation,dirichlet_lcb,benign_concept_drift,0.5,3,31,5,0.3245,0.01888888888888889,0.14600906707981867,2,2,1.0,0.0,1.0,0,0,0,0
cifar10,20,2,mixed_maturity,rffl_reputation,dirichlet_lcb,benign_concept_drift,0.5,3,32,5,0.2985,0.017222222222222222,0.15857375000000004,2,2,1.0,0.0,1.0,0,0,0,0
cifar10,20,2,mixed_maturity,rffl_reputation,dirichlet_lcb,benign_concept_drift,0.5,3,33,5,0.3105,0.013333333333333334,0.1666274283337257,2,2,1.0,0.0,1.0,0,0,0,0
cifar10,20,2,mixed_maturity,rffl_reputation,dirichlet_lcb,benign_concept_drift,0.5,3,34,5,0.346,0.006111111111111111,0.1521952815219528,2,2,1.0,0.0,1.0,0,0,0,0
cifar10,20,2,mixed_maturity,rffl_reputation,dirichlet_lcb,benign_concept_drift,0.5,3,35,5,0.344,0.023333333333333334,0.15714993314299866,2,2,1.0,0.0,1.0,0,0,0,0
cifar10,20,2,mixed_maturity,rffl_reputation,dirichlet_lcb,benign_concept_drift,0.5,3,36,5,0.314,0.008888888888888889,0.1552500046575001,2,2,1.0,0.0,1.0,0,0,0,0
cifar10,20,2,mixed_maturity,rffl_reputation,dirichlet_lcb,benign_concept_drift,0.5,3,37,5,0.3395,0.042222222222222223,0.1499706814997068,2,2,1.0,0.0,1.0,0,0,0,0
cifar10,20,2,mixed_maturity,rffl_reputation,dirichlet_lcb,benign_concept_drift,0.5,3,38,5,0.33,0.01611111111111111,0.15083280999999998,2,2,1.0,0.0,1.0,0,0,0,0
cifar10,20,2,mixed_maturity,rffl_reputation,dirichlet_lcb,benign_concept_drift,0.5,3,39,5,0.3145,0.15444444444444444,0.15326969306539387,2,2,1.0,0.0,1.0,0,0,0,0
cifar10,20,2,mixed_maturity,rffl_reputation,dirichlet_lcb,benign_concept_drift,0.5,3,40,5,0.3175,0.025555555555555557,0.15457076690858468,2,2,1.0,0.0,1.0,0,0,0,0
cifar10,20,2,mixed_maturity,rffl_reputation,dirichlet_lcb,benign_concept_drift,0.5,3,41,5,0.301,0.005,0.15715314,2,2,1.0,0.0,1.0,0,0,0,0
cifar10,20,2,mixed_maturity,rffl_reputation,dirichlet_lcb,benign_concept_drift,0.5,3,42,5,0.3115,0.002777777777777778,0.14500295145002953,2,2,1.0,0.0,1.0,0,0,0,0
cifar10,20,2,mixed_maturity,rffl_reputation,dirichlet_lcb,benign_concept_drift,0.5,3,43,5,0.365,0.02277777777777778,0.14586511000000002,2,2,1.0,0.0,1.0,0,0,0,0
cifar10,20,2,mixed_maturity,rffl_reputation,dirichlet_lcb,benign_concept_drift,0.5,3,44,5,0.3535,0.034444444444444444,0.1493763614937636,2,2,1.0,0.0,1.0,0,0,0,0
cifar10,20,2,mixed_maturity,rffl_reputation,dirichlet_lcb,benign_concept_drift,0.5,3,45,5,0.337,0.01611111111111111,0.14866686,2,2,1.0,0.0,1.0,0,0,0,0
cifar10,20,2,mixed_maturity,rffl_reputation,dirichlet_lcb,benign_concept_drift,0.5,3,46,5,0.34,0.07222222222222222,0.1589036615890366,2,2,1.0,0.0,1.0,0,0,0,0
cifar10,20,2,mixed_maturity,rffl_reputation,dirichlet_lcb,benign_concept_drift,0.5,3,47,5,0.3085,0.05,0.16511270165112701,2,2,1.0,0.0,1.0,0,0,0,0
cifar10,20,2,mixed_maturity,rffl_reputation,dirichlet_lcb,benign_concept_drift,0.5,3,48,5,0.375,0.09055555555555556,0.16153054838469452,2,2,1.0,0.0,1.0,0,0,0,0
cifar10,20,2,mixed_maturity,rffl_reputation,dirichlet_lcb,benign_concept_drift,0.5,3,49,5,0.3525,0.16444444444444445,0.16233914675321706,2,2,1.0,0.0,1.0,0,0,0,0
cifar10,20,2,mixed_maturity,rffl_reputation,dirichlet_lcb,benign_concept_drift,0.5,3,50,5,0.3405,0.04777777777777778,0.15833286000000002,2,2,1.0,0.0,1.0,0,0,0,0
cifar10,20,2,mixed_maturity,rffl_reputation,dirichlet_lcb,benign_concept_drift,0.5,4,1,5,0.1175,0.0,0.09999999999999998,2,2,1.0,0.0,1.0,0,0,0,0
cifar10,20,2,mixed_maturity,rffl_reputation,dirichlet_lcb,benign_concept_drift,0.5,4,2,5,0.269,0.045,0.0970255809702558,2,2,1.0,0.0,1.0,0,0,0,0
cifar10,20,2,mixed_maturity,rffl_reputation,dirichlet_lcb,benign_concept_drift,0.5,4,3,5,0.234,0.05722222222222222,0.10031605899683942,2,2,1.0,0.0,1.0,0,0,0,0
cifar10,20,2,mixed_maturity,rffl_reputation,dirichlet_lcb,benign_concept_drift,0.5,4,4,5,0.26,0.24166666666666667,0.10662292213245847,2,2,1.0,0.0,1.0,0,0,0,0
cifar10,20,2,mixed_maturity,rffl_reputation,dirichlet_lcb,benign_concept_drift,0.5,4,5,5,0.261,0.013888888888888888,0.08506144085061441,2,2,1.0,0.0,1.0,0,0,0,0
cifar10,20,2,mixed_maturity,rffl_reputation,dirichlet_lcb,benign_concept_drift,0.5,4,6,5,0.2795,0.13166666666666665,0.09490968905090312,2,2,1.0,0.0,1.0,0,0,0,0
cifar10,20,2,mixed_maturity,rffl_reputation,dirichlet_lcb,benign_concept_drift,0.5,4,7,5,0.2995,0.15,0.09545394904546052,2,2,1.0,0.0,1.0,0,0,0,0
cifar10,20,2,mixed_maturity,rffl_reputation,dirichlet_lcb,benign_concept_drift,0.5,4,8,5,0.2515,0.35833333333333334,0.10210967999999998,2,2,1.0,0.0,1.0,0,0,0,0
cifar10,20,2,mixed_maturity,rffl_reputation,dirichlet_lcb,benign_concept_drift,0.5,4,9,5,0.315,0.10444444444444445,0.11591278231825564,2,2,1.0,0.0,1.0,0,0,0,0
cifar10,20,2,mixed_maturity,rffl_reputation,dirichlet_lcb,benign_concept_drift,0.5,4,10,5,0.2985,0.028333333333333332,0.11619328000000001,2,2,1.0,0.0,1.0,0,0,0,0
cifar10,20,2,mixed_maturity,rffl_reputation,dirichlet_lcb,benign_concept_drift,0.5,4,11,5,0.2795,0.18888888888888888,0.11611218651663441,2,2,1.0,0.0,1.0,0,0,0,0
cifar10,20,2,mixed_maturity,rffl_reputation,dirichlet_lcb,benign_concept_drift,0.5,4,12,5,0.3045,0.09444444444444444,0.11937932119379321,2,2,1.0,0.0,1.0,0,0,0,0
cifar10,20,2,mixed_maturity,rffl_reputation,dirichlet_lcb,benign_concept_drift,0.5,4,13,5,0.267,0.24333333333333335,0.12006223000000002,2,2,1.0,0.0,1.0,0,0,0,0
cifar10,20,2,mixed_maturity,rffl_reputation,dirichlet_lcb,benign_concept_drift,0.5,4,14,5,0.3295,0.0016666666666666668,0.10992633780147323,2,2,1.0,0.0,1.0,0,0,0,0
cifar10,20,2,mixed_maturity,rffl_reputation,dirichlet_lcb,benign_concept_drift,0.5,4,15,5,0.331,0.08944444444444444,0.10334446206688924,2,2,1.0,0.0,1.0,0,0,0,0
cifar10,20,2,mixed_maturity,rffl_reputation,dirichlet_lcb,benign_concept_drift,0.5,4,16,5,0.315,0.08388888888888889,0.11080209999999997,2,2,1.0,0.0,1.0,0,0,0,0
cifar10,20,2,mixed_maturity,rffl_reputation,dirichlet_lcb,benign_concept_drift,0.5,4,17,5,0.328,0.021111111111111112,0.1215605512156055,2,2,1.0,0.0,1.0,0,0,0,0
cifar10,20,2,mixed_maturity,rffl_reputation,dirichlet_lcb,benign_concept_drift,0.5,4,18,5,0.299,0.18777777777777777,0.11405285000000001,2,2,1.0,0.0,1.0,0,0,0,0
cifar10,20,2,mixed_maturity,rffl_reputation,dirichlet_lcb,benign_concept_drift,0.5,4,19,5,0.3325,0.07166666666666667,0.11468428770631423,2,2,1.0,0.0,1.0,0,0,0,0
cifar10,20,2,mixed_maturity,rffl_reputation,dirichlet_lcb,benign_concept_drift,0.5,4,20,5,0.319,0.19611111111111112,0.10980478890195211,2,2,1.0,0.0,1.0,0,0,0,0
cifar10,20,2,mixed_maturity,rffl_reputation,dirichlet_lcb,benign_concept_drift,0.5,4,21,5,0.3415,0.08944444444444444,0.10223345795533086,2,2,1.0,0.0,1.0,0,0,0,0
cifar10,20,2,mixed_maturity,rffl_reputation,dirichlet_lcb,benign_concept_drift,0.5,4,22,5,0.348,0.09388888888888888,0.10645017000000001,2,2,1.0,0.0,1.0,0,0,0,0
cifar10,20,2,mixed_maturity,rffl_reputation,dirichlet_lcb,benign_concept_drift,0.5,4,23,5,0.3345,0.1272222222222222,0.11690536,2,2,1.0,0.0,1.0,0,0,0,0
cifar10,20,2,mixed_maturity,rffl_reputation,dirichlet_lcb,benign_concept_drift,0.5,4,24,5,0.3205,0.105,0.10428760000000002,2,2,1.0,0.0,1.0,0,0,0,0
cifar10,20,2,mixed_maturity,rffl_reputation,dirichlet_lcb,benign_concept_drift,0.5,4,25,5,0.352,0.08611111111111111,0.10941365,2,2,1.0,0.0,1.0,0,0,0,0
cifar10,20,2,mixed_maturity,rffl_reputation,dirichlet_lcb,benign_concept_drift,0.5,4,26,5,0.3475,0.19277777777777777,0.09857519802849603,2,2,1.0,0.0,1.0,0,0,0,0
cifar10,20,2,mixed_maturity,rffl_reputation,dirichlet_lcb,benign_concept_drift,0.5,4,27,5,0.337,0.028333333333333332,0.10409153104091534,2,2,1.0,0.0,1.0,0,0,0,0
cifar10,20,2,mixed_maturity,rffl_reputation,dirichlet_lcb,benign_concept_drift,0.5,4,28,5,0.312,0.15611111111111112,0.10885729999999999,2,2,1.0,0.0,1.0,0,0,0,0
cifar10,20,2,mixed_maturity,rffl_reputation,dirichlet_lcb,benign_concept_drift,0.5,4,29,5,0.36,0.025555555555555557,0.1147730034431901,2,2,1.0,0.0,1.0,0,0,0,0
cifar10,20,2,mixed_maturity,rffl_reputation,dirichlet_lcb,benign_concept_drift,0.5,4,30,5,0.304,0.15,0.1081651,2,2,1.0,0.0,1.0,0,0,0,0
cifar10,20,2,mixed_maturity,rffl_reputation,dirichlet_lcb,benign_concept_drift,0.5,4,31,5,0.352,0.1,0.1121407266357782,2,2,1.0,0.0,1.0,0,0,0,0
cifar10,20,2,mixed_maturity,rffl_reputation,dirichlet_lcb,benign_concept_drift,0.5,4,32,5,0.358,0.11,0.11523623999999999,2,2,1.0,0.0,1.0,0,0,0,0
cifar10,20,2,mixed_maturity,rffl_reputation,dirichlet_lcb,benign_concept_drift,0.5,4,33,5,0.3715,0.065,0.11249436775011265,2,2,1.0,0.0,1.0,0,0,0,0
cifar10,20,2,mixed_maturity,rffl_reputation,dirichlet_lcb,benign_concept_drift,0.5,4,34,5,0.326,0.15833333333333333,0.10649903000000002,2,2,1.0,0.0,1.0,0,0,0,0
cifar10,20,2,mixed_maturity,rffl_reputation,dirichlet_lcb,benign_concept_drift,0.5,4,35,5,0.335,0.18833333333333332,0.11334477113344772,2,2,1.0,0.0,1.0,0,0,0,0
cifar10,20,2,mixed_maturity,rffl_reputation,dirichlet_lcb,benign_concept_drift,0.5,4,36,5,0.3585,0.006111111111111111,0.11783605646491832,2,2,1.0,0.0,1.0,0,0,0,0
cifar10,20,2,mixed_maturity,rffl_reputation,dirichlet_lcb,benign_concept_drift,0.5,4,37,5,0.317,0.03611111111111111,0.11035309,2,2,1.0,0.0,1.0,0,0,0,0
cifar10,20,2,mixed_maturity,rffl_reputation,dirichlet_lcb,benign_concept_drift,0.5,4,38,5,0.2995,0.13277777777777777,0.11806886881931128,2,2,1.0,0.0,1.0,0,0,0,0
cifar10,20,2,mixed_maturity,rffl_reputation,dirichlet_lcb,benign_concept_drift,0.5,4,39,5,0.3605,0.05611111111111111,0.12089823000000001,2,2,1.0,0.0,1.0,0,0,0,0
cifar10,20,2,mixed_maturity,rffl_reputation,dirichlet_lcb,benign_concept_drift,0.5,4,40,5,0.2985,0.115,0.10976464890235349,2,2,1.0,0.0,1.0,0,0,0,0
cifar10,20,2,mixed_maturity,rffl_reputation,dirichlet_lcb,benign_concept_drift,0.5,4,41,5,0.311,0.0661111111111111,0.1011606410116064,2,2,1.0,0.0,1.0,0,0,0,0
cifar10,20,2,mixed_maturity,rffl_reputation,dirichlet_lcb,benign_concept_drift,0.5,4,42,5,0.334,0.13,0.10730518000000001,2,2,1.0,0.0,1.0,0,0,0,0
cifar10,20,2,mixed_maturity,rffl_reputation,dirichlet_lcb,benign_concept_drift,0.5,4,43,5,0.361,0.10166666666666667,0.09853772000000001,2,2,1.0,0.0,1.0,0,0,0,0
cifar10,20,2,mixed_maturity,rffl_reputation,dirichlet_lcb,benign_concept_drift,0.5,4,44,5,0.3255,0.03833333333333333,0.09681559806368803,2,2,1.0,0.0,1.0,0,0,0,0
cifar10,20,2,mixed_maturity,rffl_reputation,dirichlet_lcb,benign_concept_drift,0.5,4,45,5,0.355,0.01888888888888889,0.09711134805777302,2,2,1.0,0.0,1.0,0,0,0,0
cifar10,20,2,mixed_maturity,rffl_reputation,dirichlet_lcb,benign_concept_drift,0.5,4,46,5,0.338,0.10444444444444445,0.09313553906864461,2,2,1.0,0.0,1.0,0,0,0,0
cifar10,20,2,mixed_maturity,rffl_reputation,dirichlet_lcb,benign_concept_drift,0.5,4,47,5,0.3525,0.05388888888888889,0.08378645832427085,2,2,1.0,0.0,1.0,0,0,0,0
cifar10,20,2,mixed_maturity,rffl_reputation,dirichlet_lcb,benign_concept_drift,0.5,4,48,5,0.3585,0.02666666666666667,0.08472081084720812,2,2,1.0,0.0,1.0,0,0,0,0
cifar10,20,2,mixed_maturity,rffl_reputation,dirichlet_lcb,benign_concept_drift,0.5,4,49,5,0.325,0.07555555555555556,0.08516903,2,2,1.0,0.0,1.0,0,0,0,0
cifar10,20,2,mixed_maturity,rffl_reputation,dirichlet_lcb,benign_concept_drift,0.5,4,50,5,0.3405,0.21,0.08460898084608981,2,2,1.0,0.0,1.0,0,0,0,0
cifar10,20,2,mixed_maturity,rffl_reputation,dirichlet_lcb,benign_concept_drift,0.5,5,1,5,0.18,0.5716666666666667,0.09999999999999998,2,2,1.0,0.0,1.0,0,0,0,0
cifar10,20,2,mixed_maturity,rffl_reputation,dirichlet_lcb,benign_concept_drift,0.5,5,2,5,0.2365,0.058333333333333334,0.09320349813593004,2,2,1.0,0.0,1.0,0,0,0,0
cifar10,20,2,mixed_maturity,rffl_reputation,dirichlet_lcb,benign_concept_drift,0.5,5,3,5,0.1865,0.005,0.09231528092315282,2,2,1.0,0.0,1.0,0,0,0,0
cifar10,20,2,mixed_maturity,rffl_reputation,dirichlet_lcb,benign_concept_drift,0.5,5,4,5,0.2875,0.057777777777777775,0.1042797931283938,2,2,1.0,0.0,1.0,0,0,0,0
cifar10,20,2,mixed_maturity,rffl_reputation,dirichlet_lcb,benign_concept_drift,0.5,5,5,5,0.251,0.16277777777777777,0.08553520000000002,2,2,1.0,0.0,1.0,0,0,0,0
cifar10,20,2,mixed_maturity,rffl_reputation,dirichlet_lcb,benign_concept_drift,0.5,5,6,5,0.2915,0.2477777777777778,0.09435982000000001,2,2,1.0,0.0,1.0,0,0,0,0
cifar10,20,2,mixed_maturity,rffl_reputation,dirichlet_lcb,benign_concept_drift,0.5,5,7,5,0.279,0.03944444444444444,0.09321314906786851,2,2,1.0,0.0,1.0,0,0,0,0
cifar10,20,2,mixed_maturity,rffl_reputation,dirichlet_lcb,benign_concept_drift,0.5,5,8,5,0.2845,0.1461111111111111,0.09244054,2,2,1.0,0.0,1.0,0,0,0,0
cifar10,20,2,mixed_maturity,rffl_reputation,dirichlet_lcb,benign_concept_drift,0.5,5,9,5,0.273,0.29833333333333334,0.08142517081425167,2,2,1.0,0.0,1.0,0,0,0,0
cifar10,20,2,mixed_maturity,rffl_reputation,dirichlet_lcb,benign_concept_drift,0.5,5,10,5,0.321,0.02666666666666667,0.09212853723614389,2,2,1.0,0.0,1.0,0,0,0,0
cifar10,20,2,mixed_maturity,rffl_reputation,dirichlet_lcb,benign_concept_drift,0.5,5,11,5,0.308,0.12222222222222222,0.11033898779322021,2,2,1.0,0.0,1.0,0,0,0,0
cifar10,20,2,mixed_maturity,rffl_reputation,dirichlet_lcb,benign_concept_drift,0.5,5,12,5,0.293,0.29444444444444445,0.11843652118436519,2,2,1.0,0.0,1.0,0,0,0,0
cifar10,20,2,mixed_maturity,rffl_reputation,dirichlet_lcb,benign_concept_drift,0.5,5,13,5,0.331,0.07388888888888889,0.12677946873220533,2,2,1.0,0.0,1.0,0,0,0,0
cifar10,20,2,mixed_maturity,rffl_reputation,dirichlet_lcb,benign_concept_drift,0.5,5,14,5,0.319,0.035,0.12675447253508942,2,2,1.0,0.0,1.0,0,0,0,0
cifar10,20,2,mixed_maturity,rffl_reputation,dirichlet_lcb,benign_concept_drift,0.5,5,15,5,0.2985,0.2538888888888889,0.12230994877690055,2,2,1.0,0.0,1.0,0,0,0,0
cifar10,20,2,mixed_maturity,rffl_reputation,dirichlet_lcb,benign_concept_drift,0.5,5,16,5,0.288,0.24055555555555555,0.1303261939097858,2,2,1.0,0.0,1.0,0,0,0,0
cifar10,20,2,mixed_maturity,rffl_reputation,dirichlet_lcb,benign_concept_drift,0.5,5,17,5,0.2905,0.002777777777777778,0.1294650687053493,2,2,1.0,0.0,1.0,0,0,0,0
cifar10,20,2,mixed_maturity,rffl_reputation,dirichlet_lcb,benign_concept_drift,0.5,5,18,5,0.3125,0.18777777777777777,0.13818527861814725,2,2,1.0,0.0,1.0,0,0,0,0
cifar10,20,2,mixed_maturity,rffl_reputation,dirichlet_lcb,benign_concept_drift,0.5,5,19,5,0.312,0.07833333333333334,0.14405405144054048,2,2,1.0,0.0,1.0,0,0,0,0
cifar10,20,2,mixed_maturity,rffl_reputation,dirichlet_lcb,benign_concept_drift,0.5,5,20,5,0.3135,0.03,0.13124352000000003,2,2,1.0,0.0,1.0,0,0,0,0
cifar10,20,2,mixed_maturity,rffl_reputation,dirichlet_lcb,benign_concept_drift,0.5,5,21,5,0.3075,0.1111111111111111,0.12763251744734966,2,2,1.0,0.0,1.0,0,0,0,0
cifar10,20,2,mixed_maturity,rffl_reputation,dirichlet_lcb,benign_concept_drift,0.5,5,22,5,0.318,0.20833333333333334,0.10782969323489082,2,2,1.0,0.0,1.0,0,0,0,0
cifar10,20,2,mixed_maturity,rffl_reputation,dirichlet_lcb,benign_concept_drift,0.5,5,23,5,0.315,0.013888888888888888,0.11131859,2,2,1.0,0.0,1.0,0,0,0,0
cifar10,20,2,mixed_maturity,rffl_reputation,dirichlet_lcb,benign_concept_drift,0.5,5,24,5,0.3545,0.02,0.10531149894688502,2,2,1.0,0.0,1.0,0,0,0,0
cifar10,20,2,mixed_maturity,rffl_reputation,dirichlet_lcb,benign_concept_drift,0.5,5,25,5,0.312,0.08166666666666667,0.11094334110943342,2,2,1.0,0.0,1.0,0,0,0,0
cifar10,20,2,mixed_maturity,rffl_reputation,dirichlet_lcb,benign_concept_drift,0.5,5,26,5,0.329,0.16277777777777777,0.12295925122959253,2,2,1.0,0.0,1.0,0,0,0,0
cifar10,20,2,mixed_maturity,rffl_reputation,dirichlet_lcb,benign_concept_drift,0.5,5,27,5,0.352,0.04888888888888889,0.1298655225973105,2,2,1.0,0.0,1.0,0,0,0,0
cifar10,20,2,mixed_maturity,rffl_reputation,dirichlet_lcb,benign_concept_drift,0.5,5,28,5,0.298,0.06444444444444444,0.13044964869550352,2,2,1.0,0.0,1.0,0,0,0,0
cifar10,20,2,mixed_maturity,rffl_reputation,dirichlet_lcb,benign_concept_drift,0.5,5,29,5,0.322,0.18944444444444444,0.14351053143510534,2,2,1.0,0.0,1.0,0,0,0,0
cifar10,20,2,mixed_maturity,rffl_reputation,dirichlet_lcb,benign_concept_drift,0.5,5,30,5,0.3465,0.015,0.13424097000000004,2,2,1.0,0.0,1.0,0,0,0,0
cifar10,20,2,mixed_maturity,rffl_reputation,dirichlet_lcb,benign_concept_drift,0.5,5,31,5,0.315,0.16944444444444445,0.14615793146157932,2,2,1.0,0.0,1.0,0,0,0,0
cifar10,20,2,mixed_maturity,rffl_reputation,dirichlet_lcb,benign_concept_drift,0.5,5,32,5,0.3135,0.1661111111111111,0.13354998,2,2,1.0,0.0,1.0,0,0,0,0
cifar10,20,2,mixed_maturity,rffl_reputation,dirichlet_lcb,benign_concept_drift,0.5,5,33,5,0.357,0.14,0.13715747000000003,2,2,1.0,0.0,1.0,0,0,0,0
cifar10,20,2,mixed_maturity,rffl_reputation,dirichlet_lcb,benign_concept_drift,0.5,5,34,5,0.351,0.09833333333333333,0.14629801707403967,2,2,1.0,0.0,1.0,0,0,0,0
cifar10,20,2,mixed_maturity,rffl_reputation,dirichlet_lcb,benign_concept_drift,0.5,5,35,5,0.3375,0.1438888888888889,0.1519179184808208,2,2,1.0,0.0,1.0,0,0,0,0
cifar10,20,2,mixed_maturity,rffl_reputation,dirichlet_lcb,benign_concept_drift,0.5,5,36,5,0.3195,0.165,0.1453000914530009,2,2,1.0,0.0,1.0,0,0,0,0
cifar10,20,2,mixed_maturity,rffl_reputation,dirichlet_lcb,benign_concept_drift,0.5,5,37,5,0.352,0.1272222222222222,0.15368898846311008,2,2,1.0,0.0,1.0,0,0,0,0
cifar10,20,2,mixed_maturity,rffl_reputation,dirichlet_lcb,benign_concept_drift,0.5,5,38,5,0.335,0.08277777777777778,0.14690256000000004,2,2,1.0,0.0,1.0,0,0,0,0
cifar10,20,2,mixed_maturity,rffl_reputation,dirichlet_lcb,benign_concept_drift,0.5,5,39,5,0.3075,0.28944444444444445,0.15076873849231265,2,2,1.0,0.0,1.0,0,0,0,0
cifar10,20,2,mixed_maturity,rffl_reputation,dirichlet_lcb,benign_concept_drift,0.5,5,40,5,0.3455,0.13722222222222222,0.15291485,2,2,1.0,0.0,1.0,0,0,0,0
cifar10,20,2,mixed_maturity,rffl_reputation,dirichlet_lcb,benign_concept_drift,0.5,5,41,5,0.3515,0.057777777777777775,0.14927519,2,2,1.0,0.0,1.0,0,0,0,0
cifar10,20,2,mixed_maturity,rffl_reputation,dirichlet_lcb,benign_concept_drift,0.5,5,42,5,0.3505,0.12555555555555556,0.13597150000000002,2,2,1.0,0.0,1.0,0,0,0,0
cifar10,20,2,mixed_maturity,rffl_reputation,dirichlet_lcb,benign_concept_drift,0.5,5,43,5,0.32,0.22444444444444445,0.14269138000000003,2,2,1.0,0.0,1.0,0,0,0,0
cifar10,20,2,mixed_maturity,rffl_reputation,dirichlet_lcb,benign_concept_drift,0.5,5,44,5,0.345,0.10944444444444444,0.14620884853791152,2,2,1.0,0.0,1.0,0,0,0,0
cifar10,20,2,mixed_maturity,rffl_reputation,dirichlet_lcb,benign_concept_drift,0.5,5,45,5,0.2915,0.28,0.1436612385633876,2,2,1.0,0.0,1.0,0,0,0,0
cifar10,20,2,mixed_maturity,rffl_reputation,dirichlet_lcb,benign_concept_drift,0.5,5,46,5,0.32,0.175,0.1514212915142129,2,2,1.0,0.0,1.0,0,0,0,0
cifar10,20,2,mixed_maturity,rffl_reputation,dirichlet_lcb,benign_concept_drift,0.5,5,47,5,0.3555,0.058333333333333334,0.15074920000000003,2,2,1.0,0.0,1.0,0,0,0,0
cifar10,20,2,mixed_maturity,rffl_reputation,dirichlet_lcb,benign_concept_drift,0.5,5,48,5,0.301,0.3277777777777778,0.14518155000000002,2,2,1.0,0.0,1.0,0,0,0,0
cifar10,20,2,mixed_maturity,rffl_reputation,dirichlet_lcb,benign_concept_drift,0.5,5,49,5,0.3505,0.045,0.15100152848998472,2,2,1.0,0.0,1.0,0,0,0,0
cifar10,20,2,mixed_maturity,rffl_reputation,dirichlet_lcb,benign_concept_drift,0.5,5,50,5,0.308,0.06944444444444445,0.14692708293854165,2,2,1.0,0.0,1.0,0,0,0,0
cifar10,20,2,mixed_maturity,rffl_reputation,dirichlet_lcb,benign_concept_drift,0.5,6,1,5,0.107,0.96,0.09999999999999998,2,2,1.0,0.0,1.0,0,0,0,0
cifar10,20,2,mixed_maturity,rffl_reputation,dirichlet_lcb,benign_concept_drift,0.5,6,2,5,0.15,0.0,0.10240132102401321,2,2,1.0,0.0,1.0,0,0,0,0
cifar10,20,2,mixed_maturity,rffl_reputation,dirichlet_lcb,benign_concept_drift,0.5,6,3,5,0.204,0.04888888888888889,0.11001681779966366,2,2,1.0,0.0,1.0,0,0,0,0
cifar10,20,2,mixed_maturity,rffl_reputation,dirichlet_lcb,benign_concept_drift,0.5,6,4,5,0.2205,0.051111111111111114,0.10474676209493523,2,2,1.0,0.0,1.0,0,0,0,0
cifar10,20,2,mixed_maturity,rffl_reputation,dirichlet_lcb,benign_concept_drift,0.5,6,5,5,0.2355,0.016666666666666666,0.11061647221232945,2,2,1.0,0.0,1.0,0,0,0,0
cifar10,20,2,mixed_maturity,rffl_reputation,dirichlet_lcb,benign_concept_drift,0.5,6,6,5,0.272,0.0044444444444444444,0.10592345894076541,2,2,1.0,0.0,1.0,0,0,0,0
cifar10,20,2,mixed_maturity,rffl_reputation,dirichlet_lcb,benign_concept_drift,0.5,6,7,5,0.286,0.10277777777777777,0.11244428887555709,2,2,1.0,0.0,1.0,0,0,0,0
cifar10,20,2,mixed_maturity,rffl_reputation,dirichlet_lcb,benign_concept_drift,0.5,6,8,5,0.256,0.042777777777777776,0.11047478000000001,2,2,1.0,0.0,1.0,0,0,0,0
cifar10,20,2,mixed_maturity,rffl_reputation,dirichlet_lcb,benign_concept_drift,0.5,6,9,5,0.2895,0.014444444444444444,0.10824637,2,2,1.0,0.0,1.0,0,0,0,0
cifar10,20,2,mixed_maturity,rffl_reputation,dirichlet_lcb,benign_concept_drift,0.5,6,10,5,0.2985,0.11666666666666667,0.08991815820163683,2,2,1.0,0.0,1.0,0,0,0,0
cifar10,20,2,mixed_maturity,rffl_reputation,dirichlet_lcb,benign_concept_drift,0.5,6,11,5,0.284,0.011666666666666667,0.08822852999999999,2,2,1.0,0.0,1.0,0,0,0,0
cifar10,20,2,mixed_maturity,rffl_reputation,dirichlet_lcb,benign_concept_drift,0.5,6,12,5,0.298,0.013333333333333334,0.08705142825897143,2,2,1.0,0.0,1.0,0,0,0,0
cifar10,20,2,mixed_maturity,rffl_reputation,dirichlet_lcb,benign_concept_drift,0.5,6,13,5,0.298,0.043333333333333335,0.09344063000000001,2,2,1.0,0.0,1.0,0,0,0,0
cifar10,20,2,mixed_maturity,rffl_reputation,dirichlet_lcb,benign_concept_drift,0.5,6,14,5,0.3195,0.04388888888888889,0.10101466000000002,2,2,1.0,0.0,1.0,0,0,0,0
cifar10,20,2,mixed_maturity,rffl_reputation,dirichlet_lcb,benign_concept_drift,0.5,6,15,5,0.3055,0.023333333333333334,0.10077244100772441,2,2,1.0,0.0,1.0,0,0,0,0
cifar10,20,2,mixed_maturity,rffl_reputation,dirichlet_lcb,benign_concept_drift,0.5,6,16,5,0.3265,0.09888888888888889,0.10341240103412401,2,2,1.0,0.0,1.0,0,0,0,0
cifar10,20,2,mixed_maturity,rffl_reputation,dirichlet_lcb,benign_concept_drift,0.5,6,17,5,0.3425,0.06333333333333334,0.11057265110572649,2,2,1.0,0.0,1.0,0,0,0,0
cifar10,20,2,mixed_maturity,rffl_reputation,dirichlet_lcb,benign_concept_drift,0.5,6,18,5,0.326,0.03222222222222222,0.11468963885310363,2,2,1.0,0.0,1.0,0,0,0,0
cifar10,20,2,mixed_maturity,rffl_reputation,dirichlet_lcb,benign_concept_drift,0.5,6,19,5,0.313,0.012222222222222223,0.11563476,2,2,1.0,0.0,1.0,0,0,0,0
cifar10,20,2,mixed_maturity,rffl_reputation,dirichlet_lcb,benign_concept_drift,0.5,6,20,5,0.3305,0.17222222222222222,0.12549604125496044,2,2,1.0,0.0,1.0,0,0,0,0
cifar10,20,2,mixed_maturity,rffl_reputation,dirichlet_lcb,benign_concept_drift,0.5,6,21,5,0.318,0.03,0.12142940878570588,2,2,1.0,0.0,1.0,0,0,0,0
cifar10,20,2,mixed_maturity,rffl_reputation,dirichlet_lcb,benign_concept_drift,0.5,6,22,5,0.3225,0.02722222222222222,0.12166697243333947,2,2,1.0,0.0,1.0,0,0,0,0
cifar10,20,2,mixed_maturity,rffl_reputation,dirichlet_lcb,benign_concept_drift,0.5,6,23,5,0.3325,0.065,0.09966454999999999,2,2,1.0,0.0,1.0,0,0,0,0
cifar10,20,2,mixed_maturity,rffl_reputation,dirichlet_lcb,benign_concept_drift,0.5,6,24,5,0.3585,0.035555555555555556,0.10684678893153209,2,2,1.0,0.0,1.0,0,0,0,0
cifar10,20,2,mixed_maturity,rffl_reputation,dirichlet_lcb,benign_concept_drift,0.5,6,25,5,0.323,0.029444444444444443,0.10407574895924249,2,2,1.0,0.0,1.0,0,0,0,0
cifar10,20,2,mixed_maturity,rffl_reputation,dirichlet_lcb,benign_concept_drift,0.5,6,26,5,0.3155,0.19333333333333333,0.1004747,2,2,1.0,0.0,1.0,0,0,0,0
cifar10,20,2,mixed_maturity,rffl_reputation,dirichlet_lcb,benign_concept_drift,0.5,6,27,5,0.3505,0.03611111111111111,0.08617694000000001,2,2,1.0,0.0,1.0,0,0,0,0
cifar10,20,2,mixed_maturity,rffl_reputation,dirichlet_lcb,benign_concept_drift,0.5,6,28,5,0.327,0.019444444444444445,0.08613929086139291,2,2,1.0,0.0,1.0,0,0,0,0
cifar10,20,2,mixed_maturity,rffl_reputation,dirichlet_lcb,benign_concept_drift,0.5,6,29,5,0.321,0.035555555555555556,0.09275193000000001,2,2,1.0,0.0,1.0,0,0,0,0
cifar10,20,2,mixed_maturity,rffl_reputation,dirichlet_lcb,benign_concept_drift,0.5,6,30,5,0.338,0.030555555555555555,0.10072167201443345,2,2,1.0,0.0,1.0,0,0,0,0
cifar10,20,2,mixed_maturity,rffl_reputation,dirichlet_lcb,benign_concept_drift,0.5,6,31,5,0.343,0.10722222222222222,0.10514065894859341,2,2,1.0,0.0,1.0,0,0,0,0
cifar10,20,2,mixed_maturity,rffl_reputation,dirichlet_lcb,benign_concept_drift,0.5,6,32,5,0.3555,0.04388888888888889,0.11061682000000002,2,2,1.0,0.0,1.0,0,0,0,0
cifar10,20,2,mixed_maturity,rffl_reputation,dirichlet_lcb,benign_concept_drift,0.5,6,33,5,0.3325,0.015555555555555555,0.11853873118538731,2,2,1.0,0.0,1.0,0,0,0,0
cifar10,20,2,mixed_maturity,rffl_reputation,dirichlet_lcb,benign_concept_drift,0.5,6,34,5,0.3445,0.042222222222222223,0.10235250102352501,2,2,1.0,0.0,1.0,0,0,0,0
cifar10,20,2,mixed_maturity,rffl_reputation,dirichlet_lcb,benign_concept_drift,0.5,6,35,5,0.3495,0.09277777777777778,0.11264784225295683,2,2,1.0,0.0,1.0,0,0,0,0
cifar10,20,2,mixed_maturity,rffl_reputation,dirichlet_lcb,benign_concept_drift,0.5,6,36,5,0.3355,0.023333333333333334,0.11710261117102609,2,2,1.0,0.0,1.0,0,0,0,0
cifar10,20,2,mixed_maturity,rffl_reputation,dirichlet_lcb,benign_concept_drift,0.5,6,37,5,0.342,0.13333333333333333,0.12593550000000003,2,2,1.0,0.0,1.0,0,0,0,0
cifar10,20,2,mixed_maturity,rffl_reputation,dirichlet_lcb,benign_concept_drift,0.5,6,38,5,0.334,0.05611111111111111,0.12256298632311044,2,2,1.0,0.0,1.0,0,0,0,0
cifar10,20,2,mixed_maturity,rffl_reputation,dirichlet_lcb,benign_concept_drift,0.5,6,39,5,0.349,0.03,0.13250235734995286,2,2,1.0,0.0,1.0,0,0,0,0
cifar10,20,2,mixed_maturity,rffl_reputation,dirichlet_lcb,benign_concept_drift,0.5,6,40,5,0.341,0.049444444444444444,0.1317436813174368,2,2,1.0,0.0,1.0,0,0,0,0
cifar10,20,2,mixed_maturity,rffl_reputation,dirichlet_lcb,benign_concept_drift,0.5,6,41,5,0.3305,0.08722222222222223,0.14027519,2,2,1.0,0.0,1.0,0,0,0,0
cifar10,20,2,mixed_maturity,rffl_reputation,dirichlet_lcb,benign_concept_drift,0.5,6,42,5,0.358,0.015,0.14226615,2,2,1.0,0.0,1.0,0,0,0,0
cifar10,20,2,mixed_maturity,rffl_reputation,dirichlet_lcb,benign_concept_drift,0.5,6,43,5,0.3385,0.01,0.14882959000000004,2,2,1.0,0.0,1.0,0,0,0,0
cifar10,20,2,mixed_maturity,rffl_reputation,dirichlet_lcb,benign_concept_drift,0.5,6,44,5,0.365,0.04833333333333333,0.14436950144369498,2,2,1.0,0.0,1.0,0,0,0,0
cifar10,20,2,mixed_maturity,rffl_reputation,dirichlet_lcb,benign_concept_drift,0.5,6,45,5,0.338,0.024444444444444446,0.15082798301655967,2,2,1.0,0.0,1.0,0,0,0,0
cifar10,20,2,mixed_maturity,rffl_reputation,dirichlet_lcb,benign_concept_drift,0.5,6,46,5,0.332,0.018333333333333333,0.14039976719200462,2,2,1.0,0.0,1.0,0,0,0,0
cifar10,20,2,mixed_maturity,rffl_reputation,dirichlet_lcb,benign_concept_drift,0.5,6,47,5,0.3405,0.017222222222222222,0.1359904,2,2,1.0,0.0,1.0,0,0,0,0
cifar10,20,2,mixed_maturity,rffl_reputation,dirichlet_lcb,benign_concept_drift,0.5,6,48,5,0.326,0.041666666666666664,0.14289389857106102,2,2,1.0,0.0,1.0,0,0,0,0
cifar10,20,2,mixed_maturity,rffl_reputation,dirichlet_lcb,benign_concept_drift,0.5,6,49,5,0.3625,0.1988888888888889,0.15222415304448308,2,2,1.0,0.0,1.0,0,0,0,0
cifar10,20,2,mixed_maturity,rffl_reputation,dirichlet_lcb,benign_concept_drift,0.5,6,50,5,0.3755,0.065,0.14276896142768963,2,2,1.0,0.0,1.0,0,0,0,0
cifar10,20,2,mixed_maturity,rffl_reputation,dirichlet_lcb,benign_concept_drift,0.5,7,1,5,0.164,0.0,0.09999999999999998,2,2,1.0,0.0,1.0,0,0,0,0
cifar10,20,2,mixed_maturity,rffl_reputation,dirichlet_lcb,benign_concept_drift,0.5,7,2,5,0.178,0.010555555555555556,0.10347954206959084,2,2,1.0,0.0,1.0,0,0,0,0
cifar10,20,2,mixed_maturity,rffl_reputation,dirichlet_lcb,benign_concept_drift,0.5,7,3,5,0.223,0.0011111111111111111,0.10112363202247263,2,2,1.0,0.0,1.0,0,0,0,0
cifar10,20,2,mixed_maturity,rffl_reputation,dirichlet_lcb,benign_concept_drift,0.5,7,4,5,0.2635,0.0044444444444444444,0.09658543,2,2,1.0,0.0,1.0,0,0,0,0
cifar10,20,2,mixed_maturity,rffl_reputation,dirichlet_lcb,benign_concept_drift,0.5,7,5,5,0.267,0.22611111111111112,0.0966449809664498,2,2,1.0,0.0,1.0,0,0,0,0
cifar10,20,2,mixed_maturity,rffl_reputation,dirichlet_lcb,benign_concept_drift,0.5,7,6,5,0.2975,0.07833333333333334,0.09801316196026325,2,2,1.0,0.0,1.0,0,0,0,0
cifar10,20,2,mixed_maturity,rffl_reputation,dirichlet_lcb,benign_concept_drift,0.5,7,7,5,0.3075,0.07888888888888888,0.09822434999999999,2,2,1.0,0.0,1.0,0,0,0,0
cifar10,20,2,mixed_maturity,rffl_reputation,dirichlet_lcb,benign_concept_drift,0.5,7,8,5,0.25,0.4222222222222222,0.09191244000000001,2,2,1.0,0.0,1.0,0,0,0,0
cifar10,20,2,mixed_maturity,rffl_reputation,dirichlet_lcb,benign_concept_drift,0.5,7,9,5,0.262,0.0011111111111111111,0.09904417099044172,2,2,1.0,0.0,1.0,0,0,0,0
cifar10,20,2,mixed_maturity,rffl_reputation,dirichlet_lcb,benign_concept_drift,0.5,7,10,5,0.3035,0.08444444444444445,0.0976658809766588,2,2,1.0,0.0,1.0,0,0,0,0
cifar10,20,2,mixed_maturity,rffl_reputation,dirichlet_lcb,benign_concept_drift,0.5,7,11,5,0.302,0.0011111111111111111,0.08934297000000001,2,2,1.0,0.0,1.0,0,0,0,0
cifar10,20,2,mixed_maturity,rffl_reputation,dirichlet_lcb,benign_concept_drift,0.5,7,12,5,0.271,0.002777777777777778,0.09178082000000003,2,2,1.0,0.0,1.0,0,0,0,0
cifar10,20,2,mixed_maturity,rffl_reputation,dirichlet_lcb,benign_concept_drift,0.5,7,13,5,0.3215,0.08388888888888889,0.09819122,2,2,1.0,0.0,1.0,0,0,0,0
cifar10,20,2,mixed_maturity,rffl_reputation,dirichlet_lcb,benign_concept_drift,0.5,7,14,5,0.3105,0.057777777777777775,0.09245545815089082,2,2,1.0,0.0,1.0,0,0,0,0
cifar10,20,2,mixed_maturity,rffl_reputation,dirichlet_lcb,benign_concept_drift,0.5,7,15,5,0.3015,0.055,0.1015269110152691,2,2,1.0,0.0,1.0,0,0,0,0
cifar10,20,2,mixed_maturity,rffl_reputation,dirichlet_lcb,benign_concept_drift,0.5,7,16,5,0.32,0.0077777777777777776,0.10895155108951551,2,2,1.0,0.0,1.0,0,0,0,0
cifar10,20,2,mixed_maturity,rffl_reputation,dirichlet_lcb,benign_concept_drift,0.5,7,17,5,0.31,0.006111111111111111,0.1171588811715888,2,2,1.0,0.0,1.0,0,0,0,0
cifar10,20,2,mixed_maturity,rffl_reputation,dirichlet_lcb,benign_concept_drift,0.5,7,18,5,0.282,0.08,0.12265645877343541,2,2,1.0,0.0,1.0,0,0,0,0
cifar10,20,2,mixed_maturity,rffl_reputation,dirichlet_lcb,benign_concept_drift,0.5,7,19,5,0.352,0.028888888888888888,0.11693821000000001,2,2,1.0,0.0,1.0,0,0,0,0
cifar10,20,2,mixed_maturity,rffl_reputation,dirichlet_lcb,benign_concept_drift,0.5,7,20,5,0.3075,0.04833333333333333,0.09360809000000002,2,2,1.0,0.0,1.0,0,0,0,0
cifar10,20,2,mixed_maturity,rffl_reputation,dirichlet_lcb,benign_concept_drift,0.5,7,21,5,0.3155,0.25222222222222224,0.10297372794052546,2,2,1.0,0.0,1.0,0,0,0,0
cifar10,20,2,mixed_maturity,rffl_reputation,dirichlet_lcb,benign_concept_drift,0.5,7,22,5,0.356,0.020555555555555556,0.09446298,2,2,1.0,0.0,1.0,0,0,0,0
cifar10,20,2,mixed_maturity,rffl_reputation,dirichlet_lcb,benign_concept_drift,0.5,7,23,5,0.3525,0.06055555555555556,0.09707974805840504,2,2,1.0,0.0,1.0,0,0,0,0
cifar10,20,2,mixed_maturity,rffl_reputation,dirichlet_lcb,benign_concept_drift,0.5,7,24,5,0.3215,0.019444444444444445,0.10444375895556242,2,2,1.0,0.0,1.0,0,0,0,0
cifar10,20,2,mixed_maturity,rffl_reputation,dirichlet_lcb,benign_concept_drift,0.5,7,25,5,0.352,0.125,0.1006899710068997,2,2,1.0,0.0,1.0,0,0,0,0
cifar10,20,2,mixed_maturity,rffl_reputation,dirichlet_lcb,benign_concept_drift,0.5,7,26,5,0.3155,0.025555555555555557,0.10803282,2,2,1.0,0.0,1.0,0,0,0,0
cifar10,20,2,mixed_maturity,rffl_reputation,dirichlet_lcb,benign_concept_drift,0.5,7,27,5,0.318,0.03333333333333333,0.10934824890651752,2,2,1.0,0.0,1.0,0,0,0,0
cifar10,20,2,mixed_maturity,rffl_reputation,dirichlet_lcb,benign_concept_drift,0.5,7,28,5,0.333,0.11833333333333333,0.12370343247406866,2,2,1.0,0.0,1.0,0,0,0,0
cifar10,20,2,mixed_maturity,rffl_reputation,dirichlet_lcb,benign_concept_drift,0.5,7,29,5,0.3615,0.03166666666666667,0.11338537659843871,2,2,1.0,0.0,1.0,0,0,0,0
cifar10,20,2,mixed_maturity,rffl_reputation,dirichlet_lcb,benign_concept_drift,0.5,7,30,5,0.349,0.022222222222222223,0.11193955776120885,2,2,1.0,0.0,1.0,0,0,0,0
cifar10,20,2,mixed_maturity,rffl_reputation,dirichlet_lcb,benign_concept_drift,0.5,7,31,5,0.3645,0.04555555555555556,0.11299946774001063,2,2,1.0,0.0,1.0,0,0,0,0
cifar10,20,2,mixed_maturity,rffl_reputation,dirichlet_lcb,benign_concept_drift,0.5,7,32,5,0.336,0.21555555555555556,0.12181921243638427,2,2,1.0,0.0,1.0,0,0,0,0
cifar10,20,2,mixed_maturity,rffl_reputation,dirichlet_lcb,benign_concept_drift,0.5,7,33,5,0.305,0.0044444444444444444,0.11717911117179113,2,2,1.0,0.0,1.0,0,0,0,0
cifar10,20,2,mixed_maturity,rffl_reputation,dirichlet_lcb,benign_concept_drift,0.5,7,34,5,0.2995,0.09722222222222222,0.12290021122900215,2,2,1.0,0.0,1.0,0,0,0,0
cifar10,20,2,mixed_maturity,rffl_reputation,dirichlet_lcb,benign_concept_drift,0.5,7,35,5,0.351,0.03,0.10455783000000002,2,2,1.0,0.0,1.0,0,0,0,0
cifar10,20,2,mixed_maturity,rffl_reputation,dirichlet_lcb,benign_concept_drift,0.5,7,36,5,0.3185,0.021666666666666667,0.09639238096392383,2,2,1.0,0.0,1.0,0,0,0,0
cifar10,20,2,mixed_maturity,rffl_reputation,dirichlet_lcb,benign_concept_drift,0.5,7,37,5,0.339,0.045,0.10535179210703587,2,2,1.0,0.0,1.0,0,0,0,0
cifar10,20,2,mixed_maturity,rffl_reputation,dirichlet_lcb,benign_concept_drift,0.5,7,38,5,0.3445,0.01,0.10065538100655384,2,2,1.0,0.0,1.0,0,0,0,0
cifar10,20,2,mixed_maturity,rffl_reputation,dirichlet_lcb,benign_concept_drift,0.5,7,39,5,0.3165,0.0033333333333333335,0.08688284913117152,2,2,1.0,0.0,1.0,0,0,0,0
cifar10,20,2,mixed_maturity,rffl_reputation,dirichlet_lcb,benign_concept_drift,0.5,7,40,5,0.35,0.027777777777777776,0.09952925900470741,2,2,1.0,0.0,1.0,0,0,0,0
cifar10,20,2,mixed_maturity,rffl_reputation,dirichlet_lcb,benign_concept_drift,0.5,7,41,5,0.3515,0.011111111111111112,0.11389258999999996,2,2,1.0,0.0,1.0,0,0,0,0
cifar10,20,2,mixed_maturity,rffl_reputation,dirichlet_lcb,benign_concept_drift,0.5,7,42,5,0.372,0.07277777777777777,0.10456552209131041,2,2,1.0,0.0,1.0,0,0,0,0
cifar10,20,2,mixed_maturity,rffl_reputation,dirichlet_lcb,benign_concept_drift,0.5,7,43,5,0.359,0.019444444444444445,0.09655902,2,2,1.0,0.0,1.0,0,0,0,0
cifar10,20,2,mixed_maturity,rffl_reputation,dirichlet_lcb,benign_concept_drift,0.5,7,44,5,0.3345,0.13777777777777778,0.09315021093150212,2,2,1.0,0.0,1.0,0,0,0,0
cifar10,20,2,mixed_maturity,rffl_reputation,dirichlet_lcb,benign_concept_drift,0.5,7,45,5,0.3555,0.012222222222222223,0.11043847779123044,2,2,1.0,0.0,1.0,0,0,0,0
cifar10,20,2,mixed_maturity,rffl_reputation,dirichlet_lcb,benign_concept_drift,0.5,7,46,5,0.3235,0.043333333333333335,0.10894785782104284,2,2,1.0,0.0,1.0,0,0,0,0
cifar10,20,2,mixed_maturity,rffl_reputation,dirichlet_lcb,benign_concept_drift,0.5,7,47,5,0.36,0.021666666666666667,0.12554716251094325,2,2,1.0,0.0,1.0,0,0,0,0
cifar10,20,2,mixed_maturity,rffl_reputation,dirichlet_lcb,benign_concept_drift,0.5,7,48,5,0.3665,0.041666666666666664,0.12665168126651682,2,2,1.0,0.0,1.0,0,0,0,0
cifar10,20,2,mixed_maturity,rffl_reputation,dirichlet_lcb,benign_concept_drift,0.5,7,49,5,0.33,0.07944444444444444,0.13401656,2,2,1.0,0.0,1.0,0,0,0,0
cifar10,20,2,mixed_maturity,rffl_reputation,dirichlet_lcb,benign_concept_drift,0.5,7,50,5,0.317,0.01,0.14415483288309666,2,2,1.0,0.0,1.0,0,0,0,0
cifar10,20,2,mixed_maturity,rffl_reputation,dirichlet_lcb,benign_concept_drift,0.5,8,1,5,0.1,0.9938888888888889,0.09999999999999998,2,2,1.0,0.0,1.0,0,0,0,0
cifar10,20,2,mixed_maturity,rffl_reputation,dirichlet_lcb,benign_concept_drift,0.5,8,2,5,0.1915,0.0,0.09526219,2,2,1.0,0.0,1.0,0,0,0,0
cifar10,20,2,mixed_maturity,rffl_reputation,dirichlet_lcb,benign_concept_drift,0.5,8,3,5,0.266,0.027777777777777776,0.10107114898928851,2,2,1.0,0.0,1.0,0,0,0,0
cifar10,20,2,mixed_maturity,rffl_reputation,dirichlet_lcb,benign_concept_drift,0.5,8,4,5,0.213,0.03833333333333333,0.10180529101805291,2,2,1.0,0.0,1.0,0,0,0,0
cifar10,20,2,mixed_maturity,rffl_reputation,dirichlet_lcb,benign_concept_drift,0.5,8,5,5,0.2655,0.31722222222222224,0.10524600999999997,2,2,1.0,0.0,1.0,0,0,0,0
cifar10,20,2,mixed_maturity,rffl_reputation,dirichlet_lcb,benign_concept_drift,0.5,8,6,5,0.254,0.05277777777777778,0.09681364193627286,2,2,1.0,0.0,1.0,0,0,0,0
cifar10,20,2,mixed_maturity,rffl_reputation,dirichlet_lcb,benign_concept_drift,0.5,8,7,5,0.2535,0.13722222222222222,0.10582678105826783,2,2,1.0,0.0,1.0,0,0,0,0
cifar10,20,2,mixed_maturity,rffl_reputation,dirichlet_lcb,benign_concept_drift,0.5,8,8,5,0.2945,0.09055555555555556,0.10525776000000002,2,2,1.0,0.0,1.0,0,0,0,0
cifar10,20,2,mixed_maturity,rffl_reputation,dirichlet_lcb,benign_concept_drift,0.5,8,9,5,0.2795,0.028888888888888888,0.09105180908948192,2,2,1.0,0.0,1.0,0,0,0,0
cifar10,20,2,mixed_maturity,rffl_reputation,dirichlet_lcb,benign_concept_drift,0.5,8,10,5,0.2765,0.17722222222222223,0.09512631,2,2,1.0,0.0,1.0,0,0,0,0
cifar10,20,2,mixed_maturity,rffl_reputation,dirichlet_lcb,benign_concept_drift,0.5,8,11,5,0.2985,0.175,0.0996646390033536,2,2,1.0,0.0,1.0,0,0,0,0
cifar10,20,2,mixed_maturity,rffl_reputation,dirichlet_lcb,benign_concept_drift,0.5,8,12,5,0.2485,0.07833333333333334,0.09606941903930581,2,2,1.0,0.0,1.0,0,0,0,0
cifar10,20,2,mixed_maturity,rffl_reputation,dirichlet_lcb,benign_concept_drift,0.5,8,13,5,0.293,0.024444444444444446,0.0999083790009162,2,2,1.0,0.0,1.0,0,0,0,0
cifar10,20,2,mixed_maturity,rffl_reputation,dirichlet_lcb,benign_concept_drift,0.5,8,14,5,0.2985,0.16166666666666665,0.10400762000000001,2,2,1.0,0.0,1.0,0,0,0,0
cifar10,20,2,mixed_maturity,rffl_reputation,dirichlet_lcb,benign_concept_drift,0.5,8,15,5,0.285,0.07166666666666667,0.0936244709362447,2,2,1.0,0.0,1.0,0,0,0,0
cifar10,20,2,mixed_maturity,rffl_reputation,dirichlet_lcb,benign_concept_drift,0.5,8,16,5,0.2855,0.030555555555555555,0.10005867100058671,2,2,1.0,0.0,1.0,0,0,0,0
cifar10,20,2,mixed_maturity,rffl_reputation,dirichlet_lcb,benign_concept_drift,0.5,8,17,5,0.29,0.11833333333333333,0.10913088218261766,2,2,1.0,0.0,1.0,0,0,0,0
cifar10,20,2,mixed_maturity,rffl_reputation,dirichlet_lcb,benign_concept_drift,0.5,8,18,5,0.2845,0.03,0.10110308202206164,2,2,1.0,0.0,1.0,0,0,0,0
cifar10,20,2,mixed_maturity,rffl_reputation,dirichlet_lcb,benign_concept_drift,0.5,8,19,5,0.282,0.09,0.09710757000000002,2,2,1.0,0.0,1.0,0,0,0,0
cifar10,20,2,mixed_maturity,rffl_reputation,dirichlet_lcb,benign_concept_drift,0.5,8,20,5,0.323,0.09833333333333333,0.09548627000000003,2,2,1.0,0.0,1.0,0,0,0,0
cifar10,20,2,mixed_maturity,rffl_reputation,dirichlet_lcb,benign_concept_drift,0.5,8,21,5,0.266,0.09388888888888888,0.09216898184337967,2,2,1.0,0.0,1.0,0,0,0,0
cifar10,20,2,mixed_maturity,rffl_reputation,dirichlet_lcb,benign_concept_drift,0.5,8,22,5,0.301,0.1238888888888889,0.09231721,2,2,1.0,0.0,1.0,0,0,0,0
cifar10,20,2,mixed_maturity,rffl_reputation,dirichlet_lcb,benign_concept_drift,0.5,8,23,5,0.294,0.010555555555555556,0.08726543912734562,2,2,1.0,0.0,1.0,0,0,0,0
cifar10,20,2,mixed_maturity,rffl_reputation,dirichlet_lcb,benign_concept_drift,0.5,8,24,5,0.3145,0.041666666666666664,0.08251132,2,2,1.0,0.0,1.0,0,0,0,0
cifar10,20,2,mixed_maturity,rffl_reputation,dirichlet_lcb,benign_concept_drift,0.5,8,25,5,0.327,0.11888888888888889,0.09149472,2,2,1.0,0.0,1.0,0,0,0,0
cifar10,20,2,mixed_maturity,rffl_reputation,dirichlet_lcb,benign_concept_drift,0.5,8,26,5,0.319,0.006111111111111111,0.10481806895181932,2,2,1.0,0.0,1.0,0,0,0,0
cifar10,20,2,mixed_maturity,rffl_reputation,dirichlet_lcb,benign_concept_drift,0.5,8,27,5,0.278,0.11611111111111111,0.08181418081814182,2,2,1.0,0.0,1.0,0,0,0,0
cifar10,20,2,mixed_maturity,rffl_reputation,dirichlet_lcb,benign_concept_drift,0.5,8,28,5,0.3415,0.12277777777777778,0.09252846185056925,2,2,1.0,0.0,1.0,0,0,0,0
cifar10,20,2,mixed_maturity,rffl_reputation,dirichlet_lcb,benign_concept_drift,0.5,8,29,5,0.3185,0.022222222222222223,0.07869704078697043,2,2,1.0,0.0,1.0,0,0,0,0
cifar10,20,2,mixed_maturity,rffl_reputation,dirichlet_lcb,benign_concept_drift,0.5,8,30,5,0.3215,0.023333333333333334,0.09009189000000001,2,2,1.0,0.0,1.0,0,0,0,0
cifar10,20,2,mixed_maturity,rffl_reputation,dirichlet_lcb,benign_concept_drift,0.5,8,31,5,0.308,0.075,0.09054844000000001,2,2,1.0,0.0,1.0,0,0,0,0
cifar10,20,2,mixed_maturity,rffl_reputation,dirichlet_lcb,benign_concept_drift,0.5,8,32,5,0.2925,0.017777777777777778,0.10578188,2,2,1.0,0.0,1.0,0,0,0,0
cifar10,20,2,mixed_maturity,rffl_reputation,dirichlet_lcb,benign_concept_drift,0.5,8,33,5,0.346,0.05333333333333334,0.1077298689227013,2,2,1.0,0.0,1.0,0,0,0,0
cifar10,20,2,mixed_maturity,rffl_reputation,dirichlet_lcb,benign_concept_drift,0.5,8,34,5,0.298,0.16111111111111112,0.09822234000000002,2,2,1.0,0.0,1.0,0,0,0,0
cifar10,20,2,mixed_maturity,rffl_reputation,dirichlet_lcb,benign_concept_drift,0.5,8,35,5,0.331,0.0038888888888888888,0.10011335899886642,2,2,1.0,0.0,1.0,0,0,0,0
cifar10,20,2,mixed_maturity,rffl_reputation,dirichlet_lcb,benign_concept_drift,0.5,8,36,5,0.3745,0.055,0.09326057093260569,2,2,1.0,0.0,1.0,0,0,0,0
cifar10,20,2,mixed_maturity,rffl_reputation,dirichlet_lcb,benign_concept_drift,0.5,8,37,5,0.301,0.06388888888888888,0.10245569,2,2,1.0,0.0,1.0,0,0,0,0
cifar10,20,2,mixed_maturity,rffl_reputation,dirichlet_lcb,benign_concept_drift,0.5,8,38,5,0.342,0.11055555555555556,0.1013643910136439,2,2,1.0,0.0,1.0,0,0,0,0
cifar10,20,2,mixed_maturity,rffl_reputation,dirichlet_lcb,benign_concept_drift,0.5,8,39,5,0.317,0.1361111111111111,0.08820378000000001,2,2,1.0,0.0,1.0,0,0,0,0
cifar10,20,2,mixed_maturity,rffl_reputation,dirichlet_lcb,benign_concept_drift,0.5,8,40,5,0.362,0.07222222222222222,0.09315544,2,2,1.0,0.0,1.0,0,0,0,0
cifar10,20,2,mixed_maturity,rffl_reputation,dirichlet_lcb,benign_concept_drift,0.5,8,41,5,0.326,0.105,0.08280498082804981,2,2,1.0,0.0,1.0,0,0,0,0
cifar10,20,2,mixed_maturity,rffl_reputation,dirichlet_lcb,benign_concept_drift,0.5,8,42,5,0.359,0.10277777777777777,0.08810254735692358,2,2,1.0,0.0,1.0,0,0,0,0
cifar10,20,2,mixed_maturity,rffl_reputation,dirichlet_lcb,benign_concept_drift,0.5,8,43,5,0.3205,0.008333333333333333,0.0719987407199874,2,2,1.0,0.0,1.0,0,0,0,0
cifar10,20,2,mixed_maturity,rffl_reputation,dirichlet_lcb,benign_concept_drift,0.5,8,44,5,0.3515,0.23333333333333334,0.07230571,2,2,1.0,0.0,1.0,0,0,0,0
cifar10,20,2,mixed_maturity,rffl_reputation,dirichlet_lcb,benign_concept_drift,0.5,8,45,5,0.3355,0.06444444444444444,0.07635337076353371,2,2,1.0,0.0,1.0,0,0,0,0
cifar10,20,2,mixed_maturity,rffl_reputation,dirichlet_lcb,benign_concept_drift,0.5,8,46,5,0.311,0.12277777777777778,0.07873616000000001,2,2,1.0,0.0,1.0,0,0,0,0
cifar10,20,2,mixed_maturity,rffl_reputation,dirichlet_lcb,benign_concept_drift,0.5,8,47,5,0.3255,0.005555555555555556,0.0902881172913565,2,2,1.0,0.0,1.0,0,0,0,0
cifar10,20,2,mixed_maturity,rffl_reputation,dirichlet_lcb,benign_concept_drift,0.5,8,48,5,0.343,0.08166666666666667,0.08631163,2,2,1.0,0.0,1.0,0,0,0,0
cifar10,20,2,mixed_maturity,rffl_reputation,dirichlet_lcb,benign_concept_drift,0.5,8,49,5,0.3115,0.015,0.09017938819641225,2,2,1.0,0.0,1.0,0,0,0,0
cifar10,20,2,mixed_maturity,rffl_reputation,dirichlet_lcb,benign_concept_drift,0.5,8,50,5,0.324,0.12166666666666667,0.07225479144509582,2,2,1.0,0.0,1.0,0,0,0,0
cifar10,20,2,mixed_maturity,rffl_reputation,dirichlet_lcb,benign_concept_drift,0.5,9,1,5,0.1115,0.0,0.09999999999999998,2,2,1.0,0.0,1.0,0,0,0,0
cifar10,20,2,mixed_maturity,rffl_reputation,dirichlet_lcb,benign_concept_drift,0.5,9,2,5,0.233,0.22555555555555556,0.09837179,2,2,1.0,0.0,1.0,0,0,0,0
cifar10,20,2,mixed_maturity,rffl_reputation,dirichlet_lcb,benign_concept_drift,0.5,9,3,5,0.2345,0.0005555555555555556,0.10877912891220871,2,2,1.0,0.0,1.0,0,0,0,0
cifar10,20,2,mixed_maturity,rffl_reputation,dirichlet_lcb,benign_concept_drift,0.5,9,4,5,0.28,0.022222222222222223,0.10183218,2,2,1.0,0.0,1.0,0,0,0,0
cifar10,20,2,mixed_maturity,rffl_reputation,dirichlet_lcb,benign_concept_drift,0.5,9,5,5,0.2265,0.0011111111111111111,0.10141820304254609,2,2,1.0,0.0,1.0,0,0,0,0
cifar10,20,2,mixed_maturity,rffl_reputation,dirichlet_lcb,benign_concept_drift,0.5,9,6,5,0.2835,0.010555555555555556,0.08921458821570824,2,2,1.0,0.0,1.0,0,0,0,0
cifar10,20,2,mixed_maturity,rffl_reputation,dirichlet_lcb,benign_concept_drift,0.5,9,7,5,0.3,0.22555555555555556,0.09604782000000003,2,2,1.0,0.0,1.0,0,0,0,0
cifar10,20,2,mixed_maturity,rffl_reputation,dirichlet_lcb,benign_concept_drift,0.5,9,8,5,0.282,0.0016666666666666668,0.10161909000000001,2,2,1.0,0.0,1.0,0,0,0,0
cifar10,20,2,mixed_maturity,rffl_reputation,dirichlet_lcb,benign_concept_drift,0.5,9,9,5,0.281,0.03722222222222222,0.09446434,2,2,1.0,0.0,1.0,0,0,0,0
cifar10,20,2,mixed_maturity,rffl_reputation,dirichlet_lcb,benign_concept_drift,0.5,9,10,5,0.2815,0.09444444444444444,0.08863554177271084,2,2,1.0,0.0,1.0,0,0,0,0
cifar10,20,2,mixed_maturity,rffl_reputation,dirichlet_lcb,benign_concept_drift,0.5,9,11,5,0.2855,0.006111111111111111,0.0813761291862387,2,2,1.0,0.0,1.0,0,0,0,0
cifar10,20,2,mixed_maturity,rffl_reputation,dirichlet_lcb,benign_concept_drift,0.5,9,12,5,0.304,0.052222222222222225,0.08731131999999998,2,2,1.0,0.0,1.0,0,0,0,0
cifar10,20,2,mixed_maturity,rffl_reputation,dirichlet_lcb,benign_concept_drift,0.5,9,13,5,0.33,0.009444444444444445,0.0942451709424517,2,2,1.0,0.0,1.0,0,0,0,0
cifar10,20,2,mixed_maturity,rffl_reputation,dirichlet_lcb,benign_concept_drift,0.5,9,14,5,0.317,0.05277777777777778,0.10917715,2,2,1.0,0.0,1.0,0,0,0,0
cifar10,20,2,mixed_maturity,rffl_reputation,dirichlet_lcb,benign_concept_drift,0.5,9,15,5,0.3365,0.1761111111111111,0.11467637885323621,2,2,1.0,0.0,1.0,0,0,0,0
cifar10,20,2,mixed_maturity,rffl_reputation,dirichlet_lcb,benign_concept_drift,0.5,9,16,5,0.3145,0.0022222222222222222,0.11466470343994112,2,2,1.0,0.0,1.0,0,0,0,0
cifar10,20,2,mixed_maturity,rffl_reputation,dirichlet_lcb,benign_concept_drift,0.5,9,17,5,0.331,0.05722222222222222,0.12829087128290875,2,2,1.0,0.0,1.0,0,0,0,0
cifar10,20,2,mixed_maturity,rffl_reputation,dirichlet_lcb,benign_concept_drift,0.5,9,18,5,0.31,0.021111111111111112,0.12467706875322931,2,2,1.0,0.0,1.0,0,0,0,0
cifar10,20,2,mixed_maturity,rffl_reputation,dirichlet_lcb,benign_concept_drift,0.5,9,19,5,0.334,0.09055555555555556,0.10656862786862745,2,2,1.0,0.0,1.0,0,0,0,0
cifar10,20,2,mixed_maturity,rffl_reputation,dirichlet_lcb,benign_concept_drift,0.5,9,20,5,0.285,0.03222222222222222,0.10392890103928903,2,2,1.0,0.0,1.0,0,0,0,0
cifar10,20,2,mixed_maturity,rffl_reputation,dirichlet_lcb,benign_concept_drift,0.5,9,21,5,0.325,0.05277777777777778,0.11481527999999999,2,2,1.0,0.0,1.0,0,0,0,0
cifar10,20,2,mixed_maturity,rffl_reputation,dirichlet_lcb,benign_concept_drift,0.5,9,22,5,0.329,0.0044444444444444444,0.1104133511041335,2,2,1.0,0.0,1.0,0,0,0,0
cifar10,20,2,mixed_maturity,rffl_reputation,dirichlet_lcb,benign_concept_drift,0.5,9,23,5,0.3095,0.07333333333333333,0.11428108114281081,2,2,1.0,0.0,1.0,0,0,0,0
cifar10,20,2,mixed_maturity,rffl_reputation,dirichlet_lcb,benign_concept_drift,0.5,9,24,5,0.3505,0.041666666666666664,0.11873876999999997,2,2,1.0,0.0,1.0,0,0,0,0
cifar10,20,2,mixed_maturity,rffl_reputation,dirichlet_lcb,benign_concept_drift,0.5,9,25,5,0.3415,0.05388888888888889,0.1047591610475916,2,2,1.0,0.0,1.0,0,0,0,0
cifar10,20,2,mixed_maturity,rffl_reputation,dirichlet_lcb,benign_concept_drift,0.5,9,26,5,0.353,0.015555555555555555,0.10387545792249084,2,2,1.0,0.0,1.0,0,0,0,0
cifar10,20,2,mixed_maturity,rffl_reputation,dirichlet_lcb,benign_concept_drift,0.5,9,27,5,0.349,0.016666666666666666,0.0971675190283248,2,2,1.0,0.0,1.0,0,0,0,0
cifar10,20,2,mixed_maturity,rffl_reputation,dirichlet_lcb,benign_concept_drift,0.5,9,28,5,0.373,0.03833333333333333,0.09394456000000002,2,2,1.0,0.0,1.0,0,0,0,0
cifar10,20,2,mixed_maturity,rffl_reputation,dirichlet_lcb,benign_concept_drift,0.5,9,29,5,0.3305,0.059444444444444446,0.09903602900963969,2,2,1.0,0.0,1.0,0,0,0,0
cifar10,20,2,mixed_maturity,rffl_reputation,dirichlet_lcb,benign_concept_drift,0.5,9,30,5,0.3165,0.125,0.10670443213408863,2,2,1.0,0.0,1.0,0,0,0,0
cifar10,20,2,mixed_maturity,rffl_reputation,dirichlet_lcb,benign_concept_drift,0.5,9,31,5,0.3405,0.125,0.11229299112292991,2,2,1.0,0.0,1.0,0,0,0,0
cifar10,20,2,mixed_maturity,rffl_reputation,dirichlet_lcb,benign_concept_drift,0.5,9,32,5,0.3595,0.08611111111111111,0.11530741884692579,2,2,1.0,0.0,1.0,0,0,0,0
cifar10,20,2,mixed_maturity,rffl_reputation,dirichlet_lcb,benign_concept_drift,0.5,9,33,5,0.3475,0.20222222222222222,0.09871884197437684,2,2,1.0,0.0,1.0,0,0,0,0
cifar10,20,2,mixed_maturity,rffl_reputation,dirichlet_lcb,benign_concept_drift,0.5,9,34,5,0.362,0.04055555555555555,0.10185781898142182,2,2,1.0,0.0,1.0,0,0,0,0
cifar10,20,2,mixed_maturity,rffl_reputation,dirichlet_lcb,benign_concept_drift,0.5,9,35,5,0.3655,0.021666666666666667,0.10531078894689212,2,2,1.0,0.0,1.0,0,0,0,0
cifar10,20,2,mixed_maturity,rffl_reputation,dirichlet_lcb,benign_concept_drift,0.5,9,36,5,0.33,0.03666666666666667,0.11599090115990904,2,2,1.0,0.0,1.0,0,0,0,0
cifar10,20,2,mixed_maturity,rffl_reputation,dirichlet_lcb,benign_concept_drift,0.5,9,37,5,0.3255,0.06944444444444445,0.11589779115897791,2,2,1.0,0.0,1.0,0,0,0,0
cifar10,20,2,mixed_maturity,rffl_reputation,dirichlet_lcb,benign_concept_drift,0.5,9,38,5,0.3295,0.1622222222222222,0.1222641338867933,2,2,1.0,0.0,1.0,0,0,0,0
cifar10,20,2,mixed_maturity,rffl_reputation,dirichlet_lcb,benign_concept_drift,0.5,9,39,5,0.296,0.11277777777777778,0.12210692755786144,2,2,1.0,0.0,1.0,0,0,0,0
cifar10,20,2,mixed_maturity,rffl_reputation,dirichlet_lcb,benign_concept_drift,0.5,9,40,5,0.352,0.06277777777777778,0.1365071386349286,2,2,1.0,0.0,1.0,0,0,0,0
cifar10,20,2,mixed_maturity,rffl_reputation,dirichlet_lcb,benign_concept_drift,0.5,9,41,5,0.3455,0.08277777777777778,0.13725874999999998,2,2,1.0,0.0,1.0,0,0,0,0
cifar10,20,2,mixed_maturity,rffl_reputation,dirichlet_lcb,benign_concept_drift,0.5,9,42,5,0.342,0.03333333333333333,0.14493049,2,2,1.0,0.0,1.0,0,0,0,0
cifar10,20,2,mixed_maturity,rffl_reputation,dirichlet_lcb,benign_concept_drift,0.5,9,43,5,0.3515,0.115,0.1209418512094185,2,2,1.0,0.0,1.0,0,0,0,0
cifar10,20,2,mixed_maturity,rffl_reputation,dirichlet_lcb,benign_concept_drift,0.5,9,44,5,0.349,0.02277777777777778,0.12144430121444302,2,2,1.0,0.0,1.0,0,0,0,0
cifar10,20,2,mixed_maturity,rffl_reputation,dirichlet_lcb,benign_concept_drift,0.5,9,45,5,0.334,0.0016666666666666668,0.12424510124245103,2,2,1.0,0.0,1.0,0,0,0,0
cifar10,20,2,mixed_maturity,rffl_reputation,dirichlet_lcb,benign_concept_drift,0.5,9,46,5,0.325,0.005,0.10685735106857348,2,2,1.0,0.0,1.0,0,0,0,0
cifar10,20,2,mixed_maturity,rffl_reputation,dirichlet_lcb,benign_concept_drift,0.5,9,47,5,0.353,0.06722222222222222,0.09959646800807062,2,2,1.0,0.0,1.0,0,0,0,0
cifar10,20,2,mixed_maturity,rffl_reputation,dirichlet_lcb,benign_concept_drift,0.5,9,48,5,0.3195,0.023333333333333334,0.1203282412032824,2,2,1.0,0.0,1.0,0,0,0,0
cifar10,20,2,mixed_maturity,rffl_reputation,dirichlet_lcb,benign_concept_drift,0.5,9,49,5,0.3495,0.03833333333333333,0.11415965885840341,2,2,1.0,0.0,1.0,0,0,0,0
cifar10,20,2,mixed_maturity,rffl_reputation,dirichlet_lcb,benign_concept_drift,0.5,9,50,5,0.363,0.051666666666666666,0.11680475116804753,2,2,1.0,0.0,1.0,0,0,0,0
cifar10,20,2,mixed_maturity,rffl_reputation,dirichlet_lcb,diverse_then_repeat_backdoor,0.5,0,1,5,0.1895,0.0,0.09999999999999998,2,2,1.0,0.0,1.0,0,0,0,0
cifar10,20,2,mixed_maturity,rffl_reputation,dirichlet_lcb,diverse_then_repeat_backdoor,0.5,0,2,5,0.202,0.0011111111111111111,0.09878521197570425,2,2,1.0,0.0,1.0,0,0,0,0
cifar10,20,2,mixed_maturity,rffl_reputation,dirichlet_lcb,diverse_then_repeat_backdoor,0.5,0,3,5,0.238,0.20333333333333334,0.08879666088796662,2,2,1.0,0.0,1.0,0,0,0,0
cifar10,20,2,mixed_maturity,rffl_reputation,dirichlet_lcb,diverse_then_repeat_backdoor,0.5,0,4,5,0.2325,0.005,0.07815138921848612,2,2,1.0,0.0,1.0,0,0,0,0
cifar10,20,2,mixed_maturity,rffl_reputation,dirichlet_lcb,diverse_then_repeat_backdoor,0.5,0,5,5,0.217,0.6444444444444445,0.07054376858912464,2,2,1.0,0.0,1.0,0,0,0,0
cifar10,20,2,mixed_maturity,rffl_reputation,dirichlet_lcb,diverse_then_repeat_backdoor,0.5,0,6,5,0.253,0.15611111111111112,0.07940815920591841,2,2,1.0,0.0,1.0,0,0,0,0
cifar10,20,2,mixed_maturity,rffl_reputation,dirichlet_lcb,diverse_then_repeat_backdoor,0.5,0,7,5,0.2895,0.2972222222222222,0.06791688,2,2,1.0,0.0,1.0,0,0,0,0
cifar10,20,2,mixed_maturity,rffl_reputation,dirichlet_lcb,diverse_then_repeat_backdoor,0.5,0,8,5,0.263,0.0005555555555555556,0.07360142,2,2,1.0,0.0,1.0,0,0,0,0
cifar10,20,2,mixed_maturity,rffl_reputation,dirichlet_lcb,diverse_then_repeat_backdoor,0.5,0,9,5,0.2875,0.06166666666666667,0.06799146796025599,2,2,1.0,0.0,1.0,0,0,0,0
cifar10,20,2,mixed_maturity,rffl_reputation,dirichlet_lcb,diverse_then_repeat_backdoor,0.5,0,10,5,0.2825,0.06833333333333333,0.07154360214630806,2,2,1.0,0.0,1.0,0,0,0,0
cifar10,20,2,mixed_maturity,rffl_reputation,dirichlet_lcb,diverse_then_repeat_backdoor,0.5,0,11,5,0.281,0.09666666666666666,0.06887800206634004,2,2,1.0,0.0,1.0,0,0,0,0
cifar10,20,2,mixed_maturity,rffl_reputation,dirichlet_lcb,diverse_then_repeat_backdoor,0.5,0,12,5,0.316,0.06388888888888888,0.08218571,2,2,1.0,0.0,1.0,0,0,0,0
cifar10,20,2,mixed_maturity,rffl_reputation,dirichlet_lcb,diverse_then_repeat_backdoor,0.5,0,13,5,0.3005,0.25555555555555554,0.0872727808727278,2,2,1.0,0.0,1.0,0,0,0,0
cifar10,20,2,mixed_maturity,rffl_reputation,dirichlet_lcb,diverse_then_repeat_backdoor,0.5,0,14,5,0.301,0.3016666666666667,0.09169756000000001,2,2,1.0,0.0,1.0,0,0,0,0
cifar10,20,2,mixed_maturity,rffl_reputation,dirichlet_lcb,diverse_then_repeat_backdoor,0.5,0,15,5,0.2995,0.18222222222222223,0.09750818000000003,2,2,1.0,0.0,1.0,0,0,0,0
cifar10,20,2,mixed_maturity,rffl_reputation,dirichlet_lcb,diverse_then_repeat_backdoor,0.5,0,16,5,0.309,0.11666666666666667,0.09326445093264452,2,2,1.0,0.0,1.0,0,0,0,0
cifar10,20,2,mixed_maturity,rffl_reputation,dirichlet_lcb,diverse_then_repeat_backdoor,0.5,0,17,5,0.3045,0.4177777777777778,0.10216249999999999,2,2,1.0,0.0,1.0,0,0,0,0
cifar10,20,2,mixed_maturity,rffl_reputation,dirichlet_lcb,diverse_then_repeat_backdoor,0.5,0,18,5,0.3425,0.27555555555555555,0.10732576107325763,2,2,1.0,0.0,1.0,0,0,0,0
cifar10,20,2,mixed_maturity,rffl_reputation,dirichlet_lcb,diverse_then_repeat_backdoor,0.5,0,19,5,0.3075,0.3022222222222222,0.10135500898644992,2,2,1.0,0.0,1.0,0,0,0,0
cifar10,20,2,mixed_maturity,rffl_reputation,dirichlet_lcb,diverse_then_repeat_backdoor,0.5,0,20,5,0.3045,0.08,0.10713922107139222,2,2,1.0,0.0,1.0,0,0,0,0
cifar10,20,2,mixed_maturity,rffl_reputation,dirichlet_lcb,diverse_then_repeat_backdoor,0.5,0,21,5,0.3225,0.2,0.11082847,2,2,1.0,0.0,1.0,0,0,0,0
cifar10,20,2,mixed_maturity,rffl_reputation,dirichlet_lcb,diverse_then_repeat_backdoor,0.5,0,22,5,0.3475,0.2972222222222222,0.10836674108366742,2,2,1.0,0.0,1.0,0,0,0,0
cifar10,20,2,mixed_maturity,rffl_reputation,dirichlet_lcb,diverse_then_repeat_backdoor,0.5,0,23,5,0.3265,0.3388888888888889,0.10689764,2,2,1.0,0.0,1.0,0,0,0,0
cifar10,20,2,mixed_maturity,rffl_reputation,dirichlet_lcb,diverse_then_repeat_backdoor,0.5,0,24,5,0.3025,0.5338888888888889,0.11952148358564453,2,2,1.0,0.0,1.0,0,0,0,0
cifar10,20,2,mixed_maturity,rffl_reputation,dirichlet_lcb,diverse_then_repeat_backdoor,0.5,0,25,5,0.3165,0.5138888888888888,0.13422154865778452,2,2,1.0,0.0,1.0,0,0,0,0
cifar10,20,2,mixed_maturity,rffl_reputation,dirichlet_lcb,diverse_then_repeat_backdoor,0.5,0,26,5,0.334,0.48944444444444446,0.13504553270091066,2,2,1.0,0.0,1.0,0,0,0,0
cifar10,20,2,mixed_maturity,rffl_reputation,dirichlet_lcb,diverse_then_repeat_backdoor,0.5,0,27,5,0.3365,0.2311111111111111,0.14037544859624548,2,2,1.0,0.0,1.0,0,0,0,0
cifar10,20,2,mixed_maturity,rffl_reputation,dirichlet_lcb,diverse_then_repeat_backdoor,0.5,0,28,5,0.345,0.3372222222222222,0.14756211,2,2,1.0,0.0,1.0,0,0,0,0
cifar10,20,2,mixed_maturity,rffl_reputation,dirichlet_lcb,diverse_then_repeat_backdoor,0.5,0,29,5,0.324,0.3333333333333333,0.15032499150324988,2,2,1.0,0.0,1.0,0,0,0,0
cifar10,20,2,mixed_maturity,rffl_reputation,dirichlet_lcb,diverse_then_repeat_backdoor,0.5,0,30,5,0.338,0.2238888888888889,0.16620228332404569,2,2,1.0,0.0,1.0,0,0,0,0
cifar10,20,2,mixed_maturity,rffl_reputation,dirichlet_lcb,diverse_then_repeat_backdoor,0.5,0,31,5,0.302,0.34055555555555556,0.16949121169491216,2,2,1.0,0.0,1.0,0,0,0,0
cifar10,20,2,mixed_maturity,rffl_reputation,dirichlet_lcb,diverse_then_repeat_backdoor,0.5,0,32,5,0.308,0.47833333333333333,0.1861065118610651,2,2,1.0,0.0,1.0,0,0,0,0
cifar10,20,2,mixed_maturity,rffl_reputation,dirichlet_lcb,diverse_then_repeat_backdoor,0.5,0,33,5,0.3145,0.7516666666666667,0.1907129861857402,2,2,1.0,0.0,1.0,0,0,0,0
cifar10,20,2,mixed_maturity,rffl_reputation,dirichlet_lcb,diverse_then_repeat_backdoor,0.5,0,34,5,0.336,0.2238888888888889,0.20220273595594526,2,2,1.0,0.0,1.0,0,0,0,0
cifar10,20,2,mixed_maturity,rffl_reputation,dirichlet_lcb,diverse_then_repeat_backdoor,0.5,0,35,5,0.303,0.11944444444444445,0.20593834,2,2,1.0,0.0,1.0,0,0,0,0
cifar10,20,2,mixed_maturity,rffl_reputation,dirichlet_lcb,diverse_then_repeat_backdoor,0.5,0,36,5,0.328,0.6083333333333333,0.22067974220679742,2,2,1.0,0.0,1.0,0,0,0,0
cifar10,20,2,mixed_maturity,rffl_reputation,dirichlet_lcb,diverse_then_repeat_backdoor,0.5,0,37,5,0.3055,0.4911111111111111,0.22102731221027316,2,2,1.0,0.0,1.0,0,0,0,0
cifar10,20,2,mixed_maturity,rffl_reputation,dirichlet_lcb,diverse_then_repeat_backdoor,0.5,0,38,5,0.3385,0.45055555555555554,0.21698983783010162,2,2,1.0,0.0,1.0,0,0,0,0
cifar10,20,2,mixed_maturity,rffl_reputation,dirichlet_lcb,diverse_then_repeat_backdoor,0.5,0,39,5,0.3655,0.5977777777777777,0.20430982795690172,2,2,1.0,0.0,1.0,0,0,0,0
cifar10,20,2,mixed_maturity,rffl_reputation,dirichlet_lcb,diverse_then_repeat_backdoor,0.5,0,40,5,0.338,0.7183333333333334,0.20036348,2,2,1.0,0.0,1.0,0,0,0,0
cifar10,20,2,mixed_maturity,rffl_reputation,dirichlet_lcb,diverse_then_repeat_backdoor,0.5,0,41,5,0.3205,0.38666666666666666,0.20175272201752717,2,2,1.0,0.0,1.0,0,0,0,0
cifar10,20,2,mixed_maturity,rffl_reputation,dirichlet_lcb,diverse_then_repeat_backdoor,0.5,0,42,5,0.325,0.5833333333333334,0.2089394641787893,2,2,1.0,0.0,1.0,0,0,0,0
cifar10,20,2,mixed_maturity,rffl_reputation,dirichlet_lcb,diverse_then_repeat_backdoor,0.5,0,43,5,0.338,0.6627777777777778,0.1858178281418217,2,2,1.0,0.0,1.0,0,0,0,0
cifar10,20,2,mixed_maturity,rffl_reputation,dirichlet_lcb,diverse_then_repeat_backdoor,0.5,0,44,5,0.3145,0.5861111111111111,0.18340227816597723,2,2,1.0,0.0,1.0,0,0,0,0
cifar10,20,2,mixed_maturity,rffl_reputation,dirichlet_lcb,diverse_then_repeat_backdoor,0.5,0,45,5,0.3355,0.5816666666666667,0.17929137820708624,2,2,1.0,0.0,1.0,0,0,0,0
cifar10,20,2,mixed_maturity,rffl_reputation,dirichlet_lcb,diverse_then_repeat_backdoor,0.5,0,46,5,0.315,0.5505555555555556,0.17000812000000004,2,2,1.0,0.0,1.0,0,0,0,0
cifar10,20,2,mixed_maturity,rffl_reputation,dirichlet_lcb,diverse_then_repeat_backdoor,0.5,0,47,5,0.3485,0.6144444444444445,0.16772426167724264,2,2,1.0,0.0,1.0,0,0,0,0
cifar10,20,2,mixed_maturity,rffl_reputation,dirichlet_lcb,diverse_then_repeat_backdoor,0.5,0,48,5,0.3315,0.5038888888888889,0.1555922515559225,2,2,1.0,0.0,1.0,0,0,0,0
cifar10,20,2,mixed_maturity,rffl_reputation,dirichlet_lcb,diverse_then_repeat_backdoor,0.5,0,49,5,0.335,0.7938888888888889,0.15358757692824848,2,2,1.0,0.0,1.0,0,0,0,0
cifar10,20,2,mixed_maturity,rffl_reputation,dirichlet_lcb,diverse_then_repeat_backdoor,0.5,0,50,5,0.344,0.4411111111111111,0.15308153540755395,2,2,1.0,0.0,1.0,0,0,0,0
cifar10,20,2,mixed_maturity,rffl_reputation,dirichlet_lcb,diverse_then_repeat_backdoor,0.5,1,1,5,0.223,0.21722222222222223,0.09999999999999998,2,2,1.0,0.0,1.0,0,0,0,0
cifar10,20,2,mixed_maturity,rffl_reputation,dirichlet_lcb,diverse_then_repeat_backdoor,0.5,1,2,5,0.169,0.0033333333333333335,0.10005129000000003,2,2,1.0,0.0,1.0,0,0,0,0
cifar10,20,2,mixed_maturity,rffl_reputation,dirichlet_lcb,diverse_then_repeat_backdoor,0.5,1,3,5,0.2005,0.585,0.08251697,2,2,1.0,0.0,1.0,0,0,0,0
cifar10,20,2,mixed_maturity,rffl_reputation,dirichlet_lcb,diverse_then_repeat_backdoor,0.5,1,4,5,0.2245,0.006666666666666667,0.0906599709065997,2,2,1.0,0.0,1.0,0,0,0,0
cifar10,20,2,mixed_maturity,rffl_reputation,dirichlet_lcb,diverse_then_repeat_backdoor,0.5,1,5,5,0.2405,0.26,0.0671886493281135,2,2,1.0,0.0,1.0,0,0,0,0
cifar10,20,2,mixed_maturity,rffl_reputation,dirichlet_lcb,diverse_then_repeat_backdoor,0.5,1,6,5,0.263,0.07944444444444444,0.06578206000000002,2,2,1.0,0.0,1.0,0,0,0,0
cifar10,20,2,mixed_maturity,rffl_reputation,dirichlet_lcb,diverse_then_repeat_backdoor,0.5,1,7,5,0.2775,0.02722222222222222,0.05845471941545283,2,2,1.0,0.0,1.0,0,0,0,0
cifar10,20,2,mixed_maturity,rffl_reputation,dirichlet_lcb,diverse_then_repeat_backdoor,0.5,1,8,5,0.3025,0.11777777777777777,0.06568147131362943,2,2,1.0,0.0,1.0,0,0,0,0
cifar10,20,2,mixed_maturity,rffl_reputation,dirichlet_lcb,diverse_then_repeat_backdoor,0.5,1,9,5,0.3005,0.17055555555555554,0.06249651124993022,2,2,1.0,0.0,1.0,0,0,0,0
cifar10,20,2,mixed_maturity,rffl_reputation,dirichlet_lcb,diverse_then_repeat_backdoor,0.5,1,10,5,0.28,0.265,0.06432816871343662,2,2,1.0,0.0,1.0,0,0,0,0
cifar10,20,2,mixed_maturity,rffl_reputation,dirichlet_lcb,diverse_then_repeat_backdoor,0.5,1,11,5,0.3045,0.1761111111111111,0.06461690935383091,2,2,1.0,0.0,1.0,0,0,0,0
cifar10,20,2,mixed_maturity,rffl_reputation,dirichlet_lcb,diverse_then_repeat_backdoor,0.5,1,12,5,0.284,0.17444444444444446,0.06456816,2,2,1.0,0.0,1.0,0,0,0,0
cifar10,20,2,mixed_maturity,rffl_reputation,dirichlet_lcb,diverse_then_repeat_backdoor,0.5,1,13,5,0.29,0.08,0.06749319067493192,2,2,1.0,0.0,1.0,0,0,0,0
cifar10,20,2,mixed_maturity,rffl_reputation,dirichlet_lcb,diverse_then_repeat_backdoor,0.5,1,14,5,0.2985,0.3861111111111111,0.0668074306680743,2,2,1.0,0.0,1.0,0,0,0,0
cifar10,20,2,mixed_maturity,rffl_reputation,dirichlet_lcb,diverse_then_repeat_backdoor,0.5,1,15,5,0.321,0.1827777777777778,0.07423834851523303,2,2,1.0,0.0,1.0,0,0,0,0
cifar10,20,2,mixed_maturity,rffl_reputation,dirichlet_lcb,diverse_then_repeat_backdoor,0.5,1,16,5,0.318,0.010555555555555556,0.07955453920445461,2,2,1.0,0.0,1.0,0,0,0,0
cifar10,20,2,mixed_maturity,rffl_reputation,dirichlet_lcb,diverse_then_repeat_backdoor,0.5,1,17,5,0.284,0.07388888888888889,0.07408429925915702,2,2,1.0,0.0,1.0,0,0,0,0
cifar10,20,2,mixed_maturity,rffl_reputation,dirichlet_lcb,diverse_then_repeat_backdoor,0.5,1,18,5,0.2895,0.37722222222222224,0.0893045708930457,2,2,1.0,0.0,1.0,0,0,0,0
cifar10,20,2,mixed_maturity,rffl_reputation,dirichlet_lcb,diverse_then_repeat_backdoor,0.5,1,19,5,0.2855,0.22,0.08621319,2,2,1.0,0.0,1.0,0,0,0,0
cifar10,20,2,mixed_maturity,rffl_reputation,dirichlet_lcb,diverse_then_repeat_backdoor,0.5,1,20,5,0.33,0.07388888888888889,0.0828157708281577,2,2,1.0,0.0,1.0,0,0,0,0
cifar10,20,2,mixed_maturity,rffl_reputation,dirichlet_lcb,diverse_then_repeat_backdoor,0.5,1,21,5,0.296,0.30944444444444447,0.0955719490442805,2,2,1.0,0.0,1.0,0,0,0,0
cifar10,20,2,mixed_maturity,rffl_reputation,dirichlet_lcb,diverse_then_repeat_backdoor,0.5,1,22,5,0.285,0.4727777777777778,0.11190263888097361,2,2,1.0,0.0,1.0,0,0,0,0
cifar10,20,2,mixed_maturity,rffl_reputation,dirichlet_lcb,diverse_then_repeat_backdoor,0.5,1,23,5,0.3165,0.002777777777777778,0.13441215134412152,2,2,1.0,0.0,1.0,0,0,0,0
cifar10,20,2,mixed_maturity,rffl_reputation,dirichlet_lcb,diverse_then_repeat_backdoor,0.5,1,24,5,0.3265,0.4116666666666667,0.11741354999999999,2,2,1.0,0.0,1.0,0,0,0,0
cifar10,20,2,mixed_maturity,rffl_reputation,dirichlet_lcb,diverse_then_repeat_backdoor,0.5,1,25,5,0.351,0.12277777777777778,0.13385064133850644,2,2,1.0,0.0,1.0,0,0,0,0
cifar10,20,2,mixed_maturity,rffl_reputation,dirichlet_lcb,diverse_then_repeat_backdoor,0.5,1,26,5,0.3275,0.37833333333333335,0.1294894,2,2,1.0,0.0,1.0,0,0,0,0
cifar10,20,2,mixed_maturity,rffl_reputation,dirichlet_lcb,diverse_then_repeat_backdoor,0.5,1,27,5,0.3225,0.10444444444444445,0.14724373294487467,2,2,1.0,0.0,1.0,0,0,0,0
cifar10,20,2,mixed_maturity,rffl_reputation,dirichlet_lcb,diverse_then_repeat_backdoor,0.5,1,28,5,0.3195,0.30722222222222223,0.14336894286737886,2,2,1.0,0.0,1.0,0,0,0,0
cifar10,20,2,mixed_maturity,rffl_reputation,dirichlet_lcb,diverse_then_repeat_backdoor,0.5,1,29,5,0.3335,0.37222222222222223,0.1592904531858091,2,2,1.0,0.0,1.0,0,0,0,0
cifar10,20,2,mixed_maturity,rffl_reputation,dirichlet_lcb,diverse_then_repeat_backdoor,0.5,1,30,5,0.3125,0.4811111111111111,0.1663329883366701,2,2,1.0,0.0,1.0,0,0,0,0
cifar10,20,2,mixed_maturity,rffl_reputation,dirichlet_lcb,diverse_then_repeat_backdoor,0.5,1,31,5,0.326,0.2511111111111111,0.17515922175159224,2,2,1.0,0.0,1.0,0,0,0,0
cifar10,20,2,mixed_maturity,rffl_reputation,dirichlet_lcb,diverse_then_repeat_backdoor,0.5,1,32,5,0.3085,0.16111111111111112,0.1671196,2,2,1.0,0.0,1.0,0,0,0,0
cifar10,20,2,mixed_maturity,rffl_reputation,dirichlet_lcb,diverse_then_repeat_backdoor,0.5,1,33,5,0.3465,0.30333333333333334,0.16372837,2,2,1.0,0.0,1.0,0,0,0,0
cifar10,20,2,mixed_maturity,rffl_reputation,dirichlet_lcb,diverse_then_repeat_backdoor,0.5,1,34,5,0.331,0.3527777777777778,0.16924833661503325,2,2,1.0,0.0,1.0,0,0,0,0
cifar10,20,2,mixed_maturity,rffl_reputation,dirichlet_lcb,diverse_then_repeat_backdoor,0.5,1,35,5,0.337,0.3566666666666667,0.17819836643603265,2,2,1.0,0.0,1.0,0,0,0,0
cifar10,20,2,mixed_maturity,rffl_reputation,dirichlet_lcb,diverse_then_repeat_backdoor,0.5,1,36,5,0.3235,0.40055555555555555,0.17565343175653433,2,2,1.0,0.0,1.0,0,0,0,0
cifar10,20,2,mixed_maturity,rffl_reputation,dirichlet_lcb,diverse_then_repeat_backdoor,0.5,1,37,5,0.316,0.25222222222222224,0.17381540173815402,2,2,1.0,0.0,1.0,0,0,0,0
cifar10,20,2,mixed_maturity,rffl_reputation,dirichlet_lcb,diverse_then_repeat_backdoor,0.5,1,38,5,0.3065,0.21611111111111111,0.1794286,2,2,1.0,0.0,1.0,0,0,0,0
cifar10,20,2,mixed_maturity,rffl_reputation,dirichlet_lcb,diverse_then_repeat_backdoor,0.5,1,39,5,0.352,0.34,0.17981853179818533,2,2,1.0,0.0,1.0,0,0,0,0
cifar10,20,2,mixed_maturity,rffl_reputation,dirichlet_lcb,diverse_then_repeat_backdoor,0.5,1,40,5,0.312,0.48,0.17294296,2,2,1.0,0.0,1.0,0,0,0,0
cifar10,20,2,mixed_maturity,rffl_reputation,dirichlet_lcb,diverse_then_repeat_backdoor,0.5,1,41,5,0.3325,0.6033333333333334,0.18109647,2,2,1.0,0.0,1.0,0,0,0,0
cifar10,20,2,mixed_maturity,rffl_reputation,dirichlet_lcb,diverse_then_repeat_backdoor,0.5,1,42,5,0.309,0.20666666666666667,0.17544957175449571,2,2,1.0,0.0,1.0,0,0,0,0
cifar10,20,2,mixed_maturity,rffl_reputation,dirichlet_lcb,diverse_then_repeat_backdoor,0.5,1,43,5,0.3365,0.6122222222222222,0.14836336,2,2,1.0,0.0,1.0,0,0,0,0
cifar10,20,2,mixed_maturity,rffl_reputation,dirichlet_lcb,diverse_then_repeat_backdoor,0.5,1,44,5,0.33,0.6388888888888888,0.15965765,2,2,1.0,0.0,1.0,0,0,0,0
cifar10,20,2,mixed_maturity,rffl_reputation,dirichlet_lcb,diverse_then_repeat_backdoor,0.5,1,45,5,0.323,0.5294444444444445,0.16699064,2,2,1.0,0.0,1.0,0,0,0,0
cifar10,20,2,mixed_maturity,rffl_reputation,dirichlet_lcb,diverse_then_repeat_backdoor,0.5,1,46,5,0.293,0.6805555555555556,0.15651222843487772,2,2,1.0,0.0,1.0,0,0,0,0
cifar10,20,2,mixed_maturity,rffl_reputation,dirichlet_lcb,diverse_then_repeat_backdoor,0.5,1,47,5,0.3395,0.5805555555555556,0.16741671,2,2,1.0,0.0,1.0,0,0,0,0
cifar10,20,2,mixed_maturity,rffl_reputation,dirichlet_lcb,diverse_then_repeat_backdoor,0.5,1,48,5,0.3185,0.5938888888888889,0.15603916000000004,2,2,1.0,0.0,1.0,0,0,0,0
cifar10,20,2,mixed_maturity,rffl_reputation,dirichlet_lcb,diverse_then_repeat_backdoor,0.5,1,49,5,0.3175,0.7411111111111112,0.14650643293012866,2,2,1.0,0.0,1.0,0,0,0,0
cifar10,20,2,mixed_maturity,rffl_reputation,dirichlet_lcb,diverse_then_repeat_backdoor,0.5,1,50,5,0.3545,0.5605555555555556,0.14863676851363233,2,2,1.0,0.0,1.0,0,0,0,0
cifar10,20,2,mixed_maturity,rffl_reputation,dirichlet_lcb,diverse_then_repeat_backdoor,0.5,2,1,5,0.218,0.0,0.09999999999999998,2,2,1.0,0.0,1.0,0,0,0,0
cifar10,20,2,mixed_maturity,rffl_reputation,dirichlet_lcb,diverse_then_repeat_backdoor,0.5,2,2,5,0.209,0.056666666666666664,0.09711989194239785,2,2,1.0,0.0,1.0,0,0,0,0
cifar10,20,2,mixed_maturity,rffl_reputation,dirichlet_lcb,diverse_then_repeat_backdoor,0.5,2,3,5,0.2155,0.32611111111111113,0.08929211910707882,2,2,1.0,0.0,1.0,0,0,0,0
cifar10,20,2,mixed_maturity,rffl_reputation,dirichlet_lcb,diverse_then_repeat_backdoor,0.5,2,4,5,0.23,0.3011111111111111,0.08751549175030984,2,2,1.0,0.0,1.0,0,0,0,0
cifar10,20,2,mixed_maturity,rffl_reputation,dirichlet_lcb,diverse_then_repeat_backdoor,0.5,2,5,5,0.25,0.065,0.08627539913724602,2,2,1.0,0.0,1.0,0,0,0,0
cifar10,20,2,mixed_maturity,rffl_reputation,dirichlet_lcb,diverse_then_repeat_backdoor,0.5,2,6,5,0.2685,0.35777777777777775,0.08354534167090683,2,2,1.0,0.0,1.0,0,0,0,0
cifar10,20,2,mixed_maturity,rffl_reputation,dirichlet_lcb,diverse_then_repeat_backdoor,0.5,2,7,5,0.2685,0.4761111111111111,0.08801757000000002,2,2,1.0,0.0,1.0,0,0,0,0
cifar10,20,2,mixed_maturity,rffl_reputation,dirichlet_lcb,diverse_then_repeat_backdoor,0.5,2,8,5,0.3225,0.10166666666666667,0.09179829908201702,2,2,1.0,0.0,1.0,0,0,0,0
cifar10,20,2,mixed_maturity,rffl_reputation,dirichlet_lcb,diverse_then_repeat_backdoor,0.5,2,9,5,0.296,0.2916666666666667,0.09183333908166659,2,2,1.0,0.0,1.0,0,0,0,0
cifar10,20,2,mixed_maturity,rffl_reputation,dirichlet_lcb,diverse_then_repeat_backdoor,0.5,2,10,5,0.3405,0.26722222222222225,0.09472087810558244,2,2,1.0,0.0,1.0,0,0,0,0
cifar10,20,2,mixed_maturity,rffl_reputation,dirichlet_lcb,diverse_then_repeat_backdoor,0.5,2,11,5,0.3135,0.10444444444444445,0.09262832907371672,2,2,1.0,0.0,1.0,0,0,0,0
cifar10,20,2,mixed_maturity,rffl_reputation,dirichlet_lcb,diverse_then_repeat_backdoor,0.5,2,12,5,0.2295,0.6455555555555555,0.09361348000000001,2,2,1.0,0.0,1.0,0,0,0,0
cifar10,20,2,mixed_maturity,rffl_reputation,dirichlet_lcb,diverse_then_repeat_backdoor,0.5,2,13,5,0.3185,0.3527777777777778,0.1017934410179344,2,2,1.0,0.0,1.0,0,0,0,0
cifar10,20,2,mixed_maturity,rffl_reputation,dirichlet_lcb,diverse_then_repeat_backdoor,0.5,2,14,5,0.33,0.2816666666666667,0.0980818809808188,2,2,1.0,0.0,1.0,0,0,0,0
cifar10,20,2,mixed_maturity,rffl_reputation,dirichlet_lcb,diverse_then_repeat_backdoor,0.5,2,15,5,0.3265,0.2688888888888889,0.09569917999999997,2,2,1.0,0.0,1.0,0,0,0,0
cifar10,20,2,mixed_maturity,rffl_reputation,dirichlet_lcb,diverse_then_repeat_backdoor,0.5,2,16,5,0.274,0.24222222222222223,0.10109424898905749,2,2,1.0,0.0,1.0,0,0,0,0
cifar10,20,2,mixed_maturity,rffl_reputation,dirichlet_lcb,diverse_then_repeat_backdoor,0.5,2,17,5,0.2935,0.5661111111111111,0.10959772219195445,2,2,1.0,0.0,1.0,0,0,0,0
cifar10,20,2,mixed_maturity,rffl_reputation,dirichlet_lcb,diverse_then_repeat_backdoor,0.5,2,18,5,0.312,0.10388888888888889,0.10873425000000002,2,2,1.0,0.0,1.0,0,0,0,0
cifar10,20,2,mixed_maturity,rffl_reputation,dirichlet_lcb,diverse_then_repeat_backdoor,0.5,2,19,5,0.298,0.2038888888888889,0.09875579000000001,2,2,1.0,0.0,1.0,0,0,0,0
cifar10,20,2,mixed_maturity,rffl_reputation,dirichlet_lcb,diverse_then_repeat_backdoor,0.5,2,20,5,0.3395,0.2911111111111111,0.1055452710554527,2,2,1.0,0.0,1.0,0,0,0,0
cifar10,20,2,mixed_maturity,rffl_reputation,dirichlet_lcb,diverse_then_repeat_backdoor,0.5,2,21,5,0.338,0.24444444444444444,0.10763258,2,2,1.0,0.0,1.0,0,0,0,0
cifar10,20,2,mixed_maturity,rffl_reputation,dirichlet_lcb,diverse_then_repeat_backdoor,0.5,2,22,5,0.3435,0.4338888888888889,0.11121667000000003,2,2,1.0,0.0,1.0,0,0,0,0
cifar10,20,2,mixed_maturity,rffl_reputation,dirichlet_lcb,diverse_then_repeat_backdoor,0.5,2,23,5,0.277,0.6483333333333333,0.12031712120317122,2,2,1.0,0.0,1.0,0,0,0,0
cifar10,20,2,mixed_maturity,rffl_reputation,dirichlet_lcb,diverse_then_repeat_backdoor,0.5,2,24,5,0.3195,0.1288888888888889,0.13616826999999998,2,2,1.0,0.0,1.0,0,0,0,0
cifar10,20,2,mixed_maturity,rffl_reputation,dirichlet_lcb,diverse_then_repeat_backdoor,0.5,2,25,5,0.3435,0.34555555555555556,0.13956232139562322,2,2,1.0,0.0,1.0,0,0,0,0
cifar10,20,2,mixed_maturity,rffl_reputation,dirichlet_lcb,diverse_then_repeat_backdoor,0.5,2,26,5,0.326,0.03166666666666667,0.14479298855207012,2,2,1.0,0.0,1.0,0,0,0,0
cifar10,20,2,mixed_maturity,rffl_reputation,dirichlet_lcb,diverse_then_repeat_backdoor,0.5,2,27,5,0.346,0.125,0.14019784,2,2,1.0,0.0,1.0,0,0,0,0
cifar10,20,2,mixed_maturity,rffl_reputation,dirichlet_lcb,diverse_then_repeat_backdoor,0.5,2,28,5,0.325,0.2561111111111111,0.1486834485131655,2,2,1.0,0.0,1.0,0,0,0,0
cifar10,20,2,mixed_maturity,rffl_reputation,dirichlet_lcb,diverse_then_repeat_backdoor,0.5,2,29,5,0.3345,0.15388888888888888,0.15264040694719186,2,2,1.0,0.0,1.0,0,0,0,0
cifar10,20,2,mixed_maturity,rffl_reputation,dirichlet_lcb,diverse_then_repeat_backdoor,0.5,2,30,5,0.307,0.5644444444444444,0.1401608614016086,2,2,1.0,0.0,1.0,0,0,0,0
cifar10,20,2,mixed_maturity,rffl_reputation,dirichlet_lcb,diverse_then_repeat_backdoor,0.5,2,31,5,0.3325,0.5311111111111111,0.14551886999999997,2,2,1.0,0.0,1.0,0,0,0,0
cifar10,20,2,mixed_maturity,rffl_reputation,dirichlet_lcb,diverse_then_repeat_backdoor,0.5,2,32,5,0.3605,0.38722222222222225,0.14778316,2,2,1.0,0.0,1.0,0,0,0,0
cifar10,20,2,mixed_maturity,rffl_reputation,dirichlet_lcb,diverse_then_repeat_backdoor,0.5,2,33,5,0.3555,0.4766666666666667,0.14107725858922737,2,2,1.0,0.0,1.0,0,0,0,0
cifar10,20,2,mixed_maturity,rffl_reputation,dirichlet_lcb,diverse_then_repeat_backdoor,0.5,2,34,5,0.3525,0.5472222222222223,0.14846506851534932,2,2,1.0,0.0,1.0,0,0,0,0
cifar10,20,2,mixed_maturity,rffl_reputation,dirichlet_lcb,diverse_then_repeat_backdoor,0.5,2,35,5,0.31,0.6377777777777778,0.14720965558371035,2,2,1.0,0.0,1.0,0,0,0,0
cifar10,20,2,mixed_maturity,rffl_reputation,dirichlet_lcb,diverse_then_repeat_backdoor,0.5,2,36,5,0.354,0.5388888888888889,0.1611585,2,2,1.0,0.0,1.0,0,0,0,0
cifar10,20,2,mixed_maturity,rffl_reputation,dirichlet_lcb,diverse_then_repeat_backdoor,0.5,2,37,5,0.331,0.6394444444444445,0.14380845856191543,2,2,1.0,0.0,1.0,0,0,0,0
cifar10,20,2,mixed_maturity,rffl_reputation,dirichlet_lcb,diverse_then_repeat_backdoor,0.5,2,38,5,0.3575,0.42333333333333334,0.13547571000000003,2,2,1.0,0.0,1.0,0,0,0,0
cifar10,20,2,mixed_maturity,rffl_reputation,dirichlet_lcb,diverse_then_repeat_backdoor,0.5,2,39,5,0.356,0.31444444444444447,0.13885289000000003,2,2,1.0,0.0,1.0,0,0,0,0
cifar10,20,2,mixed_maturity,rffl_reputation,dirichlet_lcb,diverse_then_repeat_backdoor,0.5,2,40,5,0.3425,0.6583333333333333,0.14779815295596307,2,2,1.0,0.0,1.0,0,0,0,0
cifar10,20,2,mixed_maturity,rffl_reputation,dirichlet_lcb,diverse_then_repeat_backdoor,0.5,2,41,5,0.353,0.6355555555555555,0.15845326683093466,2,2,1.0,0.0,1.0,0,0,0,0
cifar10,20,2,mixed_maturity,rffl_reputation,dirichlet_lcb,diverse_then_repeat_backdoor,0.5,2,42,5,0.326,0.6261111111111111,0.16239167999999995,2,2,1.0,0.0,1.0,0,0,0,0
cifar10,20,2,mixed_maturity,rffl_reputation,dirichlet_lcb,diverse_then_repeat_backdoor,0.5,2,43,5,0.357,0.49277777777777776,0.16128375,2,2,1.0,0.0,1.0,0,0,0,0
cifar10,20,2,mixed_maturity,rffl_reputation,dirichlet_lcb,diverse_then_repeat_backdoor,0.5,2,44,5,0.3585,0.5583333333333333,0.16699394,2,2,1.0,0.0,1.0,0,0,0,0
cifar10,20,2,mixed_maturity,rffl_reputation,dirichlet_lcb,diverse_then_repeat_backdoor,0.5,2,45,5,0.3695,0.6038888888888889,0.17504676,2,2,1.0,0.0,1.0,0,0,0,0
cifar10,20,2,mixed_maturity,rffl_reputation,dirichlet_lcb,diverse_then_repeat_backdoor,0.5,2,46,5,0.3415,0.5961111111111111,0.18070598000000002,2,2,1.0,0.0,1.0,0,0,0,0
cifar10,20,2,mixed_maturity,rffl_reputation,dirichlet_lcb,diverse_then_repeat_backdoor,0.5,2,47,5,0.3495,0.6588888888888889,0.18766677187666772,2,2,1.0,0.0,1.0,0,0,0,0
cifar10,20,2,mixed_maturity,rffl_reputation,dirichlet_lcb,diverse_then_repeat_backdoor,0.5,2,48,5,0.3565,0.6983333333333334,0.17944349358886985,2,2,1.0,0.0,1.0,0,0,0,0
cifar10,20,2,mixed_maturity,rffl_reputation,dirichlet_lcb,diverse_then_repeat_backdoor,0.5,2,49,5,0.311,0.6711111111111111,0.17547882175478818,2,2,1.0,0.0,1.0,0,0,0,0
cifar10,20,2,mixed_maturity,rffl_reputation,dirichlet_lcb,diverse_then_repeat_backdoor,0.5,2,50,5,0.3365,0.3372222222222222,0.17424219174242192,2,2,1.0,0.0,1.0,0,0,0,0
cifar10,20,2,mixed_maturity,rffl_reputation,dirichlet_lcb,diverse_then_repeat_backdoor,0.5,3,1,5,0.1545,0.0,0.09999999999999998,2,2,1.0,0.0,1.0,0,0,0,0
cifar10,20,2,mixed_maturity,rffl_reputation,dirichlet_lcb,diverse_then_repeat_backdoor,0.5,3,2,5,0.214,0.06222222222222222,0.089795232693857,2,2,1.0,0.0,1.0,0,0,0,0
cifar10,20,2,mixed_maturity,rffl_reputation,dirichlet_lcb,diverse_then_repeat_backdoor,0.5,3,3,5,0.239,0.007222222222222222,0.0874243291257567,2,2,1.0,0.0,1.0,0,0,0,0
cifar10,20,2,mixed_maturity,rffl_reputation,dirichlet_lcb,diverse_then_repeat_backdoor,0.5,3,4,5,0.235,0.365,0.0748073107480731,2,2,1.0,0.0,1.0,0,0,0,0
cifar10,20,2,mixed_maturity,rffl_reputation,dirichlet_lcb,diverse_then_repeat_backdoor,0.5,3,5,5,0.2925,0.005,0.08514640914853593,2,2,1.0,0.0,1.0,0,0,0,0
cifar10,20,2,mixed_maturity,rffl_reputation,dirichlet_lcb,diverse_then_repeat_backdoor,0.5,3,6,5,0.2765,0.0961111111111111,0.0766377607663776,2,2,1.0,0.0,1.0,0,0,0,0
cifar10,20,2,mixed_maturity,rffl_reputation,dirichlet_lcb,diverse_then_repeat_backdoor,0.5,3,7,5,0.192,0.7355555555555555,0.07208127072081272,2,2,1.0,0.0,1.0,0,0,0,0
cifar10,20,2,mixed_maturity,rffl_reputation,dirichlet_lcb,diverse_then_repeat_backdoor,0.5,3,8,5,0.27,0.0011111111111111111,0.0864591,2,2,1.0,0.0,1.0,0,0,0,0
cifar10,20,2,mixed_maturity,rffl_reputation,dirichlet_lcb,diverse_then_repeat_backdoor,0.5,3,9,5,0.3035,0.14666666666666667,0.06892976068929763,2,2,1.0,0.0,1.0,0,0,0,0
cifar10,20,2,mixed_maturity,rffl_reputation,dirichlet_lcb,diverse_then_repeat_backdoor,0.5,3,10,5,0.295,0.019444444444444445,0.05419805945801941,2,2,1.0,0.0,1.0,0,0,0,0
cifar10,20,2,mixed_maturity,rffl_reputation,dirichlet_lcb,diverse_then_repeat_backdoor,0.5,3,11,5,0.3135,0.08555555555555555,0.0517178105171781,2,2,1.0,0.0,1.0,0,0,0,0
cifar10,20,2,mixed_maturity,rffl_reputation,dirichlet_lcb,diverse_then_repeat_backdoor,0.5,3,12,5,0.339,0.05722222222222222,0.04735928047359281,2,2,1.0,0.0,0.5,1,0,0,0
cifar10,20,2,mixed_maturity,rffl_reputation,dirichlet_lcb,diverse_then_repeat_backdoor,0.5,3,13,5,0.2945,0.016666666666666666,0.03415673,1,1,0.5,0.0,0.5,0,0,0,0
cifar10,20,2,mixed_maturity,rffl_reputation,dirichlet_lcb,diverse_then_repeat_backdoor,0.5,3,14,5,0.304,0.22277777777777777,0.028853539711464603,1,1,0.5,0.0,0.5,0,0,0,0
cifar10,20,2,mixed_maturity,rffl_reputation,dirichlet_lcb,diverse_then_repeat_backdoor,0.5,3,15,5,0.3265,0.12555555555555556,0.032992,1,1,0.5,0.0,0.5,0,0,0,0
cifar10,20,2,mixed_maturity,rffl_reputation,dirichlet_lcb,diverse_then_repeat_backdoor,0.5,3,16,5,0.258,0.20722222222222222,0.02830136056602721,1,1,0.5,0.0,0.5,0,0,0,0
cifar10,20,2,mixed_maturity,rffl_reputation,dirichlet_lcb,diverse_then_repeat_backdoor,0.5,3,17,5,0.345,0.06555555555555556,0.029104510873135325,1,1,0.5,0.0,0.5,0,0,0,0
cifar10,20,2,mixed_maturity,rffl_reputation,dirichlet_lcb,diverse_then_repeat_backdoor,0.5,3,18,5,0.3535,0.06944444444444445,0.022069540220695398,1,1,0.5,0.0,0.5,0,0,0,0
cifar10,20,2,mixed_maturity,rffl_reputation,dirichlet_lcb,diverse_then_repeat_backdoor,0.5,3,19,5,0.297,0.22444444444444445,0.020925419790745803,1,1,0.5,0.0,0.5,0,0,0,0
cifar10,20,2,mixed_maturity,rffl_reputation,dirichlet_lcb,diverse_then_repeat_backdoor,0.5,3,20,5,0.322,0.006111111111111111,0.028275170565503407,1,1,0.5,0.0,0.5,0,0,0,0
cifar10,20,2,mixed_maturity,rffl_reputation,dirichlet_lcb,diverse_then_repeat_backdoor,0.5,3,21,5,0.3215,0.08055555555555556,0.029989260000000007,1,1,0.5,0.0,0.5,0,0,0,0
cifar10,20,2,mixed_maturity,rffl_reputation,dirichlet_lcb,diverse_then_repeat_backdoor,0.5,3,22,5,0.336,0.10388888888888889,0.03568426035684261,1,1,0.5,0.0,0.5,0,0,0,0
cifar10,20,2,mixed_maturity,rffl_reputation,dirichlet_lcb,diverse_then_repeat_backdoor,0.5,3,23,5,0.3365,0.20166666666666666,0.03208419967915801,1,1,0.5,0.0,0.5,0,0,0,0
cifar10,20,2,mixed_maturity,rffl_reputation,dirichlet_lcb,diverse_then_repeat_backdoor,0.5,3,24,5,0.321,0.009444444444444445,0.026793959732060404,1,1,0.5,0.0,0.5,0,0,0,0
cifar10,20,2,mixed_maturity,rffl_reputation,dirichlet_lcb,diverse_then_repeat_backdoor,0.5,3,25,5,0.329,0.07222222222222222,0.02940431,1,1,0.5,0.0,0.5,0,0,0,0
cifar10,20,2,mixed_maturity,rffl_reputation,dirichlet_lcb,diverse_then_repeat_backdoor,0.5,3,26,5,0.3125,0.38222222222222224,0.03503774,1,1,0.5,0.0,0.5,0,0,0,0
cifar10,20,2,mixed_maturity,rffl_reputation,dirichlet_lcb,diverse_then_repeat_backdoor,0.5,3,27,5,0.346,0.04722222222222222,0.03698946000000001,1,1,0.5,0.0,0.5,0,0,0,0
cifar10,20,2,mixed_maturity,rffl_reputation,dirichlet_lcb,diverse_then_repeat_backdoor,0.5,3,28,5,0.347,0.09111111111111111,0.03692612000000001,1,1,0.5,0.0,0.5,0,0,0,0
cifar10,20,2,mixed_maturity,rffl_reputation,dirichlet_lcb,diverse_then_repeat_backdoor,0.5,3,29,5,0.3335,0.08166666666666667,0.0414102104141021,1,1,0.5,0.0,0.5,0,0,0,0
cifar10,20,2,mixed_maturity,rffl_reputation,dirichlet_lcb,diverse_then_repeat_backdoor,0.5,3,30,5,0.3245,0.17222222222222222,0.044771289552287104,1,1,0.5,0.0,0.5,0,0,0,0
cifar10,20,2,mixed_maturity,rffl_reputation,dirichlet_lcb,diverse_then_repeat_backdoor,0.5,3,31,5,0.3305,0.041666666666666664,0.049046740000000005,1,1,0.5,0.0,0.5,0,0,0,0
cifar10,20,2,mixed_maturity,rffl_reputation,dirichlet_lcb,diverse_then_repeat_backdoor,0.5,3,32,5,0.3425,0.23833333333333334,0.04828319096566382,1,1,0.5,0.0,0.5,0,0,0,0
cifar10,20,2,mixed_maturity,rffl_reputation,dirichlet_lcb,diverse_then_repeat_backdoor,0.5,3,33,5,0.3285,0.06666666666666667,0.04665197953348021,1,1,0.5,0.0,0.5,0,0,0,0
cifar10,20,2,mixed_maturity,rffl_reputation,dirichlet_lcb,diverse_then_repeat_backdoor,0.5,3,34,5,0.3425,0.2961111111111111,0.04783837952161621,1,1,0.5,0.0,0.5,0,0,0,0
cifar10,20,2,mixed_maturity,rffl_reputation,dirichlet_lcb,diverse_then_repeat_backdoor,0.5,3,35,5,0.328,0.35388888888888886,0.05174589000000002,1,1,0.5,0.0,0.5,0,0,0,0
cifar10,20,2,mixed_maturity,rffl_reputation,dirichlet_lcb,diverse_then_repeat_backdoor,0.5,3,36,5,0.328,0.23944444444444443,0.06018903120378062,1,1,0.5,0.0,0.5,0,0,0,0
cifar10,20,2,mixed_maturity,rffl_reputation,dirichlet_lcb,diverse_then_repeat_backdoor,0.5,3,37,5,0.342,0.14277777777777778,0.053280340000000016,1,1,0.5,0.0,0.5,0,0,0,0
cifar10,20,2,mixed_maturity,rffl_reputation,dirichlet_lcb,diverse_then_repeat_backdoor,0.5,3,38,5,0.316,0.02388888888888889,0.05727287,1,1,0.5,0.0,0.5,0,0,0,0
cifar10,20,2,mixed_maturity,rffl_reputation,dirichlet_lcb,diverse_then_repeat_backdoor,0.5,3,39,5,0.335,0.2538888888888889,0.054831150548311496,1,1,0.5,0.0,0.5,0,0,0,0
cifar10,20,2,mixed_maturity,rffl_reputation,dirichlet_lcb,diverse_then_repeat_backdoor,0.5,3,40,5,0.3485,0.014444444444444444,0.05586940055869401,1,1,0.5,0.0,0.5,0,0,0,0
cifar10,20,2,mixed_maturity,rffl_reputation,dirichlet_lcb,diverse_then_repeat_backdoor,0.5,3,41,5,0.3415,0.3622222222222222,0.06280705874385882,1,1,0.5,0.0,0.5,0,0,0,0
cifar10,20,2,mixed_maturity,rffl_reputation,dirichlet_lcb,diverse_then_repeat_backdoor,0.5,3,42,5,0.345,0.1272222222222222,0.06380074936199252,1,1,0.5,0.0,0.5,0,0,0,0
cifar10,20,2,mixed_maturity,rffl_reputation,dirichlet_lcb,diverse_then_repeat_backdoor,0.5,3,43,5,0.3225,0.48833333333333334,0.0728711907287119,1,1,0.5,0.0,0.5,0,0,0,0
cifar10,20,2,mixed_maturity,rffl_reputation,dirichlet_lcb,diverse_then_repeat_backdoor,0.5,3,44,5,0.32,0.07833333333333334,0.07366730073667302,1,1,0.5,0.0,0.5,0,0,0,0
cifar10,20,2,mixed_maturity,rffl_reputation,dirichlet_lcb,diverse_then_repeat_backdoor,0.5,3,45,5,0.3305,0.3611111111111111,0.06520407065204072,1,1,0.5,0.0,0.5,0,0,0,0
cifar10,20,2,mixed_maturity,rffl_reputation,dirichlet_lcb,diverse_then_repeat_backdoor,0.5,3,46,5,0.3605,0.19111111111111112,0.07012218070122182,1,1,0.5,0.0,0.5,0,0,0,0
cifar10,20,2,mixed_maturity,rffl_reputation,dirichlet_lcb,diverse_then_repeat_backdoor,0.5,3,47,5,0.364,0.3088888888888889,0.06998515720059373,1,1,0.5,0.0,0.5,0,0,0,0
cifar10,20,2,mixed_maturity,rffl_reputation,dirichlet_lcb,diverse_then_repeat_backdoor,0.5,3,48,5,0.3345,0.435,0.07398758926012412,1,1,0.5,0.0,0.5,0,0,0,0
cifar10,20,2,mixed_maturity,rffl_reputation,dirichlet_lcb,diverse_then_repeat_backdoor,0.5,3,49,5,0.322,0.4716666666666667,0.06998173069981731,1,1,0.5,0.0,0.5,0,0,0,0
cifar10,20,2,mixed_maturity,rffl_reputation,dirichlet_lcb,diverse_then_repeat_backdoor,0.5,3,50,5,0.3385,0.20444444444444446,0.07482569925174297,1,1,0.5,0.0,0.5,0,0,0,0
cifar10,20,2,mixed_maturity,rffl_reputation,dirichlet_lcb,diverse_then_repeat_backdoor,0.5,4,1,5,0.1175,0.0,0.09999999999999998,2,2,1.0,0.0,1.0,0,0,0,0
cifar10,20,2,mixed_maturity,rffl_reputation,dirichlet_lcb,diverse_then_repeat_backdoor,0.5,4,2,5,0.2555,0.2911111111111111,0.09702558097025582,2,2,1.0,0.0,1.0,0,0,0,0
cifar10,20,2,mixed_maturity,rffl_reputation,dirichlet_lcb,diverse_then_repeat_backdoor,0.5,4,3,5,0.2275,0.13722222222222222,0.0992186470234406,2,2,1.0,0.0,1.0,0,0,0,0
cifar10,20,2,mixed_maturity,rffl_reputation,dirichlet_lcb,diverse_then_repeat_backdoor,0.5,4,4,5,0.2615,0.007222222222222222,0.08246458917535414,2,2,1.0,0.0,1.0,0,0,0,0
cifar10,20,2,mixed_maturity,rffl_reputation,dirichlet_lcb,diverse_then_repeat_backdoor,0.5,4,5,5,0.252,0.2588888888888889,0.07164821143296424,2,2,1.0,0.0,1.0,0,0,0,0
cifar10,20,2,mixed_maturity,rffl_reputation,dirichlet_lcb,diverse_then_repeat_backdoor,0.5,4,6,5,0.295,0.029444444444444443,0.07427262074272621,2,2,1.0,0.0,1.0,0,0,0,0
cifar10,20,2,mixed_maturity,rffl_reputation,dirichlet_lcb,diverse_then_repeat_backdoor,0.5,4,7,5,0.283,0.07611111111111112,0.07331122073311219,2,2,1.0,0.0,1.0,0,0,0,0
cifar10,20,2,mixed_maturity,rffl_reputation,dirichlet_lcb,diverse_then_repeat_backdoor,0.5,4,8,5,0.311,0.31166666666666665,0.07174288928257111,2,2,1.0,0.0,1.0,0,0,0,0
cifar10,20,2,mixed_maturity,rffl_reputation,dirichlet_lcb,diverse_then_repeat_backdoor,0.5,4,9,5,0.2835,0.34444444444444444,0.06361205999999998,2,2,1.0,0.0,1.0,0,0,0,0
cifar10,20,2,mixed_maturity,rffl_reputation,dirichlet_lcb,diverse_then_repeat_backdoor,0.5,4,10,5,0.303,0.05611111111111111,0.07147068999999999,2,2,1.0,0.0,1.0,0,0,0,0
cifar10,20,2,mixed_maturity,rffl_reputation,dirichlet_lcb,diverse_then_repeat_backdoor,0.5,4,11,5,0.303,0.30777777777777776,0.07486432,2,2,1.0,0.0,1.0,0,0,0,0
cifar10,20,2,mixed_maturity,rffl_reputation,dirichlet_lcb,diverse_then_repeat_backdoor,0.5,4,12,5,0.313,0.3927777777777778,0.07751626232548789,2,2,1.0,0.0,1.0,0,0,0,0
cifar10,20,2,mixed_maturity,rffl_reputation,dirichlet_lcb,diverse_then_repeat_backdoor,0.5,4,13,5,0.3085,0.19111111111111112,0.07788557,2,2,1.0,0.0,1.0,0,0,0,0
cifar10,20,2,mixed_maturity,rffl_reputation,dirichlet_lcb,diverse_then_repeat_backdoor,0.5,4,14,5,0.297,0.31555555555555553,0.06781049864379003,2,2,1.0,0.0,1.0,0,0,0,0
cifar10,20,2,mixed_maturity,rffl_reputation,dirichlet_lcb,diverse_then_repeat_backdoor,0.5,4,15,5,0.3215,0.3138888888888889,0.06568097,2,2,1.0,0.0,1.0,0,0,0,0
cifar10,20,2,mixed_maturity,rffl_reputation,dirichlet_lcb,diverse_then_repeat_backdoor,0.5,4,16,5,0.3295,0.07111111111111111,0.07575695848486083,2,2,1.0,0.0,1.0,0,0,0,0
cifar10,20,2,mixed_maturity,rffl_reputation,dirichlet_lcb,diverse_then_repeat_backdoor,0.5,4,17,5,0.3205,0.06,0.07432863851342722,2,2,1.0,0.0,1.0,0,0,0,0
cifar10,20,2,mixed_maturity,rffl_reputation,dirichlet_lcb,diverse_then_repeat_backdoor,0.5,4,18,5,0.308,0.2427777777777778,0.07305883146117662,2,2,1.0,0.0,1.0,0,0,0,0
cifar10,20,2,mixed_maturity,rffl_reputation,dirichlet_lcb,diverse_then_repeat_backdoor,0.5,4,19,5,0.303,0.058888888888888886,0.07165259785042206,2,2,1.0,0.0,1.0,0,0,0,0
cifar10,20,2,mixed_maturity,rffl_reputation,dirichlet_lcb,diverse_then_repeat_backdoor,0.5,4,20,5,0.3275,0.05611111111111111,0.0683189806831898,2,2,1.0,0.0,1.0,0,0,0,0
cifar10,20,2,mixed_maturity,rffl_reputation,dirichlet_lcb,diverse_then_repeat_backdoor,0.5,4,21,5,0.312,0.30444444444444446,0.07704911231147338,2,2,1.0,0.0,1.0,0,0,0,0
cifar10,20,2,mixed_maturity,rffl_reputation,dirichlet_lcb,diverse_then_repeat_backdoor,0.5,4,22,5,0.297,0.5733333333333334,0.09003226,2,2,1.0,0.0,1.0,0,0,0,0
cifar10,20,2,mixed_maturity,rffl_reputation,dirichlet_lcb,diverse_then_repeat_backdoor,0.5,4,23,5,0.299,0.4583333333333333,0.09480705189614103,2,2,1.0,0.0,1.0,0,0,0,0
cifar10,20,2,mixed_maturity,rffl_reputation,dirichlet_lcb,diverse_then_repeat_backdoor,0.5,4,24,5,0.29,0.2922222222222222,0.10485434895145651,2,2,1.0,0.0,1.0,0,0,0,0
cifar10,20,2,mixed_maturity,rffl_reputation,dirichlet_lcb,diverse_then_repeat_backdoor,0.5,4,25,5,0.354,0.3055555555555556,0.10859383108593831,2,2,1.0,0.0,1.0,0,0,0,0
cifar10,20,2,mixed_maturity,rffl_reputation,dirichlet_lcb,diverse_then_repeat_backdoor,0.5,4,26,5,0.346,0.15166666666666667,0.12111784121117841,2,2,1.0,0.0,1.0,0,0,0,0
cifar10,20,2,mixed_maturity,rffl_reputation,dirichlet_lcb,diverse_then_repeat_backdoor,0.5,4,27,5,0.337,0.24888888888888888,0.132672298673277,2,2,1.0,0.0,1.0,0,0,0,0
cifar10,20,2,mixed_maturity,rffl_reputation,dirichlet_lcb,diverse_then_repeat_backdoor,0.5,4,28,5,0.3465,0.42777777777777776,0.14499605855003941,2,2,1.0,0.0,1.0,0,0,0,0
cifar10,20,2,mixed_maturity,rffl_reputation,dirichlet_lcb,diverse_then_repeat_backdoor,0.5,4,29,5,0.309,0.3888888888888889,0.15771370157713702,2,2,1.0,0.0,1.0,0,0,0,0
cifar10,20,2,mixed_maturity,rffl_reputation,dirichlet_lcb,diverse_then_repeat_backdoor,0.5,4,30,5,0.3355,0.42944444444444446,0.16289298325785967,2,2,1.0,0.0,1.0,0,0,0,0
cifar10,20,2,mixed_maturity,rffl_reputation,dirichlet_lcb,diverse_then_repeat_backdoor,0.5,4,31,5,0.306,0.21055555555555555,0.17169821,2,2,1.0,0.0,1.0,0,0,0,0
cifar10,20,2,mixed_maturity,rffl_reputation,dirichlet_lcb,diverse_then_repeat_backdoor,0.5,4,32,5,0.333,0.4988888888888889,0.17851698000000002,2,2,1.0,0.0,1.0,0,0,0,0
cifar10,20,2,mixed_maturity,rffl_reputation,dirichlet_lcb,diverse_then_repeat_backdoor,0.5,4,33,5,0.3325,0.635,0.1796445417964454,2,2,1.0,0.0,1.0,0,0,0,0
cifar10,20,2,mixed_maturity,rffl_reputation,dirichlet_lcb,diverse_then_repeat_backdoor,0.5,4,34,5,0.3265,0.62,0.19314885806851137,2,2,1.0,0.0,1.0,0,0,0,0
cifar10,20,2,mixed_maturity,rffl_reputation,dirichlet_lcb,diverse_then_repeat_backdoor,0.5,4,35,5,0.3395,0.5766666666666667,0.20225197797748018,2,2,1.0,0.0,1.0,0,0,0,0
cifar10,20,2,mixed_maturity,rffl_reputation,dirichlet_lcb,diverse_then_repeat_backdoor,0.5,4,36,5,0.307,0.45111111111111113,0.19266400614671989,2,2,1.0,0.0,1.0,0,0,0,0
cifar10,20,2,mixed_maturity,rffl_reputation,dirichlet_lcb,diverse_then_repeat_backdoor,0.5,4,37,5,0.339,0.5872222222222222,0.19257667192576672,2,2,1.0,0.0,1.0,0,0,0,0
cifar10,20,2,mixed_maturity,rffl_reputation,dirichlet_lcb,diverse_then_repeat_backdoor,0.5,4,38,5,0.3565,0.5122222222222222,0.1882844581171554,2,2,1.0,0.0,1.0,0,0,0,0
cifar10,20,2,mixed_maturity,rffl_reputation,dirichlet_lcb,diverse_then_repeat_backdoor,0.5,4,39,5,0.3515,0.5538888888888889,0.18724469625510604,2,2,1.0,0.0,1.0,0,0,0,0
cifar10,20,2,mixed_maturity,rffl_reputation,dirichlet_lcb,diverse_then_repeat_backdoor,0.5,4,40,5,0.34,0.75,0.19874298397485968,2,2,1.0,0.0,1.0,0,0,0,0
cifar10,20,2,mixed_maturity,rffl_reputation,dirichlet_lcb,diverse_then_repeat_backdoor,0.5,4,41,5,0.3435,0.5605555555555556,0.21233649424672987,2,2,1.0,0.0,1.0,0,0,0,0
cifar10,20,2,mixed_maturity,rffl_reputation,dirichlet_lcb,diverse_then_repeat_backdoor,0.5,4,42,5,0.356,0.7022222222222222,0.2216401777835982,2,2,1.0,0.0,1.0,0,0,0,0
cifar10,20,2,mixed_maturity,rffl_reputation,dirichlet_lcb,diverse_then_repeat_backdoor,0.5,4,43,5,0.3345,0.48944444444444446,0.23124917768750824,2,2,1.0,0.0,1.0,0,0,0,0
cifar10,20,2,mixed_maturity,rffl_reputation,dirichlet_lcb,diverse_then_repeat_backdoor,0.5,4,44,5,0.3485,0.6877777777777778,0.2314850730554478,2,2,1.0,0.0,1.0,0,0,0,0
cifar10,20,2,mixed_maturity,rffl_reputation,dirichlet_lcb,diverse_then_repeat_backdoor,0.5,4,45,5,0.337,0.33111111111111113,0.2387973923879739,2,2,1.0,0.0,1.0,0,0,0,0
cifar10,20,2,mixed_maturity,rffl_reputation,dirichlet_lcb,diverse_then_repeat_backdoor,0.5,4,46,5,0.363,0.7822222222222223,0.24346574999999998,2,2,1.0,0.0,1.0,0,0,0,0
cifar10,20,2,mixed_maturity,rffl_reputation,dirichlet_lcb,diverse_then_repeat_backdoor,0.5,4,47,5,0.355,0.5761111111111111,0.21695141566097173,2,2,1.0,0.0,1.0,0,0,0,0
cifar10,20,2,mixed_maturity,rffl_reputation,dirichlet_lcb,diverse_then_repeat_backdoor,0.5,4,48,5,0.356,0.6822222222222222,0.2262401567872047,2,2,1.0,0.0,1.0,0,0,0,0
cifar10,20,2,mixed_maturity,rffl_reputation,dirichlet_lcb,diverse_then_repeat_backdoor,0.5,4,49,5,0.347,0.5488888888888889,0.2132629621326296,2,2,1.0,0.0,1.0,0,0,0,0
cifar10,20,2,mixed_maturity,rffl_reputation,dirichlet_lcb,diverse_then_repeat_backdoor,0.5,4,50,5,0.3135,0.5972222222222222,0.20330910203309102,2,2,1.0,0.0,1.0,0,0,0,0
cifar10,20,2,mixed_maturity,rffl_reputation,dirichlet_lcb,diverse_then_repeat_backdoor,0.5,5,1,5,0.18,0.5716666666666667,0.09999999999999998,2,2,1.0,0.0,1.0,0,0,0,0
cifar10,20,2,mixed_maturity,rffl_reputation,dirichlet_lcb,diverse_then_repeat_backdoor,0.5,5,2,5,0.2225,0.06666666666666667,0.09320349813593003,2,2,1.0,0.0,1.0,0,0,0,0
cifar10,20,2,mixed_maturity,rffl_reputation,dirichlet_lcb,diverse_then_repeat_backdoor,0.5,5,3,5,0.241,0.08277777777777778,0.07568727,2,2,1.0,0.0,1.0,0,0,0,0
cifar10,20,2,mixed_maturity,rffl_reputation,dirichlet_lcb,diverse_then_repeat_backdoor,0.5,5,4,5,0.2505,0.07111111111111111,0.07462549074625494,2,2,1.0,0.0,1.0,0,0,0,0
cifar10,20,2,mixed_maturity,rffl_reputation,dirichlet_lcb,diverse_then_repeat_backdoor,0.5,5,5,5,0.221,0.0011111111111111111,0.0729560392704396,2,2,1.0,0.0,1.0,0,0,0,0
cifar10,20,2,mixed_maturity,rffl_reputation,dirichlet_lcb,diverse_then_repeat_backdoor,0.5,5,6,5,0.2635,0.23222222222222222,0.06524734869505301,2,2,1.0,0.0,1.0,0,0,0,0
cifar10,20,2,mixed_maturity,rffl_reputation,dirichlet_lcb,diverse_then_repeat_backdoor,0.5,5,7,5,0.2835,0.3244444444444444,0.07247355144947101,2,2,1.0,0.0,1.0,0,0,0,0
cifar10,20,2,mixed_maturity,rffl_reputation,dirichlet_lcb,diverse_then_repeat_backdoor,0.5,5,8,5,0.308,0.043333333333333335,0.07028726929712731,2,2,1.0,0.0,1.0,0,0,0,0
cifar10,20,2,mixed_maturity,rffl_reputation,dirichlet_lcb,diverse_then_repeat_backdoor,0.5,5,9,5,0.3285,0.13,0.057497370000000006,2,2,1.0,0.0,1.0,0,0,0,0
cifar10,20,2,mixed_maturity,rffl_reputation,dirichlet_lcb,diverse_then_repeat_backdoor,0.5,5,10,5,0.307,0.041666666666666664,0.06331780063317802,2,2,1.0,0.0,1.0,0,0,0,0
cifar10,20,2,mixed_maturity,rffl_reputation,dirichlet_lcb,diverse_then_repeat_backdoor,0.5,5,11,5,0.273,0.34444444444444444,0.07122326928776732,2,2,1.0,0.0,1.0,0,0,0,0
cifar10,20,2,mixed_maturity,rffl_reputation,dirichlet_lcb,diverse_then_repeat_backdoor,0.5,5,12,5,0.294,0.46444444444444444,0.07423738851525222,2,2,1.0,0.0,1.0,0,0,0,0
cifar10,20,2,mixed_maturity,rffl_reputation,dirichlet_lcb,diverse_then_repeat_backdoor,0.5,5,13,5,0.297,0.028888888888888888,0.06955567,2,2,1.0,0.0,1.0,0,0,0,0
cifar10,20,2,mixed_maturity,rffl_reputation,dirichlet_lcb,diverse_then_repeat_backdoor,0.5,5,14,5,0.284,0.19333333333333333,0.08031521999999998,2,2,1.0,0.0,1.0,0,0,0,0
cifar10,20,2,mixed_maturity,rffl_reputation,dirichlet_lcb,diverse_then_repeat_backdoor,0.5,5,15,5,0.351,0.21333333333333335,0.0750693207506932,2,2,1.0,0.0,1.0,0,0,0,0
cifar10,20,2,mixed_maturity,rffl_reputation,dirichlet_lcb,diverse_then_repeat_backdoor,0.5,5,16,5,0.3095,0.33944444444444444,0.08093701,2,2,1.0,0.0,1.0,0,0,0,0
cifar10,20,2,mixed_maturity,rffl_reputation,dirichlet_lcb,diverse_then_repeat_backdoor,0.5,5,17,5,0.3355,0.0661111111111111,0.08920658821586822,2,2,1.0,0.0,1.0,0,0,0,0
cifar10,20,2,mixed_maturity,rffl_reputation,dirichlet_lcb,diverse_then_repeat_backdoor,0.5,5,18,5,0.318,0.14222222222222222,0.09373954000000001,2,2,1.0,0.0,1.0,0,0,0,0
cifar10,20,2,mixed_maturity,rffl_reputation,dirichlet_lcb,diverse_then_repeat_backdoor,0.5,5,19,5,0.331,0.1738888888888889,0.08413352168267042,2,2,1.0,0.0,1.0,0,0,0,0
cifar10,20,2,mixed_maturity,rffl_reputation,dirichlet_lcb,diverse_then_repeat_backdoor,0.5,5,20,5,0.3445,0.27444444444444444,0.08633456086334561,2,2,1.0,0.0,1.0,0,0,0,0
cifar10,20,2,mixed_maturity,rffl_reputation,dirichlet_lcb,diverse_then_repeat_backdoor,0.5,5,21,5,0.326,0.10666666666666667,0.10225595795488084,2,2,1.0,0.0,1.0,0,0,0,0
cifar10,20,2,mixed_maturity,rffl_reputation,dirichlet_lcb,diverse_then_repeat_backdoor,0.5,5,22,5,0.3305,0.3211111111111111,0.11831760000000001,2,2,1.0,0.0,1.0,0,0,0,0
cifar10,20,2,mixed_maturity,rffl_reputation,dirichlet_lcb,diverse_then_repeat_backdoor,0.5,5,23,5,0.34,0.4,0.13627646136276458,2,2,1.0,0.0,1.0,0,0,0,0
cifar10,20,2,mixed_maturity,rffl_reputation,dirichlet_lcb,diverse_then_repeat_backdoor,0.5,5,24,5,0.337,0.25333333333333335,0.14289899000000003,2,2,1.0,0.0,1.0,0,0,0,0
cifar10,20,2,mixed_maturity,rffl_reputation,dirichlet_lcb,diverse_then_repeat_backdoor,0.5,5,25,5,0.311,0.3611111111111111,0.14217326000000002,2,2,1.0,0.0,1.0,0,0,0,0
cifar10,20,2,mixed_maturity,rffl_reputation,dirichlet_lcb,diverse_then_repeat_backdoor,0.5,5,26,5,0.317,0.39111111111111113,0.14840462703190743,2,2,1.0,0.0,1.0,0,0,0,0
cifar10,20,2,mixed_maturity,rffl_reputation,dirichlet_lcb,diverse_then_repeat_backdoor,0.5,5,27,5,0.3375,0.2683333333333333,0.15233983695320324,2,2,1.0,0.0,1.0,0,0,0,0
cifar10,20,2,mixed_maturity,rffl_reputation,dirichlet_lcb,diverse_then_repeat_backdoor,0.5,5,28,5,0.31,0.5388888888888889,0.13351293,2,2,1.0,0.0,1.0,0,0,0,0
cifar10,20,2,mixed_maturity,rffl_reputation,dirichlet_lcb,diverse_then_repeat_backdoor,0.5,5,29,5,0.3345,0.31166666666666665,0.14960709000000003,2,2,1.0,0.0,1.0,0,0,0,0
cifar10,20,2,mixed_maturity,rffl_reputation,dirichlet_lcb,diverse_then_repeat_backdoor,0.5,5,30,5,0.3275,0.4688888888888889,0.1376063713760637,2,2,1.0,0.0,1.0,0,0,0,0
cifar10,20,2,mixed_maturity,rffl_reputation,dirichlet_lcb,diverse_then_repeat_backdoor,0.5,5,31,5,0.3155,0.5,0.15732545685349084,2,2,1.0,0.0,1.0,0,0,0,0
cifar10,20,2,mixed_maturity,rffl_reputation,dirichlet_lcb,diverse_then_repeat_backdoor,0.5,5,32,5,0.333,0.5244444444444445,0.16605532000000003,2,2,1.0,0.0,1.0,0,0,0,0
cifar10,20,2,mixed_maturity,rffl_reputation,dirichlet_lcb,diverse_then_repeat_backdoor,0.5,5,33,5,0.31,0.43722222222222223,0.17233277827667223,2,2,1.0,0.0,1.0,0,0,0,0
cifar10,20,2,mixed_maturity,rffl_reputation,dirichlet_lcb,diverse_then_repeat_backdoor,0.5,5,34,5,0.325,0.5005555555555555,0.16332522163325222,2,2,1.0,0.0,1.0,0,0,0,0
cifar10,20,2,mixed_maturity,rffl_reputation,dirichlet_lcb,diverse_then_repeat_backdoor,0.5,5,35,5,0.3365,0.6144444444444445,0.16202041324040828,2,2,1.0,0.0,1.0,0,0,0,0
cifar10,20,2,mixed_maturity,rffl_reputation,dirichlet_lcb,diverse_then_repeat_backdoor,0.5,5,36,5,0.3605,0.5444444444444444,0.16994008339880168,2,2,1.0,0.0,1.0,0,0,0,0
cifar10,20,2,mixed_maturity,rffl_reputation,dirichlet_lcb,diverse_then_repeat_backdoor,0.5,5,37,5,0.3075,0.575,0.17512336999999997,2,2,1.0,0.0,1.0,0,0,0,0
cifar10,20,2,mixed_maturity,rffl_reputation,dirichlet_lcb,diverse_then_repeat_backdoor,0.5,5,38,5,0.3475,0.42444444444444446,0.17440180825598187,2,2,1.0,0.0,1.0,0,0,0,0
cifar10,20,2,mixed_maturity,rffl_reputation,dirichlet_lcb,diverse_then_repeat_backdoor,0.5,5,39,5,0.346,0.44055555555555553,0.18068833,2,2,1.0,0.0,1.0,0,0,0,0
cifar10,20,2,mixed_maturity,rffl_reputation,dirichlet_lcb,diverse_then_repeat_backdoor,0.5,5,40,5,0.328,0.6027777777777777,0.18853138188531388,2,2,1.0,0.0,1.0,0,0,0,0
cifar10,20,2,mixed_maturity,rffl_reputation,dirichlet_lcb,diverse_then_repeat_backdoor,0.5,5,41,5,0.329,0.7016666666666667,0.19256796385135927,2,2,1.0,0.0,1.0,0,0,0,0
cifar10,20,2,mixed_maturity,rffl_reputation,dirichlet_lcb,diverse_then_repeat_backdoor,0.5,5,42,5,0.3205,0.6705555555555556,0.19147075808529246,2,2,1.0,0.0,1.0,0,0,0,0
cifar10,20,2,mixed_maturity,rffl_reputation,dirichlet_lcb,diverse_then_repeat_backdoor,0.5,5,43,5,0.3155,0.4583333333333333,0.18870512000000003,2,2,1.0,0.0,1.0,0,0,0,0
cifar10,20,2,mixed_maturity,rffl_reputation,dirichlet_lcb,diverse_then_repeat_backdoor,0.5,5,44,5,0.3365,0.4672222222222222,0.19284863614302733,2,2,1.0,0.0,1.0,0,0,0,0
cifar10,20,2,mixed_maturity,rffl_reputation,dirichlet_lcb,diverse_then_repeat_backdoor,0.5,5,45,5,0.341,0.6244444444444445,0.18653346559600395,2,2,1.0,0.0,1.0,0,0,0,0
cifar10,20,2,mixed_maturity,rffl_reputation,dirichlet_lcb,diverse_then_repeat_backdoor,0.5,5,46,5,0.3315,0.5516666666666666,0.19458801,2,2,1.0,0.0,1.0,0,0,0,0
cifar10,20,2,mixed_maturity,rffl_reputation,dirichlet_lcb,diverse_then_repeat_backdoor,0.5,5,47,5,0.35,0.5172222222222222,0.19465995805340042,2,2,1.0,0.0,1.0,0,0,0,0
cifar10,20,2,mixed_maturity,rffl_reputation,dirichlet_lcb,diverse_then_repeat_backdoor,0.5,5,48,5,0.3225,0.7055555555555556,0.19918589999999997,2,2,1.0,0.0,1.0,0,0,0,0
cifar10,20,2,mixed_maturity,rffl_reputation,dirichlet_lcb,diverse_then_repeat_backdoor,0.5,5,49,5,0.344,0.4211111111111111,0.1986337080136629,2,2,1.0,0.0,1.0,0,0,0,0
cifar10,20,2,mixed_maturity,rffl_reputation,dirichlet_lcb,diverse_then_repeat_backdoor,0.5,5,50,5,0.341,0.7844444444444445,0.18403959000000003,2,2,1.0,0.0,1.0,0,0,0,0
cifar10,20,2,mixed_maturity,rffl_reputation,dirichlet_lcb,diverse_then_repeat_backdoor,0.5,6,1,5,0.107,0.96,0.09999999999999998,2,2,1.0,0.0,1.0,0,0,0,0
cifar10,20,2,mixed_maturity,rffl_reputation,dirichlet_lcb,diverse_then_repeat_backdoor,0.5,6,2,5,0.186,0.0,0.1024013210240132,2,2,1.0,0.0,1.0,0,0,0,0
cifar10,20,2,mixed_maturity,rffl_reputation,dirichlet_lcb,diverse_then_repeat_backdoor,0.5,6,3,5,0.2805,0.23833333333333334,0.08156155081561552,2,2,1.0,0.0,1.0,0,0,0,0
cifar10,20,2,mixed_maturity,rffl_reputation,dirichlet_lcb,diverse_then_repeat_backdoor,0.5,6,4,5,0.288,0.06555555555555556,0.08605334,2,2,1.0,0.0,1.0,0,0,0,0
cifar10,20,2,mixed_maturity,rffl_reputation,dirichlet_lcb,diverse_then_repeat_backdoor,0.5,6,5,5,0.233,0.37333333333333335,0.07417328000000001,2,2,1.0,0.0,1.0,0,0,0,0
cifar10,20,2,mixed_maturity,rffl_reputation,dirichlet_lcb,diverse_then_repeat_backdoor,0.5,6,6,5,0.254,0.06777777777777778,0.07899024000000002,2,2,1.0,0.0,1.0,0,0,0,0
cifar10,20,2,mixed_maturity,rffl_reputation,dirichlet_lcb,diverse_then_repeat_backdoor,0.5,6,7,5,0.284,0.03388888888888889,0.07785589155711783,2,2,1.0,0.0,1.0,0,0,0,0
cifar10,20,2,mixed_maturity,rffl_reputation,dirichlet_lcb,diverse_then_repeat_backdoor,0.5,6,8,5,0.2955,0.059444444444444446,0.0568532,2,2,1.0,0.0,1.0,0,0,0,0
cifar10,20,2,mixed_maturity,rffl_reputation,dirichlet_lcb,diverse_then_repeat_backdoor,0.5,6,9,5,0.296,0.09166666666666666,0.05333532,2,2,1.0,0.0,1.0,0,0,0,0
cifar10,20,2,mixed_maturity,rffl_reputation,dirichlet_lcb,diverse_then_repeat_backdoor,0.5,6,10,5,0.291,0.2677777777777778,0.0542043805420438,2,2,1.0,0.0,1.0,0,0,0,0
cifar10,20,2,mixed_maturity,rffl_reputation,dirichlet_lcb,diverse_then_repeat_backdoor,0.5,6,11,5,0.268,0.0005555555555555556,0.0627185793728142,2,2,1.0,0.0,1.0,0,0,0,0
cifar10,20,2,mixed_maturity,rffl_reputation,dirichlet_lcb,diverse_then_repeat_backdoor,0.5,6,12,5,0.2955,0.10055555555555555,0.06696208933037912,2,2,1.0,0.0,1.0,0,0,0,0
cifar10,20,2,mixed_maturity,rffl_reputation,dirichlet_lcb,diverse_then_repeat_backdoor,0.5,6,13,5,0.3165,0.06944444444444445,0.07902127000000002,2,2,1.0,0.0,1.0,0,0,0,0
cifar10,20,2,mixed_maturity,rffl_reputation,dirichlet_lcb,diverse_then_repeat_backdoor,0.5,6,14,5,0.326,0.075,0.08155924000000002,2,2,1.0,0.0,1.0,0,0,0,0
cifar10,20,2,mixed_maturity,rffl_reputation,dirichlet_lcb,diverse_then_repeat_backdoor,0.5,6,15,5,0.3395,0.057777777777777775,0.07223311783300647,2,2,1.0,0.0,1.0,0,0,0,0
cifar10,20,2,mixed_maturity,rffl_reputation,dirichlet_lcb,diverse_then_repeat_backdoor,0.5,6,16,5,0.3095,0.05555555555555555,0.0812949791870502,2,2,1.0,0.0,1.0,0,0,0,0
cifar10,20,2,mixed_maturity,rffl_reputation,dirichlet_lcb,diverse_then_repeat_backdoor,0.5,6,17,5,0.3185,0.03777777777777778,0.09211928092119279,2,2,1.0,0.0,1.0,0,0,0,0
cifar10,20,2,mixed_maturity,rffl_reputation,dirichlet_lcb,diverse_then_repeat_backdoor,0.5,6,18,5,0.3045,0.385,0.09900290000000002,2,2,1.0,0.0,1.0,0,0,0,0
cifar10,20,2,mixed_maturity,rffl_reputation,dirichlet_lcb,diverse_then_repeat_backdoor,0.5,6,19,5,0.3305,0.05277777777777778,0.11501789884982103,2,2,1.0,0.0,1.0,0,0,0,0
cifar10,20,2,mixed_maturity,rffl_reputation,dirichlet_lcb,diverse_then_repeat_backdoor,0.5,6,20,5,0.3085,0.27111111111111114,0.10319924000000001,2,2,1.0,0.0,1.0,0,0,0,0
cifar10,20,2,mixed_maturity,rffl_reputation,dirichlet_lcb,diverse_then_repeat_backdoor,0.5,6,21,5,0.307,0.3838888888888889,0.10312552309376569,2,2,1.0,0.0,1.0,0,0,0,0
cifar10,20,2,mixed_maturity,rffl_reputation,dirichlet_lcb,diverse_then_repeat_backdoor,0.5,6,22,5,0.319,0.03166666666666667,0.11684115,2,2,1.0,0.0,1.0,0,0,0,0
cifar10,20,2,mixed_maturity,rffl_reputation,dirichlet_lcb,diverse_then_repeat_backdoor,0.5,6,23,5,0.3625,0.20055555555555554,0.11420659885793401,2,2,1.0,0.0,1.0,0,0,0,0
cifar10,20,2,mixed_maturity,rffl_reputation,dirichlet_lcb,diverse_then_repeat_backdoor,0.5,6,24,5,0.344,0.2822222222222222,0.11860997000000001,2,2,1.0,0.0,1.0,0,0,0,0
cifar10,20,2,mixed_maturity,rffl_reputation,dirichlet_lcb,diverse_then_repeat_backdoor,0.5,6,25,5,0.292,0.6177777777777778,0.11981447760371046,2,2,1.0,0.0,1.0,0,0,0,0
cifar10,20,2,mixed_maturity,rffl_reputation,dirichlet_lcb,diverse_then_repeat_backdoor,0.5,6,26,5,0.3505,0.3894444444444444,0.13454273730914523,2,2,1.0,0.0,1.0,0,0,0,0
cifar10,20,2,mixed_maturity,rffl_reputation,dirichlet_lcb,diverse_then_repeat_backdoor,0.5,6,27,5,0.339,0.2633333333333333,0.13648185000000002,2,2,1.0,0.0,1.0,0,0,0,0
cifar10,20,2,mixed_maturity,rffl_reputation,dirichlet_lcb,diverse_then_repeat_backdoor,0.5,6,28,5,0.3555,0.3388888888888889,0.14456460144564598,2,2,1.0,0.0,1.0,0,0,0,0
cifar10,20,2,mixed_maturity,rffl_reputation,dirichlet_lcb,diverse_then_repeat_backdoor,0.5,6,29,5,0.3635,0.285,0.14508372435251174,2,2,1.0,0.0,1.0,0,0,0,0
cifar10,20,2,mixed_maturity,rffl_reputation,dirichlet_lcb,diverse_then_repeat_backdoor,0.5,6,30,5,0.331,0.12777777777777777,0.1480298085197019,2,2,1.0,0.0,1.0,0,0,0,0
cifar10,20,2,mixed_maturity,rffl_reputation,dirichlet_lcb,diverse_then_repeat_backdoor,0.5,6,31,5,0.3405,0.23444444444444446,0.15536357999999997,2,2,1.0,0.0,1.0,0,0,0,0
cifar10,20,2,mixed_maturity,rffl_reputation,dirichlet_lcb,diverse_then_repeat_backdoor,0.5,6,32,5,0.3305,0.3422222222222222,0.1464188414641884,2,2,1.0,0.0,1.0,0,0,0,0
cifar10,20,2,mixed_maturity,rffl_reputation,dirichlet_lcb,diverse_then_repeat_backdoor,0.5,6,33,5,0.3215,0.6605555555555556,0.15392283999999998,2,2,1.0,0.0,1.0,0,0,0,0
cifar10,20,2,mixed_maturity,rffl_reputation,dirichlet_lcb,diverse_then_repeat_backdoor,0.5,6,34,5,0.3205,0.575,0.1748969617489696,2,2,1.0,0.0,1.0,0,0,0,0
cifar10,20,2,mixed_maturity,rffl_reputation,dirichlet_lcb,diverse_then_repeat_backdoor,0.5,6,35,5,0.3045,0.2311111111111111,0.16822354504670636,2,2,1.0,0.0,1.0,0,0,0,0
cifar10,20,2,mixed_maturity,rffl_reputation,dirichlet_lcb,diverse_then_repeat_backdoor,0.5,6,36,5,0.3335,0.21444444444444444,0.1804877918048779,2,2,1.0,0.0,1.0,0,0,0,0
cifar10,20,2,mixed_maturity,rffl_reputation,dirichlet_lcb,diverse_then_repeat_backdoor,0.5,6,37,5,0.3395,0.5222222222222223,0.17732131645357369,2,2,1.0,0.0,1.0,0,0,0,0
cifar10,20,2,mixed_maturity,rffl_reputation,dirichlet_lcb,diverse_then_repeat_backdoor,0.5,6,38,5,0.327,0.3138888888888889,0.19246736000000003,2,2,1.0,0.0,1.0,0,0,0,0
cifar10,20,2,mixed_maturity,rffl_reputation,dirichlet_lcb,diverse_then_repeat_backdoor,0.5,6,39,5,0.3595,0.5783333333333334,0.21165157211651578,2,2,1.0,0.0,1.0,0,0,0,0
cifar10,20,2,mixed_maturity,rffl_reputation,dirichlet_lcb,diverse_then_repeat_backdoor,0.5,6,40,5,0.301,0.2427777777777778,0.21701094999999998,2,2,1.0,0.0,1.0,0,0,0,0
cifar10,20,2,mixed_maturity,rffl_reputation,dirichlet_lcb,diverse_then_repeat_backdoor,0.5,6,41,5,0.355,0.26944444444444443,0.2127323078726769,2,2,1.0,0.0,1.0,0,0,0,0
cifar10,20,2,mixed_maturity,rffl_reputation,dirichlet_lcb,diverse_then_repeat_backdoor,0.5,6,42,5,0.341,0.5316666666666666,0.21285868,2,2,1.0,0.0,1.0,0,0,0,0
cifar10,20,2,mixed_maturity,rffl_reputation,dirichlet_lcb,diverse_then_repeat_backdoor,0.5,6,43,5,0.3645,0.48333333333333334,0.21416993785830063,2,2,1.0,0.0,1.0,0,0,0,0
cifar10,20,2,mixed_maturity,rffl_reputation,dirichlet_lcb,diverse_then_repeat_backdoor,0.5,6,44,5,0.343,0.5922222222222222,0.22519465,2,2,1.0,0.0,1.0,0,0,0,0
cifar10,20,2,mixed_maturity,rffl_reputation,dirichlet_lcb,diverse_then_repeat_backdoor,0.5,6,45,5,0.288,0.8866666666666667,0.22047656,2,2,1.0,0.0,1.0,0,0,0,0
cifar10,20,2,mixed_maturity,rffl_reputation,dirichlet_lcb,diverse_then_repeat_backdoor,0.5,6,46,5,0.357,0.5466666666666666,0.23632278999999995,2,2,1.0,0.0,1.0,0,0,0,0
cifar10,20,2,mixed_maturity,rffl_reputation,dirichlet_lcb,diverse_then_repeat_backdoor,0.5,6,47,5,0.299,0.405,0.23339781766602177,2,2,1.0,0.0,1.0,0,0,0,0
cifar10,20,2,mixed_maturity,rffl_reputation,dirichlet_lcb,diverse_then_repeat_backdoor,0.5,6,48,5,0.3305,0.4855555555555556,0.23922155239221551,2,2,1.0,0.0,1.0,0,0,0,0
cifar10,20,2,mixed_maturity,rffl_reputation,dirichlet_lcb,diverse_then_repeat_backdoor,0.5,6,49,5,0.345,0.6311111111111111,0.23223501767764984,2,2,1.0,0.0,1.0,0,0,0,0
cifar10,20,2,mixed_maturity,rffl_reputation,dirichlet_lcb,diverse_then_repeat_backdoor,0.5,6,50,5,0.322,0.7488888888888889,0.23604223000000005,2,2,1.0,0.0,1.0,0,0,0,0
cifar10,20,2,mixed_maturity,rffl_reputation,dirichlet_lcb,diverse_then_repeat_backdoor,0.5,7,1,5,0.164,0.0,0.09999999999999998,2,2,1.0,0.0,1.0,0,0,0,0
cifar10,20,2,mixed_maturity,rffl_reputation,dirichlet_lcb,diverse_then_repeat_backdoor,0.5,7,2,5,0.1715,0.0033333333333333335,0.10347954206959084,2,2,1.0,0.0,1.0,0,0,0,0
cifar10,20,2,mixed_maturity,rffl_reputation,dirichlet_lcb,diverse_then_repeat_backdoor,0.5,7,3,5,0.169,0.008333333333333333,0.09786386097863861,2,2,1.0,0.0,1.0,0,0,0,0
cifar10,20,2,mixed_maturity,rffl_reputation,dirichlet_lcb,diverse_then_repeat_backdoor,0.5,7,4,5,0.259,0.0022222222222222222,0.08900924178018484,2,2,1.0,0.0,1.0,0,0,0,0
cifar10,20,2,mixed_maturity,rffl_reputation,dirichlet_lcb,diverse_then_repeat_backdoor,0.5,7,5,5,0.268,0.02388888888888889,0.07973360239200808,2,2,1.0,0.0,1.0,0,0,0,0
cifar10,20,2,mixed_maturity,rffl_reputation,dirichlet_lcb,diverse_then_repeat_backdoor,0.5,7,6,5,0.261,0.17777777777777778,0.08026823160536463,2,2,1.0,0.0,1.0,0,0,0,0
cifar10,20,2,mixed_maturity,rffl_reputation,dirichlet_lcb,diverse_then_repeat_backdoor,0.5,7,7,5,0.2845,0.03888888888888889,0.0846076108460761,2,2,1.0,0.0,1.0,0,0,0,0
cifar10,20,2,mixed_maturity,rffl_reputation,dirichlet_lcb,diverse_then_repeat_backdoor,0.5,7,8,5,0.302,0.04722222222222222,0.0906045409060454,2,2,1.0,0.0,1.0,0,0,0,0
cifar10,20,2,mixed_maturity,rffl_reputation,dirichlet_lcb,diverse_then_repeat_backdoor,0.5,7,9,5,0.3075,0.050555555555555555,0.08848776176975523,2,2,1.0,0.0,1.0,0,0,0,0
cifar10,20,2,mixed_maturity,rffl_reputation,dirichlet_lcb,diverse_then_repeat_backdoor,0.5,7,10,5,0.2785,0.049444444444444444,0.07778896000000002,2,2,1.0,0.0,1.0,0,0,0,0
cifar10,20,2,mixed_maturity,rffl_reputation,dirichlet_lcb,diverse_then_repeat_backdoor,0.5,7,11,5,0.303,0.04,0.08021597,2,2,1.0,0.0,1.0,0,0,0,0
cifar10,20,2,mixed_maturity,rffl_reputation,dirichlet_lcb,diverse_then_repeat_backdoor,0.5,7,12,5,0.266,0.32944444444444443,0.0817554,2,2,1.0,0.0,1.0,0,0,0,0
cifar10,20,2,mixed_maturity,rffl_reputation,dirichlet_lcb,diverse_then_repeat_backdoor,0.5,7,13,5,0.312,0.17277777777777778,0.0927139190728608,2,2,1.0,0.0,1.0,0,0,0,0
cifar10,20,2,mixed_maturity,rffl_reputation,dirichlet_lcb,diverse_then_repeat_backdoor,0.5,7,14,5,0.269,0.3883333333333333,0.08430288168605762,2,2,1.0,0.0,1.0,0,0,0,0
cifar10,20,2,mixed_maturity,rffl_reputation,dirichlet_lcb,diverse_then_repeat_backdoor,0.5,7,15,5,0.274,0.4411111111111111,0.08991500999999999,2,2,1.0,0.0,1.0,0,0,0,0
cifar10,20,2,mixed_maturity,rffl_reputation,dirichlet_lcb,diverse_then_repeat_backdoor,0.5,7,16,5,0.319,0.028888888888888888,0.08455303830893922,2,2,1.0,0.0,1.0,0,0,0,0
cifar10,20,2,mixed_maturity,rffl_reputation,dirichlet_lcb,diverse_then_repeat_backdoor,0.5,7,17,5,0.309,0.29444444444444445,0.08213118246393547,2,2,1.0,0.0,1.0,0,0,0,0
cifar10,20,2,mixed_maturity,rffl_reputation,dirichlet_lcb,diverse_then_repeat_backdoor,0.5,7,18,5,0.3205,0.06222222222222222,0.0896464208964642,2,2,1.0,0.0,1.0,0,0,0,0
cifar10,20,2,mixed_maturity,rffl_reputation,dirichlet_lcb,diverse_then_repeat_backdoor,0.5,7,19,5,0.332,0.13277777777777777,0.08172132000000001,2,2,1.0,0.0,1.0,0,0,0,0
cifar10,20,2,mixed_maturity,rffl_reputation,dirichlet_lcb,diverse_then_repeat_backdoor,0.5,7,20,5,0.3165,0.16777777777777778,0.08794982912050173,2,2,1.0,0.0,1.0,0,0,0,0
cifar10,20,2,mixed_maturity,rffl_reputation,dirichlet_lcb,diverse_then_repeat_backdoor,0.5,7,21,5,0.3285,0.42277777777777775,0.09453149,2,2,1.0,0.0,1.0,0,0,0,0
cifar10,20,2,mixed_maturity,rffl_reputation,dirichlet_lcb,diverse_then_repeat_backdoor,0.5,7,22,5,0.3275,0.31555555555555553,0.10404143,2,2,1.0,0.0,1.0,0,0,0,0
cifar10,20,2,mixed_maturity,rffl_reputation,dirichlet_lcb,diverse_then_repeat_backdoor,0.5,7,23,5,0.3305,0.11,0.09980519999999997,2,2,1.0,0.0,1.0,0,0,0,0
cifar10,20,2,mixed_maturity,rffl_reputation,dirichlet_lcb,diverse_then_repeat_backdoor,0.5,7,24,5,0.3475,0.125,0.09878691098786913,2,2,1.0,0.0,1.0,0,0,0,0
cifar10,20,2,mixed_maturity,rffl_reputation,dirichlet_lcb,diverse_then_repeat_backdoor,0.5,7,25,5,0.334,0.30333333333333334,0.1125412111254121,2,2,1.0,0.0,1.0,0,0,0,0
cifar10,20,2,mixed_maturity,rffl_reputation,dirichlet_lcb,diverse_then_repeat_backdoor,0.5,7,26,5,0.3705,0.13833333333333334,0.11851458881485412,2,2,1.0,0.0,1.0,0,0,0,0
cifar10,20,2,mixed_maturity,rffl_reputation,dirichlet_lcb,diverse_then_repeat_backdoor,0.5,7,27,5,0.3335,0.08222222222222222,0.12935032129350324,2,2,1.0,0.0,1.0,0,0,0,0
cifar10,20,2,mixed_maturity,rffl_reputation,dirichlet_lcb,diverse_then_repeat_backdoor,0.5,7,28,5,0.3145,0.49166666666666664,0.12769972999999998,2,2,1.0,0.0,1.0,0,0,0,0
cifar10,20,2,mixed_maturity,rffl_reputation,dirichlet_lcb,diverse_then_repeat_backdoor,0.5,7,29,5,0.3205,0.11388888888888889,0.12560830000000003,2,2,1.0,0.0,1.0,0,0,0,0
cifar10,20,2,mixed_maturity,rffl_reputation,dirichlet_lcb,diverse_then_repeat_backdoor,0.5,7,30,5,0.357,0.185,0.11662547766749044,2,2,1.0,0.0,1.0,0,0,0,0
cifar10,20,2,mixed_maturity,rffl_reputation,dirichlet_lcb,diverse_then_repeat_backdoor,0.5,7,31,5,0.359,0.3844444444444444,0.1093983110939831,2,2,1.0,0.0,1.0,0,0,0,0
cifar10,20,2,mixed_maturity,rffl_reputation,dirichlet_lcb,diverse_then_repeat_backdoor,0.5,7,32,5,0.339,0.42,0.11841073763178524,2,2,1.0,0.0,1.0,0,0,0,0
cifar10,20,2,mixed_maturity,rffl_reputation,dirichlet_lcb,diverse_then_repeat_backdoor,0.5,7,33,5,0.356,0.14444444444444443,0.11116966000000002,2,2,1.0,0.0,1.0,0,0,0,0
cifar10,20,2,mixed_maturity,rffl_reputation,dirichlet_lcb,diverse_then_repeat_backdoor,0.5,7,34,5,0.345,0.455,0.12076475758470484,2,2,1.0,0.0,1.0,0,0,0,0
cifar10,20,2,mixed_maturity,rffl_reputation,dirichlet_lcb,diverse_then_repeat_backdoor,0.5,7,35,5,0.29,0.5533333333333333,0.1344755386552446,2,2,1.0,0.0,1.0,0,0,0,0
cifar10,20,2,mixed_maturity,rffl_reputation,dirichlet_lcb,diverse_then_repeat_backdoor,0.5,7,36,5,0.3395,0.1738888888888889,0.1328585586714144,2,2,1.0,0.0,1.0,0,0,0,0
cifar10,20,2,mixed_maturity,rffl_reputation,dirichlet_lcb,diverse_then_repeat_backdoor,0.5,7,37,5,0.35,0.41833333333333333,0.11018364,2,2,1.0,0.0,1.0,0,0,0,0
cifar10,20,2,mixed_maturity,rffl_reputation,dirichlet_lcb,diverse_then_repeat_backdoor,0.5,7,38,5,0.364,0.3472222222222222,0.11112009333360282,2,2,1.0,0.0,1.0,0,0,0,0
cifar10,20,2,mixed_maturity,rffl_reputation,dirichlet_lcb,diverse_then_repeat_backdoor,0.5,7,39,5,0.3305,0.3372222222222222,0.11602283,2,2,1.0,0.0,1.0,0,0,0,0
cifar10,20,2,mixed_maturity,rffl_reputation,dirichlet_lcb,diverse_then_repeat_backdoor,0.5,7,40,5,0.334,0.3611111111111111,0.09971310900286891,2,2,1.0,0.0,1.0,0,0,0,0
cifar10,20,2,mixed_maturity,rffl_reputation,dirichlet_lcb,diverse_then_repeat_backdoor,0.5,7,41,5,0.337,0.19722222222222222,0.09932644099326442,2,2,1.0,0.0,1.0,0,0,0,0
cifar10,20,2,mixed_maturity,rffl_reputation,dirichlet_lcb,diverse_then_repeat_backdoor,0.5,7,42,5,0.35,0.33111111111111113,0.10172625101726253,2,2,1.0,0.0,1.0,0,0,0,0
cifar10,20,2,mixed_maturity,rffl_reputation,dirichlet_lcb,diverse_then_repeat_backdoor,0.5,7,43,5,0.3465,0.5216666666666666,0.0961805490381945,2,2,1.0,0.0,1.0,0,0,0,0
cifar10,20,2,mixed_maturity,rffl_reputation,dirichlet_lcb,diverse_then_repeat_backdoor,0.5,7,44,5,0.3795,0.44666666666666666,0.10022860999999997,2,2,1.0,0.0,1.0,0,0,0,0
cifar10,20,2,mixed_maturity,rffl_reputation,dirichlet_lcb,diverse_then_repeat_backdoor,0.5,7,45,5,0.363,0.4677777777777778,0.09472616,2,2,1.0,0.0,1.0,0,0,0,0
cifar10,20,2,mixed_maturity,rffl_reputation,dirichlet_lcb,diverse_then_repeat_backdoor,0.5,7,46,5,0.352,0.32666666666666666,0.09887107901128919,2,2,1.0,0.0,1.0,0,0,0,0
cifar10,20,2,mixed_maturity,rffl_reputation,dirichlet_lcb,diverse_then_repeat_backdoor,0.5,7,47,5,0.3745,0.42277777777777775,0.10813917891860822,2,2,1.0,0.0,1.0,0,0,0,0
cifar10,20,2,mixed_maturity,rffl_reputation,dirichlet_lcb,diverse_then_repeat_backdoor,0.5,7,48,5,0.342,0.44222222222222224,0.1117021588829784,2,2,1.0,0.0,1.0,0,0,0,0
cifar10,20,2,mixed_maturity,rffl_reputation,dirichlet_lcb,diverse_then_repeat_backdoor,0.5,7,49,5,0.359,0.3522222222222222,0.11680706766385864,2,2,1.0,0.0,1.0,0,0,0,0
cifar10,20,2,mixed_maturity,rffl_reputation,dirichlet_lcb,diverse_then_repeat_backdoor,0.5,7,50,5,0.346,0.2838888888888889,0.11109388222187765,2,2,1.0,0.0,1.0,0,0,0,0
cifar10,20,2,mixed_maturity,rffl_reputation,dirichlet_lcb,diverse_then_repeat_backdoor,0.5,8,1,5,0.1,0.9938888888888889,0.09999999999999998,2,2,1.0,0.0,1.0,0,0,0,0
cifar10,20,2,mixed_maturity,rffl_reputation,dirichlet_lcb,diverse_then_repeat_backdoor,0.5,8,2,5,0.2235,0.0005555555555555556,0.09526219,2,2,1.0,0.0,1.0,0,0,0,0
cifar10,20,2,mixed_maturity,rffl_reputation,dirichlet_lcb,diverse_then_repeat_backdoor,0.5,8,3,5,0.153,0.7666666666666667,0.08954395910456042,2,2,1.0,0.0,1.0,0,0,0,0
cifar10,20,2,mixed_maturity,rffl_reputation,dirichlet_lcb,diverse_then_repeat_backdoor,0.5,8,4,5,0.2605,0.05611111111111111,0.09456382905436171,2,2,1.0,0.0,1.0,0,0,0,0
cifar10,20,2,mixed_maturity,rffl_reputation,dirichlet_lcb,diverse_then_repeat_backdoor,0.5,8,5,5,0.283,0.1938888888888889,0.09509219000000001,2,2,1.0,0.0,1.0,0,0,0,0
cifar10,20,2,mixed_maturity,rffl_reputation,dirichlet_lcb,diverse_then_repeat_backdoor,0.5,8,6,5,0.2695,0.034444444444444444,0.0927242590727574,2,2,1.0,0.0,1.0,0,0,0,0
cifar10,20,2,mixed_maturity,rffl_reputation,dirichlet_lcb,diverse_then_repeat_backdoor,0.5,8,7,5,0.2405,0.10722222222222222,0.0878721108787211,2,2,1.0,0.0,1.0,0,0,0,0
cifar10,20,2,mixed_maturity,rffl_reputation,dirichlet_lcb,diverse_then_repeat_backdoor,0.5,8,8,5,0.298,0.13555555555555557,0.08008689919913102,2,2,1.0,0.0,1.0,0,0,0,0
cifar10,20,2,mixed_maturity,rffl_reputation,dirichlet_lcb,diverse_then_repeat_backdoor,0.5,8,9,5,0.281,0.02666666666666667,0.0751776,2,2,1.0,0.0,1.0,0,0,0,0
cifar10,20,2,mixed_maturity,rffl_reputation,dirichlet_lcb,diverse_then_repeat_backdoor,0.5,8,10,5,0.2485,0.5833333333333334,0.060619230606192315,2,2,1.0,0.0,1.0,0,0,0,0
cifar10,20,2,mixed_maturity,rffl_reputation,dirichlet_lcb,diverse_then_repeat_backdoor,0.5,8,11,5,0.2475,0.2738888888888889,0.06660000066600003,2,2,1.0,0.0,1.0,0,0,0,0
cifar10,20,2,mixed_maturity,rffl_reputation,dirichlet_lcb,diverse_then_repeat_backdoor,0.5,8,12,5,0.329,0.24222222222222223,0.06359188000000002,2,2,1.0,0.0,1.0,0,0,0,0
cifar10,20,2,mixed_maturity,rffl_reputation,dirichlet_lcb,diverse_then_repeat_backdoor,0.5,8,13,5,0.3015,0.105,0.07078158000000001,2,2,1.0,0.0,1.0,0,0,0,0
cifar10,20,2,mixed_maturity,rffl_reputation,dirichlet_lcb,diverse_then_repeat_backdoor,0.5,8,14,5,0.3245,0.10833333333333334,0.06116538938834611,2,2,1.0,0.0,1.0,0,0,0,0
cifar10,20,2,mixed_maturity,rffl_reputation,dirichlet_lcb,diverse_then_repeat_backdoor,0.5,8,15,5,0.32,0.31555555555555553,0.05679484,2,2,1.0,0.0,1.0,0,0,0,0
cifar10,20,2,mixed_maturity,rffl_reputation,dirichlet_lcb,diverse_then_repeat_backdoor,0.5,8,16,5,0.3295,0.08222222222222222,0.07025441859491165,2,2,1.0,0.0,1.0,0,0,0,0
cifar10,20,2,mixed_maturity,rffl_reputation,dirichlet_lcb,diverse_then_repeat_backdoor,0.5,8,17,5,0.3155,0.43944444444444447,0.0771726492282735,2,2,1.0,0.0,1.0,0,0,0,0
cifar10,20,2,mixed_maturity,rffl_reputation,dirichlet_lcb,diverse_then_repeat_backdoor,0.5,8,18,5,0.318,0.175,0.08852129,2,2,1.0,0.0,1.0,0,0,0,0
cifar10,20,2,mixed_maturity,rffl_reputation,dirichlet_lcb,diverse_then_repeat_backdoor,0.5,8,19,5,0.327,0.07555555555555556,0.08660591999999999,2,2,1.0,0.0,1.0,0,0,0,0
cifar10,20,2,mixed_maturity,rffl_reputation,dirichlet_lcb,diverse_then_repeat_backdoor,0.5,8,20,5,0.349,0.17055555555555554,0.09459059905409399,2,2,1.0,0.0,1.0,0,0,0,0
cifar10,20,2,mixed_maturity,rffl_reputation,dirichlet_lcb,diverse_then_repeat_backdoor,0.5,8,21,5,0.3,0.42944444444444446,0.08332608166652163,2,2,1.0,0.0,1.0,0,0,0,0
cifar10,20,2,mixed_maturity,rffl_reputation,dirichlet_lcb,diverse_then_repeat_backdoor,0.5,8,22,5,0.296,0.255,0.09907778801844425,2,2,1.0,0.0,1.0,0,0,0,0
cifar10,20,2,mixed_maturity,rffl_reputation,dirichlet_lcb,diverse_then_repeat_backdoor,0.5,8,23,5,0.3435,0.35,0.10229359897706404,2,2,1.0,0.0,1.0,0,0,0,0
cifar10,20,2,mixed_maturity,rffl_reputation,dirichlet_lcb,diverse_then_repeat_backdoor,0.5,8,24,5,0.3345,0.3794444444444444,0.10462201790755966,2,2,1.0,0.0,1.0,0,0,0,0
cifar10,20,2,mixed_maturity,rffl_reputation,dirichlet_lcb,diverse_then_repeat_backdoor,0.5,8,25,5,0.3105,0.4627777777777778,0.11078295,2,2,1.0,0.0,1.0,0,0,0,0
cifar10,20,2,mixed_maturity,rffl_reputation,dirichlet_lcb,diverse_then_repeat_backdoor,0.5,8,26,5,0.335,0.13166666666666665,0.11317083113170831,2,2,1.0,0.0,1.0,0,0,0,0
cifar10,20,2,mixed_maturity,rffl_reputation,dirichlet_lcb,diverse_then_repeat_backdoor,0.5,8,27,5,0.33,0.3711111111111111,0.11948509119485091,2,2,1.0,0.0,1.0,0,0,0,0
cifar10,20,2,mixed_maturity,rffl_reputation,dirichlet_lcb,diverse_then_repeat_backdoor,0.5,8,28,5,0.3075,0.5222222222222223,0.12273213000000001,2,2,1.0,0.0,1.0,0,0,0,0
cifar10,20,2,mixed_maturity,rffl_reputation,dirichlet_lcb,diverse_then_repeat_backdoor,0.5,8,29,5,0.3325,0.225,0.13104138999999998,2,2,1.0,0.0,1.0,0,0,0,0
cifar10,20,2,mixed_maturity,rffl_reputation,dirichlet_lcb,diverse_then_repeat_backdoor,0.5,8,30,5,0.3415,0.475,0.12697701,2,2,1.0,0.0,1.0,0,0,0,0
cifar10,20,2,mixed_maturity,rffl_reputation,dirichlet_lcb,diverse_then_repeat_backdoor,0.5,8,31,5,0.3565,0.5066666666666667,0.12264396122643964,2,2,1.0,0.0,1.0,0,0,0,0
cifar10,20,2,mixed_maturity,rffl_reputation,dirichlet_lcb,diverse_then_repeat_backdoor,0.5,8,32,5,0.352,0.09833333333333333,0.13353916267078322,2,2,1.0,0.0,1.0,0,0,0,0
cifar10,20,2,mixed_maturity,rffl_reputation,dirichlet_lcb,diverse_then_repeat_backdoor,0.5,8,33,5,0.307,0.2544444444444444,0.13696224999999998,2,2,1.0,0.0,1.0,0,0,0,0
cifar10,20,2,mixed_maturity,rffl_reputation,dirichlet_lcb,diverse_then_repeat_backdoor,0.5,8,34,5,0.3545,0.3611111111111111,0.14097823999999998,2,2,1.0,0.0,1.0,0,0,0,0
cifar10,20,2,mixed_maturity,rffl_reputation,dirichlet_lcb,diverse_then_repeat_backdoor,0.5,8,35,5,0.311,0.09277777777777778,0.12610859126108592,2,2,1.0,0.0,1.0,0,0,0,0
cifar10,20,2,mixed_maturity,rffl_reputation,dirichlet_lcb,diverse_then_repeat_backdoor,0.5,8,36,5,0.359,0.3038888888888889,0.12518429125184294,2,2,1.0,0.0,1.0,0,0,0,0
cifar10,20,2,mixed_maturity,rffl_reputation,dirichlet_lcb,diverse_then_repeat_backdoor,0.5,8,37,5,0.3465,0.19777777777777777,0.12286268877137312,2,2,1.0,0.0,1.0,0,0,0,0
cifar10,20,2,mixed_maturity,rffl_reputation,dirichlet_lcb,diverse_then_repeat_backdoor,0.5,8,38,5,0.371,0.3211111111111111,0.12929918612102442,2,2,1.0,0.0,1.0,0,0,0,0
cifar10,20,2,mixed_maturity,rffl_reputation,dirichlet_lcb,diverse_then_repeat_backdoor,0.5,8,39,5,0.298,0.645,0.12557788125577882,2,2,1.0,0.0,1.0,0,0,0,0
cifar10,20,2,mixed_maturity,rffl_reputation,dirichlet_lcb,diverse_then_repeat_backdoor,0.5,8,40,5,0.3225,0.6594444444444445,0.12210639122106393,2,2,1.0,0.0,1.0,0,0,0,0
cifar10,20,2,mixed_maturity,rffl_reputation,dirichlet_lcb,diverse_then_repeat_backdoor,0.5,8,41,5,0.37,0.47888888888888886,0.123851566284453,2,2,1.0,0.0,1.0,0,0,0,0
cifar10,20,2,mixed_maturity,rffl_reputation,dirichlet_lcb,diverse_then_repeat_backdoor,0.5,8,42,5,0.341,0.5155555555555555,0.1255597487444025,2,2,1.0,0.0,1.0,0,0,0,0
cifar10,20,2,mixed_maturity,rffl_reputation,dirichlet_lcb,diverse_then_repeat_backdoor,0.5,8,43,5,0.338,0.46166666666666667,0.1219487287805127,2,2,1.0,0.0,1.0,0,0,0,0
cifar10,20,2,mixed_maturity,rffl_reputation,dirichlet_lcb,diverse_then_repeat_backdoor,0.5,8,44,5,0.335,0.48944444444444446,0.13110451000000004,2,2,1.0,0.0,1.0,0,0,0,0
cifar10,20,2,mixed_maturity,rffl_reputation,dirichlet_lcb,diverse_then_repeat_backdoor,0.5,8,45,5,0.3395,0.7,0.12721007,2,2,1.0,0.0,1.0,0,0,0,0
cifar10,20,2,mixed_maturity,rffl_reputation,dirichlet_lcb,diverse_then_repeat_backdoor,0.5,8,46,5,0.3295,0.3844444444444444,0.13588794135887938,2,2,1.0,0.0,1.0,0,0,0,0
cifar10,20,2,mixed_maturity,rffl_reputation,dirichlet_lcb,diverse_then_repeat_backdoor,0.5,8,47,5,0.3225,0.6783333333333333,0.13091826869081732,2,2,1.0,0.0,1.0,0,0,0,0
cifar10,20,2,mixed_maturity,rffl_reputation,dirichlet_lcb,diverse_then_repeat_backdoor,0.5,8,48,5,0.3145,0.48333333333333334,0.1313476413134764,2,2,1.0,0.0,1.0,0,0,0,0
cifar10,20,2,mixed_maturity,rffl_reputation,dirichlet_lcb,diverse_then_repeat_backdoor,0.5,8,49,5,0.3405,0.41944444444444445,0.14162786858372128,2,2,1.0,0.0,1.0,0,0,0,0
cifar10,20,2,mixed_maturity,rffl_reputation,dirichlet_lcb,diverse_then_repeat_backdoor,0.5,8,50,5,0.354,0.39555555555555555,0.13021740739565188,2,2,1.0,0.0,1.0,0,0,0,0
cifar10,20,2,mixed_maturity,rffl_reputation,dirichlet_lcb,diverse_then_repeat_backdoor,0.5,9,1,5,0.1115,0.0,0.09999999999999998,2,2,1.0,0.0,1.0,0,0,0,0
cifar10,20,2,mixed_maturity,rffl_reputation,dirichlet_lcb,diverse_then_repeat_backdoor,0.5,9,2,5,0.19,0.6633333333333333,0.09837179,2,2,1.0,0.0,1.0,0,0,0,0
cifar10,20,2,mixed_maturity,rffl_reputation,dirichlet_lcb,diverse_then_repeat_backdoor,0.5,9,3,5,0.1975,0.0,0.09661399,2,2,1.0,0.0,1.0,0,0,0,0
cifar10,20,2,mixed_maturity,rffl_reputation,dirichlet_lcb,diverse_then_repeat_backdoor,0.5,9,4,5,0.2665,0.04666666666666667,0.08375207000000001,2,2,1.0,0.0,1.0,0,0,0,0
cifar10,20,2,mixed_maturity,rffl_reputation,dirichlet_lcb,diverse_then_repeat_backdoor,0.5,9,5,5,0.2495,0.21555555555555556,0.08992238820155224,2,2,1.0,0.0,1.0,0,0,0,0
cifar10,20,2,mixed_maturity,rffl_reputation,dirichlet_lcb,diverse_then_repeat_backdoor,0.5,9,6,5,0.2795,0.2738888888888889,0.09893927999999999,2,2,1.0,0.0,1.0,0,0,0,0
cifar10,20,2,mixed_maturity,rffl_reputation,dirichlet_lcb,diverse_then_repeat_backdoor,0.5,9,7,5,0.313,0.06722222222222222,0.09661469903385299,2,2,1.0,0.0,1.0,0,0,0,0
cifar10,20,2,mixed_maturity,rffl_reputation,dirichlet_lcb,diverse_then_repeat_backdoor,0.5,9,8,5,0.3,0.28833333333333333,0.08731575174631505,2,2,1.0,0.0,1.0,0,0,0,0
cifar10,20,2,mixed_maturity,rffl_reputation,dirichlet_lcb,diverse_then_repeat_backdoor,0.5,9,9,5,0.311,0.075,0.094713300947133,2,2,1.0,0.0,1.0,0,0,0,0
cifar10,20,2,mixed_maturity,rffl_reputation,dirichlet_lcb,diverse_then_repeat_backdoor,0.5,9,10,5,0.275,0.48833333333333334,0.09096351999999999,2,2,1.0,0.0,1.0,0,0,0,0
cifar10,20,2,mixed_maturity,rffl_reputation,dirichlet_lcb,diverse_then_repeat_backdoor,0.5,9,11,5,0.3185,0.028333333333333332,0.10220888,2,2,1.0,0.0,1.0,0,0,0,0
cifar10,20,2,mixed_maturity,rffl_reputation,dirichlet_lcb,diverse_then_repeat_backdoor,0.5,9,12,5,0.3345,0.155,0.09976898800462024,2,2,1.0,0.0,1.0,0,0,0,0
cifar10,20,2,mixed_maturity,rffl_reputation,dirichlet_lcb,diverse_then_repeat_backdoor,0.5,9,13,5,0.2985,0.40555555555555556,0.10145909202918182,2,2,1.0,0.0,1.0,0,0,0,0
cifar10,20,2,mixed_maturity,rffl_reputation,dirichlet_lcb,diverse_then_repeat_backdoor,0.5,9,14,5,0.316,0.029444444444444443,0.09865799000000001,2,2,1.0,0.0,1.0,0,0,0,0
cifar10,20,2,mixed_maturity,rffl_reputation,dirichlet_lcb,diverse_then_repeat_backdoor,0.5,9,15,5,0.2775,0.4722222222222222,0.08783696912163029,2,2,1.0,0.0,1.0,0,0,0,0
cifar10,20,2,mixed_maturity,rffl_reputation,dirichlet_lcb,diverse_then_repeat_backdoor,0.5,9,16,5,0.325,0.002777777777777778,0.10759425000000002,2,2,1.0,0.0,1.0,0,0,0,0
cifar10,20,2,mixed_maturity,rffl_reputation,dirichlet_lcb,diverse_then_repeat_backdoor,0.5,9,17,5,0.32,0.23,0.09360037187200745,2,2,1.0,0.0,1.0,0,0,0,0
cifar10,20,2,mixed_maturity,rffl_reputation,dirichlet_lcb,diverse_then_repeat_backdoor,0.5,9,18,5,0.309,0.275,0.11470206,2,2,1.0,0.0,1.0,0,0,0,0
cifar10,20,2,mixed_maturity,rffl_reputation,dirichlet_lcb,diverse_then_repeat_backdoor,0.5,9,19,5,0.316,0.26222222222222225,0.11800481,2,2,1.0,0.0,1.0,0,0,0,0
cifar10,20,2,mixed_maturity,rffl_reputation,dirichlet_lcb,diverse_then_repeat_backdoor,0.5,9,20,5,0.3055,0.07,0.11512749115127492,2,2,1.0,0.0,1.0,0,0,0,0
cifar10,20,2,mixed_maturity,rffl_reputation,dirichlet_lcb,diverse_then_repeat_backdoor,0.5,9,21,5,0.285,0.2788888888888889,0.0997439609974396,2,2,1.0,0.0,1.0,0,0,0,0
cifar10,20,2,mixed_maturity,rffl_reputation,dirichlet_lcb,diverse_then_repeat_backdoor,0.5,9,22,5,0.31,0.39944444444444444,0.10397249000000001,2,2,1.0,0.0,1.0,0,0,0,0
cifar10,20,2,mixed_maturity,rffl_reputation,dirichlet_lcb,diverse_then_repeat_backdoor,0.5,9,23,5,0.3135,0.4588888888888889,0.11143974111439743,2,2,1.0,0.0,1.0,0,0,0,0
cifar10,20,2,mixed_maturity,rffl_reputation,dirichlet_lcb,diverse_then_repeat_backdoor,0.5,9,24,5,0.3315,0.12444444444444444,0.10552899105528989,2,2,1.0,0.0,1.0,0,0,0,0
cifar10,20,2,mixed_maturity,rffl_reputation,dirichlet_lcb,diverse_then_repeat_backdoor,0.5,9,25,5,0.3265,0.44666666666666666,0.09716678097166782,2,2,1.0,0.0,1.0,0,0,0,0
cifar10,20,2,mixed_maturity,rffl_reputation,dirichlet_lcb,diverse_then_repeat_backdoor,0.5,9,26,5,0.3065,0.034444444444444444,0.11210978887890215,2,2,1.0,0.0,1.0,0,0,0,0
cifar10,20,2,mixed_maturity,rffl_reputation,dirichlet_lcb,diverse_then_repeat_backdoor,0.5,9,27,5,0.3385,0.2772222222222222,0.10827200108272002,2,2,1.0,0.0,1.0,0,0,0,0
cifar10,20,2,mixed_maturity,rffl_reputation,dirichlet_lcb,diverse_then_repeat_backdoor,0.5,9,28,5,0.336,0.3338888888888889,0.12892966128929664,2,2,1.0,0.0,1.0,0,0,0,0
cifar10,20,2,mixed_maturity,rffl_reputation,dirichlet_lcb,diverse_then_repeat_backdoor,0.5,9,29,5,0.305,0.4072222222222222,0.1433058114330581,2,2,1.0,0.0,1.0,0,0,0,0
cifar10,20,2,mixed_maturity,rffl_reputation,dirichlet_lcb,diverse_then_repeat_backdoor,0.5,9,30,5,0.365,0.25166666666666665,0.15326027,2,2,1.0,0.0,1.0,0,0,0,0
cifar10,20,2,mixed_maturity,rffl_reputation,dirichlet_lcb,diverse_then_repeat_backdoor,0.5,9,31,5,0.331,0.48833333333333334,0.14551600145516003,2,2,1.0,0.0,1.0,0,0,0,0
cifar10,20,2,mixed_maturity,rffl_reputation,dirichlet_lcb,diverse_then_repeat_backdoor,0.5,9,32,5,0.316,0.17,0.15286558152865581,2,2,1.0,0.0,1.0,0,0,0,0
cifar10,20,2,mixed_maturity,rffl_reputation,dirichlet_lcb,diverse_then_repeat_backdoor,0.5,9,33,5,0.346,0.21666666666666667,0.15530654000000002,2,2,1.0,0.0,1.0,0,0,0,0
cifar10,20,2,mixed_maturity,rffl_reputation,dirichlet_lcb,diverse_then_repeat_backdoor,0.5,9,34,5,0.3425,0.3233333333333333,0.1402229,2,2,1.0,0.0,1.0,0,0,0,0
cifar10,20,2,mixed_maturity,rffl_reputation,dirichlet_lcb,diverse_then_repeat_backdoor,0.5,9,35,5,0.352,0.18833333333333332,0.14584189145841892,2,2,1.0,0.0,1.0,0,0,0,0
cifar10,20,2,mixed_maturity,rffl_reputation,dirichlet_lcb,diverse_then_repeat_backdoor,0.5,9,36,5,0.3255,0.31,0.139093598609064,2,2,1.0,0.0,1.0,0,0,0,0
cifar10,20,2,mixed_maturity,rffl_reputation,dirichlet_lcb,diverse_then_repeat_backdoor,0.5,9,37,5,0.342,0.4666666666666667,0.14392722143927222,2,2,1.0,0.0,1.0,0,0,0,0
cifar10,20,2,mixed_maturity,rffl_reputation,dirichlet_lcb,diverse_then_repeat_backdoor,0.5,9,38,5,0.3445,0.3244444444444444,0.15168509151685095,2,2,1.0,0.0,1.0,0,0,0,0
cifar10,20,2,mixed_maturity,rffl_reputation,dirichlet_lcb,diverse_then_repeat_backdoor,0.5,9,39,5,0.295,0.46444444444444444,0.15236603847633956,2,2,1.0,0.0,1.0,0,0,0,0
cifar10,20,2,mixed_maturity,rffl_reputation,dirichlet_lcb,diverse_then_repeat_backdoor,0.5,9,40,5,0.3625,0.4955555555555556,0.14830283851697157,2,2,1.0,0.0,1.0,0,0,0,0
cifar10,20,2,mixed_maturity,rffl_reputation,dirichlet_lcb,diverse_then_repeat_backdoor,0.5,9,41,5,0.3435,0.5561111111111111,0.13430993268619867,2,2,1.0,0.0,1.0,0,0,0,0
cifar10,20,2,mixed_maturity,rffl_reputation,dirichlet_lcb,diverse_then_repeat_backdoor,0.5,9,42,5,0.3325,0.20277777777777778,0.14455632000000002,2,2,1.0,0.0,1.0,0,0,0,0
cifar10,20,2,mixed_maturity,rffl_reputation,dirichlet_lcb,diverse_then_repeat_backdoor,0.5,9,43,5,0.3615,0.4627777777777778,0.15725012,2,2,1.0,0.0,1.0,0,0,0,0
cifar10,20,2,mixed_maturity,rffl_reputation,dirichlet_lcb,diverse_then_repeat_backdoor,0.5,9,44,5,0.336,0.6005555555555555,0.1548284669034307,2,2,1.0,0.0,1.0,0,0,0,0
cifar10,20,2,mixed_maturity,rffl_reputation,dirichlet_lcb,diverse_then_repeat_backdoor,0.5,9,45,5,0.35,0.5038888888888889,0.15167743000000003,2,2,1.0,0.0,1.0,0,0,0,0
cifar10,20,2,mixed_maturity,rffl_reputation,dirichlet_lcb,diverse_then_repeat_backdoor,0.5,9,46,5,0.3095,0.6277777777777778,0.14712814852871853,2,2,1.0,0.0,1.0,0,0,0,0
cifar10,20,2,mixed_maturity,rffl_reputation,dirichlet_lcb,diverse_then_repeat_backdoor,0.5,9,47,5,0.3655,0.5444444444444444,0.14682612000000003,2,2,1.0,0.0,1.0,0,0,0,0
cifar10,20,2,mixed_maturity,rffl_reputation,dirichlet_lcb,diverse_then_repeat_backdoor,0.5,9,48,5,0.352,0.5044444444444445,0.13062560999999998,2,2,1.0,0.0,1.0,0,0,0,0
cifar10,20,2,mixed_maturity,rffl_reputation,dirichlet_lcb,diverse_then_repeat_backdoor,0.5,9,49,5,0.3275,0.32222222222222224,0.13628804136288045,2,2,1.0,0.0,1.0,0,0,0,0
cifar10,20,2,mixed_maturity,rffl_reputation,dirichlet_lcb,diverse_then_repeat_backdoor,0.5,9,50,5,0.3555,0.3844444444444444,0.13493998134939983,2,2,1.0,0.0,1.0,0,0,0,0
