"dataset","client_count","attacker_count","cohort_mode","variant","trust_estimator","attack_scenario","noniid_alpha","repeat","attack_start_round","limited_clean_updates","limited_observation_updates","limited_aggregation_weight","max_probation_tasks","min_probation_completed_tasks","min_evidence_mass","configured_access_lease_full_updates","node_id","profile","cohort_role","initial_access_state","access_state","completed_tasks","credited_independent_tasks","verified_source_records","evidence_types","evidence_mass","minimum_evidence_mass_required","trust_score","history_mean","history_decision_score","history_lcb","history_std","history_evidence_maturity","training_clean_evidence","structurally_accepted_training_updates","structurally_accepted_observation_updates","limited_clean_updates_required","limited_observation_updates_required","freshness_lease_enabled","freshness_lease_applies","access_lease_phase","access_lease_cycle_position","access_lease_full_updates","penalty_debt","hard_failures","onboarding_duration_seconds","flower_fit_events","aggregated_fit_events","aggregated_weight_mass","revoked_round","revocation_reason","norm_escalation_mode"
"cifar10","20","2","mixed_maturity","access_freshness_lease","dirichlet_lcb","diverse_then_repeat_backdoor","0.5","0","2","5","5","0.5","20","9","1.5","5","attacker-1","diverse_then_repeat_backdoor","newcomer","LIMITED","LIMITED","9","9","0","4","4.882922989522995","1.5","0.7462875490779619","0.8370070466491786","0.6465358545084627","0.6465358545084627","0.1157982362815884","0.29254799703263074","50","50","50","5","5","True","True","REVALIDATION","5","5","0.0","0","3.832339286804199","50","50","37.5","","","moderate_shadow"
"cifar10","20","2","mixed_maturity","access_freshness_lease","dirichlet_lcb","diverse_then_repeat_backdoor","0.5","0","2","5","5","0.5","20","9","1.5","5","attacker-2","diverse_then_repeat_backdoor","newcomer","LIMITED","LIMITED","9","9","0","4","4.882922989522995","1.5","0.7462875490779619","0.8370070466491786","0.6465358545084627","0.6465358545084627","0.1157982362815884","0.29254799703263074","50","50","50","5","5","True","True","REVALIDATION","5","5","0.0","0","3.4365851879119873","50","50","37.5","","","moderate_shadow"
"cifar10","20","2","mixed_maturity","access_freshness_lease","dirichlet_lcb","diverse_then_repeat_backdoor","0.5","0","2","5","5","0.5","20","9","1.5","5","honest-1","honest","incumbent","ADMITTED","ADMITTED","9","9","0","4","4.882922989522995","1.5","0.7462875490779619","0.8370070466491786","0.6465358545084627","0.6465358545084627","0.1157982362815884","0.29254799703263074","50","50","50","5","5","True","False","NOT_APPLICABLE","","0","0.0","0","34.02830767631531","50","50","50.0","","","moderate_shadow"
"cifar10","20","2","mixed_maturity","access_freshness_lease","dirichlet_lcb","diverse_then_repeat_backdoor","0.5","0","2","5","5","0.5","20","9","1.5","5","honest-10","honest","incumbent","ADMITTED","ADMITTED","9","9","0","4","4.882922989522995","1.5","0.7462875490779619","0.8370070466491786","0.6465358545084627","0.6465358545084627","0.1157982362815884","0.29254799703263074","50","50","50","5","5","True","False","NOT_APPLICABLE","","0","0.0","0","2.1848630905151367","50","50","50.0","","","moderate_shadow"
"cifar10","20","2","mixed_maturity","access_freshness_lease","dirichlet_lcb","diverse_then_repeat_backdoor","0.5","0","2","5","5","0.5","20","9","1.5","5","honest-11","honest","incumbent","ADMITTED","ADMITTED","9","9","0","4","4.882922989522995","1.5","0.7462875490779619","0.8370070466491786","0.6465358545084627","0.6465358545084627","0.1157982362815884","0.29254799703263074","50","50","50","5","5","True","False","NOT_APPLICABLE","","0","0.0","0","3.9540319442749023","50","50","50.0","","","moderate_shadow"
"cifar10","20","2","mixed_maturity","access_freshness_lease","dirichlet_lcb","diverse_then_repeat_backdoor","0.5","0","2","5","5","0.5","20","9","1.5","5","honest-12","honest","incumbent","ADMITTED","ADMITTED","9","9","0","4","4.882922989522995","1.5","0.7462875490779619","0.8370070466491786","0.6465358545084627","0.6465358545084627","0.1157982362815884","0.29254799703263074","50","50","50","5","5","True","False","NOT_APPLICABLE","","0","0.0","0","2.7671210765838623","50","50","50.0","","","moderate_shadow"
"cifar10","20","2","mixed_maturity","access_freshness_lease","dirichlet_lcb","diverse_then_repeat_backdoor","0.5","0","2","5","5","0.5","20","9","1.5","5","honest-13","honest","incumbent","ADMITTED","ADMITTED","9","9","0","4","4.882922989522995","1.5","0.7462875490779619","0.8370070466491786","0.6465358545084627","0.6465358545084627","0.1157982362815884","0.29254799703263074","50","50","50","5","5","True","False","NOT_APPLICABLE","","0","0.0","0","2.6574440002441406","50","50","50.0","","","moderate_shadow"
"cifar10","20","2","mixed_maturity","access_freshness_lease","dirichlet_lcb","diverse_then_repeat_backdoor","0.5","0","2","5","5","0.5","20","9","1.5","5","honest-14","honest","incumbent","ADMITTED","ADMITTED","9","9","0","4","4.882922989522995","1.5","0.7462875490779619","0.8370070466491786","0.6465358545084627","0.6465358545084627","0.1157982362815884","0.29254799703263074","50","50","50","5","5","True","False","NOT_APPLICABLE","","0","0.0","0","2.8559958934783936","50","50","50.0","","","moderate_shadow"
"cifar10","20","2","mixed_maturity","access_freshness_lease","dirichlet_lcb","diverse_then_repeat_backdoor","0.5","0","2","5","5","0.5","20","9","1.5","5","honest-15","honest","incumbent","ADMITTED","ADMITTED","9","9","0","4","4.882922989522995","1.5","0.7462875490779619","0.8370070466491786","0.6465358545084627","0.6465358545084627","0.1157982362815884","0.29254799703263074","50","50","50","5","5","True","False","NOT_APPLICABLE","","0","0.0","0","3.156888723373413","50","50","50.0","","","moderate_shadow"
"cifar10","20","2","mixed_maturity","access_freshness_lease","dirichlet_lcb","diverse_then_repeat_backdoor","0.5","0","2","5","5","0.5","20","9","1.5","5","honest-16","honest","incumbent","ADMITTED","ADMITTED","9","9","0","4","4.882922989522995","1.5","0.7462875490779619","0.8370070466491786","0.6465358545084627","0.6465358545084627","0.1157982362815884","0.29254799703263074","50","50","50","5","5","True","False","NOT_APPLICABLE","","0","0.0","0","2.3295843601226807","50","50","50.0","","","moderate_shadow"
"cifar10","20","2","mixed_maturity","access_freshness_lease","dirichlet_lcb","diverse_then_repeat_backdoor","0.5","0","2","5","5","0.5","20","9","1.5","5","honest-17","honest","incumbent","ADMITTED","ADMITTED","9","9","0","4","4.882922989522995","1.5","0.7462875490779619","0.8370070466491786","0.6465358545084627","0.6465358545084627","0.1157982362815884","0.29254799703263074","50","50","50","5","5","True","False","NOT_APPLICABLE","","0","0.0","0","3.62318754196167","50","50","50.0","","","moderate_shadow"
"cifar10","20","2","mixed_maturity","access_freshness_lease","dirichlet_lcb","diverse_then_repeat_backdoor","0.5","0","2","5","5","0.5","20","9","1.5","5","honest-18","honest","incumbent","ADMITTED","ADMITTED","9","9","0","4","4.882922989522995","1.5","0.7462875490779619","0.8370070466491786","0.6465358545084627","0.6465358545084627","0.1157982362815884","0.29254799703263074","50","50","50","5","5","True","False","NOT_APPLICABLE","","0","0.0","0","3.0196585655212402","50","50","50.0","","","moderate_shadow"
"cifar10","20","2","mixed_maturity","access_freshness_lease","dirichlet_lcb","diverse_then_repeat_backdoor","0.5","0","2","5","5","0.5","20","9","1.5","5","honest-2","honest","incumbent","ADMITTED","ADMITTED","9","9","0","4","4.882922989522995","1.5","0.7462875490779619","0.8370070466491786","0.6465358545084627","0.6465358545084627","0.1157982362815884","0.29254799703263074","50","50","50","5","5","True","False","NOT_APPLICABLE","","0","0.0","0","3.732961893081665","50","50","50.0","","","moderate_shadow"
"cifar10","20","2","mixed_maturity","access_freshness_lease","dirichlet_lcb","diverse_then_repeat_backdoor","0.5","0","2","5","5","0.5","20","9","1.5","5","honest-3","honest","incumbent","ADMITTED","ADMITTED","9","9","0","4","4.882922989522995","1.5","0.7462875490779619","0.8370070466491786","0.6465358545084627","0.6465358545084627","0.1157982362815884","0.29254799703263074","50","50","50","5","5","True","False","NOT_APPLICABLE","","0","0.0","0","3.5861096382141113","50","50","50.0","","","moderate_shadow"
"cifar10","20","2","mixed_maturity","access_freshness_lease","dirichlet_lcb","diverse_then_repeat_backdoor","0.5","0","2","5","5","0.5","20","9","1.5","5","honest-4","honest","incumbent","ADMITTED","ADMITTED","9","9","0","4","4.882922989522995","1.5","0.7462875490779619","0.8370070466491786","0.6465358545084627","0.6465358545084627","0.1157982362815884","0.29254799703263074","50","50","50","5","5","True","False","NOT_APPLICABLE","","0","0.0","0","2.4121651649475098","50","50","50.0","","","moderate_shadow"
"cifar10","20","2","mixed_maturity","access_freshness_lease","dirichlet_lcb","diverse_then_repeat_backdoor","0.5","0","2","5","5","0.5","20","9","1.5","5","honest-5","honest","incumbent","ADMITTED","ADMITTED","9","9","0","4","4.882922989522995","1.5","0.7462875490779619","0.8370070466491786","0.6465358545084627","0.6465358545084627","0.1157982362815884","0.29254799703263074","50","50","50","5","5","True","False","NOT_APPLICABLE","","0","0.0","0","3.2945380210876465","50","50","50.0","","","moderate_shadow"
"cifar10","20","2","mixed_maturity","access_freshness_lease","dirichlet_lcb","diverse_then_repeat_backdoor","0.5","0","2","5","5","0.5","20","9","1.5","5","honest-6","honest","incumbent","ADMITTED","ADMITTED","9","9","0","4","4.882922989522995","1.5","0.7462875490779619","0.8370070466491786","0.6465358545084627","0.6465358545084627","0.1157982362815884","0.29254799703263074","50","50","50","5","5","True","False","NOT_APPLICABLE","","0","0.0","0","2.238192081451416","50","50","50.0","","","moderate_shadow"
"cifar10","20","2","mixed_maturity","access_freshness_lease","dirichlet_lcb","diverse_then_repeat_backdoor","0.5","0","2","5","5","0.5","20","9","1.5","5","honest-7","honest","incumbent","ADMITTED","ADMITTED","9","9","0","4","4.882922989522995","1.5","0.7462875490779619","0.8370070466491786","0.6465358545084627","0.6465358545084627","0.1157982362815884","0.29254799703263074","50","50","50","5","5","True","False","NOT_APPLICABLE","","0","0.0","0","93.62328338623047","50","50","50.0","","","moderate_shadow"
"cifar10","20","2","mixed_maturity","access_freshness_lease","dirichlet_lcb","diverse_then_repeat_backdoor","0.5","0","2","5","5","0.5","20","9","1.5","5","honest-8","honest","incumbent","ADMITTED","ADMITTED","9","9","0","4","4.882922989522995","1.5","0.7462875490779619","0.8370070466491786","0.6465358545084627","0.6465358545084627","0.1157982362815884","0.29254799703263074","50","50","50","5","5","True","False","NOT_APPLICABLE","","0","0.0","0","2.4204938411712646","50","50","50.0","","","moderate_shadow"
"cifar10","20","2","mixed_maturity","access_freshness_lease","dirichlet_lcb","diverse_then_repeat_backdoor","0.5","0","2","5","5","0.5","20","9","1.5","5","honest-9","honest","incumbent","ADMITTED","ADMITTED","9","9","0","4","4.882922989522995","1.5","0.7462875490779619","0.8370070466491786","0.6465358545084627","0.6465358545084627","0.1157982362815884","0.29254799703263074","50","50","50","5","5","True","False","NOT_APPLICABLE","","0","0.0","0","3.826916217803955","50","50","50.0","","","moderate_shadow"
"cifar10","20","2","mixed_maturity","access_freshness_lease","dirichlet_lcb","diverse_then_repeat_backdoor","0.5","1","2","5","5","0.5","20","9","1.5","5","attacker-1","diverse_then_repeat_backdoor","newcomer","LIMITED","LIMITED","9","9","0","4","4.882922989522995","1.5","0.7462875490779619","0.8370070466491786","0.6465358545084627","0.6465358545084627","0.1157982362815884","0.29254799703263074","50","50","50","5","5","True","True","REVALIDATION","5","5","0.0","0","2.3629701137542725","50","50","37.5","","","moderate_shadow"
"cifar10","20","2","mixed_maturity","access_freshness_lease","dirichlet_lcb","diverse_then_repeat_backdoor","0.5","1","2","5","5","0.5","20","9","1.5","5","attacker-2","diverse_then_repeat_backdoor","newcomer","LIMITED","LIMITED","9","9","0","4","4.882922989522995","1.5","0.7462875490779619","0.8370070466491786","0.6465358545084627","0.6465358545084627","0.1157982362815884","0.29254799703263074","50","50","50","5","5","True","True","REVALIDATION","5","5","0.0","0","2.437854766845703","50","50","37.5","","","moderate_shadow"
"cifar10","20","2","mixed_maturity","access_freshness_lease","dirichlet_lcb","diverse_then_repeat_backdoor","0.5","1","2","5","5","0.5","20","9","1.5","5","honest-1","honest","incumbent","ADMITTED","ADMITTED","9","9","0","4","4.882922989522995","1.5","0.7462875490779619","0.8370070466491786","0.6465358545084627","0.6465358545084627","0.1157982362815884","0.29254799703263074","50","50","50","5","5","True","False","NOT_APPLICABLE","","0","0.0","0","3.366365671157837","50","50","50.0","","","moderate_shadow"
"cifar10","20","2","mixed_maturity","access_freshness_lease","dirichlet_lcb","diverse_then_repeat_backdoor","0.5","1","2","5","5","0.5","20","9","1.5","5","honest-10","honest","incumbent","ADMITTED","ADMITTED","9","9","0","4","4.882922989522995","1.5","0.7462875490779619","0.8370070466491786","0.6465358545084627","0.6465358545084627","0.1157982362815884","0.29254799703263074","50","50","50","5","5","True","False","NOT_APPLICABLE","","0","0.0","0","33.02780485153198","50","50","50.0","","","moderate_shadow"
"cifar10","20","2","mixed_maturity","access_freshness_lease","dirichlet_lcb","diverse_then_repeat_backdoor","0.5","1","2","5","5","0.5","20","9","1.5","5","honest-11","honest","incumbent","ADMITTED","ADMITTED","9","9","0","4","4.882922989522995","1.5","0.7462875490779619","0.8370070466491786","0.6465358545084627","0.6465358545084627","0.1157982362815884","0.29254799703263074","50","50","50","5","5","True","False","NOT_APPLICABLE","","0","0.0","0","2.607699394226074","50","50","50.0","","","moderate_shadow"
"cifar10","20","2","mixed_maturity","access_freshness_lease","dirichlet_lcb","diverse_then_repeat_backdoor","0.5","1","2","5","5","0.5","20","9","1.5","5","honest-12","honest","incumbent","ADMITTED","ADMITTED","9","9","0","4","4.882922989522995","1.5","0.7462875490779619","0.8370070466491786","0.6465358545084627","0.6465358545084627","0.1157982362815884","0.29254799703263074","50","50","50","5","5","True","False","NOT_APPLICABLE","","0","0.0","0","3.347399950027466","50","50","50.0","","","moderate_shadow"
"cifar10","20","2","mixed_maturity","access_freshness_lease","dirichlet_lcb","diverse_then_repeat_backdoor","0.5","1","2","5","5","0.5","20","9","1.5","5","honest-13","honest","incumbent","ADMITTED","ADMITTED","9","9","0","4","4.882922989522995","1.5","0.7462875490779619","0.8370070466491786","0.6465358545084627","0.6465358545084627","0.1157982362815884","0.29254799703263074","50","50","50","5","5","True","False","NOT_APPLICABLE","","0","0.0","0","3.1502225399017334","50","50","50.0","","","moderate_shadow"
"cifar10","20","2","mixed_maturity","access_freshness_lease","dirichlet_lcb","diverse_then_repeat_backdoor","0.5","1","2","5","5","0.5","20","9","1.5","5","honest-14","honest","incumbent","ADMITTED","ADMITTED","9","9","0","4","4.882922989522995","1.5","0.7462875490779619","0.8370070466491786","0.6465358545084627","0.6465358545084627","0.1157982362815884","0.29254799703263074","50","50","50","5","5","True","False","NOT_APPLICABLE","","0","0.0","0","2.8591666221618652","50","50","50.0","","","moderate_shadow"
"cifar10","20","2","mixed_maturity","access_freshness_lease","dirichlet_lcb","diverse_then_repeat_backdoor","0.5","1","2","5","5","0.5","20","9","1.5","5","honest-15","honest","incumbent","ADMITTED","ADMITTED","9","9","0","4","4.882922989522995","1.5","0.7462875490779619","0.8370070466491786","0.6465358545084627","0.6465358545084627","0.1157982362815884","0.29254799703263074","50","50","50","5","5","True","False","NOT_APPLICABLE","","0","0.0","0","3.096447706222534","50","50","50.0","","","moderate_shadow"
"cifar10","20","2","mixed_maturity","access_freshness_lease","dirichlet_lcb","diverse_then_repeat_backdoor","0.5","1","2","5","5","0.5","20","9","1.5","5","honest-16","honest","incumbent","ADMITTED","ADMITTED","9","9","0","4","4.882922989522995","1.5","0.7462875490779619","0.8370070466491786","0.6465358545084627","0.6465358545084627","0.1157982362815884","0.29254799703263074","50","50","50","5","5","True","False","NOT_APPLICABLE","","0","0.0","0","2.485990047454834","50","50","50.0","","","moderate_shadow"
"cifar10","20","2","mixed_maturity","access_freshness_lease","dirichlet_lcb","diverse_then_repeat_backdoor","0.5","1","2","5","5","0.5","20","9","1.5","5","honest-17","honest","incumbent","ADMITTED","ADMITTED","9","9","0","4","4.882922989522995","1.5","0.7462875490779619","0.8370070466491786","0.6465358545084627","0.6465358545084627","0.1157982362815884","0.29254799703263074","50","50","50","5","5","True","False","NOT_APPLICABLE","","0","0.0","0","2.7584986686706543","50","50","50.0","","","moderate_shadow"
"cifar10","20","2","mixed_maturity","access_freshness_lease","dirichlet_lcb","diverse_then_repeat_backdoor","0.5","1","2","5","5","0.5","20","9","1.5","5","honest-18","honest","incumbent","ADMITTED","ADMITTED","9","9","0","3","4.5294892388817605","1.5","0.7401065581334588","0.8277664507491892","0.6288758803813109","0.6288758803813109","0.12091685363435191","0.27568090107538146","50","50","50","5","5","True","False","NOT_APPLICABLE","","0","0.0","0","32.64848852157593","50","50","50.0","","","moderate_shadow"
"cifar10","20","2","mixed_maturity","access_freshness_lease","dirichlet_lcb","diverse_then_repeat_backdoor","0.5","1","2","5","5","0.5","20","9","1.5","5","honest-2","honest","incumbent","ADMITTED","ADMITTED","9","9","0","3","5.004489238881761","1.5","0.7503560216234088","0.8430201361031787","0.6581600617811678","0.6581600617811678","0.11238691964272261","0.3041175807403508","50","50","50","5","5","True","False","NOT_APPLICABLE","","0","0.0","0","62.60655736923218","50","50","50.0","","","moderate_shadow"
"cifar10","20","2","mixed_maturity","access_freshness_lease","dirichlet_lcb","diverse_then_repeat_backdoor","0.5","1","2","5","5","0.5","20","9","1.5","5","honest-3","honest","incumbent","ADMITTED","ADMITTED","9","9","0","4","4.882922989522995","1.5","0.7462875490779619","0.8370070466491786","0.6465358545084627","0.6465358545084627","0.1157982362815884","0.29254799703263074","50","50","50","5","5","True","False","NOT_APPLICABLE","","0","0.0","0","32.16880989074707","50","50","50.0","","","moderate_shadow"
"cifar10","20","2","mixed_maturity","access_freshness_lease","dirichlet_lcb","diverse_then_repeat_backdoor","0.5","1","2","5","5","0.5","20","9","1.5","5","honest-4","honest","incumbent","ADMITTED","ADMITTED","9","9","0","4","4.882922989522995","1.5","0.7462875490779619","0.8370070466491786","0.6465358545084627","0.6465358545084627","0.1157982362815884","0.29254799703263074","50","50","50","5","5","True","False","NOT_APPLICABLE","","0","0.0","0","2.79840087890625","50","50","50.0","","","moderate_shadow"
"cifar10","20","2","mixed_maturity","access_freshness_lease","dirichlet_lcb","diverse_then_repeat_backdoor","0.5","1","2","5","5","0.5","20","9","1.5","5","honest-5","honest","incumbent","ADMITTED","ADMITTED","9","9","0","4","4.882922989522995","1.5","0.7462875490779619","0.8370070466491786","0.6465358545084627","0.6465358545084627","0.1157982362815884","0.29254799703263074","50","50","50","5","5","True","False","NOT_APPLICABLE","","0","0.0","0","32.5175461769104","50","50","50.0","","","moderate_shadow"
"cifar10","20","2","mixed_maturity","access_freshness_lease","dirichlet_lcb","diverse_then_repeat_backdoor","0.5","1","2","5","5","0.5","20","9","1.5","5","honest-6","honest","incumbent","ADMITTED","ADMITTED","9","9","0","4","4.882922989522995","1.5","0.7462875490779619","0.8370070466491786","0.6465358545084627","0.6465358545084627","0.1157982362815884","0.29254799703263074","50","50","50","5","5","True","False","NOT_APPLICABLE","","0","0.0","0","2.5168936252593994","50","50","50.0","","","moderate_shadow"
"cifar10","20","2","mixed_maturity","access_freshness_lease","dirichlet_lcb","diverse_then_repeat_backdoor","0.5","1","2","5","5","0.5","20","9","1.5","5","honest-7","honest","incumbent","ADMITTED","ADMITTED","9","9","0","4","4.882922989522995","1.5","0.7462875490779619","0.8370070466491786","0.6465358545084627","0.6465358545084627","0.1157982362815884","0.29254799703263074","50","50","50","5","5","True","False","NOT_APPLICABLE","","0","0.0","0","32.595497608184814","50","50","50.0","","","moderate_shadow"
"cifar10","20","2","mixed_maturity","access_freshness_lease","dirichlet_lcb","diverse_then_repeat_backdoor","0.5","1","2","5","5","0.5","20","9","1.5","5","honest-8","honest","incumbent","ADMITTED","ADMITTED","9","9","0","4","4.882922989522995","1.5","0.7462875490779619","0.8370070466491786","0.6465358545084627","0.6465358545084627","0.1157982362815884","0.29254799703263074","50","50","50","5","5","True","False","NOT_APPLICABLE","","0","0.0","0","3.1328787803649902","50","50","50.0","","","moderate_shadow"
"cifar10","20","2","mixed_maturity","access_freshness_lease","dirichlet_lcb","diverse_then_repeat_backdoor","0.5","1","2","5","5","0.5","20","9","1.5","5","honest-9","honest","incumbent","ADMITTED","ADMITTED","9","9","0","4","4.882922989522995","1.5","0.7462875490779619","0.8370070466491786","0.6465358545084627","0.6465358545084627","0.1157982362815884","0.29254799703263074","50","50","50","5","5","True","False","NOT_APPLICABLE","","0","0.0","0","3.17573881149292","50","50","50.0","","","moderate_shadow"
"cifar10","20","2","mixed_maturity","access_freshness_lease","dirichlet_lcb","diverse_then_repeat_backdoor","0.5","2","2","5","5","0.5","20","9","1.5","5","attacker-1","diverse_then_repeat_backdoor","newcomer","LIMITED","LIMITED","9","9","0","4","4.882922989522995","1.5","0.7462875490779619","0.8370070466491786","0.6465358545084627","0.6465358545084627","0.1157982362815884","0.29254799703263074","50","50","50","5","5","True","True","REVALIDATION","5","5","0.0","0","2.333662748336792","50","50","37.5","","","moderate_shadow"
"cifar10","20","2","mixed_maturity","access_freshness_lease","dirichlet_lcb","diverse_then_repeat_backdoor","0.5","2","2","5","5","0.5","20","9","1.5","5","attacker-2","diverse_then_repeat_backdoor","newcomer","LIMITED","LIMITED","9","9","0","4","4.882922989522995","1.5","0.7462875490779619","0.8370070466491786","0.6465358545084627","0.6465358545084627","0.1157982362815884","0.29254799703263074","50","50","50","5","5","True","True","REVALIDATION","5","5","0.0","0","3.1380960941314697","50","50","37.5","","","moderate_shadow"
"cifar10","20","2","mixed_maturity","access_freshness_lease","dirichlet_lcb","diverse_then_repeat_backdoor","0.5","2","2","5","5","0.5","20","9","1.5","5","honest-1","honest","incumbent","ADMITTED","ADMITTED","9","9","0","4","4.882922989522995","1.5","0.7462875490779619","0.8370070466491786","0.6465358545084627","0.6465358545084627","0.1157982362815884","0.29254799703263074","50","50","50","5","5","True","False","NOT_APPLICABLE","","0","0.0","0","32.43672776222229","50","50","50.0","","","moderate_shadow"
"cifar10","20","2","mixed_maturity","access_freshness_lease","dirichlet_lcb","diverse_then_repeat_backdoor","0.5","2","2","5","5","0.5","20","9","1.5","5","honest-10","honest","incumbent","ADMITTED","ADMITTED","11","11","0","3","5.419531626612037","1.5","0.7509212720692868","0.8438513019312254","0.6597750630551052","0.6597750630551052","0.11191038163637629","0.3057557302355997","50","50","50","5","5","True","False","NOT_APPLICABLE","","0","0.0","0","62.81514811515808","50","50","50.0","","","moderate_shadow"
"cifar10","20","2","mixed_maturity","access_freshness_lease","dirichlet_lcb","diverse_then_repeat_backdoor","0.5","2","2","5","5","0.5","20","9","1.5","5","honest-11","honest","incumbent","ADMITTED","ADMITTED","9","9","0","4","4.882922989522995","1.5","0.7462875490779619","0.8370070466491786","0.6465358545084627","0.6465358545084627","0.1157982362815884","0.29254799703263074","50","50","50","5","5","True","False","NOT_APPLICABLE","","0","0.0","0","32.32148218154907","50","50","50.0","","","moderate_shadow"
"cifar10","20","2","mixed_maturity","access_freshness_lease","dirichlet_lcb","diverse_then_repeat_backdoor","0.5","2","2","5","5","0.5","20","9","1.5","5","honest-12","honest","incumbent","ADMITTED","ADMITTED","9","9","0","4","4.882922989522995","1.5","0.7462875490779619","0.8370070466491786","0.6465358545084627","0.6465358545084627","0.1157982362815884","0.29254799703263074","50","50","50","5","5","True","False","NOT_APPLICABLE","","0","0.0","0","32.48490357398987","50","50","50.0","","","moderate_shadow"
"cifar10","20","2","mixed_maturity","access_freshness_lease","dirichlet_lcb","diverse_then_repeat_backdoor","0.5","2","2","5","5","0.5","20","9","1.5","5","honest-13","honest","incumbent","ADMITTED","ADMITTED","9","9","0","4","4.882922989522995","1.5","0.7462875490779619","0.8370070466491786","0.6465358545084627","0.6465358545084627","0.1157982362815884","0.29254799703263074","50","50","50","5","5","True","False","NOT_APPLICABLE","","0","0.0","0","3.367302179336548","50","50","50.0","","","moderate_shadow"
"cifar10","20","2","mixed_maturity","access_freshness_lease","dirichlet_lcb","diverse_then_repeat_backdoor","0.5","2","2","5","5","0.5","20","9","1.5","5","honest-14","honest","incumbent","ADMITTED","ADMITTED","9","9","0","4","4.882922989522995","1.5","0.7462875490779619","0.8370070466491786","0.6465358545084627","0.6465358545084627","0.1157982362815884","0.29254799703263074","50","50","50","5","5","True","False","NOT_APPLICABLE","","0","0.0","0","3.083442211151123","50","50","50.0","","","moderate_shadow"
"cifar10","20","2","mixed_maturity","access_freshness_lease","dirichlet_lcb","diverse_then_repeat_backdoor","0.5","2","2","5","5","0.5","20","9","1.5","5","honest-15","honest","incumbent","ADMITTED","ADMITTED","9","9","0","4","4.882922989522995","1.5","0.7462875490779619","0.8370070466491786","0.6465358545084627","0.6465358545084627","0.1157982362815884","0.29254799703263074","50","50","50","5","5","True","False","NOT_APPLICABLE","","0","0.0","0","2.740224599838257","50","50","50.0","","","moderate_shadow"
"cifar10","20","2","mixed_maturity","access_freshness_lease","dirichlet_lcb","diverse_then_repeat_backdoor","0.5","2","2","5","5","0.5","20","9","1.5","5","honest-16","honest","incumbent","ADMITTED","ADMITTED","9","9","0","4","4.882922989522995","1.5","0.7462875490779619","0.8370070466491786","0.6465358545084627","0.6465358545084627","0.1157982362815884","0.29254799703263074","50","50","50","5","5","True","False","NOT_APPLICABLE","","0","0.0","0","32.154162645339966","50","50","50.0","","","moderate_shadow"
"cifar10","20","2","mixed_maturity","access_freshness_lease","dirichlet_lcb","diverse_then_repeat_backdoor","0.5","2","2","5","5","0.5","20","9","1.5","5","honest-17","honest","incumbent","ADMITTED","ADMITTED","9","9","0","4","4.882922989522995","1.5","0.7462875490779619","0.8370070466491786","0.6465358545084627","0.6465358545084627","0.1157982362815884","0.29254799703263074","50","50","50","5","5","True","False","NOT_APPLICABLE","","0","0.0","0","2.5876059532165527","50","50","50.0","","","moderate_shadow"
"cifar10","20","2","mixed_maturity","access_freshness_lease","dirichlet_lcb","diverse_then_repeat_backdoor","0.5","2","2","5","5","0.5","20","9","1.5","5","honest-18","honest","incumbent","ADMITTED","ADMITTED","9","9","0","4","4.882922989522995","1.5","0.7462875490779619","0.8370070466491786","0.6465358545084627","0.6465358545084627","0.1157982362815884","0.29254799703263074","50","50","50","5","5","True","False","NOT_APPLICABLE","","0","0.0","0","3.391434907913208","50","50","50.0","","","moderate_shadow"
"cifar10","20","2","mixed_maturity","access_freshness_lease","dirichlet_lcb","diverse_then_repeat_backdoor","0.5","2","2","5","5","0.5","20","9","1.5","5","honest-2","honest","incumbent","ADMITTED","ADMITTED","9","9","0","4","4.882922989522995","1.5","0.7462875490779619","0.8370070466491786","0.6465358545084627","0.6465358545084627","0.1157982362815884","0.29254799703263074","50","50","50","5","5","True","False","NOT_APPLICABLE","","0","0.0","0","2.655259847640991","50","50","50.0","","","moderate_shadow"
"cifar10","20","2","mixed_maturity","access_freshness_lease","dirichlet_lcb","diverse_then_repeat_backdoor","0.5","2","2","5","5","0.5","20","9","1.5","5","honest-3","honest","incumbent","ADMITTED","ADMITTED","9","9","0","4","4.882922989522995","1.5","0.7462875490779619","0.8370070466491786","0.6465358545084627","0.6465358545084627","0.1157982362815884","0.29254799703263074","50","50","50","5","5","True","False","NOT_APPLICABLE","","0","0.0","0","3.2767271995544434","50","50","50.0","","","moderate_shadow"
"cifar10","20","2","mixed_maturity","access_freshness_lease","dirichlet_lcb","diverse_then_repeat_backdoor","0.5","2","2","5","5","0.5","20","9","1.5","5","honest-4","honest","incumbent","ADMITTED","ADMITTED","9","9","0","4","4.882922989522995","1.5","0.7462875490779619","0.8370070466491786","0.6465358545084627","0.6465358545084627","0.1157982362815884","0.29254799703263074","50","50","50","5","5","True","False","NOT_APPLICABLE","","0","0.0","0","2.8334872722625732","50","50","50.0","","","moderate_shadow"
"cifar10","20","2","mixed_maturity","access_freshness_lease","dirichlet_lcb","diverse_then_repeat_backdoor","0.5","2","2","5","5","0.5","20","9","1.5","5","honest-5","honest","incumbent","ADMITTED","ADMITTED","9","9","0","4","4.882922989522995","1.5","0.7462875490779619","0.8370070466491786","0.6465358545084627","0.6465358545084627","0.1157982362815884","0.29254799703263074","50","50","50","5","5","True","False","NOT_APPLICABLE","","0","0.0","0","32.64761018753052","50","50","50.0","","","moderate_shadow"
"cifar10","20","2","mixed_maturity","access_freshness_lease","dirichlet_lcb","diverse_then_repeat_backdoor","0.5","2","2","5","5","0.5","20","9","1.5","5","honest-6","honest","incumbent","ADMITTED","ADMITTED","9","9","0","4","4.882922989522995","1.5","0.7462875490779619","0.8370070466491786","0.6465358545084627","0.6465358545084627","0.1157982362815884","0.29254799703263074","50","50","50","5","5","True","False","NOT_APPLICABLE","","0","0.0","0","3.1112148761749268","50","50","50.0","","","moderate_shadow"
"cifar10","20","2","mixed_maturity","access_freshness_lease","dirichlet_lcb","diverse_then_repeat_backdoor","0.5","2","2","5","5","0.5","20","9","1.5","5","honest-7","honest","incumbent","ADMITTED","ADMITTED","9","9","0","4","4.882922989522995","1.5","0.7462875490779619","0.8370070466491786","0.6465358545084627","0.6465358545084627","0.1157982362815884","0.29254799703263074","50","50","50","5","5","True","False","NOT_APPLICABLE","","0","0.0","0","2.895444393157959","50","50","50.0","","","moderate_shadow"
"cifar10","20","2","mixed_maturity","access_freshness_lease","dirichlet_lcb","diverse_then_repeat_backdoor","0.5","2","2","5","5","0.5","20","9","1.5","5","honest-8","honest","incumbent","ADMITTED","ADMITTED","9","9","0","4","4.882922989522995","1.5","0.7462875490779619","0.8370070466491786","0.6465358545084627","0.6465358545084627","0.1157982362815884","0.29254799703263074","50","50","50","5","5","True","False","NOT_APPLICABLE","","0","0.0","0","3.3020975589752197","50","50","50.0","","","moderate_shadow"
"cifar10","20","2","mixed_maturity","access_freshness_lease","dirichlet_lcb","diverse_then_repeat_backdoor","0.5","2","2","5","5","0.5","20","9","1.5","5","honest-9","honest","incumbent","ADMITTED","ADMITTED","9","9","0","3","4.76698923888176","1.5","0.7437820368902304","0.8332768051183246","0.6393772482578011","0.6393772482578011","0.11788253356256753","0.28561047849957855","50","50","50","5","5","True","False","NOT_APPLICABLE","","0","0.0","0","32.249520778656006","50","50","50.0","","","moderate_shadow"
"cifar10","20","2","mixed_maturity","access_freshness_lease","dirichlet_lcb","diverse_then_repeat_backdoor","0.5","3","2","5","5","0.5","20","9","1.5","5","attacker-1","diverse_then_repeat_backdoor","newcomer","LIMITED","LIMITED","9","9","0","4","4.882922989522995","1.5","0.7462875490779619","0.8370070466491786","0.6465358545084627","0.6465358545084627","0.1157982362815884","0.29254799703263074","50","50","50","5","5","True","True","REVALIDATION","5","5","0.0","0","2.2804512977600098","50","50","37.5","","","moderate_shadow"
"cifar10","20","2","mixed_maturity","access_freshness_lease","dirichlet_lcb","diverse_then_repeat_backdoor","0.5","3","2","5","5","0.5","20","9","1.5","5","attacker-2","diverse_then_repeat_backdoor","newcomer","LIMITED","LIMITED","9","9","0","4","4.882922989522995","1.5","0.7462875490779619","0.8370070466491786","0.6465358545084627","0.6465358545084627","0.1157982362815884","0.29254799703263074","50","50","50","5","5","True","True","REVALIDATION","5","5","0.0","0","3.347186803817749","50","50","37.5","","","moderate_shadow"
"cifar10","20","2","mixed_maturity","access_freshness_lease","dirichlet_lcb","diverse_then_repeat_backdoor","0.5","3","2","5","5","0.5","20","9","1.5","5","honest-1","honest","incumbent","ADMITTED","ADMITTED","9","9","0","4","4.882922989522995","1.5","0.7462875490779619","0.8370070466491786","0.6465358545084627","0.6465358545084627","0.1157982362815884","0.29254799703263074","50","50","50","5","5","True","False","NOT_APPLICABLE","","0","0.0","0","2.961965322494507","50","50","50.0","","","moderate_shadow"
"cifar10","20","2","mixed_maturity","access_freshness_lease","dirichlet_lcb","diverse_then_repeat_backdoor","0.5","3","2","5","5","0.5","20","9","1.5","5","honest-10","honest","incumbent","ADMITTED","ADMITTED","9","9","0","4","4.882922989522995","1.5","0.7462875490779619","0.8370070466491786","0.6465358545084627","0.6465358545084627","0.1157982362815884","0.29254799703263074","50","50","50","5","5","True","False","NOT_APPLICABLE","","0","0.0","0","3.4029908180236816","50","50","50.0","","","moderate_shadow"
"cifar10","20","2","mixed_maturity","access_freshness_lease","dirichlet_lcb","diverse_then_repeat_backdoor","0.5","3","2","5","5","0.5","20","9","1.5","5","honest-11","honest","incumbent","ADMITTED","ADMITTED","9","9","0","4","4.882922989522995","1.5","0.7462875490779619","0.8370070466491786","0.6465358545084627","0.6465358545084627","0.1157982362815884","0.29254799703263074","50","50","50","5","5","True","False","NOT_APPLICABLE","","0","0.0","0","2.5445501804351807","50","50","50.0","","","moderate_shadow"
"cifar10","20","2","mixed_maturity","access_freshness_lease","dirichlet_lcb","diverse_then_repeat_backdoor","0.5","3","2","5","5","0.5","20","9","1.5","5","honest-12","honest","incumbent","ADMITTED","ADMITTED","9","9","0","4","4.882922989522995","1.5","0.7462875490779619","0.8370070466491786","0.6465358545084627","0.6465358545084627","0.1157982362815884","0.29254799703263074","50","50","50","5","5","True","False","NOT_APPLICABLE","","0","0.0","0","3.3897111415863037","50","50","50.0","","","moderate_shadow"
"cifar10","20","2","mixed_maturity","access_freshness_lease","dirichlet_lcb","diverse_then_repeat_backdoor","0.5","3","2","5","5","0.5","20","9","1.5","5","honest-13","honest","incumbent","ADMITTED","ADMITTED","9","9","0","4","4.882922989522995","1.5","0.7462875490779619","0.8370070466491786","0.6465358545084627","0.6465358545084627","0.1157982362815884","0.29254799703263074","50","50","50","5","5","True","False","NOT_APPLICABLE","","0","0.0","0","3.284874200820923","50","50","50.0","","","moderate_shadow"
"cifar10","20","2","mixed_maturity","access_freshness_lease","dirichlet_lcb","diverse_then_repeat_backdoor","0.5","3","2","5","5","0.5","20","9","1.5","5","honest-14","honest","incumbent","ADMITTED","ADMITTED","9","9","0","4","4.882922989522995","1.5","0.7462875490779619","0.8370070466491786","0.6465358545084627","0.6465358545084627","0.1157982362815884","0.29254799703263074","50","50","50","5","5","True","False","NOT_APPLICABLE","","0","0.0","0","2.5796990394592285","50","50","50.0","","","moderate_shadow"
"cifar10","20","2","mixed_maturity","access_freshness_lease","dirichlet_lcb","diverse_then_repeat_backdoor","0.5","3","2","5","5","0.5","20","9","1.5","5","honest-15","honest","incumbent","ADMITTED","ADMITTED","9","9","0","4","4.882922989522995","1.5","0.7462875490779619","0.8370070466491786","0.6465358545084627","0.6465358545084627","0.1157982362815884","0.29254799703263074","50","50","50","5","5","True","False","NOT_APPLICABLE","","0","0.0","0","32.79038405418396","50","50","50.0","","","moderate_shadow"
"cifar10","20","2","mixed_maturity","access_freshness_lease","dirichlet_lcb","diverse_then_repeat_backdoor","0.5","3","2","5","5","0.5","20","9","1.5","5","honest-16","honest","incumbent","ADMITTED","ADMITTED","9","9","0","3","5.004489238881761","1.5","0.7503560216234088","0.8430201361031787","0.6581600617811678","0.6581600617811678","0.11238691964272261","0.3041175807403508","50","50","50","5","5","True","False","NOT_APPLICABLE","","0","0.0","0","32.533414363861084","50","50","50.0","","","moderate_shadow"
"cifar10","20","2","mixed_maturity","access_freshness_lease","dirichlet_lcb","diverse_then_repeat_backdoor","0.5","3","2","5","5","0.5","20","9","1.5","5","honest-17","honest","incumbent","ADMITTED","ADMITTED","12","12","0","3","5.3499694871438415","1.5","0.7478143545076069","0.8392699711010733","0.6508981557360198","0.6508981557360198","0.11452190611753592","0.2968448682209436","50","50","50","5","5","True","False","NOT_APPLICABLE","","0","0.0","0","63.306721210479736","50","50","50.0","","","moderate_shadow"
"cifar10","20","2","mixed_maturity","access_freshness_lease","dirichlet_lcb","diverse_then_repeat_backdoor","0.5","3","2","5","5","0.5","20","9","1.5","5","honest-18","honest","incumbent","ADMITTED","ADMITTED","9","9","0","4","4.882922989522995","1.5","0.7462875490779619","0.8370070466491786","0.6465358545084627","0.6465358545084627","0.1157982362815884","0.29254799703263074","50","50","50","5","5","True","False","NOT_APPLICABLE","","0","0.0","0","3.159926652908325","50","50","50.0","","","moderate_shadow"
"cifar10","20","2","mixed_maturity","access_freshness_lease","dirichlet_lcb","diverse_then_repeat_backdoor","0.5","3","2","5","5","0.5","20","9","1.5","5","honest-2","honest","incumbent","ADMITTED","ADMITTED","9","9","0","4","4.882922989522995","1.5","0.7462875490779619","0.8370070466491786","0.6465358545084627","0.6465358545084627","0.1157982362815884","0.29254799703263074","50","50","50","5","5","True","False","NOT_APPLICABLE","","0","0.0","0","2.18436336517334","50","50","50.0","","","moderate_shadow"
"cifar10","20","2","mixed_maturity","access_freshness_lease","dirichlet_lcb","diverse_then_repeat_backdoor","0.5","3","2","5","5","0.5","20","9","1.5","5","honest-3","honest","incumbent","ADMITTED","ADMITTED","9","9","0","4","4.882922989522995","1.5","0.7462875490779619","0.8370070466491786","0.6465358545084627","0.6465358545084627","0.1157982362815884","0.29254799703263074","50","50","50","5","5","True","False","NOT_APPLICABLE","","0","0.0","0","2.2352454662323","50","50","50.0","","","moderate_shadow"
"cifar10","20","2","mixed_maturity","access_freshness_lease","dirichlet_lcb","diverse_then_repeat_backdoor","0.5","3","2","5","5","0.5","20","9","1.5","5","honest-4","honest","incumbent","ADMITTED","ADMITTED","9","9","0","4","4.882922989522995","1.5","0.7462875490779619","0.8370070466491786","0.6465358545084627","0.6465358545084627","0.1157982362815884","0.29254799703263074","50","50","50","5","5","True","False","NOT_APPLICABLE","","0","0.0","0","33.770567893981934","50","50","50.0","","","moderate_shadow"
"cifar10","20","2","mixed_maturity","access_freshness_lease","dirichlet_lcb","diverse_then_repeat_backdoor","0.5","3","2","5","5","0.5","20","9","1.5","5","honest-5","honest","incumbent","ADMITTED","ADMITTED","9","9","0","4","4.882922989522995","1.5","0.7462875490779619","0.8370070466491786","0.6465358545084627","0.6465358545084627","0.1157982362815884","0.29254799703263074","50","50","50","5","5","True","False","NOT_APPLICABLE","","0","0.0","0","32.73885464668274","50","50","50.0","","","moderate_shadow"
"cifar10","20","2","mixed_maturity","access_freshness_lease","dirichlet_lcb","diverse_then_repeat_backdoor","0.5","3","2","5","5","0.5","20","9","1.5","5","honest-6","honest","incumbent","ADMITTED","ADMITTED","9","9","0","4","4.882922989522995","1.5","0.7462875490779619","0.8370070466491786","0.6465358545084627","0.6465358545084627","0.1157982362815884","0.29254799703263074","50","50","50","5","5","True","False","NOT_APPLICABLE","","0","0.0","0","32.56281900405884","50","50","50.0","","","moderate_shadow"
"cifar10","20","2","mixed_maturity","access_freshness_lease","dirichlet_lcb","diverse_then_repeat_backdoor","0.5","3","2","5","5","0.5","20","9","1.5","5","honest-7","honest","incumbent","ADMITTED","ADMITTED","9","9","0","4","4.882922989522995","1.5","0.7462875490779619","0.8370070466491786","0.6465358545084627","0.6465358545084627","0.1157982362815884","0.29254799703263074","50","50","50","5","5","True","False","NOT_APPLICABLE","","0","0.0","0","3.7392771244049072","50","50","50.0","","","moderate_shadow"
"cifar10","20","2","mixed_maturity","access_freshness_lease","dirichlet_lcb","diverse_then_repeat_backdoor","0.5","3","2","5","5","0.5","20","9","1.5","5","honest-8","honest","incumbent","ADMITTED","ADMITTED","9","9","0","4","4.882922989522995","1.5","0.7462875490779619","0.8370070466491786","0.6465358545084627","0.6465358545084627","0.1157982362815884","0.29254799703263074","50","50","50","5","5","True","False","NOT_APPLICABLE","","0","0.0","0","3.74871563911438","50","50","50.0","","","moderate_shadow"
"cifar10","20","2","mixed_maturity","access_freshness_lease","dirichlet_lcb","diverse_then_repeat_backdoor","0.5","3","2","5","5","0.5","20","9","1.5","5","honest-9","honest","incumbent","ADMITTED","ADMITTED","9","9","0","4","4.882922989522995","1.5","0.7462875490779619","0.8370070466491786","0.6465358545084627","0.6465358545084627","0.1157982362815884","0.29254799703263074","50","50","50","5","5","True","False","NOT_APPLICABLE","","0","0.0","0","2.2000341415405273","50","50","50.0","","","moderate_shadow"
"cifar10","20","2","mixed_maturity","access_freshness_lease","dirichlet_lcb","diverse_then_repeat_backdoor","0.5","4","2","5","5","0.5","20","9","1.5","5","attacker-1","diverse_then_repeat_backdoor","newcomer","LIMITED","LIMITED","9","9","0","4","4.882922989522995","1.5","0.7462875490779619","0.8370070466491786","0.6465358545084627","0.6465358545084627","0.1157982362815884","0.29254799703263074","50","50","50","5","5","True","True","REVALIDATION","5","5","0.0","0","3.2793359756469727","50","50","37.5","","","moderate_shadow"
"cifar10","20","2","mixed_maturity","access_freshness_lease","dirichlet_lcb","diverse_then_repeat_backdoor","0.5","4","2","5","5","0.5","20","9","1.5","5","attacker-2","diverse_then_repeat_backdoor","newcomer","LIMITED","LIMITED","9","9","0","4","4.882922989522995","1.5","0.7462875490779619","0.8370070466491786","0.6465358545084627","0.6465358545084627","0.1157982362815884","0.29254799703263074","50","50","50","5","5","True","True","REVALIDATION","5","5","0.0","0","2.8218181133270264","50","50","37.5","","","moderate_shadow"
"cifar10","20","2","mixed_maturity","access_freshness_lease","dirichlet_lcb","diverse_then_repeat_backdoor","0.5","4","2","5","5","0.5","20","9","1.5","5","honest-1","honest","incumbent","ADMITTED","ADMITTED","9","9","0","4","4.882922989522995","1.5","0.7462875490779619","0.8370070466491786","0.6465358545084627","0.6465358545084627","0.1157982362815884","0.29254799703263074","50","50","50","5","5","True","False","NOT_APPLICABLE","","0","0.0","0","2.524261474609375","50","50","50.0","","","moderate_shadow"
"cifar10","20","2","mixed_maturity","access_freshness_lease","dirichlet_lcb","diverse_then_repeat_backdoor","0.5","4","2","5","5","0.5","20","9","1.5","5","honest-10","honest","incumbent","ADMITTED","ADMITTED","9","9","0","4","4.882922989522995","1.5","0.7462875490779619","0.8370070466491786","0.6465358545084627","0.6465358545084627","0.1157982362815884","0.29254799703263074","50","50","50","5","5","True","False","NOT_APPLICABLE","","0","0.0","0","62.527353286743164","50","50","50.0","","","moderate_shadow"
"cifar10","20","2","mixed_maturity","access_freshness_lease","dirichlet_lcb","diverse_then_repeat_backdoor","0.5","4","2","5","5","0.5","20","9","1.5","5","honest-11","honest","incumbent","ADMITTED","ADMITTED","9","9","0","4","4.882922989522995","1.5","0.7462875490779619","0.8370070466491786","0.6465358545084627","0.6465358545084627","0.1157982362815884","0.29254799703263074","50","50","50","5","5","True","False","NOT_APPLICABLE","","0","0.0","0","3.015080690383911","50","50","50.0","","","moderate_shadow"
"cifar10","20","2","mixed_maturity","access_freshness_lease","dirichlet_lcb","diverse_then_repeat_backdoor","0.5","4","2","5","5","0.5","20","9","1.5","5","honest-12","honest","incumbent","ADMITTED","ADMITTED","9","9","0","4","4.882922989522995","1.5","0.7462875490779619","0.8370070466491786","0.6465358545084627","0.6465358545084627","0.1157982362815884","0.29254799703263074","50","50","50","5","5","True","False","NOT_APPLICABLE","","0","0.0","0","3.1359639167785645","50","50","50.0","","","moderate_shadow"
"cifar10","20","2","mixed_maturity","access_freshness_lease","dirichlet_lcb","diverse_then_repeat_backdoor","0.5","4","2","5","5","0.5","20","9","1.5","5","honest-13","honest","incumbent","ADMITTED","ADMITTED","9","9","0","4","4.882922989522995","1.5","0.7462875490779619","0.8370070466491786","0.6465358545084627","0.6465358545084627","0.1157982362815884","0.29254799703263074","50","50","50","5","5","True","False","NOT_APPLICABLE","","0","0.0","0","3.6634020805358887","50","50","50.0","","","moderate_shadow"
"cifar10","20","2","mixed_maturity","access_freshness_lease","dirichlet_lcb","diverse_then_repeat_backdoor","0.5","4","2","5","5","0.5","20","9","1.5","5","honest-14","honest","incumbent","ADMITTED","ADMITTED","9","9","0","4","4.882922989522995","1.5","0.7462875490779619","0.8370070466491786","0.6465358545084627","0.6465358545084627","0.1157982362815884","0.29254799703263074","50","50","50","5","5","True","False","NOT_APPLICABLE","","0","0.0","0","2.439638137817383","50","50","50.0","","","moderate_shadow"
"cifar10","20","2","mixed_maturity","access_freshness_lease","dirichlet_lcb","diverse_then_repeat_backdoor","0.5","4","2","5","5","0.5","20","9","1.5","5","honest-15","honest","incumbent","ADMITTED","ADMITTED","9","9","0","4","4.882922989522995","1.5","0.7462875490779619","0.8370070466491786","0.6465358545084627","0.6465358545084627","0.1157982362815884","0.29254799703263074","50","50","50","5","5","True","False","NOT_APPLICABLE","","0","0.0","0","3.379509687423706","50","50","50.0","","","moderate_shadow"
"cifar10","20","2","mixed_maturity","access_freshness_lease","dirichlet_lcb","diverse_then_repeat_backdoor","0.5","4","2","5","5","0.5","20","9","1.5","5","honest-16","honest","incumbent","ADMITTED","ADMITTED","9","9","0","4","4.882922989522995","1.5","0.7462875490779619","0.8370070466491786","0.6465358545084627","0.6465358545084627","0.1157982362815884","0.29254799703263074","50","50","50","5","5","True","False","NOT_APPLICABLE","","0","0.0","0","2.505171060562134","50","50","50.0","","","moderate_shadow"
"cifar10","20","2","mixed_maturity","access_freshness_lease","dirichlet_lcb","diverse_then_repeat_backdoor","0.5","4","2","5","5","0.5","20","9","1.5","5","honest-17","honest","incumbent","ADMITTED","ADMITTED","9","9","0","4","4.882922989522995","1.5","0.7462875490779619","0.8370070466491786","0.6465358545084627","0.6465358545084627","0.1157982362815884","0.29254799703263074","50","50","50","5","5","True","False","NOT_APPLICABLE","","0","0.0","0","3.4653024673461914","50","50","50.0","","","moderate_shadow"
"cifar10","20","2","mixed_maturity","access_freshness_lease","dirichlet_lcb","diverse_then_repeat_backdoor","0.5","4","2","5","5","0.5","20","9","1.5","5","honest-18","honest","incumbent","ADMITTED","ADMITTED","9","9","0","4","4.882922989522995","1.5","0.7462875490779619","0.8370070466491786","0.6465358545084627","0.6465358545084627","0.1157982362815884","0.29254799703263074","50","50","50","5","5","True","False","NOT_APPLICABLE","","0","0.0","0","2.759709358215332","50","50","50.0","","","moderate_shadow"
"cifar10","20","2","mixed_maturity","access_freshness_lease","dirichlet_lcb","diverse_then_repeat_backdoor","0.5","4","2","5","5","0.5","20","9","1.5","5","honest-2","honest","incumbent","ADMITTED","ADMITTED","9","9","0","4","4.882922989522995","1.5","0.7262875490779619","0.8370070466491786","0.6465358545084627","0.6465358545084627","0.1157982362815884","0.29254799703263074","50","50","50","5","5","True","False","NOT_APPLICABLE","","0","0.0","0","33.754640340805054","50","50","50.0","","","moderate_shadow"
"cifar10","20","2","mixed_maturity","access_freshness_lease","dirichlet_lcb","diverse_then_repeat_backdoor","0.5","4","2","5","5","0.5","20","9","1.5","5","honest-3","honest","incumbent","ADMITTED","ADMITTED","9","9","0","3","5.004489238881761","1.5","0.7503560216234088","0.8430201361031787","0.6581600617811678","0.6581600617811678","0.11238691964272261","0.3041175807403508","50","50","50","5","5","True","False","NOT_APPLICABLE","","0","0.0","0","32.24737048149109","50","50","50.0","","","moderate_shadow"
"cifar10","20","2","mixed_maturity","access_freshness_lease","dirichlet_lcb","diverse_then_repeat_backdoor","0.5","4","2","5","5","0.5","20","9","1.5","5","honest-4","honest","incumbent","ADMITTED","ADMITTED","9","9","0","4","4.882922989522995","1.5","0.7462875490779619","0.8370070466491786","0.6465358545084627","0.6465358545084627","0.1157982362815884","0.29254799703263074","50","50","50","5","5","True","False","NOT_APPLICABLE","","0","0.0","0","32.94452786445618","50","50","50.0","","","moderate_shadow"
"cifar10","20","2","mixed_maturity","access_freshness_lease","dirichlet_lcb","diverse_then_repeat_backdoor","0.5","4","2","5","5","0.5","20","9","1.5","5","honest-5","honest","incumbent","ADMITTED","ADMITTED","9","9","0","4","4.882922989522995","1.5","0.7462875490779619","0.8370070466491786","0.6465358545084627","0.6465358545084627","0.1157982362815884","0.29254799703263074","50","50","50","5","5","True","False","NOT_APPLICABLE","","0","0.0","0","2.6131951808929443","50","50","50.0","","","moderate_shadow"
"cifar10","20","2","mixed_maturity","access_freshness_lease","dirichlet_lcb","diverse_then_repeat_backdoor","0.5","4","2","5","5","0.5","20","9","1.5","5","honest-6","honest","incumbent","ADMITTED","ADMITTED","9","9","0","4","4.882922989522995","1.5","0.7462875490779619","0.8370070466491786","0.6465358545084627","0.6465358545084627","0.1157982362815884","0.29254799703263074","50","50","50","5","5","True","False","NOT_APPLICABLE","","0","0.0","0","2.4212734699249268","50","50","50.0","","","moderate_shadow"
"cifar10","20","2","mixed_maturity","access_freshness_lease","dirichlet_lcb","diverse_then_repeat_backdoor","0.5","4","2","5","5","0.5","20","9","1.5","5","honest-7","honest","incumbent","ADMITTED","ADMITTED","9","9","0","4","4.882922989522995","1.5","0.7462875490779619","0.8370070466491786","0.6465358545084627","0.6465358545084627","0.1157982362815884","0.29254799703263074","50","50","50","5","5","True","False","NOT_APPLICABLE","","0","0.0","0","3.200366735458374","50","50","50.0","","","moderate_shadow"
"cifar10","20","2","mixed_maturity","access_freshness_lease","dirichlet_lcb","diverse_then_repeat_backdoor","0.5","4","2","5","5","0.5","20","9","1.5","5","honest-8","honest","incumbent","ADMITTED","ADMITTED","9","9","0","4","4.882922989522995","1.5","0.7462875490779619","0.8370070466491786","0.6465358545084627","0.6465358545084627","0.1157982362815884","0.29254799703263074","50","50","50","5","5","True","False","NOT_APPLICABLE","","0","0.0","0","2.8318753242492676","50","50","50.0","","","moderate_shadow"
"cifar10","20","2","mixed_maturity","access_freshness_lease","dirichlet_lcb","diverse_then_repeat_backdoor","0.5","4","2","5","5","0.5","20","9","1.5","5","honest-9","honest","incumbent","ADMITTED","ADMITTED","9","9","0","4","4.882922989522995","1.5","0.7462875490779619","0.8370070466491786","0.6465358545084627","0.6465358545084627","0.1157982362815884","0.29254799703263074","50","50","50","5","5","True","False","NOT_APPLICABLE","","0","0.0","0","2.1714556217193604","50","50","50.0","","","moderate_shadow"
"cifar10","20","2","mixed_maturity","access_freshness_lease","dirichlet_lcb","benign_concept_drift","0.5","0","2","5","5","0.5","20","9","1.5","5","attacker-1","benign_concept_drift","newcomer","LIMITED","LIMITED","9","9","0","4","4.882922989522995","1.5","0.7462875490779619","0.8370070466491786","0.6465358545084627","0.6465358545084627","0.1157982362815884","0.29254799703263074","50","50","50","5","5","True","True","REVALIDATION","5","5","0.0","0","2.42350435256958","50","50","37.5","","","moderate_shadow"
"cifar10","20","2","mixed_maturity","access_freshness_lease","dirichlet_lcb","benign_concept_drift","0.5","0","2","5","5","0.5","20","9","1.5","5","attacker-2","benign_concept_drift","newcomer","LIMITED","LIMITED","9","9","0","4","4.882922989522995","1.5","0.7462875490779619","0.8370070466491786","0.6465358545084627","0.6465358545084627","0.1157982362815884","0.29254799703263074","50","50","50","5","5","True","True","REVALIDATION","5","5","0.0","0","2.5148086547851562","50","50","37.5","","","moderate_shadow"
"cifar10","20","2","mixed_maturity","access_freshness_lease","dirichlet_lcb","benign_concept_drift","0.5","0","2","5","5","0.5","20","9","1.5","5","honest-1","honest","incumbent","ADMITTED","ADMITTED","9","9","0","4","4.882922989522995","1.5","0.7462875490779619","0.8370070466491786","0.6465358545084627","0.6465358545084627","0.1157982362815884","0.29254799703263074","50","50","50","5","5","True","False","NOT_APPLICABLE","","0","0.0","0","33.290380001068115","50","50","50.0","","","moderate_shadow"
"cifar10","20","2","mixed_maturity","access_freshness_lease","dirichlet_lcb","benign_concept_drift","0.5","0","2","5","5","0.5","20","9","1.5","5","honest-10","honest","incumbent","ADMITTED","ADMITTED","9","9","0","4","4.882922989522995","1.5","0.7462875490779619","0.8370070466491786","0.6465358545084627","0.6465358545084627","0.1157982362815884","0.29254799703263074","50","50","50","5","5","True","False","NOT_APPLICABLE","","0","0.0","0","2.965176820755005","50","50","50.0","","","moderate_shadow"
"cifar10","20","2","mixed_maturity","access_freshness_lease","dirichlet_lcb","benign_concept_drift","0.5","0","2","5","5","0.5","20","9","1.5","5","honest-11","honest","incumbent","ADMITTED","ADMITTED","9","9","0","4","4.882922989522995","1.5","0.7462875490779619","0.8370070466491786","0.6465358545084627","0.6465358545084627","0.1157982362815884","0.29254799703263074","50","50","50","5","5","True","False","NOT_APPLICABLE","","0","0.0","0","3.5919723510742188","50","50","50.0","","","moderate_shadow"
"cifar10","20","2","mixed_maturity","access_freshness_lease","dirichlet_lcb","benign_concept_drift","0.5","0","2","5","5","0.5","20","9","1.5","5","honest-12","honest","incumbent","ADMITTED","ADMITTED","9","9","0","4","4.882922989522995","1.5","0.7462875490779619","0.8370070466491786","0.6465358545084627","0.6465358545084627","0.1157982362815884","0.29254799703263074","50","50","50","5","5","True","False","NOT_APPLICABLE","","0","0.0","0","3.6755447387695312","50","50","50.0","","","moderate_shadow"
"cifar10","20","2","mixed_maturity","access_freshness_lease","dirichlet_lcb","benign_concept_drift","0.5","0","2","5","5","0.5","20","9","1.5","5","honest-13","honest","incumbent","ADMITTED","ADMITTED","9","9","0","4","4.882922989522995","1.5","0.7462875490779619","0.8370070466491786","0.6465358545084627","0.6465358545084627","0.1157982362815884","0.29254799703263074","50","50","50","5","5","True","False","NOT_APPLICABLE","","0","0.0","0","3.3815014362335205","50","50","50.0","","","moderate_shadow"
"cifar10","20","2","mixed_maturity","access_freshness_lease","dirichlet_lcb","benign_concept_drift","0.5","0","2","5","5","0.5","20","9","1.5","5","honest-14","honest","incumbent","ADMITTED","ADMITTED","9","9","0","4","4.882922989522995","1.5","0.7462875490779619","0.8370070466491786","0.6465358545084627","0.6465358545084627","0.1157982362815884","0.29254799703263074","50","50","50","5","5","True","False","NOT_APPLICABLE","","0","0.0","0","3.3134329319000244","50","50","50.0","","","moderate_shadow"
"cifar10","20","2","mixed_maturity","access_freshness_lease","dirichlet_lcb","benign_concept_drift","0.5","0","2","5","5","0.5","20","9","1.5","5","honest-15","honest","incumbent","ADMITTED","ADMITTED","9","9","0","4","4.882922989522995","1.5","0.7462875490779619","0.8370070466491786","0.6465358545084627","0.6465358545084627","0.1157982362815884","0.29254799703263074","50","50","50","5","5","True","False","NOT_APPLICABLE","","0","0.0","0","2.6700685024261475","50","50","50.0","","","moderate_shadow"
"cifar10","20","2","mixed_maturity","access_freshness_lease","dirichlet_lcb","benign_concept_drift","0.5","0","2","5","5","0.5","20","9","1.5","5","honest-16","honest","incumbent","ADMITTED","ADMITTED","9","9","0","4","4.882922989522995","1.5","0.7462875490779619","0.8370070466491786","0.6465358545084627","0.6465358545084627","0.1157982362815884","0.29254799703263074","50","50","50","5","5","True","False","NOT_APPLICABLE","","0","0.0","0","3.605372667312622","50","50","50.0","","","moderate_shadow"
"cifar10","20","2","mixed_maturity","access_freshness_lease","dirichlet_lcb","benign_concept_drift","0.5","0","2","5","5","0.5","20","9","1.5","5","honest-17","honest","incumbent","ADMITTED","ADMITTED","9","9","0","4","4.882922989522995","1.5","0.7462875490779619","0.8370070466491786","0.6465358545084627","0.6465358545084627","0.1157982362815884","0.29254799703263074","50","50","50","5","5","True","False","NOT_APPLICABLE","","0","0.0","0","3.7211639881134033","50","50","50.0","","","moderate_shadow"
"cifar10","20","2","mixed_maturity","access_freshness_lease","dirichlet_lcb","benign_concept_drift","0.5","0","2","5","5","0.5","20","9","1.5","5","honest-18","honest","incumbent","ADMITTED","ADMITTED","9","9","0","4","4.882922989522995","1.5","0.7462875490779619","0.8370070466491786","0.6465358545084627","0.6465358545084627","0.1157982362815884","0.29254799703263074","50","50","50","5","5","True","False","NOT_APPLICABLE","","0","0.0","0","3.376923084259033","50","50","50.0","","","moderate_shadow"
"cifar10","20","2","mixed_maturity","access_freshness_lease","dirichlet_lcb","benign_concept_drift","0.5","0","2","5","5","0.5","20","9","1.5","5","honest-2","honest","incumbent","ADMITTED","ADMITTED","9","9","0","4","4.882922989522995","1.5","0.7462875490779619","0.8370070466491786","0.6465358545084627","0.6465358545084627","0.1157982362815884","0.29254799703263074","50","50","50","5","5","True","False","NOT_APPLICABLE","","0","0.0","0","2.352391004562378","50","50","50.0","","","moderate_shadow"
"cifar10","20","2","mixed_maturity","access_freshness_lease","dirichlet_lcb","benign_concept_drift","0.5","0","2","5","5","0.5","20","9","1.5","5","honest-3","honest","incumbent","ADMITTED","ADMITTED","9","9","0","4","4.882922989522995","1.5","0.7462875490779619","0.8370070466491786","0.6465358545084627","0.6465358545084627","0.1157982362815884","0.29254799703263074","50","50","50","5","5","True","False","NOT_APPLICABLE","","0","0.0","0","3.8248419761657715","50","50","50.0","","","moderate_shadow"
"cifar10","20","2","mixed_maturity","access_freshness_lease","dirichlet_lcb","benign_concept_drift","0.5","0","2","5","5","0.5","20","9","1.5","5","honest-4","honest","incumbent","ADMITTED","ADMITTED","9","9","0","4","4.882922989522995","1.5","0.7462875490779619","0.8370070466491786","0.6465358545084627","0.6465358545084627","0.1157982362815884","0.29254799703263074","50","50","50","5","5","True","False","NOT_APPLICABLE","","0","0.0","0","2.197099208831787","50","50","50.0","","","moderate_shadow"
"cifar10","20","2","mixed_maturity","access_freshness_lease","dirichlet_lcb","benign_concept_drift","0.5","0","2","5","5","0.5","20","9","1.5","5","honest-5","honest","incumbent","ADMITTED","ADMITTED","9","9","0","4","4.882922989522995","1.5","0.7462875490779619","0.8370070466491786","0.6465358545084627","0.6465358545084627","0.1157982362815884","0.29254799703263074","50","50","50","5","5","True","False","NOT_APPLICABLE","","0","0.0","0","2.4788782596588135","50","50","50.0","","","moderate_shadow"
"cifar10","20","2","mixed_maturity","access_freshness_lease","dirichlet_lcb","benign_concept_drift","0.5","0","2","5","5","0.5","20","9","1.5","5","honest-6","honest","incumbent","ADMITTED","ADMITTED","9","9","0","4","4.882922989522995","1.5","0.7462875490779619","0.8370070466491786","0.6465358545084627","0.6465358545084627","0.1157982362815884","0.29254799703263074","50","50","50","5","5","True","False","NOT_APPLICABLE","","0","0.0","0","3.031200647354126","50","50","50.0","","","moderate_shadow"
"cifar10","20","2","mixed_maturity","access_freshness_lease","dirichlet_lcb","benign_concept_drift","0.5","0","2","5","5","0.5","20","9","1.5","5","honest-7","honest","incumbent","ADMITTED","ADMITTED","9","9","0","4","4.882922989522995","1.5","0.7462875490779619","0.8370070466491786","0.6465358545084627","0.6465358545084627","0.1157982362815884","0.29254799703263074","50","50","50","5","5","True","False","NOT_APPLICABLE","","0","0.0","0","92.88031697273254","50","50","50.0","","","moderate_shadow"
"cifar10","20","2","mixed_maturity","access_freshness_lease","dirichlet_lcb","benign_concept_drift","0.5","0","2","5","5","0.5","20","9","1.5","5","honest-8","honest","incumbent","ADMITTED","ADMITTED","9","9","0","4","4.882922989522995","1.5","0.7462875490779619","0.8370070466491786","0.6465358545084627","0.6465358545084627","0.1157982362815884","0.29254799703263074","50","50","50","5","5","True","False","NOT_APPLICABLE","","0","0.0","0","3.702916383743286","50","50","50.0","","","moderate_shadow"
"cifar10","20","2","mixed_maturity","access_freshness_lease","dirichlet_lcb","benign_concept_drift","0.5","0","2","5","5","0.5","20","9","1.5","5","honest-9","honest","incumbent","ADMITTED","ADMITTED","9","9","0","4","4.882922989522995","1.5","0.7462875490779619","0.8370070466491786","0.6465358545084627","0.6465358545084627","0.1157982362815884","0.29254799703263074","50","50","50","5","5","True","False","NOT_APPLICABLE","","0","0.0","0","3.269227981567383","50","50","50.0","","","moderate_shadow"
"cifar10","20","2","mixed_maturity","access_freshness_lease","dirichlet_lcb","benign_concept_drift","0.5","1","2","5","5","0.5","20","9","1.5","5","attacker-1","benign_concept_drift","newcomer","LIMITED","LIMITED","9","9","0","4","4.882922989522995","1.5","0.7462875490779619","0.8370070466491786","0.6465358545084627","0.6465358545084627","0.1157982362815884","0.29254799703263074","50","50","50","5","5","True","True","REVALIDATION","5","5","0.0","0","3.410813808441162","50","50","37.5","","","moderate_shadow"
"cifar10","20","2","mixed_maturity","access_freshness_lease","dirichlet_lcb","benign_concept_drift","0.5","1","2","5","5","0.5","20","9","1.5","5","attacker-2","benign_concept_drift","newcomer","LIMITED","LIMITED","9","9","0","4","4.882922989522995","1.5","0.7462875490779619","0.8370070466491786","0.6465358545084627","0.6465358545084627","0.1157982362815884","0.29254799703263074","50","50","50","5","5","True","True","REVALIDATION","5","5","0.0","0","3.389504909515381","50","50","37.5","","","moderate_shadow"
"cifar10","20","2","mixed_maturity","access_freshness_lease","dirichlet_lcb","benign_concept_drift","0.5","1","2","5","5","0.5","20","9","1.5","5","honest-1","honest","incumbent","ADMITTED","ADMITTED","9","9","0","4","4.882922989522995","1.5","0.7462875490779619","0.8370070466491786","0.6465358545084627","0.6465358545084627","0.1157982362815884","0.29254799703263074","50","50","50","5","5","True","False","NOT_APPLICABLE","","0","0.0","0","3.4127659797668457","50","50","50.0","","","moderate_shadow"
"cifar10","20","2","mixed_maturity","access_freshness_lease","dirichlet_lcb","benign_concept_drift","0.5","1","2","5","5","0.5","20","9","1.5","5","honest-10","honest","incumbent","ADMITTED","ADMITTED","9","9","0","4","4.882922989522995","1.5","0.7462875490779619","0.8370070466491786","0.6465358545084627","0.6465358545084627","0.1157982362815884","0.29254799703263074","50","50","50","5","5","True","False","NOT_APPLICABLE","","0","0.0","0","32.796403646469116","50","50","50.0","","","moderate_shadow"
"cifar10","20","2","mixed_maturity","access_freshness_lease","dirichlet_lcb","benign_concept_drift","0.5","1","2","5","5","0.5","20","9","1.5","5","honest-11","honest","incumbent","ADMITTED","ADMITTED","9","9","0","4","4.882922989522995","1.5","0.7462875490779619","0.8370070466491786","0.6465358545084627","0.6465358545084627","0.1157982362815884","0.29254799703263074","50","50","50","5","5","True","False","NOT_APPLICABLE","","0","0.0","0","3.3505375385284424","50","50","50.0","","","moderate_shadow"
"cifar10","20","2","mixed_maturity","access_freshness_lease","dirichlet_lcb","benign_concept_drift","0.5","1","2","5","5","0.5","20","9","1.5","5","honest-12","honest","incumbent","ADMITTED","ADMITTED","9","9","0","4","4.882922989522995","1.5","0.7462875490779619","0.8370070466491786","0.6465358545084627","0.6465358545084627","0.1157982362815884","0.29254799703263074","50","50","50","5","5","True","False","NOT_APPLICABLE","","0","0.0","0","2.286503314971924","50","50","50.0","","","moderate_shadow"
"cifar10","20","2","mixed_maturity","access_freshness_lease","dirichlet_lcb","benign_concept_drift","0.5","1","2","5","5","0.5","20","9","1.5","5","honest-13","honest","incumbent","ADMITTED","ADMITTED","9","9","0","4","4.882922989522995","1.5","0.7462875490779619","0.8370070466491786","0.6465358545084627","0.6465358545084627","0.1157982362815884","0.29254799703263074","50","50","50","5","5","True","False","NOT_APPLICABLE","","0","0.0","0","3.1881015300750732","50","50","50.0","","","moderate_shadow"
"cifar10","20","2","mixed_maturity","access_freshness_lease","dirichlet_lcb","benign_concept_drift","0.5","1","2","5","5","0.5","20","9","1.5","5","honest-14","honest","incumbent","ADMITTED","ADMITTED","9","9","0","4","4.882922989522995","1.5","0.7462875490779619","0.8370070466491786","0.6465358545084627","0.6465358545084627","0.1157982362815884","0.29254799703263074","50","50","50","5","5","True","False","NOT_APPLICABLE","","0","0.0","0","2.2188804149627686","50","50","50.0","","","moderate_shadow"
"cifar10","20","2","mixed_maturity","access_freshness_lease","dirichlet_lcb","benign_concept_drift","0.5","1","2","5","5","0.5","20","9","1.5","5","honest-15","honest","incumbent","ADMITTED","ADMITTED","9","9","0","4","4.882922989522995","1.5","0.7462875490779619","0.8370070466491786","0.6465358545084627","0.6465358545084627","0.1157982362815884","0.29254799703263074","50","50","50","5","5","True","False","NOT_APPLICABLE","","0","0.0","0","2.7003962993621826","50","50","50.0","","","moderate_shadow"
"cifar10","20","2","mixed_maturity","access_freshness_lease","dirichlet_lcb","benign_concept_drift","0.5","1","2","5","5","0.5","20","9","1.5","5","honest-16","honest","incumbent","ADMITTED","ADMITTED","9","9","0","4","4.882922989522995","1.5","0.7462875490779619","0.8370070466491786","0.6465358545084627","0.6465358545084627","0.1157982362815884","0.29254799703263074","50","50","50","5","5","True","False","NOT_APPLICABLE","","0","0.0","0","2.5801734924316406","50","50","50.0","","","moderate_shadow"
"cifar10","20","2","mixed_maturity","access_freshness_lease","dirichlet_lcb","benign_concept_drift","0.5","1","2","5","5","0.5","20","9","1.5","5","honest-17","honest","incumbent","ADMITTED","ADMITTED","9","9","0","4","4.882922989522995","1.5","0.7462875490779619","0.8370070466491786","0.6465358545084627","0.6465358545084627","0.1157982362815884","0.29254799703263074","50","50","50","5","5","True","False","NOT_APPLICABLE","","0","0.0","0","3.176600694656372","50","50","50.0","","","moderate_shadow"
"cifar10","20","2","mixed_maturity","access_freshness_lease","dirichlet_lcb","benign_concept_drift","0.5","1","2","5","5","0.5","20","9","1.5","5","honest-18","honest","incumbent","ADMITTED","ADMITTED","9","9","0","3","4.5294892388817605","1.5","0.7401065581334588","0.8277664507491892","0.6288758803813109","0.6288758803813109","0.12091685363435191","0.27568090107538146","50","50","50","5","5","True","False","NOT_APPLICABLE","","0","0.0","0","32.58806848526001","50","50","50.0","","","moderate_shadow"
"cifar10","20","2","mixed_maturity","access_freshness_lease","dirichlet_lcb","benign_concept_drift","0.5","1","2","5","5","0.5","20","9","1.5","5","honest-2","honest","incumbent","ADMITTED","ADMITTED","9","9","0","3","5.004489238881761","1.5","0.7503560216234088","0.8430201361031787","0.6581600617811678","0.6581600617811678","0.11238691964272261","0.3041175807403508","50","50","50","5","5","True","False","NOT_APPLICABLE","","0","0.0","0","62.51461839675903","50","50","50.0","","","moderate_shadow"
"cifar10","20","2","mixed_maturity","access_freshness_lease","dirichlet_lcb","benign_concept_drift","0.5","1","2","5","5","0.5","20","9","1.5","5","honest-3","honest","incumbent","ADMITTED","ADMITTED","9","9","0","4","4.882922989522995","1.5","0.7462875490779619","0.8370070466491786","0.6465358545084627","0.6465358545084627","0.1157982362815884","0.29254799703263074","50","50","50","5","5","True","False","NOT_APPLICABLE","","0","0.0","0","32.479352951049805","50","50","50.0","","","moderate_shadow"
"cifar10","20","2","mixed_maturity","access_freshness_lease","dirichlet_lcb","benign_concept_drift","0.5","1","2","5","5","0.5","20","9","1.5","5","honest-4","honest","incumbent","ADMITTED","ADMITTED","9","9","0","4","4.882922989522995","1.5","0.7462875490779619","0.8370070466491786","0.6465358545084627","0.6465358545084627","0.1157982362815884","0.29254799703263074","50","50","50","5","5","True","False","NOT_APPLICABLE","","0","0.0","0","3.0363950729370117","50","50","50.0","","","moderate_shadow"
"cifar10","20","2","mixed_maturity","access_freshness_lease","dirichlet_lcb","benign_concept_drift","0.5","1","2","5","5","0.5","20","9","1.5","5","honest-5","honest","incumbent","ADMITTED","ADMITTED","9","9","0","4","4.882922989522995","1.5","0.7462875490779619","0.8370070466491786","0.6465358545084627","0.6465358545084627","0.1157982362815884","0.29254799703263074","50","50","50","5","5","True","False","NOT_APPLICABLE","","0","0.0","0","33.357558488845825","50","50","50.0","","","moderate_shadow"
"cifar10","20","2","mixed_maturity","access_freshness_lease","dirichlet_lcb","benign_concept_drift","0.5","1","2","5","5","0.5","20","9","1.5","5","honest-6","honest","incumbent","ADMITTED","ADMITTED","9","9","0","4","4.882922989522995","1.5","0.7462875490779619","0.8370070466491786","0.6465358545084627","0.6465358545084627","0.1157982362815884","0.29254799703263074","50","50","50","5","5","True","False","NOT_APPLICABLE","","0","0.0","0","3.3848538398742676","50","50","50.0","","","moderate_shadow"
"cifar10","20","2","mixed_maturity","access_freshness_lease","dirichlet_lcb","benign_concept_drift","0.5","1","2","5","5","0.5","20","9","1.5","5","honest-7","honest","incumbent","ADMITTED","ADMITTED","9","9","0","4","4.882922989522995","1.5","0.7462875490779619","0.8370070466491786","0.6465358545084627","0.6465358545084627","0.1157982362815884","0.29254799703263074","50","50","50","5","5","True","False","NOT_APPLICABLE","","0","0.0","0","32.6640362739563","50","50","50.0","","","moderate_shadow"
"cifar10","20","2","mixed_maturity","access_freshness_lease","dirichlet_lcb","benign_concept_drift","0.5","1","2","5","5","0.5","20","9","1.5","5","honest-8","honest","incumbent","ADMITTED","ADMITTED","9","9","0","4","4.882922989522995","1.5","0.7462875490779619","0.8370070466491786","0.6465358545084627","0.6465358545084627","0.1157982362815884","0.29254799703263074","50","50","50","5","5","True","False","NOT_APPLICABLE","","0","0.0","0","2.328054189682007","50","50","50.0","","","moderate_shadow"
"cifar10","20","2","mixed_maturity","access_freshness_lease","dirichlet_lcb","benign_concept_drift","0.5","1","2","5","5","0.5","20","9","1.5","5","honest-9","honest","incumbent","ADMITTED","ADMITTED","9","9","0","4","4.882922989522995","1.5","0.7462875490779619","0.8370070466491786","0.6465358545084627","0.6465358545084627","0.1157982362815884","0.29254799703263074","50","50","50","5","5","True","False","NOT_APPLICABLE","","0","0.0","0","2.968838691711426","50","50","50.0","","","moderate_shadow"
"cifar10","20","2","mixed_maturity","access_freshness_lease","dirichlet_lcb","benign_concept_drift","0.5","2","2","5","5","0.5","20","9","1.5","5","attacker-1","benign_concept_drift","newcomer","LIMITED","LIMITED","9","9","0","4","4.882922989522995","1.5","0.7462875490779619","0.8370070466491786","0.6465358545084627","0.6465358545084627","0.1157982362815884","0.29254799703263074","50","50","50","5","5","True","True","REVALIDATION","5","5","0.0","0","2.5549705028533936","50","50","37.5","","","moderate_shadow"
"cifar10","20","2","mixed_maturity","access_freshness_lease","dirichlet_lcb","benign_concept_drift","0.5","2","2","5","5","0.5","20","9","1.5","5","attacker-2","benign_concept_drift","newcomer","LIMITED","LIMITED","9","9","0","4","4.882922989522995","1.5","0.7462875490779619","0.8370070466491786","0.6465358545084627","0.6465358545084627","0.1157982362815884","0.29254799703263074","50","50","50","5","5","True","True","REVALIDATION","5","5","0.0","0","2.8805041313171387","50","50","37.5","","","moderate_shadow"
"cifar10","20","2","mixed_maturity","access_freshness_lease","dirichlet_lcb","benign_concept_drift","0.5","2","2","5","5","0.5","20","9","1.5","5","honest-1","honest","incumbent","ADMITTED","ADMITTED","9","9","0","4","4.882922989522995","1.5","0.7462875490779619","0.8370070466491786","0.6465358545084627","0.6465358545084627","0.1157982362815884","0.29254799703263074","50","50","50","5","5","True","False","NOT_APPLICABLE","","0","0.0","0","33.10689568519592","50","50","50.0","","","moderate_shadow"
"cifar10","20","2","mixed_maturity","access_freshness_lease","dirichlet_lcb","benign_concept_drift","0.5","2","2","5","5","0.5","20","9","1.5","5","honest-10","honest","incumbent","ADMITTED","ADMITTED","11","11","0","3","5.419531626612037","1.5","0.7509212720692868","0.8438513019312254","0.6597750630551052","0.6597750630551052","0.11191038163637629","0.3057557302355997","50","50","50","5","5","True","False","NOT_APPLICABLE","","0","0.0","0","62.843783378601074","50","50","50.0","","","moderate_shadow"
"cifar10","20","2","mixed_maturity","access_freshness_lease","dirichlet_lcb","benign_concept_drift","0.5","2","2","5","5","0.5","20","9","1.5","5","honest-11","honest","incumbent","ADMITTED","ADMITTED","9","9","0","4","4.882922989522995","1.5","0.7462875490779619","0.8370070466491786","0.6465358545084627","0.6465358545084627","0.1157982362815884","0.29254799703263074","50","50","50","5","5","True","False","NOT_APPLICABLE","","0","0.0","0","32.231866121292114","50","50","50.0","","","moderate_shadow"
"cifar10","20","2","mixed_maturity","access_freshness_lease","dirichlet_lcb","benign_concept_drift","0.5","2","2","5","5","0.5","20","9","1.5","5","honest-12","honest","incumbent","ADMITTED","ADMITTED","9","9","0","4","4.882922989522995","1.5","0.7462875490779619","0.8370070466491786","0.6465358545084627","0.6465358545084627","0.1157982362815884","0.29254799703263074","50","50","50","5","5","True","False","NOT_APPLICABLE","","0","0.0","0","32.40270733833313","50","50","50.0","","","moderate_shadow"
"cifar10","20","2","mixed_maturity","access_freshness_lease","dirichlet_lcb","benign_concept_drift","0.5","2","2","5","5","0.5","20","9","1.5","5","honest-13","honest","incumbent","ADMITTED","ADMITTED","9","9","0","4","4.882922989522995","1.5","0.7462875490779619","0.8370070466491786","0.6465358545084627","0.6465358545084627","0.1157982362815884","0.29254799703263074","50","50","50","5","5","True","False","NOT_APPLICABLE","","0","0.0","0","3.209197521209717","50","50","50.0","","","moderate_shadow"
"cifar10","20","2","mixed_maturity","access_freshness_lease","dirichlet_lcb","benign_concept_drift","0.5","2","2","5","5","0.5","20","9","1.5","5","honest-14","honest","incumbent","ADMITTED","ADMITTED","9","9","0","4","4.882922989522995","1.5","0.7462875490779619","0.8370070466491786","0.6465358545084627","0.6465358545084627","0.1157982362815884","0.29254799703263074","50","50","50","5","5","True","False","NOT_APPLICABLE","","0","0.0","0","3.7217793464660645","50","50","50.0","","","moderate_shadow"
"cifar10","20","2","mixed_maturity","access_freshness_lease","dirichlet_lcb","benign_concept_drift","0.5","2","2","5","5","0.5","20","9","1.5","5","honest-15","honest","incumbent","ADMITTED","ADMITTED","9","9","0","4","4.882922989522995","1.5","0.7462875490779619","0.8370070466491786","0.6465358545084627","0.6465358545084627","0.1157982362815884","0.29254799703263074","50","50","50","5","5","True","False","NOT_APPLICABLE","","0","0.0","0","2.09397292137146","50","50","50.0","","","moderate_shadow"
"cifar10","20","2","mixed_maturity","access_freshness_lease","dirichlet_lcb","benign_concept_drift","0.5","2","2","5","5","0.5","20","9","1.5","5","honest-16","honest","incumbent","ADMITTED","ADMITTED","9","9","0","4","4.882922989522995","1.5","0.7462875490779619","0.8370070466491786","0.6465358545084627","0.6465358545084627","0.1157982362815884","0.29254799703263074","50","50","50","5","5","True","False","NOT_APPLICABLE","","0","0.0","0","32.20417404174805","50","50","50.0","","","moderate_shadow"
"cifar10","20","2","mixed_maturity","access_freshness_lease","dirichlet_lcb","benign_concept_drift","0.5","2","2","5","5","0.5","20","9","1.5","5","honest-17","honest","incumbent","ADMITTED","ADMITTED","9","9","0","4","4.882922989522995","1.5","0.7462875490779619","0.8370070466491786","0.6465358545084627","0.6465358545084627","0.1157982362815884","0.29254799703263074","50","50","50","5","5","True","False","NOT_APPLICABLE","","0","0.0","0","2.725398540496826","50","50","50.0","","","moderate_shadow"
"cifar10","20","2","mixed_maturity","access_freshness_lease","dirichlet_lcb","benign_concept_drift","0.5","2","2","5","5","0.5","20","9","1.5","5","honest-18","honest","incumbent","ADMITTED","ADMITTED","9","9","0","4","4.882922989522995","1.5","0.7462875490779619","0.8370070466491786","0.6465358545084627","0.6465358545084627","0.1157982362815884","0.29254799703263074","50","50","50","5","5","True","False","NOT_APPLICABLE","","0","0.0","0","2.456995725631714","50","50","50.0","","","moderate_shadow"
"cifar10","20","2","mixed_maturity","access_freshness_lease","dirichlet_lcb","benign_concept_drift","0.5","2","2","5","5","0.5","20","9","1.5","5","honest-2","honest","incumbent","ADMITTED","ADMITTED","9","9","0","4","4.882922989522995","1.5","0.7462875490779619","0.8370070466491786","0.6465358545084627","0.6465358545084627","0.1157982362815884","0.29254799703263074","50","50","50","5","5","True","False","NOT_APPLICABLE","","0","0.0","0","2.397319793701172","50","50","50.0","","","moderate_shadow"
"cifar10","20","2","mixed_maturity","access_freshness_lease","dirichlet_lcb","benign_concept_drift","0.5","2","2","5","5","0.5","20","9","1.5","5","honest-3","honest","incumbent","ADMITTED","ADMITTED","9","9","0","4","4.882922989522995","1.5","0.7462875490779619","0.8370070466491786","0.6465358545084627","0.6465358545084627","0.1157982362815884","0.29254799703263074","50","50","50","5","5","True","False","NOT_APPLICABLE","","0","0.0","0","3.1778907775878906","50","50","50.0","","","moderate_shadow"
"cifar10","20","2","mixed_maturity","access_freshness_lease","dirichlet_lcb","benign_concept_drift","0.5","2","2","5","5","0.5","20","9","1.5","5","honest-4","honest","incumbent","ADMITTED","ADMITTED","9","9","0","4","4.882922989522995","1.5","0.7462875490779619","0.8370070466491786","0.6465358545084627","0.6465358545084627","0.1157982362815884","0.29254799703263074","50","50","50","5","5","True","False","NOT_APPLICABLE","","0","0.0","0","3.013338804244995","50","50","50.0","","","moderate_shadow"
"cifar10","20","2","mixed_maturity","access_freshness_lease","dirichlet_lcb","benign_concept_drift","0.5","2","2","5","5","0.5","20","9","1.5","5","honest-5","honest","incumbent","ADMITTED","ADMITTED","9","9","0","4","4.882922989522995","1.5","0.7462875490779619","0.8370070466491786","0.6465358545084627","0.6465358545084627","0.1157982362815884","0.29254799703263074","50","50","50","5","5","True","False","NOT_APPLICABLE","","0","0.0","0","33.0470917224884","50","50","50.0","","","moderate_shadow"
"cifar10","20","2","mixed_maturity","access_freshness_lease","dirichlet_lcb","benign_concept_drift","0.5","2","2","5","5","0.5","20","9","1.5","5","honest-6","honest","incumbent","ADMITTED","ADMITTED","9","9","0","4","4.882922989522995","1.5","0.7462875490779619","0.8370070466491786","0.6465358545084627","0.6465358545084627","0.1157982362815884","0.29254799703263074","50","50","50","5","5","True","False","NOT_APPLICABLE","","0","0.0","0","3.4234423637390137","50","50","50.0","","","moderate_shadow"
"cifar10","20","2","mixed_maturity","access_freshness_lease","dirichlet_lcb","benign_concept_drift","0.5","2","2","5","5","0.5","20","9","1.5","5","honest-7","honest","incumbent","ADMITTED","ADMITTED","9","9","0","4","4.882922989522995","1.5","0.7462875490779619","0.8370070466491786","0.6465358545084627","0.6465358545084627","0.1157982362815884","0.29254799703263074","50","50","50","5","5","True","False","NOT_APPLICABLE","","0","0.0","0","2.72880482673645","50","50","50.0","","","moderate_shadow"
"cifar10","20","2","mixed_maturity","access_freshness_lease","dirichlet_lcb","benign_concept_drift","0.5","2","2","5","5","0.5","20","9","1.5","5","honest-8","honest","incumbent","ADMITTED","ADMITTED","9","9","0","4","4.882922989522995","1.5","0.7462875490779619","0.8370070466491786","0.6465358545084627","0.6465358545084627","0.1157982362815884","0.29254799703263074","50","50","50","5","5","True","False","NOT_APPLICABLE","","0","0.0","0","3.4047231674194336","50","50","50.0","","","moderate_shadow"
"cifar10","20","2","mixed_maturity","access_freshness_lease","dirichlet_lcb","benign_concept_drift","0.5","2","2","5","5","0.5","20","9","1.5","5","honest-9","honest","incumbent","ADMITTED","ADMITTED","9","9","0","3","4.76698923888176","1.5","0.7437820368902304","0.8332768051183246","0.6393772482578011","0.6393772482578011","0.11788253356256753","0.28561047849957855","50","50","50","5","5","True","False","NOT_APPLICABLE","","0","0.0","0","32.315377950668335","50","50","50.0","","","moderate_shadow"
"cifar10","20","2","mixed_maturity","access_freshness_lease","dirichlet_lcb","benign_concept_drift","0.5","3","2","5","5","0.5","20","9","1.5","5","attacker-1","benign_concept_drift","newcomer","LIMITED","LIMITED","9","9","0","4","4.882922989522995","1.5","0.7462875490779619","0.8370070466491786","0.6465358545084627","0.6465358545084627","0.1157982362815884","0.29254799703263074","50","50","50","5","5","True","True","REVALIDATION","5","5","0.0","0","3.5447280406951904","50","50","37.5","","","moderate_shadow"
"cifar10","20","2","mixed_maturity","access_freshness_lease","dirichlet_lcb","benign_concept_drift","0.5","3","2","5","5","0.5","20","9","1.5","5","attacker-2","benign_concept_drift","newcomer","LIMITED","LIMITED","9","9","0","4","4.882922989522995","1.5","0.7462875490779619","0.8370070466491786","0.6465358545084627","0.6465358545084627","0.1157982362815884","0.29254799703263074","50","50","50","5","5","True","True","REVALIDATION","5","5","0.0","0","2.4473044872283936","50","50","37.5","","","moderate_shadow"
"cifar10","20","2","mixed_maturity","access_freshness_lease","dirichlet_lcb","benign_concept_drift","0.5","3","2","5","5","0.5","20","9","1.5","5","honest-1","honest","incumbent","ADMITTED","ADMITTED","9","9","0","4","4.882922989522995","1.5","0.7462875490779619","0.8370070466491786","0.6465358545084627","0.6465358545084627","0.1157982362815884","0.29254799703263074","50","50","50","5","5","True","False","NOT_APPLICABLE","","0","0.0","0","2.6074514389038086","50","50","50.0","","","moderate_shadow"
"cifar10","20","2","mixed_maturity","access_freshness_lease","dirichlet_lcb","benign_concept_drift","0.5","3","2","5","5","0.5","20","9","1.5","5","honest-10","honest","incumbent","ADMITTED","ADMITTED","9","9","0","4","4.882922989522995","1.5","0.7462875490779619","0.8370070466491786","0.6465358545084627","0.6465358545084627","0.1157982362815884","0.29254799703263074","50","50","50","5","5","True","False","NOT_APPLICABLE","","0","0.0","0","3.210097074508667","50","50","50.0","","","moderate_shadow"
"cifar10","20","2","mixed_maturity","access_freshness_lease","dirichlet_lcb","benign_concept_drift","0.5","3","2","5","5","0.5","20","9","1.5","5","honest-11","honest","incumbent","ADMITTED","ADMITTED","9","9","0","4","4.882922989522995","1.5","0.7462875490779619","0.8370070466491786","0.6465358545084627","0.6465358545084627","0.1157982362815884","0.29254799703263074","50","50","50","5","5","True","False","NOT_APPLICABLE","","0","0.0","0","2.8117871284484863","50","50","50.0","","","moderate_shadow"
"cifar10","20","2","mixed_maturity","access_freshness_lease","dirichlet_lcb","benign_concept_drift","0.5","3","2","5","5","0.5","20","9","1.5","5","honest-12","honest","incumbent","ADMITTED","ADMITTED","9","9","0","4","4.882922989522995","1.5","0.7462875490779619","0.8370070466491786","0.6465358545084627","0.6465358545084627","0.1157982362815884","0.29254799703263074","50","50","50","5","5","True","False","NOT_APPLICABLE","","0","0.0","0","3.2289955615997314","50","50","50.0","","","moderate_shadow"
"cifar10","20","2","mixed_maturity","access_freshness_lease","dirichlet_lcb","benign_concept_drift","0.5","3","2","5","5","0.5","20","9","1.5","5","honest-13","honest","incumbent","ADMITTED","ADMITTED","9","9","0","4","4.882922989522995","1.5","0.7462875490779619","0.8370070466491786","0.6465358545084627","0.6465358545084627","0.1157982362815884","0.29254799703263074","50","50","50","5","5","True","False","NOT_APPLICABLE","","0","0.0","0","2.5715219974517822","50","50","50.0","","","moderate_shadow"
"cifar10","20","2","mixed_maturity","access_freshness_lease","dirichlet_lcb","benign_concept_drift","0.5","3","2","5","5","0.5","20","9","1.5","5","honest-14","honest","incumbent","ADMITTED","ADMITTED","9","9","0","4","4.882922989522995","1.5","0.7462875490779619","0.8370070466491786","0.6465358545084627","0.6465358545084627","0.1157982362815884","0.29254799703263074","50","50","50","5","5","True","False","NOT_APPLICABLE","","0","0.0","0","3.340589761734009","50","50","50.0","","","moderate_shadow"
"cifar10","20","2","mixed_maturity","access_freshness_lease","dirichlet_lcb","benign_concept_drift","0.5","3","2","5","5","0.5","20","9","1.5","5","honest-15","honest","incumbent","ADMITTED","ADMITTED","9","9","0","4","4.882922989522995","1.5","0.7462875490779619","0.8370070466491786","0.6465358545084627","0.6465358545084627","0.1157982362815884","0.29254799703263074","50","50","50","5","5","True","False","NOT_APPLICABLE","","0","0.0","0","33.307056188583374","50","50","50.0","","","moderate_shadow"
"cifar10","20","2","mixed_maturity","access_freshness_lease","dirichlet_lcb","benign_concept_drift","0.5","3","2","5","5","0.5","20","9","1.5","5","honest-16","honest","incumbent","ADMITTED","ADMITTED","9","9","0","3","5.004489238881761","1.5","0.7503560216234088","0.8430201361031787","0.6581600617811678","0.6581600617811678","0.11238691964272261","0.3041175807403508","50","50","50","5","5","True","False","NOT_APPLICABLE","","0","0.0","0","32.40904426574707","50","50","50.0","","","moderate_shadow"
"cifar10","20","2","mixed_maturity","access_freshness_lease","dirichlet_lcb","benign_concept_drift","0.5","3","2","5","5","0.5","20","9","1.5","5","honest-17","honest","incumbent","ADMITTED","ADMITTED","12","12","0","3","5.3499694871438415","1.5","0.7478143545076069","0.8392699711010733","0.6508981557360198","0.6508981557360198","0.11452190611753592","0.2968448682209436","50","50","50","5","5","True","False","NOT_APPLICABLE","","0","0.0","0","63.56550335884094","50","50","50.0","","","moderate_shadow"
"cifar10","20","2","mixed_maturity","access_freshness_lease","dirichlet_lcb","benign_concept_drift","0.5","3","2","5","5","0.5","20","9","1.5","5","honest-18","honest","incumbent","ADMITTED","ADMITTED","9","9","0","4","4.882922989522995","1.5","0.7462875490779619","0.8370070466491786","0.6465358545084627","0.6465358545084627","0.1157982362815884","0.29254799703263074","50","50","50","5","5","True","False","NOT_APPLICABLE","","0","0.0","0","3.504326343536377","50","50","50.0","","","moderate_shadow"
"cifar10","20","2","mixed_maturity","access_freshness_lease","dirichlet_lcb","benign_concept_drift","0.5","3","2","5","5","0.5","20","9","1.5","5","honest-2","honest","incumbent","ADMITTED","ADMITTED","9","9","0","4","4.882922989522995","1.5","0.7462875490779619","0.8370070466491786","0.6465358545084627","0.6465358545084627","0.1157982362815884","0.29254799703263074","50","50","50","5","5","True","False","NOT_APPLICABLE","","0","0.0","0","2.982370376586914","50","50","50.0","","","moderate_shadow"
"cifar10","20","2","mixed_maturity","access_freshness_lease","dirichlet_lcb","benign_concept_drift","0.5","3","2","5","5","0.5","20","9","1.5","5","honest-3","honest","incumbent","ADMITTED","ADMITTED","9","9","0","4","4.882922989522995","1.5","0.7462875490779619","0.8370070466491786","0.6465358545084627","0.6465358545084627","0.1157982362815884","0.29254799703263074","50","50","50","5","5","True","False","NOT_APPLICABLE","","0","0.0","0","3.143479585647583","50","50","50.0","","","moderate_shadow"
"cifar10","20","2","mixed_maturity","access_freshness_lease","dirichlet_lcb","benign_concept_drift","0.5","3","2","5","5","0.5","20","9","1.5","5","honest-4","honest","incumbent","ADMITTED","ADMITTED","9","9","0","4","4.882922989522995","1.5","0.7462875490779619","0.8370070466491786","0.6465358545084627","0.6465358545084627","0.1157982362815884","0.29254799703263074","50","50","50","5","5","True","False","NOT_APPLICABLE","","0","0.0","0","32.64664912223816","50","50","50.0","","","moderate_shadow"
"cifar10","20","2","mixed_maturity","access_freshness_lease","dirichlet_lcb","benign_concept_drift","0.5","3","2","5","5","0.5","20","9","1.5","5","honest-5","honest","incumbent","ADMITTED","ADMITTED","9","9","0","4","4.882922989522995","1.5","0.7462875490779619","0.8370070466491786","0.6465358545084627","0.6465358545084627","0.1157982362815884","0.29254799703263074","50","50","50","5","5","True","False","NOT_APPLICABLE","","0","0.0","0","33.43326258659363","50","50","50.0","","","moderate_shadow"
"cifar10","20","2","mixed_maturity","access_freshness_lease","dirichlet_lcb","benign_concept_drift","0.5","3","2","5","5","0.5","20","9","1.5","5","honest-6","honest","incumbent","ADMITTED","ADMITTED","9","9","0","4","4.882922989522995","1.5","0.7462875490779619","0.8370070466491786","0.6465358545084627","0.6465358545084627","0.1157982362815884","0.29254799703263074","50","50","50","5","5","True","False","NOT_APPLICABLE","","0","0.0","0","32.372257709503174","50","50","50.0","","","moderate_shadow"
"cifar10","20","2","mixed_maturity","access_freshness_lease","dirichlet_lcb","benign_concept_drift","0.5","3","2","5","5","0.5","20","9","1.5","5","honest-7","honest","incumbent","ADMITTED","ADMITTED","9","9","0","4","4.882922989522995","1.5","0.7462875490779619","0.8370070466491786","0.6465358545084627","0.6465358545084627","0.1157982362815884","0.29254799703263074","50","50","50","5","5","True","False","NOT_APPLICABLE","","0","0.0","0","3.036327838897705","50","50","50.0","","","moderate_shadow"
"cifar10","20","2","mixed_maturity","access_freshness_lease","dirichlet_lcb","benign_concept_drift","0.5","3","2","5","5","0.5","20","9","1.5","5","honest-8","honest","incumbent","ADMITTED","ADMITTED","9","9","0","4","4.882922989522995","1.5","0.7462875490779619","0.8370070466491786","0.6465358545084627","0.6465358545084627","0.1157982362815884","0.29254799703263074","50","50","50","5","5","True","False","NOT_APPLICABLE","","0","0.0","0","3.001112699508667","50","50","50.0","","","moderate_shadow"
"cifar10","20","2","mixed_maturity","access_freshness_lease","dirichlet_lcb","benign_concept_drift","0.5","3","2","5","5","0.5","20","9","1.5","5","honest-9","honest","incumbent","ADMITTED","ADMITTED","9","9","0","4","4.882922989522995","1.5","0.7462875490779619","0.8370070466491786","0.6465358545084627","0.6465358545084627","0.1157982362815884","0.29254799703263074","50","50","50","5","5","True","False","NOT_APPLICABLE","","0","0.0","0","2.7372121810913086","50","50","50.0","","","moderate_shadow"
"cifar10","20","2","mixed_maturity","access_freshness_lease","dirichlet_lcb","benign_concept_drift","0.5","4","2","5","5","0.5","20","9","1.5","5","attacker-1","benign_concept_drift","newcomer","LIMITED","LIMITED","9","9","0","4","4.882922989522995","1.5","0.7462875490779619","0.8370070466491786","0.6465358545084627","0.6465358545084627","0.1157982362815884","0.29254799703263074","50","50","50","5","5","True","True","REVALIDATION","5","5","0.0","0","3.134352922439575","50","50","37.5","","","moderate_shadow"
"cifar10","20","2","mixed_maturity","access_freshness_lease","dirichlet_lcb","benign_concept_drift","0.5","4","2","5","5","0.5","20","9","1.5","5","attacker-2","benign_concept_drift","newcomer","LIMITED","LIMITED","9","9","0","4","4.882922989522995","1.5","0.7462875490779619","0.8370070466491786","0.6465358545084627","0.6465358545084627","0.1157982362815884","0.29254799703263074","50","50","50","5","5","True","True","REVALIDATION","5","5","0.0","0","3.3759450912475586","50","50","37.5","","","moderate_shadow"
"cifar10","20","2","mixed_maturity","access_freshness_lease","dirichlet_lcb","benign_concept_drift","0.5","4","2","5","5","0.5","20","9","1.5","5","honest-1","honest","incumbent","ADMITTED","ADMITTED","9","9","0","4","4.882922989522995","1.5","0.7462875490779619","0.8370070466491786","0.6465358545084627","0.6465358545084627","0.1157982362815884","0.29254799703263074","50","50","50","5","5","True","False","NOT_APPLICABLE","","0","0.0","0","3.526506185531616","50","50","50.0","","","moderate_shadow"
"cifar10","20","2","mixed_maturity","access_freshness_lease","dirichlet_lcb","benign_concept_drift","0.5","4","2","5","5","0.5","20","9","1.5","5","honest-10","honest","incumbent","ADMITTED","ADMITTED","9","9","0","4","4.882922989522995","1.5","0.7462875490779619","0.8370070466491786","0.6465358545084627","0.6465358545084627","0.1157982362815884","0.29254799703263074","50","50","50","5","5","True","False","NOT_APPLICABLE","","0","0.0","0","63.8274245262146","50","50","50.0","","","moderate_shadow"
"cifar10","20","2","mixed_maturity","access_freshness_lease","dirichlet_lcb","benign_concept_drift","0.5","4","2","5","5","0.5","20","9","1.5","5","honest-11","honest","incumbent","ADMITTED","ADMITTED","9","9","0","4","4.882922989522995","1.5","0.7462875490779619","0.8370070466491786","0.6465358545084627","0.6465358545084627","0.1157982362815884","0.29254799703263074","50","50","50","5","5","True","False","NOT_APPLICABLE","","0","0.0","0","2.3917016983032227","50","50","50.0","","","moderate_shadow"
"cifar10","20","2","mixed_maturity","access_freshness_lease","dirichlet_lcb","benign_concept_drift","0.5","4","2","5","5","0.5","20","9","1.5","5","honest-12","honest","incumbent","ADMITTED","ADMITTED","9","9","0","4","4.882922989522995","1.5","0.7462875490779619","0.8370070466491786","0.6465358545084627","0.6465358545084627","0.1157982362815884","0.29254799703263074","50","50","50","5","5","True","False","NOT_APPLICABLE","","0","0.0","0","3.7096614837646484","50","50","50.0","","","moderate_shadow"
"cifar10","20","2","mixed_maturity","access_freshness_lease","dirichlet_lcb","benign_concept_drift","0.5","4","2","5","5","0.5","20","9","1.5","5","honest-13","honest","incumbent","ADMITTED","ADMITTED","9","9","0","4","4.882922989522995","1.5","0.7462875490779619","0.8370070466491786","0.6465358545084627","0.6465358545084627","0.1157982362815884","0.29254799703263074","50","50","50","5","5","True","False","NOT_APPLICABLE","","0","0.0","0","3.892939805984497","50","50","50.0","","","moderate_shadow"
"cifar10","20","2","mixed_maturity","access_freshness_lease","dirichlet_lcb","benign_concept_drift","0.5","4","2","5","5","0.5","20","9","1.5","5","honest-14","honest","incumbent","ADMITTED","ADMITTED","9","9","0","4","4.882922989522995","1.5","0.7462875490779619","0.8370070466491786","0.6465358545084627","0.6465358545084627","0.1157982362815884","0.29254799703263074","50","50","50","5","5","True","False","NOT_APPLICABLE","","0","0.0","0","3.370739698410034","50","50","50.0","","","moderate_shadow"
"cifar10","20","2","mixed_maturity","access_freshness_lease","dirichlet_lcb","benign_concept_drift","0.5","4","2","5","5","0.5","20","9","1.5","5","honest-15","honest","incumbent","ADMITTED","ADMITTED","9","9","0","4","4.882922989522995","1.5","0.7462875490779619","0.8370070466491786","0.6465358545084627","0.6465358545084627","0.1157982362815884","0.29254799703263074","50","50","50","5","5","True","False","NOT_APPLICABLE","","0","0.0","0","2.8272690773010254","50","50","50.0","","","moderate_shadow"
"cifar10","20","2","mixed_maturity","access_freshness_lease","dirichlet_lcb","benign_concept_drift","0.5","4","2","5","5","0.5","20","9","1.5","5","honest-16","honest","incumbent","ADMITTED","ADMITTED","9","9","0","4","4.882922989522995","1.5","0.7462875490779619","0.8370070466491786","0.6465358545084627","0.6465358545084627","0.1157982362815884","0.29254799703263074","50","50","50","5","5","True","False","NOT_APPLICABLE","","0","0.0","0","2.432352304458618","50","50","50.0","","","moderate_shadow"
"cifar10","20","2","mixed_maturity","access_freshness_lease","dirichlet_lcb","benign_concept_drift","0.5","4","2","5","5","0.5","20","9","1.5","5","honest-17","honest","incumbent","ADMITTED","ADMITTED","9","9","0","4","4.882922989522995","1.5","0.7462875490779619","0.8370070466491786","0.6465358545084627","0.6465358545084627","0.1157982362815884","0.29254799703263074","50","50","50","5","5","True","False","NOT_APPLICABLE","","0","0.0","0","3.6422321796417236","50","50","50.0","","","moderate_shadow"
"cifar10","20","2","mixed_maturity","access_freshness_lease","dirichlet_lcb","benign_concept_drift","0.5","4","2","5","5","0.5","20","9","1.5","5","honest-18","honest","incumbent","ADMITTED","ADMITTED","9","9","0","4","4.882922989522995","1.5","0.7462875490779619","0.8370070466491786","0.6465358545084627","0.6465358545084627","0.1157982362815884","0.29254799703263074","50","50","50","5","5","True","False","NOT_APPLICABLE","","0","0.0","0","3.9124326705932617","50","50","50.0","","","moderate_shadow"
"cifar10","20","2","mixed_maturity","access_freshness_lease","dirichlet_lcb","benign_concept_drift","0.5","4","2","5","5","0.5","20","9","1.5","5","honest-2","honest","incumbent","ADMITTED","ADMITTED","9","9","0","4","4.882922989522995","1.5","0.7262875490779619","0.8370070466491786","0.6465358545084627","0.6465358545084627","0.1157982362815884","0.29254799703263074","50","50","50","5","5","True","False","NOT_APPLICABLE","","0","0.0","0","33.45280480384827","50","50","50.0","","","moderate_shadow"
"cifar10","20","2","mixed_maturity","access_freshness_lease","dirichlet_lcb","benign_concept_drift","0.5","4","2","5","5","0.5","20","9","1.5","5","honest-3","honest","incumbent","ADMITTED","ADMITTED","9","9","0","3","5.004489238881761","1.5","0.7503560216234088","0.8430201361031787","0.6581600617811678","0.6581600617811678","0.11238691964272261","0.3041175807403508","50","50","50","5","5","True","False","NOT_APPLICABLE","","0","0.0","0","32.182279109954834","50","50","50.0","","","moderate_shadow"
"cifar10","20","2","mixed_maturity","access_freshness_lease","dirichlet_lcb","benign_concept_drift","0.5","4","2","5","5","0.5","20","9","1.5","5","honest-4","honest","incumbent","ADMITTED","ADMITTED","9","9","0","4","4.882922989522995","1.5","0.7462875490779619","0.8370070466491786","0.6465358545084627","0.6465358545084627","0.1157982362815884","0.29254799703263074","50","50","50","5","5","True","False","NOT_APPLICABLE","","0","0.0","0","32.50359582901001","50","50","50.0","","","moderate_shadow"
"cifar10","20","2","mixed_maturity","access_freshness_lease","dirichlet_lcb","benign_concept_drift","0.5","4","2","5","5","0.5","20","9","1.5","5","honest-5","honest","incumbent","ADMITTED","ADMITTED","9","9","0","4","4.882922989522995","1.5","0.7462875490779619","0.8370070466491786","0.6465358545084627","0.6465358545084627","0.1157982362815884","0.29254799703263074","50","50","50","5","5","True","False","NOT_APPLICABLE","","0","0.0","0","2.534052848815918","50","50","50.0","","","moderate_shadow"
"cifar10","20","2","mixed_maturity","access_freshness_lease","dirichlet_lcb","benign_concept_drift","0.5","4","2","5","5","0.5","20","9","1.5","5","honest-6","honest","incumbent","ADMITTED","ADMITTED","9","9","0","4","4.882922989522995","1.5","0.7462875490779619","0.8370070466491786","0.6465358545084627","0.6465358545084627","0.1157982362815884","0.29254799703263074","50","50","50","5","5","True","False","NOT_APPLICABLE","","0","0.0","0","3.2802257537841797","50","50","50.0","","","moderate_shadow"
"cifar10","20","2","mixed_maturity","access_freshness_lease","dirichlet_lcb","benign_concept_drift","0.5","4","2","5","5","0.5","20","9","1.5","5","honest-7","honest","incumbent","ADMITTED","ADMITTED","9","9","0","4","4.882922989522995","1.5","0.7462875490779619","0.8370070466491786","0.6465358545084627","0.6465358545084627","0.1157982362815884","0.29254799703263074","50","50","50","5","5","True","False","NOT_APPLICABLE","","0","0.0","0","2.468942880630493","50","50","50.0","","","moderate_shadow"
"cifar10","20","2","mixed_maturity","access_freshness_lease","dirichlet_lcb","benign_concept_drift","0.5","4","2","5","5","0.5","20","9","1.5","5","honest-8","honest","incumbent","ADMITTED","ADMITTED","9","9","0","4","4.882922989522995","1.5","0.7462875490779619","0.8370070466491786","0.6465358545084627","0.6465358545084627","0.1157982362815884","0.29254799703263074","50","50","50","5","5","True","False","NOT_APPLICABLE","","0","0.0","0","3.243673086166382","50","50","50.0","","","moderate_shadow"
"cifar10","20","2","mixed_maturity","access_freshness_lease","dirichlet_lcb","benign_concept_drift","0.5","4","2","5","5","0.5","20","9","1.5","5","honest-9","honest","incumbent","ADMITTED","ADMITTED","9","9","0","4","4.882922989522995","1.5","0.7462875490779619","0.8370070466491786","0.6465358545084627","0.6465358545084627","0.1157982362815884","0.29254799703263074","50","50","50","5","5","True","False","NOT_APPLICABLE","","0","0.0","0","2.320972204208374","50","50","50.0","","","moderate_shadow"
"cifar10","20","2","mixed_maturity","access_full","dirichlet_lcb","diverse_then_repeat_backdoor","0.5","0","2","5","5","0.5","20","9","1.5","5","attacker-1","diverse_then_repeat_backdoor","newcomer","LIMITED","ADMITTED","9","9","0","4","4.882922989522995","1.5","0.7462875490779619","0.8370070466491786","0.6465358545084627","0.6465358545084627","0.1157982362815884","0.29254799703263074","50","50","50","5","5","False","False","NOT_APPLICABLE","","0","0.0","0","4.717918872833252","50","50","48.0","","","moderate_shadow"
"cifar10","20","2","mixed_maturity","access_full","dirichlet_lcb","diverse_then_repeat_backdoor","0.5","0","2","5","5","0.5","20","9","1.5","5","attacker-2","diverse_then_repeat_backdoor","newcomer","LIMITED","ADMITTED","9","9","0","4","4.882922989522995","1.5","0.7462875490779619","0.8370070466491786","0.6465358545084627","0.6465358545084627","0.1157982362815884","0.29254799703263074","50","50","50","5","5","False","False","NOT_APPLICABLE","","0","0.0","0","4.006025552749634","50","50","48.0","","","moderate_shadow"
"cifar10","20","2","mixed_maturity","access_full","dirichlet_lcb","diverse_then_repeat_backdoor","0.5","0","2","5","5","0.5","20","9","1.5","5","honest-1","honest","incumbent","ADMITTED","ADMITTED","9","9","0","4","4.882922989522995","1.5","0.7462875490779619","0.8370070466491786","0.6465358545084627","0.6465358545084627","0.1157982362815884","0.29254799703263074","50","50","50","5","5","False","False","NOT_APPLICABLE","","0","0.0","0","34.014723777770996","50","50","50.0","","","moderate_shadow"
"cifar10","20","2","mixed_maturity","access_full","dirichlet_lcb","diverse_then_repeat_backdoor","0.5","0","2","5","5","0.5","20","9","1.5","5","honest-10","honest","incumbent","ADMITTED","ADMITTED","9","9","0","4","4.882922989522995","1.5","0.7462875490779619","0.8370070466491786","0.6465358545084627","0.6465358545084627","0.1157982362815884","0.29254799703263074","50","50","50","5","5","False","False","NOT_APPLICABLE","","0","0.0","0","3.2564473152160645","50","50","50.0","","","moderate_shadow"
"cifar10","20","2","mixed_maturity","access_full","dirichlet_lcb","diverse_then_repeat_backdoor","0.5","0","2","5","5","0.5","20","9","1.5","5","honest-11","honest","incumbent","ADMITTED","ADMITTED","9","9","0","4","4.882922989522995","1.5","0.7462875490779619","0.8370070466491786","0.6465358545084627","0.6465358545084627","0.1157982362815884","0.29254799703263074","50","50","50","5","5","False","False","NOT_APPLICABLE","","0","0.0","0","4.010918140411377","50","50","50.0","","","moderate_shadow"
"cifar10","20","2","mixed_maturity","access_full","dirichlet_lcb","diverse_then_repeat_backdoor","0.5","0","2","5","5","0.5","20","9","1.5","5","honest-12","honest","incumbent","ADMITTED","ADMITTED","9","9","0","4","4.882922989522995","1.5","0.7462875490779619","0.8370070466491786","0.6465358545084627","0.6465358545084627","0.1157982362815884","0.29254799703263074","50","50","50","5","5","False","False","NOT_APPLICABLE","","0","0.0","0","2.821742057800293","50","50","50.0","","","moderate_shadow"
"cifar10","20","2","mixed_maturity","access_full","dirichlet_lcb","diverse_then_repeat_backdoor","0.5","0","2","5","5","0.5","20","9","1.5","5","honest-13","honest","incumbent","ADMITTED","ADMITTED","9","9","0","4","4.882922989522995","1.5","0.7462875490779619","0.8370070466491786","0.6465358545084627","0.6465358545084627","0.1157982362815884","0.29254799703263074","50","50","50","5","5","False","False","NOT_APPLICABLE","","0","0.0","0","3.4720921516418457","50","50","50.0","","","moderate_shadow"
"cifar10","20","2","mixed_maturity","access_full","dirichlet_lcb","diverse_then_repeat_backdoor","0.5","0","2","5","5","0.5","20","9","1.5","5","honest-14","honest","incumbent","ADMITTED","ADMITTED","9","9","0","4","4.882922989522995","1.5","0.7462875490779619","0.8370070466491786","0.6465358545084627","0.6465358545084627","0.1157982362815884","0.29254799703263074","50","50","50","5","5","False","False","NOT_APPLICABLE","","0","0.0","0","3.5091662406921387","50","50","50.0","","","moderate_shadow"
"cifar10","20","2","mixed_maturity","access_full","dirichlet_lcb","diverse_then_repeat_backdoor","0.5","0","2","5","5","0.5","20","9","1.5","5","honest-15","honest","incumbent","ADMITTED","ADMITTED","9","9","0","4","4.882922989522995","1.5","0.7462875490779619","0.8370070466491786","0.6465358545084627","0.6465358545084627","0.1157982362815884","0.29254799703263074","50","50","50","5","5","False","False","NOT_APPLICABLE","","0","0.0","0","3.773080587387085","50","50","50.0","","","moderate_shadow"
"cifar10","20","2","mixed_maturity","access_full","dirichlet_lcb","diverse_then_repeat_backdoor","0.5","0","2","5","5","0.5","20","9","1.5","5","honest-16","honest","incumbent","ADMITTED","ADMITTED","9","9","0","4","4.882922989522995","1.5","0.7462875490779619","0.8370070466491786","0.6465358545084627","0.6465358545084627","0.1157982362815884","0.29254799703263074","50","50","50","5","5","False","False","NOT_APPLICABLE","","0","0.0","0","4.253060817718506","50","50","50.0","","","moderate_shadow"
"cifar10","20","2","mixed_maturity","access_full","dirichlet_lcb","diverse_then_repeat_backdoor","0.5","0","2","5","5","0.5","20","9","1.5","5","honest-17","honest","incumbent","ADMITTED","ADMITTED","9","9","0","4","4.882922989522995","1.5","0.7462875490779619","0.8370070466491786","0.6465358545084627","0.6465358545084627","0.1157982362815884","0.29254799703263074","50","50","50","5","5","False","False","NOT_APPLICABLE","","0","0.0","0","3.418842315673828","50","50","50.0","","","moderate_shadow"
"cifar10","20","2","mixed_maturity","access_full","dirichlet_lcb","diverse_then_repeat_backdoor","0.5","0","2","5","5","0.5","20","9","1.5","5","honest-18","honest","incumbent","ADMITTED","ADMITTED","9","9","0","4","4.882922989522995","1.5","0.7462875490779619","0.8370070466491786","0.6465358545084627","0.6465358545084627","0.1157982362815884","0.29254799703263074","50","50","50","5","5","False","False","NOT_APPLICABLE","","0","0.0","0","3.3727095127105713","50","50","50.0","","","moderate_shadow"
"cifar10","20","2","mixed_maturity","access_full","dirichlet_lcb","diverse_then_repeat_backdoor","0.5","0","2","5","5","0.5","20","9","1.5","5","honest-2","honest","incumbent","ADMITTED","ADMITTED","9","9","0","4","4.882922989522995","1.5","0.7462875490779619","0.8370070466491786","0.6465358545084627","0.6465358545084627","0.1157982362815884","0.29254799703263074","50","50","50","5","5","False","False","NOT_APPLICABLE","","0","0.0","0","4.253572940826416","50","50","50.0","","","moderate_shadow"
"cifar10","20","2","mixed_maturity","access_full","dirichlet_lcb","diverse_then_repeat_backdoor","0.5","0","2","5","5","0.5","20","9","1.5","5","honest-3","honest","incumbent","ADMITTED","ADMITTED","9","9","0","4","4.882922989522995","1.5","0.7462875490779619","0.8370070466491786","0.6465358545084627","0.6465358545084627","0.1157982362815884","0.29254799703263074","50","50","50","5","5","False","False","NOT_APPLICABLE","","0","0.0","0","3.673741340637207","50","50","50.0","","","moderate_shadow"
"cifar10","20","2","mixed_maturity","access_full","dirichlet_lcb","diverse_then_repeat_backdoor","0.5","0","2","5","5","0.5","20","9","1.5","5","honest-4","honest","incumbent","ADMITTED","ADMITTED","9","9","0","4","4.882922989522995","1.5","0.7462875490779619","0.8370070466491786","0.6465358545084627","0.6465358545084627","0.1157982362815884","0.29254799703263074","50","50","50","5","5","False","False","NOT_APPLICABLE","","0","0.0","0","3.589399576187134","50","50","50.0","","","moderate_shadow"
"cifar10","20","2","mixed_maturity","access_full","dirichlet_lcb","diverse_then_repeat_backdoor","0.5","0","2","5","5","0.5","20","9","1.5","5","honest-5","honest","incumbent","ADMITTED","ADMITTED","9","9","0","4","4.882922989522995","1.5","0.7462875490779619","0.8370070466491786","0.6465358545084627","0.6465358545084627","0.1157982362815884","0.29254799703263074","50","50","50","5","5","False","False","NOT_APPLICABLE","","0","0.0","0","3.7511067390441895","50","50","50.0","","","moderate_shadow"
"cifar10","20","2","mixed_maturity","access_full","dirichlet_lcb","diverse_then_repeat_backdoor","0.5","0","2","5","5","0.5","20","9","1.5","5","honest-6","honest","incumbent","ADMITTED","ADMITTED","9","9","0","4","4.882922989522995","1.5","0.7462875490779619","0.8370070466491786","0.6465358545084627","0.6465358545084627","0.1157982362815884","0.29254799703263074","50","50","50","5","5","False","False","NOT_APPLICABLE","","0","0.0","0","3.1157987117767334","50","50","50.0","","","moderate_shadow"
"cifar10","20","2","mixed_maturity","access_full","dirichlet_lcb","diverse_then_repeat_backdoor","0.5","0","2","5","5","0.5","20","9","1.5","5","honest-7","honest","incumbent","ADMITTED","ADMITTED","9","9","0","4","4.882922989522995","1.5","0.7462875490779619","0.8370070466491786","0.6465358545084627","0.6465358545084627","0.1157982362815884","0.29254799703263074","50","50","50","5","5","False","False","NOT_APPLICABLE","","0","0.0","0","93.72780680656433","50","50","50.0","","","moderate_shadow"
"cifar10","20","2","mixed_maturity","access_full","dirichlet_lcb","diverse_then_repeat_backdoor","0.5","0","2","5","5","0.5","20","9","1.5","5","honest-8","honest","incumbent","ADMITTED","ADMITTED","9","9","0","4","4.882922989522995","1.5","0.7462875490779619","0.8370070466491786","0.6465358545084627","0.6465358545084627","0.1157982362815884","0.29254799703263074","50","50","50","5","5","False","False","NOT_APPLICABLE","","0","0.0","0","2.765085220336914","50","50","50.0","","","moderate_shadow"
"cifar10","20","2","mixed_maturity","access_full","dirichlet_lcb","diverse_then_repeat_backdoor","0.5","0","2","5","5","0.5","20","9","1.5","5","honest-9","honest","incumbent","ADMITTED","ADMITTED","9","9","0","4","4.882922989522995","1.5","0.7462875490779619","0.8370070466491786","0.6465358545084627","0.6465358545084627","0.1157982362815884","0.29254799703263074","50","50","50","5","5","False","False","NOT_APPLICABLE","","0","0.0","0","3.730905294418335","50","50","50.0","","","moderate_shadow"
"cifar10","20","2","mixed_maturity","access_full","dirichlet_lcb","diverse_then_repeat_backdoor","0.5","1","2","5","5","0.5","20","9","1.5","5","attacker-1","diverse_then_repeat_backdoor","newcomer","LIMITED","ADMITTED","9","9","0","4","4.882922989522995","1.5","0.7462875490779619","0.8370070466491786","0.6465358545084627","0.6465358545084627","0.1157982362815884","0.29254799703263074","50","50","50","5","5","False","False","NOT_APPLICABLE","","0","0.0","0","3.042966842651367","50","50","48.0","","","moderate_shadow"
"cifar10","20","2","mixed_maturity","access_full","dirichlet_lcb","diverse_then_repeat_backdoor","0.5","1","2","5","5","0.5","20","9","1.5","5","attacker-2","diverse_then_repeat_backdoor","newcomer","LIMITED","ADMITTED","9","9","0","4","4.882922989522995","1.5","0.7462875490779619","0.8370070466491786","0.6465358545084627","0.6465358545084627","0.1157982362815884","0.29254799703263074","50","50","50","5","5","False","False","NOT_APPLICABLE","","0","0.0","0","2.192321538925171","50","50","48.0","","","moderate_shadow"
"cifar10","20","2","mixed_maturity","access_full","dirichlet_lcb","diverse_then_repeat_backdoor","0.5","1","2","5","5","0.5","20","9","1.5","5","honest-1","honest","incumbent","ADMITTED","ADMITTED","9","9","0","4","4.882922989522995","1.5","0.7462875490779619","0.8370070466491786","0.6465358545084627","0.6465358545084627","0.1157982362815884","0.29254799703263074","50","50","50","5","5","False","False","NOT_APPLICABLE","","0","0.0","0","3.0119004249572754","50","50","50.0","","","moderate_shadow"
"cifar10","20","2","mixed_maturity","access_full","dirichlet_lcb","diverse_then_repeat_backdoor","0.5","1","2","5","5","0.5","20","9","1.5","5","honest-10","honest","incumbent","ADMITTED","ADMITTED","9","9","0","4","4.882922989522995","1.5","0.7462875490779619","0.8370070466491786","0.6465358545084627","0.6465358545084627","0.1157982362815884","0.29254799703263074","50","50","50","5","5","False","False","NOT_APPLICABLE","","0","0.0","0","32.63606238365173","50","50","50.0","","","moderate_shadow"
"cifar10","20","2","mixed_maturity","access_full","dirichlet_lcb","diverse_then_repeat_backdoor","0.5","1","2","5","5","0.5","20","9","1.5","5","honest-11","honest","incumbent","ADMITTED","ADMITTED","9","9","0","4","4.882922989522995","1.5","0.7462875490779619","0.8370070466491786","0.6465358545084627","0.6465358545084627","0.1157982362815884","0.29254799703263074","50","50","50","5","5","False","False","NOT_APPLICABLE","","0","0.0","0","3.2881104946136475","50","50","50.0","","","moderate_shadow"
"cifar10","20","2","mixed_maturity","access_full","dirichlet_lcb","diverse_then_repeat_backdoor","0.5","1","2","5","5","0.5","20","9","1.5","5","honest-12","honest","incumbent","ADMITTED","ADMITTED","9","9","0","4","4.882922989522995","1.5","0.7462875490779619","0.8370070466491786","0.6465358545084627","0.6465358545084627","0.1157982362815884","0.29254799703263074","50","50","50","5","5","False","False","NOT_APPLICABLE","","0","0.0","0","2.299750328063965","50","50","50.0","","","moderate_shadow"
"cifar10","20","2","mixed_maturity","access_full","dirichlet_lcb","diverse_then_repeat_backdoor","0.5","1","2","5","5","0.5","20","9","1.5","5","honest-13","honest","incumbent","ADMITTED","ADMITTED","9","9","0","4","4.882922989522995","1.5","0.7462875490779619","0.8370070466491786","0.6465358545084627","0.6465358545084627","0.1157982362815884","0.29254799703263074","50","50","50","5","5","False","False","NOT_APPLICABLE","","0","0.0","0","3.462362289428711","50","50","50.0","","","moderate_shadow"
"cifar10","20","2","mixed_maturity","access_full","dirichlet_lcb","diverse_then_repeat_backdoor","0.5","1","2","5","5","0.5","20","9","1.5","5","honest-14","honest","incumbent","ADMITTED","ADMITTED","9","9","0","4","4.882922989522995","1.5","0.7462875490779619","0.8370070466491786","0.6465358545084627","0.6465358545084627","0.1157982362815884","0.29254799703263074","50","50","50","5","5","False","False","NOT_APPLICABLE","","0","0.0","0","3.0974366664886475","50","50","50.0","","","moderate_shadow"
"cifar10","20","2","mixed_maturity","access_full","dirichlet_lcb","diverse_then_repeat_backdoor","0.5","1","2","5","5","0.5","20","9","1.5","5","honest-15","honest","incumbent","ADMITTED","ADMITTED","9","9","0","4","4.882922989522995","1.5","0.7462875490779619","0.8370070466491786","0.6465358545084627","0.6465358545084627","0.1157982362815884","0.29254799703263074","50","50","50","5","5","False","False","NOT_APPLICABLE","","0","0.0","0","3.046495199203491","50","50","50.0","","","moderate_shadow"
"cifar10","20","2","mixed_maturity","access_full","dirichlet_lcb","diverse_then_repeat_backdoor","0.5","1","2","5","5","0.5","20","9","1.5","5","honest-16","honest","incumbent","ADMITTED","ADMITTED","9","9","0","4","4.882922989522995","1.5","0.7462875490779619","0.8370070466491786","0.6465358545084627","0.6465358545084627","0.1157982362815884","0.29254799703263074","50","50","50","5","5","False","False","NOT_APPLICABLE","","0","0.0","0","3.506032943725586","50","50","50.0","","","moderate_shadow"
"cifar10","20","2","mixed_maturity","access_full","dirichlet_lcb","diverse_then_repeat_backdoor","0.5","1","2","5","5","0.5","20","9","1.5","5","honest-17","honest","incumbent","ADMITTED","ADMITTED","9","9","0","4","4.882922989522995","1.5","0.7462875490779619","0.8370070466491786","0.6465358545084627","0.6465358545084627","0.1157982362815884","0.29254799703263074","50","50","50","5","5","False","False","NOT_APPLICABLE","","0","0.0","0","2.9776759147644043","50","50","50.0","","","moderate_shadow"
"cifar10","20","2","mixed_maturity","access_full","dirichlet_lcb","diverse_then_repeat_backdoor","0.5","1","2","5","5","0.5","20","9","1.5","5","honest-18","honest","incumbent","ADMITTED","ADMITTED","9","9","0","3","4.5294892388817605","1.5","0.7401065581334588","0.8277664507491892","0.6288758803813109","0.6288758803813109","0.12091685363435191","0.27568090107538146","50","50","50","5","5","False","False","NOT_APPLICABLE","","0","0.0","0","32.66771674156189","50","50","50.0","","","moderate_shadow"
"cifar10","20","2","mixed_maturity","access_full","dirichlet_lcb","diverse_then_repeat_backdoor","0.5","1","2","5","5","0.5","20","9","1.5","5","honest-2","honest","incumbent","ADMITTED","ADMITTED","9","9","0","3","5.004489238881761","1.5","0.7503560216234088","0.8430201361031787","0.6581600617811678","0.6581600617811678","0.11238691964272261","0.3041175807403508","50","50","50","5","5","False","False","NOT_APPLICABLE","","0","0.0","0","62.44068121910095","50","50","50.0","","","moderate_shadow"
"cifar10","20","2","mixed_maturity","access_full","dirichlet_lcb","diverse_then_repeat_backdoor","0.5","1","2","5","5","0.5","20","9","1.5","5","honest-3","honest","incumbent","ADMITTED","ADMITTED","9","9","0","4","4.882922989522995","1.5","0.7462875490779619","0.8370070466491786","0.6465358545084627","0.6465358545084627","0.1157982362815884","0.29254799703263074","50","50","50","5","5","False","False","NOT_APPLICABLE","","0","0.0","0","32.27153968811035","50","50","50.0","","","moderate_shadow"
"cifar10","20","2","mixed_maturity","access_full","dirichlet_lcb","diverse_then_repeat_backdoor","0.5","1","2","5","5","0.5","20","9","1.5","5","honest-4","honest","incumbent","ADMITTED","ADMITTED","9","9","0","4","4.882922989522995","1.5","0.7462875490779619","0.8370070466491786","0.6465358545084627","0.6465358545084627","0.1157982362815884","0.29254799703263074","50","50","50","5","5","False","False","NOT_APPLICABLE","","0","0.0","0","2.430288076400757","50","50","50.0","","","moderate_shadow"
"cifar10","20","2","mixed_maturity","access_full","dirichlet_lcb","diverse_then_repeat_backdoor","0.5","1","2","5","5","0.5","20","9","1.5","5","honest-5","honest","incumbent","ADMITTED","ADMITTED","9","9","0","4","4.882922989522995","1.5","0.7462875490779619","0.8370070466491786","0.6465358545084627","0.6465358545084627","0.1157982362815884","0.29254799703263074","50","50","50","5","5","False","False","NOT_APPLICABLE","","0","0.0","0","32.97605013847351","50","50","50.0","","","moderate_shadow"
"cifar10","20","2","mixed_maturity","access_full","dirichlet_lcb","diverse_then_repeat_backdoor","0.5","1","2","5","5","0.5","20","9","1.5","5","honest-6","honest","incumbent","ADMITTED","ADMITTED","9","9","0","4","4.882922989522995","1.5","0.7462875490779619","0.8370070466491786","0.6465358545084627","0.6465358545084627","0.1157982362815884","0.29254799703263074","50","50","50","5","5","False","False","NOT_APPLICABLE","","0","0.0","0","2.3450748920440674","50","50","50.0","","","moderate_shadow"
"cifar10","20","2","mixed_maturity","access_full","dirichlet_lcb","diverse_then_repeat_backdoor","0.5","1","2","5","5","0.5","20","9","1.5","5","honest-7","honest","incumbent","ADMITTED","ADMITTED","9","9","0","4","4.882922989522995","1.5","0.7462875490779619","0.8370070466491786","0.6465358545084627","0.6465358545084627","0.1157982362815884","0.29254799703263074","50","50","50","5","5","False","False","NOT_APPLICABLE","","0","0.0","0","32.74729323387146","50","50","50.0","","","moderate_shadow"
"cifar10","20","2","mixed_maturity","access_full","dirichlet_lcb","diverse_then_repeat_backdoor","0.5","1","2","5","5","0.5","20","9","1.5","5","honest-8","honest","incumbent","ADMITTED","ADMITTED","9","9","0","4","4.882922989522995","1.5","0.7462875490779619","0.8370070466491786","0.6465358545084627","0.6465358545084627","0.1157982362815884","0.29254799703263074","50","50","50","5","5","False","False","NOT_APPLICABLE","","0","0.0","0","2.8328118324279785","50","50","50.0","","","moderate_shadow"
"cifar10","20","2","mixed_maturity","access_full","dirichlet_lcb","diverse_then_repeat_backdoor","0.5","1","2","5","5","0.5","20","9","1.5","5","honest-9","honest","incumbent","ADMITTED","ADMITTED","9","9","0","4","4.882922989522995","1.5","0.7462875490779619","0.8370070466491786","0.6465358545084627","0.6465358545084627","0.1157982362815884","0.29254799703263074","50","50","50","5","5","False","False","NOT_APPLICABLE","","0","0.0","0","2.58673357963562","50","50","50.0","","","moderate_shadow"
"cifar10","20","2","mixed_maturity","access_full","dirichlet_lcb","diverse_then_repeat_backdoor","0.5","2","2","5","5","0.5","20","9","1.5","5","attacker-1","diverse_then_repeat_backdoor","newcomer","LIMITED","ADMITTED","9","9","0","4","4.882922989522995","1.5","0.7462875490779619","0.8370070466491786","0.6465358545084627","0.6465358545084627","0.1157982362815884","0.29254799703263074","50","50","50","5","5","False","False","NOT_APPLICABLE","","0","0.0","0","3.1836390495300293","50","50","48.0","","","moderate_shadow"
"cifar10","20","2","mixed_maturity","access_full","dirichlet_lcb","diverse_then_repeat_backdoor","0.5","2","2","5","5","0.5","20","9","1.5","5","attacker-2","diverse_then_repeat_backdoor","newcomer","LIMITED","ADMITTED","9","9","0","4","4.882922989522995","1.5","0.7462875490779619","0.8370070466491786","0.6465358545084627","0.6465358545084627","0.1157982362815884","0.29254799703263074","50","50","50","5","5","False","False","NOT_APPLICABLE","","0","0.0","0","2.255030632019043","50","50","48.0","","","moderate_shadow"
"cifar10","20","2","mixed_maturity","access_full","dirichlet_lcb","diverse_then_repeat_backdoor","0.5","2","2","5","5","0.5","20","9","1.5","5","honest-1","honest","incumbent","ADMITTED","ADMITTED","9","9","0","4","4.882922989522995","1.5","0.7462875490779619","0.8370070466491786","0.6465358545084627","0.6465358545084627","0.1157982362815884","0.29254799703263074","50","50","50","5","5","False","False","NOT_APPLICABLE","","0","0.0","0","32.98657751083374","50","50","50.0","","","moderate_shadow"
"cifar10","20","2","mixed_maturity","access_full","dirichlet_lcb","diverse_then_repeat_backdoor","0.5","2","2","5","5","0.5","20","9","1.5","5","honest-10","honest","incumbent","ADMITTED","ADMITTED","11","11","0","3","5.419531626612037","1.5","0.7509212720692868","0.8438513019312254","0.6597750630551052","0.6597750630551052","0.11191038163637629","0.3057557302355997","50","50","50","5","5","False","False","NOT_APPLICABLE","","0","0.0","0","62.80331349372864","50","50","50.0","","","moderate_shadow"
"cifar10","20","2","mixed_maturity","access_full","dirichlet_lcb","diverse_then_repeat_backdoor","0.5","2","2","5","5","0.5","20","9","1.5","5","honest-11","honest","incumbent","ADMITTED","ADMITTED","9","9","0","4","4.882922989522995","1.5","0.7462875490779619","0.8370070466491786","0.6465358545084627","0.6465358545084627","0.1157982362815884","0.29254799703263074","50","50","50","5","5","False","False","NOT_APPLICABLE","","0","0.0","0","32.98313522338867","50","50","50.0","","","moderate_shadow"
"cifar10","20","2","mixed_maturity","access_full","dirichlet_lcb","diverse_then_repeat_backdoor","0.5","2","2","5","5","0.5","20","9","1.5","5","honest-12","honest","incumbent","ADMITTED","ADMITTED","9","9","0","4","4.882922989522995","1.5","0.7462875490779619","0.8370070466491786","0.6465358545084627","0.6465358545084627","0.1157982362815884","0.29254799703263074","50","50","50","5","5","False","False","NOT_APPLICABLE","","0","0.0","0","32.522470235824585","50","50","50.0","","","moderate_shadow"
"cifar10","20","2","mixed_maturity","access_full","dirichlet_lcb","diverse_then_repeat_backdoor","0.5","2","2","5","5","0.5","20","9","1.5","5","honest-13","honest","incumbent","ADMITTED","ADMITTED","9","9","0","4","4.882922989522995","1.5","0.7462875490779619","0.8370070466491786","0.6465358545084627","0.6465358545084627","0.1157982362815884","0.29254799703263074","50","50","50","5","5","False","False","NOT_APPLICABLE","","0","0.0","0","2.3438658714294434","50","50","50.0","","","moderate_shadow"
"cifar10","20","2","mixed_maturity","access_full","dirichlet_lcb","diverse_then_repeat_backdoor","0.5","2","2","5","5","0.5","20","9","1.5","5","honest-14","honest","incumbent","ADMITTED","ADMITTED","9","9","0","4","4.882922989522995","1.5","0.7462875490779619","0.8370070466491786","0.6465358545084627","0.6465358545084627","0.1157982362815884","0.29254799703263074","50","50","50","5","5","False","False","NOT_APPLICABLE","","0","0.0","0","3.4730095863342285","50","50","50.0","","","moderate_shadow"
"cifar10","20","2","mixed_maturity","access_full","dirichlet_lcb","diverse_then_repeat_backdoor","0.5","2","2","5","5","0.5","20","9","1.5","5","honest-15","honest","incumbent","ADMITTED","ADMITTED","9","9","0","4","4.882922989522995","1.5","0.7462875490779619","0.8370070466491786","0.6465358545084627","0.6465358545084627","0.1157982362815884","0.29254799703263074","50","50","50","5","5","False","False","NOT_APPLICABLE","","0","0.0","0","2.6691768169403076","50","50","50.0","","","moderate_shadow"
"cifar10","20","2","mixed_maturity","access_full","dirichlet_lcb","diverse_then_repeat_backdoor","0.5","2","2","5","5","0.5","20","9","1.5","5","honest-16","honest","incumbent","ADMITTED","ADMITTED","9","9","0","4","4.882922989522995","1.5","0.7462875490779619","0.8370070466491786","0.6465358545084627","0.6465358545084627","0.1157982362815884","0.29254799703263074","50","50","50","5","5","False","False","NOT_APPLICABLE","","0","0.0","0","32.53537178039551","50","50","50.0","","","moderate_shadow"
"cifar10","20","2","mixed_maturity","access_full","dirichlet_lcb","diverse_then_repeat_backdoor","0.5","2","2","5","5","0.5","20","9","1.5","5","honest-17","honest","incumbent","ADMITTED","ADMITTED","9","9","0","4","4.882922989522995","1.5","0.7462875490779619","0.8370070466491786","0.6465358545084627","0.6465358545084627","0.1157982362815884","0.29254799703263074","50","50","50","5","5","False","False","NOT_APPLICABLE","","0","0.0","0","3.267090082168579","50","50","50.0","","","moderate_shadow"
"cifar10","20","2","mixed_maturity","access_full","dirichlet_lcb","diverse_then_repeat_backdoor","0.5","2","2","5","5","0.5","20","9","1.5","5","honest-18","honest","incumbent","ADMITTED","ADMITTED","9","9","0","4","4.882922989522995","1.5","0.7462875490779619","0.8370070466491786","0.6465358545084627","0.6465358545084627","0.1157982362815884","0.29254799703263074","50","50","50","5","5","False","False","NOT_APPLICABLE","","0","0.0","0","3.1257474422454834","50","50","50.0","","","moderate_shadow"
"cifar10","20","2","mixed_maturity","access_full","dirichlet_lcb","diverse_then_repeat_backdoor","0.5","2","2","5","5","0.5","20","9","1.5","5","honest-2","honest","incumbent","ADMITTED","ADMITTED","9","9","0","4","4.882922989522995","1.5","0.7462875490779619","0.8370070466491786","0.6465358545084627","0.6465358545084627","0.1157982362815884","0.29254799703263074","50","50","50","5","5","False","False","NOT_APPLICABLE","","0","0.0","0","3.276556968688965","50","50","50.0","","","moderate_shadow"
"cifar10","20","2","mixed_maturity","access_full","dirichlet_lcb","diverse_then_repeat_backdoor","0.5","2","2","5","5","0.5","20","9","1.5","5","honest-3","honest","incumbent","ADMITTED","ADMITTED","9","9","0","4","4.882922989522995","1.5","0.7462875490779619","0.8370070466491786","0.6465358545084627","0.6465358545084627","0.1157982362815884","0.29254799703263074","50","50","50","5","5","False","False","NOT_APPLICABLE","","0","0.0","0","3.174806833267212","50","50","50.0","","","moderate_shadow"
"cifar10","20","2","mixed_maturity","access_full","dirichlet_lcb","diverse_then_repeat_backdoor","0.5","2","2","5","5","0.5","20","9","1.5","5","honest-4","honest","incumbent","ADMITTED","ADMITTED","9","9","0","4","4.882922989522995","1.5","0.7462875490779619","0.8370070466491786","0.6465358545084627","0.6465358545084627","0.1157982362815884","0.29254799703263074","50","50","50","5","5","False","False","NOT_APPLICABLE","","0","0.0","0","2.5630338191986084","50","50","50.0","","","moderate_shadow"
"cifar10","20","2","mixed_maturity","access_full","dirichlet_lcb","diverse_then_repeat_backdoor","0.5","2","2","5","5","0.5","20","9","1.5","5","honest-5","honest","incumbent","ADMITTED","ADMITTED","9","9","0","4","4.882922989522995","1.5","0.7462875490779619","0.8370070466491786","0.6465358545084627","0.6465358545084627","0.1157982362815884","0.29254799703263074","50","50","50","5","5","False","False","NOT_APPLICABLE","","0","0.0","0","33.041043519973755","50","50","50.0","","","moderate_shadow"
"cifar10","20","2","mixed_maturity","access_full","dirichlet_lcb","diverse_then_repeat_backdoor","0.5","2","2","5","5","0.5","20","9","1.5","5","honest-6","honest","incumbent","ADMITTED","ADMITTED","9","9","0","4","4.882922989522995","1.5","0.7462875490779619","0.8370070466491786","0.6465358545084627","0.6465358545084627","0.1157982362815884","0.29254799703263074","50","50","50","5","5","False","False","NOT_APPLICABLE","","0","0.0","0","2.4857065677642822","50","50","50.0","","","moderate_shadow"
"cifar10","20","2","mixed_maturity","access_full","dirichlet_lcb","diverse_then_repeat_backdoor","0.5","2","2","5","5","0.5","20","9","1.5","5","honest-7","honest","incumbent","ADMITTED","ADMITTED","9","9","0","4","4.882922989522995","1.5","0.7462875490779619","0.8370070466491786","0.6465358545084627","0.6465358545084627","0.1157982362815884","0.29254799703263074","50","50","50","5","5","False","False","NOT_APPLICABLE","","0","0.0","0","3.0951006412506104","50","50","50.0","","","moderate_shadow"
"cifar10","20","2","mixed_maturity","access_full","dirichlet_lcb","diverse_then_repeat_backdoor","0.5","2","2","5","5","0.5","20","9","1.5","5","honest-8","honest","incumbent","ADMITTED","ADMITTED","9","9","0","4","4.882922989522995","1.5","0.7462875490779619","0.8370070466491786","0.6465358545084627","0.6465358545084627","0.1157982362815884","0.29254799703263074","50","50","50","5","5","False","False","NOT_APPLICABLE","","0","0.0","0","2.7985167503356934","50","50","50.0","","","moderate_shadow"
"cifar10","20","2","mixed_maturity","access_full","dirichlet_lcb","diverse_then_repeat_backdoor","0.5","2","2","5","5","0.5","20","9","1.5","5","honest-9","honest","incumbent","ADMITTED","ADMITTED","9","9","0","3","4.76698923888176","1.5","0.7437820368902304","0.8332768051183246","0.6393772482578011","0.6393772482578011","0.11788253356256753","0.28561047849957855","50","50","50","5","5","False","False","NOT_APPLICABLE","","0","0.0","0","32.248780727386475","50","50","50.0","","","moderate_shadow"
"cifar10","20","2","mixed_maturity","access_full","dirichlet_lcb","diverse_then_repeat_backdoor","0.5","3","2","5","5","0.5","20","9","1.5","5","attacker-1","diverse_then_repeat_backdoor","newcomer","LIMITED","ADMITTED","9","9","0","4","4.882922989522995","1.5","0.7462875490779619","0.8370070466491786","0.6465358545084627","0.6465358545084627","0.1157982362815884","0.29254799703263074","50","50","50","5","5","False","False","NOT_APPLICABLE","","0","0.0","0","2.6357927322387695","50","50","48.0","","","moderate_shadow"
"cifar10","20","2","mixed_maturity","access_full","dirichlet_lcb","diverse_then_repeat_backdoor","0.5","3","2","5","5","0.5","20","9","1.5","5","attacker-2","diverse_then_repeat_backdoor","newcomer","LIMITED","ADMITTED","9","9","0","4","4.882922989522995","1.5","0.7462875490779619","0.8370070466491786","0.6465358545084627","0.6465358545084627","0.1157982362815884","0.29254799703263074","50","50","50","5","5","False","False","NOT_APPLICABLE","","0","0.0","0","2.4469854831695557","50","50","48.0","","","moderate_shadow"
"cifar10","20","2","mixed_maturity","access_full","dirichlet_lcb","diverse_then_repeat_backdoor","0.5","3","2","5","5","0.5","20","9","1.5","5","honest-1","honest","incumbent","ADMITTED","ADMITTED","9","9","0","4","4.882922989522995","1.5","0.7462875490779619","0.8370070466491786","0.6465358545084627","0.6465358545084627","0.1157982362815884","0.29254799703263074","50","50","50","5","5","False","False","NOT_APPLICABLE","","0","0.0","0","3.5286078453063965","50","50","50.0","","","moderate_shadow"
"cifar10","20","2","mixed_maturity","access_full","dirichlet_lcb","diverse_then_repeat_backdoor","0.5","3","2","5","5","0.5","20","9","1.5","5","honest-10","honest","incumbent","ADMITTED","ADMITTED","9","9","0","4","4.882922989522995","1.5","0.7462875490779619","0.8370070466491786","0.6465358545084627","0.6465358545084627","0.1157982362815884","0.29254799703263074","50","50","50","5","5","False","False","NOT_APPLICABLE","","0","0.0","0","3.7245523929595947","50","50","50.0","","","moderate_shadow"
"cifar10","20","2","mixed_maturity","access_full","dirichlet_lcb","diverse_then_repeat_backdoor","0.5","3","2","5","5","0.5","20","9","1.5","5","honest-11","honest","incumbent","ADMITTED","ADMITTED","9","9","0","4","4.882922989522995","1.5","0.7462875490779619","0.8370070466491786","0.6465358545084627","0.6465358545084627","0.1157982362815884","0.29254799703263074","50","50","50","5","5","False","False","NOT_APPLICABLE","","0","0.0","0","3.8673977851867676","50","50","50.0","","","moderate_shadow"
"cifar10","20","2","mixed_maturity","access_full","dirichlet_lcb","diverse_then_repeat_backdoor","0.5","3","2","5","5","0.5","20","9","1.5","5","honest-12","honest","incumbent","ADMITTED","ADMITTED","9","9","0","4","4.882922989522995","1.5","0.7462875490779619","0.8370070466491786","0.6465358545084627","0.6465358545084627","0.1157982362815884","0.29254799703263074","50","50","50","5","5","False","False","NOT_APPLICABLE","","0","0.0","0","3.5793704986572266","50","50","50.0","","","moderate_shadow"
"cifar10","20","2","mixed_maturity","access_full","dirichlet_lcb","diverse_then_repeat_backdoor","0.5","3","2","5","5","0.5","20","9","1.5","5","honest-13","honest","incumbent","ADMITTED","ADMITTED","9","9","0","4","4.882922989522995","1.5","0.7462875490779619","0.8370070466491786","0.6465358545084627","0.6465358545084627","0.1157982362815884","0.29254799703263074","50","50","50","5","5","False","False","NOT_APPLICABLE","","0","0.0","0","2.3041980266571045","50","50","50.0","","","moderate_shadow"
"cifar10","20","2","mixed_maturity","access_full","dirichlet_lcb","diverse_then_repeat_backdoor","0.5","3","2","5","5","0.5","20","9","1.5","5","honest-14","honest","incumbent","ADMITTED","ADMITTED","9","9","0","4","4.882922989522995","1.5","0.7462875490779619","0.8370070466491786","0.6465358545084627","0.6465358545084627","0.1157982362815884","0.29254799703263074","50","50","50","5","5","False","False","NOT_APPLICABLE","","0","0.0","0","3.8225605487823486","50","50","50.0","","","moderate_shadow"
"cifar10","20","2","mixed_maturity","access_full","dirichlet_lcb","diverse_then_repeat_backdoor","0.5","3","2","5","5","0.5","20","9","1.5","5","honest-15","honest","incumbent","ADMITTED","ADMITTED","9","9","0","4","4.882922989522995","1.5","0.7462875490779619","0.8370070466491786","0.6465358545084627","0.6465358545084627","0.1157982362815884","0.29254799703263074","50","50","50","5","5","False","False","NOT_APPLICABLE","","0","0.0","0","32.457412004470825","50","50","50.0","","","moderate_shadow"
"cifar10","20","2","mixed_maturity","access_full","dirichlet_lcb","diverse_then_repeat_backdoor","0.5","3","2","5","5","0.5","20","9","1.5","5","honest-16","honest","incumbent","ADMITTED","ADMITTED","9","9","0","3","5.004489238881761","1.5","0.7503560216234088","0.8430201361031787","0.6581600617811678","0.6581600617811678","0.11238691964272261","0.3041175807403508","50","50","50","5","5","False","False","NOT_APPLICABLE","","0","0.0","0","32.35276746749878","50","50","50.0","","","moderate_shadow"
"cifar10","20","2","mixed_maturity","access_full","dirichlet_lcb","diverse_then_repeat_backdoor","0.5","3","2","5","5","0.5","20","9","1.5","5","honest-17","honest","incumbent","ADMITTED","ADMITTED","12","12","0","3","5.3499694871438415","1.5","0.7478143545076069","0.8392699711010733","0.6508981557360198","0.6508981557360198","0.11452190611753592","0.2968448682209436","50","50","50","5","5","False","False","NOT_APPLICABLE","","0","0.0","0","63.3340003490448","50","50","50.0","","","moderate_shadow"
"cifar10","20","2","mixed_maturity","access_full","dirichlet_lcb","diverse_then_repeat_backdoor","0.5","3","2","5","5","0.5","20","9","1.5","5","honest-18","honest","incumbent","ADMITTED","ADMITTED","9","9","0","4","4.882922989522995","1.5","0.7462875490779619","0.8370070466491786","0.6465358545084627","0.6465358545084627","0.1157982362815884","0.29254799703263074","50","50","50","5","5","False","False","NOT_APPLICABLE","","0","0.0","0","2.5129361152648926","50","50","50.0","","","moderate_shadow"
"cifar10","20","2","mixed_maturity","access_full","dirichlet_lcb","diverse_then_repeat_backdoor","0.5","3","2","5","5","0.5","20","9","1.5","5","honest-2","honest","incumbent","ADMITTED","ADMITTED","9","9","0","4","4.882922989522995","1.5","0.7462875490779619","0.8370070466491786","0.6465358545084627","0.6465358545084627","0.1157982362815884","0.29254799703263074","50","50","50","5","5","False","False","NOT_APPLICABLE","","0","0.0","0","3.1175079345703125","50","50","50.0","","","moderate_shadow"
"cifar10","20","2","mixed_maturity","access_full","dirichlet_lcb","diverse_then_repeat_backdoor","0.5","3","2","5","5","0.5","20","9","1.5","5","honest-3","honest","incumbent","ADMITTED","ADMITTED","9","9","0","4","4.882922989522995","1.5","0.7462875490779619","0.8370070466491786","0.6465358545084627","0.6465358545084627","0.1157982362815884","0.29254799703263074","50","50","50","5","5","False","False","NOT_APPLICABLE","","0","0.0","0","3.2177860736846924","50","50","50.0","","","moderate_shadow"
"cifar10","20","2","mixed_maturity","access_full","dirichlet_lcb","diverse_then_repeat_backdoor","0.5","3","2","5","5","0.5","20","9","1.5","5","honest-4","honest","incumbent","ADMITTED","ADMITTED","9","9","0","4","4.882922989522995","1.5","0.7462875490779619","0.8370070466491786","0.6465358545084627","0.6465358545084627","0.1157982362815884","0.29254799703263074","50","50","50","5","5","False","False","NOT_APPLICABLE","","0","0.0","0","33.95746564865112","50","50","50.0","","","moderate_shadow"
"cifar10","20","2","mixed_maturity","access_full","dirichlet_lcb","diverse_then_repeat_backdoor","0.5","3","2","5","5","0.5","20","9","1.5","5","honest-5","honest","incumbent","ADMITTED","ADMITTED","9","9","0","4","4.882922989522995","1.5","0.7462875490779619","0.8370070466491786","0.6465358545084627","0.6465358545084627","0.1157982362815884","0.29254799703263074","50","50","50","5","5","False","False","NOT_APPLICABLE","","0","0.0","0","33.844216108322144","50","50","50.0","","","moderate_shadow"
"cifar10","20","2","mixed_maturity","access_full","dirichlet_lcb","diverse_then_repeat_backdoor","0.5","3","2","5","5","0.5","20","9","1.5","5","honest-6","honest","incumbent","ADMITTED","ADMITTED","9","9","0","4","4.882922989522995","1.5","0.7462875490779619","0.8370070466491786","0.6465358545084627","0.6465358545084627","0.1157982362815884","0.29254799703263074","50","50","50","5","5","False","False","NOT_APPLICABLE","","0","0.0","0","33.68668055534363","50","50","50.0","","","moderate_shadow"
"cifar10","20","2","mixed_maturity","access_full","dirichlet_lcb","diverse_then_repeat_backdoor","0.5","3","2","5","5","0.5","20","9","1.5","5","honest-7","honest","incumbent","ADMITTED","ADMITTED","9","9","0","4","4.882922989522995","1.5","0.7462875490779619","0.8370070466491786","0.6465358545084627","0.6465358545084627","0.1157982362815884","0.29254799703263074","50","50","50","5","5","False","False","NOT_APPLICABLE","","0","0.0","0","2.8053526878356934","50","50","50.0","","","moderate_shadow"
"cifar10","20","2","mixed_maturity","access_full","dirichlet_lcb","diverse_then_repeat_backdoor","0.5","3","2","5","5","0.5","20","9","1.5","5","honest-8","honest","incumbent","ADMITTED","ADMITTED","9","9","0","4","4.882922989522995","1.5","0.7462875490779619","0.8370070466491786","0.6465358545084627","0.6465358545084627","0.1157982362815884","0.29254799703263074","50","50","50","5","5","False","False","NOT_APPLICABLE","","0","0.0","0","3.2604455947875977","50","50","50.0","","","moderate_shadow"
"cifar10","20","2","mixed_maturity","access_full","dirichlet_lcb","diverse_then_repeat_backdoor","0.5","3","2","5","5","0.5","20","9","1.5","5","honest-9","honest","incumbent","ADMITTED","ADMITTED","9","9","0","4","4.882922989522995","1.5","0.7462875490779619","0.8370070466491786","0.6465358545084627","0.6465358545084627","0.1157982362815884","0.29254799703263074","50","50","50","5","5","False","False","NOT_APPLICABLE","","0","0.0","0","3.8330605030059814","50","50","50.0","","","moderate_shadow"
"cifar10","20","2","mixed_maturity","access_full","dirichlet_lcb","diverse_then_repeat_backdoor","0.5","4","2","5","5","0.5","20","9","1.5","5","attacker-1","diverse_then_repeat_backdoor","newcomer","LIMITED","ADMITTED","9","9","0","4","4.882922989522995","1.5","0.7462875490779619","0.8370070466491786","0.6465358545084627","0.6465358545084627","0.1157982362815884","0.29254799703263074","50","50","50","5","5","False","False","NOT_APPLICABLE","","0","0.0","0","3.4160001277923584","50","50","48.0","","","moderate_shadow"
"cifar10","20","2","mixed_maturity","access_full","dirichlet_lcb","diverse_then_repeat_backdoor","0.5","4","2","5","5","0.5","20","9","1.5","5","attacker-2","diverse_then_repeat_backdoor","newcomer","LIMITED","ADMITTED","9","9","0","4","4.882922989522995","1.5","0.7462875490779619","0.8370070466491786","0.6465358545084627","0.6465358545084627","0.1157982362815884","0.29254799703263074","50","50","50","5","5","False","False","NOT_APPLICABLE","","0","0.0","0","3.4052624702453613","50","50","48.0","","","moderate_shadow"
"cifar10","20","2","mixed_maturity","access_full","dirichlet_lcb","diverse_then_repeat_backdoor","0.5","4","2","5","5","0.5","20","9","1.5","5","honest-1","honest","incumbent","ADMITTED","ADMITTED","9","9","0","4","4.882922989522995","1.5","0.7462875490779619","0.8370070466491786","0.6465358545084627","0.6465358545084627","0.1157982362815884","0.29254799703263074","50","50","50","5","5","False","False","NOT_APPLICABLE","","0","0.0","0","3.4820563793182373","50","50","50.0","","","moderate_shadow"
"cifar10","20","2","mixed_maturity","access_full","dirichlet_lcb","diverse_then_repeat_backdoor","0.5","4","2","5","5","0.5","20","9","1.5","5","honest-10","honest","incumbent","ADMITTED","ADMITTED","9","9","0","4","4.882922989522995","1.5","0.7462875490779619","0.8370070466491786","0.6465358545084627","0.6465358545084627","0.1157982362815884","0.29254799703263074","50","50","50","5","5","False","False","NOT_APPLICABLE","","0","0.0","0","63.06367111206055","50","50","50.0","","","moderate_shadow"
"cifar10","20","2","mixed_maturity","access_full","dirichlet_lcb","diverse_then_repeat_backdoor","0.5","4","2","5","5","0.5","20","9","1.5","5","honest-11","honest","incumbent","ADMITTED","ADMITTED","9","9","0","4","4.882922989522995","1.5","0.7462875490779619","0.8370070466491786","0.6465358545084627","0.6465358545084627","0.1157982362815884","0.29254799703263074","50","50","50","5","5","False","False","NOT_APPLICABLE","","0","0.0","0","2.8459436893463135","50","50","50.0","","","moderate_shadow"
"cifar10","20","2","mixed_maturity","access_full","dirichlet_lcb","diverse_then_repeat_backdoor","0.5","4","2","5","5","0.5","20","9","1.5","5","honest-12","honest","incumbent","ADMITTED","ADMITTED","9","9","0","4","4.882922989522995","1.5","0.7462875490779619","0.8370070466491786","0.6465358545084627","0.6465358545084627","0.1157982362815884","0.29254799703263074","50","50","50","5","5","False","False","NOT_APPLICABLE","","0","0.0","0","3.5323030948638916","50","50","50.0","","","moderate_shadow"
"cifar10","20","2","mixed_maturity","access_full","dirichlet_lcb","diverse_then_repeat_backdoor","0.5","4","2","5","5","0.5","20","9","1.5","5","honest-13","honest","incumbent","ADMITTED","ADMITTED","9","9","0","4","4.882922989522995","1.5","0.7462875490779619","0.8370070466491786","0.6465358545084627","0.6465358545084627","0.1157982362815884","0.29254799703263074","50","50","50","5","5","False","False","NOT_APPLICABLE","","0","0.0","0","3.054971218109131","50","50","50.0","","","moderate_shadow"
"cifar10","20","2","mixed_maturity","access_full","dirichlet_lcb","diverse_then_repeat_backdoor","0.5","4","2","5","5","0.5","20","9","1.5","5","honest-14","honest","incumbent","ADMITTED","ADMITTED","9","9","0","4","4.882922989522995","1.5","0.7462875490779619","0.8370070466491786","0.6465358545084627","0.6465358545084627","0.1157982362815884","0.29254799703263074","50","50","50","5","5","False","False","NOT_APPLICABLE","","0","0.0","0","2.683224678039551","50","50","50.0","","","moderate_shadow"
"cifar10","20","2","mixed_maturity","access_full","dirichlet_lcb","diverse_then_repeat_backdoor","0.5","4","2","5","5","0.5","20","9","1.5","5","honest-15","honest","incumbent","ADMITTED","ADMITTED","9","9","0","4","4.882922989522995","1.5","0.7462875490779619","0.8370070466491786","0.6465358545084627","0.6465358545084627","0.1157982362815884","0.29254799703263074","50","50","50","5","5","False","False","NOT_APPLICABLE","","0","0.0","0","3.0798521041870117","50","50","50.0","","","moderate_shadow"
"cifar10","20","2","mixed_maturity","access_full","dirichlet_lcb","diverse_then_repeat_backdoor","0.5","4","2","5","5","0.5","20","9","1.5","5","honest-16","honest","incumbent","ADMITTED","ADMITTED","9","9","0","4","4.882922989522995","1.5","0.7462875490779619","0.8370070466491786","0.6465358545084627","0.6465358545084627","0.1157982362815884","0.29254799703263074","50","50","50","5","5","False","False","NOT_APPLICABLE","","0","0.0","0","2.877448081970215","50","50","50.0","","","moderate_shadow"
"cifar10","20","2","mixed_maturity","access_full","dirichlet_lcb","diverse_then_repeat_backdoor","0.5","4","2","5","5","0.5","20","9","1.5","5","honest-17","honest","incumbent","ADMITTED","ADMITTED","9","9","0","4","4.882922989522995","1.5","0.7462875490779619","0.8370070466491786","0.6465358545084627","0.6465358545084627","0.1157982362815884","0.29254799703263074","50","50","50","5","5","False","False","NOT_APPLICABLE","","0","0.0","0","3.797205924987793","50","50","50.0","","","moderate_shadow"
"cifar10","20","2","mixed_maturity","access_full","dirichlet_lcb","diverse_then_repeat_backdoor","0.5","4","2","5","5","0.5","20","9","1.5","5","honest-18","honest","incumbent","ADMITTED","ADMITTED","9","9","0","4","4.882922989522995","1.5","0.7462875490779619","0.8370070466491786","0.6465358545084627","0.6465358545084627","0.1157982362815884","0.29254799703263074","50","50","50","5","5","False","False","NOT_APPLICABLE","","0","0.0","0","3.535600185394287","50","50","50.0","","","moderate_shadow"
"cifar10","20","2","mixed_maturity","access_full","dirichlet_lcb","diverse_then_repeat_backdoor","0.5","4","2","5","5","0.5","20","9","1.5","5","honest-2","honest","incumbent","ADMITTED","ADMITTED","9","9","0","4","4.882922989522995","1.5","0.7262875490779619","0.8370070466491786","0.6465358545084627","0.6465358545084627","0.1157982362815884","0.29254799703263074","50","50","50","5","5","False","False","NOT_APPLICABLE","","0","0.0","0","33.08158278465271","50","50","50.0","","","moderate_shadow"
"cifar10","20","2","mixed_maturity","access_full","dirichlet_lcb","diverse_then_repeat_backdoor","0.5","4","2","5","5","0.5","20","9","1.5","5","honest-3","honest","incumbent","ADMITTED","ADMITTED","9","9","0","3","5.004489238881761","1.5","0.7503560216234088","0.8430201361031787","0.6581600617811678","0.6581600617811678","0.11238691964272261","0.3041175807403508","50","50","50","5","5","False","False","NOT_APPLICABLE","","0","0.0","0","32.18756175041199","50","50","50.0","","","moderate_shadow"
"cifar10","20","2","mixed_maturity","access_full","dirichlet_lcb","diverse_then_repeat_backdoor","0.5","4","2","5","5","0.5","20","9","1.5","5","honest-4","honest","incumbent","ADMITTED","ADMITTED","9","9","0","4","4.882922989522995","1.5","0.7462875490779619","0.8370070466491786","0.6465358545084627","0.6465358545084627","0.1157982362815884","0.29254799703263074","50","50","50","5","5","False","False","NOT_APPLICABLE","","0","0.0","0","32.58688306808472","50","50","50.0","","","moderate_shadow"
"cifar10","20","2","mixed_maturity","access_full","dirichlet_lcb","diverse_then_repeat_backdoor","0.5","4","2","5","5","0.5","20","9","1.5","5","honest-5","honest","incumbent","ADMITTED","ADMITTED","9","9","0","4","4.882922989522995","1.5","0.7462875490779619","0.8370070466491786","0.6465358545084627","0.6465358545084627","0.1157982362815884","0.29254799703263074","50","50","50","5","5","False","False","NOT_APPLICABLE","","0","0.0","0","3.5056726932525635","50","50","50.0","","","moderate_shadow"
"cifar10","20","2","mixed_maturity","access_full","dirichlet_lcb","diverse_then_repeat_backdoor","0.5","4","2","5","5","0.5","20","9","1.5","5","honest-6","honest","incumbent","ADMITTED","ADMITTED","9","9","0","4","4.882922989522995","1.5","0.7462875490779619","0.8370070466491786","0.6465358545084627","0.6465358545084627","0.1157982362815884","0.29254799703263074","50","50","50","5","5","False","False","NOT_APPLICABLE","","0","0.0","0","2.5773751735687256","50","50","50.0","","","moderate_shadow"
"cifar10","20","2","mixed_maturity","access_full","dirichlet_lcb","diverse_then_repeat_backdoor","0.5","4","2","5","5","0.5","20","9","1.5","5","honest-7","honest","incumbent","ADMITTED","ADMITTED","9","9","0","4","4.882922989522995","1.5","0.7462875490779619","0.8370070466491786","0.6465358545084627","0.6465358545084627","0.1157982362815884","0.29254799703263074","50","50","50","5","5","False","False","NOT_APPLICABLE","","0","0.0","0","2.7459380626678467","50","50","50.0","","","moderate_shadow"
"cifar10","20","2","mixed_maturity","access_full","dirichlet_lcb","diverse_then_repeat_backdoor","0.5","4","2","5","5","0.5","20","9","1.5","5","honest-8","honest","incumbent","ADMITTED","ADMITTED","9","9","0","4","4.882922989522995","1.5","0.7462875490779619","0.8370070466491786","0.6465358545084627","0.6465358545084627","0.1157982362815884","0.29254799703263074","50","50","50","5","5","False","False","NOT_APPLICABLE","","0","0.0","0","2.768496036529541","50","50","50.0","","","moderate_shadow"
"cifar10","20","2","mixed_maturity","access_full","dirichlet_lcb","diverse_then_repeat_backdoor","0.5","4","2","5","5","0.5","20","9","1.5","5","honest-9","honest","incumbent","ADMITTED","ADMITTED","9","9","0","4","4.882922989522995","1.5","0.7462875490779619","0.8370070466491786","0.6465358545084627","0.6465358545084627","0.1157982362815884","0.29254799703263074","50","50","50","5","5","False","False","NOT_APPLICABLE","","0","0.0","0","3.0175998210906982","50","50","50.0","","","moderate_shadow"
"cifar10","20","2","mixed_maturity","access_full","dirichlet_lcb","benign_concept_drift","0.5","0","2","5","5","0.5","20","9","1.5","5","attacker-1","benign_concept_drift","newcomer","LIMITED","ADMITTED","9","9","0","4","4.882922989522995","1.5","0.7462875490779619","0.8370070466491786","0.6465358545084627","0.6465358545084627","0.1157982362815884","0.29254799703263074","50","50","50","5","5","False","False","NOT_APPLICABLE","","0","0.0","0","3.40968656539917","50","50","48.0","","","moderate_shadow"
"cifar10","20","2","mixed_maturity","access_full","dirichlet_lcb","benign_concept_drift","0.5","0","2","5","5","0.5","20","9","1.5","5","attacker-2","benign_concept_drift","newcomer","LIMITED","ADMITTED","9","9","0","4","4.882922989522995","1.5","0.7462875490779619","0.8370070466491786","0.6465358545084627","0.6465358545084627","0.1157982362815884","0.29254799703263074","50","50","50","5","5","False","False","NOT_APPLICABLE","","0","0.0","0","3.1610970497131348","50","50","48.0","","","moderate_shadow"
"cifar10","20","2","mixed_maturity","access_full","dirichlet_lcb","benign_concept_drift","0.5","0","2","5","5","0.5","20","9","1.5","5","honest-1","honest","incumbent","ADMITTED","ADMITTED","9","9","0","4","4.882922989522995","1.5","0.7462875490779619","0.8370070466491786","0.6465358545084627","0.6465358545084627","0.1157982362815884","0.29254799703263074","50","50","50","5","5","False","False","NOT_APPLICABLE","","0","0.0","0","33.403544902801514","50","50","50.0","","","moderate_shadow"
"cifar10","20","2","mixed_maturity","access_full","dirichlet_lcb","benign_concept_drift","0.5","0","2","5","5","0.5","20","9","1.5","5","honest-10","honest","incumbent","ADMITTED","ADMITTED","9","9","0","4","4.882922989522995","1.5","0.7462875490779619","0.8370070466491786","0.6465358545084627","0.6465358545084627","0.1157982362815884","0.29254799703263074","50","50","50","5","5","False","False","NOT_APPLICABLE","","0","0.0","0","3.204745054244995","50","50","50.0","","","moderate_shadow"
"cifar10","20","2","mixed_maturity","access_full","dirichlet_lcb","benign_concept_drift","0.5","0","2","5","5","0.5","20","9","1.5","5","honest-11","honest","incumbent","ADMITTED","ADMITTED","9","9","0","4","4.882922989522995","1.5","0.7462875490779619","0.8370070466491786","0.6465358545084627","0.6465358545084627","0.1157982362815884","0.29254799703263074","50","50","50","5","5","False","False","NOT_APPLICABLE","","0","0.0","0","3.041959762573242","50","50","50.0","","","moderate_shadow"
"cifar10","20","2","mixed_maturity","access_full","dirichlet_lcb","benign_concept_drift","0.5","0","2","5","5","0.5","20","9","1.5","5","honest-12","honest","incumbent","ADMITTED","ADMITTED","9","9","0","4","4.882922989522995","1.5","0.7462875490779619","0.8370070466491786","0.6465358545084627","0.6465358545084627","0.1157982362815884","0.29254799703263074","50","50","50","5","5","False","False","NOT_APPLICABLE","","0","0.0","0","3.1730637550354004","50","50","50.0","","","moderate_shadow"
"cifar10","20","2","mixed_maturity","access_full","dirichlet_lcb","benign_concept_drift","0.5","0","2","5","5","0.5","20","9","1.5","5","honest-13","honest","incumbent","ADMITTED","ADMITTED","9","9","0","4","4.882922989522995","1.5","0.7462875490779619","0.8370070466491786","0.6465358545084627","0.6465358545084627","0.1157982362815884","0.29254799703263074","50","50","50","5","5","False","False","NOT_APPLICABLE","","0","0.0","0","3.3230960369110107","50","50","50.0","","","moderate_shadow"
"cifar10","20","2","mixed_maturity","access_full","dirichlet_lcb","benign_concept_drift","0.5","0","2","5","5","0.5","20","9","1.5","5","honest-14","honest","incumbent","ADMITTED","ADMITTED","9","9","0","4","4.882922989522995","1.5","0.7462875490779619","0.8370070466491786","0.6465358545084627","0.6465358545084627","0.1157982362815884","0.29254799703263074","50","50","50","5","5","False","False","NOT_APPLICABLE","","0","0.0","0","2.779550790786743","50","50","50.0","","","moderate_shadow"
"cifar10","20","2","mixed_maturity","access_full","dirichlet_lcb","benign_concept_drift","0.5","0","2","5","5","0.5","20","9","1.5","5","honest-15","honest","incumbent","ADMITTED","ADMITTED","9","9","0","4","4.882922989522995","1.5","0.7462875490779619","0.8370070466491786","0.6465358545084627","0.6465358545084627","0.1157982362815884","0.29254799703263074","50","50","50","5","5","False","False","NOT_APPLICABLE","","0","0.0","0","2.682377338409424","50","50","50.0","","","moderate_shadow"
"cifar10","20","2","mixed_maturity","access_full","dirichlet_lcb","benign_concept_drift","0.5","0","2","5","5","0.5","20","9","1.5","5","honest-16","honest","incumbent","ADMITTED","ADMITTED","9","9","0","4","4.882922989522995","1.5","0.7462875490779619","0.8370070466491786","0.6465358545084627","0.6465358545084627","0.1157982362815884","0.29254799703263074","50","50","50","5","5","False","False","NOT_APPLICABLE","","0","0.0","0","3.2171366214752197","50","50","50.0","","","moderate_shadow"
"cifar10","20","2","mixed_maturity","access_full","dirichlet_lcb","benign_concept_drift","0.5","0","2","5","5","0.5","20","9","1.5","5","honest-17","honest","incumbent","ADMITTED","ADMITTED","9","9","0","4","4.882922989522995","1.5","0.7462875490779619","0.8370070466491786","0.6465358545084627","0.6465358545084627","0.1157982362815884","0.29254799703263074","50","50","50","5","5","False","False","NOT_APPLICABLE","","0","0.0","0","2.6682074069976807","50","50","50.0","","","moderate_shadow"
"cifar10","20","2","mixed_maturity","access_full","dirichlet_lcb","benign_concept_drift","0.5","0","2","5","5","0.5","20","9","1.5","5","honest-18","honest","incumbent","ADMITTED","ADMITTED","9","9","0","4","4.882922989522995","1.5","0.7462875490779619","0.8370070466491786","0.6465358545084627","0.6465358545084627","0.1157982362815884","0.29254799703263074","50","50","50","5","5","False","False","NOT_APPLICABLE","","0","0.0","0","3.556872844696045","50","50","50.0","","","moderate_shadow"
"cifar10","20","2","mixed_maturity","access_full","dirichlet_lcb","benign_concept_drift","0.5","0","2","5","5","0.5","20","9","1.5","5","honest-2","honest","incumbent","ADMITTED","ADMITTED","9","9","0","4","4.882922989522995","1.5","0.7462875490779619","0.8370070466491786","0.6465358545084627","0.6465358545084627","0.1157982362815884","0.29254799703263074","50","50","50","5","5","False","False","NOT_APPLICABLE","","0","0.0","0","3.220635175704956","50","50","50.0","","","moderate_shadow"
"cifar10","20","2","mixed_maturity","access_full","dirichlet_lcb","benign_concept_drift","0.5","0","2","5","5","0.5","20","9","1.5","5","honest-3","honest","incumbent","ADMITTED","ADMITTED","9","9","0","4","4.882922989522995","1.5","0.7462875490779619","0.8370070466491786","0.6465358545084627","0.6465358545084627","0.1157982362815884","0.29254799703263074","50","50","50","5","5","False","False","NOT_APPLICABLE","","0","0.0","0","3.481464147567749","50","50","50.0","","","moderate_shadow"
"cifar10","20","2","mixed_maturity","access_full","dirichlet_lcb","benign_concept_drift","0.5","0","2","5","5","0.5","20","9","1.5","5","honest-4","honest","incumbent","ADMITTED","ADMITTED","9","9","0","4","4.882922989522995","1.5","0.7462875490779619","0.8370070466491786","0.6465358545084627","0.6465358545084627","0.1157982362815884","0.29254799703263074","50","50","50","5","5","False","False","NOT_APPLICABLE","","0","0.0","0","2.818345308303833","50","50","50.0","","","moderate_shadow"
"cifar10","20","2","mixed_maturity","access_full","dirichlet_lcb","benign_concept_drift","0.5","0","2","5","5","0.5","20","9","1.5","5","honest-5","honest","incumbent","ADMITTED","ADMITTED","9","9","0","4","4.882922989522995","1.5","0.7462875490779619","0.8370070466491786","0.6465358545084627","0.6465358545084627","0.1157982362815884","0.29254799703263074","50","50","50","5","5","False","False","NOT_APPLICABLE","","0","0.0","0","3.3836286067962646","50","50","50.0","","","moderate_shadow"
"cifar10","20","2","mixed_maturity","access_full","dirichlet_lcb","benign_concept_drift","0.5","0","2","5","5","0.5","20","9","1.5","5","honest-6","honest","incumbent","ADMITTED","ADMITTED","9","9","0","4","4.882922989522995","1.5","0.7462875490779619","0.8370070466491786","0.6465358545084627","0.6465358545084627","0.1157982362815884","0.29254799703263074","50","50","50","5","5","False","False","NOT_APPLICABLE","","0","0.0","0","2.8167495727539062","50","50","50.0","","","moderate_shadow"
"cifar10","20","2","mixed_maturity","access_full","dirichlet_lcb","benign_concept_drift","0.5","0","2","5","5","0.5","20","9","1.5","5","honest-7","honest","incumbent","ADMITTED","ADMITTED","9","9","0","4","4.882922989522995","1.5","0.7462875490779619","0.8370070466491786","0.6465358545084627","0.6465358545084627","0.1157982362815884","0.29254799703263074","50","50","50","5","5","False","False","NOT_APPLICABLE","","0","0.0","0","93.10048580169678","50","50","50.0","","","moderate_shadow"
"cifar10","20","2","mixed_maturity","access_full","dirichlet_lcb","benign_concept_drift","0.5","0","2","5","5","0.5","20","9","1.5","5","honest-8","honest","incumbent","ADMITTED","ADMITTED","9","9","0","4","4.882922989522995","1.5","0.7462875490779619","0.8370070466491786","0.6465358545084627","0.6465358545084627","0.1157982362815884","0.29254799703263074","50","50","50","5","5","False","False","NOT_APPLICABLE","","0","0.0","0","3.6047966480255127","50","50","50.0","","","moderate_shadow"
"cifar10","20","2","mixed_maturity","access_full","dirichlet_lcb","benign_concept_drift","0.5","0","2","5","5","0.5","20","9","1.5","5","honest-9","honest","incumbent","ADMITTED","ADMITTED","9","9","0","4","4.882922989522995","1.5","0.7462875490779619","0.8370070466491786","0.6465358545084627","0.6465358545084627","0.1157982362815884","0.29254799703263074","50","50","50","5","5","False","False","NOT_APPLICABLE","","0","0.0","0","3.8772354125976562","50","50","50.0","","","moderate_shadow"
"cifar10","20","2","mixed_maturity","access_full","dirichlet_lcb","benign_concept_drift","0.5","1","2","5","5","0.5","20","9","1.5","5","attacker-1","benign_concept_drift","newcomer","LIMITED","ADMITTED","9","9","0","4","4.882922989522995","1.5","0.7462875490779619","0.8370070466491786","0.6465358545084627","0.6465358545084627","0.1157982362815884","0.29254799703263074","50","50","50","5","5","False","False","NOT_APPLICABLE","","0","0.0","0","2.890178680419922","50","50","48.0","","","moderate_shadow"
"cifar10","20","2","mixed_maturity","access_full","dirichlet_lcb","benign_concept_drift","0.5","1","2","5","5","0.5","20","9","1.5","5","attacker-2","benign_concept_drift","newcomer","LIMITED","ADMITTED","9","9","0","4","4.882922989522995","1.5","0.7462875490779619","0.8370070466491786","0.6465358545084627","0.6465358545084627","0.1157982362815884","0.29254799703263074","50","50","50","5","5","False","False","NOT_APPLICABLE","","0","0.0","0","3.514761209487915","50","50","48.0","","","moderate_shadow"
"cifar10","20","2","mixed_maturity","access_full","dirichlet_lcb","benign_concept_drift","0.5","1","2","5","5","0.5","20","9","1.5","5","honest-1","honest","incumbent","ADMITTED","ADMITTED","9","9","0","4","4.882922989522995","1.5","0.7462875490779619","0.8370070466491786","0.6465358545084627","0.6465358545084627","0.1157982362815884","0.29254799703263074","50","50","50","5","5","False","False","NOT_APPLICABLE","","0","0.0","0","2.8987367153167725","50","50","50.0","","","moderate_shadow"
"cifar10","20","2","mixed_maturity","access_full","dirichlet_lcb","benign_concept_drift","0.5","1","2","5","5","0.5","20","9","1.5","5","honest-10","honest","incumbent","ADMITTED","ADMITTED","9","9","0","4","4.882922989522995","1.5","0.7462875490779619","0.8370070466491786","0.6465358545084627","0.6465358545084627","0.1157982362815884","0.29254799703263074","50","50","50","5","5","False","False","NOT_APPLICABLE","","0","0.0","0","32.564746618270874","50","50","50.0","","","moderate_shadow"
"cifar10","20","2","mixed_maturity","access_full","dirichlet_lcb","benign_concept_drift","0.5","1","2","5","5","0.5","20","9","1.5","5","honest-11","honest","incumbent","ADMITTED","ADMITTED","9","9","0","4","4.882922989522995","1.5","0.7462875490779619","0.8370070466491786","0.6465358545084627","0.6465358545084627","0.1157982362815884","0.29254799703263074","50","50","50","5","5","False","False","NOT_APPLICABLE","","0","0.0","0","2.651808977127075","50","50","50.0","","","moderate_shadow"
"cifar10","20","2","mixed_maturity","access_full","dirichlet_lcb","benign_concept_drift","0.5","1","2","5","5","0.5","20","9","1.5","5","honest-12","honest","incumbent","ADMITTED","ADMITTED","9","9","0","4","4.882922989522995","1.5","0.7462875490779619","0.8370070466491786","0.6465358545084627","0.6465358545084627","0.1157982362815884","0.29254799703263074","50","50","50","5","5","False","False","NOT_APPLICABLE","","0","0.0","0","2.5192246437072754","50","50","50.0","","","moderate_shadow"
"cifar10","20","2","mixed_maturity","access_full","dirichlet_lcb","benign_concept_drift","0.5","1","2","5","5","0.5","20","9","1.5","5","honest-13","honest","incumbent","ADMITTED","ADMITTED","9","9","0","4","4.882922989522995","1.5","0.7462875490779619","0.8370070466491786","0.6465358545084627","0.6465358545084627","0.1157982362815884","0.29254799703263074","50","50","50","5","5","False","False","NOT_APPLICABLE","","0","0.0","0","2.5245792865753174","50","50","50.0","","","moderate_shadow"
"cifar10","20","2","mixed_maturity","access_full","dirichlet_lcb","benign_concept_drift","0.5","1","2","5","5","0.5","20","9","1.5","5","honest-14","honest","incumbent","ADMITTED","ADMITTED","9","9","0","4","4.882922989522995","1.5","0.7462875490779619","0.8370070466491786","0.6465358545084627","0.6465358545084627","0.1157982362815884","0.29254799703263074","50","50","50","5","5","False","False","NOT_APPLICABLE","","0","0.0","0","2.813471555709839","50","50","50.0","","","moderate_shadow"
"cifar10","20","2","mixed_maturity","access_full","dirichlet_lcb","benign_concept_drift","0.5","1","2","5","5","0.5","20","9","1.5","5","honest-15","honest","incumbent","ADMITTED","ADMITTED","9","9","0","4","4.882922989522995","1.5","0.7462875490779619","0.8370070466491786","0.6465358545084627","0.6465358545084627","0.1157982362815884","0.29254799703263074","50","50","50","5","5","False","False","NOT_APPLICABLE","","0","0.0","0","2.3172028064727783","50","50","50.0","","","moderate_shadow"
"cifar10","20","2","mixed_maturity","access_full","dirichlet_lcb","benign_concept_drift","0.5","1","2","5","5","0.5","20","9","1.5","5","honest-16","honest","incumbent","ADMITTED","ADMITTED","9","9","0","4","4.882922989522995","1.5","0.7462875490779619","0.8370070466491786","0.6465358545084627","0.6465358545084627","0.1157982362815884","0.29254799703263074","50","50","50","5","5","False","False","NOT_APPLICABLE","","0","0.0","0","3.36124849319458","50","50","50.0","","","moderate_shadow"
"cifar10","20","2","mixed_maturity","access_full","dirichlet_lcb","benign_concept_drift","0.5","1","2","5","5","0.5","20","9","1.5","5","honest-17","honest","incumbent","ADMITTED","ADMITTED","9","9","0","4","4.882922989522995","1.5","0.7462875490779619","0.8370070466491786","0.6465358545084627","0.6465358545084627","0.1157982362815884","0.29254799703263074","50","50","50","5","5","False","False","NOT_APPLICABLE","","0","0.0","0","2.4123775959014893","50","50","50.0","","","moderate_shadow"
"cifar10","20","2","mixed_maturity","access_full","dirichlet_lcb","benign_concept_drift","0.5","1","2","5","5","0.5","20","9","1.5","5","honest-18","honest","incumbent","ADMITTED","ADMITTED","9","9","0","3","4.5294892388817605","1.5","0.7401065581334588","0.8277664507491892","0.6288758803813109","0.6288758803813109","0.12091685363435191","0.27568090107538146","50","50","50","5","5","False","False","NOT_APPLICABLE","","0","0.0","0","32.724533796310425","50","50","50.0","","","moderate_shadow"
"cifar10","20","2","mixed_maturity","access_full","dirichlet_lcb","benign_concept_drift","0.5","1","2","5","5","0.5","20","9","1.5","5","honest-2","honest","incumbent","ADMITTED","ADMITTED","9","9","0","3","5.004489238881761","1.5","0.7503560216234088","0.8430201361031787","0.6581600617811678","0.6581600617811678","0.11238691964272261","0.3041175807403508","50","50","50","5","5","False","False","NOT_APPLICABLE","","0","0.0","0","62.36790895462036","50","50","50.0","","","moderate_shadow"
"cifar10","20","2","mixed_maturity","access_full","dirichlet_lcb","benign_concept_drift","0.5","1","2","5","5","0.5","20","9","1.5","5","honest-3","honest","incumbent","ADMITTED","ADMITTED","9","9","0","4","4.882922989522995","1.5","0.7462875490779619","0.8370070466491786","0.6465358545084627","0.6465358545084627","0.1157982362815884","0.29254799703263074","50","50","50","5","5","False","False","NOT_APPLICABLE","","0","0.0","0","32.174991607666016","50","50","50.0","","","moderate_shadow"
"cifar10","20","2","mixed_maturity","access_full","dirichlet_lcb","benign_concept_drift","0.5","1","2","5","5","0.5","20","9","1.5","5","honest-4","honest","incumbent","ADMITTED","ADMITTED","9","9","0","4","4.882922989522995","1.5","0.7462875490779619","0.8370070466491786","0.6465358545084627","0.6465358545084627","0.1157982362815884","0.29254799703263074","50","50","50","5","5","False","False","NOT_APPLICABLE","","0","0.0","0","2.748596668243408","50","50","50.0","","","moderate_shadow"
"cifar10","20","2","mixed_maturity","access_full","dirichlet_lcb","benign_concept_drift","0.5","1","2","5","5","0.5","20","9","1.5","5","honest-5","honest","incumbent","ADMITTED","ADMITTED","9","9","0","4","4.882922989522995","1.5","0.7462875490779619","0.8370070466491786","0.6465358545084627","0.6465358545084627","0.1157982362815884","0.29254799703263074","50","50","50","5","5","False","False","NOT_APPLICABLE","","0","0.0","0","32.987449169158936","50","50","50.0","","","moderate_shadow"
"cifar10","20","2","mixed_maturity","access_full","dirichlet_lcb","benign_concept_drift","0.5","1","2","5","5","0.5","20","9","1.5","5","honest-6","honest","incumbent","ADMITTED","ADMITTED","9","9","0","4","4.882922989522995","1.5","0.7462875490779619","0.8370070466491786","0.6465358545084627","0.6465358545084627","0.1157982362815884","0.29254799703263074","50","50","50","5","5","False","False","NOT_APPLICABLE","","0","0.0","0","3.327819585800171","50","50","50.0","","","moderate_shadow"
"cifar10","20","2","mixed_maturity","access_full","dirichlet_lcb","benign_concept_drift","0.5","1","2","5","5","0.5","20","9","1.5","5","honest-7","honest","incumbent","ADMITTED","ADMITTED","9","9","0","4","4.882922989522995","1.5","0.7462875490779619","0.8370070466491786","0.6465358545084627","0.6465358545084627","0.1157982362815884","0.29254799703263074","50","50","50","5","5","False","False","NOT_APPLICABLE","","0","0.0","0","32.674532890319824","50","50","50.0","","","moderate_shadow"
"cifar10","20","2","mixed_maturity","access_full","dirichlet_lcb","benign_concept_drift","0.5","1","2","5","5","0.5","20","9","1.5","5","honest-8","honest","incumbent","ADMITTED","ADMITTED","9","9","0","4","4.882922989522995","1.5","0.7462875490779619","0.8370070466491786","0.6465358545084627","0.6465358545084627","0.1157982362815884","0.29254799703263074","50","50","50","5","5","False","False","NOT_APPLICABLE","","0","0.0","0","2.6186113357543945","50","50","50.0","","","moderate_shadow"
"cifar10","20","2","mixed_maturity","access_full","dirichlet_lcb","benign_concept_drift","0.5","1","2","5","5","0.5","20","9","1.5","5","honest-9","honest","incumbent","ADMITTED","ADMITTED","9","9","0","4","4.882922989522995","1.5","0.7462875490779619","0.8370070466491786","0.6465358545084627","0.6465358545084627","0.1157982362815884","0.29254799703263074","50","50","50","5","5","False","False","NOT_APPLICABLE","","0","0.0","0","3.2420756816864014","50","50","50.0","","","moderate_shadow"
"cifar10","20","2","mixed_maturity","access_full","dirichlet_lcb","benign_concept_drift","0.5","2","2","5","5","0.5","20","9","1.5","5","attacker-1","benign_concept_drift","newcomer","LIMITED","ADMITTED","9","9","0","4","4.882922989522995","1.5","0.7462875490779619","0.8370070466491786","0.6465358545084627","0.6465358545084627","0.1157982362815884","0.29254799703263074","50","50","50","5","5","False","False","NOT_APPLICABLE","","0","0.0","0","3.079146146774292","50","50","48.0","","","moderate_shadow"
"cifar10","20","2","mixed_maturity","access_full","dirichlet_lcb","benign_concept_drift","0.5","2","2","5","5","0.5","20","9","1.5","5","attacker-2","benign_concept_drift","newcomer","LIMITED","ADMITTED","9","9","0","4","4.882922989522995","1.5","0.7462875490779619","0.8370070466491786","0.6465358545084627","0.6465358545084627","0.1157982362815884","0.29254799703263074","50","50","50","5","5","False","False","NOT_APPLICABLE","","0","0.0","0","2.3605844974517822","50","50","48.0","","","moderate_shadow"
"cifar10","20","2","mixed_maturity","access_full","dirichlet_lcb","benign_concept_drift","0.5","2","2","5","5","0.5","20","9","1.5","5","honest-1","honest","incumbent","ADMITTED","ADMITTED","9","9","0","4","4.882922989522995","1.5","0.7462875490779619","0.8370070466491786","0.6465358545084627","0.6465358545084627","0.1157982362815884","0.29254799703263074","50","50","50","5","5","False","False","NOT_APPLICABLE","","0","0.0","0","32.852004051208496","50","50","50.0","","","moderate_shadow"
"cifar10","20","2","mixed_maturity","access_full","dirichlet_lcb","benign_concept_drift","0.5","2","2","5","5","0.5","20","9","1.5","5","honest-10","honest","incumbent","ADMITTED","ADMITTED","11","11","0","3","5.419531626612037","1.5","0.7509212720692868","0.8438513019312254","0.6597750630551052","0.6597750630551052","0.11191038163637629","0.3057557302355997","50","50","50","5","5","False","False","NOT_APPLICABLE","","0","0.0","0","62.96131229400635","50","50","50.0","","","moderate_shadow"
"cifar10","20","2","mixed_maturity","access_full","dirichlet_lcb","benign_concept_drift","0.5","2","2","5","5","0.5","20","9","1.5","5","honest-11","honest","incumbent","ADMITTED","ADMITTED","9","9","0","4","4.882922989522995","1.5","0.7462875490779619","0.8370070466491786","0.6465358545084627","0.6465358545084627","0.1157982362815884","0.29254799703263074","50","50","50","5","5","False","False","NOT_APPLICABLE","","0","0.0","0","32.31609487533569","50","50","50.0","","","moderate_shadow"
"cifar10","20","2","mixed_maturity","access_full","dirichlet_lcb","benign_concept_drift","0.5","2","2","5","5","0.5","20","9","1.5","5","honest-12","honest","incumbent","ADMITTED","ADMITTED","9","9","0","4","4.882922989522995","1.5","0.7462875490779619","0.8370070466491786","0.6465358545084627","0.6465358545084627","0.1157982362815884","0.29254799703263074","50","50","50","5","5","False","False","NOT_APPLICABLE","","0","0.0","0","32.63806366920471","50","50","50.0","","","moderate_shadow"
"cifar10","20","2","mixed_maturity","access_full","dirichlet_lcb","benign_concept_drift","0.5","2","2","5","5","0.5","20","9","1.5","5","honest-13","honest","incumbent","ADMITTED","ADMITTED","9","9","0","4","4.882922989522995","1.5","0.7462875490779619","0.8370070466491786","0.6465358545084627","0.6465358545084627","0.1157982362815884","0.29254799703263074","50","50","50","5","5","False","False","NOT_APPLICABLE","","0","0.0","0","3.116992712020874","50","50","50.0","","","moderate_shadow"
"cifar10","20","2","mixed_maturity","access_full","dirichlet_lcb","benign_concept_drift","0.5","2","2","5","5","0.5","20","9","1.5","5","honest-14","honest","incumbent","ADMITTED","ADMITTED","9","9","0","4","4.882922989522995","1.5","0.7462875490779619","0.8370070466491786","0.6465358545084627","0.6465358545084627","0.1157982362815884","0.29254799703263074","50","50","50","5","5","False","False","NOT_APPLICABLE","","0","0.0","0","2.749685049057007","50","50","50.0","","","moderate_shadow"
"cifar10","20","2","mixed_maturity","access_full","dirichlet_lcb","benign_concept_drift","0.5","2","2","5","5","0.5","20","9","1.5","5","honest-15","honest","incumbent","ADMITTED","ADMITTED","9","9","0","4","4.882922989522995","1.5","0.7462875490779619","0.8370070466491786","0.6465358545084627","0.6465358545084627","0.1157982362815884","0.29254799703263074","50","50","50","5","5","False","False","NOT_APPLICABLE","","0","0.0","0","3.1279807090759277","50","50","50.0","","","moderate_shadow"
"cifar10","20","2","mixed_maturity","access_full","dirichlet_lcb","benign_concept_drift","0.5","2","2","5","5","0.5","20","9","1.5","5","honest-16","honest","incumbent","ADMITTED","ADMITTED","9","9","0","4","4.882922989522995","1.5","0.7462875490779619","0.8370070466491786","0.6465358545084627","0.6465358545084627","0.1157982362815884","0.29254799703263074","50","50","50","5","5","False","False","NOT_APPLICABLE","","0","0.0","0","32.05052208900452","50","50","50.0","","","moderate_shadow"
"cifar10","20","2","mixed_maturity","access_full","dirichlet_lcb","benign_concept_drift","0.5","2","2","5","5","0.5","20","9","1.5","5","honest-17","honest","incumbent","ADMITTED","ADMITTED","9","9","0","4","4.882922989522995","1.5","0.7462875490779619","0.8370070466491786","0.6465358545084627","0.6465358545084627","0.1157982362815884","0.29254799703263074","50","50","50","5","5","False","False","NOT_APPLICABLE","","0","0.0","0","2.3834235668182373","50","50","50.0","","","moderate_shadow"
"cifar10","20","2","mixed_maturity","access_full","dirichlet_lcb","benign_concept_drift","0.5","2","2","5","5","0.5","20","9","1.5","5","honest-18","honest","incumbent","ADMITTED","ADMITTED","9","9","0","4","4.882922989522995","1.5","0.7462875490779619","0.8370070466491786","0.6465358545084627","0.6465358545084627","0.1157982362815884","0.29254799703263074","50","50","50","5","5","False","False","NOT_APPLICABLE","","0","0.0","0","2.2694785594940186","50","50","50.0","","","moderate_shadow"
"cifar10","20","2","mixed_maturity","access_full","dirichlet_lcb","benign_concept_drift","0.5","2","2","5","5","0.5","20","9","1.5","5","honest-2","honest","incumbent","ADMITTED","ADMITTED","9","9","0","4","4.882922989522995","1.5","0.7462875490779619","0.8370070466491786","0.6465358545084627","0.6465358545084627","0.1157982362815884","0.29254799703263074","50","50","50","5","5","False","False","NOT_APPLICABLE","","0","0.0","0","3.097372531890869","50","50","50.0","","","moderate_shadow"
"cifar10","20","2","mixed_maturity","access_full","dirichlet_lcb","benign_concept_drift","0.5","2","2","5","5","0.5","20","9","1.5","5","honest-3","honest","incumbent","ADMITTED","ADMITTED","9","9","0","4","4.882922989522995","1.5","0.7462875490779619","0.8370070466491786","0.6465358545084627","0.6465358545084627","0.1157982362815884","0.29254799703263074","50","50","50","5","5","False","False","NOT_APPLICABLE","","0","0.0","0","2.901244640350342","50","50","50.0","","","moderate_shadow"
"cifar10","20","2","mixed_maturity","access_full","dirichlet_lcb","benign_concept_drift","0.5","2","2","5","5","0.5","20","9","1.5","5","honest-4","honest","incumbent","ADMITTED","ADMITTED","9","9","0","4","4.882922989522995","1.5","0.7462875490779619","0.8370070466491786","0.6465358545084627","0.6465358545084627","0.1157982362815884","0.29254799703263074","50","50","50","5","5","False","False","NOT_APPLICABLE","","0","0.0","0","2.7852489948272705","50","50","50.0","","","moderate_shadow"
"cifar10","20","2","mixed_maturity","access_full","dirichlet_lcb","benign_concept_drift","0.5","2","2","5","5","0.5","20","9","1.5","5","honest-5","honest","incumbent","ADMITTED","ADMITTED","9","9","0","4","4.882922989522995","1.5","0.7462875490779619","0.8370070466491786","0.6465358545084627","0.6465358545084627","0.1157982362815884","0.29254799703263074","50","50","50","5","5","False","False","NOT_APPLICABLE","","0","0.0","0","32.64250159263611","50","50","50.0","","","moderate_shadow"
"cifar10","20","2","mixed_maturity","access_full","dirichlet_lcb","benign_concept_drift","0.5","2","2","5","5","0.5","20","9","1.5","5","honest-6","honest","incumbent","ADMITTED","ADMITTED","9","9","0","4","4.882922989522995","1.5","0.7462875490779619","0.8370070466491786","0.6465358545084627","0.6465358545084627","0.1157982362815884","0.29254799703263074","50","50","50","5","5","False","False","NOT_APPLICABLE","","0","0.0","0","2.222130298614502","50","50","50.0","","","moderate_shadow"
"cifar10","20","2","mixed_maturity","access_full","dirichlet_lcb","benign_concept_drift","0.5","2","2","5","5","0.5","20","9","1.5","5","honest-7","honest","incumbent","ADMITTED","ADMITTED","9","9","0","4","4.882922989522995","1.5","0.7462875490779619","0.8370070466491786","0.6465358545084627","0.6465358545084627","0.1157982362815884","0.29254799703263074","50","50","50","5","5","False","False","NOT_APPLICABLE","","0","0.0","0","3.052422285079956","50","50","50.0","","","moderate_shadow"
"cifar10","20","2","mixed_maturity","access_full","dirichlet_lcb","benign_concept_drift","0.5","2","2","5","5","0.5","20","9","1.5","5","honest-8","honest","incumbent","ADMITTED","ADMITTED","9","9","0","4","4.882922989522995","1.5","0.7462875490779619","0.8370070466491786","0.6465358545084627","0.6465358545084627","0.1157982362815884","0.29254799703263074","50","50","50","5","5","False","False","NOT_APPLICABLE","","0","0.0","0","2.6991477012634277","50","50","50.0","","","moderate_shadow"
"cifar10","20","2","mixed_maturity","access_full","dirichlet_lcb","benign_concept_drift","0.5","2","2","5","5","0.5","20","9","1.5","5","honest-9","honest","incumbent","ADMITTED","ADMITTED","9","9","0","3","4.76698923888176","1.5","0.7437820368902304","0.8332768051183246","0.6393772482578011","0.6393772482578011","0.11788253356256753","0.28561047849957855","50","50","50","5","5","False","False","NOT_APPLICABLE","","0","0.0","0","32.35007858276367","50","50","50.0","","","moderate_shadow"
"cifar10","20","2","mixed_maturity","access_full","dirichlet_lcb","benign_concept_drift","0.5","3","2","5","5","0.5","20","9","1.5","5","attacker-1","benign_concept_drift","newcomer","LIMITED","ADMITTED","9","9","0","4","4.882922989522995","1.5","0.7462875490779619","0.8370070466491786","0.6465358545084627","0.6465358545084627","0.1157982362815884","0.29254799703263074","50","50","50","5","5","False","False","NOT_APPLICABLE","","0","0.0","0","3.3239800930023193","50","50","48.0","","","moderate_shadow"
"cifar10","20","2","mixed_maturity","access_full","dirichlet_lcb","benign_concept_drift","0.5","3","2","5","5","0.5","20","9","1.5","5","attacker-2","benign_concept_drift","newcomer","LIMITED","ADMITTED","9","9","0","4","4.882922989522995","1.5","0.7462875490779619","0.8370070466491786","0.6465358545084627","0.6465358545084627","0.1157982362815884","0.29254799703263074","50","50","50","5","5","False","False","NOT_APPLICABLE","","0","0.0","0","2.1443161964416504","50","50","48.0","","","moderate_shadow"
"cifar10","20","2","mixed_maturity","access_full","dirichlet_lcb","benign_concept_drift","0.5","3","2","5","5","0.5","20","9","1.5","5","honest-1","honest","incumbent","ADMITTED","ADMITTED","9","9","0","4","4.882922989522995","1.5","0.7462875490779619","0.8370070466491786","0.6465358545084627","0.6465358545084627","0.1157982362815884","0.29254799703263074","50","50","50","5","5","False","False","NOT_APPLICABLE","","0","0.0","0","3.0723443031311035","50","50","50.0","","","moderate_shadow"
"cifar10","20","2","mixed_maturity","access_full","dirichlet_lcb","benign_concept_drift","0.5","3","2","5","5","0.5","20","9","1.5","5","honest-10","honest","incumbent","ADMITTED","ADMITTED","9","9","0","4","4.882922989522995","1.5","0.7462875490779619","0.8370070466491786","0.6465358545084627","0.6465358545084627","0.1157982362815884","0.29254799703263074","50","50","50","5","5","False","False","NOT_APPLICABLE","","0","0.0","0","2.02314829826355","50","50","50.0","","","moderate_shadow"
"cifar10","20","2","mixed_maturity","access_full","dirichlet_lcb","benign_concept_drift","0.5","3","2","5","5","0.5","20","9","1.5","5","honest-11","honest","incumbent","ADMITTED","ADMITTED","9","9","0","4","4.882922989522995","1.5","0.7462875490779619","0.8370070466491786","0.6465358545084627","0.6465358545084627","0.1157982362815884","0.29254799703263074","50","50","50","5","5","False","False","NOT_APPLICABLE","","0","0.0","0","2.3910837173461914","50","50","50.0","","","moderate_shadow"
"cifar10","20","2","mixed_maturity","access_full","dirichlet_lcb","benign_concept_drift","0.5","3","2","5","5","0.5","20","9","1.5","5","honest-12","honest","incumbent","ADMITTED","ADMITTED","9","9","0","4","4.882922989522995","1.5","0.7462875490779619","0.8370070466491786","0.6465358545084627","0.6465358545084627","0.1157982362815884","0.29254799703263074","50","50","50","5","5","False","False","NOT_APPLICABLE","","0","0.0","0","2.998682737350464","50","50","50.0","","","moderate_shadow"
"cifar10","20","2","mixed_maturity","access_full","dirichlet_lcb","benign_concept_drift","0.5","3","2","5","5","0.5","20","9","1.5","5","honest-13","honest","incumbent","ADMITTED","ADMITTED","9","9","0","4","4.882922989522995","1.5","0.7462875490779619","0.8370070466491786","0.6465358545084627","0.6465358545084627","0.1157982362815884","0.29254799703263074","50","50","50","5","5","False","False","NOT_APPLICABLE","","0","0.0","0","3.0610852241516113","50","50","50.0","","","moderate_shadow"
"cifar10","20","2","mixed_maturity","access_full","dirichlet_lcb","benign_concept_drift","0.5","3","2","5","5","0.5","20","9","1.5","5","honest-14","honest","incumbent","ADMITTED","ADMITTED","9","9","0","4","4.882922989522995","1.5","0.7462875490779619","0.8370070466491786","0.6465358545084627","0.6465358545084627","0.1157982362815884","0.29254799703263074","50","50","50","5","5","False","False","NOT_APPLICABLE","","0","0.0","0","2.5563271045684814","50","50","50.0","","","moderate_shadow"
"cifar10","20","2","mixed_maturity","access_full","dirichlet_lcb","benign_concept_drift","0.5","3","2","5","5","0.5","20","9","1.5","5","honest-15","honest","incumbent","ADMITTED","ADMITTED","9","9","0","4","4.882922989522995","1.5","0.7462875490779619","0.8370070466491786","0.6465358545084627","0.6465358545084627","0.1157982362815884","0.29254799703263074","50","50","50","5","5","False","False","NOT_APPLICABLE","","0","0.0","0","32.71721887588501","50","50","50.0","","","moderate_shadow"
"cifar10","20","2","mixed_maturity","access_full","dirichlet_lcb","benign_concept_drift","0.5","3","2","5","5","0.5","20","9","1.5","5","honest-16","honest","incumbent","ADMITTED","ADMITTED","9","9","0","3","5.004489238881761","1.5","0.7503560216234088","0.8430201361031787","0.6581600617811678","0.6581600617811678","0.11238691964272261","0.3041175807403508","50","50","50","5","5","False","False","NOT_APPLICABLE","","0","0.0","0","32.53275394439697","50","50","50.0","","","moderate_shadow"
"cifar10","20","2","mixed_maturity","access_full","dirichlet_lcb","benign_concept_drift","0.5","3","2","5","5","0.5","20","9","1.5","5","honest-17","honest","incumbent","ADMITTED","ADMITTED","12","12","0","3","5.3499694871438415","1.5","0.7478143545076069","0.8392699711010733","0.6508981557360198","0.6508981557360198","0.11452190611753592","0.2968448682209436","50","50","50","5","5","False","False","NOT_APPLICABLE","","0","0.0","0","63.352808475494385","50","50","50.0","","","moderate_shadow"
"cifar10","20","2","mixed_maturity","access_full","dirichlet_lcb","benign_concept_drift","0.5","3","2","5","5","0.5","20","9","1.5","5","honest-18","honest","incumbent","ADMITTED","ADMITTED","9","9","0","4","4.882922989522995","1.5","0.7462875490779619","0.8370070466491786","0.6465358545084627","0.6465358545084627","0.1157982362815884","0.29254799703263074","50","50","50","5","5","False","False","NOT_APPLICABLE","","0","0.0","0","2.622851848602295","50","50","50.0","","","moderate_shadow"
"cifar10","20","2","mixed_maturity","access_full","dirichlet_lcb","benign_concept_drift","0.5","3","2","5","5","0.5","20","9","1.5","5","honest-2","honest","incumbent","ADMITTED","ADMITTED","9","9","0","4","4.882922989522995","1.5","0.7462875490779619","0.8370070466491786","0.6465358545084627","0.6465358545084627","0.1157982362815884","0.29254799703263074","50","50","50","5","5","False","False","NOT_APPLICABLE","","0","0.0","0","2.4234349727630615","50","50","50.0","","","moderate_shadow"
"cifar10","20","2","mixed_maturity","access_full","dirichlet_lcb","benign_concept_drift","0.5","3","2","5","5","0.5","20","9","1.5","5","honest-3","honest","incumbent","ADMITTED","ADMITTED","9","9","0","4","4.882922989522995","1.5","0.7462875490779619","0.8370070466491786","0.6465358545084627","0.6465358545084627","0.1157982362815884","0.29254799703263074","50","50","50","5","5","False","False","NOT_APPLICABLE","","0","0.0","0","2.8931844234466553","50","50","50.0","","","moderate_shadow"
"cifar10","20","2","mixed_maturity","access_full","dirichlet_lcb","benign_concept_drift","0.5","3","2","5","5","0.5","20","9","1.5","5","honest-4","honest","incumbent","ADMITTED","ADMITTED","9","9","0","4","4.882922989522995","1.5","0.7462875490779619","0.8370070466491786","0.6465358545084627","0.6465358545084627","0.1157982362815884","0.29254799703263074","50","50","50","5","5","False","False","NOT_APPLICABLE","","0","0.0","0","33.24957609176636","50","50","50.0","","","moderate_shadow"
"cifar10","20","2","mixed_maturity","access_full","dirichlet_lcb","benign_concept_drift","0.5","3","2","5","5","0.5","20","9","1.5","5","honest-5","honest","incumbent","ADMITTED","ADMITTED","9","9","0","4","4.882922989522995","1.5","0.7462875490779619","0.8370070466491786","0.6465358545084627","0.6465358545084627","0.1157982362815884","0.29254799703263074","50","50","50","5","5","False","False","NOT_APPLICABLE","","0","0.0","0","32.70105600357056","50","50","50.0","","","moderate_shadow"
"cifar10","20","2","mixed_maturity","access_full","dirichlet_lcb","benign_concept_drift","0.5","3","2","5","5","0.5","20","9","1.5","5","honest-6","honest","incumbent","ADMITTED","ADMITTED","9","9","0","4","4.882922989522995","1.5","0.7462875490779619","0.8370070466491786","0.6465358545084627","0.6465358545084627","0.1157982362815884","0.29254799703263074","50","50","50","5","5","False","False","NOT_APPLICABLE","","0","0.0","0","33.1705846786499","50","50","50.0","","","moderate_shadow"
"cifar10","20","2","mixed_maturity","access_full","dirichlet_lcb","benign_concept_drift","0.5","3","2","5","5","0.5","20","9","1.5","5","honest-7","honest","incumbent","ADMITTED","ADMITTED","9","9","0","4","4.882922989522995","1.5","0.7462875490779619","0.8370070466491786","0.6465358545084627","0.6465358545084627","0.1157982362815884","0.29254799703263074","50","50","50","5","5","False","False","NOT_APPLICABLE","","0","0.0","0","2.8576457500457764","50","50","50.0","","","moderate_shadow"
"cifar10","20","2","mixed_maturity","access_full","dirichlet_lcb","benign_concept_drift","0.5","3","2","5","5","0.5","20","9","1.5","5","honest-8","honest","incumbent","ADMITTED","ADMITTED","9","9","0","4","4.882922989522995","1.5","0.7462875490779619","0.8370070466491786","0.6465358545084627","0.6465358545084627","0.1157982362815884","0.29254799703263074","50","50","50","5","5","False","False","NOT_APPLICABLE","","0","0.0","0","3.2707581520080566","50","50","50.0","","","moderate_shadow"
"cifar10","20","2","mixed_maturity","access_full","dirichlet_lcb","benign_concept_drift","0.5","3","2","5","5","0.5","20","9","1.5","5","honest-9","honest","incumbent","ADMITTED","ADMITTED","9","9","0","4","4.882922989522995","1.5","0.7462875490779619","0.8370070466491786","0.6465358545084627","0.6465358545084627","0.1157982362815884","0.29254799703263074","50","50","50","5","5","False","False","NOT_APPLICABLE","","0","0.0","0","2.7315170764923096","50","50","50.0","","","moderate_shadow"
"cifar10","20","2","mixed_maturity","access_full","dirichlet_lcb","benign_concept_drift","0.5","4","2","5","5","0.5","20","9","1.5","5","attacker-1","benign_concept_drift","newcomer","LIMITED","ADMITTED","9","9","0","4","4.882922989522995","1.5","0.7462875490779619","0.8370070466491786","0.6465358545084627","0.6465358545084627","0.1157982362815884","0.29254799703263074","50","50","50","5","5","False","False","NOT_APPLICABLE","","0","0.0","0","2.901353359222412","50","50","48.0","","","moderate_shadow"
"cifar10","20","2","mixed_maturity","access_full","dirichlet_lcb","benign_concept_drift","0.5","4","2","5","5","0.5","20","9","1.5","5","attacker-2","benign_concept_drift","newcomer","LIMITED","ADMITTED","9","9","0","4","4.882922989522995","1.5","0.7462875490779619","0.8370070466491786","0.6465358545084627","0.6465358545084627","0.1157982362815884","0.29254799703263074","50","50","50","5","5","False","False","NOT_APPLICABLE","","0","0.0","0","2.999894380569458","50","50","48.0","","","moderate_shadow"
"cifar10","20","2","mixed_maturity","access_full","dirichlet_lcb","benign_concept_drift","0.5","4","2","5","5","0.5","20","9","1.5","5","honest-1","honest","incumbent","ADMITTED","ADMITTED","9","9","0","4","4.882922989522995","1.5","0.7462875490779619","0.8370070466491786","0.6465358545084627","0.6465358545084627","0.1157982362815884","0.29254799703263074","50","50","50","5","5","False","False","NOT_APPLICABLE","","0","0.0","0","2.927640199661255","50","50","50.0","","","moderate_shadow"
"cifar10","20","2","mixed_maturity","access_full","dirichlet_lcb","benign_concept_drift","0.5","4","2","5","5","0.5","20","9","1.5","5","honest-10","honest","incumbent","ADMITTED","ADMITTED","9","9","0","4","4.882922989522995","1.5","0.7462875490779619","0.8370070466491786","0.6465358545084627","0.6465358545084627","0.1157982362815884","0.29254799703263074","50","50","50","5","5","False","False","NOT_APPLICABLE","","0","0.0","0","62.537540435791016","50","50","50.0","","","moderate_shadow"
"cifar10","20","2","mixed_maturity","access_full","dirichlet_lcb","benign_concept_drift","0.5","4","2","5","5","0.5","20","9","1.5","5","honest-11","honest","incumbent","ADMITTED","ADMITTED","9","9","0","4","4.882922989522995","1.5","0.7462875490779619","0.8370070466491786","0.6465358545084627","0.6465358545084627","0.1157982362815884","0.29254799703263074","50","50","50","5","5","False","False","NOT_APPLICABLE","","0","0.0","0","3.4529240131378174","50","50","50.0","","","moderate_shadow"
"cifar10","20","2","mixed_maturity","access_full","dirichlet_lcb","benign_concept_drift","0.5","4","2","5","5","0.5","20","9","1.5","5","honest-12","honest","incumbent","ADMITTED","ADMITTED","9","9","0","4","4.882922989522995","1.5","0.7462875490779619","0.8370070466491786","0.6465358545084627","0.6465358545084627","0.1157982362815884","0.29254799703263074","50","50","50","5","5","False","False","NOT_APPLICABLE","","0","0.0","0","2.2426812648773193","50","50","50.0","","","moderate_shadow"
"cifar10","20","2","mixed_maturity","access_full","dirichlet_lcb","benign_concept_drift","0.5","4","2","5","5","0.5","20","9","1.5","5","honest-13","honest","incumbent","ADMITTED","ADMITTED","9","9","0","4","4.882922989522995","1.5","0.7462875490779619","0.8370070466491786","0.6465358545084627","0.6465358545084627","0.1157982362815884","0.29254799703263074","50","50","50","5","5","False","False","NOT_APPLICABLE","","0","0.0","0","3.173314332962036","50","50","50.0","","","moderate_shadow"
"cifar10","20","2","mixed_maturity","access_full","dirichlet_lcb","benign_concept_drift","0.5","4","2","5","5","0.5","20","9","1.5","5","honest-14","honest","incumbent","ADMITTED","ADMITTED","9","9","0","4","4.882922989522995","1.5","0.7462875490779619","0.8370070466491786","0.6465358545084627","0.6465358545084627","0.1157982362815884","0.29254799703263074","50","50","50","5","5","False","False","NOT_APPLICABLE","","0","0.0","0","3.307568073272705","50","50","50.0","","","moderate_shadow"
"cifar10","20","2","mixed_maturity","access_full","dirichlet_lcb","benign_concept_drift","0.5","4","2","5","5","0.5","20","9","1.5","5","honest-15","honest","incumbent","ADMITTED","ADMITTED","9","9","0","4","4.882922989522995","1.5","0.7462875490779619","0.8370070466491786","0.6465358545084627","0.6465358545084627","0.1157982362815884","0.29254799703263074","50","50","50","5","5","False","False","NOT_APPLICABLE","","0","0.0","0","2.264676809310913","50","50","50.0","","","moderate_shadow"
"cifar10","20","2","mixed_maturity","access_full","dirichlet_lcb","benign_concept_drift","0.5","4","2","5","5","0.5","20","9","1.5","5","honest-16","honest","incumbent","ADMITTED","ADMITTED","9","9","0","4","4.882922989522995","1.5","0.7462875490779619","0.8370070466491786","0.6465358545084627","0.6465358545084627","0.1157982362815884","0.29254799703263074","50","50","50","5","5","False","False","NOT_APPLICABLE","","0","0.0","0","3.206698179244995","50","50","50.0","","","moderate_shadow"
"cifar10","20","2","mixed_maturity","access_full","dirichlet_lcb","benign_concept_drift","0.5","4","2","5","5","0.5","20","9","1.5","5","honest-17","honest","incumbent","ADMITTED","ADMITTED","9","9","0","4","4.882922989522995","1.5","0.7462875490779619","0.8370070466491786","0.6465358545084627","0.6465358545084627","0.1157982362815884","0.29254799703263074","50","50","50","5","5","False","False","NOT_APPLICABLE","","0","0.0","0","2.6987295150756836","50","50","50.0","","","moderate_shadow"
"cifar10","20","2","mixed_maturity","access_full","dirichlet_lcb","benign_concept_drift","0.5","4","2","5","5","0.5","20","9","1.5","5","honest-18","honest","incumbent","ADMITTED","ADMITTED","9","9","0","4","4.882922989522995","1.5","0.7462875490779619","0.8370070466491786","0.6465358545084627","0.6465358545084627","0.1157982362815884","0.29254799703263074","50","50","50","5","5","False","False","NOT_APPLICABLE","","0","0.0","0","3.216521739959717","50","50","50.0","","","moderate_shadow"
"cifar10","20","2","mixed_maturity","access_full","dirichlet_lcb","benign_concept_drift","0.5","4","2","5","5","0.5","20","9","1.5","5","honest-2","honest","incumbent","ADMITTED","ADMITTED","9","9","0","4","4.882922989522995","1.5","0.7262875490779619","0.8370070466491786","0.6465358545084627","0.6465358545084627","0.1157982362815884","0.29254799703263074","50","50","50","5","5","False","False","NOT_APPLICABLE","","0","0.0","0","33.81125521659851","50","50","50.0","","","moderate_shadow"
"cifar10","20","2","mixed_maturity","access_full","dirichlet_lcb","benign_concept_drift","0.5","4","2","5","5","0.5","20","9","1.5","5","honest-3","honest","incumbent","ADMITTED","ADMITTED","9","9","0","3","5.004489238881761","1.5","0.7503560216234088","0.8430201361031787","0.6581600617811678","0.6581600617811678","0.11238691964272261","0.3041175807403508","50","50","50","5","5","False","False","NOT_APPLICABLE","","0","0.0","0","32.11611294746399","50","50","50.0","","","moderate_shadow"
"cifar10","20","2","mixed_maturity","access_full","dirichlet_lcb","benign_concept_drift","0.5","4","2","5","5","0.5","20","9","1.5","5","honest-4","honest","incumbent","ADMITTED","ADMITTED","9","9","0","4","4.882922989522995","1.5","0.7462875490779619","0.8370070466491786","0.6465358545084627","0.6465358545084627","0.1157982362815884","0.29254799703263074","50","50","50","5","5","False","False","NOT_APPLICABLE","","0","0.0","0","32.54300594329834","50","50","50.0","","","moderate_shadow"
"cifar10","20","2","mixed_maturity","access_full","dirichlet_lcb","benign_concept_drift","0.5","4","2","5","5","0.5","20","9","1.5","5","honest-5","honest","incumbent","ADMITTED","ADMITTED","9","9","0","4","4.882922989522995","1.5","0.7462875490779619","0.8370070466491786","0.6465358545084627","0.6465358545084627","0.1157982362815884","0.29254799703263074","50","50","50","5","5","False","False","NOT_APPLICABLE","","0","0.0","0","2.6956403255462646","50","50","50.0","","","moderate_shadow"
"cifar10","20","2","mixed_maturity","access_full","dirichlet_lcb","benign_concept_drift","0.5","4","2","5","5","0.5","20","9","1.5","5","honest-6","honest","incumbent","ADMITTED","ADMITTED","9","9","0","4","4.882922989522995","1.5","0.7462875490779619","0.8370070466491786","0.6465358545084627","0.6465358545084627","0.1157982362815884","0.29254799703263074","50","50","50","5","5","False","False","NOT_APPLICABLE","","0","0.0","0","2.97029972076416","50","50","50.0","","","moderate_shadow"
"cifar10","20","2","mixed_maturity","access_full","dirichlet_lcb","benign_concept_drift","0.5","4","2","5","5","0.5","20","9","1.5","5","honest-7","honest","incumbent","ADMITTED","ADMITTED","9","9","0","4","4.882922989522995","1.5","0.7462875490779619","0.8370070466491786","0.6465358545084627","0.6465358545084627","0.1157982362815884","0.29254799703263074","50","50","50","5","5","False","False","NOT_APPLICABLE","","0","0.0","0","3.0225679874420166","50","50","50.0","","","moderate_shadow"
"cifar10","20","2","mixed_maturity","access_full","dirichlet_lcb","benign_concept_drift","0.5","4","2","5","5","0.5","20","9","1.5","5","honest-8","honest","incumbent","ADMITTED","ADMITTED","9","9","0","4","4.882922989522995","1.5","0.7462875490779619","0.8370070466491786","0.6465358545084627","0.6465358545084627","0.1157982362815884","0.29254799703263074","50","50","50","5","5","False","False","NOT_APPLICABLE","","0","0.0","0","3.2754316329956055","50","50","50.0","","","moderate_shadow"
"cifar10","20","2","mixed_maturity","access_full","dirichlet_lcb","benign_concept_drift","0.5","4","2","5","5","0.5","20","9","1.5","5","honest-9","honest","incumbent","ADMITTED","ADMITTED","9","9","0","4","4.882922989522995","1.5","0.7462875490779619","0.8370070466491786","0.6465358545084627","0.6465358545084627","0.1157982362815884","0.29254799703263074","50","50","50","5","5","False","False","NOT_APPLICABLE","","0","0.0","0","2.2340571880340576","50","50","50.0","","","moderate_shadow"
"cifar10","20","2","mixed_maturity","rffl_reputation","dirichlet_lcb","diverse_then_repeat_backdoor","0.5","0","2","5","5","0.5","20","9","1.5","5","attacker-1","diverse_then_repeat_backdoor","newcomer","ADMITTED","ADMITTED","9","9","0","4","4.882922989522995","1.5","0.7462875490779619","0.8370070466491786","0.6465358545084627","0.6465358545084627","0.1157982362815884","0.29254799703263074","50","50","50","0","0","False","False","NOT_APPLICABLE","","0","0.0","0","2.7026638984680176","50","50","50.0","","","moderate_shadow"
"cifar10","20","2","mixed_maturity","rffl_reputation","dirichlet_lcb","diverse_then_repeat_backdoor","0.5","0","2","5","5","0.5","20","9","1.5","5","attacker-2","diverse_then_repeat_backdoor","newcomer","ADMITTED","ADMITTED","9","9","0","4","4.882922989522995","1.5","0.7462875490779619","0.8370070466491786","0.6465358545084627","0.6465358545084627","0.1157982362815884","0.29254799703263074","50","50","50","0","0","False","False","NOT_APPLICABLE","","0","0.0","0","3.4936115741729736","50","50","50.0","","","moderate_shadow"
"cifar10","20","2","mixed_maturity","rffl_reputation","dirichlet_lcb","diverse_then_repeat_backdoor","0.5","0","2","5","5","0.5","20","9","1.5","5","honest-1","honest","incumbent","ADMITTED","ADMITTED","9","9","0","4","4.882922989522995","1.5","0.7462875490779619","0.8370070466491786","0.6465358545084627","0.6465358545084627","0.1157982362815884","0.29254799703263074","50","50","50","0","0","False","False","NOT_APPLICABLE","","0","0.0","0","32.45528244972229","50","50","50.0","","","moderate_shadow"
"cifar10","20","2","mixed_maturity","rffl_reputation","dirichlet_lcb","diverse_then_repeat_backdoor","0.5","0","2","5","5","0.5","20","9","1.5","5","honest-10","honest","incumbent","ADMITTED","ADMITTED","9","9","0","4","4.882922989522995","1.5","0.7462875490779619","0.8370070466491786","0.6465358545084627","0.6465358545084627","0.1157982362815884","0.29254799703263074","50","50","50","0","0","False","False","NOT_APPLICABLE","","0","0.0","0","3.569112539291382","50","50","50.0","","","moderate_shadow"
"cifar10","20","2","mixed_maturity","rffl_reputation","dirichlet_lcb","diverse_then_repeat_backdoor","0.5","0","2","5","5","0.5","20","9","1.5","5","honest-11","honest","incumbent","ADMITTED","ADMITTED","9","9","0","4","4.882922989522995","1.5","0.7462875490779619","0.8370070466491786","0.6465358545084627","0.6465358545084627","0.1157982362815884","0.29254799703263074","50","50","50","0","0","False","False","NOT_APPLICABLE","","0","0.0","0","3.249448299407959","50","50","50.0","","","moderate_shadow"
"cifar10","20","2","mixed_maturity","rffl_reputation","dirichlet_lcb","diverse_then_repeat_backdoor","0.5","0","2","5","5","0.5","20","9","1.5","5","honest-12","honest","incumbent","ADMITTED","ADMITTED","9","9","0","4","4.882922989522995","1.5","0.7462875490779619","0.8370070466491786","0.6465358545084627","0.6465358545084627","0.1157982362815884","0.29254799703263074","50","50","50","0","0","False","False","NOT_APPLICABLE","","0","0.0","0","3.543581962585449","50","50","50.0","","","moderate_shadow"
"cifar10","20","2","mixed_maturity","rffl_reputation","dirichlet_lcb","diverse_then_repeat_backdoor","0.5","0","2","5","5","0.5","20","9","1.5","5","honest-13","honest","incumbent","ADMITTED","ADMITTED","9","9","0","4","4.882922989522995","1.5","0.7462875490779619","0.8370070466491786","0.6465358545084627","0.6465358545084627","0.1157982362815884","0.29254799703263074","50","50","50","0","0","False","False","NOT_APPLICABLE","","0","0.0","0","2.6430904865264893","50","50","50.0","","","moderate_shadow"
"cifar10","20","2","mixed_maturity","rffl_reputation","dirichlet_lcb","diverse_then_repeat_backdoor","0.5","0","2","5","5","0.5","20","9","1.5","5","honest-14","honest","incumbent","ADMITTED","ADMITTED","9","9","0","4","4.882922989522995","1.5","0.7462875490779619","0.8370070466491786","0.6465358545084627","0.6465358545084627","0.1157982362815884","0.29254799703263074","50","50","50","0","0","False","False","NOT_APPLICABLE","","0","0.0","0","2.573657274246216","50","50","50.0","","","moderate_shadow"
"cifar10","20","2","mixed_maturity","rffl_reputation","dirichlet_lcb","diverse_then_repeat_backdoor","0.5","0","2","5","5","0.5","20","9","1.5","5","honest-15","honest","incumbent","ADMITTED","ADMITTED","9","9","0","4","4.882922989522995","1.5","0.7462875490779619","0.8370070466491786","0.6465358545084627","0.6465358545084627","0.1157982362815884","0.29254799703263074","50","50","50","0","0","False","False","NOT_APPLICABLE","","0","0.0","0","2.564692735671997","50","50","50.0","","","moderate_shadow"
"cifar10","20","2","mixed_maturity","rffl_reputation","dirichlet_lcb","diverse_then_repeat_backdoor","0.5","0","2","5","5","0.5","20","9","1.5","5","honest-16","honest","incumbent","ADMITTED","ADMITTED","9","9","0","4","4.882922989522995","1.5","0.7462875490779619","0.8370070466491786","0.6465358545084627","0.6465358545084627","0.1157982362815884","0.29254799703263074","50","50","50","0","0","False","False","NOT_APPLICABLE","","0","0.0","0","2.951627016067505","50","50","50.0","","","moderate_shadow"
"cifar10","20","2","mixed_maturity","rffl_reputation","dirichlet_lcb","diverse_then_repeat_backdoor","0.5","0","2","5","5","0.5","20","9","1.5","5","honest-17","honest","incumbent","ADMITTED","ADMITTED","9","9","0","4","4.882922989522995","1.5","0.7462875490779619","0.8370070466491786","0.6465358545084627","0.6465358545084627","0.1157982362815884","0.29254799703263074","50","50","50","0","0","False","False","NOT_APPLICABLE","","0","0.0","0","2.2963662147521973","50","50","50.0","","","moderate_shadow"
"cifar10","20","2","mixed_maturity","rffl_reputation","dirichlet_lcb","diverse_then_repeat_backdoor","0.5","0","2","5","5","0.5","20","9","1.5","5","honest-18","honest","incumbent","ADMITTED","ADMITTED","9","9","0","4","4.882922989522995","1.5","0.7462875490779619","0.8370070466491786","0.6465358545084627","0.6465358545084627","0.1157982362815884","0.29254799703263074","50","50","50","0","0","False","False","NOT_APPLICABLE","","0","0.0","0","3.1930124759674072","50","50","50.0","","","moderate_shadow"
"cifar10","20","2","mixed_maturity","rffl_reputation","dirichlet_lcb","diverse_then_repeat_backdoor","0.5","0","2","5","5","0.5","20","9","1.5","5","honest-2","honest","incumbent","ADMITTED","ADMITTED","9","9","0","4","4.882922989522995","1.5","0.7462875490779619","0.8370070466491786","0.6465358545084627","0.6465358545084627","0.1157982362815884","0.29254799703263074","50","50","50","0","0","False","False","NOT_APPLICABLE","","0","0.0","0","3.3970417976379395","50","50","50.0","","","moderate_shadow"
"cifar10","20","2","mixed_maturity","rffl_reputation","dirichlet_lcb","diverse_then_repeat_backdoor","0.5","0","2","5","5","0.5","20","9","1.5","5","honest-3","honest","incumbent","ADMITTED","ADMITTED","9","9","0","4","4.882922989522995","1.5","0.7462875490779619","0.8370070466491786","0.6465358545084627","0.6465358545084627","0.1157982362815884","0.29254799703263074","50","50","50","0","0","False","False","NOT_APPLICABLE","","0","0.0","0","2.9923083782196045","50","50","50.0","","","moderate_shadow"
"cifar10","20","2","mixed_maturity","rffl_reputation","dirichlet_lcb","diverse_then_repeat_backdoor","0.5","0","2","5","5","0.5","20","9","1.5","5","honest-4","honest","incumbent","ADMITTED","ADMITTED","9","9","0","4","4.882922989522995","1.5","0.7462875490779619","0.8370070466491786","0.6465358545084627","0.6465358545084627","0.1157982362815884","0.29254799703263074","50","50","50","0","0","False","False","NOT_APPLICABLE","","0","0.0","0","3.27579927444458","50","50","50.0","","","moderate_shadow"
"cifar10","20","2","mixed_maturity","rffl_reputation","dirichlet_lcb","diverse_then_repeat_backdoor","0.5","0","2","5","5","0.5","20","9","1.5","5","honest-5","honest","incumbent","ADMITTED","ADMITTED","9","9","0","4","4.882922989522995","1.5","0.7462875490779619","0.8370070466491786","0.6465358545084627","0.6465358545084627","0.1157982362815884","0.29254799703263074","50","50","50","0","0","False","False","NOT_APPLICABLE","","0","0.0","0","3.40582537651062","50","50","50.0","","","moderate_shadow"
"cifar10","20","2","mixed_maturity","rffl_reputation","dirichlet_lcb","diverse_then_repeat_backdoor","0.5","0","2","5","5","0.5","20","9","1.5","5","honest-6","honest","incumbent","ADMITTED","QUARANTINE","9","9","0","4","4.882922989522995","1.5","0.7462875490779619","0.8370070466491786","0.6465358545084627","0.6465358545084627","0.1157982362815884","0.29254799703263074","41","41","41","0","0","False","False","NOT_APPLICABLE","","0","0.0","0","3.0177881717681885","41","41","41.0","41","RFFL_LOW_REPUTATION","moderate_shadow"
"cifar10","20","2","mixed_maturity","rffl_reputation","dirichlet_lcb","diverse_then_repeat_backdoor","0.5","0","2","5","5","0.5","20","9","1.5","5","honest-7","honest","incumbent","ADMITTED","ADMITTED","9","9","0","4","4.882922989522995","1.5","0.7462875490779619","0.8370070466491786","0.6465358545084627","0.6465358545084627","0.1157982362815884","0.29254799703263074","50","50","50","0","0","False","False","NOT_APPLICABLE","","0","0.0","0","93.59689927101135","50","50","50.0","","","moderate_shadow"
"cifar10","20","2","mixed_maturity","rffl_reputation","dirichlet_lcb","diverse_then_repeat_backdoor","0.5","0","2","5","5","0.5","20","9","1.5","5","honest-8","honest","incumbent","ADMITTED","ADMITTED","9","9","0","4","4.882922989522995","1.5","0.7462875490779619","0.8370070466491786","0.6465358545084627","0.6465358545084627","0.1157982362815884","0.29254799703263074","50","50","50","0","0","False","False","NOT_APPLICABLE","","0","0.0","0","2.5368361473083496","50","50","50.0","","","moderate_shadow"
"cifar10","20","2","mixed_maturity","rffl_reputation","dirichlet_lcb","diverse_then_repeat_backdoor","0.5","0","2","5","5","0.5","20","9","1.5","5","honest-9","honest","incumbent","ADMITTED","ADMITTED","9","9","0","4","4.882922989522995","1.5","0.7462875490779619","0.8370070466491786","0.6465358545084627","0.6465358545084627","0.1157982362815884","0.29254799703263074","50","50","50","0","0","False","False","NOT_APPLICABLE","","0","0.0","0","2.4253880977630615","50","50","50.0","","","moderate_shadow"
"cifar10","20","2","mixed_maturity","rffl_reputation","dirichlet_lcb","diverse_then_repeat_backdoor","0.5","1","2","5","5","0.5","20","9","1.5","5","attacker-1","diverse_then_repeat_backdoor","newcomer","ADMITTED","ADMITTED","9","9","0","4","4.882922989522995","1.5","0.7462875490779619","0.8370070466491786","0.6465358545084627","0.6465358545084627","0.1157982362815884","0.29254799703263074","50","50","50","0","0","False","False","NOT_APPLICABLE","","0","0.0","0","2.1867103576660156","50","50","50.0","","","moderate_shadow"
"cifar10","20","2","mixed_maturity","rffl_reputation","dirichlet_lcb","diverse_then_repeat_backdoor","0.5","1","2","5","5","0.5","20","9","1.5","5","attacker-2","diverse_then_repeat_backdoor","newcomer","ADMITTED","ADMITTED","9","9","0","4","4.882922989522995","1.5","0.7462875490779619","0.8370070466491786","0.6465358545084627","0.6465358545084627","0.1157982362815884","0.29254799703263074","50","50","50","0","0","False","False","NOT_APPLICABLE","","0","0.0","0","2.1699328422546387","50","50","50.0","","","moderate_shadow"
"cifar10","20","2","mixed_maturity","rffl_reputation","dirichlet_lcb","diverse_then_repeat_backdoor","0.5","1","2","5","5","0.5","20","9","1.5","5","honest-1","honest","incumbent","ADMITTED","ADMITTED","9","9","0","4","4.882922989522995","1.5","0.7462875490779619","0.8370070466491786","0.6465358545084627","0.6465358545084627","0.1157982362815884","0.29254799703263074","50","50","50","0","0","False","False","NOT_APPLICABLE","","0","0.0","0","2.122986316680908","50","50","50.0","","","moderate_shadow"
"cifar10","20","2","mixed_maturity","rffl_reputation","dirichlet_lcb","diverse_then_repeat_backdoor","0.5","1","2","5","5","0.5","20","9","1.5","5","honest-10","honest","incumbent","ADMITTED","ADMITTED","9","9","0","4","4.882922989522995","1.5","0.7462875490779619","0.8370070466491786","0.6465358545084627","0.6465358545084627","0.1157982362815884","0.29254799703263074","50","50","50","0","0","False","False","NOT_APPLICABLE","","0","0.0","0","32.338595151901245","50","50","50.0","","","moderate_shadow"
"cifar10","20","2","mixed_maturity","rffl_reputation","dirichlet_lcb","diverse_then_repeat_backdoor","0.5","1","2","5","5","0.5","20","9","1.5","5","honest-11","honest","incumbent","ADMITTED","ADMITTED","9","9","0","4","4.882922989522995","1.5","0.7462875490779619","0.8370070466491786","0.6465358545084627","0.6465358545084627","0.1157982362815884","0.29254799703263074","50","50","50","0","0","False","False","NOT_APPLICABLE","","0","0.0","0","3.0301613807678223","50","50","50.0","","","moderate_shadow"
"cifar10","20","2","mixed_maturity","rffl_reputation","dirichlet_lcb","diverse_then_repeat_backdoor","0.5","1","2","5","5","0.5","20","9","1.5","5","honest-12","honest","incumbent","ADMITTED","ADMITTED","9","9","0","4","4.882922989522995","1.5","0.7462875490779619","0.8370070466491786","0.6465358545084627","0.6465358545084627","0.1157982362815884","0.29254799703263074","50","50","50","0","0","False","False","NOT_APPLICABLE","","0","0.0","0","2.455714464187622","50","50","50.0","","","moderate_shadow"
"cifar10","20","2","mixed_maturity","rffl_reputation","dirichlet_lcb","diverse_then_repeat_backdoor","0.5","1","2","5","5","0.5","20","9","1.5","5","honest-13","honest","incumbent","ADMITTED","ADMITTED","9","9","0","4","4.882922989522995","1.5","0.7462875490779619","0.8370070466491786","0.6465358545084627","0.6465358545084627","0.1157982362815884","0.29254799703263074","50","50","50","0","0","False","False","NOT_APPLICABLE","","0","0.0","0","3.160341501235962","50","50","50.0","","","moderate_shadow"
"cifar10","20","2","mixed_maturity","rffl_reputation","dirichlet_lcb","diverse_then_repeat_backdoor","0.5","1","2","5","5","0.5","20","9","1.5","5","honest-14","honest","incumbent","ADMITTED","ADMITTED","9","9","0","4","4.882922989522995","1.5","0.7462875490779619","0.8370070466491786","0.6465358545084627","0.6465358545084627","0.1157982362815884","0.29254799703263074","50","50","50","0","0","False","False","NOT_APPLICABLE","","0","0.0","0","2.1776022911071777","50","50","50.0","","","moderate_shadow"
"cifar10","20","2","mixed_maturity","rffl_reputation","dirichlet_lcb","diverse_then_repeat_backdoor","0.5","1","2","5","5","0.5","20","9","1.5","5","honest-15","honest","incumbent","ADMITTED","ADMITTED","9","9","0","4","4.882922989522995","1.5","0.7462875490779619","0.8370070466491786","0.6465358545084627","0.6465358545084627","0.1157982362815884","0.29254799703263074","50","50","50","0","0","False","False","NOT_APPLICABLE","","0","0.0","0","2.3344056606292725","50","50","50.0","","","moderate_shadow"
"cifar10","20","2","mixed_maturity","rffl_reputation","dirichlet_lcb","diverse_then_repeat_backdoor","0.5","1","2","5","5","0.5","20","9","1.5","5","honest-16","honest","incumbent","ADMITTED","ADMITTED","9","9","0","4","4.882922989522995","1.5","0.7462875490779619","0.8370070466491786","0.6465358545084627","0.6465358545084627","0.1157982362815884","0.29254799703263074","50","50","50","0","0","False","False","NOT_APPLICABLE","","0","0.0","0","3.2020108699798584","50","50","50.0","","","moderate_shadow"
"cifar10","20","2","mixed_maturity","rffl_reputation","dirichlet_lcb","diverse_then_repeat_backdoor","0.5","1","2","5","5","0.5","20","9","1.5","5","honest-17","honest","incumbent","ADMITTED","ADMITTED","9","9","0","4","4.882922989522995","1.5","0.7462875490779619","0.8370070466491786","0.6465358545084627","0.6465358545084627","0.1157982362815884","0.29254799703263074","50","50","50","0","0","False","False","NOT_APPLICABLE","","0","0.0","0","3.3810226917266846","50","50","50.0","","","moderate_shadow"
"cifar10","20","2","mixed_maturity","rffl_reputation","dirichlet_lcb","diverse_then_repeat_backdoor","0.5","1","2","5","5","0.5","20","9","1.5","5","honest-18","honest","incumbent","ADMITTED","ADMITTED","9","9","0","3","4.5294892388817605","1.5","0.7401065581334588","0.8277664507491892","0.6288758803813109","0.6288758803813109","0.12091685363435191","0.27568090107538146","50","50","50","0","0","False","False","NOT_APPLICABLE","","0","0.0","0","32.51294302940369","50","50","50.0","","","moderate_shadow"
"cifar10","20","2","mixed_maturity","rffl_reputation","dirichlet_lcb","diverse_then_repeat_backdoor","0.5","1","2","5","5","0.5","20","9","1.5","5","honest-2","honest","incumbent","ADMITTED","ADMITTED","9","9","0","3","5.004489238881761","1.5","0.7503560216234088","0.8430201361031787","0.6581600617811678","0.6581600617811678","0.11238691964272261","0.3041175807403508","50","50","50","0","0","False","False","NOT_APPLICABLE","","0","0.0","0","62.44550704956055","50","50","50.0","","","moderate_shadow"
"cifar10","20","2","mixed_maturity","rffl_reputation","dirichlet_lcb","diverse_then_repeat_backdoor","0.5","1","2","5","5","0.5","20","9","1.5","5","honest-3","honest","incumbent","ADMITTED","ADMITTED","9","9","0","4","4.882922989522995","1.5","0.7462875490779619","0.8370070466491786","0.6465358545084627","0.6465358545084627","0.1157982362815884","0.29254799703263074","50","50","50","0","0","False","False","NOT_APPLICABLE","","0","0.0","0","33.21098446846008","50","50","50.0","","","moderate_shadow"
"cifar10","20","2","mixed_maturity","rffl_reputation","dirichlet_lcb","diverse_then_repeat_backdoor","0.5","1","2","5","5","0.5","20","9","1.5","5","honest-4","honest","incumbent","ADMITTED","ADMITTED","9","9","0","4","4.882922989522995","1.5","0.7462875490779619","0.8370070466491786","0.6465358545084627","0.6465358545084627","0.1157982362815884","0.29254799703263074","50","50","50","0","0","False","False","NOT_APPLICABLE","","0","0.0","0","2.6810224056243896","50","50","50.0","","","moderate_shadow"
"cifar10","20","2","mixed_maturity","rffl_reputation","dirichlet_lcb","diverse_then_repeat_backdoor","0.5","1","2","5","5","0.5","20","9","1.5","5","honest-5","honest","incumbent","ADMITTED","ADMITTED","9","9","0","4","4.882922989522995","1.5","0.7462875490779619","0.8370070466491786","0.6465358545084627","0.6465358545084627","0.1157982362815884","0.29254799703263074","50","50","50","0","0","False","False","NOT_APPLICABLE","","0","0.0","0","32.599366426467896","50","50","50.0","","","moderate_shadow"
"cifar10","20","2","mixed_maturity","rffl_reputation","dirichlet_lcb","diverse_then_repeat_backdoor","0.5","1","2","5","5","0.5","20","9","1.5","5","honest-6","honest","incumbent","ADMITTED","ADMITTED","9","9","0","4","4.882922989522995","1.5","0.7462875490779619","0.8370070466491786","0.6465358545084627","0.6465358545084627","0.1157982362815884","0.29254799703263074","50","50","50","0","0","False","False","NOT_APPLICABLE","","0","0.0","0","2.7195537090301514","50","50","50.0","","","moderate_shadow"
"cifar10","20","2","mixed_maturity","rffl_reputation","dirichlet_lcb","diverse_then_repeat_backdoor","0.5","1","2","5","5","0.5","20","9","1.5","5","honest-7","honest","incumbent","ADMITTED","ADMITTED","9","9","0","4","4.882922989522995","1.5","0.7462875490779619","0.8370070466491786","0.6465358545084627","0.6465358545084627","0.1157982362815884","0.29254799703263074","50","50","50","0","0","False","False","NOT_APPLICABLE","","0","0.0","0","33.08980393409729","50","50","50.0","","","moderate_shadow"
"cifar10","20","2","mixed_maturity","rffl_reputation","dirichlet_lcb","diverse_then_repeat_backdoor","0.5","1","2","5","5","0.5","20","9","1.5","5","honest-8","honest","incumbent","ADMITTED","ADMITTED","9","9","0","4","4.882922989522995","1.5","0.7462875490779619","0.8370070466491786","0.6465358545084627","0.6465358545084627","0.1157982362815884","0.29254799703263074","50","50","50","0","0","False","False","NOT_APPLICABLE","","0","0.0","0","3.4573733806610107","50","50","50.0","","","moderate_shadow"
"cifar10","20","2","mixed_maturity","rffl_reputation","dirichlet_lcb","diverse_then_repeat_backdoor","0.5","1","2","5","5","0.5","20","9","1.5","5","honest-9","honest","incumbent","ADMITTED","ADMITTED","9","9","0","4","4.882922989522995","1.5","0.7462875490779619","0.8370070466491786","0.6465358545084627","0.6465358545084627","0.1157982362815884","0.29254799703263074","50","50","50","0","0","False","False","NOT_APPLICABLE","","0","0.0","0","3.119072198867798","50","50","50.0","","","moderate_shadow"
"cifar10","20","2","mixed_maturity","rffl_reputation","dirichlet_lcb","diverse_then_repeat_backdoor","0.5","2","2","5","5","0.5","20","9","1.5","5","attacker-1","diverse_then_repeat_backdoor","newcomer","ADMITTED","ADMITTED","9","9","0","4","4.882922989522995","1.5","0.7462875490779619","0.8370070466491786","0.6465358545084627","0.6465358545084627","0.1157982362815884","0.29254799703263074","50","50","50","0","0","False","False","NOT_APPLICABLE","","0","0.0","0","2.216221570968628","50","50","50.0","","","moderate_shadow"
"cifar10","20","2","mixed_maturity","rffl_reputation","dirichlet_lcb","diverse_then_repeat_backdoor","0.5","2","2","5","5","0.5","20","9","1.5","5","attacker-2","diverse_then_repeat_backdoor","newcomer","ADMITTED","ADMITTED","9","9","0","4","4.882922989522995","1.5","0.7462875490779619","0.8370070466491786","0.6465358545084627","0.6465358545084627","0.1157982362815884","0.29254799703263074","50","50","50","0","0","False","False","NOT_APPLICABLE","","0","0.0","0","2.4541075229644775","50","50","50.0","","","moderate_shadow"
"cifar10","20","2","mixed_maturity","rffl_reputation","dirichlet_lcb","diverse_then_repeat_backdoor","0.5","2","2","5","5","0.5","20","9","1.5","5","honest-1","honest","incumbent","ADMITTED","ADMITTED","9","9","0","4","4.882922989522995","1.5","0.7462875490779619","0.8370070466491786","0.6465358545084627","0.6465358545084627","0.1157982362815884","0.29254799703263074","50","50","50","0","0","False","False","NOT_APPLICABLE","","0","0.0","0","32.491599559783936","50","50","50.0","","","moderate_shadow"
"cifar10","20","2","mixed_maturity","rffl_reputation","dirichlet_lcb","diverse_then_repeat_backdoor","0.5","2","2","5","5","0.5","20","9","1.5","5","honest-10","honest","incumbent","ADMITTED","ADMITTED","11","11","0","3","5.419531626612037","1.5","0.7509212720692868","0.8438513019312254","0.6597750630551052","0.6597750630551052","0.11191038163637629","0.3057557302355997","50","50","50","0","0","False","False","NOT_APPLICABLE","","0","0.0","0","62.772385358810425","50","50","50.0","","","moderate_shadow"
"cifar10","20","2","mixed_maturity","rffl_reputation","dirichlet_lcb","diverse_then_repeat_backdoor","0.5","2","2","5","5","0.5","20","9","1.5","5","honest-11","honest","incumbent","ADMITTED","ADMITTED","9","9","0","4","4.882922989522995","1.5","0.7462875490779619","0.8370070466491786","0.6465358545084627","0.6465358545084627","0.1157982362815884","0.29254799703263074","50","50","50","0","0","False","False","NOT_APPLICABLE","","0","0.0","0","33.40055203437805","50","50","50.0","","","moderate_shadow"
"cifar10","20","2","mixed_maturity","rffl_reputation","dirichlet_lcb","diverse_then_repeat_backdoor","0.5","2","2","5","5","0.5","20","9","1.5","5","honest-12","honest","incumbent","ADMITTED","QUARANTINE","9","9","0","4","4.882922989522995","1.5","0.7462875490779619","0.8370070466491786","0.6465358545084627","0.6465358545084627","0.1157982362815884","0.29254799703263074","35","35","35","0","0","False","False","NOT_APPLICABLE","","0","0.0","0","32.2842755317688","35","35","35.0","35","RFFL_LOW_REPUTATION","moderate_shadow"
"cifar10","20","2","mixed_maturity","rffl_reputation","dirichlet_lcb","diverse_then_repeat_backdoor","0.5","2","2","5","5","0.5","20","9","1.5","5","honest-13","honest","incumbent","ADMITTED","ADMITTED","9","9","0","4","4.882922989522995","1.5","0.7462875490779619","0.8370070466491786","0.6465358545084627","0.6465358545084627","0.1157982362815884","0.29254799703263074","50","50","50","0","0","False","False","NOT_APPLICABLE","","0","0.0","0","3.1910619735717773","50","50","50.0","","","moderate_shadow"
"cifar10","20","2","mixed_maturity","rffl_reputation","dirichlet_lcb","diverse_then_repeat_backdoor","0.5","2","2","5","5","0.5","20","9","1.5","5","honest-14","honest","incumbent","ADMITTED","ADMITTED","9","9","0","4","4.882922989522995","1.5","0.7462875490779619","0.8370070466491786","0.6465358545084627","0.6465358545084627","0.1157982362815884","0.29254799703263074","50","50","50","0","0","False","False","NOT_APPLICABLE","","0","0.0","0","3.4432272911071777","50","50","50.0","","","moderate_shadow"
"cifar10","20","2","mixed_maturity","rffl_reputation","dirichlet_lcb","diverse_then_repeat_backdoor","0.5","2","2","5","5","0.5","20","9","1.5","5","honest-15","honest","incumbent","ADMITTED","ADMITTED","9","9","0","4","4.882922989522995","1.5","0.7462875490779619","0.8370070466491786","0.6465358545084627","0.6465358545084627","0.1157982362815884","0.29254799703263074","50","50","50","0","0","False","False","NOT_APPLICABLE","","0","0.0","0","3.231752634048462","50","50","50.0","","","moderate_shadow"
"cifar10","20","2","mixed_maturity","rffl_reputation","dirichlet_lcb","diverse_then_repeat_backdoor","0.5","2","2","5","5","0.5","20","9","1.5","5","honest-16","honest","incumbent","ADMITTED","ADMITTED","9","9","0","4","4.882922989522995","1.5","0.7462875490779619","0.8370070466491786","0.6465358545084627","0.6465358545084627","0.1157982362815884","0.29254799703263074","50","50","50","0","0","False","False","NOT_APPLICABLE","","0","0.0","0","32.436848640441895","50","50","50.0","","","moderate_shadow"
"cifar10","20","2","mixed_maturity","rffl_reputation","dirichlet_lcb","diverse_then_repeat_backdoor","0.5","2","2","5","5","0.5","20","9","1.5","5","honest-17","honest","incumbent","ADMITTED","ADMITTED","9","9","0","4","4.882922989522995","1.5","0.7462875490779619","0.8370070466491786","0.6465358545084627","0.6465358545084627","0.1157982362815884","0.29254799703263074","50","50","50","0","0","False","False","NOT_APPLICABLE","","0","0.0","0","2.3053178787231445","50","50","50.0","","","moderate_shadow"
"cifar10","20","2","mixed_maturity","rffl_reputation","dirichlet_lcb","diverse_then_repeat_backdoor","0.5","2","2","5","5","0.5","20","9","1.5","5","honest-18","honest","incumbent","ADMITTED","ADMITTED","9","9","0","4","4.882922989522995","1.5","0.7462875490779619","0.8370070466491786","0.6465358545084627","0.6465358545084627","0.1157982362815884","0.29254799703263074","50","50","50","0","0","False","False","NOT_APPLICABLE","","0","0.0","0","2.566531181335449","50","50","50.0","","","moderate_shadow"
"cifar10","20","2","mixed_maturity","rffl_reputation","dirichlet_lcb","diverse_then_repeat_backdoor","0.5","2","2","5","5","0.5","20","9","1.5","5","honest-2","honest","incumbent","ADMITTED","ADMITTED","9","9","0","4","4.882922989522995","1.5","0.7462875490779619","0.8370070466491786","0.6465358545084627","0.6465358545084627","0.1157982362815884","0.29254799703263074","50","50","50","0","0","False","False","NOT_APPLICABLE","","0","0.0","0","3.2615325450897217","50","50","50.0","","","moderate_shadow"
"cifar10","20","2","mixed_maturity","rffl_reputation","dirichlet_lcb","diverse_then_repeat_backdoor","0.5","2","2","5","5","0.5","20","9","1.5","5","honest-3","honest","incumbent","ADMITTED","ADMITTED","9","9","0","4","4.882922989522995","1.5","0.7462875490779619","0.8370070466491786","0.6465358545084627","0.6465358545084627","0.1157982362815884","0.29254799703263074","50","50","50","0","0","False","False","NOT_APPLICABLE","","0","0.0","0","2.7288010120391846","50","50","50.0","","","moderate_shadow"
"cifar10","20","2","mixed_maturity","rffl_reputation","dirichlet_lcb","diverse_then_repeat_backdoor","0.5","2","2","5","5","0.5","20","9","1.5","5","honest-4","honest","incumbent","ADMITTED","ADMITTED","9","9","0","4","4.882922989522995","1.5","0.7462875490779619","0.8370070466491786","0.6465358545084627","0.6465358545084627","0.1157982362815884","0.29254799703263074","50","50","50","0","0","False","False","NOT_APPLICABLE","","0","0.0","0","3.244417905807495","50","50","50.0","","","moderate_shadow"
"cifar10","20","2","mixed_maturity","rffl_reputation","dirichlet_lcb","diverse_then_repeat_backdoor","0.5","2","2","5","5","0.5","20","9","1.5","5","honest-5","honest","incumbent","ADMITTED","ADMITTED","9","9","0","4","4.882922989522995","1.5","0.7462875490779619","0.8370070466491786","0.6465358545084627","0.6465358545084627","0.1157982362815884","0.29254799703263074","50","50","50","0","0","False","False","NOT_APPLICABLE","","0","0.0","0","32.4857702255249","50","50","50.0","","","moderate_shadow"
"cifar10","20","2","mixed_maturity","rffl_reputation","dirichlet_lcb","diverse_then_repeat_backdoor","0.5","2","2","5","5","0.5","20","9","1.5","5","honest-6","honest","incumbent","ADMITTED","ADMITTED","9","9","0","4","4.882922989522995","1.5","0.7462875490779619","0.8370070466491786","0.6465358545084627","0.6465358545084627","0.1157982362815884","0.29254799703263074","50","50","50","0","0","False","False","NOT_APPLICABLE","","0","0.0","0","3.376007080078125","50","50","50.0","","","moderate_shadow"
"cifar10","20","2","mixed_maturity","rffl_reputation","dirichlet_lcb","diverse_then_repeat_backdoor","0.5","2","2","5","5","0.5","20","9","1.5","5","honest-7","honest","incumbent","ADMITTED","ADMITTED","9","9","0","4","4.882922989522995","1.5","0.7462875490779619","0.8370070466491786","0.6465358545084627","0.6465358545084627","0.1157982362815884","0.29254799703263074","50","50","50","0","0","False","False","NOT_APPLICABLE","","0","0.0","0","3.364917278289795","50","50","50.0","","","moderate_shadow"
"cifar10","20","2","mixed_maturity","rffl_reputation","dirichlet_lcb","diverse_then_repeat_backdoor","0.5","2","2","5","5","0.5","20","9","1.5","5","honest-8","honest","incumbent","ADMITTED","ADMITTED","9","9","0","4","4.882922989522995","1.5","0.7462875490779619","0.8370070466491786","0.6465358545084627","0.6465358545084627","0.1157982362815884","0.29254799703263074","50","50","50","0","0","False","False","NOT_APPLICABLE","","0","0.0","0","3.467600107192993","50","50","50.0","","","moderate_shadow"
"cifar10","20","2","mixed_maturity","rffl_reputation","dirichlet_lcb","diverse_then_repeat_backdoor","0.5","2","2","5","5","0.5","20","9","1.5","5","honest-9","honest","incumbent","ADMITTED","ADMITTED","9","9","0","3","4.76698923888176","1.5","0.7437820368902304","0.8332768051183246","0.6393772482578011","0.6393772482578011","0.11788253356256753","0.28561047849957855","50","50","50","0","0","False","False","NOT_APPLICABLE","","0","0.0","0","32.55374526977539","50","50","50.0","","","moderate_shadow"
"cifar10","20","2","mixed_maturity","rffl_reputation","dirichlet_lcb","diverse_then_repeat_backdoor","0.5","3","2","5","5","0.5","20","9","1.5","5","attacker-1","diverse_then_repeat_backdoor","newcomer","ADMITTED","ADMITTED","9","9","0","4","4.882922989522995","1.5","0.7462875490779619","0.8370070466491786","0.6465358545084627","0.6465358545084627","0.1157982362815884","0.29254799703263074","50","50","50","0","0","False","False","NOT_APPLICABLE","","0","0.0","0","2.5210659503936768","50","50","50.0","","","moderate_shadow"
"cifar10","20","2","mixed_maturity","rffl_reputation","dirichlet_lcb","diverse_then_repeat_backdoor","0.5","3","2","5","5","0.5","20","9","1.5","5","attacker-2","diverse_then_repeat_backdoor","newcomer","ADMITTED","QUARANTINE","9","9","0","4","4.882922989522995","1.5","0.7462875490779619","0.8370070466491786","0.6465358545084627","0.6465358545084627","0.1157982362815884","0.29254799703263074","12","12","12","0","0","False","False","NOT_APPLICABLE","","0","0.0","0","2.208858013153076","12","12","12.0","12","RFFL_LOW_REPUTATION","moderate_shadow"
"cifar10","20","2","mixed_maturity","rffl_reputation","dirichlet_lcb","diverse_then_repeat_backdoor","0.5","3","2","5","5","0.5","20","9","1.5","5","honest-1","honest","incumbent","ADMITTED","ADMITTED","9","9","0","4","4.882922989522995","1.5","0.7462875490779619","0.8370070466491786","0.6465358545084627","0.6465358545084627","0.1157982362815884","0.29254799703263074","50","50","50","0","0","False","False","NOT_APPLICABLE","","0","0.0","0","2.4054040908813477","50","50","50.0","","","moderate_shadow"
"cifar10","20","2","mixed_maturity","rffl_reputation","dirichlet_lcb","diverse_then_repeat_backdoor","0.5","3","2","5","5","0.5","20","9","1.5","5","honest-10","honest","incumbent","ADMITTED","ADMITTED","9","9","0","4","4.882922989522995","1.5","0.7462875490779619","0.8370070466491786","0.6465358545084627","0.6465358545084627","0.1157982362815884","0.29254799703263074","50","50","50","0","0","False","False","NOT_APPLICABLE","","0","0.0","0","2.3678512573242188","50","50","50.0","","","moderate_shadow"
"cifar10","20","2","mixed_maturity","rffl_reputation","dirichlet_lcb","diverse_then_repeat_backdoor","0.5","3","2","5","5","0.5","20","9","1.5","5","honest-11","honest","incumbent","ADMITTED","ADMITTED","9","9","0","4","4.882922989522995","1.5","0.7462875490779619","0.8370070466491786","0.6465358545084627","0.6465358545084627","0.1157982362815884","0.29254799703263074","50","50","50","0","0","False","False","NOT_APPLICABLE","","0","0.0","0","3.334639072418213","50","50","50.0","","","moderate_shadow"
"cifar10","20","2","mixed_maturity","rffl_reputation","dirichlet_lcb","diverse_then_repeat_backdoor","0.5","3","2","5","5","0.5","20","9","1.5","5","honest-12","honest","incumbent","ADMITTED","ADMITTED","9","9","0","4","4.882922989522995","1.5","0.7462875490779619","0.8370070466491786","0.6465358545084627","0.6465358545084627","0.1157982362815884","0.29254799703263074","50","50","50","0","0","False","False","NOT_APPLICABLE","","0","0.0","0","2.7897679805755615","50","50","50.0","","","moderate_shadow"
"cifar10","20","2","mixed_maturity","rffl_reputation","dirichlet_lcb","diverse_then_repeat_backdoor","0.5","3","2","5","5","0.5","20","9","1.5","5","honest-13","honest","incumbent","ADMITTED","ADMITTED","9","9","0","4","4.882922989522995","1.5","0.7462875490779619","0.8370070466491786","0.6465358545084627","0.6465358545084627","0.1157982362815884","0.29254799703263074","50","50","50","0","0","False","False","NOT_APPLICABLE","","0","0.0","0","2.278270959854126","50","50","50.0","","","moderate_shadow"
"cifar10","20","2","mixed_maturity","rffl_reputation","dirichlet_lcb","diverse_then_repeat_backdoor","0.5","3","2","5","5","0.5","20","9","1.5","5","honest-14","honest","incumbent","ADMITTED","ADMITTED","9","9","0","4","4.882922989522995","1.5","0.7462875490779619","0.8370070466491786","0.6465358545084627","0.6465358545084627","0.1157982362815884","0.29254799703263074","50","50","50","0","0","False","False","NOT_APPLICABLE","","0","0.0","0","3.375762462615967","50","50","50.0","","","moderate_shadow"
"cifar10","20","2","mixed_maturity","rffl_reputation","dirichlet_lcb","diverse_then_repeat_backdoor","0.5","3","2","5","5","0.5","20","9","1.5","5","honest-15","honest","incumbent","ADMITTED","ADMITTED","9","9","0","4","4.882922989522995","1.5","0.7462875490779619","0.8370070466491786","0.6465358545084627","0.6465358545084627","0.1157982362815884","0.29254799703263074","50","50","50","0","0","False","False","NOT_APPLICABLE","","0","0.0","0","32.69430112838745","50","50","50.0","","","moderate_shadow"
"cifar10","20","2","mixed_maturity","rffl_reputation","dirichlet_lcb","diverse_then_repeat_backdoor","0.5","3","2","5","5","0.5","20","9","1.5","5","honest-16","honest","incumbent","ADMITTED","ADMITTED","9","9","0","3","5.004489238881761","1.5","0.7503560216234088","0.8430201361031787","0.6581600617811678","0.6581600617811678","0.11238691964272261","0.3041175807403508","50","50","50","0","0","False","False","NOT_APPLICABLE","","0","0.0","0","32.3910858631134","50","50","50.0","","","moderate_shadow"
"cifar10","20","2","mixed_maturity","rffl_reputation","dirichlet_lcb","diverse_then_repeat_backdoor","0.5","3","2","5","5","0.5","20","9","1.5","5","honest-17","honest","incumbent","ADMITTED","ADMITTED","12","12","0","3","5.3499694871438415","1.5","0.7478143545076069","0.8392699711010733","0.6508981557360198","0.6508981557360198","0.11452190611753592","0.2968448682209436","50","50","50","0","0","False","False","NOT_APPLICABLE","","0","0.0","0","63.407947301864624","50","50","50.0","","","moderate_shadow"
"cifar10","20","2","mixed_maturity","rffl_reputation","dirichlet_lcb","diverse_then_repeat_backdoor","0.5","3","2","5","5","0.5","20","9","1.5","5","honest-18","honest","incumbent","ADMITTED","ADMITTED","9","9","0","4","4.882922989522995","1.5","0.7462875490779619","0.8370070466491786","0.6465358545084627","0.6465358545084627","0.1157982362815884","0.29254799703263074","50","50","50","0","0","False","False","NOT_APPLICABLE","","0","0.0","0","3.189955711364746","50","50","50.0","","","moderate_shadow"
"cifar10","20","2","mixed_maturity","rffl_reputation","dirichlet_lcb","diverse_then_repeat_backdoor","0.5","3","2","5","5","0.5","20","9","1.5","5","honest-2","honest","incumbent","ADMITTED","ADMITTED","9","9","0","4","4.882922989522995","1.5","0.7462875490779619","0.8370070466491786","0.6465358545084627","0.6465358545084627","0.1157982362815884","0.29254799703263074","50","50","50","0","0","False","False","NOT_APPLICABLE","","0","0.0","0","3.058654308319092","50","50","50.0","","","moderate_shadow"
"cifar10","20","2","mixed_maturity","rffl_reputation","dirichlet_lcb","diverse_then_repeat_backdoor","0.5","3","2","5","5","0.5","20","9","1.5","5","honest-3","honest","incumbent","ADMITTED","ADMITTED","9","9","0","4","4.882922989522995","1.5","0.7462875490779619","0.8370070466491786","0.6465358545084627","0.6465358545084627","0.1157982362815884","0.29254799703263074","50","50","50","0","0","False","False","NOT_APPLICABLE","","0","0.0","0","3.164290428161621","50","50","50.0","","","moderate_shadow"
"cifar10","20","2","mixed_maturity","rffl_reputation","dirichlet_lcb","diverse_then_repeat_backdoor","0.5","3","2","5","5","0.5","20","9","1.5","5","honest-4","honest","incumbent","ADMITTED","ADMITTED","9","9","0","4","4.882922989522995","1.5","0.7462875490779619","0.8370070466491786","0.6465358545084627","0.6465358545084627","0.1157982362815884","0.29254799703263074","50","50","50","0","0","False","False","NOT_APPLICABLE","","0","0.0","0","33.12943911552429","50","50","50.0","","","moderate_shadow"
"cifar10","20","2","mixed_maturity","rffl_reputation","dirichlet_lcb","diverse_then_repeat_backdoor","0.5","3","2","5","5","0.5","20","9","1.5","5","honest-5","honest","incumbent","ADMITTED","ADMITTED","9","9","0","4","4.882922989522995","1.5","0.7462875490779619","0.8370070466491786","0.6465358545084627","0.6465358545084627","0.1157982362815884","0.29254799703263074","50","50","50","0","0","False","False","NOT_APPLICABLE","","0","0.0","0","32.586053133010864","50","50","50.0","","","moderate_shadow"
"cifar10","20","2","mixed_maturity","rffl_reputation","dirichlet_lcb","diverse_then_repeat_backdoor","0.5","3","2","5","5","0.5","20","9","1.5","5","honest-6","honest","incumbent","ADMITTED","ADMITTED","9","9","0","4","4.882922989522995","1.5","0.7462875490779619","0.8370070466491786","0.6465358545084627","0.6465358545084627","0.1157982362815884","0.29254799703263074","50","50","50","0","0","False","False","NOT_APPLICABLE","","0","0.0","0","32.505528688430786","50","50","50.0","","","moderate_shadow"
"cifar10","20","2","mixed_maturity","rffl_reputation","dirichlet_lcb","diverse_then_repeat_backdoor","0.5","3","2","5","5","0.5","20","9","1.5","5","honest-7","honest","incumbent","ADMITTED","ADMITTED","9","9","0","4","4.882922989522995","1.5","0.7462875490779619","0.8370070466491786","0.6465358545084627","0.6465358545084627","0.1157982362815884","0.29254799703263074","50","50","50","0","0","False","False","NOT_APPLICABLE","","0","0.0","0","3.268583059310913","50","50","50.0","","","moderate_shadow"
"cifar10","20","2","mixed_maturity","rffl_reputation","dirichlet_lcb","diverse_then_repeat_backdoor","0.5","3","2","5","5","0.5","20","9","1.5","5","honest-8","honest","incumbent","ADMITTED","ADMITTED","9","9","0","4","4.882922989522995","1.5","0.7462875490779619","0.8370070466491786","0.6465358545084627","0.6465358545084627","0.1157982362815884","0.29254799703263074","50","50","50","0","0","False","False","NOT_APPLICABLE","","0","0.0","0","3.063034772872925","50","50","50.0","","","moderate_shadow"
"cifar10","20","2","mixed_maturity","rffl_reputation","dirichlet_lcb","diverse_then_repeat_backdoor","0.5","3","2","5","5","0.5","20","9","1.5","5","honest-9","honest","incumbent","ADMITTED","ADMITTED","9","9","0","4","4.882922989522995","1.5","0.7462875490779619","0.8370070466491786","0.6465358545084627","0.6465358545084627","0.1157982362815884","0.29254799703263074","50","50","50","0","0","False","False","NOT_APPLICABLE","","0","0.0","0","2.4018912315368652","50","50","50.0","","","moderate_shadow"
"cifar10","20","2","mixed_maturity","rffl_reputation","dirichlet_lcb","diverse_then_repeat_backdoor","0.5","4","2","5","5","0.5","20","9","1.5","5","attacker-1","diverse_then_repeat_backdoor","newcomer","ADMITTED","ADMITTED","9","9","0","4","4.882922989522995","1.5","0.7462875490779619","0.8370070466491786","0.6465358545084627","0.6465358545084627","0.1157982362815884","0.29254799703263074","50","50","50","0","0","False","False","NOT_APPLICABLE","","0","0.0","0","3.013317584991455","50","50","50.0","","","moderate_shadow"
"cifar10","20","2","mixed_maturity","rffl_reputation","dirichlet_lcb","diverse_then_repeat_backdoor","0.5","4","2","5","5","0.5","20","9","1.5","5","attacker-2","diverse_then_repeat_backdoor","newcomer","ADMITTED","ADMITTED","9","9","0","4","4.882922989522995","1.5","0.7462875490779619","0.8370070466491786","0.6465358545084627","0.6465358545084627","0.1157982362815884","0.29254799703263074","50","50","50","0","0","False","False","NOT_APPLICABLE","","0","0.0","0","3.062224864959717","50","50","50.0","","","moderate_shadow"
"cifar10","20","2","mixed_maturity","rffl_reputation","dirichlet_lcb","diverse_then_repeat_backdoor","0.5","4","2","5","5","0.5","20","9","1.5","5","honest-1","honest","incumbent","ADMITTED","ADMITTED","9","9","0","4","4.882922989522995","1.5","0.7462875490779619","0.8370070466491786","0.6465358545084627","0.6465358545084627","0.1157982362815884","0.29254799703263074","50","50","50","0","0","False","False","NOT_APPLICABLE","","0","0.0","0","3.725703716278076","50","50","50.0","","","moderate_shadow"
"cifar10","20","2","mixed_maturity","rffl_reputation","dirichlet_lcb","diverse_then_repeat_backdoor","0.5","4","2","5","5","0.5","20","9","1.5","5","honest-10","honest","incumbent","ADMITTED","ADMITTED","9","9","0","4","4.882922989522995","1.5","0.7462875490779619","0.8370070466491786","0.6465358545084627","0.6465358545084627","0.1157982362815884","0.29254799703263074","50","50","50","0","0","False","False","NOT_APPLICABLE","","0","0.0","0","62.854745626449585","50","50","50.0","","","moderate_shadow"
"cifar10","20","2","mixed_maturity","rffl_reputation","dirichlet_lcb","diverse_then_repeat_backdoor","0.5","4","2","5","5","0.5","20","9","1.5","5","honest-11","honest","incumbent","ADMITTED","ADMITTED","9","9","0","4","4.882922989522995","1.5","0.7462875490779619","0.8370070466491786","0.6465358545084627","0.6465358545084627","0.1157982362815884","0.29254799703263074","50","50","50","0","0","False","False","NOT_APPLICABLE","","0","0.0","0","3.6740565299987793","50","50","50.0","","","moderate_shadow"
"cifar10","20","2","mixed_maturity","rffl_reputation","dirichlet_lcb","diverse_then_repeat_backdoor","0.5","4","2","5","5","0.5","20","9","1.5","5","honest-12","honest","incumbent","ADMITTED","ADMITTED","9","9","0","4","4.882922989522995","1.5","0.7462875490779619","0.8370070466491786","0.6465358545084627","0.6465358545084627","0.1157982362815884","0.29254799703263074","50","50","50","0","0","False","False","NOT_APPLICABLE","","0","0.0","0","2.774892807006836","50","50","50.0","","","moderate_shadow"
"cifar10","20","2","mixed_maturity","rffl_reputation","dirichlet_lcb","diverse_then_repeat_backdoor","0.5","4","2","5","5","0.5","20","9","1.5","5","honest-13","honest","incumbent","ADMITTED","ADMITTED","9","9","0","4","4.882922989522995","1.5","0.7462875490779619","0.8370070466491786","0.6465358545084627","0.6465358545084627","0.1157982362815884","0.29254799703263074","50","50","50","0","0","False","False","NOT_APPLICABLE","","0","0.0","0","2.8619046211242676","50","50","50.0","","","moderate_shadow"
"cifar10","20","2","mixed_maturity","rffl_reputation","dirichlet_lcb","diverse_then_repeat_backdoor","0.5","4","2","5","5","0.5","20","9","1.5","5","honest-14","honest","incumbent","ADMITTED","ADMITTED","9","9","0","4","4.882922989522995","1.5","0.7462875490779619","0.8370070466491786","0.6465358545084627","0.6465358545084627","0.1157982362815884","0.29254799703263074","50","50","50","0","0","False","False","NOT_APPLICABLE","","0","0.0","0","3.1741244792938232","50","50","50.0","","","moderate_shadow"
"cifar10","20","2","mixed_maturity","rffl_reputation","dirichlet_lcb","diverse_then_repeat_backdoor","0.5","4","2","5","5","0.5","20","9","1.5","5","honest-15","honest","incumbent","ADMITTED","ADMITTED","9","9","0","4","4.882922989522995","1.5","0.7462875490779619","0.8370070466491786","0.6465358545084627","0.6465358545084627","0.1157982362815884","0.29254799703263074","50","50","50","0","0","False","False","NOT_APPLICABLE","","0","0.0","0","2.7901642322540283","50","50","50.0","","","moderate_shadow"
"cifar10","20","2","mixed_maturity","rffl_reputation","dirichlet_lcb","diverse_then_repeat_backdoor","0.5","4","2","5","5","0.5","20","9","1.5","5","honest-16","honest","incumbent","ADMITTED","ADMITTED","9","9","0","4","4.882922989522995","1.5","0.7462875490779619","0.8370070466491786","0.6465358545084627","0.6465358545084627","0.1157982362815884","0.29254799703263074","50","50","50","0","0","False","False","NOT_APPLICABLE","","0","0.0","0","3.381375789642334","50","50","50.0","","","moderate_shadow"
"cifar10","20","2","mixed_maturity","rffl_reputation","dirichlet_lcb","diverse_then_repeat_backdoor","0.5","4","2","5","5","0.5","20","9","1.5","5","honest-17","honest","incumbent","ADMITTED","ADMITTED","9","9","0","4","4.882922989522995","1.5","0.7462875490779619","0.8370070466491786","0.6465358545084627","0.6465358545084627","0.1157982362815884","0.29254799703263074","50","50","50","0","0","False","False","NOT_APPLICABLE","","0","0.0","0","3.0636603832244873","50","50","50.0","","","moderate_shadow"
"cifar10","20","2","mixed_maturity","rffl_reputation","dirichlet_lcb","diverse_then_repeat_backdoor","0.5","4","2","5","5","0.5","20","9","1.5","5","honest-18","honest","incumbent","ADMITTED","ADMITTED","9","9","0","4","4.882922989522995","1.5","0.7462875490779619","0.8370070466491786","0.6465358545084627","0.6465358545084627","0.1157982362815884","0.29254799703263074","50","50","50","0","0","False","False","NOT_APPLICABLE","","0","0.0","0","3.310030698776245","50","50","50.0","","","moderate_shadow"
"cifar10","20","2","mixed_maturity","rffl_reputation","dirichlet_lcb","diverse_then_repeat_backdoor","0.5","4","2","5","5","0.5","20","9","1.5","5","honest-2","honest","incumbent","ADMITTED","ADMITTED","9","9","0","4","4.882922989522995","1.5","0.7262875490779619","0.8370070466491786","0.6465358545084627","0.6465358545084627","0.1157982362815884","0.29254799703263074","50","50","50","0","0","False","False","NOT_APPLICABLE","","0","0.0","0","33.00971555709839","50","50","50.0","","","moderate_shadow"
"cifar10","20","2","mixed_maturity","rffl_reputation","dirichlet_lcb","diverse_then_repeat_backdoor","0.5","4","2","5","5","0.5","20","9","1.5","5","honest-3","honest","incumbent","ADMITTED","ADMITTED","9","9","0","3","5.004489238881761","1.5","0.7503560216234088","0.8430201361031787","0.6581600617811678","0.6581600617811678","0.11238691964272261","0.3041175807403508","50","50","50","0","0","False","False","NOT_APPLICABLE","","0","0.0","0","32.22115612030029","50","50","50.0","","","moderate_shadow"
"cifar10","20","2","mixed_maturity","rffl_reputation","dirichlet_lcb","diverse_then_repeat_backdoor","0.5","4","2","5","5","0.5","20","9","1.5","5","honest-4","honest","incumbent","ADMITTED","ADMITTED","9","9","0","4","4.882922989522995","1.5","0.7462875490779619","0.8370070466491786","0.6465358545084627","0.6465358545084627","0.1157982362815884","0.29254799703263074","50","50","50","0","0","False","False","NOT_APPLICABLE","","0","0.0","0","32.75520968437195","50","50","50.0","","","moderate_shadow"
"cifar10","20","2","mixed_maturity","rffl_reputation","dirichlet_lcb","diverse_then_repeat_backdoor","0.5","4","2","5","5","0.5","20","9","1.5","5","honest-5","honest","incumbent","ADMITTED","ADMITTED","9","9","0","4","4.882922989522995","1.5","0.7462875490779619","0.8370070466491786","0.6465358545084627","0.6465358545084627","0.1157982362815884","0.29254799703263074","50","50","50","0","0","False","False","NOT_APPLICABLE","","0","0.0","0","2.5680835247039795","50","50","50.0","","","moderate_shadow"
"cifar10","20","2","mixed_maturity","rffl_reputation","dirichlet_lcb","diverse_then_repeat_backdoor","0.5","4","2","5","5","0.5","20","9","1.5","5","honest-6","honest","incumbent","ADMITTED","ADMITTED","9","9","0","4","4.882922989522995","1.5","0.7462875490779619","0.8370070466491786","0.6465358545084627","0.6465358545084627","0.1157982362815884","0.29254799703263074","50","50","50","0","0","False","False","NOT_APPLICABLE","","0","0.0","0","2.6136295795440674","50","50","50.0","","","moderate_shadow"
"cifar10","20","2","mixed_maturity","rffl_reputation","dirichlet_lcb","diverse_then_repeat_backdoor","0.5","4","2","5","5","0.5","20","9","1.5","5","honest-7","honest","incumbent","ADMITTED","QUARANTINE","9","9","0","4","4.882922989522995","1.5","0.7462875490779619","0.8370070466491786","0.6465358545084627","0.6465358545084627","0.1157982362815884","0.29254799703263074","21","21","21","0","0","False","False","NOT_APPLICABLE","","0","0.0","0","2.943301200866699","21","21","21.0","21","RFFL_LOW_REPUTATION","moderate_shadow"
"cifar10","20","2","mixed_maturity","rffl_reputation","dirichlet_lcb","diverse_then_repeat_backdoor","0.5","4","2","5","5","0.5","20","9","1.5","5","honest-8","honest","incumbent","ADMITTED","ADMITTED","9","9","0","4","4.882922989522995","1.5","0.7462875490779619","0.8370070466491786","0.6465358545084627","0.6465358545084627","0.1157982362815884","0.29254799703263074","50","50","50","0","0","False","False","NOT_APPLICABLE","","0","0.0","0","2.507685899734497","50","50","50.0","","","moderate_shadow"
"cifar10","20","2","mixed_maturity","rffl_reputation","dirichlet_lcb","diverse_then_repeat_backdoor","0.5","4","2","5","5","0.5","20","9","1.5","5","honest-9","honest","incumbent","ADMITTED","ADMITTED","9","9","0","4","4.882922989522995","1.5","0.7462875490779619","0.8370070466491786","0.6465358545084627","0.6465358545084627","0.1157982362815884","0.29254799703263074","50","50","50","0","0","False","False","NOT_APPLICABLE","","0","0.0","0","2.2885282039642334","50","50","50.0","","","moderate_shadow"
"cifar10","20","2","mixed_maturity","rffl_reputation","dirichlet_lcb","benign_concept_drift","0.5","0","2","5","5","0.5","20","9","1.5","5","attacker-1","benign_concept_drift","newcomer","ADMITTED","ADMITTED","9","9","0","4","4.882922989522995","1.5","0.7462875490779619","0.8370070466491786","0.6465358545084627","0.6465358545084627","0.1157982362815884","0.29254799703263074","50","50","50","0","0","False","False","NOT_APPLICABLE","","0","0.0","0","2.8426520824432373","50","50","50.0","","","moderate_shadow"
"cifar10","20","2","mixed_maturity","rffl_reputation","dirichlet_lcb","benign_concept_drift","0.5","0","2","5","5","0.5","20","9","1.5","5","attacker-2","benign_concept_drift","newcomer","ADMITTED","ADMITTED","9","9","0","4","4.882922989522995","1.5","0.7462875490779619","0.8370070466491786","0.6465358545084627","0.6465358545084627","0.1157982362815884","0.29254799703263074","50","50","50","0","0","False","False","NOT_APPLICABLE","","0","0.0","0","2.610067367553711","50","50","50.0","","","moderate_shadow"
"cifar10","20","2","mixed_maturity","rffl_reputation","dirichlet_lcb","benign_concept_drift","0.5","0","2","5","5","0.5","20","9","1.5","5","honest-1","honest","incumbent","ADMITTED","ADMITTED","9","9","0","4","4.882922989522995","1.5","0.7462875490779619","0.8370070466491786","0.6465358545084627","0.6465358545084627","0.1157982362815884","0.29254799703263074","50","50","50","0","0","False","False","NOT_APPLICABLE","","0","0.0","0","34.11019945144653","50","50","50.0","","","moderate_shadow"
"cifar10","20","2","mixed_maturity","rffl_reputation","dirichlet_lcb","benign_concept_drift","0.5","0","2","5","5","0.5","20","9","1.5","5","honest-10","honest","incumbent","ADMITTED","ADMITTED","9","9","0","4","4.882922989522995","1.5","0.7462875490779619","0.8370070466491786","0.6465358545084627","0.6465358545084627","0.1157982362815884","0.29254799703263074","50","50","50","0","0","False","False","NOT_APPLICABLE","","0","0.0","0","2.242342233657837","50","50","50.0","","","moderate_shadow"
"cifar10","20","2","mixed_maturity","rffl_reputation","dirichlet_lcb","benign_concept_drift","0.5","0","2","5","5","0.5","20","9","1.5","5","honest-11","honest","incumbent","ADMITTED","QUARANTINE","9","9","0","4","4.882922989522995","1.5","0.7462875490779619","0.8370070466491786","0.6465358545084627","0.6465358545084627","0.1157982362815884","0.29254799703263074","22","22","22","0","0","False","False","NOT_APPLICABLE","","0","0.0","0","3.850916624069214","22","22","22.0","22","RFFL_LOW_REPUTATION","moderate_shadow"
"cifar10","20","2","mixed_maturity","rffl_reputation","dirichlet_lcb","benign_concept_drift","0.5","0","2","5","5","0.5","20","9","1.5","5","honest-12","honest","incumbent","ADMITTED","ADMITTED","9","9","0","4","4.882922989522995","1.5","0.7462875490779619","0.8370070466491786","0.6465358545084627","0.6465358545084627","0.1157982362815884","0.29254799703263074","50","50","50","0","0","False","False","NOT_APPLICABLE","","0","0.0","0","4.01948356628418","50","50","50.0","","","moderate_shadow"
"cifar10","20","2","mixed_maturity","rffl_reputation","dirichlet_lcb","benign_concept_drift","0.5","0","2","5","5","0.5","20","9","1.5","5","honest-13","honest","incumbent","ADMITTED","ADMITTED","9","9","0","4","4.882922989522995","1.5","0.7462875490779619","0.8370070466491786","0.6465358545084627","0.6465358545084627","0.1157982362815884","0.29254799703263074","50","50","50","0","0","False","False","NOT_APPLICABLE","","0","0.0","0","4.002161979675293","50","50","50.0","","","moderate_shadow"
"cifar10","20","2","mixed_maturity","rffl_reputation","dirichlet_lcb","benign_concept_drift","0.5","0","2","5","5","0.5","20","9","1.5","5","honest-14","honest","incumbent","ADMITTED","ADMITTED","9","9","0","4","4.882922989522995","1.5","0.7462875490779619","0.8370070466491786","0.6465358545084627","0.6465358545084627","0.1157982362815884","0.29254799703263074","50","50","50","0","0","False","False","NOT_APPLICABLE","","0","0.0","0","3.710222005844116","50","50","50.0","","","moderate_shadow"
"cifar10","20","2","mixed_maturity","rffl_reputation","dirichlet_lcb","benign_concept_drift","0.5","0","2","5","5","0.5","20","9","1.5","5","honest-15","honest","incumbent","ADMITTED","ADMITTED","9","9","0","4","4.882922989522995","1.5","0.7462875490779619","0.8370070466491786","0.6465358545084627","0.6465358545084627","0.1157982362815884","0.29254799703263074","50","50","50","0","0","False","False","NOT_APPLICABLE","","0","0.0","0","4.115861177444458","50","50","50.0","","","moderate_shadow"
"cifar10","20","2","mixed_maturity","rffl_reputation","dirichlet_lcb","benign_concept_drift","0.5","0","2","5","5","0.5","20","9","1.5","5","honest-16","honest","incumbent","ADMITTED","ADMITTED","9","9","0","4","4.882922989522995","1.5","0.7462875490779619","0.8370070466491786","0.6465358545084627","0.6465358545084627","0.1157982362815884","0.29254799703263074","50","50","50","0","0","False","False","NOT_APPLICABLE","","0","0.0","0","2.3566880226135254","50","50","50.0","","","moderate_shadow"
"cifar10","20","2","mixed_maturity","rffl_reputation","dirichlet_lcb","benign_concept_drift","0.5","0","2","5","5","0.5","20","9","1.5","5","honest-17","honest","incumbent","ADMITTED","QUARANTINE","9","9","0","4","4.882922989522995","1.5","0.7462875490779619","0.8370070466491786","0.6465358545084627","0.6465358545084627","0.1157982362815884","0.29254799703263074","36","36","36","0","0","False","False","NOT_APPLICABLE","","0","0.0","0","3.788980007171631","36","36","36.0","36","RFFL_LOW_REPUTATION","moderate_shadow"
"cifar10","20","2","mixed_maturity","rffl_reputation","dirichlet_lcb","benign_concept_drift","0.5","0","2","5","5","0.5","20","9","1.5","5","honest-18","honest","incumbent","ADMITTED","ADMITTED","9","9","0","4","4.882922989522995","1.5","0.7462875490779619","0.8370070466491786","0.6465358545084627","0.6465358545084627","0.1157982362815884","0.29254799703263074","50","50","50","0","0","False","False","NOT_APPLICABLE","","0","0.0","0","2.686288833618164","50","50","50.0","","","moderate_shadow"
"cifar10","20","2","mixed_maturity","rffl_reputation","dirichlet_lcb","benign_concept_drift","0.5","0","2","5","5","0.5","20","9","1.5","5","honest-2","honest","incumbent","ADMITTED","ADMITTED","9","9","0","4","4.882922989522995","1.5","0.7462875490779619","0.8370070466491786","0.6465358545084627","0.6465358545084627","0.1157982362815884","0.29254799703263074","50","50","50","0","0","False","False","NOT_APPLICABLE","","0","0.0","0","3.1651196479797363","50","50","50.0","","","moderate_shadow"
"cifar10","20","2","mixed_maturity","rffl_reputation","dirichlet_lcb","benign_concept_drift","0.5","0","2","5","5","0.5","20","9","1.5","5","honest-3","honest","incumbent","ADMITTED","ADMITTED","9","9","0","4","4.882922989522995","1.5","0.7462875490779619","0.8370070466491786","0.6465358545084627","0.6465358545084627","0.1157982362815884","0.29254799703263074","50","50","50","0","0","False","False","NOT_APPLICABLE","","0","0.0","0","2.900808334350586","50","50","50.0","","","moderate_shadow"
"cifar10","20","2","mixed_maturity","rffl_reputation","dirichlet_lcb","benign_concept_drift","0.5","0","2","5","5","0.5","20","9","1.5","5","honest-4","honest","incumbent","ADMITTED","ADMITTED","9","9","0","4","4.882922989522995","1.5","0.7462875490779619","0.8370070466491786","0.6465358545084627","0.6465358545084627","0.1157982362815884","0.29254799703263074","50","50","50","0","0","False","False","NOT_APPLICABLE","","0","0.0","0","2.923872709274292","50","50","50.0","","","moderate_shadow"
"cifar10","20","2","mixed_maturity","rffl_reputation","dirichlet_lcb","benign_concept_drift","0.5","0","2","5","5","0.5","20","9","1.5","5","honest-5","honest","incumbent","ADMITTED","ADMITTED","9","9","0","4","4.882922989522995","1.5","0.7462875490779619","0.8370070466491786","0.6465358545084627","0.6465358545084627","0.1157982362815884","0.29254799703263074","50","50","50","0","0","False","False","NOT_APPLICABLE","","0","0.0","0","3.5129950046539307","50","50","50.0","","","moderate_shadow"
"cifar10","20","2","mixed_maturity","rffl_reputation","dirichlet_lcb","benign_concept_drift","0.5","0","2","5","5","0.5","20","9","1.5","5","honest-6","honest","incumbent","ADMITTED","ADMITTED","9","9","0","4","4.882922989522995","1.5","0.7462875490779619","0.8370070466491786","0.6465358545084627","0.6465358545084627","0.1157982362815884","0.29254799703263074","50","50","50","0","0","False","False","NOT_APPLICABLE","","0","0.0","0","2.7916362285614014","50","50","50.0","","","moderate_shadow"
"cifar10","20","2","mixed_maturity","rffl_reputation","dirichlet_lcb","benign_concept_drift","0.5","0","2","5","5","0.5","20","9","1.5","5","honest-7","honest","incumbent","ADMITTED","ADMITTED","9","9","0","4","4.882922989522995","1.5","0.7462875490779619","0.8370070466491786","0.6465358545084627","0.6465358545084627","0.1157982362815884","0.29254799703263074","50","50","50","0","0","False","False","NOT_APPLICABLE","","0","0.0","0","93.50285744667053","50","50","50.0","","","moderate_shadow"
"cifar10","20","2","mixed_maturity","rffl_reputation","dirichlet_lcb","benign_concept_drift","0.5","0","2","5","5","0.5","20","9","1.5","5","honest-8","honest","incumbent","ADMITTED","ADMITTED","9","9","0","4","4.882922989522995","1.5","0.7462875490779619","0.8370070466491786","0.6465358545084627","0.6465358545084627","0.1157982362815884","0.29254799703263074","50","50","50","0","0","False","False","NOT_APPLICABLE","","0","0.0","0","3.7743029594421387","50","50","50.0","","","moderate_shadow"
"cifar10","20","2","mixed_maturity","rffl_reputation","dirichlet_lcb","benign_concept_drift","0.5","0","2","5","5","0.5","20","9","1.5","5","honest-9","honest","incumbent","ADMITTED","ADMITTED","9","9","0","4","4.882922989522995","1.5","0.7462875490779619","0.8370070466491786","0.6465358545084627","0.6465358545084627","0.1157982362815884","0.29254799703263074","50","50","50","0","0","False","False","NOT_APPLICABLE","","0","0.0","0","4.105469226837158","50","50","50.0","","","moderate_shadow"
"cifar10","20","2","mixed_maturity","rffl_reputation","dirichlet_lcb","benign_concept_drift","0.5","1","2","5","5","0.5","20","9","1.5","5","attacker-1","benign_concept_drift","newcomer","ADMITTED","ADMITTED","9","9","0","4","4.882922989522995","1.5","0.7462875490779619","0.8370070466491786","0.6465358545084627","0.6465358545084627","0.1157982362815884","0.29254799703263074","50","50","50","0","0","False","False","NOT_APPLICABLE","","0","0.0","0","2.322765827178955","50","50","50.0","","","moderate_shadow"
"cifar10","20","2","mixed_maturity","rffl_reputation","dirichlet_lcb","benign_concept_drift","0.5","1","2","5","5","0.5","20","9","1.5","5","attacker-2","benign_concept_drift","newcomer","ADMITTED","ADMITTED","9","9","0","4","4.882922989522995","1.5","0.7462875490779619","0.8370070466491786","0.6465358545084627","0.6465358545084627","0.1157982362815884","0.29254799703263074","50","50","50","0","0","False","False","NOT_APPLICABLE","","0","0.0","0","2.360907793045044","50","50","50.0","","","moderate_shadow"
"cifar10","20","2","mixed_maturity","rffl_reputation","dirichlet_lcb","benign_concept_drift","0.5","1","2","5","5","0.5","20","9","1.5","5","honest-1","honest","incumbent","ADMITTED","QUARANTINE","9","9","0","4","4.882922989522995","1.5","0.7462875490779619","0.8370070466491786","0.6465358545084627","0.6465358545084627","0.1157982362815884","0.29254799703263074","38","38","38","0","0","False","False","NOT_APPLICABLE","","0","0.0","0","3.259448289871216","38","38","38.0","38","RFFL_LOW_REPUTATION","moderate_shadow"
"cifar10","20","2","mixed_maturity","rffl_reputation","dirichlet_lcb","benign_concept_drift","0.5","1","2","5","5","0.5","20","9","1.5","5","honest-10","honest","incumbent","ADMITTED","ADMITTED","9","9","0","4","4.882922989522995","1.5","0.7462875490779619","0.8370070466491786","0.6465358545084627","0.6465358545084627","0.1157982362815884","0.29254799703263074","50","50","50","0","0","False","False","NOT_APPLICABLE","","0","0.0","0","32.92805004119873","50","50","50.0","","","moderate_shadow"
"cifar10","20","2","mixed_maturity","rffl_reputation","dirichlet_lcb","benign_concept_drift","0.5","1","2","5","5","0.5","20","9","1.5","5","honest-11","honest","incumbent","ADMITTED","ADMITTED","9","9","0","4","4.882922989522995","1.5","0.7462875490779619","0.8370070466491786","0.6465358545084627","0.6465358545084627","0.1157982362815884","0.29254799703263074","50","50","50","0","0","False","False","NOT_APPLICABLE","","0","0.0","0","3.1930131912231445","50","50","50.0","","","moderate_shadow"
"cifar10","20","2","mixed_maturity","rffl_reputation","dirichlet_lcb","benign_concept_drift","0.5","1","2","5","5","0.5","20","9","1.5","5","honest-12","honest","incumbent","ADMITTED","ADMITTED","9","9","0","4","4.882922989522995","1.5","0.7462875490779619","0.8370070466491786","0.6465358545084627","0.6465358545084627","0.1157982362815884","0.29254799703263074","50","50","50","0","0","False","False","NOT_APPLICABLE","","0","0.0","0","2.570528268814087","50","50","50.0","","","moderate_shadow"
"cifar10","20","2","mixed_maturity","rffl_reputation","dirichlet_lcb","benign_concept_drift","0.5","1","2","5","5","0.5","20","9","1.5","5","honest-13","honest","incumbent","ADMITTED","ADMITTED","9","9","0","4","4.882922989522995","1.5","0.7462875490779619","0.8370070466491786","0.6465358545084627","0.6465358545084627","0.1157982362815884","0.29254799703263074","50","50","50","0","0","False","False","NOT_APPLICABLE","","0","0.0","0","3.038287401199341","50","50","50.0","","","moderate_shadow"
"cifar10","20","2","mixed_maturity","rffl_reputation","dirichlet_lcb","benign_concept_drift","0.5","1","2","5","5","0.5","20","9","1.5","5","honest-14","honest","incumbent","ADMITTED","ADMITTED","9","9","0","4","4.882922989522995","1.5","0.7462875490779619","0.8370070466491786","0.6465358545084627","0.6465358545084627","0.1157982362815884","0.29254799703263074","50","50","50","0","0","False","False","NOT_APPLICABLE","","0","0.0","0","3.0753633975982666","50","50","50.0","","","moderate_shadow"
"cifar10","20","2","mixed_maturity","rffl_reputation","dirichlet_lcb","benign_concept_drift","0.5","1","2","5","5","0.5","20","9","1.5","5","honest-15","honest","incumbent","ADMITTED","ADMITTED","9","9","0","4","4.882922989522995","1.5","0.7462875490779619","0.8370070466491786","0.6465358545084627","0.6465358545084627","0.1157982362815884","0.29254799703263074","50","50","50","0","0","False","False","NOT_APPLICABLE","","0","0.0","0","2.4829862117767334","50","50","50.0","","","moderate_shadow"
"cifar10","20","2","mixed_maturity","rffl_reputation","dirichlet_lcb","benign_concept_drift","0.5","1","2","5","5","0.5","20","9","1.5","5","honest-16","honest","incumbent","ADMITTED","QUARANTINE","9","9","0","4","4.882922989522995","1.5","0.7462875490779619","0.8370070466491786","0.6465358545084627","0.6465358545084627","0.1157982362815884","0.29254799703263074","48","48","48","0","0","False","False","NOT_APPLICABLE","","0","0.0","0","3.3090004920959473","48","48","48.0","48","RFFL_LOW_REPUTATION","moderate_shadow"
"cifar10","20","2","mixed_maturity","rffl_reputation","dirichlet_lcb","benign_concept_drift","0.5","1","2","5","5","0.5","20","9","1.5","5","honest-17","honest","incumbent","ADMITTED","ADMITTED","9","9","0","4","4.882922989522995","1.5","0.7462875490779619","0.8370070466491786","0.6465358545084627","0.6465358545084627","0.1157982362815884","0.29254799703263074","50","50","50","0","0","False","False","NOT_APPLICABLE","","0","0.0","0","3.269517183303833","50","50","50.0","","","moderate_shadow"
"cifar10","20","2","mixed_maturity","rffl_reputation","dirichlet_lcb","benign_concept_drift","0.5","1","2","5","5","0.5","20","9","1.5","5","honest-18","honest","incumbent","ADMITTED","ADMITTED","9","9","0","3","4.5294892388817605","1.5","0.7401065581334588","0.8277664507491892","0.6288758803813109","0.6288758803813109","0.12091685363435191","0.27568090107538146","50","50","50","0","0","False","False","NOT_APPLICABLE","","0","0.0","0","32.531283140182495","50","50","50.0","","","moderate_shadow"
"cifar10","20","2","mixed_maturity","rffl_reputation","dirichlet_lcb","benign_concept_drift","0.5","1","2","5","5","0.5","20","9","1.5","5","honest-2","honest","incumbent","ADMITTED","ADMITTED","9","9","0","3","5.004489238881761","1.5","0.7503560216234088","0.8430201361031787","0.6581600617811678","0.6581600617811678","0.11238691964272261","0.3041175807403508","50","50","50","0","0","False","False","NOT_APPLICABLE","","0","0.0","0","62.52752470970154","50","50","50.0","","","moderate_shadow"
"cifar10","20","2","mixed_maturity","rffl_reputation","dirichlet_lcb","benign_concept_drift","0.5","1","2","5","5","0.5","20","9","1.5","5","honest-3","honest","incumbent","ADMITTED","ADMITTED","9","9","0","4","4.882922989522995","1.5","0.7462875490779619","0.8370070466491786","0.6465358545084627","0.6465358545084627","0.1157982362815884","0.29254799703263074","50","50","50","0","0","False","False","NOT_APPLICABLE","","0","0.0","0","32.57817196846008","50","50","50.0","","","moderate_shadow"
"cifar10","20","2","mixed_maturity","rffl_reputation","dirichlet_lcb","benign_concept_drift","0.5","1","2","5","5","0.5","20","9","1.5","5","honest-4","honest","incumbent","ADMITTED","ADMITTED","9","9","0","4","4.882922989522995","1.5","0.7462875490779619","0.8370070466491786","0.6465358545084627","0.6465358545084627","0.1157982362815884","0.29254799703263074","50","50","50","0","0","False","False","NOT_APPLICABLE","","0","0.0","0","3.2014005184173584","50","50","50.0","","","moderate_shadow"
"cifar10","20","2","mixed_maturity","rffl_reputation","dirichlet_lcb","benign_concept_drift","0.5","1","2","5","5","0.5","20","9","1.5","5","honest-5","honest","incumbent","ADMITTED","ADMITTED","9","9","0","4","4.882922989522995","1.5","0.7462875490779619","0.8370070466491786","0.6465358545084627","0.6465358545084627","0.1157982362815884","0.29254799703263074","50","50","50","0","0","False","False","NOT_APPLICABLE","","0","0.0","0","32.90100812911987","50","50","50.0","","","moderate_shadow"
"cifar10","20","2","mixed_maturity","rffl_reputation","dirichlet_lcb","benign_concept_drift","0.5","1","2","5","5","0.5","20","9","1.5","5","honest-6","honest","incumbent","ADMITTED","ADMITTED","9","9","0","4","4.882922989522995","1.5","0.7462875490779619","0.8370070466491786","0.6465358545084627","0.6465358545084627","0.1157982362815884","0.29254799703263074","50","50","50","0","0","False","False","NOT_APPLICABLE","","0","0.0","0","2.194427728652954","50","50","50.0","","","moderate_shadow"
"cifar10","20","2","mixed_maturity","rffl_reputation","dirichlet_lcb","benign_concept_drift","0.5","1","2","5","5","0.5","20","9","1.5","5","honest-7","honest","incumbent","ADMITTED","ADMITTED","9","9","0","4","4.882922989522995","1.5","0.7462875490779619","0.8370070466491786","0.6465358545084627","0.6465358545084627","0.1157982362815884","0.29254799703263074","50","50","50","0","0","False","False","NOT_APPLICABLE","","0","0.0","0","32.72565460205078","50","50","50.0","","","moderate_shadow"
"cifar10","20","2","mixed_maturity","rffl_reputation","dirichlet_lcb","benign_concept_drift","0.5","1","2","5","5","0.5","20","9","1.5","5","honest-8","honest","incumbent","ADMITTED","ADMITTED","9","9","0","4","4.882922989522995","1.5","0.7462875490779619","0.8370070466491786","0.6465358545084627","0.6465358545084627","0.1157982362815884","0.29254799703263074","50","50","50","0","0","False","False","NOT_APPLICABLE","","0","0.0","0","2.815619468688965","50","50","50.0","","","moderate_shadow"
"cifar10","20","2","mixed_maturity","rffl_reputation","dirichlet_lcb","benign_concept_drift","0.5","1","2","5","5","0.5","20","9","1.5","5","honest-9","honest","incumbent","ADMITTED","ADMITTED","9","9","0","4","4.882922989522995","1.5","0.7462875490779619","0.8370070466491786","0.6465358545084627","0.6465358545084627","0.1157982362815884","0.29254799703263074","50","50","50","0","0","False","False","NOT_APPLICABLE","","0","0.0","0","3.007096290588379","50","50","50.0","","","moderate_shadow"
"cifar10","20","2","mixed_maturity","rffl_reputation","dirichlet_lcb","benign_concept_drift","0.5","2","2","5","5","0.5","20","9","1.5","5","attacker-1","benign_concept_drift","newcomer","ADMITTED","ADMITTED","9","9","0","4","4.882922989522995","1.5","0.7462875490779619","0.8370070466491786","0.6465358545084627","0.6465358545084627","0.1157982362815884","0.29254799703263074","50","50","50","0","0","False","False","NOT_APPLICABLE","","0","0.0","0","2.4936792850494385","50","50","50.0","","","moderate_shadow"
"cifar10","20","2","mixed_maturity","rffl_reputation","dirichlet_lcb","benign_concept_drift","0.5","2","2","5","5","0.5","20","9","1.5","5","attacker-2","benign_concept_drift","newcomer","ADMITTED","ADMITTED","9","9","0","4","4.882922989522995","1.5","0.7462875490779619","0.8370070466491786","0.6465358545084627","0.6465358545084627","0.1157982362815884","0.29254799703263074","50","50","50","0","0","False","False","NOT_APPLICABLE","","0","0.0","0","2.3217339515686035","50","50","50.0","","","moderate_shadow"
"cifar10","20","2","mixed_maturity","rffl_reputation","dirichlet_lcb","benign_concept_drift","0.5","2","2","5","5","0.5","20","9","1.5","5","honest-1","honest","incumbent","ADMITTED","ADMITTED","9","9","0","4","4.882922989522995","1.5","0.7462875490779619","0.8370070466491786","0.6465358545084627","0.6465358545084627","0.1157982362815884","0.29254799703263074","50","50","50","0","0","False","False","NOT_APPLICABLE","","0","0.0","0","32.63702917098999","50","50","50.0","","","moderate_shadow"
"cifar10","20","2","mixed_maturity","rffl_reputation","dirichlet_lcb","benign_concept_drift","0.5","2","2","5","5","0.5","20","9","1.5","5","honest-10","honest","incumbent","ADMITTED","ADMITTED","11","11","0","3","5.419531626612037","1.5","0.7509212720692868","0.8438513019312254","0.6597750630551052","0.6597750630551052","0.11191038163637629","0.3057557302355997","50","50","50","0","0","False","False","NOT_APPLICABLE","","0","0.0","0","62.802730321884155","50","50","50.0","","","moderate_shadow"
"cifar10","20","2","mixed_maturity","rffl_reputation","dirichlet_lcb","benign_concept_drift","0.5","2","2","5","5","0.5","20","9","1.5","5","honest-11","honest","incumbent","ADMITTED","ADMITTED","9","9","0","4","4.882922989522995","1.5","0.7462875490779619","0.8370070466491786","0.6465358545084627","0.6465358545084627","0.1157982362815884","0.29254799703263074","50","50","50","0","0","False","False","NOT_APPLICABLE","","0","0.0","0","32.26001596450806","50","50","50.0","","","moderate_shadow"
"cifar10","20","2","mixed_maturity","rffl_reputation","dirichlet_lcb","benign_concept_drift","0.5","2","2","5","5","0.5","20","9","1.5","5","honest-12","honest","incumbent","ADMITTED","ADMITTED","9","9","0","4","4.882922989522995","1.5","0.7462875490779619","0.8370070466491786","0.6465358545084627","0.6465358545084627","0.1157982362815884","0.29254799703263074","50","50","50","0","0","False","False","NOT_APPLICABLE","","0","0.0","0","32.636265993118286","50","50","50.0","","","moderate_shadow"
"cifar10","20","2","mixed_maturity","rffl_reputation","dirichlet_lcb","benign_concept_drift","0.5","2","2","5","5","0.5","20","9","1.5","5","honest-13","honest","incumbent","ADMITTED","ADMITTED","9","9","0","4","4.882922989522995","1.5","0.7462875490779619","0.8370070466491786","0.6465358545084627","0.6465358545084627","0.1157982362815884","0.29254799703263074","50","50","50","0","0","False","False","NOT_APPLICABLE","","0","0.0","0","3.5783894062042236","50","50","50.0","","","moderate_shadow"
"cifar10","20","2","mixed_maturity","rffl_reputation","dirichlet_lcb","benign_concept_drift","0.5","2","2","5","5","0.5","20","9","1.5","5","honest-14","honest","incumbent","ADMITTED","ADMITTED","9","9","0","4","4.882922989522995","1.5","0.7462875490779619","0.8370070466491786","0.6465358545084627","0.6465358545084627","0.1157982362815884","0.29254799703263074","50","50","50","0","0","False","False","NOT_APPLICABLE","","0","0.0","0","3.355865001678467","50","50","50.0","","","moderate_shadow"
"cifar10","20","2","mixed_maturity","rffl_reputation","dirichlet_lcb","benign_concept_drift","0.5","2","2","5","5","0.5","20","9","1.5","5","honest-15","honest","incumbent","ADMITTED","ADMITTED","9","9","0","4","4.882922989522995","1.5","0.7462875490779619","0.8370070466491786","0.6465358545084627","0.6465358545084627","0.1157982362815884","0.29254799703263074","50","50","50","0","0","False","False","NOT_APPLICABLE","","0","0.0","0","3.1837985515594482","50","50","50.0","","","moderate_shadow"
"cifar10","20","2","mixed_maturity","rffl_reputation","dirichlet_lcb","benign_concept_drift","0.5","2","2","5","5","0.5","20","9","1.5","5","honest-16","honest","incumbent","ADMITTED","ADMITTED","9","9","0","4","4.882922989522995","1.5","0.7462875490779619","0.8370070466491786","0.6465358545084627","0.6465358545084627","0.1157982362815884","0.29254799703263074","50","50","50","0","0","False","False","NOT_APPLICABLE","","0","0.0","0","32.50564527511597","50","50","50.0","","","moderate_shadow"
"cifar10","20","2","mixed_maturity","rffl_reputation","dirichlet_lcb","benign_concept_drift","0.5","2","2","5","5","0.5","20","9","1.5","5","honest-17","honest","incumbent","ADMITTED","ADMITTED","9","9","0","4","4.882922989522995","1.5","0.7462875490779619","0.8370070466491786","0.6465358545084627","0.6465358545084627","0.1157982362815884","0.29254799703263074","50","50","50","0","0","False","False","NOT_APPLICABLE","","0","0.0","0","2.3937578201293945","50","50","50.0","","","moderate_shadow"
"cifar10","20","2","mixed_maturity","rffl_reputation","dirichlet_lcb","benign_concept_drift","0.5","2","2","5","5","0.5","20","9","1.5","5","honest-18","honest","incumbent","ADMITTED","ADMITTED","9","9","0","4","4.882922989522995","1.5","0.7462875490779619","0.8370070466491786","0.6465358545084627","0.6465358545084627","0.1157982362815884","0.29254799703263074","50","50","50","0","0","False","False","NOT_APPLICABLE","","0","0.0","0","3.6381523609161377","50","50","50.0","","","moderate_shadow"
"cifar10","20","2","mixed_maturity","rffl_reputation","dirichlet_lcb","benign_concept_drift","0.5","2","2","5","5","0.5","20","9","1.5","5","honest-2","honest","incumbent","ADMITTED","ADMITTED","9","9","0","4","4.882922989522995","1.5","0.7462875490779619","0.8370070466491786","0.6465358545084627","0.6465358545084627","0.1157982362815884","0.29254799703263074","50","50","50","0","0","False","False","NOT_APPLICABLE","","0","0.0","0","2.3376739025115967","50","50","50.0","","","moderate_shadow"
"cifar10","20","2","mixed_maturity","rffl_reputation","dirichlet_lcb","benign_concept_drift","0.5","2","2","5","5","0.5","20","9","1.5","5","honest-3","honest","incumbent","ADMITTED","ADMITTED","9","9","0","4","4.882922989522995","1.5","0.7462875490779619","0.8370070466491786","0.6465358545084627","0.6465358545084627","0.1157982362815884","0.29254799703263074","50","50","50","0","0","False","False","NOT_APPLICABLE","","0","0.0","0","2.6711456775665283","50","50","50.0","","","moderate_shadow"
"cifar10","20","2","mixed_maturity","rffl_reputation","dirichlet_lcb","benign_concept_drift","0.5","2","2","5","5","0.5","20","9","1.5","5","honest-4","honest","incumbent","ADMITTED","ADMITTED","9","9","0","4","4.882922989522995","1.5","0.7462875490779619","0.8370070466491786","0.6465358545084627","0.6465358545084627","0.1157982362815884","0.29254799703263074","50","50","50","0","0","False","False","NOT_APPLICABLE","","0","0.0","0","3.2916836738586426","50","50","50.0","","","moderate_shadow"
"cifar10","20","2","mixed_maturity","rffl_reputation","dirichlet_lcb","benign_concept_drift","0.5","2","2","5","5","0.5","20","9","1.5","5","honest-5","honest","incumbent","ADMITTED","ADMITTED","9","9","0","4","4.882922989522995","1.5","0.7462875490779619","0.8370070466491786","0.6465358545084627","0.6465358545084627","0.1157982362815884","0.29254799703263074","50","50","50","0","0","False","False","NOT_APPLICABLE","","0","0.0","0","33.059200048446655","50","50","50.0","","","moderate_shadow"
"cifar10","20","2","mixed_maturity","rffl_reputation","dirichlet_lcb","benign_concept_drift","0.5","2","2","5","5","0.5","20","9","1.5","5","honest-6","honest","incumbent","ADMITTED","ADMITTED","9","9","0","4","4.882922989522995","1.5","0.7462875490779619","0.8370070466491786","0.6465358545084627","0.6465358545084627","0.1157982362815884","0.29254799703263074","50","50","50","0","0","False","False","NOT_APPLICABLE","","0","0.0","0","2.493680238723755","50","50","50.0","","","moderate_shadow"
"cifar10","20","2","mixed_maturity","rffl_reputation","dirichlet_lcb","benign_concept_drift","0.5","2","2","5","5","0.5","20","9","1.5","5","honest-7","honest","incumbent","ADMITTED","ADMITTED","9","9","0","4","4.882922989522995","1.5","0.7462875490779619","0.8370070466491786","0.6465358545084627","0.6465358545084627","0.1157982362815884","0.29254799703263074","50","50","50","0","0","False","False","NOT_APPLICABLE","","0","0.0","0","2.846062421798706","50","50","50.0","","","moderate_shadow"
"cifar10","20","2","mixed_maturity","rffl_reputation","dirichlet_lcb","benign_concept_drift","0.5","2","2","5","5","0.5","20","9","1.5","5","honest-8","honest","incumbent","ADMITTED","ADMITTED","9","9","0","4","4.882922989522995","1.5","0.7462875490779619","0.8370070466491786","0.6465358545084627","0.6465358545084627","0.1157982362815884","0.29254799703263074","50","50","50","0","0","False","False","NOT_APPLICABLE","","0","0.0","0","3.237642765045166","50","50","50.0","","","moderate_shadow"
"cifar10","20","2","mixed_maturity","rffl_reputation","dirichlet_lcb","benign_concept_drift","0.5","2","2","5","5","0.5","20","9","1.5","5","honest-9","honest","incumbent","ADMITTED","ADMITTED","9","9","0","3","4.76698923888176","1.5","0.7437820368902304","0.8332768051183246","0.6393772482578011","0.6393772482578011","0.11788253356256753","0.28561047849957855","50","50","50","0","0","False","False","NOT_APPLICABLE","","0","0.0","0","32.55239486694336","50","50","50.0","","","moderate_shadow"
"cifar10","20","2","mixed_maturity","rffl_reputation","dirichlet_lcb","benign_concept_drift","0.5","3","2","5","5","0.5","20","9","1.5","5","attacker-1","benign_concept_drift","newcomer","ADMITTED","ADMITTED","9","9","0","4","4.882922989522995","1.5","0.7462875490779619","0.8370070466491786","0.6465358545084627","0.6465358545084627","0.1157982362815884","0.29254799703263074","50","50","50","0","0","False","False","NOT_APPLICABLE","","0","0.0","0","2.7408010959625244","50","50","50.0","","","moderate_shadow"
"cifar10","20","2","mixed_maturity","rffl_reputation","dirichlet_lcb","benign_concept_drift","0.5","3","2","5","5","0.5","20","9","1.5","5","attacker-2","benign_concept_drift","newcomer","ADMITTED","ADMITTED","9","9","0","4","4.882922989522995","1.5","0.7462875490779619","0.8370070466491786","0.6465358545084627","0.6465358545084627","0.1157982362815884","0.29254799703263074","50","50","50","0","0","False","False","NOT_APPLICABLE","","0","0.0","0","3.6779448986053467","50","50","50.0","","","moderate_shadow"
"cifar10","20","2","mixed_maturity","rffl_reputation","dirichlet_lcb","benign_concept_drift","0.5","3","2","5","5","0.5","20","9","1.5","5","honest-1","honest","incumbent","ADMITTED","ADMITTED","9","9","0","4","4.882922989522995","1.5","0.7462875490779619","0.8370070466491786","0.6465358545084627","0.6465358545084627","0.1157982362815884","0.29254799703263074","50","50","50","0","0","False","False","NOT_APPLICABLE","","0","0.0","0","2.417358636856079","50","50","50.0","","","moderate_shadow"
"cifar10","20","2","mixed_maturity","rffl_reputation","dirichlet_lcb","benign_concept_drift","0.5","3","2","5","5","0.5","20","9","1.5","5","honest-10","honest","incumbent","ADMITTED","ADMITTED","9","9","0","4","4.882922989522995","1.5","0.7462875490779619","0.8370070466491786","0.6465358545084627","0.6465358545084627","0.1157982362815884","0.29254799703263074","50","50","50","0","0","False","False","NOT_APPLICABLE","","0","0.0","0","3.6546051502227783","50","50","50.0","","","moderate_shadow"
"cifar10","20","2","mixed_maturity","rffl_reputation","dirichlet_lcb","benign_concept_drift","0.5","3","2","5","5","0.5","20","9","1.5","5","honest-11","honest","incumbent","ADMITTED","ADMITTED","9","9","0","4","4.882922989522995","1.5","0.7462875490779619","0.8370070466491786","0.6465358545084627","0.6465358545084627","0.1157982362815884","0.29254799703263074","50","50","50","0","0","False","False","NOT_APPLICABLE","","0","0.0","0","3.482832431793213","50","50","50.0","","","moderate_shadow"
"cifar10","20","2","mixed_maturity","rffl_reputation","dirichlet_lcb","benign_concept_drift","0.5","3","2","5","5","0.5","20","9","1.5","5","honest-12","honest","incumbent","ADMITTED","QUARANTINE","9","9","0","4","4.882922989522995","1.5","0.7462875490779619","0.8370070466491786","0.6465358545084627","0.6465358545084627","0.1157982362815884","0.29254799703263074","36","36","36","0","0","False","False","NOT_APPLICABLE","","0","0.0","0","2.111970901489258","36","36","36.0","36","RFFL_LOW_REPUTATION","moderate_shadow"
"cifar10","20","2","mixed_maturity","rffl_reputation","dirichlet_lcb","benign_concept_drift","0.5","3","2","5","5","0.5","20","9","1.5","5","honest-13","honest","incumbent","ADMITTED","ADMITTED","9","9","0","4","4.882922989522995","1.5","0.7462875490779619","0.8370070466491786","0.6465358545084627","0.6465358545084627","0.1157982362815884","0.29254799703263074","50","50","50","0","0","False","False","NOT_APPLICABLE","","0","0.0","0","2.2350337505340576","50","50","50.0","","","moderate_shadow"
"cifar10","20","2","mixed_maturity","rffl_reputation","dirichlet_lcb","benign_concept_drift","0.5","3","2","5","5","0.5","20","9","1.5","5","honest-14","honest","incumbent","ADMITTED","ADMITTED","9","9","0","4","4.882922989522995","1.5","0.7462875490779619","0.8370070466491786","0.6465358545084627","0.6465358545084627","0.1157982362815884","0.29254799703263074","50","50","50","0","0","False","False","NOT_APPLICABLE","","0","0.0","0","3.5686240196228027","50","50","50.0","","","moderate_shadow"
"cifar10","20","2","mixed_maturity","rffl_reputation","dirichlet_lcb","benign_concept_drift","0.5","3","2","5","5","0.5","20","9","1.5","5","honest-15","honest","incumbent","ADMITTED","ADMITTED","9","9","0","4","4.882922989522995","1.5","0.7462875490779619","0.8370070466491786","0.6465358545084627","0.6465358545084627","0.1157982362815884","0.29254799703263074","50","50","50","0","0","False","False","NOT_APPLICABLE","","0","0.0","0","32.998658657073975","50","50","50.0","","","moderate_shadow"
"cifar10","20","2","mixed_maturity","rffl_reputation","dirichlet_lcb","benign_concept_drift","0.5","3","2","5","5","0.5","20","9","1.5","5","honest-16","honest","incumbent","ADMITTED","ADMITTED","9","9","0","3","5.004489238881761","1.5","0.7503560216234088","0.8430201361031787","0.6581600617811678","0.6581600617811678","0.11238691964272261","0.3041175807403508","50","50","50","0","0","False","False","NOT_APPLICABLE","","0","0.0","0","32.62604546546936","50","50","50.0","","","moderate_shadow"
"cifar10","20","2","mixed_maturity","rffl_reputation","dirichlet_lcb","benign_concept_drift","0.5","3","2","5","5","0.5","20","9","1.5","5","honest-17","honest","incumbent","ADMITTED","ADMITTED","12","12","0","3","5.3499694871438415","1.5","0.7478143545076069","0.8392699711010733","0.6508981557360198","0.6508981557360198","0.11452190611753592","0.2968448682209436","50","50","50","0","0","False","False","NOT_APPLICABLE","","0","0.0","0","63.688799142837524","50","50","50.0","","","moderate_shadow"
"cifar10","20","2","mixed_maturity","rffl_reputation","dirichlet_lcb","benign_concept_drift","0.5","3","2","5","5","0.5","20","9","1.5","5","honest-18","honest","incumbent","ADMITTED","ADMITTED","9","9","0","4","4.882922989522995","1.5","0.7462875490779619","0.8370070466491786","0.6465358545084627","0.6465358545084627","0.1157982362815884","0.29254799703263074","50","50","50","0","0","False","False","NOT_APPLICABLE","","0","0.0","0","3.4368855953216553","50","50","50.0","","","moderate_shadow"
"cifar10","20","2","mixed_maturity","rffl_reputation","dirichlet_lcb","benign_concept_drift","0.5","3","2","5","5","0.5","20","9","1.5","5","honest-2","honest","incumbent","ADMITTED","ADMITTED","9","9","0","4","4.882922989522995","1.5","0.7462875490779619","0.8370070466491786","0.6465358545084627","0.6465358545084627","0.1157982362815884","0.29254799703263074","50","50","50","0","0","False","False","NOT_APPLICABLE","","0","0.0","0","3.323237657546997","50","50","50.0","","","moderate_shadow"
"cifar10","20","2","mixed_maturity","rffl_reputation","dirichlet_lcb","benign_concept_drift","0.5","3","2","5","5","0.5","20","9","1.5","5","honest-3","honest","incumbent","ADMITTED","ADMITTED","9","9","0","4","4.882922989522995","1.5","0.7462875490779619","0.8370070466491786","0.6465358545084627","0.6465358545084627","0.1157982362815884","0.29254799703263074","50","50","50","0","0","False","False","NOT_APPLICABLE","","0","0.0","0","2.248495101928711","50","50","50.0","","","moderate_shadow"
"cifar10","20","2","mixed_maturity","rffl_reputation","dirichlet_lcb","benign_concept_drift","0.5","3","2","5","5","0.5","20","9","1.5","5","honest-4","honest","incumbent","ADMITTED","ADMITTED","9","9","0","4","4.882922989522995","1.5","0.7462875490779619","0.8370070466491786","0.6465358545084627","0.6465358545084627","0.1157982362815884","0.29254799703263074","50","50","50","0","0","False","False","NOT_APPLICABLE","","0","0.0","0","33.55843257904053","50","50","50.0","","","moderate_shadow"
"cifar10","20","2","mixed_maturity","rffl_reputation","dirichlet_lcb","benign_concept_drift","0.5","3","2","5","5","0.5","20","9","1.5","5","honest-5","honest","incumbent","ADMITTED","ADMITTED","9","9","0","4","4.882922989522995","1.5","0.7462875490779619","0.8370070466491786","0.6465358545084627","0.6465358545084627","0.1157982362815884","0.29254799703263074","50","50","50","0","0","False","False","NOT_APPLICABLE","","0","0.0","0","32.83382439613342","50","50","50.0","","","moderate_shadow"
"cifar10","20","2","mixed_maturity","rffl_reputation","dirichlet_lcb","benign_concept_drift","0.5","3","2","5","5","0.5","20","9","1.5","5","honest-6","honest","incumbent","ADMITTED","ADMITTED","9","9","0","4","4.882922989522995","1.5","0.7462875490779619","0.8370070466491786","0.6465358545084627","0.6465358545084627","0.1157982362815884","0.29254799703263074","50","50","50","0","0","False","False","NOT_APPLICABLE","","0","0.0","0","34.12175416946411","50","50","50.0","","","moderate_shadow"
"cifar10","20","2","mixed_maturity","rffl_reputation","dirichlet_lcb","benign_concept_drift","0.5","3","2","5","5","0.5","20","9","1.5","5","honest-7","honest","incumbent","ADMITTED","ADMITTED","9","9","0","4","4.882922989522995","1.5","0.7462875490779619","0.8370070466491786","0.6465358545084627","0.6465358545084627","0.1157982362815884","0.29254799703263074","50","50","50","0","0","False","False","NOT_APPLICABLE","","0","0.0","0","3.9608421325683594","50","50","50.0","","","moderate_shadow"
"cifar10","20","2","mixed_maturity","rffl_reputation","dirichlet_lcb","benign_concept_drift","0.5","3","2","5","5","0.5","20","9","1.5","5","honest-8","honest","incumbent","ADMITTED","ADMITTED","9","9","0","4","4.882922989522995","1.5","0.7462875490779619","0.8370070466491786","0.6465358545084627","0.6465358545084627","0.1157982362815884","0.29254799703263074","50","50","50","0","0","False","False","NOT_APPLICABLE","","0","0.0","0","3.804382562637329","50","50","50.0","","","moderate_shadow"
"cifar10","20","2","mixed_maturity","rffl_reputation","dirichlet_lcb","benign_concept_drift","0.5","3","2","5","5","0.5","20","9","1.5","5","honest-9","honest","incumbent","ADMITTED","ADMITTED","9","9","0","4","4.882922989522995","1.5","0.7462875490779619","0.8370070466491786","0.6465358545084627","0.6465358545084627","0.1157982362815884","0.29254799703263074","50","50","50","0","0","False","False","NOT_APPLICABLE","","0","0.0","0","3.9198005199432373","50","50","50.0","","","moderate_shadow"
"cifar10","20","2","mixed_maturity","rffl_reputation","dirichlet_lcb","benign_concept_drift","0.5","4","2","5","5","0.5","20","9","1.5","5","attacker-1","benign_concept_drift","newcomer","ADMITTED","ADMITTED","9","9","0","4","4.882922989522995","1.5","0.7462875490779619","0.8370070466491786","0.6465358545084627","0.6465358545084627","0.1157982362815884","0.29254799703263074","50","50","50","0","0","False","False","NOT_APPLICABLE","","0","0.0","0","3.4967846870422363","50","50","50.0","","","moderate_shadow"
"cifar10","20","2","mixed_maturity","rffl_reputation","dirichlet_lcb","benign_concept_drift","0.5","4","2","5","5","0.5","20","9","1.5","5","attacker-2","benign_concept_drift","newcomer","ADMITTED","ADMITTED","9","9","0","4","4.882922989522995","1.5","0.7462875490779619","0.8370070466491786","0.6465358545084627","0.6465358545084627","0.1157982362815884","0.29254799703263074","50","50","50","0","0","False","False","NOT_APPLICABLE","","0","0.0","0","3.178645372390747","50","50","50.0","","","moderate_shadow"
"cifar10","20","2","mixed_maturity","rffl_reputation","dirichlet_lcb","benign_concept_drift","0.5","4","2","5","5","0.5","20","9","1.5","5","honest-1","honest","incumbent","ADMITTED","ADMITTED","9","9","0","4","4.882922989522995","1.5","0.7462875490779619","0.8370070466491786","0.6465358545084627","0.6465358545084627","0.1157982362815884","0.29254799703263074","50","50","50","0","0","False","False","NOT_APPLICABLE","","0","0.0","0","3.0505619049072266","50","50","50.0","","","moderate_shadow"
"cifar10","20","2","mixed_maturity","rffl_reputation","dirichlet_lcb","benign_concept_drift","0.5","4","2","5","5","0.5","20","9","1.5","5","honest-10","honest","incumbent","ADMITTED","ADMITTED","9","9","0","4","4.882922989522995","1.5","0.7462875490779619","0.8370070466491786","0.6465358545084627","0.6465358545084627","0.1157982362815884","0.29254799703263074","50","50","50","0","0","False","False","NOT_APPLICABLE","","0","0.0","0","62.25631928443909","50","50","50.0","","","moderate_shadow"
"cifar10","20","2","mixed_maturity","rffl_reputation","dirichlet_lcb","benign_concept_drift","0.5","4","2","5","5","0.5","20","9","1.5","5","honest-11","honest","incumbent","ADMITTED","ADMITTED","9","9","0","4","4.882922989522995","1.5","0.7462875490779619","0.8370070466491786","0.6465358545084627","0.6465358545084627","0.1157982362815884","0.29254799703263074","50","50","50","0","0","False","False","NOT_APPLICABLE","","0","0.0","0","3.0012145042419434","50","50","50.0","","","moderate_shadow"
"cifar10","20","2","mixed_maturity","rffl_reputation","dirichlet_lcb","benign_concept_drift","0.5","4","2","5","5","0.5","20","9","1.5","5","honest-12","honest","incumbent","ADMITTED","ADMITTED","9","9","0","4","4.882922989522995","1.5","0.7462875490779619","0.8370070466491786","0.6465358545084627","0.6465358545084627","0.1157982362815884","0.29254799703263074","50","50","50","0","0","False","False","NOT_APPLICABLE","","0","0.0","0","2.265972852706909","50","50","50.0","","","moderate_shadow"
"cifar10","20","2","mixed_maturity","rffl_reputation","dirichlet_lcb","benign_concept_drift","0.5","4","2","5","5","0.5","20","9","1.5","5","honest-13","honest","incumbent","ADMITTED","ADMITTED","9","9","0","4","4.882922989522995","1.5","0.7462875490779619","0.8370070466491786","0.6465358545084627","0.6465358545084627","0.1157982362815884","0.29254799703263074","50","50","50","0","0","False","False","NOT_APPLICABLE","","0","0.0","0","2.5765979290008545","50","50","50.0","","","moderate_shadow"
"cifar10","20","2","mixed_maturity","rffl_reputation","dirichlet_lcb","benign_concept_drift","0.5","4","2","5","5","0.5","20","9","1.5","5","honest-14","honest","incumbent","ADMITTED","ADMITTED","9","9","0","4","4.882922989522995","1.5","0.7462875490779619","0.8370070466491786","0.6465358545084627","0.6465358545084627","0.1157982362815884","0.29254799703263074","50","50","50","0","0","False","False","NOT_APPLICABLE","","0","0.0","0","2.6789867877960205","50","50","50.0","","","moderate_shadow"
"cifar10","20","2","mixed_maturity","rffl_reputation","dirichlet_lcb","benign_concept_drift","0.5","4","2","5","5","0.5","20","9","1.5","5","honest-15","honest","incumbent","ADMITTED","ADMITTED","9","9","0","4","4.882922989522995","1.5","0.7462875490779619","0.8370070466491786","0.6465358545084627","0.6465358545084627","0.1157982362815884","0.29254799703263074","50","50","50","0","0","False","False","NOT_APPLICABLE","","0","0.0","0","2.3883559703826904","50","50","50.0","","","moderate_shadow"
"cifar10","20","2","mixed_maturity","rffl_reputation","dirichlet_lcb","benign_concept_drift","0.5","4","2","5","5","0.5","20","9","1.5","5","honest-16","honest","incumbent","ADMITTED","ADMITTED","9","9","0","4","4.882922989522995","1.5","0.7462875490779619","0.8370070466491786","0.6465358545084627","0.6465358545084627","0.1157982362815884","0.29254799703263074","50","50","50","0","0","False","False","NOT_APPLICABLE","","0","0.0","0","3.4632019996643066","50","50","50.0","","","moderate_shadow"
"cifar10","20","2","mixed_maturity","rffl_reputation","dirichlet_lcb","benign_concept_drift","0.5","4","2","5","5","0.5","20","9","1.5","5","honest-17","honest","incumbent","ADMITTED","ADMITTED","9","9","0","4","4.882922989522995","1.5","0.7462875490779619","0.8370070466491786","0.6465358545084627","0.6465358545084627","0.1157982362815884","0.29254799703263074","50","50","50","0","0","False","False","NOT_APPLICABLE","","0","0.0","0","3.2911317348480225","50","50","50.0","","","moderate_shadow"
"cifar10","20","2","mixed_maturity","rffl_reputation","dirichlet_lcb","benign_concept_drift","0.5","4","2","5","5","0.5","20","9","1.5","5","honest-18","honest","incumbent","ADMITTED","ADMITTED","9","9","0","4","4.882922989522995","1.5","0.7462875490779619","0.8370070466491786","0.6465358545084627","0.6465358545084627","0.1157982362815884","0.29254799703263074","50","50","50","0","0","False","False","NOT_APPLICABLE","","0","0.0","0","3.2779929637908936","50","50","50.0","","","moderate_shadow"
"cifar10","20","2","mixed_maturity","rffl_reputation","dirichlet_lcb","benign_concept_drift","0.5","4","2","5","5","0.5","20","9","1.5","5","honest-2","honest","incumbent","ADMITTED","ADMITTED","9","9","0","4","4.882922989522995","1.5","0.7262875490779619","0.8370070466491786","0.6465358545084627","0.6465358545084627","0.1157982362815884","0.29254799703263074","50","50","50","0","0","False","False","NOT_APPLICABLE","","0","0.0","0","32.75190305709839","50","50","50.0","","","moderate_shadow"
"cifar10","20","2","mixed_maturity","rffl_reputation","dirichlet_lcb","benign_concept_drift","0.5","4","2","5","5","0.5","20","9","1.5","5","honest-3","honest","incumbent","ADMITTED","ADMITTED","9","9","0","3","5.004489238881761","1.5","0.7503560216234088","0.8430201361031787","0.6581600617811678","0.6581600617811678","0.11238691964272261","0.3041175807403508","50","50","50","0","0","False","False","NOT_APPLICABLE","","0","0.0","0","32.23186945915222","50","50","50.0","","","moderate_shadow"
"cifar10","20","2","mixed_maturity","rffl_reputation","dirichlet_lcb","benign_concept_drift","0.5","4","2","5","5","0.5","20","9","1.5","5","honest-4","honest","incumbent","ADMITTED","ADMITTED","9","9","0","4","4.882922989522995","1.5","0.7462875490779619","0.8370070466491786","0.6465358545084627","0.6465358545084627","0.1157982362815884","0.29254799703263074","50","50","50","0","0","False","False","NOT_APPLICABLE","","0","0.0","0","33.02861428260803","50","50","50.0","","","moderate_shadow"
"cifar10","20","2","mixed_maturity","rffl_reputation","dirichlet_lcb","benign_concept_drift","0.5","4","2","5","5","0.5","20","9","1.5","5","honest-5","honest","incumbent","ADMITTED","ADMITTED","9","9","0","4","4.882922989522995","1.5","0.7462875490779619","0.8370070466491786","0.6465358545084627","0.6465358545084627","0.1157982362815884","0.29254799703263074","50","50","50","0","0","False","False","NOT_APPLICABLE","","0","0.0","0","3.6470413208007812","50","50","50.0","","","moderate_shadow"
"cifar10","20","2","mixed_maturity","rffl_reputation","dirichlet_lcb","benign_concept_drift","0.5","4","2","5","5","0.5","20","9","1.5","5","honest-6","honest","incumbent","ADMITTED","ADMITTED","9","9","0","4","4.882922989522995","1.5","0.7462875490779619","0.8370070466491786","0.6465358545084627","0.6465358545084627","0.1157982362815884","0.29254799703263074","50","50","50","0","0","False","False","NOT_APPLICABLE","","0","0.0","0","2.67067289352417","50","50","50.0","","","moderate_shadow"
"cifar10","20","2","mixed_maturity","rffl_reputation","dirichlet_lcb","benign_concept_drift","0.5","4","2","5","5","0.5","20","9","1.5","5","honest-7","honest","incumbent","ADMITTED","ADMITTED","9","9","0","4","4.882922989522995","1.5","0.7462875490779619","0.8370070466491786","0.6465358545084627","0.6465358545084627","0.1157982362815884","0.29254799703263074","50","50","50","0","0","False","False","NOT_APPLICABLE","","0","0.0","0","2.769239902496338","50","50","50.0","","","moderate_shadow"
"cifar10","20","2","mixed_maturity","rffl_reputation","dirichlet_lcb","benign_concept_drift","0.5","4","2","5","5","0.5","20","9","1.5","5","honest-8","honest","incumbent","ADMITTED","ADMITTED","9","9","0","4","4.882922989522995","1.5","0.7462875490779619","0.8370070466491786","0.6465358545084627","0.6465358545084627","0.1157982362815884","0.29254799703263074","50","50","50","0","0","False","False","NOT_APPLICABLE","","0","0.0","0","3.494274854660034","50","50","50.0","","","moderate_shadow"
"cifar10","20","2","mixed_maturity","rffl_reputation","dirichlet_lcb","benign_concept_drift","0.5","4","2","5","5","0.5","20","9","1.5","5","honest-9","honest","incumbent","ADMITTED","ADMITTED","9","9","0","4","4.882922989522995","1.5","0.7462875490779619","0.8370070466491786","0.6465358545084627","0.6465358545084627","0.1157982362815884","0.29254799703263074","50","50","50","0","0","False","False","NOT_APPLICABLE","","0","0.0","0","3.123087167739868","50","50","50.0","","","moderate_shadow"
"cifar10","20","2","mixed_maturity","access_freshness_lease","dirichlet_lcb","diverse_then_repeat_backdoor","0.5","5","2","5","5","0.5","20","9","1.5","5","attacker-1","diverse_then_repeat_backdoor","newcomer","LIMITED","LIMITED","9","9","0","4","4.882922989522995","1.5","0.7462875490779619","0.8370070466491786","0.6465358545084627","0.6465358545084627","0.1157982362815884","0.29254799703263074","50","50","50","5","5","True","True","REVALIDATION","5","5","0.0","0","3.6722514629364014","50","50","37.5","","","moderate_shadow"
"cifar10","20","2","mixed_maturity","access_freshness_lease","dirichlet_lcb","diverse_then_repeat_backdoor","0.5","5","2","5","5","0.5","20","9","1.5","5","attacker-2","diverse_then_repeat_backdoor","newcomer","LIMITED","LIMITED","9","9","0","4","4.882922989522995","1.5","0.7462875490779619","0.8370070466491786","0.6465358545084627","0.6465358545084627","0.1157982362815884","0.29254799703263074","50","50","50","5","5","True","True","REVALIDATION","5","5","0.0","0","2.6857733726501465","50","50","37.5","","","moderate_shadow"
"cifar10","20","2","mixed_maturity","access_freshness_lease","dirichlet_lcb","diverse_then_repeat_backdoor","0.5","5","2","5","5","0.5","20","9","1.5","5","honest-1","honest","incumbent","ADMITTED","ADMITTED","9","9","0","3","4.76698923888176","1.5","0.7437820368902304","0.8332768051183246","0.6393772482578011","0.6393772482578011","0.11788253356256753","0.28561047849957855","50","50","50","5","5","True","False","NOT_APPLICABLE","","0","0.0","0","32.34080982208252","50","50","50.0","","","moderate_shadow"
"cifar10","20","2","mixed_maturity","access_freshness_lease","dirichlet_lcb","diverse_then_repeat_backdoor","0.5","5","2","5","5","0.5","20","9","1.5","5","honest-10","honest","incumbent","ADMITTED","ADMITTED","9","9","0","4","4.882922989522995","1.5","0.7462875490779619","0.8370070466491786","0.6465358545084627","0.6465358545084627","0.1157982362815884","0.29254799703263074","50","50","50","5","5","True","False","NOT_APPLICABLE","","0","0.0","0","3.821822166442871","50","50","50.0","","","moderate_shadow"
"cifar10","20","2","mixed_maturity","access_freshness_lease","dirichlet_lcb","diverse_then_repeat_backdoor","0.5","5","2","5","5","0.5","20","9","1.5","5","honest-11","honest","incumbent","ADMITTED","ADMITTED","9","9","0","3","4.5294892388817605","1.5","0.7401065581334588","0.8277664507491892","0.6288758803813109","0.6288758803813109","0.12091685363435191","0.27568090107538146","50","50","50","5","5","True","False","NOT_APPLICABLE","","0","0.0","0","32.76599717140198","50","50","50.0","","","moderate_shadow"
"cifar10","20","2","mixed_maturity","access_freshness_lease","dirichlet_lcb","diverse_then_repeat_backdoor","0.5","5","2","5","5","0.5","20","9","1.5","5","honest-12","honest","incumbent","ADMITTED","ADMITTED","9","9","0","4","4.882922989522995","1.5","0.7462875490779619","0.8370070466491786","0.6465358545084627","0.6465358545084627","0.1157982362815884","0.29254799703263074","50","50","50","5","5","True","False","NOT_APPLICABLE","","0","0.0","0","32.73028635978699","50","50","50.0","","","moderate_shadow"
"cifar10","20","2","mixed_maturity","access_freshness_lease","dirichlet_lcb","diverse_then_repeat_backdoor","0.5","5","2","5","5","0.5","20","9","1.5","5","honest-13","honest","incumbent","ADMITTED","ADMITTED","9","9","0","4","4.882922989522995","1.5","0.7462875490779619","0.8370070466491786","0.6465358545084627","0.6465358545084627","0.1157982362815884","0.29254799703263074","50","50","50","5","5","True","False","NOT_APPLICABLE","","0","0.0","0","3.2621872425079346","50","50","50.0","","","moderate_shadow"
"cifar10","20","2","mixed_maturity","access_freshness_lease","dirichlet_lcb","diverse_then_repeat_backdoor","0.5","5","2","5","5","0.5","20","9","1.5","5","honest-14","honest","incumbent","ADMITTED","ADMITTED","9","9","0","4","4.882922989522995","1.5","0.7462875490779619","0.8370070466491786","0.6465358545084627","0.6465358545084627","0.1157982362815884","0.29254799703263074","50","50","50","5","5","True","False","NOT_APPLICABLE","","0","0.0","0","3.2033565044403076","50","50","50.0","","","moderate_shadow"
"cifar10","20","2","mixed_maturity","access_freshness_lease","dirichlet_lcb","diverse_then_repeat_backdoor","0.5","5","2","5","5","0.5","20","9","1.5","5","honest-15","honest","incumbent","ADMITTED","ADMITTED","9","9","0","4","4.882922989522995","1.5","0.7462875490779619","0.8370070466491786","0.6465358545084627","0.6465358545084627","0.1157982362815884","0.29254799703263074","50","50","50","5","5","True","False","NOT_APPLICABLE","","0","0.0","0","3.678704023361206","50","50","50.0","","","moderate_shadow"
"cifar10","20","2","mixed_maturity","access_freshness_lease","dirichlet_lcb","diverse_then_repeat_backdoor","0.5","5","2","5","5","0.5","20","9","1.5","5","honest-16","honest","incumbent","ADMITTED","ADMITTED","9","9","0","4","4.882922989522995","1.5","0.7462875490779619","0.8370070466491786","0.6465358545084627","0.6465358545084627","0.1157982362815884","0.29254799703263074","50","50","50","5","5","True","False","NOT_APPLICABLE","","0","0.0","0","3.624790906906128","50","50","50.0","","","moderate_shadow"
"cifar10","20","2","mixed_maturity","access_freshness_lease","dirichlet_lcb","diverse_then_repeat_backdoor","0.5","5","2","5","5","0.5","20","9","1.5","5","honest-17","honest","incumbent","ADMITTED","ADMITTED","9","9","0","3","4.5294892388817605","1.5","0.7401065581334588","0.8277664507491892","0.6288758803813109","0.6288758803813109","0.12091685363435191","0.27568090107538146","50","50","50","5","5","True","False","NOT_APPLICABLE","","0","0.0","0","32.30210208892822","50","50","50.0","","","moderate_shadow"
"cifar10","20","2","mixed_maturity","access_freshness_lease","dirichlet_lcb","diverse_then_repeat_backdoor","0.5","5","2","5","5","0.5","20","9","1.5","5","honest-18","honest","incumbent","ADMITTED","ADMITTED","9","9","0","4","4.882922989522995","1.5","0.7462875490779619","0.8370070466491786","0.6465358545084627","0.6465358545084627","0.1157982362815884","0.29254799703263074","50","50","50","5","5","True","False","NOT_APPLICABLE","","0","0.0","0","2.173288345336914","50","50","50.0","","","moderate_shadow"
"cifar10","20","2","mixed_maturity","access_freshness_lease","dirichlet_lcb","diverse_then_repeat_backdoor","0.5","5","2","5","5","0.5","20","9","1.5","5","honest-2","honest","incumbent","ADMITTED","ADMITTED","9","9","0","4","4.882922989522995","1.5","0.7462875490779619","0.8370070466491786","0.6465358545084627","0.6465358545084627","0.1157982362815884","0.29254799703263074","50","50","50","5","5","True","False","NOT_APPLICABLE","","0","0.0","0","2.5125107765197754","50","50","50.0","","","moderate_shadow"
"cifar10","20","2","mixed_maturity","access_freshness_lease","dirichlet_lcb","diverse_then_repeat_backdoor","0.5","5","2","5","5","0.5","20","9","1.5","5","honest-3","honest","incumbent","ADMITTED","ADMITTED","9","9","0","4","4.882922989522995","1.5","0.7462875490779619","0.8370070466491786","0.6465358545084627","0.6465358545084627","0.1157982362815884","0.29254799703263074","50","50","50","5","5","True","False","NOT_APPLICABLE","","0","0.0","0","3.7548410892486572","50","50","50.0","","","moderate_shadow"
"cifar10","20","2","mixed_maturity","access_freshness_lease","dirichlet_lcb","diverse_then_repeat_backdoor","0.5","5","2","5","5","0.5","20","9","1.5","5","honest-4","honest","incumbent","ADMITTED","ADMITTED","9","9","0","4","4.882922989522995","1.5","0.7462875490779619","0.8370070466491786","0.6465358545084627","0.6465358545084627","0.1157982362815884","0.29254799703263074","50","50","50","5","5","True","False","NOT_APPLICABLE","","0","0.0","0","3.133145332336426","50","50","50.0","","","moderate_shadow"
"cifar10","20","2","mixed_maturity","access_freshness_lease","dirichlet_lcb","diverse_then_repeat_backdoor","0.5","5","2","5","5","0.5","20","9","1.5","5","honest-5","honest","incumbent","ADMITTED","ADMITTED","9","9","0","4","4.882922989522995","1.5","0.7462875490779619","0.8370070466491786","0.6465358545084627","0.6465358545084627","0.1157982362815884","0.29254799703263074","50","50","50","5","5","True","False","NOT_APPLICABLE","","0","0.0","0","33.10873627662659","50","50","50.0","","","moderate_shadow"
"cifar10","20","2","mixed_maturity","access_freshness_lease","dirichlet_lcb","diverse_then_repeat_backdoor","0.5","5","2","5","5","0.5","20","9","1.5","5","honest-6","honest","incumbent","ADMITTED","ADMITTED","9","9","0","4","4.882922989522995","1.5","0.7462875490779619","0.8370070466491786","0.6465358545084627","0.6465358545084627","0.1157982362815884","0.29254799703263074","50","50","50","5","5","True","False","NOT_APPLICABLE","","0","0.0","0","2.8885862827301025","50","50","50.0","","","moderate_shadow"
"cifar10","20","2","mixed_maturity","access_freshness_lease","dirichlet_lcb","diverse_then_repeat_backdoor","0.5","5","2","5","5","0.5","20","9","1.5","5","honest-7","honest","incumbent","ADMITTED","ADMITTED","9","9","0","4","4.882922989522995","1.5","0.7462875490779619","0.8370070466491786","0.6465358545084627","0.6465358545084627","0.1157982362815884","0.29254799703263074","50","50","50","5","5","True","False","NOT_APPLICABLE","","0","0.0","0","2.4552829265594482","50","50","50.0","","","moderate_shadow"
"cifar10","20","2","mixed_maturity","access_freshness_lease","dirichlet_lcb","diverse_then_repeat_backdoor","0.5","5","2","5","5","0.5","20","9","1.5","5","honest-8","honest","incumbent","ADMITTED","ADMITTED","9","9","0","4","4.882922989522995","1.5","0.7462875490779619","0.8370070466491786","0.6465358545084627","0.6465358545084627","0.1157982362815884","0.29254799703263074","50","50","50","5","5","True","False","NOT_APPLICABLE","","0","0.0","0","3.730832099914551","50","50","50.0","","","moderate_shadow"
"cifar10","20","2","mixed_maturity","access_freshness_lease","dirichlet_lcb","diverse_then_repeat_backdoor","0.5","5","2","5","5","0.5","20","9","1.5","5","honest-9","honest","incumbent","ADMITTED","ADMITTED","9","9","0","4","4.882922989522995","1.5","0.7462875490779619","0.8370070466491786","0.6465358545084627","0.6465358545084627","0.1157982362815884","0.29254799703263074","50","50","50","5","5","True","False","NOT_APPLICABLE","","0","0.0","0","3.0571279525756836","50","50","50.0","","","moderate_shadow"
"cifar10","20","2","mixed_maturity","access_freshness_lease","dirichlet_lcb","diverse_then_repeat_backdoor","0.5","6","2","5","5","0.5","20","9","1.5","5","attacker-1","diverse_then_repeat_backdoor","newcomer","LIMITED","LIMITED","9","9","0","4","4.882922989522995","1.5","0.7462875490779619","0.8370070466491786","0.6465358545084627","0.6465358545084627","0.1157982362815884","0.29254799703263074","50","50","50","5","5","True","True","REVALIDATION","5","5","0.0","0","2.9037723541259766","50","50","37.5","","","moderate_shadow"
"cifar10","20","2","mixed_maturity","access_freshness_lease","dirichlet_lcb","diverse_then_repeat_backdoor","0.5","6","2","5","5","0.5","20","9","1.5","5","attacker-2","diverse_then_repeat_backdoor","newcomer","LIMITED","LIMITED","9","9","0","4","4.882922989522995","1.5","0.7462875490779619","0.8370070466491786","0.6465358545084627","0.6465358545084627","0.1157982362815884","0.29254799703263074","50","50","50","5","5","True","True","REVALIDATION","5","5","0.0","0","4.282159090042114","50","50","37.5","","","moderate_shadow"
"cifar10","20","2","mixed_maturity","access_freshness_lease","dirichlet_lcb","diverse_then_repeat_backdoor","0.5","6","2","5","5","0.5","20","9","1.5","5","honest-1","honest","incumbent","ADMITTED","ADMITTED","9","9","0","4","4.882922989522995","1.5","0.7462875490779619","0.8370070466491786","0.6465358545084627","0.6465358545084627","0.1157982362815884","0.29254799703263074","50","50","50","5","5","True","False","NOT_APPLICABLE","","0","0.0","0","4.586046934127808","50","50","50.0","","","moderate_shadow"
"cifar10","20","2","mixed_maturity","access_freshness_lease","dirichlet_lcb","diverse_then_repeat_backdoor","0.5","6","2","5","5","0.5","20","9","1.5","5","honest-10","honest","incumbent","ADMITTED","ADMITTED","9","9","0","4","4.882922989522995","1.5","0.7462875490779619","0.8370070466491786","0.6465358545084627","0.6465358545084627","0.1157982362815884","0.29254799703263074","50","50","50","5","5","True","False","NOT_APPLICABLE","","0","0.0","0","3.388434410095215","50","50","50.0","","","moderate_shadow"
"cifar10","20","2","mixed_maturity","access_freshness_lease","dirichlet_lcb","diverse_then_repeat_backdoor","0.5","6","2","5","5","0.5","20","9","1.5","5","honest-11","honest","incumbent","ADMITTED","ADMITTED","9","9","0","4","4.882922989522995","1.5","0.7462875490779619","0.8370070466491786","0.6465358545084627","0.6465358545084627","0.1157982362815884","0.29254799703263074","50","50","50","5","5","True","False","NOT_APPLICABLE","","0","0.0","0","4.3649280071258545","50","50","50.0","","","moderate_shadow"
"cifar10","20","2","mixed_maturity","access_freshness_lease","dirichlet_lcb","diverse_then_repeat_backdoor","0.5","6","2","5","5","0.5","20","9","1.5","5","honest-12","honest","incumbent","ADMITTED","ADMITTED","9","9","0","4","4.882922989522995","1.5","0.7462875490779619","0.8370070466491786","0.6465358545084627","0.6465358545084627","0.1157982362815884","0.29254799703263074","50","50","50","5","5","True","False","NOT_APPLICABLE","","0","0.0","0","4.2618889808654785","50","50","50.0","","","moderate_shadow"
"cifar10","20","2","mixed_maturity","access_freshness_lease","dirichlet_lcb","diverse_then_repeat_backdoor","0.5","6","2","5","5","0.5","20","9","1.5","5","honest-13","honest","incumbent","ADMITTED","ADMITTED","9","9","0","4","4.882922989522995","1.5","0.7462875490779619","0.8370070466491786","0.6465358545084627","0.6465358545084627","0.1157982362815884","0.29254799703263074","50","50","50","5","5","True","False","NOT_APPLICABLE","","0","0.0","0","4.057619094848633","50","50","50.0","","","moderate_shadow"
"cifar10","20","2","mixed_maturity","access_freshness_lease","dirichlet_lcb","diverse_then_repeat_backdoor","0.5","6","2","5","5","0.5","20","9","1.5","5","honest-14","honest","incumbent","ADMITTED","ADMITTED","9","9","0","4","4.882922989522995","1.5","0.7462875490779619","0.8370070466491786","0.6465358545084627","0.6465358545084627","0.1157982362815884","0.29254799703263074","50","50","50","5","5","True","False","NOT_APPLICABLE","","0","0.0","0","2.8406105041503906","50","50","50.0","","","moderate_shadow"
"cifar10","20","2","mixed_maturity","access_freshness_lease","dirichlet_lcb","diverse_then_repeat_backdoor","0.5","6","2","5","5","0.5","20","9","1.5","5","honest-15","honest","incumbent","ADMITTED","ADMITTED","9","9","0","4","4.882922989522995","1.5","0.7462875490779619","0.8370070466491786","0.6465358545084627","0.6465358545084627","0.1157982362815884","0.29254799703263074","50","50","50","5","5","True","False","NOT_APPLICABLE","","0","0.0","0","2.6396994590759277","50","50","50.0","","","moderate_shadow"
"cifar10","20","2","mixed_maturity","access_freshness_lease","dirichlet_lcb","diverse_then_repeat_backdoor","0.5","6","2","5","5","0.5","20","9","1.5","5","honest-16","honest","incumbent","ADMITTED","ADMITTED","9","9","0","4","4.882922989522995","1.5","0.7462875490779619","0.8370070466491786","0.6465358545084627","0.6465358545084627","0.1157982362815884","0.29254799703263074","50","50","50","5","5","True","False","NOT_APPLICABLE","","0","0.0","0","3.3944356441497803","50","50","50.0","","","moderate_shadow"
"cifar10","20","2","mixed_maturity","access_freshness_lease","dirichlet_lcb","diverse_then_repeat_backdoor","0.5","6","2","5","5","0.5","20","9","1.5","5","honest-17","honest","incumbent","ADMITTED","ADMITTED","9","9","0","4","4.882922989522995","1.5","0.7462875490779619","0.8370070466491786","0.6465358545084627","0.6465358545084627","0.1157982362815884","0.29254799703263074","50","50","50","5","5","True","False","NOT_APPLICABLE","","0","0.0","0","3.1282565593719482","50","50","50.0","","","moderate_shadow"
"cifar10","20","2","mixed_maturity","access_freshness_lease","dirichlet_lcb","diverse_then_repeat_backdoor","0.5","6","2","5","5","0.5","20","9","1.5","5","honest-18","honest","incumbent","ADMITTED","ADMITTED","9","9","0","4","4.882922989522995","1.5","0.7462875490779619","0.8370070466491786","0.6465358545084627","0.6465358545084627","0.1157982362815884","0.29254799703263074","50","50","50","5","5","True","False","NOT_APPLICABLE","","0","0.0","0","3.7643685340881348","50","50","50.0","","","moderate_shadow"
"cifar10","20","2","mixed_maturity","access_freshness_lease","dirichlet_lcb","diverse_then_repeat_backdoor","0.5","6","2","5","5","0.5","20","9","1.5","5","honest-2","honest","incumbent","ADMITTED","ADMITTED","9","9","0","4","4.882922989522995","1.5","0.7462875490779619","0.8370070466491786","0.6465358545084627","0.6465358545084627","0.1157982362815884","0.29254799703263074","50","50","50","5","5","True","False","NOT_APPLICABLE","","0","0.0","0","3.950623035430908","50","50","50.0","","","moderate_shadow"
"cifar10","20","2","mixed_maturity","access_freshness_lease","dirichlet_lcb","diverse_then_repeat_backdoor","0.5","6","2","5","5","0.5","20","9","1.5","5","honest-3","honest","incumbent","ADMITTED","ADMITTED","9","9","0","4","4.882922989522995","1.5","0.7462875490779619","0.8370070466491786","0.6465358545084627","0.6465358545084627","0.1157982362815884","0.29254799703263074","50","50","50","5","5","True","False","NOT_APPLICABLE","","0","0.0","0","2.5778634548187256","50","50","50.0","","","moderate_shadow"
"cifar10","20","2","mixed_maturity","access_freshness_lease","dirichlet_lcb","diverse_then_repeat_backdoor","0.5","6","2","5","5","0.5","20","9","1.5","5","honest-4","honest","incumbent","ADMITTED","ADMITTED","9","9","0","4","4.882922989522995","1.5","0.7462875490779619","0.8370070466491786","0.6465358545084627","0.6465358545084627","0.1157982362815884","0.29254799703263074","50","50","50","5","5","True","False","NOT_APPLICABLE","","0","0.0","0","3.1605238914489746","50","50","50.0","","","moderate_shadow"
"cifar10","20","2","mixed_maturity","access_freshness_lease","dirichlet_lcb","diverse_then_repeat_backdoor","0.5","6","2","5","5","0.5","20","9","1.5","5","honest-5","honest","incumbent","ADMITTED","ADMITTED","9","9","0","4","4.882922989522995","1.5","0.7462875490779619","0.8370070466491786","0.6465358545084627","0.6465358545084627","0.1157982362815884","0.29254799703263074","50","50","50","5","5","True","False","NOT_APPLICABLE","","0","0.0","0","4.515588283538818","50","50","50.0","","","moderate_shadow"
"cifar10","20","2","mixed_maturity","access_freshness_lease","dirichlet_lcb","diverse_then_repeat_backdoor","0.5","6","2","5","5","0.5","20","9","1.5","5","honest-6","honest","incumbent","ADMITTED","ADMITTED","9","9","0","4","4.882922989522995","1.5","0.7462875490779619","0.8370070466491786","0.6465358545084627","0.6465358545084627","0.1157982362815884","0.29254799703263074","50","50","50","5","5","True","False","NOT_APPLICABLE","","0","0.0","0","2.883577585220337","50","50","50.0","","","moderate_shadow"
"cifar10","20","2","mixed_maturity","access_freshness_lease","dirichlet_lcb","diverse_then_repeat_backdoor","0.5","6","2","5","5","0.5","20","9","1.5","5","honest-7","honest","incumbent","ADMITTED","ADMITTED","9","9","0","4","4.882922989522995","1.5","0.7462875490779619","0.8370070466491786","0.6465358545084627","0.6465358545084627","0.1157982362815884","0.29254799703263074","50","50","50","5","5","True","False","NOT_APPLICABLE","","0","0.0","0","4.103240251541138","50","50","50.0","","","moderate_shadow"
"cifar10","20","2","mixed_maturity","access_freshness_lease","dirichlet_lcb","diverse_then_repeat_backdoor","0.5","6","2","5","5","0.5","20","9","1.5","5","honest-8","honest","incumbent","ADMITTED","ADMITTED","9","9","0","4","4.882922989522995","1.5","0.7462875490779619","0.8370070466491786","0.6465358545084627","0.6465358545084627","0.1157982362815884","0.29254799703263074","50","50","50","5","5","True","False","NOT_APPLICABLE","","0","0.0","0","3.8349647521972656","50","50","50.0","","","moderate_shadow"
"cifar10","20","2","mixed_maturity","access_freshness_lease","dirichlet_lcb","diverse_then_repeat_backdoor","0.5","6","2","5","5","0.5","20","9","1.5","5","honest-9","honest","incumbent","ADMITTED","ADMITTED","9","9","0","4","4.882922989522995","1.5","0.7462875490779619","0.8370070466491786","0.6465358545084627","0.6465358545084627","0.1157982362815884","0.29254799703263074","50","50","50","5","5","True","False","NOT_APPLICABLE","","0","0.0","0","2.3834991455078125","50","50","50.0","","","moderate_shadow"
"cifar10","20","2","mixed_maturity","access_freshness_lease","dirichlet_lcb","diverse_then_repeat_backdoor","0.5","7","2","5","5","0.5","20","9","1.5","5","attacker-1","diverse_then_repeat_backdoor","newcomer","LIMITED","LIMITED","9","9","0","4","4.882922989522995","1.5","0.7462875490779619","0.8370070466491786","0.6465358545084627","0.6465358545084627","0.1157982362815884","0.29254799703263074","50","50","50","5","5","True","True","REVALIDATION","5","5","0.0","0","3.5782711505889893","50","50","37.5","","","moderate_shadow"
"cifar10","20","2","mixed_maturity","access_freshness_lease","dirichlet_lcb","diverse_then_repeat_backdoor","0.5","7","2","5","5","0.5","20","9","1.5","5","attacker-2","diverse_then_repeat_backdoor","newcomer","LIMITED","LIMITED","9","9","0","4","4.882922989522995","1.5","0.7462875490779619","0.8370070466491786","0.6465358545084627","0.6465358545084627","0.1157982362815884","0.29254799703263074","50","50","50","5","5","True","True","REVALIDATION","5","5","0.0","0","2.7321205139160156","50","50","37.5","","","moderate_shadow"
"cifar10","20","2","mixed_maturity","access_freshness_lease","dirichlet_lcb","diverse_then_repeat_backdoor","0.5","7","2","5","5","0.5","20","9","1.5","5","honest-1","honest","incumbent","ADMITTED","ADMITTED","9","9","0","4","4.882922989522995","1.5","0.7462875490779619","0.8370070466491786","0.6465358545084627","0.6465358545084627","0.1157982362815884","0.29254799703263074","50","50","50","5","5","True","False","NOT_APPLICABLE","","0","0.0","0","3.741147041320801","50","50","50.0","","","moderate_shadow"
"cifar10","20","2","mixed_maturity","access_freshness_lease","dirichlet_lcb","diverse_then_repeat_backdoor","0.5","7","2","5","5","0.5","20","9","1.5","5","honest-10","honest","incumbent","ADMITTED","ADMITTED","9","9","0","4","4.882922989522995","1.5","0.7462875490779619","0.8370070466491786","0.6465358545084627","0.6465358545084627","0.1157982362815884","0.29254799703263074","50","50","50","5","5","True","False","NOT_APPLICABLE","","0","0.0","0","3.893873929977417","50","50","50.0","","","moderate_shadow"
"cifar10","20","2","mixed_maturity","access_freshness_lease","dirichlet_lcb","diverse_then_repeat_backdoor","0.5","7","2","5","5","0.5","20","9","1.5","5","honest-11","honest","incumbent","ADMITTED","ADMITTED","9","9","0","4","4.882922989522995","1.5","0.7462875490779619","0.8370070466491786","0.6465358545084627","0.6465358545084627","0.1157982362815884","0.29254799703263074","50","50","50","5","5","True","False","NOT_APPLICABLE","","0","0.0","0","2.843109369277954","50","50","50.0","","","moderate_shadow"
"cifar10","20","2","mixed_maturity","access_freshness_lease","dirichlet_lcb","diverse_then_repeat_backdoor","0.5","7","2","5","5","0.5","20","9","1.5","5","honest-12","honest","incumbent","ADMITTED","ADMITTED","9","9","0","4","4.882922989522995","1.5","0.7462875490779619","0.8370070466491786","0.6465358545084627","0.6465358545084627","0.1157982362815884","0.29254799703263074","50","50","50","5","5","True","False","NOT_APPLICABLE","","0","0.0","0","3.918185234069824","50","50","50.0","","","moderate_shadow"
"cifar10","20","2","mixed_maturity","access_freshness_lease","dirichlet_lcb","diverse_then_repeat_backdoor","0.5","7","2","5","5","0.5","20","9","1.5","5","honest-13","honest","incumbent","ADMITTED","ADMITTED","9","9","0","3","4.76698923888176","1.5","0.7237820368902304","0.8332768051183246","0.6393772482578011","0.6393772482578011","0.11788253356256753","0.28561047849957855","50","50","50","5","5","True","False","NOT_APPLICABLE","","0","0.0","0","2.565643787384033","50","50","50.0","","","moderate_shadow"
"cifar10","20","2","mixed_maturity","access_freshness_lease","dirichlet_lcb","diverse_then_repeat_backdoor","0.5","7","2","5","5","0.5","20","9","1.5","5","honest-14","honest","incumbent","ADMITTED","ADMITTED","9","9","0","4","4.882922989522995","1.5","0.7462875490779619","0.8370070466491786","0.6465358545084627","0.6465358545084627","0.1157982362815884","0.29254799703263074","50","50","50","5","5","True","False","NOT_APPLICABLE","","0","0.0","0","3.066394567489624","50","50","50.0","","","moderate_shadow"
"cifar10","20","2","mixed_maturity","access_freshness_lease","dirichlet_lcb","diverse_then_repeat_backdoor","0.5","7","2","5","5","0.5","20","9","1.5","5","honest-15","honest","incumbent","ADMITTED","ADMITTED","9","9","0","4","4.882922989522995","1.5","0.7462875490779619","0.8370070466491786","0.6465358545084627","0.6465358545084627","0.1157982362815884","0.29254799703263074","50","50","50","5","5","True","False","NOT_APPLICABLE","","0","0.0","0","3.0122320652008057","50","50","50.0","","","moderate_shadow"
"cifar10","20","2","mixed_maturity","access_freshness_lease","dirichlet_lcb","diverse_then_repeat_backdoor","0.5","7","2","5","5","0.5","20","9","1.5","5","honest-16","honest","incumbent","ADMITTED","ADMITTED","9","9","0","4","4.882922989522995","1.5","0.7462875490779619","0.8370070466491786","0.6465358545084627","0.6465358545084627","0.1157982362815884","0.29254799703263074","50","50","50","5","5","True","False","NOT_APPLICABLE","","0","0.0","0","3.082827568054199","50","50","50.0","","","moderate_shadow"
"cifar10","20","2","mixed_maturity","access_freshness_lease","dirichlet_lcb","diverse_then_repeat_backdoor","0.5","7","2","5","5","0.5","20","9","1.5","5","honest-17","honest","incumbent","ADMITTED","ADMITTED","9","9","0","4","4.882922989522995","1.5","0.7462875490779619","0.8370070466491786","0.6465358545084627","0.6465358545084627","0.1157982362815884","0.29254799703263074","50","50","50","5","5","True","False","NOT_APPLICABLE","","0","0.0","0","3.616990566253662","50","50","50.0","","","moderate_shadow"
"cifar10","20","2","mixed_maturity","access_freshness_lease","dirichlet_lcb","diverse_then_repeat_backdoor","0.5","7","2","5","5","0.5","20","9","1.5","5","honest-18","honest","incumbent","ADMITTED","ADMITTED","9","9","0","4","4.882922989522995","1.5","0.7462875490779619","0.8370070466491786","0.6465358545084627","0.6465358545084627","0.1157982362815884","0.29254799703263074","50","50","50","5","5","True","False","NOT_APPLICABLE","","0","0.0","0","3.6803078651428223","50","50","50.0","","","moderate_shadow"
"cifar10","20","2","mixed_maturity","access_freshness_lease","dirichlet_lcb","diverse_then_repeat_backdoor","0.5","7","2","5","5","0.5","20","9","1.5","5","honest-2","honest","incumbent","ADMITTED","ADMITTED","9","9","0","4","4.882922989522995","1.5","0.7462875490779619","0.8370070466491786","0.6465358545084627","0.6465358545084627","0.1157982362815884","0.29254799703263074","50","50","50","5","5","True","False","NOT_APPLICABLE","","0","0.0","0","2.305750608444214","50","50","50.0","","","moderate_shadow"
"cifar10","20","2","mixed_maturity","access_freshness_lease","dirichlet_lcb","diverse_then_repeat_backdoor","0.5","7","2","5","5","0.5","20","9","1.5","5","honest-3","honest","incumbent","ADMITTED","ADMITTED","9","9","0","4","4.882922989522995","1.5","0.7462875490779619","0.8370070466491786","0.6465358545084627","0.6465358545084627","0.1157982362815884","0.29254799703263074","50","50","50","5","5","True","False","NOT_APPLICABLE","","0","0.0","0","3.350508451461792","50","50","50.0","","","moderate_shadow"
"cifar10","20","2","mixed_maturity","access_freshness_lease","dirichlet_lcb","diverse_then_repeat_backdoor","0.5","7","2","5","5","0.5","20","9","1.5","5","honest-4","honest","incumbent","ADMITTED","ADMITTED","9","9","0","4","4.882922989522995","1.5","0.7462875490779619","0.8370070466491786","0.6465358545084627","0.6465358545084627","0.1157982362815884","0.29254799703263074","50","50","50","5","5","True","False","NOT_APPLICABLE","","0","0.0","0","2.6707749366760254","50","50","50.0","","","moderate_shadow"
"cifar10","20","2","mixed_maturity","access_freshness_lease","dirichlet_lcb","diverse_then_repeat_backdoor","0.5","7","2","5","5","0.5","20","9","1.5","5","honest-5","honest","incumbent","ADMITTED","ADMITTED","9","9","0","4","4.882922989522995","1.5","0.7462875490779619","0.8370070466491786","0.6465358545084627","0.6465358545084627","0.1157982362815884","0.29254799703263074","50","50","50","5","5","True","False","NOT_APPLICABLE","","0","0.0","0","33.05880331993103","50","50","50.0","","","moderate_shadow"
"cifar10","20","2","mixed_maturity","access_freshness_lease","dirichlet_lcb","diverse_then_repeat_backdoor","0.5","7","2","5","5","0.5","20","9","1.5","5","honest-6","honest","incumbent","ADMITTED","ADMITTED","9","9","0","4","4.882922989522995","1.5","0.7461779674058164","0.8368443365451895","0.6462227640166185","0.6462227640166185","0.11588966104503562","0.2922416416413887","50","50","50","5","5","True","False","NOT_APPLICABLE","","0","0.0","0","3.7385506629943848","50","50","50.0","","","moderate_shadow"
"cifar10","20","2","mixed_maturity","access_freshness_lease","dirichlet_lcb","diverse_then_repeat_backdoor","0.5","7","2","5","5","0.5","20","9","1.5","5","honest-7","honest","incumbent","ADMITTED","ADMITTED","9","9","0","4","4.882922989522995","1.5","0.7462875490779619","0.8370070466491786","0.6465358545084627","0.6465358545084627","0.1157982362815884","0.29254799703263074","50","50","50","5","5","True","False","NOT_APPLICABLE","","0","0.0","0","3.238858699798584","50","50","50.0","","","moderate_shadow"
"cifar10","20","2","mixed_maturity","access_freshness_lease","dirichlet_lcb","diverse_then_repeat_backdoor","0.5","7","2","5","5","0.5","20","9","1.5","5","honest-8","honest","incumbent","ADMITTED","ADMITTED","9","9","0","4","4.882922989522995","1.5","0.7462875490779619","0.8370070466491786","0.6465358545084627","0.6465358545084627","0.1157982362815884","0.29254799703263074","50","50","50","5","5","True","False","NOT_APPLICABLE","","0","0.0","0","4.1132543087005615","50","50","50.0","","","moderate_shadow"
"cifar10","20","2","mixed_maturity","access_freshness_lease","dirichlet_lcb","diverse_then_repeat_backdoor","0.5","7","2","5","5","0.5","20","9","1.5","5","honest-9","honest","incumbent","ADMITTED","ADMITTED","9","9","0","4","4.882922989522995","1.5","0.7462875490779619","0.8370070466491786","0.6465358545084627","0.6465358545084627","0.1157982362815884","0.29254799703263074","50","50","50","5","5","True","False","NOT_APPLICABLE","","0","0.0","0","32.943068981170654","50","50","50.0","","","moderate_shadow"
"cifar10","20","2","mixed_maturity","access_freshness_lease","dirichlet_lcb","diverse_then_repeat_backdoor","0.5","8","2","5","5","0.5","20","9","1.5","5","attacker-1","diverse_then_repeat_backdoor","newcomer","LIMITED","LIMITED","9","9","0","4","4.882922989522995","1.5","0.7462875490779619","0.8370070466491786","0.6465358545084627","0.6465358545084627","0.1157982362815884","0.29254799703263074","50","50","50","5","5","True","True","REVALIDATION","5","5","0.0","0","4.174863338470459","50","50","37.5","","","moderate_shadow"
"cifar10","20","2","mixed_maturity","access_freshness_lease","dirichlet_lcb","diverse_then_repeat_backdoor","0.5","8","2","5","5","0.5","20","9","1.5","5","attacker-2","diverse_then_repeat_backdoor","newcomer","LIMITED","LIMITED","9","9","0","4","4.882922989522995","1.5","0.7462875490779619","0.8370070466491786","0.6465358545084627","0.6465358545084627","0.1157982362815884","0.29254799703263074","50","50","50","5","5","True","True","REVALIDATION","5","5","0.0","0","3.7545926570892334","50","50","37.5","","","moderate_shadow"
"cifar10","20","2","mixed_maturity","access_freshness_lease","dirichlet_lcb","diverse_then_repeat_backdoor","0.5","8","2","5","5","0.5","20","9","1.5","5","honest-1","honest","incumbent","ADMITTED","ADMITTED","9","9","0","4","4.882922989522995","1.5","0.7462875490779619","0.8370070466491786","0.6465358545084627","0.6465358545084627","0.1157982362815884","0.29254799703263074","50","50","50","5","5","True","False","NOT_APPLICABLE","","0","0.0","0","3.6935269832611084","50","50","50.0","","","moderate_shadow"
"cifar10","20","2","mixed_maturity","access_freshness_lease","dirichlet_lcb","diverse_then_repeat_backdoor","0.5","8","2","5","5","0.5","20","9","1.5","5","honest-10","honest","incumbent","ADMITTED","ADMITTED","9","9","0","4","4.882922989522995","1.5","0.7462875490779619","0.8370070466491786","0.6465358545084627","0.6465358545084627","0.1157982362815884","0.29254799703263074","50","50","50","5","5","True","False","NOT_APPLICABLE","","0","0.0","0","2.9597156047821045","50","50","50.0","","","moderate_shadow"
"cifar10","20","2","mixed_maturity","access_freshness_lease","dirichlet_lcb","diverse_then_repeat_backdoor","0.5","8","2","5","5","0.5","20","9","1.5","5","honest-11","honest","incumbent","ADMITTED","ADMITTED","9","9","0","4","4.882922989522995","1.5","0.7462875490779619","0.8370070466491786","0.6465358545084627","0.6465358545084627","0.1157982362815884","0.29254799703263074","50","50","50","5","5","True","False","NOT_APPLICABLE","","0","0.0","0","2.714339017868042","50","50","50.0","","","moderate_shadow"
"cifar10","20","2","mixed_maturity","access_freshness_lease","dirichlet_lcb","diverse_then_repeat_backdoor","0.5","8","2","5","5","0.5","20","9","1.5","5","honest-12","honest","incumbent","ADMITTED","ADMITTED","9","9","0","4","4.882922989522995","1.5","0.7462875490779619","0.8370070466491786","0.6465358545084627","0.6465358545084627","0.1157982362815884","0.29254799703263074","50","50","50","5","5","True","False","NOT_APPLICABLE","","0","0.0","0","3.297539234161377","50","50","50.0","","","moderate_shadow"
"cifar10","20","2","mixed_maturity","access_freshness_lease","dirichlet_lcb","diverse_then_repeat_backdoor","0.5","8","2","5","5","0.5","20","9","1.5","5","honest-13","honest","incumbent","ADMITTED","ADMITTED","9","9","0","4","4.882922989522995","1.5","0.7462875490779619","0.8370070466491786","0.6465358545084627","0.6465358545084627","0.1157982362815884","0.29254799703263074","50","50","50","5","5","True","False","NOT_APPLICABLE","","0","0.0","0","2.47841477394104","50","50","50.0","","","moderate_shadow"
"cifar10","20","2","mixed_maturity","access_freshness_lease","dirichlet_lcb","diverse_then_repeat_backdoor","0.5","8","2","5","5","0.5","20","9","1.5","5","honest-14","honest","incumbent","ADMITTED","ADMITTED","9","9","0","4","4.882922989522995","1.5","0.7462875490779619","0.8370070466491786","0.6465358545084627","0.6465358545084627","0.1157982362815884","0.29254799703263074","50","50","50","5","5","True","False","NOT_APPLICABLE","","0","0.0","0","2.4302730560302734","50","50","50.0","","","moderate_shadow"
"cifar10","20","2","mixed_maturity","access_freshness_lease","dirichlet_lcb","diverse_then_repeat_backdoor","0.5","8","2","5","5","0.5","20","9","1.5","5","honest-15","honest","incumbent","ADMITTED","ADMITTED","9","9","0","4","4.882922989522995","1.5","0.7462875490779619","0.8370070466491786","0.6465358545084627","0.6465358545084627","0.1157982362815884","0.29254799703263074","50","50","50","5","5","True","False","NOT_APPLICABLE","","0","0.0","0","2.729465961456299","50","50","50.0","","","moderate_shadow"
"cifar10","20","2","mixed_maturity","access_freshness_lease","dirichlet_lcb","diverse_then_repeat_backdoor","0.5","8","2","5","5","0.5","20","9","1.5","5","honest-16","honest","incumbent","ADMITTED","ADMITTED","9","9","0","4","4.882922989522995","1.5","0.7462875490779619","0.8370070466491786","0.6465358545084627","0.6465358545084627","0.1157982362815884","0.29254799703263074","50","50","50","5","5","True","False","NOT_APPLICABLE","","0","0.0","0","33.415261030197144","50","50","50.0","","","moderate_shadow"
"cifar10","20","2","mixed_maturity","access_freshness_lease","dirichlet_lcb","diverse_then_repeat_backdoor","0.5","8","2","5","5","0.5","20","9","1.5","5","honest-17","honest","incumbent","ADMITTED","ADMITTED","9","9","0","4","4.882922989522995","1.5","0.7462875490779619","0.8370070466491786","0.6465358545084627","0.6465358545084627","0.1157982362815884","0.29254799703263074","50","50","50","5","5","True","False","NOT_APPLICABLE","","0","0.0","0","2.4373321533203125","50","50","50.0","","","moderate_shadow"
"cifar10","20","2","mixed_maturity","access_freshness_lease","dirichlet_lcb","diverse_then_repeat_backdoor","0.5","8","2","5","5","0.5","20","9","1.5","5","honest-18","honest","incumbent","ADMITTED","ADMITTED","9","9","0","4","4.882922989522995","1.5","0.7462875490779619","0.8370070466491786","0.6465358545084627","0.6465358545084627","0.1157982362815884","0.29254799703263074","50","50","50","5","5","True","False","NOT_APPLICABLE","","0","0.0","0","2.39957332611084","50","50","50.0","","","moderate_shadow"
"cifar10","20","2","mixed_maturity","access_freshness_lease","dirichlet_lcb","diverse_then_repeat_backdoor","0.5","8","2","5","5","0.5","20","9","1.5","5","honest-2","honest","incumbent","ADMITTED","ADMITTED","9","9","0","4","4.882922989522995","1.5","0.7462875490779619","0.8370070466491786","0.6465358545084627","0.6465358545084627","0.1157982362815884","0.29254799703263074","50","50","50","5","5","True","False","NOT_APPLICABLE","","0","0.0","0","3.0974254608154297","50","50","50.0","","","moderate_shadow"
"cifar10","20","2","mixed_maturity","access_freshness_lease","dirichlet_lcb","diverse_then_repeat_backdoor","0.5","8","2","5","5","0.5","20","9","1.5","5","honest-3","honest","incumbent","ADMITTED","ADMITTED","9","9","0","4","4.882922989522995","1.5","0.7462875490779619","0.8370070466491786","0.6465358545084627","0.6465358545084627","0.1157982362815884","0.29254799703263074","50","50","50","5","5","True","False","NOT_APPLICABLE","","0","0.0","0","3.7374022006988525","50","50","50.0","","","moderate_shadow"
"cifar10","20","2","mixed_maturity","access_freshness_lease","dirichlet_lcb","diverse_then_repeat_backdoor","0.5","8","2","5","5","0.5","20","9","1.5","5","honest-4","honest","incumbent","ADMITTED","ADMITTED","9","9","0","4","4.882922989522995","1.5","0.7462875490779619","0.8370070466491786","0.6465358545084627","0.6465358545084627","0.1157982362815884","0.29254799703263074","50","50","50","5","5","True","False","NOT_APPLICABLE","","0","0.0","0","32.83280849456787","50","50","50.0","","","moderate_shadow"
"cifar10","20","2","mixed_maturity","access_freshness_lease","dirichlet_lcb","diverse_then_repeat_backdoor","0.5","8","2","5","5","0.5","20","9","1.5","5","honest-5","honest","incumbent","ADMITTED","ADMITTED","9","9","0","4","4.882922989522995","1.5","0.7462875490779619","0.8370070466491786","0.6465358545084627","0.6465358545084627","0.1157982362815884","0.29254799703263074","50","50","50","5","5","True","False","NOT_APPLICABLE","","0","0.0","0","3.6149046421051025","50","50","50.0","","","moderate_shadow"
"cifar10","20","2","mixed_maturity","access_freshness_lease","dirichlet_lcb","diverse_then_repeat_backdoor","0.5","8","2","5","5","0.5","20","9","1.5","5","honest-6","honest","incumbent","ADMITTED","ADMITTED","9","9","0","4","4.882922989522995","1.5","0.7462875490779619","0.8370070466491786","0.6465358545084627","0.6465358545084627","0.1157982362815884","0.29254799703263074","50","50","50","5","5","True","False","NOT_APPLICABLE","","0","0.0","0","4.039445161819458","50","50","50.0","","","moderate_shadow"
"cifar10","20","2","mixed_maturity","access_freshness_lease","dirichlet_lcb","diverse_then_repeat_backdoor","0.5","8","2","5","5","0.5","20","9","1.5","5","honest-7","honest","incumbent","ADMITTED","ADMITTED","9","9","0","4","4.882922989522995","1.5","0.7462875490779619","0.8370070466491786","0.6465358545084627","0.6465358545084627","0.1157982362815884","0.29254799703263074","50","50","50","5","5","True","False","NOT_APPLICABLE","","0","0.0","0","3.9365155696868896","50","50","50.0","","","moderate_shadow"
"cifar10","20","2","mixed_maturity","access_freshness_lease","dirichlet_lcb","diverse_then_repeat_backdoor","0.5","8","2","5","5","0.5","20","9","1.5","5","honest-8","honest","incumbent","ADMITTED","ADMITTED","9","9","0","4","4.882922989522995","1.5","0.7462875490779619","0.8370070466491786","0.6465358545084627","0.6465358545084627","0.1157982362815884","0.29254799703263074","50","50","50","5","5","True","False","NOT_APPLICABLE","","0","0.0","0","3.5207626819610596","50","50","50.0","","","moderate_shadow"
"cifar10","20","2","mixed_maturity","access_freshness_lease","dirichlet_lcb","diverse_then_repeat_backdoor","0.5","8","2","5","5","0.5","20","9","1.5","5","honest-9","honest","incumbent","ADMITTED","ADMITTED","9","9","0","4","4.882922989522995","1.5","0.7462875490779619","0.8370070466491786","0.6465358545084627","0.6465358545084627","0.1157982362815884","0.29254799703263074","50","50","50","5","5","True","False","NOT_APPLICABLE","","0","0.0","0","3.7115695476531982","50","50","50.0","","","moderate_shadow"
"cifar10","20","2","mixed_maturity","access_freshness_lease","dirichlet_lcb","diverse_then_repeat_backdoor","0.5","9","2","5","5","0.5","20","9","1.5","5","attacker-1","diverse_then_repeat_backdoor","newcomer","LIMITED","LIMITED","9","9","0","4","4.882922989522995","1.5","0.7462875490779619","0.8370070466491786","0.6465358545084627","0.6465358545084627","0.1157982362815884","0.29254799703263074","50","50","50","5","5","True","True","REVALIDATION","5","5","0.0","0","3.4117932319641113","50","50","37.5","","","moderate_shadow"
"cifar10","20","2","mixed_maturity","access_freshness_lease","dirichlet_lcb","diverse_then_repeat_backdoor","0.5","9","2","5","5","0.5","20","9","1.5","5","attacker-2","diverse_then_repeat_backdoor","newcomer","LIMITED","LIMITED","9","9","0","4","4.882922989522995","1.5","0.7462875490779619","0.8370070466491786","0.6465358545084627","0.6465358545084627","0.1157982362815884","0.29254799703263074","50","50","50","5","5","True","True","REVALIDATION","5","5","0.0","0","3.3151743412017822","50","50","37.5","","","moderate_shadow"
"cifar10","20","2","mixed_maturity","access_freshness_lease","dirichlet_lcb","diverse_then_repeat_backdoor","0.5","9","2","5","5","0.5","20","9","1.5","5","honest-1","honest","incumbent","ADMITTED","ADMITTED","9","9","0","4","4.882922989522995","1.5","0.7462875490779619","0.8370070466491786","0.6465358545084627","0.6465358545084627","0.1157982362815884","0.29254799703263074","50","50","50","5","5","True","False","NOT_APPLICABLE","","0","0.0","0","2.713285446166992","50","50","50.0","","","moderate_shadow"
"cifar10","20","2","mixed_maturity","access_freshness_lease","dirichlet_lcb","diverse_then_repeat_backdoor","0.5","9","2","5","5","0.5","20","9","1.5","5","honest-10","honest","incumbent","ADMITTED","ADMITTED","9","9","0","4","4.882922989522995","1.5","0.7462875490779619","0.8370070466491786","0.6465358545084627","0.6465358545084627","0.1157982362815884","0.29254799703263074","50","50","50","5","5","True","False","NOT_APPLICABLE","","0","0.0","0","2.1347997188568115","50","50","50.0","","","moderate_shadow"
"cifar10","20","2","mixed_maturity","access_freshness_lease","dirichlet_lcb","diverse_then_repeat_backdoor","0.5","9","2","5","5","0.5","20","9","1.5","5","honest-11","honest","incumbent","ADMITTED","ADMITTED","9","9","0","4","4.882922989522995","1.5","0.7462875490779619","0.8370070466491786","0.6465358545084627","0.6465358545084627","0.1157982362815884","0.29254799703263074","50","50","50","5","5","True","False","NOT_APPLICABLE","","0","0.0","0","33.09773325920105","50","50","50.0","","","moderate_shadow"
"cifar10","20","2","mixed_maturity","access_freshness_lease","dirichlet_lcb","diverse_then_repeat_backdoor","0.5","9","2","5","5","0.5","20","9","1.5","5","honest-12","honest","incumbent","ADMITTED","ADMITTED","9","9","0","4","4.882922989522995","1.5","0.7462875490779619","0.8370070466491786","0.6465358545084627","0.6465358545084627","0.1157982362815884","0.29254799703263074","50","50","50","5","5","True","False","NOT_APPLICABLE","","0","0.0","0","3.0198380947113037","50","50","50.0","","","moderate_shadow"
"cifar10","20","2","mixed_maturity","access_freshness_lease","dirichlet_lcb","diverse_then_repeat_backdoor","0.5","9","2","5","5","0.5","20","9","1.5","5","honest-13","honest","incumbent","ADMITTED","ADMITTED","9","9","0","4","4.882922989522995","1.5","0.7462875490779619","0.8370070466491786","0.6465358545084627","0.6465358545084627","0.1157982362815884","0.29254799703263074","50","50","50","5","5","True","False","NOT_APPLICABLE","","0","0.0","0","3.2676243782043457","50","50","50.0","","","moderate_shadow"
"cifar10","20","2","mixed_maturity","access_freshness_lease","dirichlet_lcb","diverse_then_repeat_backdoor","0.5","9","2","5","5","0.5","20","9","1.5","5","honest-14","honest","incumbent","ADMITTED","ADMITTED","9","9","0","4","4.882922989522995","1.5","0.7462875490779619","0.8370070466491786","0.6465358545084627","0.6465358545084627","0.1157982362815884","0.29254799703263074","50","50","50","5","5","True","False","NOT_APPLICABLE","","0","0.0","0","3.0428740978240967","50","50","50.0","","","moderate_shadow"
"cifar10","20","2","mixed_maturity","access_freshness_lease","dirichlet_lcb","diverse_then_repeat_backdoor","0.5","9","2","5","5","0.5","20","9","1.5","5","honest-15","honest","incumbent","ADMITTED","ADMITTED","9","9","0","3","4.76698923888176","1.5","0.7437820368902304","0.8332768051183246","0.6393772482578011","0.6393772482578011","0.11788253356256753","0.28561047849957855","50","50","50","5","5","True","False","NOT_APPLICABLE","","0","0.0","0","32.03806805610657","50","50","50.0","","","moderate_shadow"
"cifar10","20","2","mixed_maturity","access_freshness_lease","dirichlet_lcb","diverse_then_repeat_backdoor","0.5","9","2","5","5","0.5","20","9","1.5","5","honest-16","honest","incumbent","ADMITTED","ADMITTED","9","9","0","4","4.882922989522995","1.5","0.7462875490779619","0.8370070466491786","0.6465358545084627","0.6465358545084627","0.1157982362815884","0.29254799703263074","50","50","50","5","5","True","False","NOT_APPLICABLE","","0","0.0","0","3.2154488563537598","50","50","50.0","","","moderate_shadow"
"cifar10","20","2","mixed_maturity","access_freshness_lease","dirichlet_lcb","diverse_then_repeat_backdoor","0.5","9","2","5","5","0.5","20","9","1.5","5","honest-17","honest","incumbent","ADMITTED","ADMITTED","9","9","0","4","4.882922989522995","1.5","0.7462875490779619","0.8370070466491786","0.6465358545084627","0.6465358545084627","0.1157982362815884","0.29254799703263074","50","50","50","5","5","True","False","NOT_APPLICABLE","","0","0.0","0","2.6017723083496094","50","50","50.0","","","moderate_shadow"
"cifar10","20","2","mixed_maturity","access_freshness_lease","dirichlet_lcb","diverse_then_repeat_backdoor","0.5","9","2","5","5","0.5","20","9","1.5","5","honest-18","honest","incumbent","ADMITTED","ADMITTED","9","9","0","4","4.882922989522995","1.5","0.7462875490779619","0.8370070466491786","0.6465358545084627","0.6465358545084627","0.1157982362815884","0.29254799703263074","50","50","50","5","5","True","False","NOT_APPLICABLE","","0","0.0","0","2.676254987716675","50","50","50.0","","","moderate_shadow"
"cifar10","20","2","mixed_maturity","access_freshness_lease","dirichlet_lcb","diverse_then_repeat_backdoor","0.5","9","2","5","5","0.5","20","9","1.5","5","honest-2","honest","incumbent","ADMITTED","ADMITTED","9","9","0","4","4.882922989522995","1.5","0.7462875490779619","0.8370070466491786","0.6465358545084627","0.6465358545084627","0.1157982362815884","0.29254799703263074","50","50","50","5","5","True","False","NOT_APPLICABLE","","0","0.0","0","3.4001545906066895","50","50","50.0","","","moderate_shadow"
"cifar10","20","2","mixed_maturity","access_freshness_lease","dirichlet_lcb","diverse_then_repeat_backdoor","0.5","9","2","5","5","0.5","20","9","1.5","5","honest-3","honest","incumbent","ADMITTED","ADMITTED","9","9","0","4","4.882922989522995","1.5","0.7462875490779619","0.8370070466491786","0.6465358545084627","0.6465358545084627","0.1157982362815884","0.29254799703263074","50","50","50","5","5","True","False","NOT_APPLICABLE","","0","0.0","0","3.552233934402466","50","50","50.0","","","moderate_shadow"
"cifar10","20","2","mixed_maturity","access_freshness_lease","dirichlet_lcb","diverse_then_repeat_backdoor","0.5","9","2","5","5","0.5","20","9","1.5","5","honest-4","honest","incumbent","ADMITTED","ADMITTED","9","9","0","3","4.5294892388817605","1.5","0.7401065581334588","0.8277664507491892","0.6288758803813109","0.6288758803813109","0.12091685363435191","0.27568090107538146","50","50","50","5","5","True","False","NOT_APPLICABLE","","0","0.0","0","62.322701930999756","50","50","50.0","","","moderate_shadow"
"cifar10","20","2","mixed_maturity","access_freshness_lease","dirichlet_lcb","diverse_then_repeat_backdoor","0.5","9","2","5","5","0.5","20","9","1.5","5","honest-5","honest","incumbent","ADMITTED","ADMITTED","9","9","0","4","4.882922989522995","1.5","0.7462875490779619","0.8370070466491786","0.6465358545084627","0.6465358545084627","0.1157982362815884","0.29254799703263074","50","50","50","5","5","True","False","NOT_APPLICABLE","","0","0.0","0","33.05284357070923","50","50","50.0","","","moderate_shadow"
"cifar10","20","2","mixed_maturity","access_freshness_lease","dirichlet_lcb","diverse_then_repeat_backdoor","0.5","9","2","5","5","0.5","20","9","1.5","5","honest-6","honest","incumbent","ADMITTED","ADMITTED","9","9","0","3","5.004489238881761","1.5","0.7503560216234088","0.8430201361031787","0.6581600617811678","0.6581600617811678","0.11238691964272261","0.3041175807403508","50","50","50","5","5","True","False","NOT_APPLICABLE","","0","0.0","0","32.1787645816803","50","50","50.0","","","moderate_shadow"
"cifar10","20","2","mixed_maturity","access_freshness_lease","dirichlet_lcb","diverse_then_repeat_backdoor","0.5","9","2","5","5","0.5","20","9","1.5","5","honest-7","honest","incumbent","ADMITTED","ADMITTED","9","9","0","4","4.882922989522995","1.5","0.7462875490779619","0.8370070466491786","0.6465358545084627","0.6465358545084627","0.1157982362815884","0.29254799703263074","50","50","50","5","5","True","False","NOT_APPLICABLE","","0","0.0","0","3.1903791427612305","50","50","50.0","","","moderate_shadow"
"cifar10","20","2","mixed_maturity","access_freshness_lease","dirichlet_lcb","diverse_then_repeat_backdoor","0.5","9","2","5","5","0.5","20","9","1.5","5","honest-8","honest","incumbent","ADMITTED","ADMITTED","9","9","0","4","4.882922989522995","1.5","0.7462875490779619","0.8370070466491786","0.6465358545084627","0.6465358545084627","0.1157982362815884","0.29254799703263074","50","50","50","5","5","True","False","NOT_APPLICABLE","","0","0.0","0","2.426237106323242","50","50","50.0","","","moderate_shadow"
"cifar10","20","2","mixed_maturity","access_freshness_lease","dirichlet_lcb","diverse_then_repeat_backdoor","0.5","9","2","5","5","0.5","20","9","1.5","5","honest-9","honest","incumbent","ADMITTED","ADMITTED","9","9","0","4","4.882922989522995","1.5","0.7462875490779619","0.8370070466491786","0.6465358545084627","0.6465358545084627","0.1157982362815884","0.29254799703263074","50","50","50","5","5","True","False","NOT_APPLICABLE","","0","0.0","0","32.129645586013794","50","50","50.0","","","moderate_shadow"
"cifar10","20","2","mixed_maturity","access_freshness_lease","dirichlet_lcb","benign_concept_drift","0.5","5","2","5","5","0.5","20","9","1.5","5","attacker-1","benign_concept_drift","newcomer","LIMITED","LIMITED","9","9","0","4","4.882922989522995","1.5","0.7462875490779619","0.8370070466491786","0.6465358545084627","0.6465358545084627","0.1157982362815884","0.29254799703263074","50","50","50","5","5","True","True","REVALIDATION","5","5","0.0","0","3.363663911819458","50","50","37.5","","","moderate_shadow"
"cifar10","20","2","mixed_maturity","access_freshness_lease","dirichlet_lcb","benign_concept_drift","0.5","5","2","5","5","0.5","20","9","1.5","5","attacker-2","benign_concept_drift","newcomer","LIMITED","LIMITED","9","9","0","4","4.882922989522995","1.5","0.7462875490779619","0.8370070466491786","0.6465358545084627","0.6465358545084627","0.1157982362815884","0.29254799703263074","50","50","50","5","5","True","True","REVALIDATION","5","5","0.0","0","2.209108352661133","50","50","37.5","","","moderate_shadow"
"cifar10","20","2","mixed_maturity","access_freshness_lease","dirichlet_lcb","benign_concept_drift","0.5","5","2","5","5","0.5","20","9","1.5","5","honest-1","honest","incumbent","ADMITTED","ADMITTED","9","9","0","3","4.76698923888176","1.5","0.7437820368902304","0.8332768051183246","0.6393772482578011","0.6393772482578011","0.11788253356256753","0.28561047849957855","50","50","50","5","5","True","False","NOT_APPLICABLE","","0","0.0","0","32.1310613155365","50","50","50.0","","","moderate_shadow"
"cifar10","20","2","mixed_maturity","access_freshness_lease","dirichlet_lcb","benign_concept_drift","0.5","5","2","5","5","0.5","20","9","1.5","5","honest-10","honest","incumbent","ADMITTED","ADMITTED","9","9","0","4","4.882922989522995","1.5","0.7462875490779619","0.8370070466491786","0.6465358545084627","0.6465358545084627","0.1157982362815884","0.29254799703263074","50","50","50","5","5","True","False","NOT_APPLICABLE","","0","0.0","0","3.851473093032837","50","50","50.0","","","moderate_shadow"
"cifar10","20","2","mixed_maturity","access_freshness_lease","dirichlet_lcb","benign_concept_drift","0.5","5","2","5","5","0.5","20","9","1.5","5","honest-11","honest","incumbent","ADMITTED","ADMITTED","9","9","0","3","4.5294892388817605","1.5","0.7401065581334588","0.8277664507491892","0.6288758803813109","0.6288758803813109","0.12091685363435191","0.27568090107538146","50","50","50","5","5","True","False","NOT_APPLICABLE","","0","0.0","0","32.25485968589783","50","50","50.0","","","moderate_shadow"
"cifar10","20","2","mixed_maturity","access_freshness_lease","dirichlet_lcb","benign_concept_drift","0.5","5","2","5","5","0.5","20","9","1.5","5","honest-12","honest","incumbent","ADMITTED","ADMITTED","9","9","0","4","4.882922989522995","1.5","0.7462875490779619","0.8370070466491786","0.6465358545084627","0.6465358545084627","0.1157982362815884","0.29254799703263074","50","50","50","5","5","True","False","NOT_APPLICABLE","","0","0.0","0","32.05933451652527","50","50","50.0","","","moderate_shadow"
"cifar10","20","2","mixed_maturity","access_freshness_lease","dirichlet_lcb","benign_concept_drift","0.5","5","2","5","5","0.5","20","9","1.5","5","honest-13","honest","incumbent","ADMITTED","ADMITTED","9","9","0","4","4.882922989522995","1.5","0.7462875490779619","0.8370070466491786","0.6465358545084627","0.6465358545084627","0.1157982362815884","0.29254799703263074","50","50","50","5","5","True","False","NOT_APPLICABLE","","0","0.0","0","2.9714016914367676","50","50","50.0","","","moderate_shadow"
"cifar10","20","2","mixed_maturity","access_freshness_lease","dirichlet_lcb","benign_concept_drift","0.5","5","2","5","5","0.5","20","9","1.5","5","honest-14","honest","incumbent","ADMITTED","ADMITTED","9","9","0","4","4.882922989522995","1.5","0.7462875490779619","0.8370070466491786","0.6465358545084627","0.6465358545084627","0.1157982362815884","0.29254799703263074","50","50","50","5","5","True","False","NOT_APPLICABLE","","0","0.0","0","2.4768223762512207","50","50","50.0","","","moderate_shadow"
"cifar10","20","2","mixed_maturity","access_freshness_lease","dirichlet_lcb","benign_concept_drift","0.5","5","2","5","5","0.5","20","9","1.5","5","honest-15","honest","incumbent","ADMITTED","ADMITTED","9","9","0","4","4.882922989522995","1.5","0.7462875490779619","0.8370070466491786","0.6465358545084627","0.6465358545084627","0.1157982362815884","0.29254799703263074","50","50","50","5","5","True","False","NOT_APPLICABLE","","0","0.0","0","3.563026189804077","50","50","50.0","","","moderate_shadow"
"cifar10","20","2","mixed_maturity","access_freshness_lease","dirichlet_lcb","benign_concept_drift","0.5","5","2","5","5","0.5","20","9","1.5","5","honest-16","honest","incumbent","ADMITTED","ADMITTED","9","9","0","4","4.882922989522995","1.5","0.7462875490779619","0.8370070466491786","0.6465358545084627","0.6465358545084627","0.1157982362815884","0.29254799703263074","50","50","50","5","5","True","False","NOT_APPLICABLE","","0","0.0","0","3.3788022994995117","50","50","50.0","","","moderate_shadow"
"cifar10","20","2","mixed_maturity","access_freshness_lease","dirichlet_lcb","benign_concept_drift","0.5","5","2","5","5","0.5","20","9","1.5","5","honest-17","honest","incumbent","ADMITTED","ADMITTED","9","9","0","3","4.5294892388817605","1.5","0.7401065581334588","0.8277664507491892","0.6288758803813109","0.6288758803813109","0.12091685363435191","0.27568090107538146","50","50","50","5","5","True","False","NOT_APPLICABLE","","0","0.0","0","32.43917107582092","50","50","50.0","","","moderate_shadow"
"cifar10","20","2","mixed_maturity","access_freshness_lease","dirichlet_lcb","benign_concept_drift","0.5","5","2","5","5","0.5","20","9","1.5","5","honest-18","honest","incumbent","ADMITTED","ADMITTED","9","9","0","4","4.882922989522995","1.5","0.7462875490779619","0.8370070466491786","0.6465358545084627","0.6465358545084627","0.1157982362815884","0.29254799703263074","50","50","50","5","5","True","False","NOT_APPLICABLE","","0","0.0","0","3.4149811267852783","50","50","50.0","","","moderate_shadow"
"cifar10","20","2","mixed_maturity","access_freshness_lease","dirichlet_lcb","benign_concept_drift","0.5","5","2","5","5","0.5","20","9","1.5","5","honest-2","honest","incumbent","ADMITTED","ADMITTED","9","9","0","4","4.882922989522995","1.5","0.7462875490779619","0.8370070466491786","0.6465358545084627","0.6465358545084627","0.1157982362815884","0.29254799703263074","50","50","50","5","5","True","False","NOT_APPLICABLE","","0","0.0","0","3.691866159439087","50","50","50.0","","","moderate_shadow"
"cifar10","20","2","mixed_maturity","access_freshness_lease","dirichlet_lcb","benign_concept_drift","0.5","5","2","5","5","0.5","20","9","1.5","5","honest-3","honest","incumbent","ADMITTED","ADMITTED","9","9","0","4","4.882922989522995","1.5","0.7462875490779619","0.8370070466491786","0.6465358545084627","0.6465358545084627","0.1157982362815884","0.29254799703263074","50","50","50","5","5","True","False","NOT_APPLICABLE","","0","0.0","0","2.33707332611084","50","50","50.0","","","moderate_shadow"
"cifar10","20","2","mixed_maturity","access_freshness_lease","dirichlet_lcb","benign_concept_drift","0.5","5","2","5","5","0.5","20","9","1.5","5","honest-4","honest","incumbent","ADMITTED","ADMITTED","9","9","0","4","4.882922989522995","1.5","0.7462875490779619","0.8370070466491786","0.6465358545084627","0.6465358545084627","0.1157982362815884","0.29254799703263074","50","50","50","5","5","True","False","NOT_APPLICABLE","","0","0.0","0","2.328439235687256","50","50","50.0","","","moderate_shadow"
"cifar10","20","2","mixed_maturity","access_freshness_lease","dirichlet_lcb","benign_concept_drift","0.5","5","2","5","5","0.5","20","9","1.5","5","honest-5","honest","incumbent","ADMITTED","ADMITTED","9","9","0","4","4.882922989522995","1.5","0.7462875490779619","0.8370070466491786","0.6465358545084627","0.6465358545084627","0.1157982362815884","0.29254799703263074","50","50","50","5","5","True","False","NOT_APPLICABLE","","0","0.0","0","32.91412663459778","50","50","50.0","","","moderate_shadow"
"cifar10","20","2","mixed_maturity","access_freshness_lease","dirichlet_lcb","benign_concept_drift","0.5","5","2","5","5","0.5","20","9","1.5","5","honest-6","honest","incumbent","ADMITTED","ADMITTED","9","9","0","4","4.882922989522995","1.5","0.7462875490779619","0.8370070466491786","0.6465358545084627","0.6465358545084627","0.1157982362815884","0.29254799703263074","50","50","50","5","5","True","False","NOT_APPLICABLE","","0","0.0","0","3.562384843826294","50","50","50.0","","","moderate_shadow"
"cifar10","20","2","mixed_maturity","access_freshness_lease","dirichlet_lcb","benign_concept_drift","0.5","5","2","5","5","0.5","20","9","1.5","5","honest-7","honest","incumbent","ADMITTED","ADMITTED","9","9","0","4","4.882922989522995","1.5","0.7462875490779619","0.8370070466491786","0.6465358545084627","0.6465358545084627","0.1157982362815884","0.29254799703263074","50","50","50","5","5","True","False","NOT_APPLICABLE","","0","0.0","0","2.4895288944244385","50","50","50.0","","","moderate_shadow"
"cifar10","20","2","mixed_maturity","access_freshness_lease","dirichlet_lcb","benign_concept_drift","0.5","5","2","5","5","0.5","20","9","1.5","5","honest-8","honest","incumbent","ADMITTED","ADMITTED","9","9","0","4","4.882922989522995","1.5","0.7462875490779619","0.8370070466491786","0.6465358545084627","0.6465358545084627","0.1157982362815884","0.29254799703263074","50","50","50","5","5","True","False","NOT_APPLICABLE","","0","0.0","0","3.1488380432128906","50","50","50.0","","","moderate_shadow"
"cifar10","20","2","mixed_maturity","access_freshness_lease","dirichlet_lcb","benign_concept_drift","0.5","5","2","5","5","0.5","20","9","1.5","5","honest-9","honest","incumbent","ADMITTED","ADMITTED","9","9","0","4","4.882922989522995","1.5","0.7462875490779619","0.8370070466491786","0.6465358545084627","0.6465358545084627","0.1157982362815884","0.29254799703263074","50","50","50","5","5","True","False","NOT_APPLICABLE","","0","0.0","0","3.561678647994995","50","50","50.0","","","moderate_shadow"
"cifar10","20","2","mixed_maturity","access_freshness_lease","dirichlet_lcb","benign_concept_drift","0.5","6","2","5","5","0.5","20","9","1.5","5","attacker-1","benign_concept_drift","newcomer","LIMITED","LIMITED","9","9","0","4","4.882922989522995","1.5","0.7462875490779619","0.8370070466491786","0.6465358545084627","0.6465358545084627","0.1157982362815884","0.29254799703263074","50","50","50","5","5","True","True","REVALIDATION","5","5","0.0","0","3.2863283157348633","50","50","37.5","","","moderate_shadow"
"cifar10","20","2","mixed_maturity","access_freshness_lease","dirichlet_lcb","benign_concept_drift","0.5","6","2","5","5","0.5","20","9","1.5","5","attacker-2","benign_concept_drift","newcomer","LIMITED","LIMITED","9","9","0","4","4.882922989522995","1.5","0.7462875490779619","0.8370070466491786","0.6465358545084627","0.6465358545084627","0.1157982362815884","0.29254799703263074","50","50","50","5","5","True","True","REVALIDATION","5","5","0.0","0","3.930542469024658","50","50","37.5","","","moderate_shadow"
"cifar10","20","2","mixed_maturity","access_freshness_lease","dirichlet_lcb","benign_concept_drift","0.5","6","2","5","5","0.5","20","9","1.5","5","honest-1","honest","incumbent","ADMITTED","ADMITTED","9","9","0","4","4.882922989522995","1.5","0.7462875490779619","0.8370070466491786","0.6465358545084627","0.6465358545084627","0.1157982362815884","0.29254799703263074","50","50","50","5","5","True","False","NOT_APPLICABLE","","0","0.0","0","3.8771049976348877","50","50","50.0","","","moderate_shadow"
"cifar10","20","2","mixed_maturity","access_freshness_lease","dirichlet_lcb","benign_concept_drift","0.5","6","2","5","5","0.5","20","9","1.5","5","honest-10","honest","incumbent","ADMITTED","ADMITTED","9","9","0","4","4.882922989522995","1.5","0.7462875490779619","0.8370070466491786","0.6465358545084627","0.6465358545084627","0.1157982362815884","0.29254799703263074","50","50","50","5","5","True","False","NOT_APPLICABLE","","0","0.0","0","3.6124138832092285","50","50","50.0","","","moderate_shadow"
"cifar10","20","2","mixed_maturity","access_freshness_lease","dirichlet_lcb","benign_concept_drift","0.5","6","2","5","5","0.5","20","9","1.5","5","honest-11","honest","incumbent","ADMITTED","ADMITTED","9","9","0","4","4.882922989522995","1.5","0.7462875490779619","0.8370070466491786","0.6465358545084627","0.6465358545084627","0.1157982362815884","0.29254799703263074","50","50","50","5","5","True","False","NOT_APPLICABLE","","0","0.0","0","2.5353403091430664","50","50","50.0","","","moderate_shadow"
"cifar10","20","2","mixed_maturity","access_freshness_lease","dirichlet_lcb","benign_concept_drift","0.5","6","2","5","5","0.5","20","9","1.5","5","honest-12","honest","incumbent","ADMITTED","ADMITTED","9","9","0","4","4.882922989522995","1.5","0.7462875490779619","0.8370070466491786","0.6465358545084627","0.6465358545084627","0.1157982362815884","0.29254799703263074","50","50","50","5","5","True","False","NOT_APPLICABLE","","0","0.0","0","3.535496473312378","50","50","50.0","","","moderate_shadow"
"cifar10","20","2","mixed_maturity","access_freshness_lease","dirichlet_lcb","benign_concept_drift","0.5","6","2","5","5","0.5","20","9","1.5","5","honest-13","honest","incumbent","ADMITTED","ADMITTED","9","9","0","4","4.882922989522995","1.5","0.7462875490779619","0.8370070466491786","0.6465358545084627","0.6465358545084627","0.1157982362815884","0.29254799703263074","50","50","50","5","5","True","False","NOT_APPLICABLE","","0","0.0","0","3.783109664916992","50","50","50.0","","","moderate_shadow"
"cifar10","20","2","mixed_maturity","access_freshness_lease","dirichlet_lcb","benign_concept_drift","0.5","6","2","5","5","0.5","20","9","1.5","5","honest-14","honest","incumbent","ADMITTED","ADMITTED","9","9","0","4","4.882922989522995","1.5","0.7462875490779619","0.8370070466491786","0.6465358545084627","0.6465358545084627","0.1157982362815884","0.29254799703263074","50","50","50","5","5","True","False","NOT_APPLICABLE","","0","0.0","0","2.536280393600464","50","50","50.0","","","moderate_shadow"
"cifar10","20","2","mixed_maturity","access_freshness_lease","dirichlet_lcb","benign_concept_drift","0.5","6","2","5","5","0.5","20","9","1.5","5","honest-15","honest","incumbent","ADMITTED","ADMITTED","9","9","0","4","4.882922989522995","1.5","0.7462875490779619","0.8370070466491786","0.6465358545084627","0.6465358545084627","0.1157982362815884","0.29254799703263074","50","50","50","5","5","True","False","NOT_APPLICABLE","","0","0.0","0","3.6640055179595947","50","50","50.0","","","moderate_shadow"
"cifar10","20","2","mixed_maturity","access_freshness_lease","dirichlet_lcb","benign_concept_drift","0.5","6","2","5","5","0.5","20","9","1.5","5","honest-16","honest","incumbent","ADMITTED","ADMITTED","9","9","0","4","4.882922989522995","1.5","0.7462875490779619","0.8370070466491786","0.6465358545084627","0.6465358545084627","0.1157982362815884","0.29254799703263074","50","50","50","5","5","True","False","NOT_APPLICABLE","","0","0.0","0","2.27534818649292","50","50","50.0","","","moderate_shadow"
"cifar10","20","2","mixed_maturity","access_freshness_lease","dirichlet_lcb","benign_concept_drift","0.5","6","2","5","5","0.5","20","9","1.5","5","honest-17","honest","incumbent","ADMITTED","ADMITTED","9","9","0","4","4.882922989522995","1.5","0.7462875490779619","0.8370070466491786","0.6465358545084627","0.6465358545084627","0.1157982362815884","0.29254799703263074","50","50","50","5","5","True","False","NOT_APPLICABLE","","0","0.0","0","2.751599073410034","50","50","50.0","","","moderate_shadow"
"cifar10","20","2","mixed_maturity","access_freshness_lease","dirichlet_lcb","benign_concept_drift","0.5","6","2","5","5","0.5","20","9","1.5","5","honest-18","honest","incumbent","ADMITTED","ADMITTED","9","9","0","4","4.882922989522995","1.5","0.7462875490779619","0.8370070466491786","0.6465358545084627","0.6465358545084627","0.1157982362815884","0.29254799703263074","50","50","50","5","5","True","False","NOT_APPLICABLE","","0","0.0","0","2.5506820678710938","50","50","50.0","","","moderate_shadow"
"cifar10","20","2","mixed_maturity","access_freshness_lease","dirichlet_lcb","benign_concept_drift","0.5","6","2","5","5","0.5","20","9","1.5","5","honest-2","honest","incumbent","ADMITTED","ADMITTED","9","9","0","4","4.882922989522995","1.5","0.7462875490779619","0.8370070466491786","0.6465358545084627","0.6465358545084627","0.1157982362815884","0.29254799703263074","50","50","50","5","5","True","False","NOT_APPLICABLE","","0","0.0","0","3.8390867710113525","50","50","50.0","","","moderate_shadow"
"cifar10","20","2","mixed_maturity","access_freshness_lease","dirichlet_lcb","benign_concept_drift","0.5","6","2","5","5","0.5","20","9","1.5","5","honest-3","honest","incumbent","ADMITTED","ADMITTED","9","9","0","4","4.882922989522995","1.5","0.7462875490779619","0.8370070466491786","0.6465358545084627","0.6465358545084627","0.1157982362815884","0.29254799703263074","50","50","50","5","5","True","False","NOT_APPLICABLE","","0","0.0","0","3.487717390060425","50","50","50.0","","","moderate_shadow"
"cifar10","20","2","mixed_maturity","access_freshness_lease","dirichlet_lcb","benign_concept_drift","0.5","6","2","5","5","0.5","20","9","1.5","5","honest-4","honest","incumbent","ADMITTED","ADMITTED","9","9","0","4","4.882922989522995","1.5","0.7462875490779619","0.8370070466491786","0.6465358545084627","0.6465358545084627","0.1157982362815884","0.29254799703263074","50","50","50","5","5","True","False","NOT_APPLICABLE","","0","0.0","0","3.02620792388916","50","50","50.0","","","moderate_shadow"
"cifar10","20","2","mixed_maturity","access_freshness_lease","dirichlet_lcb","benign_concept_drift","0.5","6","2","5","5","0.5","20","9","1.5","5","honest-5","honest","incumbent","ADMITTED","ADMITTED","9","9","0","4","4.882922989522995","1.5","0.7462875490779619","0.8370070466491786","0.6465358545084627","0.6465358545084627","0.1157982362815884","0.29254799703263074","50","50","50","5","5","True","False","NOT_APPLICABLE","","0","0.0","0","2.6970129013061523","50","50","50.0","","","moderate_shadow"
"cifar10","20","2","mixed_maturity","access_freshness_lease","dirichlet_lcb","benign_concept_drift","0.5","6","2","5","5","0.5","20","9","1.5","5","honest-6","honest","incumbent","ADMITTED","ADMITTED","9","9","0","4","4.882922989522995","1.5","0.7462875490779619","0.8370070466491786","0.6465358545084627","0.6465358545084627","0.1157982362815884","0.29254799703263074","50","50","50","5","5","True","False","NOT_APPLICABLE","","0","0.0","0","3.414158344268799","50","50","50.0","","","moderate_shadow"
"cifar10","20","2","mixed_maturity","access_freshness_lease","dirichlet_lcb","benign_concept_drift","0.5","6","2","5","5","0.5","20","9","1.5","5","honest-7","honest","incumbent","ADMITTED","ADMITTED","9","9","0","4","4.882922989522995","1.5","0.7462875490779619","0.8370070466491786","0.6465358545084627","0.6465358545084627","0.1157982362815884","0.29254799703263074","50","50","50","5","5","True","False","NOT_APPLICABLE","","0","0.0","0","2.4992001056671143","50","50","50.0","","","moderate_shadow"
"cifar10","20","2","mixed_maturity","access_freshness_lease","dirichlet_lcb","benign_concept_drift","0.5","6","2","5","5","0.5","20","9","1.5","5","honest-8","honest","incumbent","ADMITTED","ADMITTED","9","9","0","4","4.882922989522995","1.5","0.7462875490779619","0.8370070466491786","0.6465358545084627","0.6465358545084627","0.1157982362815884","0.29254799703263074","50","50","50","5","5","True","False","NOT_APPLICABLE","","0","0.0","0","3.75236439704895","50","50","50.0","","","moderate_shadow"
"cifar10","20","2","mixed_maturity","access_freshness_lease","dirichlet_lcb","benign_concept_drift","0.5","6","2","5","5","0.5","20","9","1.5","5","honest-9","honest","incumbent","ADMITTED","ADMITTED","9","9","0","4","4.882922989522995","1.5","0.7462875490779619","0.8370070466491786","0.6465358545084627","0.6465358545084627","0.1157982362815884","0.29254799703263074","50","50","50","5","5","True","False","NOT_APPLICABLE","","0","0.0","0","2.6687722206115723","50","50","50.0","","","moderate_shadow"
"cifar10","20","2","mixed_maturity","access_freshness_lease","dirichlet_lcb","benign_concept_drift","0.5","7","2","5","5","0.5","20","9","1.5","5","attacker-1","benign_concept_drift","newcomer","LIMITED","LIMITED","9","9","0","4","4.882922989522995","1.5","0.7462875490779619","0.8370070466491786","0.6465358545084627","0.6465358545084627","0.1157982362815884","0.29254799703263074","50","50","50","5","5","True","True","REVALIDATION","5","5","0.0","0","3.8354744911193848","50","50","37.5","","","moderate_shadow"
"cifar10","20","2","mixed_maturity","access_freshness_lease","dirichlet_lcb","benign_concept_drift","0.5","7","2","5","5","0.5","20","9","1.5","5","attacker-2","benign_concept_drift","newcomer","LIMITED","LIMITED","9","9","0","4","4.882922989522995","1.5","0.7462875490779619","0.8370070466491786","0.6465358545084627","0.6465358545084627","0.1157982362815884","0.29254799703263074","50","50","50","5","5","True","True","REVALIDATION","5","5","0.0","0","2.357156991958618","50","50","37.5","","","moderate_shadow"
"cifar10","20","2","mixed_maturity","access_freshness_lease","dirichlet_lcb","benign_concept_drift","0.5","7","2","5","5","0.5","20","9","1.5","5","honest-1","honest","incumbent","ADMITTED","ADMITTED","9","9","0","4","4.882922989522995","1.5","0.7462875490779619","0.8370070466491786","0.6465358545084627","0.6465358545084627","0.1157982362815884","0.29254799703263074","50","50","50","5","5","True","False","NOT_APPLICABLE","","0","0.0","0","2.317697286605835","50","50","50.0","","","moderate_shadow"
"cifar10","20","2","mixed_maturity","access_freshness_lease","dirichlet_lcb","benign_concept_drift","0.5","7","2","5","5","0.5","20","9","1.5","5","honest-10","honest","incumbent","ADMITTED","ADMITTED","9","9","0","4","4.882922989522995","1.5","0.7462875490779619","0.8370070466491786","0.6465358545084627","0.6465358545084627","0.1157982362815884","0.29254799703263074","50","50","50","5","5","True","False","NOT_APPLICABLE","","0","0.0","0","2.3111236095428467","50","50","50.0","","","moderate_shadow"
"cifar10","20","2","mixed_maturity","access_freshness_lease","dirichlet_lcb","benign_concept_drift","0.5","7","2","5","5","0.5","20","9","1.5","5","honest-11","honest","incumbent","ADMITTED","ADMITTED","9","9","0","4","4.882922989522995","1.5","0.7462875490779619","0.8370070466491786","0.6465358545084627","0.6465358545084627","0.1157982362815884","0.29254799703263074","50","50","50","5","5","True","False","NOT_APPLICABLE","","0","0.0","0","2.5986971855163574","50","50","50.0","","","moderate_shadow"
"cifar10","20","2","mixed_maturity","access_freshness_lease","dirichlet_lcb","benign_concept_drift","0.5","7","2","5","5","0.5","20","9","1.5","5","honest-12","honest","incumbent","ADMITTED","ADMITTED","9","9","0","4","4.882922989522995","1.5","0.7462875490779619","0.8370070466491786","0.6465358545084627","0.6465358545084627","0.1157982362815884","0.29254799703263074","50","50","50","5","5","True","False","NOT_APPLICABLE","","0","0.0","0","2.1847116947174072","50","50","50.0","","","moderate_shadow"
"cifar10","20","2","mixed_maturity","access_freshness_lease","dirichlet_lcb","benign_concept_drift","0.5","7","2","5","5","0.5","20","9","1.5","5","honest-13","honest","incumbent","ADMITTED","ADMITTED","9","9","0","3","4.76698923888176","1.5","0.7237820368902304","0.8332768051183246","0.6393772482578011","0.6393772482578011","0.11788253356256753","0.28561047849957855","50","50","50","5","5","True","False","NOT_APPLICABLE","","0","0.0","0","2.9965083599090576","50","50","50.0","","","moderate_shadow"
"cifar10","20","2","mixed_maturity","access_freshness_lease","dirichlet_lcb","benign_concept_drift","0.5","7","2","5","5","0.5","20","9","1.5","5","honest-14","honest","incumbent","ADMITTED","ADMITTED","9","9","0","4","4.882922989522995","1.5","0.7462875490779619","0.8370070466491786","0.6465358545084627","0.6465358545084627","0.1157982362815884","0.29254799703263074","50","50","50","5","5","True","False","NOT_APPLICABLE","","0","0.0","0","2.2700014114379883","50","50","50.0","","","moderate_shadow"
"cifar10","20","2","mixed_maturity","access_freshness_lease","dirichlet_lcb","benign_concept_drift","0.5","7","2","5","5","0.5","20","9","1.5","5","honest-15","honest","incumbent","ADMITTED","ADMITTED","9","9","0","4","4.882922989522995","1.5","0.7462875490779619","0.8370070466491786","0.6465358545084627","0.6465358545084627","0.1157982362815884","0.29254799703263074","50","50","50","5","5","True","False","NOT_APPLICABLE","","0","0.0","0","3.438809633255005","50","50","50.0","","","moderate_shadow"
"cifar10","20","2","mixed_maturity","access_freshness_lease","dirichlet_lcb","benign_concept_drift","0.5","7","2","5","5","0.5","20","9","1.5","5","honest-16","honest","incumbent","ADMITTED","ADMITTED","9","9","0","4","4.882922989522995","1.5","0.7462875490779619","0.8370070466491786","0.6465358545084627","0.6465358545084627","0.1157982362815884","0.29254799703263074","50","50","50","5","5","True","False","NOT_APPLICABLE","","0","0.0","0","2.7515718936920166","50","50","50.0","","","moderate_shadow"
"cifar10","20","2","mixed_maturity","access_freshness_lease","dirichlet_lcb","benign_concept_drift","0.5","7","2","5","5","0.5","20","9","1.5","5","honest-17","honest","incumbent","ADMITTED","ADMITTED","9","9","0","4","4.882922989522995","1.5","0.7462875490779619","0.8370070466491786","0.6465358545084627","0.6465358545084627","0.1157982362815884","0.29254799703263074","50","50","50","5","5","True","False","NOT_APPLICABLE","","0","0.0","0","2.4117891788482666","50","50","50.0","","","moderate_shadow"
"cifar10","20","2","mixed_maturity","access_freshness_lease","dirichlet_lcb","benign_concept_drift","0.5","7","2","5","5","0.5","20","9","1.5","5","honest-18","honest","incumbent","ADMITTED","ADMITTED","9","9","0","4","4.882922989522995","1.5","0.7462875490779619","0.8370070466491786","0.6465358545084627","0.6465358545084627","0.1157982362815884","0.29254799703263074","50","50","50","5","5","True","False","NOT_APPLICABLE","","0","0.0","0","3.756195068359375","50","50","50.0","","","moderate_shadow"
"cifar10","20","2","mixed_maturity","access_freshness_lease","dirichlet_lcb","benign_concept_drift","0.5","7","2","5","5","0.5","20","9","1.5","5","honest-2","honest","incumbent","ADMITTED","ADMITTED","9","9","0","4","4.882922989522995","1.5","0.7462875490779619","0.8370070466491786","0.6465358545084627","0.6465358545084627","0.1157982362815884","0.29254799703263074","50","50","50","5","5","True","False","NOT_APPLICABLE","","0","0.0","0","2.056544065475464","50","50","50.0","","","moderate_shadow"
"cifar10","20","2","mixed_maturity","access_freshness_lease","dirichlet_lcb","benign_concept_drift","0.5","7","2","5","5","0.5","20","9","1.5","5","honest-3","honest","incumbent","ADMITTED","ADMITTED","9","9","0","4","4.882922989522995","1.5","0.7462875490779619","0.8370070466491786","0.6465358545084627","0.6465358545084627","0.1157982362815884","0.29254799703263074","50","50","50","5","5","True","False","NOT_APPLICABLE","","0","0.0","0","3.2818350791931152","50","50","50.0","","","moderate_shadow"
"cifar10","20","2","mixed_maturity","access_freshness_lease","dirichlet_lcb","benign_concept_drift","0.5","7","2","5","5","0.5","20","9","1.5","5","honest-4","honest","incumbent","ADMITTED","ADMITTED","9","9","0","4","4.882922989522995","1.5","0.7462875490779619","0.8370070466491786","0.6465358545084627","0.6465358545084627","0.1157982362815884","0.29254799703263074","50","50","50","5","5","True","False","NOT_APPLICABLE","","0","0.0","0","2.9166934490203857","50","50","50.0","","","moderate_shadow"
"cifar10","20","2","mixed_maturity","access_freshness_lease","dirichlet_lcb","benign_concept_drift","0.5","7","2","5","5","0.5","20","9","1.5","5","honest-5","honest","incumbent","ADMITTED","ADMITTED","9","9","0","4","4.882922989522995","1.5","0.7462875490779619","0.8370070466491786","0.6465358545084627","0.6465358545084627","0.1157982362815884","0.29254799703263074","50","50","50","5","5","True","False","NOT_APPLICABLE","","0","0.0","0","32.47620368003845","50","50","50.0","","","moderate_shadow"
"cifar10","20","2","mixed_maturity","access_freshness_lease","dirichlet_lcb","benign_concept_drift","0.5","7","2","5","5","0.5","20","9","1.5","5","honest-6","honest","incumbent","ADMITTED","ADMITTED","9","9","0","4","4.882922989522995","1.5","0.7462875490779619","0.8370070466491786","0.6465358545084627","0.6465358545084627","0.1157982362815884","0.29254799703263074","50","50","50","5","5","True","False","NOT_APPLICABLE","","0","0.0","0","2.118163585662842","50","50","50.0","","","moderate_shadow"
"cifar10","20","2","mixed_maturity","access_freshness_lease","dirichlet_lcb","benign_concept_drift","0.5","7","2","5","5","0.5","20","9","1.5","5","honest-7","honest","incumbent","ADMITTED","ADMITTED","9","9","0","4","4.882922989522995","1.5","0.7462875490779619","0.8370070466491786","0.6465358545084627","0.6465358545084627","0.1157982362815884","0.29254799703263074","50","50","50","5","5","True","False","NOT_APPLICABLE","","0","0.0","0","3.7777462005615234","50","50","50.0","","","moderate_shadow"
"cifar10","20","2","mixed_maturity","access_freshness_lease","dirichlet_lcb","benign_concept_drift","0.5","7","2","5","5","0.5","20","9","1.5","5","honest-8","honest","incumbent","ADMITTED","ADMITTED","9","9","0","4","4.882922989522995","1.5","0.7462875490779619","0.8370070466491786","0.6465358545084627","0.6465358545084627","0.1157982362815884","0.29254799703263074","50","50","50","5","5","True","False","NOT_APPLICABLE","","0","0.0","0","2.251434087753296","50","50","50.0","","","moderate_shadow"
"cifar10","20","2","mixed_maturity","access_freshness_lease","dirichlet_lcb","benign_concept_drift","0.5","7","2","5","5","0.5","20","9","1.5","5","honest-9","honest","incumbent","ADMITTED","ADMITTED","9","9","0","4","4.882922989522995","1.5","0.7462875490779619","0.8370070466491786","0.6465358545084627","0.6465358545084627","0.1157982362815884","0.29254799703263074","50","50","50","5","5","True","False","NOT_APPLICABLE","","0","0.0","0","33.155120611190796","50","50","50.0","","","moderate_shadow"
"cifar10","20","2","mixed_maturity","access_freshness_lease","dirichlet_lcb","benign_concept_drift","0.5","8","2","5","5","0.5","20","9","1.5","5","attacker-1","benign_concept_drift","newcomer","LIMITED","LIMITED","9","9","0","4","4.882922989522995","1.5","0.7462875490779619","0.8370070466491786","0.6465358545084627","0.6465358545084627","0.1157982362815884","0.29254799703263074","50","50","50","5","5","True","True","REVALIDATION","5","5","0.0","0","2.1945433616638184","50","50","37.5","","","moderate_shadow"
"cifar10","20","2","mixed_maturity","access_freshness_lease","dirichlet_lcb","benign_concept_drift","0.5","8","2","5","5","0.5","20","9","1.5","5","attacker-2","benign_concept_drift","newcomer","LIMITED","LIMITED","9","9","0","4","4.882922989522995","1.5","0.7462875490779619","0.8370070466491786","0.6465358545084627","0.6465358545084627","0.1157982362815884","0.29254799703263074","50","50","50","5","5","True","True","REVALIDATION","5","5","0.0","0","4.006669282913208","50","50","37.5","","","moderate_shadow"
"cifar10","20","2","mixed_maturity","access_freshness_lease","dirichlet_lcb","benign_concept_drift","0.5","8","2","5","5","0.5","20","9","1.5","5","honest-1","honest","incumbent","ADMITTED","ADMITTED","9","9","0","4","4.882922989522995","1.5","0.7462875490779619","0.8370070466491786","0.6465358545084627","0.6465358545084627","0.1157982362815884","0.29254799703263074","50","50","50","5","5","True","False","NOT_APPLICABLE","","0","0.0","0","4.036702871322632","50","50","50.0","","","moderate_shadow"
"cifar10","20","2","mixed_maturity","access_freshness_lease","dirichlet_lcb","benign_concept_drift","0.5","8","2","5","5","0.5","20","9","1.5","5","honest-10","honest","incumbent","ADMITTED","ADMITTED","9","9","0","4","4.882922989522995","1.5","0.7462875490779619","0.8370070466491786","0.6465358545084627","0.6465358545084627","0.1157982362815884","0.29254799703263074","50","50","50","5","5","True","False","NOT_APPLICABLE","","0","0.0","0","2.29829478263855","50","50","50.0","","","moderate_shadow"
"cifar10","20","2","mixed_maturity","access_freshness_lease","dirichlet_lcb","benign_concept_drift","0.5","8","2","5","5","0.5","20","9","1.5","5","honest-11","honest","incumbent","ADMITTED","ADMITTED","9","9","0","4","4.882922989522995","1.5","0.7462875490779619","0.8370070466491786","0.6465358545084627","0.6465358545084627","0.1157982362815884","0.29254799703263074","50","50","50","5","5","True","False","NOT_APPLICABLE","","0","0.0","0","2.8105242252349854","50","50","50.0","","","moderate_shadow"
"cifar10","20","2","mixed_maturity","access_freshness_lease","dirichlet_lcb","benign_concept_drift","0.5","8","2","5","5","0.5","20","9","1.5","5","honest-12","honest","incumbent","ADMITTED","ADMITTED","9","9","0","4","4.882922989522995","1.5","0.7462875490779619","0.8370070466491786","0.6465358545084627","0.6465358545084627","0.1157982362815884","0.29254799703263074","50","50","50","5","5","True","False","NOT_APPLICABLE","","0","0.0","0","2.4513118267059326","50","50","50.0","","","moderate_shadow"
"cifar10","20","2","mixed_maturity","access_freshness_lease","dirichlet_lcb","benign_concept_drift","0.5","8","2","5","5","0.5","20","9","1.5","5","honest-13","honest","incumbent","ADMITTED","ADMITTED","9","9","0","4","4.882922989522995","1.5","0.7462875490779619","0.8370070466491786","0.6465358545084627","0.6465358545084627","0.1157982362815884","0.29254799703263074","50","50","50","5","5","True","False","NOT_APPLICABLE","","0","0.0","0","3.9972035884857178","50","50","50.0","","","moderate_shadow"
"cifar10","20","2","mixed_maturity","access_freshness_lease","dirichlet_lcb","benign_concept_drift","0.5","8","2","5","5","0.5","20","9","1.5","5","honest-14","honest","incumbent","ADMITTED","ADMITTED","9","9","0","4","4.882922989522995","1.5","0.7462875490779619","0.8370070466491786","0.6465358545084627","0.6465358545084627","0.1157982362815884","0.29254799703263074","50","50","50","5","5","True","False","NOT_APPLICABLE","","0","0.0","0","2.963937997817993","50","50","50.0","","","moderate_shadow"
"cifar10","20","2","mixed_maturity","access_freshness_lease","dirichlet_lcb","benign_concept_drift","0.5","8","2","5","5","0.5","20","9","1.5","5","honest-15","honest","incumbent","ADMITTED","ADMITTED","9","9","0","4","4.882922989522995","1.5","0.7462875490779619","0.8370070466491786","0.6465358545084627","0.6465358545084627","0.1157982362815884","0.29254799703263074","50","50","50","5","5","True","False","NOT_APPLICABLE","","0","0.0","0","4.0745227336883545","50","50","50.0","","","moderate_shadow"
"cifar10","20","2","mixed_maturity","access_freshness_lease","dirichlet_lcb","benign_concept_drift","0.5","8","2","5","5","0.5","20","9","1.5","5","honest-16","honest","incumbent","ADMITTED","ADMITTED","9","9","0","4","4.882922989522995","1.5","0.7462875490779619","0.8370070466491786","0.6465358545084627","0.6465358545084627","0.1157982362815884","0.29254799703263074","50","50","50","5","5","True","False","NOT_APPLICABLE","","0","0.0","0","32.703081130981445","50","50","50.0","","","moderate_shadow"
"cifar10","20","2","mixed_maturity","access_freshness_lease","dirichlet_lcb","benign_concept_drift","0.5","8","2","5","5","0.5","20","9","1.5","5","honest-17","honest","incumbent","ADMITTED","ADMITTED","9","9","0","4","4.882922989522995","1.5","0.7462875490779619","0.8370070466491786","0.6465358545084627","0.6465358545084627","0.1157982362815884","0.29254799703263074","50","50","50","5","5","True","False","NOT_APPLICABLE","","0","0.0","0","2.6935014724731445","50","50","50.0","","","moderate_shadow"
"cifar10","20","2","mixed_maturity","access_freshness_lease","dirichlet_lcb","benign_concept_drift","0.5","8","2","5","5","0.5","20","9","1.5","5","honest-18","honest","incumbent","ADMITTED","ADMITTED","9","9","0","4","4.882922989522995","1.5","0.7462875490779619","0.8370070466491786","0.6465358545084627","0.6465358545084627","0.1157982362815884","0.29254799703263074","50","50","50","5","5","True","False","NOT_APPLICABLE","","0","0.0","0","3.859963893890381","50","50","50.0","","","moderate_shadow"
"cifar10","20","2","mixed_maturity","access_freshness_lease","dirichlet_lcb","benign_concept_drift","0.5","8","2","5","5","0.5","20","9","1.5","5","honest-2","honest","incumbent","ADMITTED","ADMITTED","9","9","0","4","4.882922989522995","1.5","0.7462875490779619","0.8370070466491786","0.6465358545084627","0.6465358545084627","0.1157982362815884","0.29254799703263074","50","50","50","5","5","True","False","NOT_APPLICABLE","","0","0.0","0","2.67117977142334","50","50","50.0","","","moderate_shadow"
"cifar10","20","2","mixed_maturity","access_freshness_lease","dirichlet_lcb","benign_concept_drift","0.5","8","2","5","5","0.5","20","9","1.5","5","honest-3","honest","incumbent","ADMITTED","ADMITTED","9","9","0","4","4.882922989522995","1.5","0.7462875490779619","0.8370070466491786","0.6465358545084627","0.6465358545084627","0.1157982362815884","0.29254799703263074","50","50","50","5","5","True","False","NOT_APPLICABLE","","0","0.0","0","2.668983221054077","50","50","50.0","","","moderate_shadow"
"cifar10","20","2","mixed_maturity","access_freshness_lease","dirichlet_lcb","benign_concept_drift","0.5","8","2","5","5","0.5","20","9","1.5","5","honest-4","honest","incumbent","ADMITTED","ADMITTED","9","9","0","4","4.882922989522995","1.5","0.7462875490779619","0.8370070466491786","0.6465358545084627","0.6465358545084627","0.1157982362815884","0.29254799703263074","50","50","50","5","5","True","False","NOT_APPLICABLE","","0","0.0","0","32.80912208557129","50","50","50.0","","","moderate_shadow"
"cifar10","20","2","mixed_maturity","access_freshness_lease","dirichlet_lcb","benign_concept_drift","0.5","8","2","5","5","0.5","20","9","1.5","5","honest-5","honest","incumbent","ADMITTED","ADMITTED","9","9","0","4","4.882922989522995","1.5","0.7462875490779619","0.8370070466491786","0.6465358545084627","0.6465358545084627","0.1157982362815884","0.29254799703263074","50","50","50","5","5","True","False","NOT_APPLICABLE","","0","0.0","0","2.31907320022583","50","50","50.0","","","moderate_shadow"
"cifar10","20","2","mixed_maturity","access_freshness_lease","dirichlet_lcb","benign_concept_drift","0.5","8","2","5","5","0.5","20","9","1.5","5","honest-6","honest","incumbent","ADMITTED","ADMITTED","9","9","0","4","4.882922989522995","1.5","0.7462875490779619","0.8370070466491786","0.6465358545084627","0.6465358545084627","0.1157982362815884","0.29254799703263074","50","50","50","5","5","True","False","NOT_APPLICABLE","","0","0.0","0","3.5842323303222656","50","50","50.0","","","moderate_shadow"
"cifar10","20","2","mixed_maturity","access_freshness_lease","dirichlet_lcb","benign_concept_drift","0.5","8","2","5","5","0.5","20","9","1.5","5","honest-7","honest","incumbent","ADMITTED","ADMITTED","9","9","0","4","4.882922989522995","1.5","0.7462875490779619","0.8370070466491786","0.6465358545084627","0.6465358545084627","0.1157982362815884","0.29254799703263074","50","50","50","5","5","True","False","NOT_APPLICABLE","","0","0.0","0","3.780722141265869","50","50","50.0","","","moderate_shadow"
"cifar10","20","2","mixed_maturity","access_freshness_lease","dirichlet_lcb","benign_concept_drift","0.5","8","2","5","5","0.5","20","9","1.5","5","honest-8","honest","incumbent","ADMITTED","ADMITTED","9","9","0","4","4.882922989522995","1.5","0.7462875490779619","0.8370070466491786","0.6465358545084627","0.6465358545084627","0.1157982362815884","0.29254799703263074","50","50","50","5","5","True","False","NOT_APPLICABLE","","0","0.0","0","3.8324997425079346","50","50","50.0","","","moderate_shadow"
"cifar10","20","2","mixed_maturity","access_freshness_lease","dirichlet_lcb","benign_concept_drift","0.5","8","2","5","5","0.5","20","9","1.5","5","honest-9","honest","incumbent","ADMITTED","ADMITTED","9","9","0","4","4.882922989522995","1.5","0.7462875490779619","0.8370070466491786","0.6465358545084627","0.6465358545084627","0.1157982362815884","0.29254799703263074","50","50","50","5","5","True","False","NOT_APPLICABLE","","0","0.0","0","3.562502384185791","50","50","50.0","","","moderate_shadow"
"cifar10","20","2","mixed_maturity","access_freshness_lease","dirichlet_lcb","benign_concept_drift","0.5","9","2","5","5","0.5","20","9","1.5","5","attacker-1","benign_concept_drift","newcomer","LIMITED","LIMITED","9","9","0","4","4.882922989522995","1.5","0.7462875490779619","0.8370070466491786","0.6465358545084627","0.6465358545084627","0.1157982362815884","0.29254799703263074","50","50","50","5","5","True","True","REVALIDATION","5","5","0.0","0","3.006521224975586","50","50","37.5","","","moderate_shadow"
"cifar10","20","2","mixed_maturity","access_freshness_lease","dirichlet_lcb","benign_concept_drift","0.5","9","2","5","5","0.5","20","9","1.5","5","attacker-2","benign_concept_drift","newcomer","LIMITED","LIMITED","9","9","0","4","4.882922989522995","1.5","0.7462875490779619","0.8370070466491786","0.6465358545084627","0.6465358545084627","0.1157982362815884","0.29254799703263074","50","50","50","5","5","True","True","REVALIDATION","5","5","0.0","0","2.717067241668701","50","50","37.5","","","moderate_shadow"
"cifar10","20","2","mixed_maturity","access_freshness_lease","dirichlet_lcb","benign_concept_drift","0.5","9","2","5","5","0.5","20","9","1.5","5","honest-1","honest","incumbent","ADMITTED","ADMITTED","9","9","0","4","4.882922989522995","1.5","0.7462875490779619","0.8370070466491786","0.6465358545084627","0.6465358545084627","0.1157982362815884","0.29254799703263074","50","50","50","5","5","True","False","NOT_APPLICABLE","","0","0.0","0","3.50811505317688","50","50","50.0","","","moderate_shadow"
"cifar10","20","2","mixed_maturity","access_freshness_lease","dirichlet_lcb","benign_concept_drift","0.5","9","2","5","5","0.5","20","9","1.5","5","honest-10","honest","incumbent","ADMITTED","ADMITTED","9","9","0","4","4.882922989522995","1.5","0.7462875490779619","0.8370070466491786","0.6465358545084627","0.6465358545084627","0.1157982362815884","0.29254799703263074","50","50","50","5","5","True","False","NOT_APPLICABLE","","0","0.0","0","2.172384262084961","50","50","50.0","","","moderate_shadow"
"cifar10","20","2","mixed_maturity","access_freshness_lease","dirichlet_lcb","benign_concept_drift","0.5","9","2","5","5","0.5","20","9","1.5","5","honest-11","honest","incumbent","ADMITTED","ADMITTED","9","9","0","4","4.882922989522995","1.5","0.7461812576493809","0.836849222574815","0.646232164712517","0.646232164712517","0.11588691632345365","0.292250836163607","50","50","50","5","5","True","False","NOT_APPLICABLE","","0","0.0","0","31.540188789367676","50","50","50.0","","","moderate_shadow"
"cifar10","20","2","mixed_maturity","access_freshness_lease","dirichlet_lcb","benign_concept_drift","0.5","9","2","5","5","0.5","20","9","1.5","5","honest-12","honest","incumbent","ADMITTED","ADMITTED","9","9","0","4","4.882922989522995","1.5","0.7462875490779619","0.8370070466491786","0.6465358545084627","0.6465358545084627","0.1157982362815884","0.29254799703263074","50","50","50","5","5","True","False","NOT_APPLICABLE","","0","0.0","0","2.891594171524048","50","50","50.0","","","moderate_shadow"
"cifar10","20","2","mixed_maturity","access_freshness_lease","dirichlet_lcb","benign_concept_drift","0.5","9","2","5","5","0.5","20","9","1.5","5","honest-13","honest","incumbent","ADMITTED","ADMITTED","9","9","0","4","4.882922989522995","1.5","0.7462875490779619","0.8370070466491786","0.6465358545084627","0.6465358545084627","0.1157982362815884","0.29254799703263074","50","50","50","5","5","True","False","NOT_APPLICABLE","","0","0.0","0","2.5281951427459717","50","50","50.0","","","moderate_shadow"
"cifar10","20","2","mixed_maturity","access_freshness_lease","dirichlet_lcb","benign_concept_drift","0.5","9","2","5","5","0.5","20","9","1.5","5","honest-14","honest","incumbent","ADMITTED","ADMITTED","9","9","0","4","4.882922989522995","1.5","0.7462875490779619","0.8370070466491786","0.6465358545084627","0.6465358545084627","0.1157982362815884","0.29254799703263074","50","50","50","5","5","True","False","NOT_APPLICABLE","","0","0.0","0","2.9910926818847656","50","50","50.0","","","moderate_shadow"
"cifar10","20","2","mixed_maturity","access_freshness_lease","dirichlet_lcb","benign_concept_drift","0.5","9","2","5","5","0.5","20","9","1.5","5","honest-15","honest","incumbent","ADMITTED","ADMITTED","9","9","0","3","4.76698923888176","1.5","0.7437820368902304","0.8332768051183246","0.6393772482578011","0.6393772482578011","0.11788253356256753","0.28561047849957855","50","50","50","5","5","True","False","NOT_APPLICABLE","","0","0.0","0","32.24221920967102","50","50","50.0","","","moderate_shadow"
"cifar10","20","2","mixed_maturity","access_freshness_lease","dirichlet_lcb","benign_concept_drift","0.5","9","2","5","5","0.5","20","9","1.5","5","honest-16","honest","incumbent","ADMITTED","ADMITTED","9","9","0","4","4.882922989522995","1.5","0.7461779674058164","0.8368443365451895","0.6462227640166185","0.6462227640166185","0.11588966104503562","0.2922416416413887","50","50","50","5","5","True","False","NOT_APPLICABLE","","0","0.0","0","2.422593593597412","50","50","50.0","","","moderate_shadow"
"cifar10","20","2","mixed_maturity","access_freshness_lease","dirichlet_lcb","benign_concept_drift","0.5","9","2","5","5","0.5","20","9","1.5","5","honest-17","honest","incumbent","ADMITTED","ADMITTED","9","9","0","4","4.882922989522995","1.5","0.7462875490779619","0.8370070466491786","0.6465358545084627","0.6465358545084627","0.1157982362815884","0.29254799703263074","50","50","50","5","5","True","False","NOT_APPLICABLE","","0","0.0","0","2.898219108581543","50","50","50.0","","","moderate_shadow"
"cifar10","20","2","mixed_maturity","access_freshness_lease","dirichlet_lcb","benign_concept_drift","0.5","9","2","5","5","0.5","20","9","1.5","5","honest-18","honest","incumbent","ADMITTED","ADMITTED","9","9","0","4","4.882922989522995","1.5","0.7462875490779619","0.8370070466491786","0.6465358545084627","0.6465358545084627","0.1157982362815884","0.29254799703263074","50","50","50","5","5","True","False","NOT_APPLICABLE","","0","0.0","0","3.6769866943359375","50","50","50.0","","","moderate_shadow"
"cifar10","20","2","mixed_maturity","access_freshness_lease","dirichlet_lcb","benign_concept_drift","0.5","9","2","5","5","0.5","20","9","1.5","5","honest-2","honest","incumbent","ADMITTED","ADMITTED","9","9","0","4","4.882922989522995","1.5","0.7461779674058164","0.8368443365451895","0.6462227640166185","0.6462227640166185","0.11588966104503562","0.2922416416413887","50","50","50","5","5","True","False","NOT_APPLICABLE","","0","0.0","0","2.7745893001556396","50","50","50.0","","","moderate_shadow"
"cifar10","20","2","mixed_maturity","access_freshness_lease","dirichlet_lcb","benign_concept_drift","0.5","9","2","5","5","0.5","20","9","1.5","5","honest-3","honest","incumbent","ADMITTED","ADMITTED","9","9","0","4","4.882922989522995","1.5","0.7462875490779619","0.8370070466491786","0.6465358545084627","0.6465358545084627","0.1157982362815884","0.29254799703263074","50","50","50","5","5","True","False","NOT_APPLICABLE","","0","0.0","0","3.6942436695098877","50","50","50.0","","","moderate_shadow"
"cifar10","20","2","mixed_maturity","access_freshness_lease","dirichlet_lcb","benign_concept_drift","0.5","9","2","5","5","0.5","20","9","1.5","5","honest-4","honest","incumbent","ADMITTED","ADMITTED","9","9","0","3","4.5294892388817605","1.5","0.7401065581334588","0.8277664507491892","0.6288758803813109","0.6288758803813109","0.12091685363435191","0.27568090107538146","50","50","50","5","5","True","False","NOT_APPLICABLE","","0","0.0","0","61.49466896057129","50","50","50.0","","","moderate_shadow"
"cifar10","20","2","mixed_maturity","access_freshness_lease","dirichlet_lcb","benign_concept_drift","0.5","9","2","5","5","0.5","20","9","1.5","5","honest-5","honest","incumbent","ADMITTED","ADMITTED","9","9","0","4","4.882922989522995","1.5","0.7462875490779619","0.8370070466491786","0.6465358545084627","0.6465358545084627","0.1157982362815884","0.29254799703263074","50","50","50","5","5","True","False","NOT_APPLICABLE","","0","0.0","0","31.979887008666992","50","50","50.0","","","moderate_shadow"
"cifar10","20","2","mixed_maturity","access_freshness_lease","dirichlet_lcb","benign_concept_drift","0.5","9","2","5","5","0.5","20","9","1.5","5","honest-6","honest","incumbent","ADMITTED","ADMITTED","9","9","0","3","5.004489238881761","1.5","0.7503560216234088","0.8430201361031787","0.6581600617811678","0.6581600617811678","0.11238691964272261","0.3041175807403508","50","50","50","5","5","True","False","NOT_APPLICABLE","","0","0.0","0","31.925467491149902","50","50","50.0","","","moderate_shadow"
"cifar10","20","2","mixed_maturity","access_freshness_lease","dirichlet_lcb","benign_concept_drift","0.5","9","2","5","5","0.5","20","9","1.5","5","honest-7","honest","incumbent","ADMITTED","ADMITTED","9","9","0","4","4.882922989522995","1.5","0.7461812576493809","0.836849222574815","0.646232164712517","0.646232164712517","0.11588691632345365","0.292250836163607","50","50","50","5","5","True","False","NOT_APPLICABLE","","0","0.0","0","2.0379350185394287","50","50","50.0","","","moderate_shadow"
"cifar10","20","2","mixed_maturity","access_freshness_lease","dirichlet_lcb","benign_concept_drift","0.5","9","2","5","5","0.5","20","9","1.5","5","honest-8","honest","incumbent","ADMITTED","ADMITTED","9","9","0","4","4.882922989522995","1.5","0.7462875490779619","0.8370070466491786","0.6465358545084627","0.6465358545084627","0.1157982362815884","0.29254799703263074","50","50","50","5","5","True","False","NOT_APPLICABLE","","0","0.0","0","3.150890588760376","50","50","50.0","","","moderate_shadow"
"cifar10","20","2","mixed_maturity","access_freshness_lease","dirichlet_lcb","benign_concept_drift","0.5","9","2","5","5","0.5","20","9","1.5","5","honest-9","honest","incumbent","ADMITTED","ADMITTED","9","9","0","4","4.882922989522995","1.5","0.7462875490779619","0.8370070466491786","0.6465358545084627","0.6465358545084627","0.1157982362815884","0.29254799703263074","50","50","50","5","5","True","False","NOT_APPLICABLE","","0","0.0","0","32.36456799507141","50","50","50.0","","","moderate_shadow"
"cifar10","20","2","mixed_maturity","access_full","dirichlet_lcb","diverse_then_repeat_backdoor","0.5","5","2","5","5","0.5","20","9","1.5","5","attacker-1","diverse_then_repeat_backdoor","newcomer","LIMITED","ADMITTED","9","9","0","4","4.882922989522995","1.5","0.7462875490779619","0.8370070466491786","0.6465358545084627","0.6465358545084627","0.1157982362815884","0.29254799703263074","50","50","50","5","5","False","False","NOT_APPLICABLE","","0","0.0","0","2.479506015777588","50","50","48.0","","","moderate_shadow"
"cifar10","20","2","mixed_maturity","access_full","dirichlet_lcb","diverse_then_repeat_backdoor","0.5","5","2","5","5","0.5","20","9","1.5","5","attacker-2","diverse_then_repeat_backdoor","newcomer","LIMITED","ADMITTED","9","9","0","4","4.882922989522995","1.5","0.7462875490779619","0.8370070466491786","0.6465358545084627","0.6465358545084627","0.1157982362815884","0.29254799703263074","50","50","50","5","5","False","False","NOT_APPLICABLE","","0","0.0","0","2.20032000541687","50","50","48.0","","","moderate_shadow"
"cifar10","20","2","mixed_maturity","access_full","dirichlet_lcb","diverse_then_repeat_backdoor","0.5","5","2","5","5","0.5","20","9","1.5","5","honest-1","honest","incumbent","ADMITTED","ADMITTED","9","9","0","3","4.76698923888176","1.5","0.7437820368902304","0.8332768051183246","0.6393772482578011","0.6393772482578011","0.11788253356256753","0.28561047849957855","50","50","50","5","5","False","False","NOT_APPLICABLE","","0","0.0","0","31.66269826889038","50","50","50.0","","","moderate_shadow"
"cifar10","20","2","mixed_maturity","access_full","dirichlet_lcb","diverse_then_repeat_backdoor","0.5","5","2","5","5","0.5","20","9","1.5","5","honest-10","honest","incumbent","ADMITTED","ADMITTED","9","9","0","4","4.882922989522995","1.5","0.7462875490779619","0.8370070466491786","0.6465358545084627","0.6465358545084627","0.1157982362815884","0.29254799703263074","50","50","50","5","5","False","False","NOT_APPLICABLE","","0","0.0","0","4.024806499481201","50","50","50.0","","","moderate_shadow"
"cifar10","20","2","mixed_maturity","access_full","dirichlet_lcb","diverse_then_repeat_backdoor","0.5","5","2","5","5","0.5","20","9","1.5","5","honest-11","honest","incumbent","ADMITTED","ADMITTED","9","9","0","3","4.5294892388817605","1.5","0.7401065581334588","0.8277664507491892","0.6288758803813109","0.6288758803813109","0.12091685363435191","0.27568090107538146","50","50","50","5","5","False","False","NOT_APPLICABLE","","0","0.0","0","31.97875213623047","50","50","50.0","","","moderate_shadow"
"cifar10","20","2","mixed_maturity","access_full","dirichlet_lcb","diverse_then_repeat_backdoor","0.5","5","2","5","5","0.5","20","9","1.5","5","honest-12","honest","incumbent","ADMITTED","ADMITTED","9","9","0","4","4.882922989522995","1.5","0.7462875490779619","0.8370070466491786","0.6465358545084627","0.6465358545084627","0.1157982362815884","0.29254799703263074","50","50","50","5","5","False","False","NOT_APPLICABLE","","0","0.0","0","31.75491714477539","50","50","50.0","","","moderate_shadow"
"cifar10","20","2","mixed_maturity","access_full","dirichlet_lcb","diverse_then_repeat_backdoor","0.5","5","2","5","5","0.5","20","9","1.5","5","honest-13","honest","incumbent","ADMITTED","ADMITTED","9","9","0","4","4.882922989522995","1.5","0.7462875490779619","0.8370070466491786","0.6465358545084627","0.6465358545084627","0.1157982362815884","0.29254799703263074","50","50","50","5","5","False","False","NOT_APPLICABLE","","0","0.0","0","2.5418734550476074","50","50","50.0","","","moderate_shadow"
"cifar10","20","2","mixed_maturity","access_full","dirichlet_lcb","diverse_then_repeat_backdoor","0.5","5","2","5","5","0.5","20","9","1.5","5","honest-14","honest","incumbent","ADMITTED","ADMITTED","9","9","0","4","4.882922989522995","1.5","0.7462875490779619","0.8370070466491786","0.6465358545084627","0.6465358545084627","0.1157982362815884","0.29254799703263074","50","50","50","5","5","False","False","NOT_APPLICABLE","","0","0.0","0","3.354235887527466","50","50","50.0","","","moderate_shadow"
"cifar10","20","2","mixed_maturity","access_full","dirichlet_lcb","diverse_then_repeat_backdoor","0.5","5","2","5","5","0.5","20","9","1.5","5","honest-15","honest","incumbent","ADMITTED","ADMITTED","9","9","0","4","4.882922989522995","1.5","0.7462875490779619","0.8370070466491786","0.6465358545084627","0.6465358545084627","0.1157982362815884","0.29254799703263074","50","50","50","5","5","False","False","NOT_APPLICABLE","","0","0.0","0","3.8519279956817627","50","50","50.0","","","moderate_shadow"
"cifar10","20","2","mixed_maturity","access_full","dirichlet_lcb","diverse_then_repeat_backdoor","0.5","5","2","5","5","0.5","20","9","1.5","5","honest-16","honest","incumbent","ADMITTED","ADMITTED","9","9","0","4","4.882922989522995","1.5","0.7462875490779619","0.8370070466491786","0.6465358545084627","0.6465358545084627","0.1157982362815884","0.29254799703263074","50","50","50","5","5","False","False","NOT_APPLICABLE","","0","0.0","0","4.0359227657318115","50","50","50.0","","","moderate_shadow"
"cifar10","20","2","mixed_maturity","access_full","dirichlet_lcb","diverse_then_repeat_backdoor","0.5","5","2","5","5","0.5","20","9","1.5","5","honest-17","honest","incumbent","ADMITTED","ADMITTED","9","9","0","3","4.5294892388817605","1.5","0.7401065581334588","0.8277664507491892","0.6288758803813109","0.6288758803813109","0.12091685363435191","0.27568090107538146","50","50","50","5","5","False","False","NOT_APPLICABLE","","0","0.0","0","31.83585500717163","50","50","50.0","","","moderate_shadow"
"cifar10","20","2","mixed_maturity","access_full","dirichlet_lcb","diverse_then_repeat_backdoor","0.5","5","2","5","5","0.5","20","9","1.5","5","honest-18","honest","incumbent","ADMITTED","ADMITTED","9","9","0","4","4.882922989522995","1.5","0.7462875490779619","0.8370070466491786","0.6465358545084627","0.6465358545084627","0.1157982362815884","0.29254799703263074","50","50","50","5","5","False","False","NOT_APPLICABLE","","0","0.0","0","3.4336771965026855","50","50","50.0","","","moderate_shadow"
"cifar10","20","2","mixed_maturity","access_full","dirichlet_lcb","diverse_then_repeat_backdoor","0.5","5","2","5","5","0.5","20","9","1.5","5","honest-2","honest","incumbent","ADMITTED","ADMITTED","9","9","0","4","4.882922989522995","1.5","0.7462875490779619","0.8370070466491786","0.6465358545084627","0.6465358545084627","0.1157982362815884","0.29254799703263074","50","50","50","5","5","False","False","NOT_APPLICABLE","","0","0.0","0","2.6581640243530273","50","50","50.0","","","moderate_shadow"
"cifar10","20","2","mixed_maturity","access_full","dirichlet_lcb","diverse_then_repeat_backdoor","0.5","5","2","5","5","0.5","20","9","1.5","5","honest-3","honest","incumbent","ADMITTED","ADMITTED","9","9","0","4","4.882922989522995","1.5","0.7462875490779619","0.8370070466491786","0.6465358545084627","0.6465358545084627","0.1157982362815884","0.29254799703263074","50","50","50","5","5","False","False","NOT_APPLICABLE","","0","0.0","0","3.0655405521392822","50","50","50.0","","","moderate_shadow"
"cifar10","20","2","mixed_maturity","access_full","dirichlet_lcb","diverse_then_repeat_backdoor","0.5","5","2","5","5","0.5","20","9","1.5","5","honest-4","honest","incumbent","ADMITTED","ADMITTED","9","9","0","4","4.882922989522995","1.5","0.7462875490779619","0.8370070466491786","0.6465358545084627","0.6465358545084627","0.1157982362815884","0.29254799703263074","50","50","50","5","5","False","False","NOT_APPLICABLE","","0","0.0","0","3.887752056121826","50","50","50.0","","","moderate_shadow"
"cifar10","20","2","mixed_maturity","access_full","dirichlet_lcb","diverse_then_repeat_backdoor","0.5","5","2","5","5","0.5","20","9","1.5","5","honest-5","honest","incumbent","ADMITTED","ADMITTED","9","9","0","4","4.882922989522995","1.5","0.7462875490779619","0.8370070466491786","0.6465358545084627","0.6465358545084627","0.1157982362815884","0.29254799703263074","50","50","50","5","5","False","False","NOT_APPLICABLE","","0","0.0","0","31.808560609817505","50","50","50.0","","","moderate_shadow"
"cifar10","20","2","mixed_maturity","access_full","dirichlet_lcb","diverse_then_repeat_backdoor","0.5","5","2","5","5","0.5","20","9","1.5","5","honest-6","honest","incumbent","ADMITTED","ADMITTED","9","9","0","4","4.882922989522995","1.5","0.7462875490779619","0.8370070466491786","0.6465358545084627","0.6465358545084627","0.1157982362815884","0.29254799703263074","50","50","50","5","5","False","False","NOT_APPLICABLE","","0","0.0","0","3.9110333919525146","50","50","50.0","","","moderate_shadow"
"cifar10","20","2","mixed_maturity","access_full","dirichlet_lcb","diverse_then_repeat_backdoor","0.5","5","2","5","5","0.5","20","9","1.5","5","honest-7","honest","incumbent","ADMITTED","ADMITTED","9","9","0","4","4.882922989522995","1.5","0.7462875490779619","0.8370070466491786","0.6465358545084627","0.6465358545084627","0.1157982362815884","0.29254799703263074","50","50","50","5","5","False","False","NOT_APPLICABLE","","0","0.0","0","2.32623553276062","50","50","50.0","","","moderate_shadow"
"cifar10","20","2","mixed_maturity","access_full","dirichlet_lcb","diverse_then_repeat_backdoor","0.5","5","2","5","5","0.5","20","9","1.5","5","honest-8","honest","incumbent","ADMITTED","ADMITTED","9","9","0","4","4.882922989522995","1.5","0.7462875490779619","0.8370070466491786","0.6465358545084627","0.6465358545084627","0.1157982362815884","0.29254799703263074","50","50","50","5","5","False","False","NOT_APPLICABLE","","0","0.0","0","2.6818044185638428","50","50","50.0","","","moderate_shadow"
"cifar10","20","2","mixed_maturity","access_full","dirichlet_lcb","diverse_then_repeat_backdoor","0.5","5","2","5","5","0.5","20","9","1.5","5","honest-9","honest","incumbent","ADMITTED","ADMITTED","9","9","0","4","4.882922989522995","1.5","0.7462875490779619","0.8370070466491786","0.6465358545084627","0.6465358545084627","0.1157982362815884","0.29254799703263074","50","50","50","5","5","False","False","NOT_APPLICABLE","","0","0.0","0","3.072237968444824","50","50","50.0","","","moderate_shadow"
"cifar10","20","2","mixed_maturity","access_full","dirichlet_lcb","diverse_then_repeat_backdoor","0.5","6","2","5","5","0.5","20","9","1.5","5","attacker-1","diverse_then_repeat_backdoor","newcomer","LIMITED","ADMITTED","9","9","0","4","4.882922989522995","1.5","0.7462875490779619","0.8370070466491786","0.6465358545084627","0.6465358545084627","0.1157982362815884","0.29254799703263074","50","50","50","5","5","False","False","NOT_APPLICABLE","","0","0.0","0","2.371890068054199","50","50","48.0","","","moderate_shadow"
"cifar10","20","2","mixed_maturity","access_full","dirichlet_lcb","diverse_then_repeat_backdoor","0.5","6","2","5","5","0.5","20","9","1.5","5","attacker-2","diverse_then_repeat_backdoor","newcomer","LIMITED","ADMITTED","9","9","0","4","4.882922989522995","1.5","0.7462875490779619","0.8370070466491786","0.6465358545084627","0.6465358545084627","0.1157982362815884","0.29254799703263074","50","50","50","5","5","False","False","NOT_APPLICABLE","","0","0.0","0","3.5309572219848633","50","50","48.0","","","moderate_shadow"
"cifar10","20","2","mixed_maturity","access_full","dirichlet_lcb","diverse_then_repeat_backdoor","0.5","6","2","5","5","0.5","20","9","1.5","5","honest-1","honest","incumbent","ADMITTED","ADMITTED","9","9","0","4","4.882922989522995","1.5","0.7462875490779619","0.8370070466491786","0.6465358545084627","0.6465358545084627","0.1157982362815884","0.29254799703263074","50","50","50","5","5","False","False","NOT_APPLICABLE","","0","0.0","0","3.619292974472046","50","50","50.0","","","moderate_shadow"
"cifar10","20","2","mixed_maturity","access_full","dirichlet_lcb","diverse_then_repeat_backdoor","0.5","6","2","5","5","0.5","20","9","1.5","5","honest-10","honest","incumbent","ADMITTED","ADMITTED","9","9","0","4","4.882922989522995","1.5","0.7462875490779619","0.8370070466491786","0.6465358545084627","0.6465358545084627","0.1157982362815884","0.29254799703263074","50","50","50","5","5","False","False","NOT_APPLICABLE","","0","0.0","0","3.6141440868377686","50","50","50.0","","","moderate_shadow"
"cifar10","20","2","mixed_maturity","access_full","dirichlet_lcb","diverse_then_repeat_backdoor","0.5","6","2","5","5","0.5","20","9","1.5","5","honest-11","honest","incumbent","ADMITTED","ADMITTED","9","9","0","4","4.882922989522995","1.5","0.7462875490779619","0.8370070466491786","0.6465358545084627","0.6465358545084627","0.1157982362815884","0.29254799703263074","50","50","50","5","5","False","False","NOT_APPLICABLE","","0","0.0","0","3.35060453414917","50","50","50.0","","","moderate_shadow"
"cifar10","20","2","mixed_maturity","access_full","dirichlet_lcb","diverse_then_repeat_backdoor","0.5","6","2","5","5","0.5","20","9","1.5","5","honest-12","honest","incumbent","ADMITTED","ADMITTED","9","9","0","4","4.882922989522995","1.5","0.7462875490779619","0.8370070466491786","0.6465358545084627","0.6465358545084627","0.1157982362815884","0.29254799703263074","50","50","50","5","5","False","False","NOT_APPLICABLE","","0","0.0","0","3.2043426036834717","50","50","50.0","","","moderate_shadow"
"cifar10","20","2","mixed_maturity","access_full","dirichlet_lcb","diverse_then_repeat_backdoor","0.5","6","2","5","5","0.5","20","9","1.5","5","honest-13","honest","incumbent","ADMITTED","ADMITTED","9","9","0","4","4.882922989522995","1.5","0.7462875490779619","0.8370070466491786","0.6465358545084627","0.6465358545084627","0.1157982362815884","0.29254799703263074","50","50","50","5","5","False","False","NOT_APPLICABLE","","0","0.0","0","2.5974020957946777","50","50","50.0","","","moderate_shadow"
"cifar10","20","2","mixed_maturity","access_full","dirichlet_lcb","diverse_then_repeat_backdoor","0.5","6","2","5","5","0.5","20","9","1.5","5","honest-14","honest","incumbent","ADMITTED","ADMITTED","9","9","0","4","4.882922989522995","1.5","0.7462875490779619","0.8370070466491786","0.6465358545084627","0.6465358545084627","0.1157982362815884","0.29254799703263074","50","50","50","5","5","False","False","NOT_APPLICABLE","","0","0.0","0","2.9170260429382324","50","50","50.0","","","moderate_shadow"
"cifar10","20","2","mixed_maturity","access_full","dirichlet_lcb","diverse_then_repeat_backdoor","0.5","6","2","5","5","0.5","20","9","1.5","5","honest-15","honest","incumbent","ADMITTED","ADMITTED","9","9","0","4","4.882922989522995","1.5","0.7462875490779619","0.8370070466491786","0.6465358545084627","0.6465358545084627","0.1157982362815884","0.29254799703263074","50","50","50","5","5","False","False","NOT_APPLICABLE","","0","0.0","0","2.8605058193206787","50","50","50.0","","","moderate_shadow"
"cifar10","20","2","mixed_maturity","access_full","dirichlet_lcb","diverse_then_repeat_backdoor","0.5","6","2","5","5","0.5","20","9","1.5","5","honest-16","honest","incumbent","ADMITTED","ADMITTED","9","9","0","4","4.882922989522995","1.5","0.7462875490779619","0.8370070466491786","0.6465358545084627","0.6465358545084627","0.1157982362815884","0.29254799703263074","50","50","50","5","5","False","False","NOT_APPLICABLE","","0","0.0","0","2.709871292114258","50","50","50.0","","","moderate_shadow"
"cifar10","20","2","mixed_maturity","access_full","dirichlet_lcb","diverse_then_repeat_backdoor","0.5","6","2","5","5","0.5","20","9","1.5","5","honest-17","honest","incumbent","ADMITTED","ADMITTED","9","9","0","4","4.882922989522995","1.5","0.7462875490779619","0.8370070466491786","0.6465358545084627","0.6465358545084627","0.1157982362815884","0.29254799703263074","50","50","50","5","5","False","False","NOT_APPLICABLE","","0","0.0","0","3.159097909927368","50","50","50.0","","","moderate_shadow"
"cifar10","20","2","mixed_maturity","access_full","dirichlet_lcb","diverse_then_repeat_backdoor","0.5","6","2","5","5","0.5","20","9","1.5","5","honest-18","honest","incumbent","ADMITTED","ADMITTED","9","9","0","4","4.882922989522995","1.5","0.7462875490779619","0.8370070466491786","0.6465358545084627","0.6465358545084627","0.1157982362815884","0.29254799703263074","50","50","50","5","5","False","False","NOT_APPLICABLE","","0","0.0","0","3.677300453186035","50","50","50.0","","","moderate_shadow"
"cifar10","20","2","mixed_maturity","access_full","dirichlet_lcb","diverse_then_repeat_backdoor","0.5","6","2","5","5","0.5","20","9","1.5","5","honest-2","honest","incumbent","ADMITTED","ADMITTED","9","9","0","4","4.882922989522995","1.5","0.7462875490779619","0.8370070466491786","0.6465358545084627","0.6465358545084627","0.1157982362815884","0.29254799703263074","50","50","50","5","5","False","False","NOT_APPLICABLE","","0","0.0","0","3.0682365894317627","50","50","50.0","","","moderate_shadow"
"cifar10","20","2","mixed_maturity","access_full","dirichlet_lcb","diverse_then_repeat_backdoor","0.5","6","2","5","5","0.5","20","9","1.5","5","honest-3","honest","incumbent","ADMITTED","ADMITTED","9","9","0","4","4.882922989522995","1.5","0.7462875490779619","0.8370070466491786","0.6465358545084627","0.6465358545084627","0.1157982362815884","0.29254799703263074","50","50","50","5","5","False","False","NOT_APPLICABLE","","0","0.0","0","2.3552753925323486","50","50","50.0","","","moderate_shadow"
"cifar10","20","2","mixed_maturity","access_full","dirichlet_lcb","diverse_then_repeat_backdoor","0.5","6","2","5","5","0.5","20","9","1.5","5","honest-4","honest","incumbent","ADMITTED","ADMITTED","9","9","0","4","4.882922989522995","1.5","0.7462875490779619","0.8370070466491786","0.6465358545084627","0.6465358545084627","0.1157982362815884","0.29254799703263074","50","50","50","5","5","False","False","NOT_APPLICABLE","","0","0.0","0","3.3999571800231934","50","50","50.0","","","moderate_shadow"
"cifar10","20","2","mixed_maturity","access_full","dirichlet_lcb","diverse_then_repeat_backdoor","0.5","6","2","5","5","0.5","20","9","1.5","5","honest-5","honest","incumbent","ADMITTED","ADMITTED","9","9","0","4","4.882922989522995","1.5","0.7462875490779619","0.8370070466491786","0.6465358545084627","0.6465358545084627","0.1157982362815884","0.29254799703263074","50","50","50","5","5","False","False","NOT_APPLICABLE","","0","0.0","0","2.505218744277954","50","50","50.0","","","moderate_shadow"
"cifar10","20","2","mixed_maturity","access_full","dirichlet_lcb","diverse_then_repeat_backdoor","0.5","6","2","5","5","0.5","20","9","1.5","5","honest-6","honest","incumbent","ADMITTED","ADMITTED","9","9","0","4","4.882922989522995","1.5","0.7462875490779619","0.8370070466491786","0.6465358545084627","0.6465358545084627","0.1157982362815884","0.29254799703263074","50","50","50","5","5","False","False","NOT_APPLICABLE","","0","0.0","0","2.5208048820495605","50","50","50.0","","","moderate_shadow"
"cifar10","20","2","mixed_maturity","access_full","dirichlet_lcb","diverse_then_repeat_backdoor","0.5","6","2","5","5","0.5","20","9","1.5","5","honest-7","honest","incumbent","ADMITTED","ADMITTED","9","9","0","4","4.882922989522995","1.5","0.7462875490779619","0.8370070466491786","0.6465358545084627","0.6465358545084627","0.1157982362815884","0.29254799703263074","50","50","50","5","5","False","False","NOT_APPLICABLE","","0","0.0","0","3.597062826156616","50","50","50.0","","","moderate_shadow"
"cifar10","20","2","mixed_maturity","access_full","dirichlet_lcb","diverse_then_repeat_backdoor","0.5","6","2","5","5","0.5","20","9","1.5","5","honest-8","honest","incumbent","ADMITTED","ADMITTED","9","9","0","4","4.882922989522995","1.5","0.7462875490779619","0.8370070466491786","0.6465358545084627","0.6465358545084627","0.1157982362815884","0.29254799703263074","50","50","50","5","5","False","False","NOT_APPLICABLE","","0","0.0","0","2.678391456604004","50","50","50.0","","","moderate_shadow"
"cifar10","20","2","mixed_maturity","access_full","dirichlet_lcb","diverse_then_repeat_backdoor","0.5","6","2","5","5","0.5","20","9","1.5","5","honest-9","honest","incumbent","ADMITTED","ADMITTED","9","9","0","4","4.882922989522995","1.5","0.7462875490779619","0.8370070466491786","0.6465358545084627","0.6465358545084627","0.1157982362815884","0.29254799703263074","50","50","50","5","5","False","False","NOT_APPLICABLE","","0","0.0","0","3.552525281906128","50","50","50.0","","","moderate_shadow"
"cifar10","20","2","mixed_maturity","access_full","dirichlet_lcb","diverse_then_repeat_backdoor","0.5","7","2","5","5","0.5","20","9","1.5","5","attacker-1","diverse_then_repeat_backdoor","newcomer","LIMITED","ADMITTED","9","9","0","4","4.882922989522995","1.5","0.7462875490779619","0.8370070466491786","0.6465358545084627","0.6465358545084627","0.1157982362815884","0.29254799703263074","50","50","50","5","5","False","False","NOT_APPLICABLE","","0","0.0","0","1.7840123176574707","50","50","48.0","","","moderate_shadow"
"cifar10","20","2","mixed_maturity","access_full","dirichlet_lcb","diverse_then_repeat_backdoor","0.5","7","2","5","5","0.5","20","9","1.5","5","attacker-2","diverse_then_repeat_backdoor","newcomer","LIMITED","ADMITTED","9","9","0","4","4.882922989522995","1.5","0.7462875490779619","0.8370070466491786","0.6465358545084627","0.6465358545084627","0.1157982362815884","0.29254799703263074","50","50","50","5","5","False","False","NOT_APPLICABLE","","0","0.0","0","3.548902750015259","50","50","48.0","","","moderate_shadow"
"cifar10","20","2","mixed_maturity","access_full","dirichlet_lcb","diverse_then_repeat_backdoor","0.5","7","2","5","5","0.5","20","9","1.5","5","honest-1","honest","incumbent","ADMITTED","ADMITTED","9","9","0","4","4.882922989522995","1.5","0.7462875490779619","0.8370070466491786","0.6465358545084627","0.6465358545084627","0.1157982362815884","0.29254799703263074","50","50","50","5","5","False","False","NOT_APPLICABLE","","0","0.0","0","3.696913003921509","50","50","50.0","","","moderate_shadow"
"cifar10","20","2","mixed_maturity","access_full","dirichlet_lcb","diverse_then_repeat_backdoor","0.5","7","2","5","5","0.5","20","9","1.5","5","honest-10","honest","incumbent","ADMITTED","ADMITTED","9","9","0","4","4.882922989522995","1.5","0.7462875490779619","0.8370070466491786","0.6465358545084627","0.6465358545084627","0.1157982362815884","0.29254799703263074","50","50","50","5","5","False","False","NOT_APPLICABLE","","0","0.0","0","2.081871747970581","50","50","50.0","","","moderate_shadow"
"cifar10","20","2","mixed_maturity","access_full","dirichlet_lcb","diverse_then_repeat_backdoor","0.5","7","2","5","5","0.5","20","9","1.5","5","honest-11","honest","incumbent","ADMITTED","ADMITTED","9","9","0","4","4.882922989522995","1.5","0.7462875490779619","0.8370070466491786","0.6465358545084627","0.6465358545084627","0.1157982362815884","0.29254799703263074","50","50","50","5","5","False","False","NOT_APPLICABLE","","0","0.0","0","3.320225715637207","50","50","50.0","","","moderate_shadow"
"cifar10","20","2","mixed_maturity","access_full","dirichlet_lcb","diverse_then_repeat_backdoor","0.5","7","2","5","5","0.5","20","9","1.5","5","honest-12","honest","incumbent","ADMITTED","ADMITTED","9","9","0","4","4.882922989522995","1.5","0.7461973641042667","0.8368731402309775","0.6462781831550479","0.6462781831550479","0.1158734800024376","0.29229584886760673","50","50","50","5","5","False","False","NOT_APPLICABLE","","0","0.0","0","1.807116985321045","50","50","50.0","","","moderate_shadow"
"cifar10","20","2","mixed_maturity","access_full","dirichlet_lcb","diverse_then_repeat_backdoor","0.5","7","2","5","5","0.5","20","9","1.5","5","honest-13","honest","incumbent","ADMITTED","ADMITTED","9","9","0","3","4.76698923888176","1.5","0.7237820368902304","0.8332768051183246","0.6393772482578011","0.6393772482578011","0.11788253356256753","0.28561047849957855","50","50","50","5","5","False","False","NOT_APPLICABLE","","0","0.0","0","3.995020627975464","50","50","50.0","","","moderate_shadow"
"cifar10","20","2","mixed_maturity","access_full","dirichlet_lcb","diverse_then_repeat_backdoor","0.5","7","2","5","5","0.5","20","9","1.5","5","honest-14","honest","incumbent","ADMITTED","ADMITTED","9","9","0","4","4.882922989522995","1.5","0.7462875490779619","0.8370070466491786","0.6465358545084627","0.6465358545084627","0.1157982362815884","0.29254799703263074","50","50","50","5","5","False","False","NOT_APPLICABLE","","0","0.0","0","3.498502254486084","50","50","50.0","","","moderate_shadow"
"cifar10","20","2","mixed_maturity","access_full","dirichlet_lcb","diverse_then_repeat_backdoor","0.5","7","2","5","5","0.5","20","9","1.5","5","honest-15","honest","incumbent","ADMITTED","ADMITTED","9","9","0","4","4.882922989522995","1.5","0.7462875490779619","0.8370070466491786","0.6465358545084627","0.6465358545084627","0.1157982362815884","0.29254799703263074","50","50","50","5","5","False","False","NOT_APPLICABLE","","0","0.0","0","2.1802284717559814","50","50","50.0","","","moderate_shadow"
"cifar10","20","2","mixed_maturity","access_full","dirichlet_lcb","diverse_then_repeat_backdoor","0.5","7","2","5","5","0.5","20","9","1.5","5","honest-16","honest","incumbent","ADMITTED","ADMITTED","9","9","0","4","4.882922989522995","1.5","0.7462875490779619","0.8370070466491786","0.6465358545084627","0.6465358545084627","0.1157982362815884","0.29254799703263074","50","50","50","5","5","False","False","NOT_APPLICABLE","","0","0.0","0","3.12785005569458","50","50","50.0","","","moderate_shadow"
"cifar10","20","2","mixed_maturity","access_full","dirichlet_lcb","diverse_then_repeat_backdoor","0.5","7","2","5","5","0.5","20","9","1.5","5","honest-17","honest","incumbent","ADMITTED","ADMITTED","9","9","0","4","4.882922989522995","1.5","0.7462875490779619","0.8370070466491786","0.6465358545084627","0.6465358545084627","0.1157982362815884","0.29254799703263074","50","50","50","5","5","False","False","NOT_APPLICABLE","","0","0.0","0","3.4858558177948","50","50","50.0","","","moderate_shadow"
"cifar10","20","2","mixed_maturity","access_full","dirichlet_lcb","diverse_then_repeat_backdoor","0.5","7","2","5","5","0.5","20","9","1.5","5","honest-18","honest","incumbent","ADMITTED","ADMITTED","9","9","0","4","4.882922989522995","1.5","0.7458546824886865","0.8363640818031697","0.6452990928248183","0.6452990928248183","0.11615923904392206","0.2913394181019701","50","50","50","5","5","False","False","NOT_APPLICABLE","","0","0.0","0","1.9201271533966064","50","50","50.0","","","moderate_shadow"
"cifar10","20","2","mixed_maturity","access_full","dirichlet_lcb","diverse_then_repeat_backdoor","0.5","7","2","5","5","0.5","20","9","1.5","5","honest-2","honest","incumbent","ADMITTED","ADMITTED","9","9","0","4","4.882922989522995","1.5","0.7461812576493809","0.836849222574815","0.646232164712517","0.646232164712517","0.11588691632345365","0.292250836163607","50","50","50","5","5","False","False","NOT_APPLICABLE","","0","0.0","0","1.6942918300628662","50","50","50.0","","","moderate_shadow"
"cifar10","20","2","mixed_maturity","access_full","dirichlet_lcb","diverse_then_repeat_backdoor","0.5","7","2","5","5","0.5","20","9","1.5","5","honest-3","honest","incumbent","ADMITTED","ADMITTED","9","9","0","4","4.882922989522995","1.5","0.7462875490779619","0.8370070466491786","0.6465358545084627","0.6465358545084627","0.1157982362815884","0.29254799703263074","50","50","50","5","5","False","False","NOT_APPLICABLE","","0","0.0","0","2.10664963722229","50","50","50.0","","","moderate_shadow"
"cifar10","20","2","mixed_maturity","access_full","dirichlet_lcb","diverse_then_repeat_backdoor","0.5","7","2","5","5","0.5","20","9","1.5","5","honest-4","honest","incumbent","ADMITTED","ADMITTED","9","9","0","4","4.882922989522995","1.5","0.7462875490779619","0.8370070466491786","0.6465358545084627","0.6465358545084627","0.1157982362815884","0.29254799703263074","50","50","50","5","5","False","False","NOT_APPLICABLE","","0","0.0","0","3.438415050506592","50","50","50.0","","","moderate_shadow"
"cifar10","20","2","mixed_maturity","access_full","dirichlet_lcb","diverse_then_repeat_backdoor","0.5","7","2","5","5","0.5","20","9","1.5","5","honest-5","honest","incumbent","ADMITTED","ADMITTED","9","9","0","4","4.882922989522995","1.5","0.7462875490779619","0.8370070466491786","0.6465358545084627","0.6465358545084627","0.1157982362815884","0.29254799703263074","50","50","50","5","5","False","False","NOT_APPLICABLE","","0","0.0","0","32.09499931335449","50","50","50.0","","","moderate_shadow"
"cifar10","20","2","mixed_maturity","access_full","dirichlet_lcb","diverse_then_repeat_backdoor","0.5","7","2","5","5","0.5","20","9","1.5","5","honest-6","honest","incumbent","ADMITTED","ADMITTED","9","9","0","4","4.882922989522995","1.5","0.7462875490779619","0.8370070466491786","0.6465358545084627","0.6465358545084627","0.1157982362815884","0.29254799703263074","50","50","50","5","5","False","False","NOT_APPLICABLE","","0","0.0","0","3.6267271041870117","50","50","50.0","","","moderate_shadow"
"cifar10","20","2","mixed_maturity","access_full","dirichlet_lcb","diverse_then_repeat_backdoor","0.5","7","2","5","5","0.5","20","9","1.5","5","honest-7","honest","incumbent","ADMITTED","ADMITTED","9","9","0","4","4.882922989522995","1.5","0.7462875490779619","0.8370070466491786","0.6465358545084627","0.6465358545084627","0.1157982362815884","0.29254799703263074","50","50","50","5","5","False","False","NOT_APPLICABLE","","0","0.0","0","3.6174275875091553","50","50","50.0","","","moderate_shadow"
"cifar10","20","2","mixed_maturity","access_full","dirichlet_lcb","diverse_then_repeat_backdoor","0.5","7","2","5","5","0.5","20","9","1.5","5","honest-8","honest","incumbent","ADMITTED","ADMITTED","9","9","0","4","4.882922989522995","1.5","0.7462875490779619","0.8370070466491786","0.6465358545084627","0.6465358545084627","0.1157982362815884","0.29254799703263074","50","50","50","5","5","False","False","NOT_APPLICABLE","","0","0.0","0","1.9616954326629639","50","50","50.0","","","moderate_shadow"
"cifar10","20","2","mixed_maturity","access_full","dirichlet_lcb","diverse_then_repeat_backdoor","0.5","7","2","5","5","0.5","20","9","1.5","5","honest-9","honest","incumbent","ADMITTED","ADMITTED","9","9","0","4","4.882922989522995","1.5","0.7462875490779619","0.8370070466491786","0.6465358545084627","0.6465358545084627","0.1157982362815884","0.29254799703263074","50","50","50","5","5","False","False","NOT_APPLICABLE","","0","0.0","0","32.52908730506897","50","50","50.0","","","moderate_shadow"
"cifar10","20","2","mixed_maturity","access_full","dirichlet_lcb","diverse_then_repeat_backdoor","0.5","8","2","5","5","0.5","20","9","1.5","5","attacker-1","diverse_then_repeat_backdoor","newcomer","LIMITED","ADMITTED","9","9","0","4","4.882922989522995","1.5","0.7462875490779619","0.8370070466491786","0.6465358545084627","0.6465358545084627","0.1157982362815884","0.29254799703263074","50","50","50","5","5","False","False","NOT_APPLICABLE","","0","0.0","0","3.6071977615356445","50","50","48.0","","","moderate_shadow"
"cifar10","20","2","mixed_maturity","access_full","dirichlet_lcb","diverse_then_repeat_backdoor","0.5","8","2","5","5","0.5","20","9","1.5","5","attacker-2","diverse_then_repeat_backdoor","newcomer","LIMITED","ADMITTED","9","9","0","4","4.882922989522995","1.5","0.7462875490779619","0.8370070466491786","0.6465358545084627","0.6465358545084627","0.1157982362815884","0.29254799703263074","50","50","50","5","5","False","False","NOT_APPLICABLE","","0","0.0","0","2.2496485710144043","50","50","48.0","","","moderate_shadow"
"cifar10","20","2","mixed_maturity","access_full","dirichlet_lcb","diverse_then_repeat_backdoor","0.5","8","2","5","5","0.5","20","9","1.5","5","honest-1","honest","incumbent","ADMITTED","ADMITTED","9","9","0","4","4.882922989522995","1.5","0.7462875490779619","0.8370070466491786","0.6465358545084627","0.6465358545084627","0.1157982362815884","0.29254799703263074","50","50","50","5","5","False","False","NOT_APPLICABLE","","0","0.0","0","3.725226402282715","50","50","50.0","","","moderate_shadow"
"cifar10","20","2","mixed_maturity","access_full","dirichlet_lcb","diverse_then_repeat_backdoor","0.5","8","2","5","5","0.5","20","9","1.5","5","honest-10","honest","incumbent","ADMITTED","ADMITTED","9","9","0","4","4.882922989522995","1.5","0.7462875490779619","0.8370070466491786","0.6465358545084627","0.6465358545084627","0.1157982362815884","0.29254799703263074","50","50","50","5","5","False","False","NOT_APPLICABLE","","0","0.0","0","2.906521797180176","50","50","50.0","","","moderate_shadow"
"cifar10","20","2","mixed_maturity","access_full","dirichlet_lcb","diverse_then_repeat_backdoor","0.5","8","2","5","5","0.5","20","9","1.5","5","honest-11","honest","incumbent","ADMITTED","ADMITTED","9","9","0","4","4.882922989522995","1.5","0.7462875490779619","0.8370070466491786","0.6465358545084627","0.6465358545084627","0.1157982362815884","0.29254799703263074","50","50","50","5","5","False","False","NOT_APPLICABLE","","0","0.0","0","3.354731798171997","50","50","50.0","","","moderate_shadow"
"cifar10","20","2","mixed_maturity","access_full","dirichlet_lcb","diverse_then_repeat_backdoor","0.5","8","2","5","5","0.5","20","9","1.5","5","honest-12","honest","incumbent","ADMITTED","ADMITTED","9","9","0","4","4.882922989522995","1.5","0.7462875490779619","0.8370070466491786","0.6465358545084627","0.6465358545084627","0.1157982362815884","0.29254799703263074","50","50","50","5","5","False","False","NOT_APPLICABLE","","0","0.0","0","2.8454489707946777","50","50","50.0","","","moderate_shadow"
"cifar10","20","2","mixed_maturity","access_full","dirichlet_lcb","diverse_then_repeat_backdoor","0.5","8","2","5","5","0.5","20","9","1.5","5","honest-13","honest","incumbent","ADMITTED","ADMITTED","9","9","0","4","4.882922989522995","1.5","0.7462875490779619","0.8370070466491786","0.6465358545084627","0.6465358545084627","0.1157982362815884","0.29254799703263074","50","50","50","5","5","False","False","NOT_APPLICABLE","","0","0.0","0","3.81241512298584","50","50","50.0","","","moderate_shadow"
"cifar10","20","2","mixed_maturity","access_full","dirichlet_lcb","diverse_then_repeat_backdoor","0.5","8","2","5","5","0.5","20","9","1.5","5","honest-14","honest","incumbent","ADMITTED","ADMITTED","9","9","0","4","4.882922989522995","1.5","0.7462875490779619","0.8370070466491786","0.6465358545084627","0.6465358545084627","0.1157982362815884","0.29254799703263074","50","50","50","5","5","False","False","NOT_APPLICABLE","","0","0.0","0","2.6642580032348633","50","50","50.0","","","moderate_shadow"
"cifar10","20","2","mixed_maturity","access_full","dirichlet_lcb","diverse_then_repeat_backdoor","0.5","8","2","5","5","0.5","20","9","1.5","5","honest-15","honest","incumbent","ADMITTED","ADMITTED","9","9","0","4","4.882922989522995","1.5","0.7462875490779619","0.8370070466491786","0.6465358545084627","0.6465358545084627","0.1157982362815884","0.29254799703263074","50","50","50","5","5","False","False","NOT_APPLICABLE","","0","0.0","0","3.2690186500549316","50","50","50.0","","","moderate_shadow"
"cifar10","20","2","mixed_maturity","access_full","dirichlet_lcb","diverse_then_repeat_backdoor","0.5","8","2","5","5","0.5","20","9","1.5","5","honest-16","honest","incumbent","ADMITTED","ADMITTED","9","9","0","4","4.882922989522995","1.5","0.7462875490779619","0.8370070466491786","0.6465358545084627","0.6465358545084627","0.1157982362815884","0.29254799703263074","50","50","50","5","5","False","False","NOT_APPLICABLE","","0","0.0","0","32.439916133880615","50","50","50.0","","","moderate_shadow"
"cifar10","20","2","mixed_maturity","access_full","dirichlet_lcb","diverse_then_repeat_backdoor","0.5","8","2","5","5","0.5","20","9","1.5","5","honest-17","honest","incumbent","ADMITTED","ADMITTED","9","9","0","4","4.882922989522995","1.5","0.7462875490779619","0.8370070466491786","0.6465358545084627","0.6465358545084627","0.1157982362815884","0.29254799703263074","50","50","50","5","5","False","False","NOT_APPLICABLE","","0","0.0","0","3.802588701248169","50","50","50.0","","","moderate_shadow"
"cifar10","20","2","mixed_maturity","access_full","dirichlet_lcb","diverse_then_repeat_backdoor","0.5","8","2","5","5","0.5","20","9","1.5","5","honest-18","honest","incumbent","ADMITTED","ADMITTED","9","9","0","4","4.882922989522995","1.5","0.7462875490779619","0.8370070466491786","0.6465358545084627","0.6465358545084627","0.1157982362815884","0.29254799703263074","50","50","50","5","5","False","False","NOT_APPLICABLE","","0","0.0","0","3.4144234657287598","50","50","50.0","","","moderate_shadow"
"cifar10","20","2","mixed_maturity","access_full","dirichlet_lcb","diverse_then_repeat_backdoor","0.5","8","2","5","5","0.5","20","9","1.5","5","honest-2","honest","incumbent","ADMITTED","ADMITTED","9","9","0","4","4.882922989522995","1.5","0.7462875490779619","0.8370070466491786","0.6465358545084627","0.6465358545084627","0.1157982362815884","0.29254799703263074","50","50","50","5","5","False","False","NOT_APPLICABLE","","0","0.0","0","3.648158550262451","50","50","50.0","","","moderate_shadow"
"cifar10","20","2","mixed_maturity","access_full","dirichlet_lcb","diverse_then_repeat_backdoor","0.5","8","2","5","5","0.5","20","9","1.5","5","honest-3","honest","incumbent","ADMITTED","ADMITTED","9","9","0","4","4.882922989522995","1.5","0.7462875490779619","0.8370070466491786","0.6465358545084627","0.6465358545084627","0.1157982362815884","0.29254799703263074","50","50","50","5","5","False","False","NOT_APPLICABLE","","0","0.0","0","3.952691078186035","50","50","50.0","","","moderate_shadow"
"cifar10","20","2","mixed_maturity","access_full","dirichlet_lcb","diverse_then_repeat_backdoor","0.5","8","2","5","5","0.5","20","9","1.5","5","honest-4","honest","incumbent","ADMITTED","ADMITTED","9","9","0","4","4.882922989522995","1.5","0.7462875490779619","0.8370070466491786","0.6465358545084627","0.6465358545084627","0.1157982362815884","0.29254799703263074","50","50","50","5","5","False","False","NOT_APPLICABLE","","0","0.0","0","33.16480374336243","50","50","50.0","","","moderate_shadow"
"cifar10","20","2","mixed_maturity","access_full","dirichlet_lcb","diverse_then_repeat_backdoor","0.5","8","2","5","5","0.5","20","9","1.5","5","honest-5","honest","incumbent","ADMITTED","ADMITTED","9","9","0","4","4.882922989522995","1.5","0.7462875490779619","0.8370070466491786","0.6465358545084627","0.6465358545084627","0.1157982362815884","0.29254799703263074","50","50","50","5","5","False","False","NOT_APPLICABLE","","0","0.0","0","3.944180727005005","50","50","50.0","","","moderate_shadow"
"cifar10","20","2","mixed_maturity","access_full","dirichlet_lcb","diverse_then_repeat_backdoor","0.5","8","2","5","5","0.5","20","9","1.5","5","honest-6","honest","incumbent","ADMITTED","ADMITTED","9","9","0","4","4.882922989522995","1.5","0.7462875490779619","0.8370070466491786","0.6465358545084627","0.6465358545084627","0.1157982362815884","0.29254799703263074","50","50","50","5","5","False","False","NOT_APPLICABLE","","0","0.0","0","2.4316625595092773","50","50","50.0","","","moderate_shadow"
"cifar10","20","2","mixed_maturity","access_full","dirichlet_lcb","diverse_then_repeat_backdoor","0.5","8","2","5","5","0.5","20","9","1.5","5","honest-7","honest","incumbent","ADMITTED","ADMITTED","9","9","0","4","4.882922989522995","1.5","0.7462875490779619","0.8370070466491786","0.6465358545084627","0.6465358545084627","0.1157982362815884","0.29254799703263074","50","50","50","5","5","False","False","NOT_APPLICABLE","","0","0.0","0","2.815521001815796","50","50","50.0","","","moderate_shadow"
"cifar10","20","2","mixed_maturity","access_full","dirichlet_lcb","diverse_then_repeat_backdoor","0.5","8","2","5","5","0.5","20","9","1.5","5","honest-8","honest","incumbent","ADMITTED","ADMITTED","9","9","0","4","4.882922989522995","1.5","0.7462875490779619","0.8370070466491786","0.6465358545084627","0.6465358545084627","0.1157982362815884","0.29254799703263074","50","50","50","5","5","False","False","NOT_APPLICABLE","","0","0.0","0","3.6518778800964355","50","50","50.0","","","moderate_shadow"
"cifar10","20","2","mixed_maturity","access_full","dirichlet_lcb","diverse_then_repeat_backdoor","0.5","8","2","5","5","0.5","20","9","1.5","5","honest-9","honest","incumbent","ADMITTED","ADMITTED","9","9","0","4","4.882922989522995","1.5","0.7462875490779619","0.8370070466491786","0.6465358545084627","0.6465358545084627","0.1157982362815884","0.29254799703263074","50","50","50","5","5","False","False","NOT_APPLICABLE","","0","0.0","0","4.179934978485107","50","50","50.0","","","moderate_shadow"
"cifar10","20","2","mixed_maturity","access_full","dirichlet_lcb","diverse_then_repeat_backdoor","0.5","9","2","5","5","0.5","20","9","1.5","5","attacker-1","diverse_then_repeat_backdoor","newcomer","LIMITED","ADMITTED","9","9","0","4","4.882922989522995","1.5","0.7462875490779619","0.8370070466491786","0.6465358545084627","0.6465358545084627","0.1157982362815884","0.29254799703263074","50","50","50","5","5","False","False","NOT_APPLICABLE","","0","0.0","0","3.0682928562164307","50","50","48.0","","","moderate_shadow"
"cifar10","20","2","mixed_maturity","access_full","dirichlet_lcb","diverse_then_repeat_backdoor","0.5","9","2","5","5","0.5","20","9","1.5","5","attacker-2","diverse_then_repeat_backdoor","newcomer","LIMITED","ADMITTED","9","9","0","4","4.882922989522995","1.5","0.7462875490779619","0.8370070466491786","0.6465358545084627","0.6465358545084627","0.1157982362815884","0.29254799703263074","50","50","50","5","5","False","False","NOT_APPLICABLE","","0","0.0","0","2.078213930130005","50","50","48.0","","","moderate_shadow"
"cifar10","20","2","mixed_maturity","access_full","dirichlet_lcb","diverse_then_repeat_backdoor","0.5","9","2","5","5","0.5","20","9","1.5","5","honest-1","honest","incumbent","ADMITTED","ADMITTED","9","9","0","4","4.882922989522995","1.5","0.7462875490779619","0.8370070466491786","0.6465358545084627","0.6465358545084627","0.1157982362815884","0.29254799703263074","50","50","50","5","5","False","False","NOT_APPLICABLE","","0","0.0","0","2.3054282665252686","50","50","50.0","","","moderate_shadow"
"cifar10","20","2","mixed_maturity","access_full","dirichlet_lcb","diverse_then_repeat_backdoor","0.5","9","2","5","5","0.5","20","9","1.5","5","honest-10","honest","incumbent","ADMITTED","ADMITTED","9","9","0","4","4.882922989522995","1.5","0.7462875490779619","0.8370070466491786","0.6465358545084627","0.6465358545084627","0.1157982362815884","0.29254799703263074","50","50","50","5","5","False","False","NOT_APPLICABLE","","0","0.0","0","2.488738775253296","50","50","50.0","","","moderate_shadow"
"cifar10","20","2","mixed_maturity","access_full","dirichlet_lcb","diverse_then_repeat_backdoor","0.5","9","2","5","5","0.5","20","9","1.5","5","honest-11","honest","incumbent","ADMITTED","ADMITTED","9","9","0","4","4.882922989522995","1.5","0.7462875490779619","0.8370070466491786","0.6465358545084627","0.6465358545084627","0.1157982362815884","0.29254799703263074","50","50","50","5","5","False","False","NOT_APPLICABLE","","0","0.0","0","32.66763186454773","50","50","50.0","","","moderate_shadow"
"cifar10","20","2","mixed_maturity","access_full","dirichlet_lcb","diverse_then_repeat_backdoor","0.5","9","2","5","5","0.5","20","9","1.5","5","honest-12","honest","incumbent","ADMITTED","ADMITTED","9","9","0","4","4.882922989522995","1.5","0.7462875490779619","0.8370070466491786","0.6465358545084627","0.6465358545084627","0.1157982362815884","0.29254799703263074","50","50","50","5","5","False","False","NOT_APPLICABLE","","0","0.0","0","2.8891196250915527","50","50","50.0","","","moderate_shadow"
"cifar10","20","2","mixed_maturity","access_full","dirichlet_lcb","diverse_then_repeat_backdoor","0.5","9","2","5","5","0.5","20","9","1.5","5","honest-13","honest","incumbent","ADMITTED","ADMITTED","9","9","0","4","4.882922989522995","1.5","0.7462875490779619","0.8370070466491786","0.6465358545084627","0.6465358545084627","0.1157982362815884","0.29254799703263074","50","50","50","5","5","False","False","NOT_APPLICABLE","","0","0.0","0","3.500838279724121","50","50","50.0","","","moderate_shadow"
"cifar10","20","2","mixed_maturity","access_full","dirichlet_lcb","diverse_then_repeat_backdoor","0.5","9","2","5","5","0.5","20","9","1.5","5","honest-14","honest","incumbent","ADMITTED","ADMITTED","9","9","0","4","4.882922989522995","1.5","0.7462875490779619","0.8370070466491786","0.6465358545084627","0.6465358545084627","0.1157982362815884","0.29254799703263074","50","50","50","5","5","False","False","NOT_APPLICABLE","","0","0.0","0","2.622943878173828","50","50","50.0","","","moderate_shadow"
"cifar10","20","2","mixed_maturity","access_full","dirichlet_lcb","diverse_then_repeat_backdoor","0.5","9","2","5","5","0.5","20","9","1.5","5","honest-15","honest","incumbent","ADMITTED","ADMITTED","9","9","0","3","4.76698923888176","1.5","0.7437820368902304","0.8332768051183246","0.6393772482578011","0.6393772482578011","0.11788253356256753","0.28561047849957855","50","50","50","5","5","False","False","NOT_APPLICABLE","","0","0.0","0","31.645874500274658","50","50","50.0","","","moderate_shadow"
"cifar10","20","2","mixed_maturity","access_full","dirichlet_lcb","diverse_then_repeat_backdoor","0.5","9","2","5","5","0.5","20","9","1.5","5","honest-16","honest","incumbent","ADMITTED","ADMITTED","9","9","0","4","4.882922989522995","1.5","0.7461812576493809","0.836849222574815","0.646232164712517","0.646232164712517","0.11588691632345365","0.292250836163607","50","50","50","5","5","False","False","NOT_APPLICABLE","","0","0.0","0","1.8167352676391602","50","50","50.0","","","moderate_shadow"
"cifar10","20","2","mixed_maturity","access_full","dirichlet_lcb","diverse_then_repeat_backdoor","0.5","9","2","5","5","0.5","20","9","1.5","5","honest-17","honest","incumbent","ADMITTED","ADMITTED","9","9","0","4","4.882922989522995","1.5","0.7462875490779619","0.8370070466491786","0.6465358545084627","0.6465358545084627","0.1157982362815884","0.29254799703263074","50","50","50","5","5","False","False","NOT_APPLICABLE","","0","0.0","0","2.4869401454925537","50","50","50.0","","","moderate_shadow"
"cifar10","20","2","mixed_maturity","access_full","dirichlet_lcb","diverse_then_repeat_backdoor","0.5","9","2","5","5","0.5","20","9","1.5","5","honest-18","honest","incumbent","ADMITTED","ADMITTED","9","9","0","4","4.882922989522995","1.5","0.7462875490779619","0.8370070466491786","0.6465358545084627","0.6465358545084627","0.1157982362815884","0.29254799703263074","50","50","50","5","5","False","False","NOT_APPLICABLE","","0","0.0","0","3.4147889614105225","50","50","50.0","","","moderate_shadow"
"cifar10","20","2","mixed_maturity","access_full","dirichlet_lcb","diverse_then_repeat_backdoor","0.5","9","2","5","5","0.5","20","9","1.5","5","honest-2","honest","incumbent","ADMITTED","ADMITTED","9","9","0","4","4.882922989522995","1.5","0.7462875490779619","0.8370070466491786","0.6465358545084627","0.6465358545084627","0.1157982362815884","0.29254799703263074","50","50","50","5","5","False","False","NOT_APPLICABLE","","0","0.0","0","2.048935651779175","50","50","50.0","","","moderate_shadow"
"cifar10","20","2","mixed_maturity","access_full","dirichlet_lcb","diverse_then_repeat_backdoor","0.5","9","2","5","5","0.5","20","9","1.5","5","honest-3","honest","incumbent","ADMITTED","ADMITTED","9","9","0","4","4.882922989522995","1.5","0.7462875490779619","0.8370070466491786","0.6465358545084627","0.6465358545084627","0.1157982362815884","0.29254799703263074","50","50","50","5","5","False","False","NOT_APPLICABLE","","0","0.0","0","3.323788642883301","50","50","50.0","","","moderate_shadow"
"cifar10","20","2","mixed_maturity","access_full","dirichlet_lcb","diverse_then_repeat_backdoor","0.5","9","2","5","5","0.5","20","9","1.5","5","honest-4","honest","incumbent","ADMITTED","ADMITTED","9","9","0","3","4.5294892388817605","1.5","0.7401065581334588","0.8277664507491892","0.6288758803813109","0.6288758803813109","0.12091685363435191","0.27568090107538146","50","50","50","5","5","False","False","NOT_APPLICABLE","","0","0.0","0","61.24950051307678","50","50","50.0","","","moderate_shadow"
"cifar10","20","2","mixed_maturity","access_full","dirichlet_lcb","diverse_then_repeat_backdoor","0.5","9","2","5","5","0.5","20","9","1.5","5","honest-5","honest","incumbent","ADMITTED","ADMITTED","9","9","0","4","4.882922989522995","1.5","0.7461779674058164","0.8368443365451895","0.6462227640166185","0.6462227640166185","0.11588966104503562","0.2922416416413887","50","50","50","5","5","False","False","NOT_APPLICABLE","","0","0.0","0","31.465480089187622","50","50","50.0","","","moderate_shadow"
"cifar10","20","2","mixed_maturity","access_full","dirichlet_lcb","diverse_then_repeat_backdoor","0.5","9","2","5","5","0.5","20","9","1.5","5","honest-6","honest","incumbent","ADMITTED","ADMITTED","9","9","0","3","5.004489238881761","1.5","0.7503560216234088","0.8430201361031787","0.6581600617811678","0.6581600617811678","0.11238691964272261","0.3041175807403508","50","50","50","5","5","False","False","NOT_APPLICABLE","","0","0.0","0","31.36669898033142","50","50","50.0","","","moderate_shadow"
"cifar10","20","2","mixed_maturity","access_full","dirichlet_lcb","diverse_then_repeat_backdoor","0.5","9","2","5","5","0.5","20","9","1.5","5","honest-7","honest","incumbent","ADMITTED","ADMITTED","9","9","0","4","4.882922989522995","1.5","0.7462875490779619","0.8370070466491786","0.6465358545084627","0.6465358545084627","0.1157982362815884","0.29254799703263074","50","50","50","5","5","False","False","NOT_APPLICABLE","","0","0.0","0","2.4111125469207764","50","50","50.0","","","moderate_shadow"
"cifar10","20","2","mixed_maturity","access_full","dirichlet_lcb","diverse_then_repeat_backdoor","0.5","9","2","5","5","0.5","20","9","1.5","5","honest-8","honest","incumbent","ADMITTED","ADMITTED","9","9","0","4","4.882922989522995","1.5","0.7461973641042667","0.8368731402309775","0.6462781831550479","0.6462781831550479","0.1158734800024376","0.29229584886760673","50","50","50","5","5","False","False","NOT_APPLICABLE","","0","0.0","0","2.0165445804595947","50","50","50.0","","","moderate_shadow"
"cifar10","20","2","mixed_maturity","access_full","dirichlet_lcb","diverse_then_repeat_backdoor","0.5","9","2","5","5","0.5","20","9","1.5","5","honest-9","honest","incumbent","ADMITTED","ADMITTED","9","9","0","4","4.882922989522995","1.5","0.7462875490779619","0.8370070466491786","0.6465358545084627","0.6465358545084627","0.1157982362815884","0.29254799703263074","50","50","50","5","5","False","False","NOT_APPLICABLE","","0","0.0","0","31.554591417312622","50","50","50.0","","","moderate_shadow"
"cifar10","20","2","mixed_maturity","access_full","dirichlet_lcb","benign_concept_drift","0.5","5","2","5","5","0.5","20","9","1.5","5","attacker-1","benign_concept_drift","newcomer","LIMITED","ADMITTED","9","9","0","4","4.882922989522995","1.5","0.7462875490779619","0.8370070466491786","0.6465358545084627","0.6465358545084627","0.1157982362815884","0.29254799703263074","50","50","50","5","5","False","False","NOT_APPLICABLE","","0","0.0","0","2.1454861164093018","50","50","48.0","","","moderate_shadow"
"cifar10","20","2","mixed_maturity","access_full","dirichlet_lcb","benign_concept_drift","0.5","5","2","5","5","0.5","20","9","1.5","5","attacker-2","benign_concept_drift","newcomer","LIMITED","ADMITTED","9","9","0","4","4.882922989522995","1.5","0.7462875490779619","0.8370070466491786","0.6465358545084627","0.6465358545084627","0.1157982362815884","0.29254799703263074","50","50","50","5","5","False","False","NOT_APPLICABLE","","0","0.0","0","2.9452102184295654","50","50","48.0","","","moderate_shadow"
"cifar10","20","2","mixed_maturity","access_full","dirichlet_lcb","benign_concept_drift","0.5","5","2","5","5","0.5","20","9","1.5","5","honest-1","honest","incumbent","ADMITTED","ADMITTED","9","9","0","3","4.76698923888176","1.5","0.7437820368902304","0.8332768051183246","0.6393772482578011","0.6393772482578011","0.11788253356256753","0.28561047849957855","50","50","50","5","5","False","False","NOT_APPLICABLE","","0","0.0","0","31.7124285697937","50","50","50.0","","","moderate_shadow"
"cifar10","20","2","mixed_maturity","access_full","dirichlet_lcb","benign_concept_drift","0.5","5","2","5","5","0.5","20","9","1.5","5","honest-10","honest","incumbent","ADMITTED","ADMITTED","9","9","0","4","4.882922989522995","1.5","0.7462875490779619","0.8370070466491786","0.6465358545084627","0.6465358545084627","0.1157982362815884","0.29254799703263074","50","50","50","5","5","False","False","NOT_APPLICABLE","","0","0.0","0","3.487555503845215","50","50","50.0","","","moderate_shadow"
"cifar10","20","2","mixed_maturity","access_full","dirichlet_lcb","benign_concept_drift","0.5","5","2","5","5","0.5","20","9","1.5","5","honest-11","honest","incumbent","ADMITTED","ADMITTED","9","9","0","3","4.5294892388817605","1.5","0.7401065581334588","0.8277664507491892","0.6288758803813109","0.6288758803813109","0.12091685363435191","0.27568090107538146","50","50","50","5","5","False","False","NOT_APPLICABLE","","0","0.0","0","31.88943910598755","50","50","50.0","","","moderate_shadow"
"cifar10","20","2","mixed_maturity","access_full","dirichlet_lcb","benign_concept_drift","0.5","5","2","5","5","0.5","20","9","1.5","5","honest-12","honest","incumbent","ADMITTED","ADMITTED","9","9","0","4","4.882922989522995","1.5","0.7462875490779619","0.8370070466491786","0.6465358545084627","0.6465358545084627","0.1157982362815884","0.29254799703263074","50","50","50","5","5","False","False","NOT_APPLICABLE","","0","0.0","0","32.14412021636963","50","50","50.0","","","moderate_shadow"
"cifar10","20","2","mixed_maturity","access_full","dirichlet_lcb","benign_concept_drift","0.5","5","2","5","5","0.5","20","9","1.5","5","honest-13","honest","incumbent","ADMITTED","ADMITTED","9","9","0","4","4.882922989522995","1.5","0.7462875490779619","0.8370070466491786","0.6465358545084627","0.6465358545084627","0.1157982362815884","0.29254799703263074","50","50","50","5","5","False","False","NOT_APPLICABLE","","0","0.0","0","2.6519529819488525","50","50","50.0","","","moderate_shadow"
"cifar10","20","2","mixed_maturity","access_full","dirichlet_lcb","benign_concept_drift","0.5","5","2","5","5","0.5","20","9","1.5","5","honest-14","honest","incumbent","ADMITTED","ADMITTED","9","9","0","4","4.882922989522995","1.5","0.7462875490779619","0.8370070466491786","0.6465358545084627","0.6465358545084627","0.1157982362815884","0.29254799703263074","50","50","50","5","5","False","False","NOT_APPLICABLE","","0","0.0","0","3.087785482406616","50","50","50.0","","","moderate_shadow"
"cifar10","20","2","mixed_maturity","access_full","dirichlet_lcb","benign_concept_drift","0.5","5","2","5","5","0.5","20","9","1.5","5","honest-15","honest","incumbent","ADMITTED","ADMITTED","9","9","0","4","4.882922989522995","1.5","0.7462875490779619","0.8370070466491786","0.6465358545084627","0.6465358545084627","0.1157982362815884","0.29254799703263074","50","50","50","5","5","False","False","NOT_APPLICABLE","","0","0.0","0","2.3980369567871094","50","50","50.0","","","moderate_shadow"
"cifar10","20","2","mixed_maturity","access_full","dirichlet_lcb","benign_concept_drift","0.5","5","2","5","5","0.5","20","9","1.5","5","honest-16","honest","incumbent","ADMITTED","ADMITTED","9","9","0","4","4.882922989522995","1.5","0.7462875490779619","0.8370070466491786","0.6465358545084627","0.6465358545084627","0.1157982362815884","0.29254799703263074","50","50","50","5","5","False","False","NOT_APPLICABLE","","0","0.0","0","3.226135492324829","50","50","50.0","","","moderate_shadow"
"cifar10","20","2","mixed_maturity","access_full","dirichlet_lcb","benign_concept_drift","0.5","5","2","5","5","0.5","20","9","1.5","5","honest-17","honest","incumbent","ADMITTED","ADMITTED","9","9","0","3","4.5294892388817605","1.5","0.7401065581334588","0.8277664507491892","0.6288758803813109","0.6288758803813109","0.12091685363435191","0.27568090107538146","50","50","50","5","5","False","False","NOT_APPLICABLE","","0","0.0","0","31.814783811569214","50","50","50.0","","","moderate_shadow"
"cifar10","20","2","mixed_maturity","access_full","dirichlet_lcb","benign_concept_drift","0.5","5","2","5","5","0.5","20","9","1.5","5","honest-18","honest","incumbent","ADMITTED","ADMITTED","9","9","0","4","4.882922989522995","1.5","0.7462875490779619","0.8370070466491786","0.6465358545084627","0.6465358545084627","0.1157982362815884","0.29254799703263074","50","50","50","5","5","False","False","NOT_APPLICABLE","","0","0.0","0","2.422146797180176","50","50","50.0","","","moderate_shadow"
"cifar10","20","2","mixed_maturity","access_full","dirichlet_lcb","benign_concept_drift","0.5","5","2","5","5","0.5","20","9","1.5","5","honest-2","honest","incumbent","ADMITTED","ADMITTED","9","9","0","4","4.882922989522995","1.5","0.7462875490779619","0.8370070466491786","0.6465358545084627","0.6465358545084627","0.1157982362815884","0.29254799703263074","50","50","50","5","5","False","False","NOT_APPLICABLE","","0","0.0","0","2.886683702468872","50","50","50.0","","","moderate_shadow"
"cifar10","20","2","mixed_maturity","access_full","dirichlet_lcb","benign_concept_drift","0.5","5","2","5","5","0.5","20","9","1.5","5","honest-3","honest","incumbent","ADMITTED","ADMITTED","9","9","0","4","4.882922989522995","1.5","0.7462875490779619","0.8370070466491786","0.6465358545084627","0.6465358545084627","0.1157982362815884","0.29254799703263074","50","50","50","5","5","False","False","NOT_APPLICABLE","","0","0.0","0","2.8481807708740234","50","50","50.0","","","moderate_shadow"
"cifar10","20","2","mixed_maturity","access_full","dirichlet_lcb","benign_concept_drift","0.5","5","2","5","5","0.5","20","9","1.5","5","honest-4","honest","incumbent","ADMITTED","ADMITTED","9","9","0","4","4.882922989522995","1.5","0.7462875490779619","0.8370070466491786","0.6465358545084627","0.6465358545084627","0.1157982362815884","0.29254799703263074","50","50","50","5","5","False","False","NOT_APPLICABLE","","0","0.0","0","3.073120594024658","50","50","50.0","","","moderate_shadow"
"cifar10","20","2","mixed_maturity","access_full","dirichlet_lcb","benign_concept_drift","0.5","5","2","5","5","0.5","20","9","1.5","5","honest-5","honest","incumbent","ADMITTED","ADMITTED","9","9","0","4","4.882922989522995","1.5","0.7462875490779619","0.8370070466491786","0.6465358545084627","0.6465358545084627","0.1157982362815884","0.29254799703263074","50","50","50","5","5","False","False","NOT_APPLICABLE","","0","0.0","0","31.853967666625977","50","50","50.0","","","moderate_shadow"
"cifar10","20","2","mixed_maturity","access_full","dirichlet_lcb","benign_concept_drift","0.5","5","2","5","5","0.5","20","9","1.5","5","honest-6","honest","incumbent","ADMITTED","ADMITTED","9","9","0","4","4.882922989522995","1.5","0.7462875490779619","0.8370070466491786","0.6465358545084627","0.6465358545084627","0.1157982362815884","0.29254799703263074","50","50","50","5","5","False","False","NOT_APPLICABLE","","0","0.0","0","2.267225980758667","50","50","50.0","","","moderate_shadow"
"cifar10","20","2","mixed_maturity","access_full","dirichlet_lcb","benign_concept_drift","0.5","5","2","5","5","0.5","20","9","1.5","5","honest-7","honest","incumbent","ADMITTED","ADMITTED","9","9","0","4","4.882922989522995","1.5","0.7462875490779619","0.8370070466491786","0.6465358545084627","0.6465358545084627","0.1157982362815884","0.29254799703263074","50","50","50","5","5","False","False","NOT_APPLICABLE","","0","0.0","0","2.170672655105591","50","50","50.0","","","moderate_shadow"
"cifar10","20","2","mixed_maturity","access_full","dirichlet_lcb","benign_concept_drift","0.5","5","2","5","5","0.5","20","9","1.5","5","honest-8","honest","incumbent","ADMITTED","ADMITTED","9","9","0","4","4.882922989522995","1.5","0.7462875490779619","0.8370070466491786","0.6465358545084627","0.6465358545084627","0.1157982362815884","0.29254799703263074","50","50","50","5","5","False","False","NOT_APPLICABLE","","0","0.0","0","2.664060354232788","50","50","50.0","","","moderate_shadow"
"cifar10","20","2","mixed_maturity","access_full","dirichlet_lcb","benign_concept_drift","0.5","5","2","5","5","0.5","20","9","1.5","5","honest-9","honest","incumbent","ADMITTED","ADMITTED","9","9","0","4","4.882922989522995","1.5","0.7462875490779619","0.8370070466491786","0.6465358545084627","0.6465358545084627","0.1157982362815884","0.29254799703263074","50","50","50","5","5","False","False","NOT_APPLICABLE","","0","0.0","0","3.057291269302368","50","50","50.0","","","moderate_shadow"
"cifar10","20","2","mixed_maturity","access_full","dirichlet_lcb","benign_concept_drift","0.5","6","2","5","5","0.5","20","9","1.5","5","attacker-1","benign_concept_drift","newcomer","LIMITED","ADMITTED","9","9","0","4","4.882922989522995","1.5","0.7462875490779619","0.8370070466491786","0.6465358545084627","0.6465358545084627","0.1157982362815884","0.29254799703263074","50","50","50","5","5","False","False","NOT_APPLICABLE","","0","0.0","0","3.3969318866729736","50","50","48.0","","","moderate_shadow"
"cifar10","20","2","mixed_maturity","access_full","dirichlet_lcb","benign_concept_drift","0.5","6","2","5","5","0.5","20","9","1.5","5","attacker-2","benign_concept_drift","newcomer","LIMITED","ADMITTED","9","9","0","4","4.882922989522995","1.5","0.7462875490779619","0.8370070466491786","0.6465358545084627","0.6465358545084627","0.1157982362815884","0.29254799703263074","50","50","50","5","5","False","False","NOT_APPLICABLE","","0","0.0","0","2.719198703765869","50","50","48.0","","","moderate_shadow"
"cifar10","20","2","mixed_maturity","access_full","dirichlet_lcb","benign_concept_drift","0.5","6","2","5","5","0.5","20","9","1.5","5","honest-1","honest","incumbent","ADMITTED","ADMITTED","9","9","0","4","4.882922989522995","1.5","0.7462875490779619","0.8370070466491786","0.6465358545084627","0.6465358545084627","0.1157982362815884","0.29254799703263074","50","50","50","5","5","False","False","NOT_APPLICABLE","","0","0.0","0","2.953526258468628","50","50","50.0","","","moderate_shadow"
"cifar10","20","2","mixed_maturity","access_full","dirichlet_lcb","benign_concept_drift","0.5","6","2","5","5","0.5","20","9","1.5","5","honest-10","honest","incumbent","ADMITTED","ADMITTED","9","9","0","4","4.882922989522995","1.5","0.7462875490779619","0.8370070466491786","0.6465358545084627","0.6465358545084627","0.1157982362815884","0.29254799703263074","50","50","50","5","5","False","False","NOT_APPLICABLE","","0","0.0","0","3.661984920501709","50","50","50.0","","","moderate_shadow"
"cifar10","20","2","mixed_maturity","access_full","dirichlet_lcb","benign_concept_drift","0.5","6","2","5","5","0.5","20","9","1.5","5","honest-11","honest","incumbent","ADMITTED","ADMITTED","9","9","0","4","4.882922989522995","1.5","0.7462875490779619","0.8370070466491786","0.6465358545084627","0.6465358545084627","0.1157982362815884","0.29254799703263074","50","50","50","5","5","False","False","NOT_APPLICABLE","","0","0.0","0","3.128253221511841","50","50","50.0","","","moderate_shadow"
"cifar10","20","2","mixed_maturity","access_full","dirichlet_lcb","benign_concept_drift","0.5","6","2","5","5","0.5","20","9","1.5","5","honest-12","honest","incumbent","ADMITTED","ADMITTED","9","9","0","4","4.882922989522995","1.5","0.7462875490779619","0.8370070466491786","0.6465358545084627","0.6465358545084627","0.1157982362815884","0.29254799703263074","50","50","50","5","5","False","False","NOT_APPLICABLE","","0","0.0","0","2.1726431846618652","50","50","50.0","","","moderate_shadow"
"cifar10","20","2","mixed_maturity","access_full","dirichlet_lcb","benign_concept_drift","0.5","6","2","5","5","0.5","20","9","1.5","5","honest-13","honest","incumbent","ADMITTED","ADMITTED","9","9","0","4","4.882922989522995","1.5","0.7462875490779619","0.8370070466491786","0.6465358545084627","0.6465358545084627","0.1157982362815884","0.29254799703263074","50","50","50","5","5","False","False","NOT_APPLICABLE","","0","0.0","0","3.4469351768493652","50","50","50.0","","","moderate_shadow"
"cifar10","20","2","mixed_maturity","access_full","dirichlet_lcb","benign_concept_drift","0.5","6","2","5","5","0.5","20","9","1.5","5","honest-14","honest","incumbent","ADMITTED","ADMITTED","9","9","0","4","4.882922989522995","1.5","0.7462875490779619","0.8370070466491786","0.6465358545084627","0.6465358545084627","0.1157982362815884","0.29254799703263074","50","50","50","5","5","False","False","NOT_APPLICABLE","","0","0.0","0","3.7147738933563232","50","50","50.0","","","moderate_shadow"
"cifar10","20","2","mixed_maturity","access_full","dirichlet_lcb","benign_concept_drift","0.5","6","2","5","5","0.5","20","9","1.5","5","honest-15","honest","incumbent","ADMITTED","ADMITTED","9","9","0","4","4.882922989522995","1.5","0.7462875490779619","0.8370070466491786","0.6465358545084627","0.6465358545084627","0.1157982362815884","0.29254799703263074","50","50","50","5","5","False","False","NOT_APPLICABLE","","0","0.0","0","2.9332728385925293","50","50","50.0","","","moderate_shadow"
"cifar10","20","2","mixed_maturity","access_full","dirichlet_lcb","benign_concept_drift","0.5","6","2","5","5","0.5","20","9","1.5","5","honest-16","honest","incumbent","ADMITTED","ADMITTED","9","9","0","4","4.882922989522995","1.5","0.7462875490779619","0.8370070466491786","0.6465358545084627","0.6465358545084627","0.1157982362815884","0.29254799703263074","50","50","50","5","5","False","False","NOT_APPLICABLE","","0","0.0","0","2.2549798488616943","50","50","50.0","","","moderate_shadow"
"cifar10","20","2","mixed_maturity","access_full","dirichlet_lcb","benign_concept_drift","0.5","6","2","5","5","0.5","20","9","1.5","5","honest-17","honest","incumbent","ADMITTED","ADMITTED","9","9","0","4","4.882922989522995","1.5","0.7462875490779619","0.8370070466491786","0.6465358545084627","0.6465358545084627","0.1157982362815884","0.29254799703263074","50","50","50","5","5","False","False","NOT_APPLICABLE","","0","0.0","0","2.2979886531829834","50","50","50.0","","","moderate_shadow"
"cifar10","20","2","mixed_maturity","access_full","dirichlet_lcb","benign_concept_drift","0.5","6","2","5","5","0.5","20","9","1.5","5","honest-18","honest","incumbent","ADMITTED","ADMITTED","9","9","0","4","4.882922989522995","1.5","0.7462875490779619","0.8370070466491786","0.6465358545084627","0.6465358545084627","0.1157982362815884","0.29254799703263074","50","50","50","5","5","False","False","NOT_APPLICABLE","","0","0.0","0","2.4064114093780518","50","50","50.0","","","moderate_shadow"
"cifar10","20","2","mixed_maturity","access_full","dirichlet_lcb","benign_concept_drift","0.5","6","2","5","5","0.5","20","9","1.5","5","honest-2","honest","incumbent","ADMITTED","ADMITTED","9","9","0","4","4.882922989522995","1.5","0.7462875490779619","0.8370070466491786","0.6465358545084627","0.6465358545084627","0.1157982362815884","0.29254799703263074","50","50","50","5","5","False","False","NOT_APPLICABLE","","0","0.0","0","2.836900234222412","50","50","50.0","","","moderate_shadow"
"cifar10","20","2","mixed_maturity","access_full","dirichlet_lcb","benign_concept_drift","0.5","6","2","5","5","0.5","20","9","1.5","5","honest-3","honest","incumbent","ADMITTED","ADMITTED","9","9","0","4","4.882922989522995","1.5","0.7462875490779619","0.8370070466491786","0.6465358545084627","0.6465358545084627","0.1157982362815884","0.29254799703263074","50","50","50","5","5","False","False","NOT_APPLICABLE","","0","0.0","0","3.383929967880249","50","50","50.0","","","moderate_shadow"
"cifar10","20","2","mixed_maturity","access_full","dirichlet_lcb","benign_concept_drift","0.5","6","2","5","5","0.5","20","9","1.5","5","honest-4","honest","incumbent","ADMITTED","ADMITTED","9","9","0","4","4.882922989522995","1.5","0.7462875490779619","0.8370070466491786","0.6465358545084627","0.6465358545084627","0.1157982362815884","0.29254799703263074","50","50","50","5","5","False","False","NOT_APPLICABLE","","0","0.0","0","2.6907711029052734","50","50","50.0","","","moderate_shadow"
"cifar10","20","2","mixed_maturity","access_full","dirichlet_lcb","benign_concept_drift","0.5","6","2","5","5","0.5","20","9","1.5","5","honest-5","honest","incumbent","ADMITTED","ADMITTED","9","9","0","4","4.882922989522995","1.5","0.7462875490779619","0.8370070466491786","0.6465358545084627","0.6465358545084627","0.1157982362815884","0.29254799703263074","50","50","50","5","5","False","False","NOT_APPLICABLE","","0","0.0","0","2.5252223014831543","50","50","50.0","","","moderate_shadow"
"cifar10","20","2","mixed_maturity","access_full","dirichlet_lcb","benign_concept_drift","0.5","6","2","5","5","0.5","20","9","1.5","5","honest-6","honest","incumbent","ADMITTED","ADMITTED","9","9","0","4","4.882922989522995","1.5","0.7462875490779619","0.8370070466491786","0.6465358545084627","0.6465358545084627","0.1157982362815884","0.29254799703263074","50","50","50","5","5","False","False","NOT_APPLICABLE","","0","0.0","0","3.4986817836761475","50","50","50.0","","","moderate_shadow"
"cifar10","20","2","mixed_maturity","access_full","dirichlet_lcb","benign_concept_drift","0.5","6","2","5","5","0.5","20","9","1.5","5","honest-7","honest","incumbent","ADMITTED","ADMITTED","9","9","0","4","4.882922989522995","1.5","0.7462875490779619","0.8370070466491786","0.6465358545084627","0.6465358545084627","0.1157982362815884","0.29254799703263074","50","50","50","5","5","False","False","NOT_APPLICABLE","","0","0.0","0","3.1879348754882812","50","50","50.0","","","moderate_shadow"
"cifar10","20","2","mixed_maturity","access_full","dirichlet_lcb","benign_concept_drift","0.5","6","2","5","5","0.5","20","9","1.5","5","honest-8","honest","incumbent","ADMITTED","ADMITTED","9","9","0","4","4.882922989522995","1.5","0.7462875490779619","0.8370070466491786","0.6465358545084627","0.6465358545084627","0.1157982362815884","0.29254799703263074","50","50","50","5","5","False","False","NOT_APPLICABLE","","0","0.0","0","3.452256441116333","50","50","50.0","","","moderate_shadow"
"cifar10","20","2","mixed_maturity","access_full","dirichlet_lcb","benign_concept_drift","0.5","6","2","5","5","0.5","20","9","1.5","5","honest-9","honest","incumbent","ADMITTED","ADMITTED","9","9","0","4","4.882922989522995","1.5","0.7462875490779619","0.8370070466491786","0.6465358545084627","0.6465358545084627","0.1157982362815884","0.29254799703263074","50","50","50","5","5","False","False","NOT_APPLICABLE","","0","0.0","0","2.395613431930542","50","50","50.0","","","moderate_shadow"
"cifar10","20","2","mixed_maturity","access_full","dirichlet_lcb","benign_concept_drift","0.5","7","2","5","5","0.5","20","9","1.5","5","attacker-1","benign_concept_drift","newcomer","LIMITED","ADMITTED","9","9","0","4","4.882922989522995","1.5","0.7462875490779619","0.8370070466491786","0.6465358545084627","0.6465358545084627","0.1157982362815884","0.29254799703263074","50","50","50","5","5","False","False","NOT_APPLICABLE","","0","0.0","0","2.8912160396575928","50","50","48.0","","","moderate_shadow"
"cifar10","20","2","mixed_maturity","access_full","dirichlet_lcb","benign_concept_drift","0.5","7","2","5","5","0.5","20","9","1.5","5","attacker-2","benign_concept_drift","newcomer","LIMITED","ADMITTED","9","9","0","4","4.882922989522995","1.5","0.7462875490779619","0.8370070466491786","0.6465358545084627","0.6465358545084627","0.1157982362815884","0.29254799703263074","50","50","50","5","5","False","False","NOT_APPLICABLE","","0","0.0","0","2.523833751678467","50","50","48.0","","","moderate_shadow"
"cifar10","20","2","mixed_maturity","access_full","dirichlet_lcb","benign_concept_drift","0.5","7","2","5","5","0.5","20","9","1.5","5","honest-1","honest","incumbent","ADMITTED","ADMITTED","9","9","0","4","4.882922989522995","1.5","0.7462875490779619","0.8370070466491786","0.6465358545084627","0.6465358545084627","0.1157982362815884","0.29254799703263074","50","50","50","5","5","False","False","NOT_APPLICABLE","","0","0.0","0","2.914154291152954","50","50","50.0","","","moderate_shadow"
"cifar10","20","2","mixed_maturity","access_full","dirichlet_lcb","benign_concept_drift","0.5","7","2","5","5","0.5","20","9","1.5","5","honest-10","honest","incumbent","ADMITTED","ADMITTED","9","9","0","4","4.882922989522995","1.5","0.7462875490779619","0.8370070466491786","0.6465358545084627","0.6465358545084627","0.1157982362815884","0.29254799703263074","50","50","50","5","5","False","False","NOT_APPLICABLE","","0","0.0","0","2.5497381687164307","50","50","50.0","","","moderate_shadow"
"cifar10","20","2","mixed_maturity","access_full","dirichlet_lcb","benign_concept_drift","0.5","7","2","5","5","0.5","20","9","1.5","5","honest-11","honest","incumbent","ADMITTED","ADMITTED","9","9","0","4","4.882922989522995","1.5","0.7462875490779619","0.8370070466491786","0.6465358545084627","0.6465358545084627","0.1157982362815884","0.29254799703263074","50","50","50","5","5","False","False","NOT_APPLICABLE","","0","0.0","0","3.249791383743286","50","50","50.0","","","moderate_shadow"
"cifar10","20","2","mixed_maturity","access_full","dirichlet_lcb","benign_concept_drift","0.5","7","2","5","5","0.5","20","9","1.5","5","honest-12","honest","incumbent","ADMITTED","ADMITTED","9","9","0","4","4.882922989522995","1.5","0.7462875490779619","0.8370070466491786","0.6465358545084627","0.6465358545084627","0.1157982362815884","0.29254799703263074","50","50","50","5","5","False","False","NOT_APPLICABLE","","0","0.0","0","3.532031536102295","50","50","50.0","","","moderate_shadow"
"cifar10","20","2","mixed_maturity","access_full","dirichlet_lcb","benign_concept_drift","0.5","7","2","5","5","0.5","20","9","1.5","5","honest-13","honest","incumbent","ADMITTED","ADMITTED","9","9","0","3","4.76698923888176","1.5","0.7237820368902304","0.8332768051183246","0.6393772482578011","0.6393772482578011","0.11788253356256753","0.28561047849957855","50","50","50","5","5","False","False","NOT_APPLICABLE","","0","0.0","0","3.6682538986206055","50","50","50.0","","","moderate_shadow"
"cifar10","20","2","mixed_maturity","access_full","dirichlet_lcb","benign_concept_drift","0.5","7","2","5","5","0.5","20","9","1.5","5","honest-14","honest","incumbent","ADMITTED","ADMITTED","9","9","0","4","4.882922989522995","1.5","0.7462875490779619","0.8370070466491786","0.6465358545084627","0.6465358545084627","0.1157982362815884","0.29254799703263074","50","50","50","5","5","False","False","NOT_APPLICABLE","","0","0.0","0","2.566843271255493","50","50","50.0","","","moderate_shadow"
"cifar10","20","2","mixed_maturity","access_full","dirichlet_lcb","benign_concept_drift","0.5","7","2","5","5","0.5","20","9","1.5","5","honest-15","honest","incumbent","ADMITTED","ADMITTED","9","9","0","4","4.882922989522995","1.5","0.7462875490779619","0.8370070466491786","0.6465358545084627","0.6465358545084627","0.1157982362815884","0.29254799703263074","50","50","50","5","5","False","False","NOT_APPLICABLE","","0","0.0","0","2.2880570888519287","50","50","50.0","","","moderate_shadow"
"cifar10","20","2","mixed_maturity","access_full","dirichlet_lcb","benign_concept_drift","0.5","7","2","5","5","0.5","20","9","1.5","5","honest-16","honest","incumbent","ADMITTED","ADMITTED","9","9","0","4","4.882922989522995","1.5","0.7462875490779619","0.8370070466491786","0.6465358545084627","0.6465358545084627","0.1157982362815884","0.29254799703263074","50","50","50","5","5","False","False","NOT_APPLICABLE","","0","0.0","0","2.538433790206909","50","50","50.0","","","moderate_shadow"
"cifar10","20","2","mixed_maturity","access_full","dirichlet_lcb","benign_concept_drift","0.5","7","2","5","5","0.5","20","9","1.5","5","honest-17","honest","incumbent","ADMITTED","ADMITTED","9","9","0","4","4.882922989522995","1.5","0.7462875490779619","0.8370070466491786","0.6465358545084627","0.6465358545084627","0.1157982362815884","0.29254799703263074","50","50","50","5","5","False","False","NOT_APPLICABLE","","0","0.0","0","3.2248024940490723","50","50","50.0","","","moderate_shadow"
"cifar10","20","2","mixed_maturity","access_full","dirichlet_lcb","benign_concept_drift","0.5","7","2","5","5","0.5","20","9","1.5","5","honest-18","honest","incumbent","ADMITTED","ADMITTED","9","9","0","4","4.882922989522995","1.5","0.7462875490779619","0.8370070466491786","0.6465358545084627","0.6465358545084627","0.1157982362815884","0.29254799703263074","50","50","50","5","5","False","False","NOT_APPLICABLE","","0","0.0","0","3.1948063373565674","50","50","50.0","","","moderate_shadow"
"cifar10","20","2","mixed_maturity","access_full","dirichlet_lcb","benign_concept_drift","0.5","7","2","5","5","0.5","20","9","1.5","5","honest-2","honest","incumbent","ADMITTED","ADMITTED","9","9","0","4","4.882922989522995","1.5","0.7462875490779619","0.8370070466491786","0.6465358545084627","0.6465358545084627","0.1157982362815884","0.29254799703263074","50","50","50","5","5","False","False","NOT_APPLICABLE","","0","0.0","0","3.230778932571411","50","50","50.0","","","moderate_shadow"
"cifar10","20","2","mixed_maturity","access_full","dirichlet_lcb","benign_concept_drift","0.5","7","2","5","5","0.5","20","9","1.5","5","honest-3","honest","incumbent","ADMITTED","ADMITTED","9","9","0","4","4.882922989522995","1.5","0.7462875490779619","0.8370070466491786","0.6465358545084627","0.6465358545084627","0.1157982362815884","0.29254799703263074","50","50","50","5","5","False","False","NOT_APPLICABLE","","0","0.0","0","3.545658826828003","50","50","50.0","","","moderate_shadow"
"cifar10","20","2","mixed_maturity","access_full","dirichlet_lcb","benign_concept_drift","0.5","7","2","5","5","0.5","20","9","1.5","5","honest-4","honest","incumbent","ADMITTED","ADMITTED","9","9","0","4","4.882922989522995","1.5","0.7462875490779619","0.8370070466491786","0.6465358545084627","0.6465358545084627","0.1157982362815884","0.29254799703263074","50","50","50","5","5","False","False","NOT_APPLICABLE","","0","0.0","0","2.4362480640411377","50","50","50.0","","","moderate_shadow"
"cifar10","20","2","mixed_maturity","access_full","dirichlet_lcb","benign_concept_drift","0.5","7","2","5","5","0.5","20","9","1.5","5","honest-5","honest","incumbent","ADMITTED","ADMITTED","9","9","0","4","4.882922989522995","1.5","0.7462875490779619","0.8370070466491786","0.6465358545084627","0.6465358545084627","0.1157982362815884","0.29254799703263074","50","50","50","5","5","False","False","NOT_APPLICABLE","","0","0.0","0","32.52309823036194","50","50","50.0","","","moderate_shadow"
"cifar10","20","2","mixed_maturity","access_full","dirichlet_lcb","benign_concept_drift","0.5","7","2","5","5","0.5","20","9","1.5","5","honest-6","honest","incumbent","ADMITTED","ADMITTED","9","9","0","4","4.882922989522995","1.5","0.7462875490779619","0.8370070466491786","0.6465358545084627","0.6465358545084627","0.1157982362815884","0.29254799703263074","50","50","50","5","5","False","False","NOT_APPLICABLE","","0","0.0","0","2.4943671226501465","50","50","50.0","","","moderate_shadow"
"cifar10","20","2","mixed_maturity","access_full","dirichlet_lcb","benign_concept_drift","0.5","7","2","5","5","0.5","20","9","1.5","5","honest-7","honest","incumbent","ADMITTED","ADMITTED","9","9","0","4","4.882922989522995","1.5","0.7462875490779619","0.8370070466491786","0.6465358545084627","0.6465358545084627","0.1157982362815884","0.29254799703263074","50","50","50","5","5","False","False","NOT_APPLICABLE","","0","0.0","0","2.692697286605835","50","50","50.0","","","moderate_shadow"
"cifar10","20","2","mixed_maturity","access_full","dirichlet_lcb","benign_concept_drift","0.5","7","2","5","5","0.5","20","9","1.5","5","honest-8","honest","incumbent","ADMITTED","ADMITTED","9","9","0","4","4.882922989522995","1.5","0.7462875490779619","0.8370070466491786","0.6465358545084627","0.6465358545084627","0.1157982362815884","0.29254799703263074","50","50","50","5","5","False","False","NOT_APPLICABLE","","0","0.0","0","2.84570574760437","50","50","50.0","","","moderate_shadow"
"cifar10","20","2","mixed_maturity","access_full","dirichlet_lcb","benign_concept_drift","0.5","7","2","5","5","0.5","20","9","1.5","5","honest-9","honest","incumbent","ADMITTED","ADMITTED","9","9","0","4","4.882922989522995","1.5","0.7462875490779619","0.8370070466491786","0.6465358545084627","0.6465358545084627","0.1157982362815884","0.29254799703263074","50","50","50","5","5","False","False","NOT_APPLICABLE","","0","0.0","0","32.57501745223999","50","50","50.0","","","moderate_shadow"
"cifar10","20","2","mixed_maturity","access_full","dirichlet_lcb","benign_concept_drift","0.5","8","2","5","5","0.5","20","9","1.5","5","attacker-1","benign_concept_drift","newcomer","LIMITED","ADMITTED","9","9","0","4","4.882922989522995","1.5","0.7462875490779619","0.8370070466491786","0.6465358545084627","0.6465358545084627","0.1157982362815884","0.29254799703263074","50","50","50","5","5","False","False","NOT_APPLICABLE","","0","0.0","0","1.9807567596435547","50","50","48.0","","","moderate_shadow"
"cifar10","20","2","mixed_maturity","access_full","dirichlet_lcb","benign_concept_drift","0.5","8","2","5","5","0.5","20","9","1.5","5","attacker-2","benign_concept_drift","newcomer","LIMITED","ADMITTED","9","9","0","4","4.882922989522995","1.5","0.7462875490779619","0.8370070466491786","0.6465358545084627","0.6465358545084627","0.1157982362815884","0.29254799703263074","50","50","50","5","5","False","False","NOT_APPLICABLE","","0","0.0","0","2.462047576904297","50","50","48.0","","","moderate_shadow"
"cifar10","20","2","mixed_maturity","access_full","dirichlet_lcb","benign_concept_drift","0.5","8","2","5","5","0.5","20","9","1.5","5","honest-1","honest","incumbent","ADMITTED","ADMITTED","9","9","0","4","4.882922989522995","1.5","0.7461779674058164","0.8368443365451895","0.6462227640166185","0.6462227640166185","0.11588966104503562","0.2922416416413887","50","50","50","5","5","False","False","NOT_APPLICABLE","","0","0.0","0","2.456775188446045","50","50","50.0","","","moderate_shadow"
"cifar10","20","2","mixed_maturity","access_full","dirichlet_lcb","benign_concept_drift","0.5","8","2","5","5","0.5","20","9","1.5","5","honest-10","honest","incumbent","ADMITTED","ADMITTED","9","9","0","4","4.882922989522995","1.5","0.7462875490779619","0.8370070466491786","0.6465358545084627","0.6465358545084627","0.1157982362815884","0.29254799703263074","50","50","50","5","5","False","False","NOT_APPLICABLE","","0","0.0","0","3.395402193069458","50","50","50.0","","","moderate_shadow"
"cifar10","20","2","mixed_maturity","access_full","dirichlet_lcb","benign_concept_drift","0.5","8","2","5","5","0.5","20","9","1.5","5","honest-11","honest","incumbent","ADMITTED","ADMITTED","9","9","0","4","4.882922989522995","1.5","0.7462875490779619","0.8370070466491786","0.6465358545084627","0.6465358545084627","0.1157982362815884","0.29254799703263074","50","50","50","5","5","False","False","NOT_APPLICABLE","","0","0.0","0","3.3856985569000244","50","50","50.0","","","moderate_shadow"
"cifar10","20","2","mixed_maturity","access_full","dirichlet_lcb","benign_concept_drift","0.5","8","2","5","5","0.5","20","9","1.5","5","honest-12","honest","incumbent","ADMITTED","ADMITTED","9","9","0","4","4.882922989522995","1.5","0.7462875490779619","0.8370070466491786","0.6465358545084627","0.6465358545084627","0.1157982362815884","0.29254799703263074","50","50","50","5","5","False","False","NOT_APPLICABLE","","0","0.0","0","2.7170329093933105","50","50","50.0","","","moderate_shadow"
"cifar10","20","2","mixed_maturity","access_full","dirichlet_lcb","benign_concept_drift","0.5","8","2","5","5","0.5","20","9","1.5","5","honest-13","honest","incumbent","ADMITTED","ADMITTED","9","9","0","4","4.882922989522995","1.5","0.7462875490779619","0.8370070466491786","0.6465358545084627","0.6465358545084627","0.1157982362815884","0.29254799703263074","50","50","50","5","5","False","False","NOT_APPLICABLE","","0","0.0","0","2.3644018173217773","50","50","50.0","","","moderate_shadow"
"cifar10","20","2","mixed_maturity","access_full","dirichlet_lcb","benign_concept_drift","0.5","8","2","5","5","0.5","20","9","1.5","5","honest-14","honest","incumbent","ADMITTED","ADMITTED","9","9","0","4","4.882922989522995","1.5","0.7461812576493809","0.836849222574815","0.646232164712517","0.646232164712517","0.11588691632345365","0.292250836163607","50","50","50","5","5","False","False","NOT_APPLICABLE","","0","0.0","0","1.8931350708007812","50","50","50.0","","","moderate_shadow"
"cifar10","20","2","mixed_maturity","access_full","dirichlet_lcb","benign_concept_drift","0.5","8","2","5","5","0.5","20","9","1.5","5","honest-15","honest","incumbent","ADMITTED","ADMITTED","9","9","0","4","4.882922989522995","1.5","0.7462875490779619","0.8370070466491786","0.6465358545084627","0.6465358545084627","0.1157982362815884","0.29254799703263074","50","50","50","5","5","False","False","NOT_APPLICABLE","","0","0.0","0","3.3451380729675293","50","50","50.0","","","moderate_shadow"
"cifar10","20","2","mixed_maturity","access_full","dirichlet_lcb","benign_concept_drift","0.5","8","2","5","5","0.5","20","9","1.5","5","honest-16","honest","incumbent","ADMITTED","ADMITTED","9","9","0","4","4.882922989522995","1.5","0.7462875490779619","0.8370070466491786","0.6465358545084627","0.6465358545084627","0.1157982362815884","0.29254799703263074","50","50","50","5","5","False","False","NOT_APPLICABLE","","0","0.0","0","31.99929690361023","50","50","50.0","","","moderate_shadow"
"cifar10","20","2","mixed_maturity","access_full","dirichlet_lcb","benign_concept_drift","0.5","8","2","5","5","0.5","20","9","1.5","5","honest-17","honest","incumbent","ADMITTED","ADMITTED","9","9","0","4","4.882922989522995","1.5","0.7462875490779619","0.8370070466491786","0.6465358545084627","0.6465358545084627","0.1157982362815884","0.29254799703263074","50","50","50","5","5","False","False","NOT_APPLICABLE","","0","0.0","0","2.7331316471099854","50","50","50.0","","","moderate_shadow"
"cifar10","20","2","mixed_maturity","access_full","dirichlet_lcb","benign_concept_drift","0.5","8","2","5","5","0.5","20","9","1.5","5","honest-18","honest","incumbent","ADMITTED","ADMITTED","9","9","0","4","4.882922989522995","1.5","0.7462875490779619","0.8370070466491786","0.6465358545084627","0.6465358545084627","0.1157982362815884","0.29254799703263074","50","50","50","5","5","False","False","NOT_APPLICABLE","","0","0.0","0","3.7232394218444824","50","50","50.0","","","moderate_shadow"
"cifar10","20","2","mixed_maturity","access_full","dirichlet_lcb","benign_concept_drift","0.5","8","2","5","5","0.5","20","9","1.5","5","honest-2","honest","incumbent","ADMITTED","ADMITTED","9","9","0","4","4.882922989522995","1.5","0.7462875490779619","0.8370070466491786","0.6465358545084627","0.6465358545084627","0.1157982362815884","0.29254799703263074","50","50","50","5","5","False","False","NOT_APPLICABLE","","0","0.0","0","2.5896317958831787","50","50","50.0","","","moderate_shadow"
"cifar10","20","2","mixed_maturity","access_full","dirichlet_lcb","benign_concept_drift","0.5","8","2","5","5","0.5","20","9","1.5","5","honest-3","honest","incumbent","ADMITTED","ADMITTED","9","9","0","4","4.882922989522995","1.5","0.7462875490779619","0.8370070466491786","0.6465358545084627","0.6465358545084627","0.1157982362815884","0.29254799703263074","50","50","50","5","5","False","False","NOT_APPLICABLE","","0","0.0","0","3.288449764251709","50","50","50.0","","","moderate_shadow"
"cifar10","20","2","mixed_maturity","access_full","dirichlet_lcb","benign_concept_drift","0.5","8","2","5","5","0.5","20","9","1.5","5","honest-4","honest","incumbent","ADMITTED","ADMITTED","9","9","0","4","4.882922989522995","1.5","0.7462875490779619","0.8370070466491786","0.6465358545084627","0.6465358545084627","0.1157982362815884","0.29254799703263074","50","50","50","5","5","False","False","NOT_APPLICABLE","","0","0.0","0","32.28589630126953","50","50","50.0","","","moderate_shadow"
"cifar10","20","2","mixed_maturity","access_full","dirichlet_lcb","benign_concept_drift","0.5","8","2","5","5","0.5","20","9","1.5","5","honest-5","honest","incumbent","ADMITTED","ADMITTED","9","9","0","4","4.882922989522995","1.5","0.7462875490779619","0.8370070466491786","0.6465358545084627","0.6465358545084627","0.1157982362815884","0.29254799703263074","50","50","50","5","5","False","False","NOT_APPLICABLE","","0","0.0","0","2.2244815826416016","50","50","50.0","","","moderate_shadow"
"cifar10","20","2","mixed_maturity","access_full","dirichlet_lcb","benign_concept_drift","0.5","8","2","5","5","0.5","20","9","1.5","5","honest-6","honest","incumbent","ADMITTED","ADMITTED","9","9","0","4","4.882922989522995","1.5","0.7462875490779619","0.8370070466491786","0.6465358545084627","0.6465358545084627","0.1157982362815884","0.29254799703263074","50","50","50","5","5","False","False","NOT_APPLICABLE","","0","0.0","0","2.5155184268951416","50","50","50.0","","","moderate_shadow"
"cifar10","20","2","mixed_maturity","access_full","dirichlet_lcb","benign_concept_drift","0.5","8","2","5","5","0.5","20","9","1.5","5","honest-7","honest","incumbent","ADMITTED","ADMITTED","9","9","0","4","4.882922989522995","1.5","0.7462875490779619","0.8370070466491786","0.6465358545084627","0.6465358545084627","0.1157982362815884","0.29254799703263074","50","50","50","5","5","False","False","NOT_APPLICABLE","","0","0.0","0","2.1573610305786133","50","50","50.0","","","moderate_shadow"
"cifar10","20","2","mixed_maturity","access_full","dirichlet_lcb","benign_concept_drift","0.5","8","2","5","5","0.5","20","9","1.5","5","honest-8","honest","incumbent","ADMITTED","ADMITTED","9","9","0","4","4.882922989522995","1.5","0.7461779674058164","0.8368443365451895","0.6462227640166185","0.6462227640166185","0.11588966104503562","0.2922416416413887","50","50","50","5","5","False","False","NOT_APPLICABLE","","0","0.0","0","2.1151914596557617","50","50","50.0","","","moderate_shadow"
"cifar10","20","2","mixed_maturity","access_full","dirichlet_lcb","benign_concept_drift","0.5","8","2","5","5","0.5","20","9","1.5","5","honest-9","honest","incumbent","ADMITTED","ADMITTED","9","9","0","4","4.882922989522995","1.5","0.7461973641042667","0.8368731402309775","0.6462781831550479","0.6462781831550479","0.1158734800024376","0.29229584886760673","50","50","50","5","5","False","False","NOT_APPLICABLE","","0","0.0","0","2.305173635482788","50","50","50.0","","","moderate_shadow"
"cifar10","20","2","mixed_maturity","access_full","dirichlet_lcb","benign_concept_drift","0.5","9","2","5","5","0.5","20","9","1.5","5","attacker-1","benign_concept_drift","newcomer","LIMITED","ADMITTED","9","9","0","4","4.882922989522995","1.5","0.7462875490779619","0.8370070466491786","0.6465358545084627","0.6465358545084627","0.1157982362815884","0.29254799703263074","50","50","50","5","5","False","False","NOT_APPLICABLE","","0","0.0","0","2.92988920211792","50","50","48.0","","","moderate_shadow"
"cifar10","20","2","mixed_maturity","access_full","dirichlet_lcb","benign_concept_drift","0.5","9","2","5","5","0.5","20","9","1.5","5","attacker-2","benign_concept_drift","newcomer","LIMITED","ADMITTED","9","9","0","4","4.882922989522995","1.5","0.7462875490779619","0.8370070466491786","0.6465358545084627","0.6465358545084627","0.1157982362815884","0.29254799703263074","50","50","50","5","5","False","False","NOT_APPLICABLE","","0","0.0","0","3.904974937438965","50","50","48.0","","","moderate_shadow"
"cifar10","20","2","mixed_maturity","access_full","dirichlet_lcb","benign_concept_drift","0.5","9","2","5","5","0.5","20","9","1.5","5","honest-1","honest","incumbent","ADMITTED","ADMITTED","9","9","0","4","4.882922989522995","1.5","0.7462875490779619","0.8370070466491786","0.6465358545084627","0.6465358545084627","0.1157982362815884","0.29254799703263074","50","50","50","5","5","False","False","NOT_APPLICABLE","","0","0.0","0","3.3460090160369873","50","50","50.0","","","moderate_shadow"
"cifar10","20","2","mixed_maturity","access_full","dirichlet_lcb","benign_concept_drift","0.5","9","2","5","5","0.5","20","9","1.5","5","honest-10","honest","incumbent","ADMITTED","ADMITTED","9","9","0","4","4.882922989522995","1.5","0.7462875490779619","0.8370070466491786","0.6465358545084627","0.6465358545084627","0.1157982362815884","0.29254799703263074","50","50","50","5","5","False","False","NOT_APPLICABLE","","0","0.0","0","2.807050943374634","50","50","50.0","","","moderate_shadow"
"cifar10","20","2","mixed_maturity","access_full","dirichlet_lcb","benign_concept_drift","0.5","9","2","5","5","0.5","20","9","1.5","5","honest-11","honest","incumbent","ADMITTED","ADMITTED","9","9","0","4","4.882922989522995","1.5","0.7462875490779619","0.8370070466491786","0.6465358545084627","0.6465358545084627","0.1157982362815884","0.29254799703263074","50","50","50","5","5","False","False","NOT_APPLICABLE","","0","0.0","0","32.89296579360962","50","50","50.0","","","moderate_shadow"
"cifar10","20","2","mixed_maturity","access_full","dirichlet_lcb","benign_concept_drift","0.5","9","2","5","5","0.5","20","9","1.5","5","honest-12","honest","incumbent","ADMITTED","ADMITTED","9","9","0","4","4.882922989522995","1.5","0.7462875490779619","0.8370070466491786","0.6465358545084627","0.6465358545084627","0.1157982362815884","0.29254799703263074","50","50","50","5","5","False","False","NOT_APPLICABLE","","0","0.0","0","3.094179153442383","50","50","50.0","","","moderate_shadow"
"cifar10","20","2","mixed_maturity","access_full","dirichlet_lcb","benign_concept_drift","0.5","9","2","5","5","0.5","20","9","1.5","5","honest-13","honest","incumbent","ADMITTED","ADMITTED","9","9","0","4","4.882922989522995","1.5","0.7462875490779619","0.8370070466491786","0.6465358545084627","0.6465358545084627","0.1157982362815884","0.29254799703263074","50","50","50","5","5","False","False","NOT_APPLICABLE","","0","0.0","0","3.838446617126465","50","50","50.0","","","moderate_shadow"
"cifar10","20","2","mixed_maturity","access_full","dirichlet_lcb","benign_concept_drift","0.5","9","2","5","5","0.5","20","9","1.5","5","honest-14","honest","incumbent","ADMITTED","ADMITTED","9","9","0","4","4.882922989522995","1.5","0.7462875490779619","0.8370070466491786","0.6465358545084627","0.6465358545084627","0.1157982362815884","0.29254799703263074","50","50","50","5","5","False","False","NOT_APPLICABLE","","0","0.0","0","3.7719521522521973","50","50","50.0","","","moderate_shadow"
"cifar10","20","2","mixed_maturity","access_full","dirichlet_lcb","benign_concept_drift","0.5","9","2","5","5","0.5","20","9","1.5","5","honest-15","honest","incumbent","ADMITTED","ADMITTED","9","9","0","3","4.76698923888176","1.5","0.7437820368902304","0.8332768051183246","0.6393772482578011","0.6393772482578011","0.11788253356256753","0.28561047849957855","50","50","50","5","5","False","False","NOT_APPLICABLE","","0","0.0","0","31.557315587997437","50","50","50.0","","","moderate_shadow"
"cifar10","20","2","mixed_maturity","access_full","dirichlet_lcb","benign_concept_drift","0.5","9","2","5","5","0.5","20","9","1.5","5","honest-16","honest","incumbent","ADMITTED","ADMITTED","9","9","0","4","4.882922989522995","1.5","0.7462875490779619","0.8370070466491786","0.6465358545084627","0.6465358545084627","0.1157982362815884","0.29254799703263074","50","50","50","5","5","False","False","NOT_APPLICABLE","","0","0.0","0","2.9005672931671143","50","50","50.0","","","moderate_shadow"
"cifar10","20","2","mixed_maturity","access_full","dirichlet_lcb","benign_concept_drift","0.5","9","2","5","5","0.5","20","9","1.5","5","honest-17","honest","incumbent","ADMITTED","ADMITTED","9","9","0","4","4.882922989522995","1.5","0.7462875490779619","0.8370070466491786","0.6465358545084627","0.6465358545084627","0.1157982362815884","0.29254799703263074","50","50","50","5","5","False","False","NOT_APPLICABLE","","0","0.0","0","2.336245059967041","50","50","50.0","","","moderate_shadow"
"cifar10","20","2","mixed_maturity","access_full","dirichlet_lcb","benign_concept_drift","0.5","9","2","5","5","0.5","20","9","1.5","5","honest-18","honest","incumbent","ADMITTED","ADMITTED","9","9","0","4","4.882922989522995","1.5","0.7462875490779619","0.8370070466491786","0.6465358545084627","0.6465358545084627","0.1157982362815884","0.29254799703263074","50","50","50","5","5","False","False","NOT_APPLICABLE","","0","0.0","0","2.564993381500244","50","50","50.0","","","moderate_shadow"
"cifar10","20","2","mixed_maturity","access_full","dirichlet_lcb","benign_concept_drift","0.5","9","2","5","5","0.5","20","9","1.5","5","honest-2","honest","incumbent","ADMITTED","ADMITTED","9","9","0","4","4.882922989522995","1.5","0.7462875490779619","0.8370070466491786","0.6465358545084627","0.6465358545084627","0.1157982362815884","0.29254799703263074","50","50","50","5","5","False","False","NOT_APPLICABLE","","0","0.0","0","2.250840663909912","50","50","50.0","","","moderate_shadow"
"cifar10","20","2","mixed_maturity","access_full","dirichlet_lcb","benign_concept_drift","0.5","9","2","5","5","0.5","20","9","1.5","5","honest-3","honest","incumbent","ADMITTED","ADMITTED","9","9","0","4","4.882922989522995","1.5","0.7462875490779619","0.8370070466491786","0.6465358545084627","0.6465358545084627","0.1157982362815884","0.29254799703263074","50","50","50","5","5","False","False","NOT_APPLICABLE","","0","0.0","0","2.9881744384765625","50","50","50.0","","","moderate_shadow"
"cifar10","20","2","mixed_maturity","access_full","dirichlet_lcb","benign_concept_drift","0.5","9","2","5","5","0.5","20","9","1.5","5","honest-4","honest","incumbent","ADMITTED","ADMITTED","9","9","0","3","4.5294892388817605","1.5","0.7401065581334588","0.8277664507491892","0.6288758803813109","0.6288758803813109","0.12091685363435191","0.27568090107538146","50","50","50","5","5","False","False","NOT_APPLICABLE","","0","0.0","0","61.53486657142639","50","50","50.0","","","moderate_shadow"
"cifar10","20","2","mixed_maturity","access_full","dirichlet_lcb","benign_concept_drift","0.5","9","2","5","5","0.5","20","9","1.5","5","honest-5","honest","incumbent","ADMITTED","ADMITTED","9","9","0","4","4.882922989522995","1.5","0.7462875490779619","0.8370070466491786","0.6465358545084627","0.6465358545084627","0.1157982362815884","0.29254799703263074","50","50","50","5","5","False","False","NOT_APPLICABLE","","0","0.0","0","32.60394024848938","50","50","50.0","","","moderate_shadow"
"cifar10","20","2","mixed_maturity","access_full","dirichlet_lcb","benign_concept_drift","0.5","9","2","5","5","0.5","20","9","1.5","5","honest-6","honest","incumbent","ADMITTED","ADMITTED","9","9","0","3","5.004489238881761","1.5","0.7503560216234088","0.8430201361031787","0.6581600617811678","0.6581600617811678","0.11238691964272261","0.3041175807403508","50","50","50","5","5","False","False","NOT_APPLICABLE","","0","0.0","0","31.957828998565674","50","50","50.0","","","moderate_shadow"
"cifar10","20","2","mixed_maturity","access_full","dirichlet_lcb","benign_concept_drift","0.5","9","2","5","5","0.5","20","9","1.5","5","honest-7","honest","incumbent","ADMITTED","ADMITTED","9","9","0","4","4.882922989522995","1.5","0.7462875490779619","0.8370070466491786","0.6465358545084627","0.6465358545084627","0.1157982362815884","0.29254799703263074","50","50","50","5","5","False","False","NOT_APPLICABLE","","0","0.0","0","4.052632093429565","50","50","50.0","","","moderate_shadow"
"cifar10","20","2","mixed_maturity","access_full","dirichlet_lcb","benign_concept_drift","0.5","9","2","5","5","0.5","20","9","1.5","5","honest-8","honest","incumbent","ADMITTED","ADMITTED","9","9","0","4","4.882922989522995","1.5","0.7462875490779619","0.8370070466491786","0.6465358545084627","0.6465358545084627","0.1157982362815884","0.29254799703263074","50","50","50","5","5","False","False","NOT_APPLICABLE","","0","0.0","0","3.33689022064209","50","50","50.0","","","moderate_shadow"
"cifar10","20","2","mixed_maturity","access_full","dirichlet_lcb","benign_concept_drift","0.5","9","2","5","5","0.5","20","9","1.5","5","honest-9","honest","incumbent","ADMITTED","ADMITTED","9","9","0","4","4.882922989522995","1.5","0.7462875490779619","0.8370070466491786","0.6465358545084627","0.6465358545084627","0.1157982362815884","0.29254799703263074","50","50","50","5","5","False","False","NOT_APPLICABLE","","0","0.0","0","32.42725133895874","50","50","50.0","","","moderate_shadow"
"cifar10","20","2","mixed_maturity","rffl_reputation","dirichlet_lcb","diverse_then_repeat_backdoor","0.5","5","2","5","5","0.5","20","9","1.5","5","attacker-1","diverse_then_repeat_backdoor","newcomer","ADMITTED","ADMITTED","9","9","0","4","4.882922989522995","1.5","0.7462875490779619","0.8370070466491786","0.6465358545084627","0.6465358545084627","0.1157982362815884","0.29254799703263074","50","50","50","0","0","False","False","NOT_APPLICABLE","","0","0.0","0","4.031290531158447","50","50","50.0","","","moderate_shadow"
"cifar10","20","2","mixed_maturity","rffl_reputation","dirichlet_lcb","diverse_then_repeat_backdoor","0.5","5","2","5","5","0.5","20","9","1.5","5","attacker-2","diverse_then_repeat_backdoor","newcomer","ADMITTED","ADMITTED","9","9","0","4","4.882922989522995","1.5","0.7462875490779619","0.8370070466491786","0.6465358545084627","0.6465358545084627","0.1157982362815884","0.29254799703263074","50","50","50","0","0","False","False","NOT_APPLICABLE","","0","0.0","0","3.6075868606567383","50","50","50.0","","","moderate_shadow"
"cifar10","20","2","mixed_maturity","rffl_reputation","dirichlet_lcb","diverse_then_repeat_backdoor","0.5","5","2","5","5","0.5","20","9","1.5","5","honest-1","honest","incumbent","ADMITTED","ADMITTED","9","9","0","3","4.76698923888176","1.5","0.7437820368902304","0.8332768051183246","0.6393772482578011","0.6393772482578011","0.11788253356256753","0.28561047849957855","50","50","50","0","0","False","False","NOT_APPLICABLE","","0","0.0","0","31.89028310775757","50","50","50.0","","","moderate_shadow"
"cifar10","20","2","mixed_maturity","rffl_reputation","dirichlet_lcb","diverse_then_repeat_backdoor","0.5","5","2","5","5","0.5","20","9","1.5","5","honest-10","honest","incumbent","ADMITTED","ADMITTED","9","9","0","4","4.882922989522995","1.5","0.7462875490779619","0.8370070466491786","0.6465358545084627","0.6465358545084627","0.1157982362815884","0.29254799703263074","50","50","50","0","0","False","False","NOT_APPLICABLE","","0","0.0","0","3.6390457153320312","50","50","50.0","","","moderate_shadow"
"cifar10","20","2","mixed_maturity","rffl_reputation","dirichlet_lcb","diverse_then_repeat_backdoor","0.5","5","2","5","5","0.5","20","9","1.5","5","honest-11","honest","incumbent","ADMITTED","ADMITTED","9","9","0","3","4.5294892388817605","1.5","0.7401065581334588","0.8277664507491892","0.6288758803813109","0.6288758803813109","0.12091685363435191","0.27568090107538146","50","50","50","0","0","False","False","NOT_APPLICABLE","","0","0.0","0","32.08206510543823","50","50","50.0","","","moderate_shadow"
"cifar10","20","2","mixed_maturity","rffl_reputation","dirichlet_lcb","diverse_then_repeat_backdoor","0.5","5","2","5","5","0.5","20","9","1.5","5","honest-12","honest","incumbent","ADMITTED","ADMITTED","9","9","0","4","4.882922989522995","1.5","0.7462875490779619","0.8370070466491786","0.6465358545084627","0.6465358545084627","0.1157982362815884","0.29254799703263074","50","50","50","0","0","False","False","NOT_APPLICABLE","","0","0.0","0","32.094545125961304","50","50","50.0","","","moderate_shadow"
"cifar10","20","2","mixed_maturity","rffl_reputation","dirichlet_lcb","diverse_then_repeat_backdoor","0.5","5","2","5","5","0.5","20","9","1.5","5","honest-13","honest","incumbent","ADMITTED","ADMITTED","9","9","0","4","4.882922989522995","1.5","0.7462875490779619","0.8370070466491786","0.6465358545084627","0.6465358545084627","0.1157982362815884","0.29254799703263074","50","50","50","0","0","False","False","NOT_APPLICABLE","","0","0.0","0","4.0494544506073","50","50","50.0","","","moderate_shadow"
"cifar10","20","2","mixed_maturity","rffl_reputation","dirichlet_lcb","diverse_then_repeat_backdoor","0.5","5","2","5","5","0.5","20","9","1.5","5","honest-14","honest","incumbent","ADMITTED","ADMITTED","9","9","0","4","4.882922989522995","1.5","0.7462875490779619","0.8370070466491786","0.6465358545084627","0.6465358545084627","0.1157982362815884","0.29254799703263074","50","50","50","0","0","False","False","NOT_APPLICABLE","","0","0.0","0","2.3112523555755615","50","50","50.0","","","moderate_shadow"
"cifar10","20","2","mixed_maturity","rffl_reputation","dirichlet_lcb","diverse_then_repeat_backdoor","0.5","5","2","5","5","0.5","20","9","1.5","5","honest-15","honest","incumbent","ADMITTED","ADMITTED","9","9","0","4","4.882922989522995","1.5","0.7462875490779619","0.8370070466491786","0.6465358545084627","0.6465358545084627","0.1157982362815884","0.29254799703263074","50","50","50","0","0","False","False","NOT_APPLICABLE","","0","0.0","0","3.3134891986846924","50","50","50.0","","","moderate_shadow"
"cifar10","20","2","mixed_maturity","rffl_reputation","dirichlet_lcb","diverse_then_repeat_backdoor","0.5","5","2","5","5","0.5","20","9","1.5","5","honest-16","honest","incumbent","ADMITTED","QUARANTINE","9","9","0","4","4.882922989522995","1.5","0.7462875490779619","0.8370070466491786","0.6465358545084627","0.6465358545084627","0.1157982362815884","0.29254799703263074","48","48","48","0","0","False","False","NOT_APPLICABLE","","0","0.0","0","3.970418691635132","48","48","48.0","48","RFFL_LOW_REPUTATION","moderate_shadow"
"cifar10","20","2","mixed_maturity","rffl_reputation","dirichlet_lcb","diverse_then_repeat_backdoor","0.5","5","2","5","5","0.5","20","9","1.5","5","honest-17","honest","incumbent","ADMITTED","ADMITTED","9","9","0","3","4.5294892388817605","1.5","0.7401065581334588","0.8277664507491892","0.6288758803813109","0.6288758803813109","0.12091685363435191","0.27568090107538146","50","50","50","0","0","False","False","NOT_APPLICABLE","","0","0.0","0","31.77019453048706","50","50","50.0","","","moderate_shadow"
"cifar10","20","2","mixed_maturity","rffl_reputation","dirichlet_lcb","diverse_then_repeat_backdoor","0.5","5","2","5","5","0.5","20","9","1.5","5","honest-18","honest","incumbent","ADMITTED","ADMITTED","9","9","0","4","4.882922989522995","1.5","0.7462875490779619","0.8370070466491786","0.6465358545084627","0.6465358545084627","0.1157982362815884","0.29254799703263074","50","50","50","0","0","False","False","NOT_APPLICABLE","","0","0.0","0","3.0819554328918457","50","50","50.0","","","moderate_shadow"
"cifar10","20","2","mixed_maturity","rffl_reputation","dirichlet_lcb","diverse_then_repeat_backdoor","0.5","5","2","5","5","0.5","20","9","1.5","5","honest-2","honest","incumbent","ADMITTED","ADMITTED","9","9","0","4","4.882922989522995","1.5","0.7462875490779619","0.8370070466491786","0.6465358545084627","0.6465358545084627","0.1157982362815884","0.29254799703263074","50","50","50","0","0","False","False","NOT_APPLICABLE","","0","0.0","0","2.7091968059539795","50","50","50.0","","","moderate_shadow"
"cifar10","20","2","mixed_maturity","rffl_reputation","dirichlet_lcb","diverse_then_repeat_backdoor","0.5","5","2","5","5","0.5","20","9","1.5","5","honest-3","honest","incumbent","ADMITTED","ADMITTED","9","9","0","4","4.882922989522995","1.5","0.7462875490779619","0.8370070466491786","0.6465358545084627","0.6465358545084627","0.1157982362815884","0.29254799703263074","50","50","50","0","0","False","False","NOT_APPLICABLE","","0","0.0","0","3.8158671855926514","50","50","50.0","","","moderate_shadow"
"cifar10","20","2","mixed_maturity","rffl_reputation","dirichlet_lcb","diverse_then_repeat_backdoor","0.5","5","2","5","5","0.5","20","9","1.5","5","honest-4","honest","incumbent","ADMITTED","ADMITTED","9","9","0","4","4.882922989522995","1.5","0.7462875490779619","0.8370070466491786","0.6465358545084627","0.6465358545084627","0.1157982362815884","0.29254799703263074","50","50","50","0","0","False","False","NOT_APPLICABLE","","0","0.0","0","2.6505167484283447","50","50","50.0","","","moderate_shadow"
"cifar10","20","2","mixed_maturity","rffl_reputation","dirichlet_lcb","diverse_then_repeat_backdoor","0.5","5","2","5","5","0.5","20","9","1.5","5","honest-5","honest","incumbent","ADMITTED","ADMITTED","9","9","0","4","4.882922989522995","1.5","0.7462875490779619","0.8370070466491786","0.6465358545084627","0.6465358545084627","0.1157982362815884","0.29254799703263074","50","50","50","0","0","False","False","NOT_APPLICABLE","","0","0.0","0","31.786524534225464","50","50","50.0","","","moderate_shadow"
"cifar10","20","2","mixed_maturity","rffl_reputation","dirichlet_lcb","diverse_then_repeat_backdoor","0.5","5","2","5","5","0.5","20","9","1.5","5","honest-6","honest","incumbent","ADMITTED","ADMITTED","9","9","0","4","4.882922989522995","1.5","0.7462875490779619","0.8370070466491786","0.6465358545084627","0.6465358545084627","0.1157982362815884","0.29254799703263074","50","50","50","0","0","False","False","NOT_APPLICABLE","","0","0.0","0","2.57273530960083","50","50","50.0","","","moderate_shadow"
"cifar10","20","2","mixed_maturity","rffl_reputation","dirichlet_lcb","diverse_then_repeat_backdoor","0.5","5","2","5","5","0.5","20","9","1.5","5","honest-7","honest","incumbent","ADMITTED","ADMITTED","9","9","0","4","4.882922989522995","1.5","0.7462875490779619","0.8370070466491786","0.6465358545084627","0.6465358545084627","0.1157982362815884","0.29254799703263074","50","50","50","0","0","False","False","NOT_APPLICABLE","","0","0.0","0","3.4246058464050293","50","50","50.0","","","moderate_shadow"
"cifar10","20","2","mixed_maturity","rffl_reputation","dirichlet_lcb","diverse_then_repeat_backdoor","0.5","5","2","5","5","0.5","20","9","1.5","5","honest-8","honest","incumbent","ADMITTED","ADMITTED","9","9","0","4","4.882922989522995","1.5","0.7462875490779619","0.8370070466491786","0.6465358545084627","0.6465358545084627","0.1157982362815884","0.29254799703263074","50","50","50","0","0","False","False","NOT_APPLICABLE","","0","0.0","0","2.2856743335723877","50","50","50.0","","","moderate_shadow"
"cifar10","20","2","mixed_maturity","rffl_reputation","dirichlet_lcb","diverse_then_repeat_backdoor","0.5","5","2","5","5","0.5","20","9","1.5","5","honest-9","honest","incumbent","ADMITTED","ADMITTED","9","9","0","4","4.882922989522995","1.5","0.7462875490779619","0.8370070466491786","0.6465358545084627","0.6465358545084627","0.1157982362815884","0.29254799703263074","50","50","50","0","0","False","False","NOT_APPLICABLE","","0","0.0","0","3.778799533843994","50","50","50.0","","","moderate_shadow"
"cifar10","20","2","mixed_maturity","rffl_reputation","dirichlet_lcb","diverse_then_repeat_backdoor","0.5","6","2","5","5","0.5","20","9","1.5","5","attacker-1","diverse_then_repeat_backdoor","newcomer","ADMITTED","ADMITTED","9","9","0","4","4.882922989522995","1.5","0.7462875490779619","0.8370070466491786","0.6465358545084627","0.6465358545084627","0.1157982362815884","0.29254799703263074","50","50","50","0","0","False","False","NOT_APPLICABLE","","0","0.0","0","3.2705798149108887","50","50","50.0","","","moderate_shadow"
"cifar10","20","2","mixed_maturity","rffl_reputation","dirichlet_lcb","diverse_then_repeat_backdoor","0.5","6","2","5","5","0.5","20","9","1.5","5","attacker-2","diverse_then_repeat_backdoor","newcomer","ADMITTED","ADMITTED","9","9","0","4","4.882922989522995","1.5","0.7462875490779619","0.8370070466491786","0.6465358545084627","0.6465358545084627","0.1157982362815884","0.29254799703263074","50","50","50","0","0","False","False","NOT_APPLICABLE","","0","0.0","0","2.699756145477295","50","50","50.0","","","moderate_shadow"
"cifar10","20","2","mixed_maturity","rffl_reputation","dirichlet_lcb","diverse_then_repeat_backdoor","0.5","6","2","5","5","0.5","20","9","1.5","5","honest-1","honest","incumbent","ADMITTED","ADMITTED","9","9","0","4","4.882922989522995","1.5","0.7462875490779619","0.8370070466491786","0.6465358545084627","0.6465358545084627","0.1157982362815884","0.29254799703263074","50","50","50","0","0","False","False","NOT_APPLICABLE","","0","0.0","0","2.7272446155548096","50","50","50.0","","","moderate_shadow"
"cifar10","20","2","mixed_maturity","rffl_reputation","dirichlet_lcb","diverse_then_repeat_backdoor","0.5","6","2","5","5","0.5","20","9","1.5","5","honest-10","honest","incumbent","ADMITTED","ADMITTED","9","9","0","4","4.882922989522995","1.5","0.7462875490779619","0.8370070466491786","0.6465358545084627","0.6465358545084627","0.1157982362815884","0.29254799703263074","50","50","50","0","0","False","False","NOT_APPLICABLE","","0","0.0","0","4.093935489654541","50","50","50.0","","","moderate_shadow"
"cifar10","20","2","mixed_maturity","rffl_reputation","dirichlet_lcb","diverse_then_repeat_backdoor","0.5","6","2","5","5","0.5","20","9","1.5","5","honest-11","honest","incumbent","ADMITTED","ADMITTED","9","9","0","4","4.882922989522995","1.5","0.7462875490779619","0.8370070466491786","0.6465358545084627","0.6465358545084627","0.1157982362815884","0.29254799703263074","50","50","50","0","0","False","False","NOT_APPLICABLE","","0","0.0","0","4.136444568634033","50","50","50.0","","","moderate_shadow"
"cifar10","20","2","mixed_maturity","rffl_reputation","dirichlet_lcb","diverse_then_repeat_backdoor","0.5","6","2","5","5","0.5","20","9","1.5","5","honest-12","honest","incumbent","ADMITTED","ADMITTED","9","9","0","4","4.882922989522995","1.5","0.7462875490779619","0.8370070466491786","0.6465358545084627","0.6465358545084627","0.1157982362815884","0.29254799703263074","50","50","50","0","0","False","False","NOT_APPLICABLE","","0","0.0","0","3.4881532192230225","50","50","50.0","","","moderate_shadow"
"cifar10","20","2","mixed_maturity","rffl_reputation","dirichlet_lcb","diverse_then_repeat_backdoor","0.5","6","2","5","5","0.5","20","9","1.5","5","honest-13","honest","incumbent","ADMITTED","ADMITTED","9","9","0","4","4.882922989522995","1.5","0.7462875490779619","0.8370070466491786","0.6465358545084627","0.6465358545084627","0.1157982362815884","0.29254799703263074","50","50","50","0","0","False","False","NOT_APPLICABLE","","0","0.0","0","2.6164121627807617","50","50","50.0","","","moderate_shadow"
"cifar10","20","2","mixed_maturity","rffl_reputation","dirichlet_lcb","diverse_then_repeat_backdoor","0.5","6","2","5","5","0.5","20","9","1.5","5","honest-14","honest","incumbent","ADMITTED","ADMITTED","9","9","0","4","4.882922989522995","1.5","0.7462875490779619","0.8370070466491786","0.6465358545084627","0.6465358545084627","0.1157982362815884","0.29254799703263074","50","50","50","0","0","False","False","NOT_APPLICABLE","","0","0.0","0","3.930757999420166","50","50","50.0","","","moderate_shadow"
"cifar10","20","2","mixed_maturity","rffl_reputation","dirichlet_lcb","diverse_then_repeat_backdoor","0.5","6","2","5","5","0.5","20","9","1.5","5","honest-15","honest","incumbent","ADMITTED","QUARANTINE","9","9","0","4","4.882922989522995","1.5","0.7462875490779619","0.8370070466491786","0.6465358545084627","0.6465358545084627","0.1157982362815884","0.29254799703263074","29","29","29","0","0","False","False","NOT_APPLICABLE","","0","0.0","0","2.254930019378662","29","29","29.0","29","RFFL_LOW_REPUTATION","moderate_shadow"
"cifar10","20","2","mixed_maturity","rffl_reputation","dirichlet_lcb","diverse_then_repeat_backdoor","0.5","6","2","5","5","0.5","20","9","1.5","5","honest-16","honest","incumbent","ADMITTED","ADMITTED","9","9","0","4","4.882922989522995","1.5","0.7462875490779619","0.8370070466491786","0.6465358545084627","0.6465358545084627","0.1157982362815884","0.29254799703263074","50","50","50","0","0","False","False","NOT_APPLICABLE","","0","0.0","0","3.245584726333618","50","50","50.0","","","moderate_shadow"
"cifar10","20","2","mixed_maturity","rffl_reputation","dirichlet_lcb","diverse_then_repeat_backdoor","0.5","6","2","5","5","0.5","20","9","1.5","5","honest-17","honest","incumbent","ADMITTED","ADMITTED","9","9","0","4","4.882922989522995","1.5","0.7462875490779619","0.8370070466491786","0.6465358545084627","0.6465358545084627","0.1157982362815884","0.29254799703263074","50","50","50","0","0","False","False","NOT_APPLICABLE","","0","0.0","0","2.3480658531188965","50","50","50.0","","","moderate_shadow"
"cifar10","20","2","mixed_maturity","rffl_reputation","dirichlet_lcb","diverse_then_repeat_backdoor","0.5","6","2","5","5","0.5","20","9","1.5","5","honest-18","honest","incumbent","ADMITTED","ADMITTED","9","9","0","4","4.882922989522995","1.5","0.7462875490779619","0.8370070466491786","0.6465358545084627","0.6465358545084627","0.1157982362815884","0.29254799703263074","50","50","50","0","0","False","False","NOT_APPLICABLE","","0","0.0","0","2.6113245487213135","50","50","50.0","","","moderate_shadow"
"cifar10","20","2","mixed_maturity","rffl_reputation","dirichlet_lcb","diverse_then_repeat_backdoor","0.5","6","2","5","5","0.5","20","9","1.5","5","honest-2","honest","incumbent","ADMITTED","ADMITTED","9","9","0","4","4.882922989522995","1.5","0.7462875490779619","0.8370070466491786","0.6465358545084627","0.6465358545084627","0.1157982362815884","0.29254799703263074","50","50","50","0","0","False","False","NOT_APPLICABLE","","0","0.0","0","2.4205267429351807","50","50","50.0","","","moderate_shadow"
"cifar10","20","2","mixed_maturity","rffl_reputation","dirichlet_lcb","diverse_then_repeat_backdoor","0.5","6","2","5","5","0.5","20","9","1.5","5","honest-3","honest","incumbent","ADMITTED","ADMITTED","9","9","0","4","4.882922989522995","1.5","0.7462875490779619","0.8370070466491786","0.6465358545084627","0.6465358545084627","0.1157982362815884","0.29254799703263074","50","50","50","0","0","False","False","NOT_APPLICABLE","","0","0.0","0","3.692354917526245","50","50","50.0","","","moderate_shadow"
"cifar10","20","2","mixed_maturity","rffl_reputation","dirichlet_lcb","diverse_then_repeat_backdoor","0.5","6","2","5","5","0.5","20","9","1.5","5","honest-4","honest","incumbent","ADMITTED","QUARANTINE","9","9","0","4","4.882922989522995","1.5","0.7462875490779619","0.8370070466491786","0.6465358545084627","0.6465358545084627","0.1157982362815884","0.29254799703263074","46","46","46","0","0","False","False","NOT_APPLICABLE","","0","0.0","0","4.098289728164673","46","46","46.0","46","RFFL_LOW_REPUTATION","moderate_shadow"
"cifar10","20","2","mixed_maturity","rffl_reputation","dirichlet_lcb","diverse_then_repeat_backdoor","0.5","6","2","5","5","0.5","20","9","1.5","5","honest-5","honest","incumbent","ADMITTED","QUARANTINE","9","9","0","4","4.882922989522995","1.5","0.7462875490779619","0.8370070466491786","0.6465358545084627","0.6465358545084627","0.1157982362815884","0.29254799703263074","38","38","38","0","0","False","False","NOT_APPLICABLE","","0","0.0","0","4.090944051742554","38","38","38.0","38","RFFL_LOW_REPUTATION","moderate_shadow"
"cifar10","20","2","mixed_maturity","rffl_reputation","dirichlet_lcb","diverse_then_repeat_backdoor","0.5","6","2","5","5","0.5","20","9","1.5","5","honest-6","honest","incumbent","ADMITTED","ADMITTED","9","9","0","4","4.882922989522995","1.5","0.7462875490779619","0.8370070466491786","0.6465358545084627","0.6465358545084627","0.1157982362815884","0.29254799703263074","50","50","50","0","0","False","False","NOT_APPLICABLE","","0","0.0","0","4.264668226242065","50","50","50.0","","","moderate_shadow"
"cifar10","20","2","mixed_maturity","rffl_reputation","dirichlet_lcb","diverse_then_repeat_backdoor","0.5","6","2","5","5","0.5","20","9","1.5","5","honest-7","honest","incumbent","ADMITTED","ADMITTED","9","9","0","4","4.882922989522995","1.5","0.7462875490779619","0.8370070466491786","0.6465358545084627","0.6465358545084627","0.1157982362815884","0.29254799703263074","50","50","50","0","0","False","False","NOT_APPLICABLE","","0","0.0","0","3.4325039386749268","50","50","50.0","","","moderate_shadow"
"cifar10","20","2","mixed_maturity","rffl_reputation","dirichlet_lcb","diverse_then_repeat_backdoor","0.5","6","2","5","5","0.5","20","9","1.5","5","honest-8","honest","incumbent","ADMITTED","ADMITTED","9","9","0","4","4.882922989522995","1.5","0.7462875490779619","0.8370070466491786","0.6465358545084627","0.6465358545084627","0.1157982362815884","0.29254799703263074","50","50","50","0","0","False","False","NOT_APPLICABLE","","0","0.0","0","2.8528401851654053","50","50","50.0","","","moderate_shadow"
"cifar10","20","2","mixed_maturity","rffl_reputation","dirichlet_lcb","diverse_then_repeat_backdoor","0.5","6","2","5","5","0.5","20","9","1.5","5","honest-9","honest","incumbent","ADMITTED","ADMITTED","9","9","0","4","4.882922989522995","1.5","0.7462875490779619","0.8370070466491786","0.6465358545084627","0.6465358545084627","0.1157982362815884","0.29254799703263074","50","50","50","0","0","False","False","NOT_APPLICABLE","","0","0.0","0","4.142414569854736","50","50","50.0","","","moderate_shadow"
"cifar10","20","2","mixed_maturity","rffl_reputation","dirichlet_lcb","diverse_then_repeat_backdoor","0.5","7","2","5","5","0.5","20","9","1.5","5","attacker-1","diverse_then_repeat_backdoor","newcomer","ADMITTED","ADMITTED","9","9","0","4","4.882922989522995","1.5","0.7461812576493809","0.836849222574815","0.646232164712517","0.646232164712517","0.11588691632345365","0.292250836163607","50","50","50","0","0","False","False","NOT_APPLICABLE","","0","0.0","0","1.802809476852417","50","50","50.0","","","moderate_shadow"
"cifar10","20","2","mixed_maturity","rffl_reputation","dirichlet_lcb","diverse_then_repeat_backdoor","0.5","7","2","5","5","0.5","20","9","1.5","5","attacker-2","diverse_then_repeat_backdoor","newcomer","ADMITTED","ADMITTED","9","9","0","4","4.882922989522995","1.5","0.7462875490779619","0.8370070466491786","0.6465358545084627","0.6465358545084627","0.1157982362815884","0.29254799703263074","50","50","50","0","0","False","False","NOT_APPLICABLE","","0","0.0","0","1.9245927333831787","50","50","50.0","","","moderate_shadow"
"cifar10","20","2","mixed_maturity","rffl_reputation","dirichlet_lcb","diverse_then_repeat_backdoor","0.5","7","2","5","5","0.5","20","9","1.5","5","honest-1","honest","incumbent","ADMITTED","ADMITTED","9","9","0","4","4.882922989522995","1.5","0.7462875490779619","0.8370070466491786","0.6465358545084627","0.6465358545084627","0.1157982362815884","0.29254799703263074","50","50","50","0","0","False","False","NOT_APPLICABLE","","0","0.0","0","3.0154011249542236","50","50","50.0","","","moderate_shadow"
"cifar10","20","2","mixed_maturity","rffl_reputation","dirichlet_lcb","diverse_then_repeat_backdoor","0.5","7","2","5","5","0.5","20","9","1.5","5","honest-10","honest","incumbent","ADMITTED","ADMITTED","9","9","0","4","4.882922989522995","1.5","0.7462875490779619","0.8370070466491786","0.6465358545084627","0.6465358545084627","0.1157982362815884","0.29254799703263074","50","50","50","0","0","False","False","NOT_APPLICABLE","","0","0.0","0","3.360936403274536","50","50","50.0","","","moderate_shadow"
"cifar10","20","2","mixed_maturity","rffl_reputation","dirichlet_lcb","diverse_then_repeat_backdoor","0.5","7","2","5","5","0.5","20","9","1.5","5","honest-11","honest","incumbent","ADMITTED","ADMITTED","9","9","0","4","4.882922989522995","1.5","0.7462875490779619","0.8370070466491786","0.6465358545084627","0.6465358545084627","0.1157982362815884","0.29254799703263074","50","50","50","0","0","False","False","NOT_APPLICABLE","","0","0.0","0","2.355163097381592","50","50","50.0","","","moderate_shadow"
"cifar10","20","2","mixed_maturity","rffl_reputation","dirichlet_lcb","diverse_then_repeat_backdoor","0.5","7","2","5","5","0.5","20","9","1.5","5","honest-12","honest","incumbent","ADMITTED","ADMITTED","9","9","0","4","4.882922989522995","1.5","0.7462875490779619","0.8370070466491786","0.6465358545084627","0.6465358545084627","0.1157982362815884","0.29254799703263074","50","50","50","0","0","False","False","NOT_APPLICABLE","","0","0.0","0","3.9570627212524414","50","50","50.0","","","moderate_shadow"
"cifar10","20","2","mixed_maturity","rffl_reputation","dirichlet_lcb","diverse_then_repeat_backdoor","0.5","7","2","5","5","0.5","20","9","1.5","5","honest-13","honest","incumbent","ADMITTED","ADMITTED","9","9","0","3","4.76698923888176","1.5","0.7237820368902304","0.8332768051183246","0.6393772482578011","0.6393772482578011","0.11788253356256753","0.28561047849957855","50","50","50","0","0","False","False","NOT_APPLICABLE","","0","0.0","0","2.64074969291687","50","50","50.0","","","moderate_shadow"
"cifar10","20","2","mixed_maturity","rffl_reputation","dirichlet_lcb","diverse_then_repeat_backdoor","0.5","7","2","5","5","0.5","20","9","1.5","5","honest-14","honest","incumbent","ADMITTED","ADMITTED","9","9","0","4","4.882922989522995","1.5","0.7458546824886865","0.8363640818031697","0.6452990928248183","0.6452990928248183","0.11615923904392206","0.2913394181019701","50","50","50","0","0","False","False","NOT_APPLICABLE","","0","0.0","0","1.9646532535552979","50","50","50.0","","","moderate_shadow"
"cifar10","20","2","mixed_maturity","rffl_reputation","dirichlet_lcb","diverse_then_repeat_backdoor","0.5","7","2","5","5","0.5","20","9","1.5","5","honest-15","honest","incumbent","ADMITTED","ADMITTED","9","9","0","4","4.882922989522995","1.5","0.7462875490779619","0.8370070466491786","0.6465358545084627","0.6465358545084627","0.1157982362815884","0.29254799703263074","50","50","50","0","0","False","False","NOT_APPLICABLE","","0","0.0","0","2.223121404647827","50","50","50.0","","","moderate_shadow"
"cifar10","20","2","mixed_maturity","rffl_reputation","dirichlet_lcb","diverse_then_repeat_backdoor","0.5","7","2","5","5","0.5","20","9","1.5","5","honest-16","honest","incumbent","ADMITTED","ADMITTED","9","9","0","4","4.882922989522995","1.5","0.7462875490779619","0.8370070466491786","0.6465358545084627","0.6465358545084627","0.1157982362815884","0.29254799703263074","50","50","50","0","0","False","False","NOT_APPLICABLE","","0","0.0","0","3.2489051818847656","50","50","50.0","","","moderate_shadow"
"cifar10","20","2","mixed_maturity","rffl_reputation","dirichlet_lcb","diverse_then_repeat_backdoor","0.5","7","2","5","5","0.5","20","9","1.5","5","honest-17","honest","incumbent","ADMITTED","ADMITTED","9","9","0","4","4.882922989522995","1.5","0.7462875490779619","0.8370070466491786","0.6465358545084627","0.6465358545084627","0.1157982362815884","0.29254799703263074","50","50","50","0","0","False","False","NOT_APPLICABLE","","0","0.0","0","4.24165153503418","50","50","50.0","","","moderate_shadow"
"cifar10","20","2","mixed_maturity","rffl_reputation","dirichlet_lcb","diverse_then_repeat_backdoor","0.5","7","2","5","5","0.5","20","9","1.5","5","honest-18","honest","incumbent","ADMITTED","ADMITTED","9","9","0","4","4.882922989522995","1.5","0.7462875490779619","0.8370070466491786","0.6465358545084627","0.6465358545084627","0.1157982362815884","0.29254799703263074","50","50","50","0","0","False","False","NOT_APPLICABLE","","0","0.0","0","3.0450592041015625","50","50","50.0","","","moderate_shadow"
"cifar10","20","2","mixed_maturity","rffl_reputation","dirichlet_lcb","diverse_then_repeat_backdoor","0.5","7","2","5","5","0.5","20","9","1.5","5","honest-2","honest","incumbent","ADMITTED","ADMITTED","9","9","0","4","4.882922989522995","1.5","0.7462875490779619","0.8370070466491786","0.6465358545084627","0.6465358545084627","0.1157982362815884","0.29254799703263074","50","50","50","0","0","False","False","NOT_APPLICABLE","","0","0.0","0","2.2495639324188232","50","50","50.0","","","moderate_shadow"
"cifar10","20","2","mixed_maturity","rffl_reputation","dirichlet_lcb","diverse_then_repeat_backdoor","0.5","7","2","5","5","0.5","20","9","1.5","5","honest-3","honest","incumbent","ADMITTED","ADMITTED","9","9","0","4","4.882922989522995","1.5","0.7462875490779619","0.8370070466491786","0.6465358545084627","0.6465358545084627","0.1157982362815884","0.29254799703263074","50","50","50","0","0","False","False","NOT_APPLICABLE","","0","0.0","0","3.775801658630371","50","50","50.0","","","moderate_shadow"
"cifar10","20","2","mixed_maturity","rffl_reputation","dirichlet_lcb","diverse_then_repeat_backdoor","0.5","7","2","5","5","0.5","20","9","1.5","5","honest-4","honest","incumbent","ADMITTED","ADMITTED","9","9","0","4","4.882922989522995","1.5","0.7462875490779619","0.8370070466491786","0.6465358545084627","0.6465358545084627","0.1157982362815884","0.29254799703263074","50","50","50","0","0","False","False","NOT_APPLICABLE","","0","0.0","0","2.8766708374023438","50","50","50.0","","","moderate_shadow"
"cifar10","20","2","mixed_maturity","rffl_reputation","dirichlet_lcb","diverse_then_repeat_backdoor","0.5","7","2","5","5","0.5","20","9","1.5","5","honest-5","honest","incumbent","ADMITTED","ADMITTED","9","9","0","4","4.882922989522995","1.5","0.7462875490779619","0.8370070466491786","0.6465358545084627","0.6465358545084627","0.1157982362815884","0.29254799703263074","50","50","50","0","0","False","False","NOT_APPLICABLE","","0","0.0","0","31.833486557006836","50","50","50.0","","","moderate_shadow"
"cifar10","20","2","mixed_maturity","rffl_reputation","dirichlet_lcb","diverse_then_repeat_backdoor","0.5","7","2","5","5","0.5","20","9","1.5","5","honest-6","honest","incumbent","ADMITTED","ADMITTED","9","9","0","4","4.882922989522995","1.5","0.7462875490779619","0.8370070466491786","0.6465358545084627","0.6465358545084627","0.1157982362815884","0.29254799703263074","50","50","50","0","0","False","False","NOT_APPLICABLE","","0","0.0","0","3.3054895401000977","50","50","50.0","","","moderate_shadow"
"cifar10","20","2","mixed_maturity","rffl_reputation","dirichlet_lcb","diverse_then_repeat_backdoor","0.5","7","2","5","5","0.5","20","9","1.5","5","honest-7","honest","incumbent","ADMITTED","ADMITTED","9","9","0","4","4.882922989522995","1.5","0.7462875490779619","0.8370070466491786","0.6465358545084627","0.6465358545084627","0.1157982362815884","0.29254799703263074","50","50","50","0","0","False","False","NOT_APPLICABLE","","0","0.0","0","2.4324514865875244","50","50","50.0","","","moderate_shadow"
"cifar10","20","2","mixed_maturity","rffl_reputation","dirichlet_lcb","diverse_then_repeat_backdoor","0.5","7","2","5","5","0.5","20","9","1.5","5","honest-8","honest","incumbent","ADMITTED","ADMITTED","9","9","0","4","4.882922989522995","1.5","0.7462875490779619","0.8370070466491786","0.6465358545084627","0.6465358545084627","0.1157982362815884","0.29254799703263074","50","50","50","0","0","False","False","NOT_APPLICABLE","","0","0.0","0","2.404994487762451","50","50","50.0","","","moderate_shadow"
"cifar10","20","2","mixed_maturity","rffl_reputation","dirichlet_lcb","diverse_then_repeat_backdoor","0.5","7","2","5","5","0.5","20","9","1.5","5","honest-9","honest","incumbent","ADMITTED","ADMITTED","9","9","0","4","4.882922989522995","1.5","0.7462875490779619","0.8370070466491786","0.6465358545084627","0.6465358545084627","0.1157982362815884","0.29254799703263074","50","50","50","0","0","False","False","NOT_APPLICABLE","","0","0.0","0","32.77644968032837","50","50","50.0","","","moderate_shadow"
"cifar10","20","2","mixed_maturity","rffl_reputation","dirichlet_lcb","diverse_then_repeat_backdoor","0.5","8","2","5","5","0.5","20","9","1.5","5","attacker-1","diverse_then_repeat_backdoor","newcomer","ADMITTED","ADMITTED","9","9","0","4","4.882922989522995","1.5","0.7462875490779619","0.8370070466491786","0.6465358545084627","0.6465358545084627","0.1157982362815884","0.29254799703263074","50","50","50","0","0","False","False","NOT_APPLICABLE","","0","0.0","0","4.006718397140503","50","50","50.0","","","moderate_shadow"
"cifar10","20","2","mixed_maturity","rffl_reputation","dirichlet_lcb","diverse_then_repeat_backdoor","0.5","8","2","5","5","0.5","20","9","1.5","5","attacker-2","diverse_then_repeat_backdoor","newcomer","ADMITTED","ADMITTED","9","9","0","4","4.882922989522995","1.5","0.7462875490779619","0.8370070466491786","0.6465358545084627","0.6465358545084627","0.1157982362815884","0.29254799703263074","50","50","50","0","0","False","False","NOT_APPLICABLE","","0","0.0","0","2.654139518737793","50","50","50.0","","","moderate_shadow"
"cifar10","20","2","mixed_maturity","rffl_reputation","dirichlet_lcb","diverse_then_repeat_backdoor","0.5","8","2","5","5","0.5","20","9","1.5","5","honest-1","honest","incumbent","ADMITTED","ADMITTED","9","9","0","4","4.882922989522995","1.5","0.7462875490779619","0.8370070466491786","0.6465358545084627","0.6465358545084627","0.1157982362815884","0.29254799703263074","50","50","50","0","0","False","False","NOT_APPLICABLE","","0","0.0","0","4.168862581253052","50","50","50.0","","","moderate_shadow"
"cifar10","20","2","mixed_maturity","rffl_reputation","dirichlet_lcb","diverse_then_repeat_backdoor","0.5","8","2","5","5","0.5","20","9","1.5","5","honest-10","honest","incumbent","ADMITTED","ADMITTED","9","9","0","4","4.882922989522995","1.5","0.7462875490779619","0.8370070466491786","0.6465358545084627","0.6465358545084627","0.1157982362815884","0.29254799703263074","50","50","50","0","0","False","False","NOT_APPLICABLE","","0","0.0","0","2.6444551944732666","50","50","50.0","","","moderate_shadow"
"cifar10","20","2","mixed_maturity","rffl_reputation","dirichlet_lcb","diverse_then_repeat_backdoor","0.5","8","2","5","5","0.5","20","9","1.5","5","honest-11","honest","incumbent","ADMITTED","QUARANTINE","9","9","0","4","4.882922989522995","1.5","0.7462875490779619","0.8370070466491786","0.6465358545084627","0.6465358545084627","0.1157982362815884","0.29254799703263074","26","26","26","0","0","False","False","NOT_APPLICABLE","","0","0.0","0","3.207205295562744","26","26","26.0","26","RFFL_LOW_REPUTATION","moderate_shadow"
"cifar10","20","2","mixed_maturity","rffl_reputation","dirichlet_lcb","diverse_then_repeat_backdoor","0.5","8","2","5","5","0.5","20","9","1.5","5","honest-12","honest","incumbent","ADMITTED","ADMITTED","9","9","0","4","4.882922989522995","1.5","0.7462875490779619","0.8370070466491786","0.6465358545084627","0.6465358545084627","0.1157982362815884","0.29254799703263074","50","50","50","0","0","False","False","NOT_APPLICABLE","","0","0.0","0","4.150276184082031","50","50","50.0","","","moderate_shadow"
"cifar10","20","2","mixed_maturity","rffl_reputation","dirichlet_lcb","diverse_then_repeat_backdoor","0.5","8","2","5","5","0.5","20","9","1.5","5","honest-13","honest","incumbent","ADMITTED","QUARANTINE","9","9","0","4","4.882922989522995","1.5","0.7462875490779619","0.8370070466491786","0.6465358545084627","0.6465358545084627","0.1157982362815884","0.29254799703263074","47","47","47","0","0","False","False","NOT_APPLICABLE","","0","0.0","0","2.57047700881958","47","47","47.0","47","RFFL_LOW_REPUTATION","moderate_shadow"
"cifar10","20","2","mixed_maturity","rffl_reputation","dirichlet_lcb","diverse_then_repeat_backdoor","0.5","8","2","5","5","0.5","20","9","1.5","5","honest-14","honest","incumbent","ADMITTED","ADMITTED","9","9","0","4","4.882922989522995","1.5","0.7462875490779619","0.8370070466491786","0.6465358545084627","0.6465358545084627","0.1157982362815884","0.29254799703263074","50","50","50","0","0","False","False","NOT_APPLICABLE","","0","0.0","0","3.2035953998565674","50","50","50.0","","","moderate_shadow"
"cifar10","20","2","mixed_maturity","rffl_reputation","dirichlet_lcb","diverse_then_repeat_backdoor","0.5","8","2","5","5","0.5","20","9","1.5","5","honest-15","honest","incumbent","ADMITTED","ADMITTED","9","9","0","4","4.882922989522995","1.5","0.7462875490779619","0.8370070466491786","0.6465358545084627","0.6465358545084627","0.1157982362815884","0.29254799703263074","50","50","50","0","0","False","False","NOT_APPLICABLE","","0","0.0","0","2.5383198261260986","50","50","50.0","","","moderate_shadow"
"cifar10","20","2","mixed_maturity","rffl_reputation","dirichlet_lcb","diverse_then_repeat_backdoor","0.5","8","2","5","5","0.5","20","9","1.5","5","honest-16","honest","incumbent","ADMITTED","ADMITTED","9","9","0","4","4.882922989522995","1.5","0.7462875490779619","0.8370070466491786","0.6465358545084627","0.6465358545084627","0.1157982362815884","0.29254799703263074","50","50","50","0","0","False","False","NOT_APPLICABLE","","0","0.0","0","32.517460107803345","50","50","50.0","","","moderate_shadow"
"cifar10","20","2","mixed_maturity","rffl_reputation","dirichlet_lcb","diverse_then_repeat_backdoor","0.5","8","2","5","5","0.5","20","9","1.5","5","honest-17","honest","incumbent","ADMITTED","ADMITTED","9","9","0","4","4.882922989522995","1.5","0.7462875490779619","0.8370070466491786","0.6465358545084627","0.6465358545084627","0.1157982362815884","0.29254799703263074","50","50","50","0","0","False","False","NOT_APPLICABLE","","0","0.0","0","3.5886569023132324","50","50","50.0","","","moderate_shadow"
"cifar10","20","2","mixed_maturity","rffl_reputation","dirichlet_lcb","diverse_then_repeat_backdoor","0.5","8","2","5","5","0.5","20","9","1.5","5","honest-18","honest","incumbent","ADMITTED","ADMITTED","9","9","0","4","4.882922989522995","1.5","0.7462875490779619","0.8370070466491786","0.6465358545084627","0.6465358545084627","0.1157982362815884","0.29254799703263074","50","50","50","0","0","False","False","NOT_APPLICABLE","","0","0.0","0","3.287348985671997","50","50","50.0","","","moderate_shadow"
"cifar10","20","2","mixed_maturity","rffl_reputation","dirichlet_lcb","diverse_then_repeat_backdoor","0.5","8","2","5","5","0.5","20","9","1.5","5","honest-2","honest","incumbent","ADMITTED","ADMITTED","9","9","0","4","4.882922989522995","1.5","0.7462875490779619","0.8370070466491786","0.6465358545084627","0.6465358545084627","0.1157982362815884","0.29254799703263074","50","50","50","0","0","False","False","NOT_APPLICABLE","","0","0.0","0","4.152907609939575","50","50","50.0","","","moderate_shadow"
"cifar10","20","2","mixed_maturity","rffl_reputation","dirichlet_lcb","diverse_then_repeat_backdoor","0.5","8","2","5","5","0.5","20","9","1.5","5","honest-3","honest","incumbent","ADMITTED","ADMITTED","9","9","0","4","4.882922989522995","1.5","0.7462875490779619","0.8370070466491786","0.6465358545084627","0.6465358545084627","0.1157982362815884","0.29254799703263074","50","50","50","0","0","False","False","NOT_APPLICABLE","","0","0.0","0","2.553455352783203","50","50","50.0","","","moderate_shadow"
"cifar10","20","2","mixed_maturity","rffl_reputation","dirichlet_lcb","diverse_then_repeat_backdoor","0.5","8","2","5","5","0.5","20","9","1.5","5","honest-4","honest","incumbent","ADMITTED","ADMITTED","9","9","0","4","4.882922989522995","1.5","0.7462875490779619","0.8370070466491786","0.6465358545084627","0.6465358545084627","0.1157982362815884","0.29254799703263074","50","50","50","0","0","False","False","NOT_APPLICABLE","","0","0.0","0","31.800665140151978","50","50","50.0","","","moderate_shadow"
"cifar10","20","2","mixed_maturity","rffl_reputation","dirichlet_lcb","diverse_then_repeat_backdoor","0.5","8","2","5","5","0.5","20","9","1.5","5","honest-5","honest","incumbent","ADMITTED","ADMITTED","9","9","0","4","4.882922989522995","1.5","0.7462875490779619","0.8370070466491786","0.6465358545084627","0.6465358545084627","0.1157982362815884","0.29254799703263074","50","50","50","0","0","False","False","NOT_APPLICABLE","","0","0.0","0","2.788177967071533","50","50","50.0","","","moderate_shadow"
"cifar10","20","2","mixed_maturity","rffl_reputation","dirichlet_lcb","diverse_then_repeat_backdoor","0.5","8","2","5","5","0.5","20","9","1.5","5","honest-6","honest","incumbent","ADMITTED","ADMITTED","9","9","0","4","4.882922989522995","1.5","0.7462875490779619","0.8370070466491786","0.6465358545084627","0.6465358545084627","0.1157982362815884","0.29254799703263074","50","50","50","0","0","False","False","NOT_APPLICABLE","","0","0.0","0","3.583951234817505","50","50","50.0","","","moderate_shadow"
"cifar10","20","2","mixed_maturity","rffl_reputation","dirichlet_lcb","diverse_then_repeat_backdoor","0.5","8","2","5","5","0.5","20","9","1.5","5","honest-7","honest","incumbent","ADMITTED","ADMITTED","9","9","0","4","4.882922989522995","1.5","0.7462875490779619","0.8370070466491786","0.6465358545084627","0.6465358545084627","0.1157982362815884","0.29254799703263074","50","50","50","0","0","False","False","NOT_APPLICABLE","","0","0.0","0","3.6196625232696533","50","50","50.0","","","moderate_shadow"
"cifar10","20","2","mixed_maturity","rffl_reputation","dirichlet_lcb","diverse_then_repeat_backdoor","0.5","8","2","5","5","0.5","20","9","1.5","5","honest-8","honest","incumbent","ADMITTED","ADMITTED","9","9","0","4","4.882922989522995","1.5","0.7462875490779619","0.8370070466491786","0.6465358545084627","0.6465358545084627","0.1157982362815884","0.29254799703263074","50","50","50","0","0","False","False","NOT_APPLICABLE","","0","0.0","0","3.9641900062561035","50","50","50.0","","","moderate_shadow"
"cifar10","20","2","mixed_maturity","rffl_reputation","dirichlet_lcb","diverse_then_repeat_backdoor","0.5","8","2","5","5","0.5","20","9","1.5","5","honest-9","honest","incumbent","ADMITTED","ADMITTED","9","9","0","4","4.882922989522995","1.5","0.7462875490779619","0.8370070466491786","0.6465358545084627","0.6465358545084627","0.1157982362815884","0.29254799703263074","50","50","50","0","0","False","False","NOT_APPLICABLE","","0","0.0","0","4.209069728851318","50","50","50.0","","","moderate_shadow"
"cifar10","20","2","mixed_maturity","rffl_reputation","dirichlet_lcb","diverse_then_repeat_backdoor","0.5","9","2","5","5","0.5","20","9","1.5","5","attacker-1","diverse_then_repeat_backdoor","newcomer","ADMITTED","ADMITTED","9","9","0","4","4.882922989522995","1.5","0.7462875490779619","0.8370070466491786","0.6465358545084627","0.6465358545084627","0.1157982362815884","0.29254799703263074","50","50","50","0","0","False","False","NOT_APPLICABLE","","0","0.0","0","3.524583339691162","50","50","50.0","","","moderate_shadow"
"cifar10","20","2","mixed_maturity","rffl_reputation","dirichlet_lcb","diverse_then_repeat_backdoor","0.5","9","2","5","5","0.5","20","9","1.5","5","attacker-2","diverse_then_repeat_backdoor","newcomer","ADMITTED","ADMITTED","9","9","0","4","4.882922989522995","1.5","0.7462875490779619","0.8370070466491786","0.6465358545084627","0.6465358545084627","0.1157982362815884","0.29254799703263074","50","50","50","0","0","False","False","NOT_APPLICABLE","","0","0.0","0","2.2344064712524414","50","50","50.0","","","moderate_shadow"
"cifar10","20","2","mixed_maturity","rffl_reputation","dirichlet_lcb","diverse_then_repeat_backdoor","0.5","9","2","5","5","0.5","20","9","1.5","5","honest-1","honest","incumbent","ADMITTED","ADMITTED","9","9","0","4","4.882922989522995","1.5","0.7462875490779619","0.8370070466491786","0.6465358545084627","0.6465358545084627","0.1157982362815884","0.29254799703263074","50","50","50","0","0","False","False","NOT_APPLICABLE","","0","0.0","0","3.071470022201538","50","50","50.0","","","moderate_shadow"
"cifar10","20","2","mixed_maturity","rffl_reputation","dirichlet_lcb","diverse_then_repeat_backdoor","0.5","9","2","5","5","0.5","20","9","1.5","5","honest-10","honest","incumbent","ADMITTED","ADMITTED","9","9","0","4","4.882922989522995","1.5","0.7462875490779619","0.8370070466491786","0.6465358545084627","0.6465358545084627","0.1157982362815884","0.29254799703263074","50","50","50","0","0","False","False","NOT_APPLICABLE","","0","0.0","0","3.4292545318603516","50","50","50.0","","","moderate_shadow"
"cifar10","20","2","mixed_maturity","rffl_reputation","dirichlet_lcb","diverse_then_repeat_backdoor","0.5","9","2","5","5","0.5","20","9","1.5","5","honest-11","honest","incumbent","ADMITTED","ADMITTED","9","9","0","4","4.882922989522995","1.5","0.7462875490779619","0.8370070466491786","0.6465358545084627","0.6465358545084627","0.1157982362815884","0.29254799703263074","50","50","50","0","0","False","False","NOT_APPLICABLE","","0","0.0","0","32.68382811546326","50","50","50.0","","","moderate_shadow"
"cifar10","20","2","mixed_maturity","rffl_reputation","dirichlet_lcb","diverse_then_repeat_backdoor","0.5","9","2","5","5","0.5","20","9","1.5","5","honest-12","honest","incumbent","ADMITTED","ADMITTED","9","9","0","4","4.882922989522995","1.5","0.7462875490779619","0.8370070466491786","0.6465358545084627","0.6465358545084627","0.1157982362815884","0.29254799703263074","50","50","50","0","0","False","False","NOT_APPLICABLE","","0","0.0","0","2.2758638858795166","50","50","50.0","","","moderate_shadow"
"cifar10","20","2","mixed_maturity","rffl_reputation","dirichlet_lcb","diverse_then_repeat_backdoor","0.5","9","2","5","5","0.5","20","9","1.5","5","honest-13","honest","incumbent","ADMITTED","ADMITTED","9","9","0","4","4.882922989522995","1.5","0.7462875490779619","0.8370070466491786","0.6465358545084627","0.6465358545084627","0.1157982362815884","0.29254799703263074","50","50","50","0","0","False","False","NOT_APPLICABLE","","0","0.0","0","3.5663938522338867","50","50","50.0","","","moderate_shadow"
"cifar10","20","2","mixed_maturity","rffl_reputation","dirichlet_lcb","diverse_then_repeat_backdoor","0.5","9","2","5","5","0.5","20","9","1.5","5","honest-14","honest","incumbent","ADMITTED","ADMITTED","9","9","0","4","4.882922989522995","1.5","0.7462875490779619","0.8370070466491786","0.6465358545084627","0.6465358545084627","0.1157982362815884","0.29254799703263074","50","50","50","0","0","False","False","NOT_APPLICABLE","","0","0.0","0","2.625026226043701","50","50","50.0","","","moderate_shadow"
"cifar10","20","2","mixed_maturity","rffl_reputation","dirichlet_lcb","diverse_then_repeat_backdoor","0.5","9","2","5","5","0.5","20","9","1.5","5","honest-15","honest","incumbent","ADMITTED","ADMITTED","9","9","0","3","4.76698923888176","1.5","0.7437820368902304","0.8332768051183246","0.6393772482578011","0.6393772482578011","0.11788253356256753","0.28561047849957855","50","50","50","0","0","False","False","NOT_APPLICABLE","","0","0.0","0","31.84650754928589","50","50","50.0","","","moderate_shadow"
"cifar10","20","2","mixed_maturity","rffl_reputation","dirichlet_lcb","diverse_then_repeat_backdoor","0.5","9","2","5","5","0.5","20","9","1.5","5","honest-16","honest","incumbent","ADMITTED","ADMITTED","9","9","0","4","4.882922989522995","1.5","0.7462875490779619","0.8370070466491786","0.6465358545084627","0.6465358545084627","0.1157982362815884","0.29254799703263074","50","50","50","0","0","False","False","NOT_APPLICABLE","","0","0.0","0","3.4783997535705566","50","50","50.0","","","moderate_shadow"
"cifar10","20","2","mixed_maturity","rffl_reputation","dirichlet_lcb","diverse_then_repeat_backdoor","0.5","9","2","5","5","0.5","20","9","1.5","5","honest-17","honest","incumbent","ADMITTED","ADMITTED","9","9","0","4","4.882922989522995","1.5","0.7462875490779619","0.8370070466491786","0.6465358545084627","0.6465358545084627","0.1157982362815884","0.29254799703263074","50","50","50","0","0","False","False","NOT_APPLICABLE","","0","0.0","0","3.351835012435913","50","50","50.0","","","moderate_shadow"
"cifar10","20","2","mixed_maturity","rffl_reputation","dirichlet_lcb","diverse_then_repeat_backdoor","0.5","9","2","5","5","0.5","20","9","1.5","5","honest-18","honest","incumbent","ADMITTED","ADMITTED","9","9","0","4","4.882922989522995","1.5","0.7462875490779619","0.8370070466491786","0.6465358545084627","0.6465358545084627","0.1157982362815884","0.29254799703263074","50","50","50","0","0","False","False","NOT_APPLICABLE","","0","0.0","0","2.53878116607666","50","50","50.0","","","moderate_shadow"
"cifar10","20","2","mixed_maturity","rffl_reputation","dirichlet_lcb","diverse_then_repeat_backdoor","0.5","9","2","5","5","0.5","20","9","1.5","5","honest-2","honest","incumbent","ADMITTED","ADMITTED","9","9","0","4","4.882922989522995","1.5","0.7462875490779619","0.8370070466491786","0.6465358545084627","0.6465358545084627","0.1157982362815884","0.29254799703263074","50","50","50","0","0","False","False","NOT_APPLICABLE","","0","0.0","0","3.5111770629882812","50","50","50.0","","","moderate_shadow"
"cifar10","20","2","mixed_maturity","rffl_reputation","dirichlet_lcb","diverse_then_repeat_backdoor","0.5","9","2","5","5","0.5","20","9","1.5","5","honest-3","honest","incumbent","ADMITTED","ADMITTED","9","9","0","4","4.882922989522995","1.5","0.7462875490779619","0.8370070466491786","0.6465358545084627","0.6465358545084627","0.1157982362815884","0.29254799703263074","50","50","50","0","0","False","False","NOT_APPLICABLE","","0","0.0","0","2.3607468605041504","50","50","50.0","","","moderate_shadow"
"cifar10","20","2","mixed_maturity","rffl_reputation","dirichlet_lcb","diverse_then_repeat_backdoor","0.5","9","2","5","5","0.5","20","9","1.5","5","honest-4","honest","incumbent","ADMITTED","ADMITTED","9","9","0","3","4.5294892388817605","1.5","0.7401065581334588","0.8277664507491892","0.6288758803813109","0.6288758803813109","0.12091685363435191","0.27568090107538146","50","50","50","0","0","False","False","NOT_APPLICABLE","","0","0.0","0","61.32918453216553","50","50","50.0","","","moderate_shadow"
"cifar10","20","2","mixed_maturity","rffl_reputation","dirichlet_lcb","diverse_then_repeat_backdoor","0.5","9","2","5","5","0.5","20","9","1.5","5","honest-5","honest","incumbent","ADMITTED","ADMITTED","9","9","0","4","4.882922989522995","1.5","0.7462875490779619","0.8370070466491786","0.6465358545084627","0.6465358545084627","0.1157982362815884","0.29254799703263074","50","50","50","0","0","False","False","NOT_APPLICABLE","","0","0.0","0","31.78477954864502","50","50","50.0","","","moderate_shadow"
"cifar10","20","2","mixed_maturity","rffl_reputation","dirichlet_lcb","diverse_then_repeat_backdoor","0.5","9","2","5","5","0.5","20","9","1.5","5","honest-6","honest","incumbent","ADMITTED","QUARANTINE","9","9","0","3","5.004489238881761","1.5","0.7503560216234088","0.8430201361031787","0.6581600617811678","0.6581600617811678","0.11238691964272261","0.3041175807403508","42","42","42","0","0","False","False","NOT_APPLICABLE","","0","0.0","0","31.510251998901367","42","42","42.0","42","RFFL_LOW_REPUTATION","moderate_shadow"
"cifar10","20","2","mixed_maturity","rffl_reputation","dirichlet_lcb","diverse_then_repeat_backdoor","0.5","9","2","5","5","0.5","20","9","1.5","5","honest-7","honest","incumbent","ADMITTED","ADMITTED","9","9","0","4","4.882922989522995","1.5","0.7462875490779619","0.8370070466491786","0.6465358545084627","0.6465358545084627","0.1157982362815884","0.29254799703263074","50","50","50","0","0","False","False","NOT_APPLICABLE","","0","0.0","0","2.3252978324890137","50","50","50.0","","","moderate_shadow"
"cifar10","20","2","mixed_maturity","rffl_reputation","dirichlet_lcb","diverse_then_repeat_backdoor","0.5","9","2","5","5","0.5","20","9","1.5","5","honest-8","honest","incumbent","ADMITTED","ADMITTED","9","9","0","4","4.882922989522995","1.5","0.7462875490779619","0.8370070466491786","0.6465358545084627","0.6465358545084627","0.1157982362815884","0.29254799703263074","50","50","50","0","0","False","False","NOT_APPLICABLE","","0","0.0","0","2.7728869915008545","50","50","50.0","","","moderate_shadow"
"cifar10","20","2","mixed_maturity","rffl_reputation","dirichlet_lcb","diverse_then_repeat_backdoor","0.5","9","2","5","5","0.5","20","9","1.5","5","honest-9","honest","incumbent","ADMITTED","ADMITTED","9","9","0","4","4.882922989522995","1.5","0.7462875490779619","0.8370070466491786","0.6465358545084627","0.6465358545084627","0.1157982362815884","0.29254799703263074","50","50","50","0","0","False","False","NOT_APPLICABLE","","0","0.0","0","31.575640439987183","50","50","50.0","","","moderate_shadow"
"cifar10","20","2","mixed_maturity","rffl_reputation","dirichlet_lcb","benign_concept_drift","0.5","5","2","5","5","0.5","20","9","1.5","5","attacker-1","benign_concept_drift","newcomer","ADMITTED","ADMITTED","9","9","0","4","4.882922989522995","1.5","0.7462875490779619","0.8370070466491786","0.6465358545084627","0.6465358545084627","0.1157982362815884","0.29254799703263074","50","50","50","0","0","False","False","NOT_APPLICABLE","","0","0.0","0","2.0643084049224854","50","50","50.0","","","moderate_shadow"
"cifar10","20","2","mixed_maturity","rffl_reputation","dirichlet_lcb","benign_concept_drift","0.5","5","2","5","5","0.5","20","9","1.5","5","attacker-2","benign_concept_drift","newcomer","ADMITTED","ADMITTED","9","9","0","4","4.882922989522995","1.5","0.7462875490779619","0.8370070466491786","0.6465358545084627","0.6465358545084627","0.1157982362815884","0.29254799703263074","50","50","50","0","0","False","False","NOT_APPLICABLE","","0","0.0","0","3.2917895317077637","50","50","50.0","","","moderate_shadow"
"cifar10","20","2","mixed_maturity","rffl_reputation","dirichlet_lcb","benign_concept_drift","0.5","5","2","5","5","0.5","20","9","1.5","5","honest-1","honest","incumbent","ADMITTED","ADMITTED","9","9","0","3","4.76698923888176","1.5","0.7437820368902304","0.8332768051183246","0.6393772482578011","0.6393772482578011","0.11788253356256753","0.28561047849957855","50","50","50","0","0","False","False","NOT_APPLICABLE","","0","0.0","0","31.510690927505493","50","50","50.0","","","moderate_shadow"
"cifar10","20","2","mixed_maturity","rffl_reputation","dirichlet_lcb","benign_concept_drift","0.5","5","2","5","5","0.5","20","9","1.5","5","honest-10","honest","incumbent","ADMITTED","ADMITTED","9","9","0","4","4.882922989522995","1.5","0.7462875490779619","0.8370070466491786","0.6465358545084627","0.6465358545084627","0.1157982362815884","0.29254799703263074","50","50","50","0","0","False","False","NOT_APPLICABLE","","0","0.0","0","1.9205584526062012","50","50","50.0","","","moderate_shadow"
"cifar10","20","2","mixed_maturity","rffl_reputation","dirichlet_lcb","benign_concept_drift","0.5","5","2","5","5","0.5","20","9","1.5","5","honest-11","honest","incumbent","ADMITTED","ADMITTED","9","9","0","3","4.5294892388817605","1.5","0.7401065581334588","0.8277664507491892","0.6288758803813109","0.6288758803813109","0.12091685363435191","0.27568090107538146","50","50","50","0","0","False","False","NOT_APPLICABLE","","0","0.0","0","30.78969645500183","50","50","50.0","","","moderate_shadow"
"cifar10","20","2","mixed_maturity","rffl_reputation","dirichlet_lcb","benign_concept_drift","0.5","5","2","5","5","0.5","20","9","1.5","5","honest-12","honest","incumbent","ADMITTED","ADMITTED","9","9","0","4","4.882922989522995","1.5","0.7462875490779619","0.8370070466491786","0.6465358545084627","0.6465358545084627","0.1157982362815884","0.29254799703263074","50","50","50","0","0","False","False","NOT_APPLICABLE","","0","0.0","0","32.07003951072693","50","50","50.0","","","moderate_shadow"
"cifar10","20","2","mixed_maturity","rffl_reputation","dirichlet_lcb","benign_concept_drift","0.5","5","2","5","5","0.5","20","9","1.5","5","honest-13","honest","incumbent","ADMITTED","ADMITTED","9","9","0","4","4.882922989522995","1.5","0.7461973641042667","0.8368731402309775","0.6462781831550479","0.6462781831550479","0.1158734800024376","0.29229584886760673","50","50","50","0","0","False","False","NOT_APPLICABLE","","0","0.0","0","1.8462681770324707","50","50","50.0","","","moderate_shadow"
"cifar10","20","2","mixed_maturity","rffl_reputation","dirichlet_lcb","benign_concept_drift","0.5","5","2","5","5","0.5","20","9","1.5","5","honest-14","honest","incumbent","ADMITTED","ADMITTED","9","9","0","4","4.882922989522995","1.5","0.7462875490779619","0.8370070466491786","0.6465358545084627","0.6465358545084627","0.1157982362815884","0.29254799703263074","50","50","50","0","0","False","False","NOT_APPLICABLE","","0","0.0","0","1.9970955848693848","50","50","50.0","","","moderate_shadow"
"cifar10","20","2","mixed_maturity","rffl_reputation","dirichlet_lcb","benign_concept_drift","0.5","5","2","5","5","0.5","20","9","1.5","5","honest-15","honest","incumbent","ADMITTED","ADMITTED","9","9","0","4","4.882922989522995","1.5","0.7462875490779619","0.8370070466491786","0.6465358545084627","0.6465358545084627","0.1157982362815884","0.29254799703263074","50","50","50","0","0","False","False","NOT_APPLICABLE","","0","0.0","0","2.3182201385498047","50","50","50.0","","","moderate_shadow"
"cifar10","20","2","mixed_maturity","rffl_reputation","dirichlet_lcb","benign_concept_drift","0.5","5","2","5","5","0.5","20","9","1.5","5","honest-16","honest","incumbent","ADMITTED","ADMITTED","9","9","0","4","4.882922989522995","1.5","0.7462875490779619","0.8370070466491786","0.6465358545084627","0.6465358545084627","0.1157982362815884","0.29254799703263074","50","50","50","0","0","False","False","NOT_APPLICABLE","","0","0.0","0","3.4410512447357178","50","50","50.0","","","moderate_shadow"
"cifar10","20","2","mixed_maturity","rffl_reputation","dirichlet_lcb","benign_concept_drift","0.5","5","2","5","5","0.5","20","9","1.5","5","honest-17","honest","incumbent","ADMITTED","QUARANTINE","9","9","0","3","4.5294892388817605","1.5","0.7401065581334588","0.8277664507491892","0.6288758803813109","0.6288758803813109","0.12091685363435191","0.27568090107538146","42","42","42","0","0","False","False","NOT_APPLICABLE","","0","0.0","0","31.37148118019104","42","42","42.0","42","RFFL_LOW_REPUTATION","moderate_shadow"
"cifar10","20","2","mixed_maturity","rffl_reputation","dirichlet_lcb","benign_concept_drift","0.5","5","2","5","5","0.5","20","9","1.5","5","honest-18","honest","incumbent","ADMITTED","ADMITTED","9","9","0","4","4.882922989522995","1.5","0.7462875490779619","0.8370070466491786","0.6465358545084627","0.6465358545084627","0.1157982362815884","0.29254799703263074","50","50","50","0","0","False","False","NOT_APPLICABLE","","0","0.0","0","1.6705083847045898","50","50","50.0","","","moderate_shadow"
"cifar10","20","2","mixed_maturity","rffl_reputation","dirichlet_lcb","benign_concept_drift","0.5","5","2","5","5","0.5","20","9","1.5","5","honest-2","honest","incumbent","ADMITTED","ADMITTED","9","9","0","4","4.882922989522995","1.5","0.7462875490779619","0.8370070466491786","0.6465358545084627","0.6465358545084627","0.1157982362815884","0.29254799703263074","50","50","50","0","0","False","False","NOT_APPLICABLE","","0","0.0","0","3.2301602363586426","50","50","50.0","","","moderate_shadow"
"cifar10","20","2","mixed_maturity","rffl_reputation","dirichlet_lcb","benign_concept_drift","0.5","5","2","5","5","0.5","20","9","1.5","5","honest-3","honest","incumbent","ADMITTED","ADMITTED","9","9","0","4","4.882922989522995","1.5","0.7462875490779619","0.8370070466491786","0.6465358545084627","0.6465358545084627","0.1157982362815884","0.29254799703263074","50","50","50","0","0","False","False","NOT_APPLICABLE","","0","0.0","0","2.188809871673584","50","50","50.0","","","moderate_shadow"
"cifar10","20","2","mixed_maturity","rffl_reputation","dirichlet_lcb","benign_concept_drift","0.5","5","2","5","5","0.5","20","9","1.5","5","honest-4","honest","incumbent","ADMITTED","ADMITTED","9","9","0","4","4.882922989522995","1.5","0.7461812576493809","0.836849222574815","0.646232164712517","0.646232164712517","0.11588691632345365","0.292250836163607","50","50","50","0","0","False","False","NOT_APPLICABLE","","0","0.0","0","1.5942752361297607","50","50","50.0","","","moderate_shadow"
"cifar10","20","2","mixed_maturity","rffl_reputation","dirichlet_lcb","benign_concept_drift","0.5","5","2","5","5","0.5","20","9","1.5","5","honest-5","honest","incumbent","ADMITTED","ADMITTED","9","9","0","4","4.882922989522995","1.5","0.7461812576493809","0.836849222574815","0.646232164712517","0.646232164712517","0.11588691632345365","0.292250836163607","50","50","50","0","0","False","False","NOT_APPLICABLE","","0","0.0","0","30.990529775619507","50","50","50.0","","","moderate_shadow"
"cifar10","20","2","mixed_maturity","rffl_reputation","dirichlet_lcb","benign_concept_drift","0.5","5","2","5","5","0.5","20","9","1.5","5","honest-6","honest","incumbent","ADMITTED","ADMITTED","9","9","0","4","4.882922989522995","1.5","0.7462875490779619","0.8370070466491786","0.6465358545084627","0.6465358545084627","0.1157982362815884","0.29254799703263074","50","50","50","0","0","False","False","NOT_APPLICABLE","","0","0.0","0","2.272705316543579","50","50","50.0","","","moderate_shadow"
"cifar10","20","2","mixed_maturity","rffl_reputation","dirichlet_lcb","benign_concept_drift","0.5","5","2","5","5","0.5","20","9","1.5","5","honest-7","honest","incumbent","ADMITTED","ADMITTED","9","9","0","4","4.882922989522995","1.5","0.7462875490779619","0.8370070466491786","0.6465358545084627","0.6465358545084627","0.1157982362815884","0.29254799703263074","50","50","50","0","0","False","False","NOT_APPLICABLE","","0","0.0","0","3.006375312805176","50","50","50.0","","","moderate_shadow"
"cifar10","20","2","mixed_maturity","rffl_reputation","dirichlet_lcb","benign_concept_drift","0.5","5","2","5","5","0.5","20","9","1.5","5","honest-8","honest","incumbent","ADMITTED","QUARANTINE","9","9","0","4","4.882922989522995","1.5","0.7462875490779619","0.8370070466491786","0.6465358545084627","0.6465358545084627","0.1157982362815884","0.29254799703263074","40","40","40","0","0","False","False","NOT_APPLICABLE","","0","0.0","0","2.584303617477417","40","40","40.0","40","RFFL_LOW_REPUTATION","moderate_shadow"
"cifar10","20","2","mixed_maturity","rffl_reputation","dirichlet_lcb","benign_concept_drift","0.5","5","2","5","5","0.5","20","9","1.5","5","honest-9","honest","incumbent","ADMITTED","ADMITTED","9","9","0","4","4.882922989522995","1.5","0.7462875490779619","0.8370070466491786","0.6465358545084627","0.6465358545084627","0.1157982362815884","0.29254799703263074","50","50","50","0","0","False","False","NOT_APPLICABLE","","0","0.0","0","3.1907317638397217","50","50","50.0","","","moderate_shadow"
"cifar10","20","2","mixed_maturity","rffl_reputation","dirichlet_lcb","benign_concept_drift","0.5","6","2","5","5","0.5","20","9","1.5","5","attacker-1","benign_concept_drift","newcomer","ADMITTED","ADMITTED","9","9","0","4","4.882922989522995","1.5","0.7462875490779619","0.8370070466491786","0.6465358545084627","0.6465358545084627","0.1157982362815884","0.29254799703263074","50","50","50","0","0","False","False","NOT_APPLICABLE","","0","0.0","0","3.4724245071411133","50","50","50.0","","","moderate_shadow"
"cifar10","20","2","mixed_maturity","rffl_reputation","dirichlet_lcb","benign_concept_drift","0.5","6","2","5","5","0.5","20","9","1.5","5","attacker-2","benign_concept_drift","newcomer","ADMITTED","ADMITTED","9","9","0","4","4.882922989522995","1.5","0.7462875490779619","0.8370070466491786","0.6465358545084627","0.6465358545084627","0.1157982362815884","0.29254799703263074","50","50","50","0","0","False","False","NOT_APPLICABLE","","0","0.0","0","3.7472727298736572","50","50","50.0","","","moderate_shadow"
"cifar10","20","2","mixed_maturity","rffl_reputation","dirichlet_lcb","benign_concept_drift","0.5","6","2","5","5","0.5","20","9","1.5","5","honest-1","honest","incumbent","ADMITTED","ADMITTED","9","9","0","4","4.882922989522995","1.5","0.7462875490779619","0.8370070466491786","0.6465358545084627","0.6465358545084627","0.1157982362815884","0.29254799703263074","50","50","50","0","0","False","False","NOT_APPLICABLE","","0","0.0","0","3.1262569427490234","50","50","50.0","","","moderate_shadow"
"cifar10","20","2","mixed_maturity","rffl_reputation","dirichlet_lcb","benign_concept_drift","0.5","6","2","5","5","0.5","20","9","1.5","5","honest-10","honest","incumbent","ADMITTED","ADMITTED","9","9","0","4","4.882922989522995","1.5","0.7462875490779619","0.8370070466491786","0.6465358545084627","0.6465358545084627","0.1157982362815884","0.29254799703263074","50","50","50","0","0","False","False","NOT_APPLICABLE","","0","0.0","0","3.9274027347564697","50","50","50.0","","","moderate_shadow"
"cifar10","20","2","mixed_maturity","rffl_reputation","dirichlet_lcb","benign_concept_drift","0.5","6","2","5","5","0.5","20","9","1.5","5","honest-11","honest","incumbent","ADMITTED","ADMITTED","9","9","0","4","4.882922989522995","1.5","0.7462875490779619","0.8370070466491786","0.6465358545084627","0.6465358545084627","0.1157982362815884","0.29254799703263074","50","50","50","0","0","False","False","NOT_APPLICABLE","","0","0.0","0","2.8447067737579346","50","50","50.0","","","moderate_shadow"
"cifar10","20","2","mixed_maturity","rffl_reputation","dirichlet_lcb","benign_concept_drift","0.5","6","2","5","5","0.5","20","9","1.5","5","honest-12","honest","incumbent","ADMITTED","ADMITTED","9","9","0","4","4.882922989522995","1.5","0.7462875490779619","0.8370070466491786","0.6465358545084627","0.6465358545084627","0.1157982362815884","0.29254799703263074","50","50","50","0","0","False","False","NOT_APPLICABLE","","0","0.0","0","2.9441075325012207","50","50","50.0","","","moderate_shadow"
"cifar10","20","2","mixed_maturity","rffl_reputation","dirichlet_lcb","benign_concept_drift","0.5","6","2","5","5","0.5","20","9","1.5","5","honest-13","honest","incumbent","ADMITTED","ADMITTED","9","9","0","4","4.882922989522995","1.5","0.7462875490779619","0.8370070466491786","0.6465358545084627","0.6465358545084627","0.1157982362815884","0.29254799703263074","50","50","50","0","0","False","False","NOT_APPLICABLE","","0","0.0","0","2.540989398956299","50","50","50.0","","","moderate_shadow"
"cifar10","20","2","mixed_maturity","rffl_reputation","dirichlet_lcb","benign_concept_drift","0.5","6","2","5","5","0.5","20","9","1.5","5","honest-14","honest","incumbent","ADMITTED","ADMITTED","9","9","0","4","4.882922989522995","1.5","0.7462875490779619","0.8370070466491786","0.6465358545084627","0.6465358545084627","0.1157982362815884","0.29254799703263074","50","50","50","0","0","False","False","NOT_APPLICABLE","","0","0.0","0","3.780623197555542","50","50","50.0","","","moderate_shadow"
"cifar10","20","2","mixed_maturity","rffl_reputation","dirichlet_lcb","benign_concept_drift","0.5","6","2","5","5","0.5","20","9","1.5","5","honest-15","honest","incumbent","ADMITTED","ADMITTED","9","9","0","4","4.882922989522995","1.5","0.7462875490779619","0.8370070466491786","0.6465358545084627","0.6465358545084627","0.1157982362815884","0.29254799703263074","50","50","50","0","0","False","False","NOT_APPLICABLE","","0","0.0","0","3.5047597885131836","50","50","50.0","","","moderate_shadow"
"cifar10","20","2","mixed_maturity","rffl_reputation","dirichlet_lcb","benign_concept_drift","0.5","6","2","5","5","0.5","20","9","1.5","5","honest-16","honest","incumbent","ADMITTED","ADMITTED","9","9","0","4","4.882922989522995","1.5","0.7462875490779619","0.8370070466491786","0.6465358545084627","0.6465358545084627","0.1157982362815884","0.29254799703263074","50","50","50","0","0","False","False","NOT_APPLICABLE","","0","0.0","0","2.3336689472198486","50","50","50.0","","","moderate_shadow"
"cifar10","20","2","mixed_maturity","rffl_reputation","dirichlet_lcb","benign_concept_drift","0.5","6","2","5","5","0.5","20","9","1.5","5","honest-17","honest","incumbent","ADMITTED","ADMITTED","9","9","0","4","4.882922989522995","1.5","0.7462875490779619","0.8370070466491786","0.6465358545084627","0.6465358545084627","0.1157982362815884","0.29254799703263074","50","50","50","0","0","False","False","NOT_APPLICABLE","","0","0.0","0","3.1390700340270996","50","50","50.0","","","moderate_shadow"
"cifar10","20","2","mixed_maturity","rffl_reputation","dirichlet_lcb","benign_concept_drift","0.5","6","2","5","5","0.5","20","9","1.5","5","honest-18","honest","incumbent","ADMITTED","ADMITTED","9","9","0","4","4.882922989522995","1.5","0.7462875490779619","0.8370070466491786","0.6465358545084627","0.6465358545084627","0.1157982362815884","0.29254799703263074","50","50","50","0","0","False","False","NOT_APPLICABLE","","0","0.0","0","2.5607075691223145","50","50","50.0","","","moderate_shadow"
"cifar10","20","2","mixed_maturity","rffl_reputation","dirichlet_lcb","benign_concept_drift","0.5","6","2","5","5","0.5","20","9","1.5","5","honest-2","honest","incumbent","ADMITTED","ADMITTED","9","9","0","4","4.882922989522995","1.5","0.7462875490779619","0.8370070466491786","0.6465358545084627","0.6465358545084627","0.1157982362815884","0.29254799703263074","50","50","50","0","0","False","False","NOT_APPLICABLE","","0","0.0","0","3.727902889251709","50","50","50.0","","","moderate_shadow"
"cifar10","20","2","mixed_maturity","rffl_reputation","dirichlet_lcb","benign_concept_drift","0.5","6","2","5","5","0.5","20","9","1.5","5","honest-3","honest","incumbent","ADMITTED","ADMITTED","9","9","0","4","4.882922989522995","1.5","0.7462875490779619","0.8370070466491786","0.6465358545084627","0.6465358545084627","0.1157982362815884","0.29254799703263074","50","50","50","0","0","False","False","NOT_APPLICABLE","","0","0.0","0","2.2507073879241943","50","50","50.0","","","moderate_shadow"
"cifar10","20","2","mixed_maturity","rffl_reputation","dirichlet_lcb","benign_concept_drift","0.5","6","2","5","5","0.5","20","9","1.5","5","honest-4","honest","incumbent","ADMITTED","ADMITTED","9","9","0","4","4.882922989522995","1.5","0.7462875490779619","0.8370070466491786","0.6465358545084627","0.6465358545084627","0.1157982362815884","0.29254799703263074","50","50","50","0","0","False","False","NOT_APPLICABLE","","0","0.0","0","3.732835531234741","50","50","50.0","","","moderate_shadow"
"cifar10","20","2","mixed_maturity","rffl_reputation","dirichlet_lcb","benign_concept_drift","0.5","6","2","5","5","0.5","20","9","1.5","5","honest-5","honest","incumbent","ADMITTED","ADMITTED","9","9","0","4","4.882922989522995","1.5","0.7462875490779619","0.8370070466491786","0.6465358545084627","0.6465358545084627","0.1157982362815884","0.29254799703263074","50","50","50","0","0","False","False","NOT_APPLICABLE","","0","0.0","0","2.824209690093994","50","50","50.0","","","moderate_shadow"
"cifar10","20","2","mixed_maturity","rffl_reputation","dirichlet_lcb","benign_concept_drift","0.5","6","2","5","5","0.5","20","9","1.5","5","honest-6","honest","incumbent","ADMITTED","ADMITTED","9","9","0","4","4.882922989522995","1.5","0.7462875490779619","0.8370070466491786","0.6465358545084627","0.6465358545084627","0.1157982362815884","0.29254799703263074","50","50","50","0","0","False","False","NOT_APPLICABLE","","0","0.0","0","3.5603740215301514","50","50","50.0","","","moderate_shadow"
"cifar10","20","2","mixed_maturity","rffl_reputation","dirichlet_lcb","benign_concept_drift","0.5","6","2","5","5","0.5","20","9","1.5","5","honest-7","honest","incumbent","ADMITTED","ADMITTED","9","9","0","4","4.882922989522995","1.5","0.7462875490779619","0.8370070466491786","0.6465358545084627","0.6465358545084627","0.1157982362815884","0.29254799703263074","50","50","50","0","0","False","False","NOT_APPLICABLE","","0","0.0","0","2.3741464614868164","50","50","50.0","","","moderate_shadow"
"cifar10","20","2","mixed_maturity","rffl_reputation","dirichlet_lcb","benign_concept_drift","0.5","6","2","5","5","0.5","20","9","1.5","5","honest-8","honest","incumbent","ADMITTED","ADMITTED","9","9","0","4","4.882922989522995","1.5","0.7462875490779619","0.8370070466491786","0.6465358545084627","0.6465358545084627","0.1157982362815884","0.29254799703263074","50","50","50","0","0","False","False","NOT_APPLICABLE","","0","0.0","0","2.6250104904174805","50","50","50.0","","","moderate_shadow"
"cifar10","20","2","mixed_maturity","rffl_reputation","dirichlet_lcb","benign_concept_drift","0.5","6","2","5","5","0.5","20","9","1.5","5","honest-9","honest","incumbent","ADMITTED","ADMITTED","9","9","0","4","4.882922989522995","1.5","0.7462875490779619","0.8370070466491786","0.6465358545084627","0.6465358545084627","0.1157982362815884","0.29254799703263074","50","50","50","0","0","False","False","NOT_APPLICABLE","","0","0.0","0","3.2382214069366455","50","50","50.0","","","moderate_shadow"
"cifar10","20","2","mixed_maturity","rffl_reputation","dirichlet_lcb","benign_concept_drift","0.5","7","2","5","5","0.5","20","9","1.5","5","attacker-1","benign_concept_drift","newcomer","ADMITTED","ADMITTED","9","9","0","4","4.882922989522995","1.5","0.7462875490779619","0.8370070466491786","0.6465358545084627","0.6465358545084627","0.1157982362815884","0.29254799703263074","50","50","50","0","0","False","False","NOT_APPLICABLE","","0","0.0","0","4.051867246627808","50","50","50.0","","","moderate_shadow"
"cifar10","20","2","mixed_maturity","rffl_reputation","dirichlet_lcb","benign_concept_drift","0.5","7","2","5","5","0.5","20","9","1.5","5","attacker-2","benign_concept_drift","newcomer","ADMITTED","ADMITTED","9","9","0","4","4.882922989522995","1.5","0.7462875490779619","0.8370070466491786","0.6465358545084627","0.6465358545084627","0.1157982362815884","0.29254799703263074","50","50","50","0","0","False","False","NOT_APPLICABLE","","0","0.0","0","2.666534662246704","50","50","50.0","","","moderate_shadow"
"cifar10","20","2","mixed_maturity","rffl_reputation","dirichlet_lcb","benign_concept_drift","0.5","7","2","5","5","0.5","20","9","1.5","5","honest-1","honest","incumbent","ADMITTED","ADMITTED","9","9","0","4","4.882922989522995","1.5","0.7462875490779619","0.8370070466491786","0.6465358545084627","0.6465358545084627","0.1157982362815884","0.29254799703263074","50","50","50","0","0","False","False","NOT_APPLICABLE","","0","0.0","0","2.4302432537078857","50","50","50.0","","","moderate_shadow"
"cifar10","20","2","mixed_maturity","rffl_reputation","dirichlet_lcb","benign_concept_drift","0.5","7","2","5","5","0.5","20","9","1.5","5","honest-10","honest","incumbent","ADMITTED","ADMITTED","9","9","0","4","4.882922989522995","1.5","0.7462875490779619","0.8370070466491786","0.6465358545084627","0.6465358545084627","0.1157982362815884","0.29254799703263074","50","50","50","0","0","False","False","NOT_APPLICABLE","","0","0.0","0","3.9170279502868652","50","50","50.0","","","moderate_shadow"
"cifar10","20","2","mixed_maturity","rffl_reputation","dirichlet_lcb","benign_concept_drift","0.5","7","2","5","5","0.5","20","9","1.5","5","honest-11","honest","incumbent","ADMITTED","ADMITTED","9","9","0","4","4.882922989522995","1.5","0.7462875490779619","0.8370070466491786","0.6465358545084627","0.6465358545084627","0.1157982362815884","0.29254799703263074","50","50","50","0","0","False","False","NOT_APPLICABLE","","0","0.0","0","2.676297187805176","50","50","50.0","","","moderate_shadow"
"cifar10","20","2","mixed_maturity","rffl_reputation","dirichlet_lcb","benign_concept_drift","0.5","7","2","5","5","0.5","20","9","1.5","5","honest-12","honest","incumbent","ADMITTED","ADMITTED","9","9","0","4","4.882922989522995","1.5","0.7462875490779619","0.8370070466491786","0.6465358545084627","0.6465358545084627","0.1157982362815884","0.29254799703263074","50","50","50","0","0","False","False","NOT_APPLICABLE","","0","0.0","0","3.3607215881347656","50","50","50.0","","","moderate_shadow"
"cifar10","20","2","mixed_maturity","rffl_reputation","dirichlet_lcb","benign_concept_drift","0.5","7","2","5","5","0.5","20","9","1.5","5","honest-13","honest","incumbent","ADMITTED","ADMITTED","9","9","0","3","4.76698923888176","1.5","0.7237820368902304","0.8332768051183246","0.6393772482578011","0.6393772482578011","0.11788253356256753","0.28561047849957855","50","50","50","0","0","False","False","NOT_APPLICABLE","","0","0.0","0","4.192894458770752","50","50","50.0","","","moderate_shadow"
"cifar10","20","2","mixed_maturity","rffl_reputation","dirichlet_lcb","benign_concept_drift","0.5","7","2","5","5","0.5","20","9","1.5","5","honest-14","honest","incumbent","ADMITTED","ADMITTED","9","9","0","4","4.882922989522995","1.5","0.7462875490779619","0.8370070466491786","0.6465358545084627","0.6465358545084627","0.1157982362815884","0.29254799703263074","50","50","50","0","0","False","False","NOT_APPLICABLE","","0","0.0","0","3.1030049324035645","50","50","50.0","","","moderate_shadow"
"cifar10","20","2","mixed_maturity","rffl_reputation","dirichlet_lcb","benign_concept_drift","0.5","7","2","5","5","0.5","20","9","1.5","5","honest-15","honest","incumbent","ADMITTED","ADMITTED","9","9","0","4","4.882922989522995","1.5","0.7462875490779619","0.8370070466491786","0.6465358545084627","0.6465358545084627","0.1157982362815884","0.29254799703263074","50","50","50","0","0","False","False","NOT_APPLICABLE","","0","0.0","0","3.530174732208252","50","50","50.0","","","moderate_shadow"
"cifar10","20","2","mixed_maturity","rffl_reputation","dirichlet_lcb","benign_concept_drift","0.5","7","2","5","5","0.5","20","9","1.5","5","honest-16","honest","incumbent","ADMITTED","ADMITTED","9","9","0","4","4.882922989522995","1.5","0.7462875490779619","0.8370070466491786","0.6465358545084627","0.6465358545084627","0.1157982362815884","0.29254799703263074","50","50","50","0","0","False","False","NOT_APPLICABLE","","0","0.0","0","2.7272865772247314","50","50","50.0","","","moderate_shadow"
"cifar10","20","2","mixed_maturity","rffl_reputation","dirichlet_lcb","benign_concept_drift","0.5","7","2","5","5","0.5","20","9","1.5","5","honest-17","honest","incumbent","ADMITTED","ADMITTED","9","9","0","4","4.882922989522995","1.5","0.7462875490779619","0.8370070466491786","0.6465358545084627","0.6465358545084627","0.1157982362815884","0.29254799703263074","50","50","50","0","0","False","False","NOT_APPLICABLE","","0","0.0","0","3.9932661056518555","50","50","50.0","","","moderate_shadow"
"cifar10","20","2","mixed_maturity","rffl_reputation","dirichlet_lcb","benign_concept_drift","0.5","7","2","5","5","0.5","20","9","1.5","5","honest-18","honest","incumbent","ADMITTED","ADMITTED","9","9","0","4","4.882922989522995","1.5","0.7462875490779619","0.8370070466491786","0.6465358545084627","0.6465358545084627","0.1157982362815884","0.29254799703263074","50","50","50","0","0","False","False","NOT_APPLICABLE","","0","0.0","0","3.7840373516082764","50","50","50.0","","","moderate_shadow"
"cifar10","20","2","mixed_maturity","rffl_reputation","dirichlet_lcb","benign_concept_drift","0.5","7","2","5","5","0.5","20","9","1.5","5","honest-2","honest","incumbent","ADMITTED","QUARANTINE","9","9","0","4","4.882922989522995","1.5","0.7462875490779619","0.8370070466491786","0.6465358545084627","0.6465358545084627","0.1157982362815884","0.29254799703263074","47","47","47","0","0","False","False","NOT_APPLICABLE","","0","0.0","0","3.964919328689575","47","47","47.0","47","RFFL_LOW_REPUTATION","moderate_shadow"
"cifar10","20","2","mixed_maturity","rffl_reputation","dirichlet_lcb","benign_concept_drift","0.5","7","2","5","5","0.5","20","9","1.5","5","honest-3","honest","incumbent","ADMITTED","ADMITTED","9","9","0","4","4.882922989522995","1.5","0.7462875490779619","0.8370070466491786","0.6465358545084627","0.6465358545084627","0.1157982362815884","0.29254799703263074","50","50","50","0","0","False","False","NOT_APPLICABLE","","0","0.0","0","3.13020920753479","50","50","50.0","","","moderate_shadow"
"cifar10","20","2","mixed_maturity","rffl_reputation","dirichlet_lcb","benign_concept_drift","0.5","7","2","5","5","0.5","20","9","1.5","5","honest-4","honest","incumbent","ADMITTED","ADMITTED","9","9","0","4","4.882922989522995","1.5","0.7462875490779619","0.8370070466491786","0.6465358545084627","0.6465358545084627","0.1157982362815884","0.29254799703263074","50","50","50","0","0","False","False","NOT_APPLICABLE","","0","0.0","0","2.290764331817627","50","50","50.0","","","moderate_shadow"
"cifar10","20","2","mixed_maturity","rffl_reputation","dirichlet_lcb","benign_concept_drift","0.5","7","2","5","5","0.5","20","9","1.5","5","honest-5","honest","incumbent","ADMITTED","ADMITTED","9","9","0","4","4.882922989522995","1.5","0.7462875490779619","0.8370070466491786","0.6465358545084627","0.6465358545084627","0.1157982362815884","0.29254799703263074","50","50","50","0","0","False","False","NOT_APPLICABLE","","0","0.0","0","31.871490716934204","50","50","50.0","","","moderate_shadow"
"cifar10","20","2","mixed_maturity","rffl_reputation","dirichlet_lcb","benign_concept_drift","0.5","7","2","5","5","0.5","20","9","1.5","5","honest-6","honest","incumbent","ADMITTED","ADMITTED","9","9","0","4","4.882922989522995","1.5","0.7462875490779619","0.8370070466491786","0.6465358545084627","0.6465358545084627","0.1157982362815884","0.29254799703263074","50","50","50","0","0","False","False","NOT_APPLICABLE","","0","0.0","0","4.0016748905181885","50","50","50.0","","","moderate_shadow"
"cifar10","20","2","mixed_maturity","rffl_reputation","dirichlet_lcb","benign_concept_drift","0.5","7","2","5","5","0.5","20","9","1.5","5","honest-7","honest","incumbent","ADMITTED","ADMITTED","9","9","0","4","4.882922989522995","1.5","0.7462875490779619","0.8370070466491786","0.6465358545084627","0.6465358545084627","0.1157982362815884","0.29254799703263074","50","50","50","0","0","False","False","NOT_APPLICABLE","","0","0.0","0","3.6851401329040527","50","50","50.0","","","moderate_shadow"
"cifar10","20","2","mixed_maturity","rffl_reputation","dirichlet_lcb","benign_concept_drift","0.5","7","2","5","5","0.5","20","9","1.5","5","honest-8","honest","incumbent","ADMITTED","ADMITTED","9","9","0","4","4.882922989522995","1.5","0.7462875490779619","0.8370070466491786","0.6465358545084627","0.6465358545084627","0.1157982362815884","0.29254799703263074","50","50","50","0","0","False","False","NOT_APPLICABLE","","0","0.0","0","2.795755624771118","50","50","50.0","","","moderate_shadow"
"cifar10","20","2","mixed_maturity","rffl_reputation","dirichlet_lcb","benign_concept_drift","0.5","7","2","5","5","0.5","20","9","1.5","5","honest-9","honest","incumbent","ADMITTED","ADMITTED","9","9","0","4","4.882922989522995","1.5","0.7462875490779619","0.8370070466491786","0.6465358545084627","0.6465358545084627","0.1157982362815884","0.29254799703263074","50","50","50","0","0","False","False","NOT_APPLICABLE","","0","0.0","0","33.087043046951294","50","50","50.0","","","moderate_shadow"
"cifar10","20","2","mixed_maturity","rffl_reputation","dirichlet_lcb","benign_concept_drift","0.5","8","2","5","5","0.5","20","9","1.5","5","attacker-1","benign_concept_drift","newcomer","ADMITTED","ADMITTED","9","9","0","4","4.882922989522995","1.5","0.7462875490779619","0.8370070466491786","0.6465358545084627","0.6465358545084627","0.1157982362815884","0.29254799703263074","50","50","50","0","0","False","False","NOT_APPLICABLE","","0","0.0","0","2.5814547538757324","50","50","50.0","","","moderate_shadow"
"cifar10","20","2","mixed_maturity","rffl_reputation","dirichlet_lcb","benign_concept_drift","0.5","8","2","5","5","0.5","20","9","1.5","5","attacker-2","benign_concept_drift","newcomer","ADMITTED","ADMITTED","9","9","0","4","4.882922989522995","1.5","0.7462875490779619","0.8370070466491786","0.6465358545084627","0.6465358545084627","0.1157982362815884","0.29254799703263074","50","50","50","0","0","False","False","NOT_APPLICABLE","","0","0.0","0","3.773406505584717","50","50","50.0","","","moderate_shadow"
"cifar10","20","2","mixed_maturity","rffl_reputation","dirichlet_lcb","benign_concept_drift","0.5","8","2","5","5","0.5","20","9","1.5","5","honest-1","honest","incumbent","ADMITTED","ADMITTED","9","9","0","4","4.882922989522995","1.5","0.7462875490779619","0.8370070466491786","0.6465358545084627","0.6465358545084627","0.1157982362815884","0.29254799703263074","50","50","50","0","0","False","False","NOT_APPLICABLE","","0","0.0","0","2.6746342182159424","50","50","50.0","","","moderate_shadow"
"cifar10","20","2","mixed_maturity","rffl_reputation","dirichlet_lcb","benign_concept_drift","0.5","8","2","5","5","0.5","20","9","1.5","5","honest-10","honest","incumbent","ADMITTED","ADMITTED","9","9","0","4","4.882922989522995","1.5","0.7462875490779619","0.8370070466491786","0.6465358545084627","0.6465358545084627","0.1157982362815884","0.29254799703263074","50","50","50","0","0","False","False","NOT_APPLICABLE","","0","0.0","0","3.2878332138061523","50","50","50.0","","","moderate_shadow"
"cifar10","20","2","mixed_maturity","rffl_reputation","dirichlet_lcb","benign_concept_drift","0.5","8","2","5","5","0.5","20","9","1.5","5","honest-11","honest","incumbent","ADMITTED","ADMITTED","9","9","0","4","4.882922989522995","1.5","0.7462875490779619","0.8370070466491786","0.6465358545084627","0.6465358545084627","0.1157982362815884","0.29254799703263074","50","50","50","0","0","False","False","NOT_APPLICABLE","","0","0.0","0","2.6727700233459473","50","50","50.0","","","moderate_shadow"
"cifar10","20","2","mixed_maturity","rffl_reputation","dirichlet_lcb","benign_concept_drift","0.5","8","2","5","5","0.5","20","9","1.5","5","honest-12","honest","incumbent","ADMITTED","ADMITTED","9","9","0","4","4.882922989522995","1.5","0.7462875490779619","0.8370070466491786","0.6465358545084627","0.6465358545084627","0.1157982362815884","0.29254799703263074","50","50","50","0","0","False","False","NOT_APPLICABLE","","0","0.0","0","3.4406585693359375","50","50","50.0","","","moderate_shadow"
"cifar10","20","2","mixed_maturity","rffl_reputation","dirichlet_lcb","benign_concept_drift","0.5","8","2","5","5","0.5","20","9","1.5","5","honest-13","honest","incumbent","ADMITTED","ADMITTED","9","9","0","4","4.882922989522995","1.5","0.7462875490779619","0.8370070466491786","0.6465358545084627","0.6465358545084627","0.1157982362815884","0.29254799703263074","50","50","50","0","0","False","False","NOT_APPLICABLE","","0","0.0","0","3.0150928497314453","50","50","50.0","","","moderate_shadow"
"cifar10","20","2","mixed_maturity","rffl_reputation","dirichlet_lcb","benign_concept_drift","0.5","8","2","5","5","0.5","20","9","1.5","5","honest-14","honest","incumbent","ADMITTED","ADMITTED","9","9","0","4","4.882922989522995","1.5","0.7462875490779619","0.8370070466491786","0.6465358545084627","0.6465358545084627","0.1157982362815884","0.29254799703263074","50","50","50","0","0","False","False","NOT_APPLICABLE","","0","0.0","0","3.1232571601867676","50","50","50.0","","","moderate_shadow"
"cifar10","20","2","mixed_maturity","rffl_reputation","dirichlet_lcb","benign_concept_drift","0.5","8","2","5","5","0.5","20","9","1.5","5","honest-15","honest","incumbent","ADMITTED","ADMITTED","9","9","0","4","4.882922989522995","1.5","0.7462875490779619","0.8370070466491786","0.6465358545084627","0.6465358545084627","0.1157982362815884","0.29254799703263074","50","50","50","0","0","False","False","NOT_APPLICABLE","","0","0.0","0","3.649385690689087","50","50","50.0","","","moderate_shadow"
"cifar10","20","2","mixed_maturity","rffl_reputation","dirichlet_lcb","benign_concept_drift","0.5","8","2","5","5","0.5","20","9","1.5","5","honest-16","honest","incumbent","ADMITTED","ADMITTED","9","9","0","4","4.882922989522995","1.5","0.7458546824886865","0.8363640818031697","0.6452990928248183","0.6452990928248183","0.11615923904392206","0.2913394181019701","50","50","50","0","0","False","False","NOT_APPLICABLE","","0","0.0","0","31.12299370765686","50","50","50.0","","","moderate_shadow"
"cifar10","20","2","mixed_maturity","rffl_reputation","dirichlet_lcb","benign_concept_drift","0.5","8","2","5","5","0.5","20","9","1.5","5","honest-17","honest","incumbent","ADMITTED","ADMITTED","9","9","0","4","4.882922989522995","1.5","0.7462875490779619","0.8370070466491786","0.6465358545084627","0.6465358545084627","0.1157982362815884","0.29254799703263074","50","50","50","0","0","False","False","NOT_APPLICABLE","","0","0.0","0","3.3179070949554443","50","50","50.0","","","moderate_shadow"
"cifar10","20","2","mixed_maturity","rffl_reputation","dirichlet_lcb","benign_concept_drift","0.5","8","2","5","5","0.5","20","9","1.5","5","honest-18","honest","incumbent","ADMITTED","ADMITTED","9","9","0","4","4.882922989522995","1.5","0.7462875490779619","0.8370070466491786","0.6465358545084627","0.6465358545084627","0.1157982362815884","0.29254799703263074","50","50","50","0","0","False","False","NOT_APPLICABLE","","0","0.0","0","2.9917054176330566","50","50","50.0","","","moderate_shadow"
"cifar10","20","2","mixed_maturity","rffl_reputation","dirichlet_lcb","benign_concept_drift","0.5","8","2","5","5","0.5","20","9","1.5","5","honest-2","honest","incumbent","ADMITTED","ADMITTED","9","9","0","4","4.882922989522995","1.5","0.7462875490779619","0.8370070466491786","0.6465358545084627","0.6465358545084627","0.1157982362815884","0.29254799703263074","50","50","50","0","0","False","False","NOT_APPLICABLE","","0","0.0","0","2.5755295753479004","50","50","50.0","","","moderate_shadow"
"cifar10","20","2","mixed_maturity","rffl_reputation","dirichlet_lcb","benign_concept_drift","0.5","8","2","5","5","0.5","20","9","1.5","5","honest-3","honest","incumbent","ADMITTED","ADMITTED","9","9","0","4","4.882922989522995","1.5","0.7462875490779619","0.8370070466491786","0.6465358545084627","0.6465358545084627","0.1157982362815884","0.29254799703263074","50","50","50","0","0","False","False","NOT_APPLICABLE","","0","0.0","0","3.580665111541748","50","50","50.0","","","moderate_shadow"
"cifar10","20","2","mixed_maturity","rffl_reputation","dirichlet_lcb","benign_concept_drift","0.5","8","2","5","5","0.5","20","9","1.5","5","honest-4","honest","incumbent","ADMITTED","ADMITTED","9","9","0","4","4.882922989522995","1.5","0.7462875490779619","0.8370070466491786","0.6465358545084627","0.6465358545084627","0.1157982362815884","0.29254799703263074","50","50","50","0","0","False","False","NOT_APPLICABLE","","0","0.0","0","32.39083456993103","50","50","50.0","","","moderate_shadow"
"cifar10","20","2","mixed_maturity","rffl_reputation","dirichlet_lcb","benign_concept_drift","0.5","8","2","5","5","0.5","20","9","1.5","5","honest-5","honest","incumbent","ADMITTED","ADMITTED","9","9","0","4","4.882922989522995","1.5","0.7462875490779619","0.8370070466491786","0.6465358545084627","0.6465358545084627","0.1157982362815884","0.29254799703263074","50","50","50","0","0","False","False","NOT_APPLICABLE","","0","0.0","0","3.549222469329834","50","50","50.0","","","moderate_shadow"
"cifar10","20","2","mixed_maturity","rffl_reputation","dirichlet_lcb","benign_concept_drift","0.5","8","2","5","5","0.5","20","9","1.5","5","honest-6","honest","incumbent","ADMITTED","ADMITTED","9","9","0","4","4.882922989522995","1.5","0.7462875490779619","0.8370070466491786","0.6465358545084627","0.6465358545084627","0.1157982362815884","0.29254799703263074","50","50","50","0","0","False","False","NOT_APPLICABLE","","0","0.0","0","2.554192543029785","50","50","50.0","","","moderate_shadow"
"cifar10","20","2","mixed_maturity","rffl_reputation","dirichlet_lcb","benign_concept_drift","0.5","8","2","5","5","0.5","20","9","1.5","5","honest-7","honest","incumbent","ADMITTED","ADMITTED","9","9","0","4","4.882922989522995","1.5","0.7462875490779619","0.8370070466491786","0.6465358545084627","0.6465358545084627","0.1157982362815884","0.29254799703263074","50","50","50","0","0","False","False","NOT_APPLICABLE","","0","0.0","0","2.2462661266326904","50","50","50.0","","","moderate_shadow"
"cifar10","20","2","mixed_maturity","rffl_reputation","dirichlet_lcb","benign_concept_drift","0.5","8","2","5","5","0.5","20","9","1.5","5","honest-8","honest","incumbent","ADMITTED","ADMITTED","9","9","0","4","4.882922989522995","1.5","0.7462875490779619","0.8370070466491786","0.6465358545084627","0.6465358545084627","0.1157982362815884","0.29254799703263074","50","50","50","0","0","False","False","NOT_APPLICABLE","","0","0.0","0","3.0068767070770264","50","50","50.0","","","moderate_shadow"
"cifar10","20","2","mixed_maturity","rffl_reputation","dirichlet_lcb","benign_concept_drift","0.5","8","2","5","5","0.5","20","9","1.5","5","honest-9","honest","incumbent","ADMITTED","ADMITTED","9","9","0","4","4.882922989522995","1.5","0.7462875490779619","0.8370070466491786","0.6465358545084627","0.6465358545084627","0.1157982362815884","0.29254799703263074","50","50","50","0","0","False","False","NOT_APPLICABLE","","0","0.0","0","2.562121629714966","50","50","50.0","","","moderate_shadow"
"cifar10","20","2","mixed_maturity","rffl_reputation","dirichlet_lcb","benign_concept_drift","0.5","9","2","5","5","0.5","20","9","1.5","5","attacker-1","benign_concept_drift","newcomer","ADMITTED","ADMITTED","9","9","0","4","4.882922989522995","1.5","0.7462875490779619","0.8370070466491786","0.6465358545084627","0.6465358545084627","0.1157982362815884","0.29254799703263074","50","50","50","0","0","False","False","NOT_APPLICABLE","","0","0.0","0","2.6062421798706055","50","50","50.0","","","moderate_shadow"
"cifar10","20","2","mixed_maturity","rffl_reputation","dirichlet_lcb","benign_concept_drift","0.5","9","2","5","5","0.5","20","9","1.5","5","attacker-2","benign_concept_drift","newcomer","ADMITTED","ADMITTED","9","9","0","4","4.882922989522995","1.5","0.7462875490779619","0.8370070466491786","0.6465358545084627","0.6465358545084627","0.1157982362815884","0.29254799703263074","50","50","50","0","0","False","False","NOT_APPLICABLE","","0","0.0","0","3.208371639251709","50","50","50.0","","","moderate_shadow"
"cifar10","20","2","mixed_maturity","rffl_reputation","dirichlet_lcb","benign_concept_drift","0.5","9","2","5","5","0.5","20","9","1.5","5","honest-1","honest","incumbent","ADMITTED","ADMITTED","9","9","0","4","4.882922989522995","1.5","0.7462875490779619","0.8370070466491786","0.6465358545084627","0.6465358545084627","0.1157982362815884","0.29254799703263074","50","50","50","0","0","False","False","NOT_APPLICABLE","","0","0.0","0","3.3597617149353027","50","50","50.0","","","moderate_shadow"
"cifar10","20","2","mixed_maturity","rffl_reputation","dirichlet_lcb","benign_concept_drift","0.5","9","2","5","5","0.5","20","9","1.5","5","honest-10","honest","incumbent","ADMITTED","ADMITTED","9","9","0","4","4.882922989522995","1.5","0.7462875490779619","0.8370070466491786","0.6465358545084627","0.6465358545084627","0.1157982362815884","0.29254799703263074","50","50","50","0","0","False","False","NOT_APPLICABLE","","0","0.0","0","2.233656883239746","50","50","50.0","","","moderate_shadow"
"cifar10","20","2","mixed_maturity","rffl_reputation","dirichlet_lcb","benign_concept_drift","0.5","9","2","5","5","0.5","20","9","1.5","5","honest-11","honest","incumbent","ADMITTED","ADMITTED","9","9","0","4","4.882922989522995","1.5","0.7462875490779619","0.8370070466491786","0.6465358545084627","0.6465358545084627","0.1157982362815884","0.29254799703263074","50","50","50","0","0","False","False","NOT_APPLICABLE","","0","0.0","0","32.249080419540405","50","50","50.0","","","moderate_shadow"
"cifar10","20","2","mixed_maturity","rffl_reputation","dirichlet_lcb","benign_concept_drift","0.5","9","2","5","5","0.5","20","9","1.5","5","honest-12","honest","incumbent","ADMITTED","ADMITTED","9","9","0","4","4.882922989522995","1.5","0.7462875490779619","0.8370070466491786","0.6465358545084627","0.6465358545084627","0.1157982362815884","0.29254799703263074","50","50","50","0","0","False","False","NOT_APPLICABLE","","0","0.0","0","3.424417018890381","50","50","50.0","","","moderate_shadow"
"cifar10","20","2","mixed_maturity","rffl_reputation","dirichlet_lcb","benign_concept_drift","0.5","9","2","5","5","0.5","20","9","1.5","5","honest-13","honest","incumbent","ADMITTED","ADMITTED","9","9","0","4","4.882922989522995","1.5","0.7462875490779619","0.8370070466491786","0.6465358545084627","0.6465358545084627","0.1157982362815884","0.29254799703263074","50","50","50","0","0","False","False","NOT_APPLICABLE","","0","0.0","0","2.7619197368621826","50","50","50.0","","","moderate_shadow"
"cifar10","20","2","mixed_maturity","rffl_reputation","dirichlet_lcb","benign_concept_drift","0.5","9","2","5","5","0.5","20","9","1.5","5","honest-14","honest","incumbent","ADMITTED","ADMITTED","9","9","0","4","4.882922989522995","1.5","0.7462875490779619","0.8370070466491786","0.6465358545084627","0.6465358545084627","0.1157982362815884","0.29254799703263074","50","50","50","0","0","False","False","NOT_APPLICABLE","","0","0.0","0","3.022487163543701","50","50","50.0","","","moderate_shadow"
"cifar10","20","2","mixed_maturity","rffl_reputation","dirichlet_lcb","benign_concept_drift","0.5","9","2","5","5","0.5","20","9","1.5","5","honest-15","honest","incumbent","ADMITTED","ADMITTED","9","9","0","3","4.76698923888176","1.5","0.7437820368902304","0.8332768051183246","0.6393772482578011","0.6393772482578011","0.11788253356256753","0.28561047849957855","50","50","50","0","0","False","False","NOT_APPLICABLE","","0","0.0","0","31.589200973510742","50","50","50.0","","","moderate_shadow"
"cifar10","20","2","mixed_maturity","rffl_reputation","dirichlet_lcb","benign_concept_drift","0.5","9","2","5","5","0.5","20","9","1.5","5","honest-16","honest","incumbent","ADMITTED","ADMITTED","9","9","0","4","4.882922989522995","1.5","0.7462875490779619","0.8370070466491786","0.6465358545084627","0.6465358545084627","0.1157982362815884","0.29254799703263074","50","50","50","0","0","False","False","NOT_APPLICABLE","","0","0.0","0","2.4982292652130127","50","50","50.0","","","moderate_shadow"
"cifar10","20","2","mixed_maturity","rffl_reputation","dirichlet_lcb","benign_concept_drift","0.5","9","2","5","5","0.5","20","9","1.5","5","honest-17","honest","incumbent","ADMITTED","ADMITTED","9","9","0","4","4.882922989522995","1.5","0.7462875490779619","0.8370070466491786","0.6465358545084627","0.6465358545084627","0.1157982362815884","0.29254799703263074","50","50","50","0","0","False","False","NOT_APPLICABLE","","0","0.0","0","2.433584451675415","50","50","50.0","","","moderate_shadow"
"cifar10","20","2","mixed_maturity","rffl_reputation","dirichlet_lcb","benign_concept_drift","0.5","9","2","5","5","0.5","20","9","1.5","5","honest-18","honest","incumbent","ADMITTED","ADMITTED","9","9","0","4","4.882922989522995","1.5","0.7462875490779619","0.8370070466491786","0.6465358545084627","0.6465358545084627","0.1157982362815884","0.29254799703263074","50","50","50","0","0","False","False","NOT_APPLICABLE","","0","0.0","0","3.406923294067383","50","50","50.0","","","moderate_shadow"
"cifar10","20","2","mixed_maturity","rffl_reputation","dirichlet_lcb","benign_concept_drift","0.5","9","2","5","5","0.5","20","9","1.5","5","honest-2","honest","incumbent","ADMITTED","ADMITTED","9","9","0","4","4.882922989522995","1.5","0.7462875490779619","0.8370070466491786","0.6465358545084627","0.6465358545084627","0.1157982362815884","0.29254799703263074","50","50","50","0","0","False","False","NOT_APPLICABLE","","0","0.0","0","3.0813536643981934","50","50","50.0","","","moderate_shadow"
"cifar10","20","2","mixed_maturity","rffl_reputation","dirichlet_lcb","benign_concept_drift","0.5","9","2","5","5","0.5","20","9","1.5","5","honest-3","honest","incumbent","ADMITTED","ADMITTED","9","9","0","4","4.882922989522995","1.5","0.7462875490779619","0.8370070466491786","0.6465358545084627","0.6465358545084627","0.1157982362815884","0.29254799703263074","50","50","50","0","0","False","False","NOT_APPLICABLE","","0","0.0","0","2.5768651962280273","50","50","50.0","","","moderate_shadow"
"cifar10","20","2","mixed_maturity","rffl_reputation","dirichlet_lcb","benign_concept_drift","0.5","9","2","5","5","0.5","20","9","1.5","5","honest-4","honest","incumbent","ADMITTED","ADMITTED","9","9","0","3","4.5294892388817605","1.5","0.7401065581334588","0.8277664507491892","0.6288758803813109","0.6288758803813109","0.12091685363435191","0.27568090107538146","50","50","50","0","0","False","False","NOT_APPLICABLE","","0","0.0","0","61.33946776390076","50","50","50.0","","","moderate_shadow"
"cifar10","20","2","mixed_maturity","rffl_reputation","dirichlet_lcb","benign_concept_drift","0.5","9","2","5","5","0.5","20","9","1.5","5","honest-5","honest","incumbent","ADMITTED","ADMITTED","9","9","0","4","4.882922989522995","1.5","0.7462875490779619","0.8370070466491786","0.6465358545084627","0.6465358545084627","0.1157982362815884","0.29254799703263074","50","50","50","0","0","False","False","NOT_APPLICABLE","","0","0.0","0","32.08036160469055","50","50","50.0","","","moderate_shadow"
"cifar10","20","2","mixed_maturity","rffl_reputation","dirichlet_lcb","benign_concept_drift","0.5","9","2","5","5","0.5","20","9","1.5","5","honest-6","honest","incumbent","ADMITTED","ADMITTED","9","9","0","3","5.004489238881761","1.5","0.7503560216234088","0.8430201361031787","0.6581600617811678","0.6581600617811678","0.11238691964272261","0.3041175807403508","50","50","50","0","0","False","False","NOT_APPLICABLE","","0","0.0","0","31.504265069961548","50","50","50.0","","","moderate_shadow"
"cifar10","20","2","mixed_maturity","rffl_reputation","dirichlet_lcb","benign_concept_drift","0.5","9","2","5","5","0.5","20","9","1.5","5","honest-7","honest","incumbent","ADMITTED","ADMITTED","9","9","0","4","4.882922989522995","1.5","0.7462875490779619","0.8370070466491786","0.6465358545084627","0.6465358545084627","0.1157982362815884","0.29254799703263074","50","50","50","0","0","False","False","NOT_APPLICABLE","","0","0.0","0","3.2609074115753174","50","50","50.0","","","moderate_shadow"
"cifar10","20","2","mixed_maturity","rffl_reputation","dirichlet_lcb","benign_concept_drift","0.5","9","2","5","5","0.5","20","9","1.5","5","honest-8","honest","incumbent","ADMITTED","ADMITTED","9","9","0","4","4.882922989522995","1.5","0.7462875490779619","0.8370070466491786","0.6465358545084627","0.6465358545084627","0.1157982362815884","0.29254799703263074","50","50","50","0","0","False","False","NOT_APPLICABLE","","0","0.0","0","2.2852001190185547","50","50","50.0","","","moderate_shadow"
"cifar10","20","2","mixed_maturity","rffl_reputation","dirichlet_lcb","benign_concept_drift","0.5","9","2","5","5","0.5","20","9","1.5","5","honest-9","honest","incumbent","ADMITTED","ADMITTED","9","9","0","4","4.882922989522995","1.5","0.7462875490779619","0.8370070466491786","0.6465358545084627","0.6465358545084627","0.1157982362815884","0.29254799703263074","50","50","50","0","0","False","False","NOT_APPLICABLE","","0","0.0","0","32.73091506958008","50","50","50.0","","","moderate_shadow"
