"dataset","client_count","attacker_count","cohort_mode","variant","trust_estimator","attack_scenario","noniid_alpha","repeat","attack_start_round","limited_clean_updates","limited_observation_updates","limited_aggregation_weight","access_lease_full_updates","max_probation_tasks","min_probation_completed_tasks","min_evidence_mass","round","loss","accuracy","backdoor_asr"
"cifar10","20","2","mixed_maturity","access_freshness_lease","dirichlet_lcb","diverse_then_repeat_backdoor","0.5","0","2","5","5","0.5","5","20","9","1.5","1","8.018336296081543","0.1545","0.0"
"cifar10","20","2","mixed_maturity","access_freshness_lease","dirichlet_lcb","diverse_then_repeat_backdoor","0.5","0","2","5","5","0.5","5","20","9","1.5","2","6.185223579406738","0.1955","0.3422222222222222"
"cifar10","20","2","mixed_maturity","access_freshness_lease","dirichlet_lcb","diverse_then_repeat_backdoor","0.5","0","2","5","5","0.5","5","20","9","1.5","3","6.643160343170166","0.244","0.0005555555555555556"
"cifar10","20","2","mixed_maturity","access_freshness_lease","dirichlet_lcb","diverse_then_repeat_backdoor","0.5","0","2","5","5","0.5","5","20","9","1.5","4","5.602645397186279","0.2595","0.0022222222222222222"
"cifar10","20","2","mixed_maturity","access_freshness_lease","dirichlet_lcb","diverse_then_repeat_backdoor","0.5","0","2","5","5","0.5","5","20","9","1.5","5","8.286031723022461","0.2525","0.08555555555555555"
"cifar10","20","2","mixed_maturity","access_freshness_lease","dirichlet_lcb","diverse_then_repeat_backdoor","0.5","0","2","5","5","0.5","5","20","9","1.5","6","7.148431777954102","0.2365","0.012222222222222223"
"cifar10","20","2","mixed_maturity","access_freshness_lease","dirichlet_lcb","diverse_then_repeat_backdoor","0.5","0","2","5","5","0.5","5","20","9","1.5","7","6.736105442047119","0.2775","0.08055555555555556"
"cifar10","20","2","mixed_maturity","access_freshness_lease","dirichlet_lcb","diverse_then_repeat_backdoor","0.5","0","2","5","5","0.5","5","20","9","1.5","8","6.157711029052734","0.298","0.11222222222222222"
"cifar10","20","2","mixed_maturity","access_freshness_lease","dirichlet_lcb","diverse_then_repeat_backdoor","0.5","0","2","5","5","0.5","5","20","9","1.5","9","7.005815505981445","0.259","0.013888888888888888"
"cifar10","20","2","mixed_maturity","access_freshness_lease","dirichlet_lcb","diverse_then_repeat_backdoor","0.5","0","2","5","5","0.5","5","20","9","1.5","10","8.349504470825195","0.2565","0.09166666666666666"
"cifar10","20","2","mixed_maturity","access_freshness_lease","dirichlet_lcb","diverse_then_repeat_backdoor","0.5","0","2","5","5","0.5","5","20","9","1.5","11","7.158593654632568","0.254","0.4572222222222222"
"cifar10","20","2","mixed_maturity","access_freshness_lease","dirichlet_lcb","diverse_then_repeat_backdoor","0.5","0","2","5","5","0.5","5","20","9","1.5","12","7.0308308601379395","0.306","0.0011111111111111111"
"cifar10","20","2","mixed_maturity","access_freshness_lease","dirichlet_lcb","diverse_then_repeat_backdoor","0.5","0","2","5","5","0.5","5","20","9","1.5","13","5.72935152053833","0.3365","0.14333333333333334"
"cifar10","20","2","mixed_maturity","access_freshness_lease","dirichlet_lcb","diverse_then_repeat_backdoor","0.5","0","2","5","5","0.5","5","20","9","1.5","14","6.7493486404418945","0.323","0.10777777777777778"
"cifar10","20","2","mixed_maturity","access_freshness_lease","dirichlet_lcb","diverse_then_repeat_backdoor","0.5","0","2","5","5","0.5","5","20","9","1.5","15","6.722947120666504","0.293","0.11277777777777778"
"cifar10","20","2","mixed_maturity","access_freshness_lease","dirichlet_lcb","diverse_then_repeat_backdoor","0.5","0","2","5","5","0.5","5","20","9","1.5","16","7.665485382080078","0.295","0.2772222222222222"
"cifar10","20","2","mixed_maturity","access_freshness_lease","dirichlet_lcb","diverse_then_repeat_backdoor","0.5","0","2","5","5","0.5","5","20","9","1.5","17","6.221475124359131","0.3355","0.09833333333333333"
"cifar10","20","2","mixed_maturity","access_freshness_lease","dirichlet_lcb","diverse_then_repeat_backdoor","0.5","0","2","5","5","0.5","5","20","9","1.5","18","6.484287261962891","0.332","0.13666666666666666"
"cifar10","20","2","mixed_maturity","access_freshness_lease","dirichlet_lcb","diverse_then_repeat_backdoor","0.5","0","2","5","5","0.5","5","20","9","1.5","19","7.028201103210449","0.2995","0.4361111111111111"
"cifar10","20","2","mixed_maturity","access_freshness_lease","dirichlet_lcb","diverse_then_repeat_backdoor","0.5","0","2","5","5","0.5","5","20","9","1.5","20","6.803465843200684","0.303","0.014444444444444444"
"cifar10","20","2","mixed_maturity","access_freshness_lease","dirichlet_lcb","diverse_then_repeat_backdoor","0.5","0","2","5","5","0.5","5","20","9","1.5","21","6.53726053237915","0.3175","0.1"
"cifar10","20","2","mixed_maturity","access_freshness_lease","dirichlet_lcb","diverse_then_repeat_backdoor","0.5","0","2","5","5","0.5","5","20","9","1.5","22","6.870065212249756","0.3065","0.09944444444444445"
"cifar10","20","2","mixed_maturity","access_freshness_lease","dirichlet_lcb","diverse_then_repeat_backdoor","0.5","0","2","5","5","0.5","5","20","9","1.5","23","8.166449546813965","0.2905","0.36333333333333334"
"cifar10","20","2","mixed_maturity","access_freshness_lease","dirichlet_lcb","diverse_then_repeat_backdoor","0.5","0","2","5","5","0.5","5","20","9","1.5","24","6.873542308807373","0.3085","0.19722222222222222"
"cifar10","20","2","mixed_maturity","access_freshness_lease","dirichlet_lcb","diverse_then_repeat_backdoor","0.5","0","2","5","5","0.5","5","20","9","1.5","25","6.134611129760742","0.322","0.105"
"cifar10","20","2","mixed_maturity","access_freshness_lease","dirichlet_lcb","diverse_then_repeat_backdoor","0.5","0","2","5","5","0.5","5","20","9","1.5","26","6.22977352142334","0.3195","0.2611111111111111"
"cifar10","20","2","mixed_maturity","access_freshness_lease","dirichlet_lcb","diverse_then_repeat_backdoor","0.5","0","2","5","5","0.5","5","20","9","1.5","27","6.079160213470459","0.3375","0.10666666666666667"
"cifar10","20","2","mixed_maturity","access_freshness_lease","dirichlet_lcb","diverse_then_repeat_backdoor","0.5","0","2","5","5","0.5","5","20","9","1.5","28","6.615340709686279","0.327","0.02666666666666667"
"cifar10","20","2","mixed_maturity","access_freshness_lease","dirichlet_lcb","diverse_then_repeat_backdoor","0.5","0","2","5","5","0.5","5","20","9","1.5","29","7.236340045928955","0.3205","0.2011111111111111"
"cifar10","20","2","mixed_maturity","access_freshness_lease","dirichlet_lcb","diverse_then_repeat_backdoor","0.5","0","2","5","5","0.5","5","20","9","1.5","30","7.27540397644043","0.329","0.135"
"cifar10","20","2","mixed_maturity","access_freshness_lease","dirichlet_lcb","diverse_then_repeat_backdoor","0.5","0","2","5","5","0.5","5","20","9","1.5","31","6.559730529785156","0.3345","0.23333333333333334"
"cifar10","20","2","mixed_maturity","access_freshness_lease","dirichlet_lcb","diverse_then_repeat_backdoor","0.5","0","2","5","5","0.5","5","20","9","1.5","32","7.725862503051758","0.3065","0.32055555555555554"
"cifar10","20","2","mixed_maturity","access_freshness_lease","dirichlet_lcb","diverse_then_repeat_backdoor","0.5","0","2","5","5","0.5","5","20","9","1.5","33","5.7198662757873535","0.3765","0.225"
"cifar10","20","2","mixed_maturity","access_freshness_lease","dirichlet_lcb","diverse_then_repeat_backdoor","0.5","0","2","5","5","0.5","5","20","9","1.5","34","5.809545040130615","0.3285","0.3461111111111111"
"cifar10","20","2","mixed_maturity","access_freshness_lease","dirichlet_lcb","diverse_then_repeat_backdoor","0.5","0","2","5","5","0.5","5","20","9","1.5","35","5.895003795623779","0.358","0.26166666666666666"
"cifar10","20","2","mixed_maturity","access_freshness_lease","dirichlet_lcb","diverse_then_repeat_backdoor","0.5","0","2","5","5","0.5","5","20","9","1.5","36","6.699645519256592","0.339","0.1811111111111111"
"cifar10","20","2","mixed_maturity","access_freshness_lease","dirichlet_lcb","diverse_then_repeat_backdoor","0.5","0","2","5","5","0.5","5","20","9","1.5","37","5.825316429138184","0.341","0.2866666666666667"
"cifar10","20","2","mixed_maturity","access_freshness_lease","dirichlet_lcb","diverse_then_repeat_backdoor","0.5","0","2","5","5","0.5","5","20","9","1.5","38","6.849700450897217","0.3375","0.4988888888888889"
"cifar10","20","2","mixed_maturity","access_freshness_lease","dirichlet_lcb","diverse_then_repeat_backdoor","0.5","0","2","5","5","0.5","5","20","9","1.5","39","6.986289978027344","0.349","0.3322222222222222"
"cifar10","20","2","mixed_maturity","access_freshness_lease","dirichlet_lcb","diverse_then_repeat_backdoor","0.5","0","2","5","5","0.5","5","20","9","1.5","40","6.11443567276001","0.34","0.36833333333333335"
"cifar10","20","2","mixed_maturity","access_freshness_lease","dirichlet_lcb","diverse_then_repeat_backdoor","0.5","0","2","5","5","0.5","5","20","9","1.5","41","5.797137260437012","0.353","0.26944444444444443"
"cifar10","20","2","mixed_maturity","access_freshness_lease","dirichlet_lcb","diverse_then_repeat_backdoor","0.5","0","2","5","5","0.5","5","20","9","1.5","42","7.720827102661133","0.3035","0.3438888888888889"
"cifar10","20","2","mixed_maturity","access_freshness_lease","dirichlet_lcb","diverse_then_repeat_backdoor","0.5","0","2","5","5","0.5","5","20","9","1.5","43","7.268485069274902","0.3355","0.3433333333333333"
"cifar10","20","2","mixed_maturity","access_freshness_lease","dirichlet_lcb","diverse_then_repeat_backdoor","0.5","0","2","5","5","0.5","5","20","9","1.5","44","5.885885238647461","0.3525","0.19055555555555556"
"cifar10","20","2","mixed_maturity","access_freshness_lease","dirichlet_lcb","diverse_then_repeat_backdoor","0.5","0","2","5","5","0.5","5","20","9","1.5","45","6.620623588562012","0.3345","0.10777777777777778"
"cifar10","20","2","mixed_maturity","access_freshness_lease","dirichlet_lcb","diverse_then_repeat_backdoor","0.5","0","2","5","5","0.5","5","20","9","1.5","46","6.273847579956055","0.332","0.46055555555555555"
"cifar10","20","2","mixed_maturity","access_freshness_lease","dirichlet_lcb","diverse_then_repeat_backdoor","0.5","0","2","5","5","0.5","5","20","9","1.5","47","6.568611145019531","0.3425","0.3527777777777778"
"cifar10","20","2","mixed_maturity","access_freshness_lease","dirichlet_lcb","diverse_then_repeat_backdoor","0.5","0","2","5","5","0.5","5","20","9","1.5","48","6.0709991455078125","0.356","0.4411111111111111"
"cifar10","20","2","mixed_maturity","access_freshness_lease","dirichlet_lcb","diverse_then_repeat_backdoor","0.5","0","2","5","5","0.5","5","20","9","1.5","49","5.65371561050415","0.3465","0.25666666666666665"
"cifar10","20","2","mixed_maturity","access_freshness_lease","dirichlet_lcb","diverse_then_repeat_backdoor","0.5","0","2","5","5","0.5","5","20","9","1.5","50","6.708348751068115","0.3345","0.47888888888888886"
"cifar10","20","2","mixed_maturity","access_freshness_lease","dirichlet_lcb","diverse_then_repeat_backdoor","0.5","1","2","5","5","0.5","5","20","9","1.5","1","6.358318328857422","0.21","0.14666666666666667"
"cifar10","20","2","mixed_maturity","access_freshness_lease","dirichlet_lcb","diverse_then_repeat_backdoor","0.5","1","2","5","5","0.5","5","20","9","1.5","2","8.18465805053711","0.1585","0.03"
"cifar10","20","2","mixed_maturity","access_freshness_lease","dirichlet_lcb","diverse_then_repeat_backdoor","0.5","1","2","5","5","0.5","5","20","9","1.5","3","8.266973495483398","0.2135","0.04555555555555556"
"cifar10","20","2","mixed_maturity","access_freshness_lease","dirichlet_lcb","diverse_then_repeat_backdoor","0.5","1","2","5","5","0.5","5","20","9","1.5","4","7.54597282409668","0.2645","0.13944444444444445"
"cifar10","20","2","mixed_maturity","access_freshness_lease","dirichlet_lcb","diverse_then_repeat_backdoor","0.5","1","2","5","5","0.5","5","20","9","1.5","5","6.364048480987549","0.2745","0.10388888888888889"
"cifar10","20","2","mixed_maturity","access_freshness_lease","dirichlet_lcb","diverse_then_repeat_backdoor","0.5","1","2","5","5","0.5","5","20","9","1.5","6","6.7627644538879395","0.2585","0.06555555555555556"
"cifar10","20","2","mixed_maturity","access_freshness_lease","dirichlet_lcb","diverse_then_repeat_backdoor","0.5","1","2","5","5","0.5","5","20","9","1.5","7","7.380271911621094","0.2665","0.13555555555555557"
"cifar10","20","2","mixed_maturity","access_freshness_lease","dirichlet_lcb","diverse_then_repeat_backdoor","0.5","1","2","5","5","0.5","5","20","9","1.5","8","6.8441643714904785","0.2845","0.0016666666666666668"
"cifar10","20","2","mixed_maturity","access_freshness_lease","dirichlet_lcb","diverse_then_repeat_backdoor","0.5","1","2","5","5","0.5","5","20","9","1.5","9","7.136162281036377","0.2745","0.13777777777777778"
"cifar10","20","2","mixed_maturity","access_freshness_lease","dirichlet_lcb","diverse_then_repeat_backdoor","0.5","1","2","5","5","0.5","5","20","9","1.5","10","6.530322551727295","0.291","0.12055555555555555"
"cifar10","20","2","mixed_maturity","access_freshness_lease","dirichlet_lcb","diverse_then_repeat_backdoor","0.5","1","2","5","5","0.5","5","20","9","1.5","11","6.112368106842041","0.299","0.007222222222222222"
"cifar10","20","2","mixed_maturity","access_freshness_lease","dirichlet_lcb","diverse_then_repeat_backdoor","0.5","1","2","5","5","0.5","5","20","9","1.5","12","10.351012229919434","0.2195","0.03388888888888889"
"cifar10","20","2","mixed_maturity","access_freshness_lease","dirichlet_lcb","diverse_then_repeat_backdoor","0.5","1","2","5","5","0.5","5","20","9","1.5","13","6.546513557434082","0.299","0.056666666666666664"
"cifar10","20","2","mixed_maturity","access_freshness_lease","dirichlet_lcb","diverse_then_repeat_backdoor","0.5","1","2","5","5","0.5","5","20","9","1.5","14","8.135428428649902","0.2875","0.14888888888888888"
"cifar10","20","2","mixed_maturity","access_freshness_lease","dirichlet_lcb","diverse_then_repeat_backdoor","0.5","1","2","5","5","0.5","5","20","9","1.5","15","7.128739356994629","0.2855","0.013333333333333334"
"cifar10","20","2","mixed_maturity","access_freshness_lease","dirichlet_lcb","diverse_then_repeat_backdoor","0.5","1","2","5","5","0.5","5","20","9","1.5","16","7.581940650939941","0.2755","0.015555555555555555"
"cifar10","20","2","mixed_maturity","access_freshness_lease","dirichlet_lcb","diverse_then_repeat_backdoor","0.5","1","2","5","5","0.5","5","20","9","1.5","17","5.900487422943115","0.329","0.17833333333333334"
"cifar10","20","2","mixed_maturity","access_freshness_lease","dirichlet_lcb","diverse_then_repeat_backdoor","0.5","1","2","5","5","0.5","5","20","9","1.5","18","5.2034382820129395","0.3395","0.105"
"cifar10","20","2","mixed_maturity","access_freshness_lease","dirichlet_lcb","diverse_then_repeat_backdoor","0.5","1","2","5","5","0.5","5","20","9","1.5","19","7.945888996124268","0.3065","0.0077777777777777776"
"cifar10","20","2","mixed_maturity","access_freshness_lease","dirichlet_lcb","diverse_then_repeat_backdoor","0.5","1","2","5","5","0.5","5","20","9","1.5","20","6.658896446228027","0.3135","0.14166666666666666"
"cifar10","20","2","mixed_maturity","access_freshness_lease","dirichlet_lcb","diverse_then_repeat_backdoor","0.5","1","2","5","5","0.5","5","20","9","1.5","21","6.819914817810059","0.2975","0.2916666666666667"
"cifar10","20","2","mixed_maturity","access_freshness_lease","dirichlet_lcb","diverse_then_repeat_backdoor","0.5","1","2","5","5","0.5","5","20","9","1.5","22","5.985114097595215","0.3295","0.07166666666666667"
"cifar10","20","2","mixed_maturity","access_freshness_lease","dirichlet_lcb","diverse_then_repeat_backdoor","0.5","1","2","5","5","0.5","5","20","9","1.5","23","7.137786388397217","0.3325","0.02666666666666667"
"cifar10","20","2","mixed_maturity","access_freshness_lease","dirichlet_lcb","diverse_then_repeat_backdoor","0.5","1","2","5","5","0.5","5","20","9","1.5","24","6.973690986633301","0.325","0.12333333333333334"
"cifar10","20","2","mixed_maturity","access_freshness_lease","dirichlet_lcb","diverse_then_repeat_backdoor","0.5","1","2","5","5","0.5","5","20","9","1.5","25","6.869032859802246","0.3155","0.05611111111111111"
"cifar10","20","2","mixed_maturity","access_freshness_lease","dirichlet_lcb","diverse_then_repeat_backdoor","0.5","1","2","5","5","0.5","5","20","9","1.5","26","7.422663688659668","0.3165","0.0016666666666666668"
"cifar10","20","2","mixed_maturity","access_freshness_lease","dirichlet_lcb","diverse_then_repeat_backdoor","0.5","1","2","5","5","0.5","5","20","9","1.5","27","5.930299282073975","0.346","0.11555555555555555"
"cifar10","20","2","mixed_maturity","access_freshness_lease","dirichlet_lcb","diverse_then_repeat_backdoor","0.5","1","2","5","5","0.5","5","20","9","1.5","28","5.491411209106445","0.368","0.10944444444444444"
"cifar10","20","2","mixed_maturity","access_freshness_lease","dirichlet_lcb","diverse_then_repeat_backdoor","0.5","1","2","5","5","0.5","5","20","9","1.5","29","6.427237033843994","0.3205","0.03222222222222222"
"cifar10","20","2","mixed_maturity","access_freshness_lease","dirichlet_lcb","diverse_then_repeat_backdoor","0.5","1","2","5","5","0.5","5","20","9","1.5","30","7.439483165740967","0.306","0.31444444444444447"
"cifar10","20","2","mixed_maturity","access_freshness_lease","dirichlet_lcb","diverse_then_repeat_backdoor","0.5","1","2","5","5","0.5","5","20","9","1.5","31","6.831171989440918","0.3165","0.17"
"cifar10","20","2","mixed_maturity","access_freshness_lease","dirichlet_lcb","diverse_then_repeat_backdoor","0.5","1","2","5","5","0.5","5","20","9","1.5","32","5.698446273803711","0.3575","0.02666666666666667"
"cifar10","20","2","mixed_maturity","access_freshness_lease","dirichlet_lcb","diverse_then_repeat_backdoor","0.5","1","2","5","5","0.5","5","20","9","1.5","33","6.641294479370117","0.334","0.06555555555555556"
"cifar10","20","2","mixed_maturity","access_freshness_lease","dirichlet_lcb","diverse_then_repeat_backdoor","0.5","1","2","5","5","0.5","5","20","9","1.5","34","6.310854434967041","0.348","0.07833333333333334"
"cifar10","20","2","mixed_maturity","access_freshness_lease","dirichlet_lcb","diverse_then_repeat_backdoor","0.5","1","2","5","5","0.5","5","20","9","1.5","35","5.620790958404541","0.3555","0.15388888888888888"
"cifar10","20","2","mixed_maturity","access_freshness_lease","dirichlet_lcb","diverse_then_repeat_backdoor","0.5","1","2","5","5","0.5","5","20","9","1.5","36","6.855001449584961","0.3285","0.04055555555555555"
"cifar10","20","2","mixed_maturity","access_freshness_lease","dirichlet_lcb","diverse_then_repeat_backdoor","0.5","1","2","5","5","0.5","5","20","9","1.5","37","7.120123863220215","0.297","0.15388888888888888"
"cifar10","20","2","mixed_maturity","access_freshness_lease","dirichlet_lcb","diverse_then_repeat_backdoor","0.5","1","2","5","5","0.5","5","20","9","1.5","38","6.462774753570557","0.3215","0.2872222222222222"
"cifar10","20","2","mixed_maturity","access_freshness_lease","dirichlet_lcb","diverse_then_repeat_backdoor","0.5","1","2","5","5","0.5","5","20","9","1.5","39","5.526610374450684","0.3695","0.08722222222222223"
"cifar10","20","2","mixed_maturity","access_freshness_lease","dirichlet_lcb","diverse_then_repeat_backdoor","0.5","1","2","5","5","0.5","5","20","9","1.5","40","6.258609771728516","0.335","0.22777777777777777"
"cifar10","20","2","mixed_maturity","access_freshness_lease","dirichlet_lcb","diverse_then_repeat_backdoor","0.5","1","2","5","5","0.5","5","20","9","1.5","41","6.781698226928711","0.3325","0.06111111111111111"
"cifar10","20","2","mixed_maturity","access_freshness_lease","dirichlet_lcb","diverse_then_repeat_backdoor","0.5","1","2","5","5","0.5","5","20","9","1.5","42","6.664605617523193","0.341","0.0077777777777777776"
"cifar10","20","2","mixed_maturity","access_freshness_lease","dirichlet_lcb","diverse_then_repeat_backdoor","0.5","1","2","5","5","0.5","5","20","9","1.5","43","6.880517959594727","0.337","0.012222222222222223"
"cifar10","20","2","mixed_maturity","access_freshness_lease","dirichlet_lcb","diverse_then_repeat_backdoor","0.5","1","2","5","5","0.5","5","20","9","1.5","44","7.434566974639893","0.3215","0.19777777777777777"
"cifar10","20","2","mixed_maturity","access_freshness_lease","dirichlet_lcb","diverse_then_repeat_backdoor","0.5","1","2","5","5","0.5","5","20","9","1.5","45","8.05329704284668","0.3015","0.08333333333333333"
"cifar10","20","2","mixed_maturity","access_freshness_lease","dirichlet_lcb","diverse_then_repeat_backdoor","0.5","1","2","5","5","0.5","5","20","9","1.5","46","6.456670761108398","0.3475","0.06444444444444444"
"cifar10","20","2","mixed_maturity","access_freshness_lease","dirichlet_lcb","diverse_then_repeat_backdoor","0.5","1","2","5","5","0.5","5","20","9","1.5","47","5.595301628112793","0.3705","0.12777777777777777"
"cifar10","20","2","mixed_maturity","access_freshness_lease","dirichlet_lcb","diverse_then_repeat_backdoor","0.5","1","2","5","5","0.5","5","20","9","1.5","48","6.234653472900391","0.3565","0.10833333333333334"
"cifar10","20","2","mixed_maturity","access_freshness_lease","dirichlet_lcb","diverse_then_repeat_backdoor","0.5","1","2","5","5","0.5","5","20","9","1.5","49","6.60050630569458","0.3365","0.06166666666666667"
"cifar10","20","2","mixed_maturity","access_freshness_lease","dirichlet_lcb","diverse_then_repeat_backdoor","0.5","1","2","5","5","0.5","5","20","9","1.5","50","6.881860256195068","0.335","0.33444444444444443"
"cifar10","20","2","mixed_maturity","access_freshness_lease","dirichlet_lcb","diverse_then_repeat_backdoor","0.5","2","2","5","5","0.5","5","20","9","1.5","1","9.447582244873047","0.1575","0.0"
"cifar10","20","2","mixed_maturity","access_freshness_lease","dirichlet_lcb","diverse_then_repeat_backdoor","0.5","2","2","5","5","0.5","5","20","9","1.5","2","7.904956340789795","0.1985","0.6438888888888888"
"cifar10","20","2","mixed_maturity","access_freshness_lease","dirichlet_lcb","diverse_then_repeat_backdoor","0.5","2","2","5","5","0.5","5","20","9","1.5","3","9.389372825622559","0.2015","0.0"
"cifar10","20","2","mixed_maturity","access_freshness_lease","dirichlet_lcb","diverse_then_repeat_backdoor","0.5","2","2","5","5","0.5","5","20","9","1.5","4","6.180066108703613","0.259","0.065"
"cifar10","20","2","mixed_maturity","access_freshness_lease","dirichlet_lcb","diverse_then_repeat_backdoor","0.5","2","2","5","5","0.5","5","20","9","1.5","5","5.20535945892334","0.2995","0.11055555555555556"
"cifar10","20","2","mixed_maturity","access_freshness_lease","dirichlet_lcb","diverse_then_repeat_backdoor","0.5","2","2","5","5","0.5","5","20","9","1.5","6","6.4140238761901855","0.276","0.15"
"cifar10","20","2","mixed_maturity","access_freshness_lease","dirichlet_lcb","diverse_then_repeat_backdoor","0.5","2","2","5","5","0.5","5","20","9","1.5","7","6.236780643463135","0.2705","0.04111111111111111"
"cifar10","20","2","mixed_maturity","access_freshness_lease","dirichlet_lcb","diverse_then_repeat_backdoor","0.5","2","2","5","5","0.5","5","20","9","1.5","8","6.542366027832031","0.293","0.015"
"cifar10","20","2","mixed_maturity","access_freshness_lease","dirichlet_lcb","diverse_then_repeat_backdoor","0.5","2","2","5","5","0.5","5","20","9","1.5","9","9.262323379516602","0.2495","0.39055555555555554"
"cifar10","20","2","mixed_maturity","access_freshness_lease","dirichlet_lcb","diverse_then_repeat_backdoor","0.5","2","2","5","5","0.5","5","20","9","1.5","10","8.232205390930176","0.2375","0.030555555555555555"
"cifar10","20","2","mixed_maturity","access_freshness_lease","dirichlet_lcb","diverse_then_repeat_backdoor","0.5","2","2","5","5","0.5","5","20","9","1.5","11","6.623969078063965","0.2895","0.03"
"cifar10","20","2","mixed_maturity","access_freshness_lease","dirichlet_lcb","diverse_then_repeat_backdoor","0.5","2","2","5","5","0.5","5","20","9","1.5","12","6.388857364654541","0.2965","0.215"
"cifar10","20","2","mixed_maturity","access_freshness_lease","dirichlet_lcb","diverse_then_repeat_backdoor","0.5","2","2","5","5","0.5","5","20","9","1.5","13","7.005655765533447","0.2945","0.3516666666666667"
"cifar10","20","2","mixed_maturity","access_freshness_lease","dirichlet_lcb","diverse_then_repeat_backdoor","0.5","2","2","5","5","0.5","5","20","9","1.5","14","6.406062126159668","0.315","0.057777777777777775"
"cifar10","20","2","mixed_maturity","access_freshness_lease","dirichlet_lcb","diverse_then_repeat_backdoor","0.5","2","2","5","5","0.5","5","20","9","1.5","15","7.500725746154785","0.2755","0.41333333333333333"
"cifar10","20","2","mixed_maturity","access_freshness_lease","dirichlet_lcb","diverse_then_repeat_backdoor","0.5","2","2","5","5","0.5","5","20","9","1.5","16","7.561306476593018","0.2935","0.065"
"cifar10","20","2","mixed_maturity","access_freshness_lease","dirichlet_lcb","diverse_then_repeat_backdoor","0.5","2","2","5","5","0.5","5","20","9","1.5","17","6.492460250854492","0.3105","0.0961111111111111"
"cifar10","20","2","mixed_maturity","access_freshness_lease","dirichlet_lcb","diverse_then_repeat_backdoor","0.5","2","2","5","5","0.5","5","20","9","1.5","18","6.265018463134766","0.3195","0.27944444444444444"
"cifar10","20","2","mixed_maturity","access_freshness_lease","dirichlet_lcb","diverse_then_repeat_backdoor","0.5","2","2","5","5","0.5","5","20","9","1.5","19","6.771705627441406","0.3015","0.21"
"cifar10","20","2","mixed_maturity","access_freshness_lease","dirichlet_lcb","diverse_then_repeat_backdoor","0.5","2","2","5","5","0.5","5","20","9","1.5","20","6.384417533874512","0.3285","0.16666666666666666"
"cifar10","20","2","mixed_maturity","access_freshness_lease","dirichlet_lcb","diverse_then_repeat_backdoor","0.5","2","2","5","5","0.5","5","20","9","1.5","21","6.897219657897949","0.305","0.18722222222222223"
"cifar10","20","2","mixed_maturity","access_freshness_lease","dirichlet_lcb","diverse_then_repeat_backdoor","0.5","2","2","5","5","0.5","5","20","9","1.5","22","5.560255527496338","0.3525","0.25166666666666665"
"cifar10","20","2","mixed_maturity","access_freshness_lease","dirichlet_lcb","diverse_then_repeat_backdoor","0.5","2","2","5","5","0.5","5","20","9","1.5","23","8.07553482055664","0.274","0.3933333333333333"
"cifar10","20","2","mixed_maturity","access_freshness_lease","dirichlet_lcb","diverse_then_repeat_backdoor","0.5","2","2","5","5","0.5","5","20","9","1.5","24","5.851892471313477","0.329","0.17333333333333334"
"cifar10","20","2","mixed_maturity","access_freshness_lease","dirichlet_lcb","diverse_then_repeat_backdoor","0.5","2","2","5","5","0.5","5","20","9","1.5","25","8.311158180236816","0.2935","0.2411111111111111"
"cifar10","20","2","mixed_maturity","access_freshness_lease","dirichlet_lcb","diverse_then_repeat_backdoor","0.5","2","2","5","5","0.5","5","20","9","1.5","26","6.422203540802002","0.3205","0.059444444444444446"
"cifar10","20","2","mixed_maturity","access_freshness_lease","dirichlet_lcb","diverse_then_repeat_backdoor","0.5","2","2","5","5","0.5","5","20","9","1.5","27","6.1299591064453125","0.3445","0.06166666666666667"
"cifar10","20","2","mixed_maturity","access_freshness_lease","dirichlet_lcb","diverse_then_repeat_backdoor","0.5","2","2","5","5","0.5","5","20","9","1.5","28","6.713195323944092","0.32","0.3827777777777778"
"cifar10","20","2","mixed_maturity","access_freshness_lease","dirichlet_lcb","diverse_then_repeat_backdoor","0.5","2","2","5","5","0.5","5","20","9","1.5","29","6.5690202713012695","0.338","0.21944444444444444"
"cifar10","20","2","mixed_maturity","access_freshness_lease","dirichlet_lcb","diverse_then_repeat_backdoor","0.5","2","2","5","5","0.5","5","20","9","1.5","30","5.763002872467041","0.337","0.30277777777777776"
"cifar10","20","2","mixed_maturity","access_freshness_lease","dirichlet_lcb","diverse_then_repeat_backdoor","0.5","2","2","5","5","0.5","5","20","9","1.5","31","6.536927223205566","0.354","0.17666666666666667"
"cifar10","20","2","mixed_maturity","access_freshness_lease","dirichlet_lcb","diverse_then_repeat_backdoor","0.5","2","2","5","5","0.5","5","20","9","1.5","32","5.617392539978027","0.3525","0.2627777777777778"
"cifar10","20","2","mixed_maturity","access_freshness_lease","dirichlet_lcb","diverse_then_repeat_backdoor","0.5","2","2","5","5","0.5","5","20","9","1.5","33","6.326809406280518","0.321","0.3827777777777778"
"cifar10","20","2","mixed_maturity","access_freshness_lease","dirichlet_lcb","diverse_then_repeat_backdoor","0.5","2","2","5","5","0.5","5","20","9","1.5","34","7.246821403503418","0.3155","0.5177777777777778"
"cifar10","20","2","mixed_maturity","access_freshness_lease","dirichlet_lcb","diverse_then_repeat_backdoor","0.5","2","2","5","5","0.5","5","20","9","1.5","35","7.760207653045654","0.2725","0.5872222222222222"
"cifar10","20","2","mixed_maturity","access_freshness_lease","dirichlet_lcb","diverse_then_repeat_backdoor","0.5","2","2","5","5","0.5","5","20","9","1.5","36","6.13319730758667","0.341","0.115"
"cifar10","20","2","mixed_maturity","access_freshness_lease","dirichlet_lcb","diverse_then_repeat_backdoor","0.5","2","2","5","5","0.5","5","20","9","1.5","37","6.192687511444092","0.355","0.41055555555555556"
"cifar10","20","2","mixed_maturity","access_freshness_lease","dirichlet_lcb","diverse_then_repeat_backdoor","0.5","2","2","5","5","0.5","5","20","9","1.5","38","5.861158847808838","0.3525","0.37833333333333335"
"cifar10","20","2","mixed_maturity","access_freshness_lease","dirichlet_lcb","diverse_then_repeat_backdoor","0.5","2","2","5","5","0.5","5","20","9","1.5","39","7.297518253326416","0.337","0.1738888888888889"
"cifar10","20","2","mixed_maturity","access_freshness_lease","dirichlet_lcb","diverse_then_repeat_backdoor","0.5","2","2","5","5","0.5","5","20","9","1.5","40","5.9542412757873535","0.3515","0.43333333333333335"
"cifar10","20","2","mixed_maturity","access_freshness_lease","dirichlet_lcb","diverse_then_repeat_backdoor","0.5","2","2","5","5","0.5","5","20","9","1.5","41","5.973495960235596","0.36","0.43333333333333335"
"cifar10","20","2","mixed_maturity","access_freshness_lease","dirichlet_lcb","diverse_then_repeat_backdoor","0.5","2","2","5","5","0.5","5","20","9","1.5","42","6.2200751304626465","0.336","0.2861111111111111"
"cifar10","20","2","mixed_maturity","access_freshness_lease","dirichlet_lcb","diverse_then_repeat_backdoor","0.5","2","2","5","5","0.5","5","20","9","1.5","43","5.228530406951904","0.3765","0.29777777777777775"
"cifar10","20","2","mixed_maturity","access_freshness_lease","dirichlet_lcb","diverse_then_repeat_backdoor","0.5","2","2","5","5","0.5","5","20","9","1.5","44","6.826117515563965","0.323","0.09666666666666666"
"cifar10","20","2","mixed_maturity","access_freshness_lease","dirichlet_lcb","diverse_then_repeat_backdoor","0.5","2","2","5","5","0.5","5","20","9","1.5","45","5.988117694854736","0.357","0.3372222222222222"
"cifar10","20","2","mixed_maturity","access_freshness_lease","dirichlet_lcb","diverse_then_repeat_backdoor","0.5","2","2","5","5","0.5","5","20","9","1.5","46","6.594995975494385","0.322","0.1388888888888889"
"cifar10","20","2","mixed_maturity","access_freshness_lease","dirichlet_lcb","diverse_then_repeat_backdoor","0.5","2","2","5","5","0.5","5","20","9","1.5","47","7.477194786071777","0.3105","0.5272222222222223"
"cifar10","20","2","mixed_maturity","access_freshness_lease","dirichlet_lcb","diverse_then_repeat_backdoor","0.5","2","2","5","5","0.5","5","20","9","1.5","48","5.878961086273193","0.363","0.165"
"cifar10","20","2","mixed_maturity","access_freshness_lease","dirichlet_lcb","diverse_then_repeat_backdoor","0.5","2","2","5","5","0.5","5","20","9","1.5","49","7.397655487060547","0.317","0.43555555555555553"
"cifar10","20","2","mixed_maturity","access_freshness_lease","dirichlet_lcb","diverse_then_repeat_backdoor","0.5","2","2","5","5","0.5","5","20","9","1.5","50","6.628580093383789","0.3565","0.3794444444444444"
"cifar10","20","2","mixed_maturity","access_freshness_lease","dirichlet_lcb","diverse_then_repeat_backdoor","0.5","3","2","5","5","0.5","5","20","9","1.5","1","9.39989185333252","0.1665","0.0"
"cifar10","20","2","mixed_maturity","access_freshness_lease","dirichlet_lcb","diverse_then_repeat_backdoor","0.5","3","2","5","5","0.5","5","20","9","1.5","2","6.72604513168335","0.2305","0.0033333333333333335"
"cifar10","20","2","mixed_maturity","access_freshness_lease","dirichlet_lcb","diverse_then_repeat_backdoor","0.5","3","2","5","5","0.5","5","20","9","1.5","3","4.728872299194336","0.2665","0.10555555555555556"
"cifar10","20","2","mixed_maturity","access_freshness_lease","dirichlet_lcb","diverse_then_repeat_backdoor","0.5","3","2","5","5","0.5","5","20","9","1.5","4","6.426886558532715","0.2485","0.4111111111111111"
"cifar10","20","2","mixed_maturity","access_freshness_lease","dirichlet_lcb","diverse_then_repeat_backdoor","0.5","3","2","5","5","0.5","5","20","9","1.5","5","6.584043502807617","0.2715","0.0005555555555555556"
"cifar10","20","2","mixed_maturity","access_freshness_lease","dirichlet_lcb","diverse_then_repeat_backdoor","0.5","3","2","5","5","0.5","5","20","9","1.5","6","6.409280776977539","0.2795","0.10388888888888889"
"cifar10","20","2","mixed_maturity","access_freshness_lease","dirichlet_lcb","diverse_then_repeat_backdoor","0.5","3","2","5","5","0.5","5","20","9","1.5","7","5.701776027679443","0.294","0.21555555555555556"
"cifar10","20","2","mixed_maturity","access_freshness_lease","dirichlet_lcb","diverse_then_repeat_backdoor","0.5","3","2","5","5","0.5","5","20","9","1.5","8","5.048743724822998","0.341","0.13277777777777777"
"cifar10","20","2","mixed_maturity","access_freshness_lease","dirichlet_lcb","diverse_then_repeat_backdoor","0.5","3","2","5","5","0.5","5","20","9","1.5","9","5.6333489418029785","0.3025","0.017222222222222222"
"cifar10","20","2","mixed_maturity","access_freshness_lease","dirichlet_lcb","diverse_then_repeat_backdoor","0.5","3","2","5","5","0.5","5","20","9","1.5","10","7.868763446807861","0.29","0.135"
"cifar10","20","2","mixed_maturity","access_freshness_lease","dirichlet_lcb","diverse_then_repeat_backdoor","0.5","3","2","5","5","0.5","5","20","9","1.5","11","7.283221244812012","0.2735","0.14222222222222222"
"cifar10","20","2","mixed_maturity","access_freshness_lease","dirichlet_lcb","diverse_then_repeat_backdoor","0.5","3","2","5","5","0.5","5","20","9","1.5","12","5.608208179473877","0.3345","0.029444444444444443"
"cifar10","20","2","mixed_maturity","access_freshness_lease","dirichlet_lcb","diverse_then_repeat_backdoor","0.5","3","2","5","5","0.5","5","20","9","1.5","13","6.401064872741699","0.306","0.19777777777777777"
"cifar10","20","2","mixed_maturity","access_freshness_lease","dirichlet_lcb","diverse_then_repeat_backdoor","0.5","3","2","5","5","0.5","5","20","9","1.5","14","6.16458797454834","0.3165","0.041666666666666664"
"cifar10","20","2","mixed_maturity","access_freshness_lease","dirichlet_lcb","diverse_then_repeat_backdoor","0.5","3","2","5","5","0.5","5","20","9","1.5","15","6.614686965942383","0.3275","0.1761111111111111"
"cifar10","20","2","mixed_maturity","access_freshness_lease","dirichlet_lcb","diverse_then_repeat_backdoor","0.5","3","2","5","5","0.5","5","20","9","1.5","16","7.539700508117676","0.288","0.4033333333333333"
"cifar10","20","2","mixed_maturity","access_freshness_lease","dirichlet_lcb","diverse_then_repeat_backdoor","0.5","3","2","5","5","0.5","5","20","9","1.5","17","6.273458480834961","0.318","0.06666666666666667"
"cifar10","20","2","mixed_maturity","access_freshness_lease","dirichlet_lcb","diverse_then_repeat_backdoor","0.5","3","2","5","5","0.5","5","20","9","1.5","18","6.528083801269531","0.3065","0.051666666666666666"
"cifar10","20","2","mixed_maturity","access_freshness_lease","dirichlet_lcb","diverse_then_repeat_backdoor","0.5","3","2","5","5","0.5","5","20","9","1.5","19","6.84359884262085","0.316","0.3566666666666667"
"cifar10","20","2","mixed_maturity","access_freshness_lease","dirichlet_lcb","diverse_then_repeat_backdoor","0.5","3","2","5","5","0.5","5","20","9","1.5","20","5.705819129943848","0.323","0.2927777777777778"
"cifar10","20","2","mixed_maturity","access_freshness_lease","dirichlet_lcb","diverse_then_repeat_backdoor","0.5","3","2","5","5","0.5","5","20","9","1.5","21","6.107501029968262","0.324","0.20166666666666666"
"cifar10","20","2","mixed_maturity","access_freshness_lease","dirichlet_lcb","diverse_then_repeat_backdoor","0.5","3","2","5","5","0.5","5","20","9","1.5","22","6.036126136779785","0.3265","0.06055555555555556"
"cifar10","20","2","mixed_maturity","access_freshness_lease","dirichlet_lcb","diverse_then_repeat_backdoor","0.5","3","2","5","5","0.5","5","20","9","1.5","23","6.131503105163574","0.3255","0.17"
"cifar10","20","2","mixed_maturity","access_freshness_lease","dirichlet_lcb","diverse_then_repeat_backdoor","0.5","3","2","5","5","0.5","5","20","9","1.5","24","6.634296894073486","0.2995","0.021666666666666667"
"cifar10","20","2","mixed_maturity","access_freshness_lease","dirichlet_lcb","diverse_then_repeat_backdoor","0.5","3","2","5","5","0.5","5","20","9","1.5","25","6.483641624450684","0.3245","0.26666666666666666"
"cifar10","20","2","mixed_maturity","access_freshness_lease","dirichlet_lcb","diverse_then_repeat_backdoor","0.5","3","2","5","5","0.5","5","20","9","1.5","26","7.627735137939453","0.3165","0.25166666666666665"
"cifar10","20","2","mixed_maturity","access_freshness_lease","dirichlet_lcb","diverse_then_repeat_backdoor","0.5","3","2","5","5","0.5","5","20","9","1.5","27","6.121872901916504","0.326","0.2761111111111111"
"cifar10","20","2","mixed_maturity","access_freshness_lease","dirichlet_lcb","diverse_then_repeat_backdoor","0.5","3","2","5","5","0.5","5","20","9","1.5","28","5.4707112312316895","0.358","0.23833333333333334"
"cifar10","20","2","mixed_maturity","access_freshness_lease","dirichlet_lcb","diverse_then_repeat_backdoor","0.5","3","2","5","5","0.5","5","20","9","1.5","29","7.084982395172119","0.3055","0.4022222222222222"
"cifar10","20","2","mixed_maturity","access_freshness_lease","dirichlet_lcb","diverse_then_repeat_backdoor","0.5","3","2","5","5","0.5","5","20","9","1.5","30","6.909538745880127","0.322","0.305"
"cifar10","20","2","mixed_maturity","access_freshness_lease","dirichlet_lcb","diverse_then_repeat_backdoor","0.5","3","2","5","5","0.5","5","20","9","1.5","31","6.417135238647461","0.3375","0.1761111111111111"
"cifar10","20","2","mixed_maturity","access_freshness_lease","dirichlet_lcb","diverse_then_repeat_backdoor","0.5","3","2","5","5","0.5","5","20","9","1.5","32","7.2930684089660645","0.3","0.26"
"cifar10","20","2","mixed_maturity","access_freshness_lease","dirichlet_lcb","diverse_then_repeat_backdoor","0.5","3","2","5","5","0.5","5","20","9","1.5","33","7.397322654724121","0.3245","0.38722222222222225"
"cifar10","20","2","mixed_maturity","access_freshness_lease","dirichlet_lcb","diverse_then_repeat_backdoor","0.5","3","2","5","5","0.5","5","20","9","1.5","34","6.160513401031494","0.351","0.15"
"cifar10","20","2","mixed_maturity","access_freshness_lease","dirichlet_lcb","diverse_then_repeat_backdoor","0.5","3","2","5","5","0.5","5","20","9","1.5","35","6.46964168548584","0.3315","0.48444444444444446"
"cifar10","20","2","mixed_maturity","access_freshness_lease","dirichlet_lcb","diverse_then_repeat_backdoor","0.5","3","2","5","5","0.5","5","20","9","1.5","36","6.07710075378418","0.3465","0.16277777777777777"
"cifar10","20","2","mixed_maturity","access_freshness_lease","dirichlet_lcb","diverse_then_repeat_backdoor","0.5","3","2","5","5","0.5","5","20","9","1.5","37","6.377835273742676","0.31","0.39611111111111114"
"cifar10","20","2","mixed_maturity","access_freshness_lease","dirichlet_lcb","diverse_then_repeat_backdoor","0.5","3","2","5","5","0.5","5","20","9","1.5","38","6.83137845993042","0.3275","0.049444444444444444"
"cifar10","20","2","mixed_maturity","access_freshness_lease","dirichlet_lcb","diverse_then_repeat_backdoor","0.5","3","2","5","5","0.5","5","20","9","1.5","39","5.729819297790527","0.3575","0.25"
"cifar10","20","2","mixed_maturity","access_freshness_lease","dirichlet_lcb","diverse_then_repeat_backdoor","0.5","3","2","5","5","0.5","5","20","9","1.5","40","6.662789821624756","0.3375","0.14055555555555554"
"cifar10","20","2","mixed_maturity","access_freshness_lease","dirichlet_lcb","diverse_then_repeat_backdoor","0.5","3","2","5","5","0.5","5","20","9","1.5","41","6.21005392074585","0.348","0.16"
"cifar10","20","2","mixed_maturity","access_freshness_lease","dirichlet_lcb","diverse_then_repeat_backdoor","0.5","3","2","5","5","0.5","5","20","9","1.5","42","6.3482842445373535","0.335","0.29777777777777775"
"cifar10","20","2","mixed_maturity","access_freshness_lease","dirichlet_lcb","diverse_then_repeat_backdoor","0.5","3","2","5","5","0.5","5","20","9","1.5","43","6.8888654708862305","0.3415","0.3472222222222222"
"cifar10","20","2","mixed_maturity","access_freshness_lease","dirichlet_lcb","diverse_then_repeat_backdoor","0.5","3","2","5","5","0.5","5","20","9","1.5","44","5.619165897369385","0.3515","0.3433333333333333"
"cifar10","20","2","mixed_maturity","access_freshness_lease","dirichlet_lcb","diverse_then_repeat_backdoor","0.5","3","2","5","5","0.5","5","20","9","1.5","45","5.991234302520752","0.354","0.3466666666666667"
"cifar10","20","2","mixed_maturity","access_freshness_lease","dirichlet_lcb","diverse_then_repeat_backdoor","0.5","3","2","5","5","0.5","5","20","9","1.5","46","6.29719352722168","0.3435","0.42833333333333334"
"cifar10","20","2","mixed_maturity","access_freshness_lease","dirichlet_lcb","diverse_then_repeat_backdoor","0.5","3","2","5","5","0.5","5","20","9","1.5","47","6.067979335784912","0.353","0.21444444444444444"
"cifar10","20","2","mixed_maturity","access_freshness_lease","dirichlet_lcb","diverse_then_repeat_backdoor","0.5","3","2","5","5","0.5","5","20","9","1.5","48","6.781877040863037","0.3345","0.195"
"cifar10","20","2","mixed_maturity","access_freshness_lease","dirichlet_lcb","diverse_then_repeat_backdoor","0.5","3","2","5","5","0.5","5","20","9","1.5","49","7.151447772979736","0.3325","0.43666666666666665"
"cifar10","20","2","mixed_maturity","access_freshness_lease","dirichlet_lcb","diverse_then_repeat_backdoor","0.5","3","2","5","5","0.5","5","20","9","1.5","50","6.603938579559326","0.3345","0.4311111111111111"
"cifar10","20","2","mixed_maturity","access_freshness_lease","dirichlet_lcb","diverse_then_repeat_backdoor","0.5","4","2","5","5","0.5","5","20","9","1.5","1","12.972482681274414","0.1135","0.0"
"cifar10","20","2","mixed_maturity","access_freshness_lease","dirichlet_lcb","diverse_then_repeat_backdoor","0.5","4","2","5","5","0.5","5","20","9","1.5","2","9.536704063415527","0.1855","0.0005555555555555556"
"cifar10","20","2","mixed_maturity","access_freshness_lease","dirichlet_lcb","diverse_then_repeat_backdoor","0.5","4","2","5","5","0.5","5","20","9","1.5","3","7.580843925476074","0.2175","0.1361111111111111"
"cifar10","20","2","mixed_maturity","access_freshness_lease","dirichlet_lcb","diverse_then_repeat_backdoor","0.5","4","2","5","5","0.5","5","20","9","1.5","4","6.805489540100098","0.2345","0.01611111111111111"
"cifar10","20","2","mixed_maturity","access_freshness_lease","dirichlet_lcb","diverse_then_repeat_backdoor","0.5","4","2","5","5","0.5","5","20","9","1.5","5","6.6305341720581055","0.2705","0.21833333333333332"
"cifar10","20","2","mixed_maturity","access_freshness_lease","dirichlet_lcb","diverse_then_repeat_backdoor","0.5","4","2","5","5","0.5","5","20","9","1.5","6","6.870655059814453","0.2685","0.30833333333333335"
"cifar10","20","2","mixed_maturity","access_freshness_lease","dirichlet_lcb","diverse_then_repeat_backdoor","0.5","4","2","5","5","0.5","5","20","9","1.5","7","5.799831390380859","0.284","0.14666666666666667"
"cifar10","20","2","mixed_maturity","access_freshness_lease","dirichlet_lcb","diverse_then_repeat_backdoor","0.5","4","2","5","5","0.5","5","20","9","1.5","8","6.364181041717529","0.304","0.3605555555555556"
"cifar10","20","2","mixed_maturity","access_freshness_lease","dirichlet_lcb","diverse_then_repeat_backdoor","0.5","4","2","5","5","0.5","5","20","9","1.5","9","6.172850608825684","0.3135","0.305"
"cifar10","20","2","mixed_maturity","access_freshness_lease","dirichlet_lcb","diverse_then_repeat_backdoor","0.5","4","2","5","5","0.5","5","20","9","1.5","10","5.91819429397583","0.305","0.07833333333333334"
"cifar10","20","2","mixed_maturity","access_freshness_lease","dirichlet_lcb","diverse_then_repeat_backdoor","0.5","4","2","5","5","0.5","5","20","9","1.5","11","6.53345251083374","0.298","0.38166666666666665"
"cifar10","20","2","mixed_maturity","access_freshness_lease","dirichlet_lcb","diverse_then_repeat_backdoor","0.5","4","2","5","5","0.5","5","20","9","1.5","12","5.959875106811523","0.3215","0.06222222222222222"
"cifar10","20","2","mixed_maturity","access_freshness_lease","dirichlet_lcb","diverse_then_repeat_backdoor","0.5","4","2","5","5","0.5","5","20","9","1.5","13","7.659836292266846","0.2665","0.4816666666666667"
"cifar10","20","2","mixed_maturity","access_freshness_lease","dirichlet_lcb","diverse_then_repeat_backdoor","0.5","4","2","5","5","0.5","5","20","9","1.5","14","5.907873153686523","0.326","0.025"
"cifar10","20","2","mixed_maturity","access_freshness_lease","dirichlet_lcb","diverse_then_repeat_backdoor","0.5","4","2","5","5","0.5","5","20","9","1.5","15","6.095483779907227","0.338","0.2638888888888889"
"cifar10","20","2","mixed_maturity","access_freshness_lease","dirichlet_lcb","diverse_then_repeat_backdoor","0.5","4","2","5","5","0.5","5","20","9","1.5","16","6.4148173332214355","0.3155","0.04888888888888889"
"cifar10","20","2","mixed_maturity","access_freshness_lease","dirichlet_lcb","diverse_then_repeat_backdoor","0.5","4","2","5","5","0.5","5","20","9","1.5","17","6.843231678009033","0.304","0.07611111111111112"
"cifar10","20","2","mixed_maturity","access_freshness_lease","dirichlet_lcb","diverse_then_repeat_backdoor","0.5","4","2","5","5","0.5","5","20","9","1.5","18","6.650210380554199","0.305","0.2677777777777778"
"cifar10","20","2","mixed_maturity","access_freshness_lease","dirichlet_lcb","diverse_then_repeat_backdoor","0.5","4","2","5","5","0.5","5","20","9","1.5","19","6.980842113494873","0.2925","0.17444444444444446"
"cifar10","20","2","mixed_maturity","access_freshness_lease","dirichlet_lcb","diverse_then_repeat_backdoor","0.5","4","2","5","5","0.5","5","20","9","1.5","20","6.641440391540527","0.3025","0.04833333333333333"
"cifar10","20","2","mixed_maturity","access_freshness_lease","dirichlet_lcb","diverse_then_repeat_backdoor","0.5","4","2","5","5","0.5","5","20","9","1.5","21","6.788324356079102","0.335","0.085"
"cifar10","20","2","mixed_maturity","access_freshness_lease","dirichlet_lcb","diverse_then_repeat_backdoor","0.5","4","2","5","5","0.5","5","20","9","1.5","22","6.378612995147705","0.3195","0.38055555555555554"
"cifar10","20","2","mixed_maturity","access_freshness_lease","dirichlet_lcb","diverse_then_repeat_backdoor","0.5","4","2","5","5","0.5","5","20","9","1.5","23","6.048639297485352","0.3305","0.35555555555555557"
"cifar10","20","2","mixed_maturity","access_freshness_lease","dirichlet_lcb","diverse_then_repeat_backdoor","0.5","4","2","5","5","0.5","5","20","9","1.5","24","6.027535915374756","0.3425","0.15"
"cifar10","20","2","mixed_maturity","access_freshness_lease","dirichlet_lcb","diverse_then_repeat_backdoor","0.5","4","2","5","5","0.5","5","20","9","1.5","25","6.9428300857543945","0.322","0.22333333333333333"
"cifar10","20","2","mixed_maturity","access_freshness_lease","dirichlet_lcb","diverse_then_repeat_backdoor","0.5","4","2","5","5","0.5","5","20","9","1.5","26","7.505347728729248","0.2995","0.085"
"cifar10","20","2","mixed_maturity","access_freshness_lease","dirichlet_lcb","diverse_then_repeat_backdoor","0.5","4","2","5","5","0.5","5","20","9","1.5","27","6.108336925506592","0.3225","0.21222222222222223"
"cifar10","20","2","mixed_maturity","access_freshness_lease","dirichlet_lcb","diverse_then_repeat_backdoor","0.5","4","2","5","5","0.5","5","20","9","1.5","28","7.103672981262207","0.304","0.5138888888888888"
"cifar10","20","2","mixed_maturity","access_freshness_lease","dirichlet_lcb","diverse_then_repeat_backdoor","0.5","4","2","5","5","0.5","5","20","9","1.5","29","6.903043746948242","0.309","0.385"
"cifar10","20","2","mixed_maturity","access_freshness_lease","dirichlet_lcb","diverse_then_repeat_backdoor","0.5","4","2","5","5","0.5","5","20","9","1.5","30","5.789421081542969","0.3385","0.34055555555555556"
"cifar10","20","2","mixed_maturity","access_freshness_lease","dirichlet_lcb","diverse_then_repeat_backdoor","0.5","4","2","5","5","0.5","5","20","9","1.5","31","5.8373823165893555","0.346","0.23166666666666666"
"cifar10","20","2","mixed_maturity","access_freshness_lease","dirichlet_lcb","diverse_then_repeat_backdoor","0.5","4","2","5","5","0.5","5","20","9","1.5","32","5.879505634307861","0.3665","0.4066666666666667"
"cifar10","20","2","mixed_maturity","access_freshness_lease","dirichlet_lcb","diverse_then_repeat_backdoor","0.5","4","2","5","5","0.5","5","20","9","1.5","33","5.736533164978027","0.3605","0.49333333333333335"
"cifar10","20","2","mixed_maturity","access_freshness_lease","dirichlet_lcb","diverse_then_repeat_backdoor","0.5","4","2","5","5","0.5","5","20","9","1.5","34","6.873913288116455","0.3305","0.2688888888888889"
"cifar10","20","2","mixed_maturity","access_freshness_lease","dirichlet_lcb","diverse_then_repeat_backdoor","0.5","4","2","5","5","0.5","5","20","9","1.5","35","6.234849452972412","0.345","0.24555555555555555"
"cifar10","20","2","mixed_maturity","access_freshness_lease","dirichlet_lcb","diverse_then_repeat_backdoor","0.5","4","2","5","5","0.5","5","20","9","1.5","36","6.903406143188477","0.3215","0.505"
"cifar10","20","2","mixed_maturity","access_freshness_lease","dirichlet_lcb","diverse_then_repeat_backdoor","0.5","4","2","5","5","0.5","5","20","9","1.5","37","6.545180320739746","0.342","0.20722222222222222"
"cifar10","20","2","mixed_maturity","access_freshness_lease","dirichlet_lcb","diverse_then_repeat_backdoor","0.5","4","2","5","5","0.5","5","20","9","1.5","38","6.48929500579834","0.3475","0.24055555555555555"
"cifar10","20","2","mixed_maturity","access_freshness_lease","dirichlet_lcb","diverse_then_repeat_backdoor","0.5","4","2","5","5","0.5","5","20","9","1.5","39","5.620665073394775","0.3435","0.3794444444444444"
"cifar10","20","2","mixed_maturity","access_freshness_lease","dirichlet_lcb","diverse_then_repeat_backdoor","0.5","4","2","5","5","0.5","5","20","9","1.5","40","6.313950061798096","0.3145","0.4444444444444444"
"cifar10","20","2","mixed_maturity","access_freshness_lease","dirichlet_lcb","diverse_then_repeat_backdoor","0.5","4","2","5","5","0.5","5","20","9","1.5","41","7.178135395050049","0.3355","0.31333333333333335"
"cifar10","20","2","mixed_maturity","access_freshness_lease","dirichlet_lcb","diverse_then_repeat_backdoor","0.5","4","2","5","5","0.5","5","20","9","1.5","42","6.509034156799316","0.3315","0.4411111111111111"
"cifar10","20","2","mixed_maturity","access_freshness_lease","dirichlet_lcb","diverse_then_repeat_backdoor","0.5","4","2","5","5","0.5","5","20","9","1.5","43","6.6638712882995605","0.3375","0.5761111111111111"
"cifar10","20","2","mixed_maturity","access_freshness_lease","dirichlet_lcb","diverse_then_repeat_backdoor","0.5","4","2","5","5","0.5","5","20","9","1.5","44","6.3560709953308105","0.3425","0.18777777777777777"
"cifar10","20","2","mixed_maturity","access_freshness_lease","dirichlet_lcb","diverse_then_repeat_backdoor","0.5","4","2","5","5","0.5","5","20","9","1.5","45","6.90365743637085","0.353","0.3327777777777778"
"cifar10","20","2","mixed_maturity","access_freshness_lease","dirichlet_lcb","diverse_then_repeat_backdoor","0.5","4","2","5","5","0.5","5","20","9","1.5","46","8.425909042358398","0.2845","0.7616666666666667"
"cifar10","20","2","mixed_maturity","access_freshness_lease","dirichlet_lcb","diverse_then_repeat_backdoor","0.5","4","2","5","5","0.5","5","20","9","1.5","47","6.2597575187683105","0.3425","0.4305555555555556"
"cifar10","20","2","mixed_maturity","access_freshness_lease","dirichlet_lcb","diverse_then_repeat_backdoor","0.5","4","2","5","5","0.5","5","20","9","1.5","48","6.672667026519775","0.3235","0.5222222222222223"
"cifar10","20","2","mixed_maturity","access_freshness_lease","dirichlet_lcb","diverse_then_repeat_backdoor","0.5","4","2","5","5","0.5","5","20","9","1.5","49","7.006556034088135","0.3365","0.5205555555555555"
"cifar10","20","2","mixed_maturity","access_freshness_lease","dirichlet_lcb","diverse_then_repeat_backdoor","0.5","4","2","5","5","0.5","5","20","9","1.5","50","5.763343811035156","0.3595","0.5461111111111111"
"cifar10","20","2","mixed_maturity","access_freshness_lease","dirichlet_lcb","benign_concept_drift","0.5","0","2","5","5","0.5","5","20","9","1.5","1","8.018336296081543","0.1545","0.0"
"cifar10","20","2","mixed_maturity","access_freshness_lease","dirichlet_lcb","benign_concept_drift","0.5","0","2","5","5","0.5","5","20","9","1.5","2","7.115674018859863","0.193","0.405"
"cifar10","20","2","mixed_maturity","access_freshness_lease","dirichlet_lcb","benign_concept_drift","0.5","0","2","5","5","0.5","5","20","9","1.5","3","7.917317867279053","0.207","0.0005555555555555556"
"cifar10","20","2","mixed_maturity","access_freshness_lease","dirichlet_lcb","benign_concept_drift","0.5","0","2","5","5","0.5","5","20","9","1.5","4","6.230412483215332","0.236","0.058333333333333334"
"cifar10","20","2","mixed_maturity","access_freshness_lease","dirichlet_lcb","benign_concept_drift","0.5","0","2","5","5","0.5","5","20","9","1.5","5","5.783148288726807","0.2795","0.04"
"cifar10","20","2","mixed_maturity","access_freshness_lease","dirichlet_lcb","benign_concept_drift","0.5","0","2","5","5","0.5","5","20","9","1.5","6","6.045500755310059","0.28","0.011666666666666667"
"cifar10","20","2","mixed_maturity","access_freshness_lease","dirichlet_lcb","benign_concept_drift","0.5","0","2","5","5","0.5","5","20","9","1.5","7","7.368236064910889","0.2735","0.021111111111111112"
"cifar10","20","2","mixed_maturity","access_freshness_lease","dirichlet_lcb","benign_concept_drift","0.5","0","2","5","5","0.5","5","20","9","1.5","8","6.731810092926025","0.296","0.07944444444444444"
"cifar10","20","2","mixed_maturity","access_freshness_lease","dirichlet_lcb","benign_concept_drift","0.5","0","2","5","5","0.5","5","20","9","1.5","9","6.5945963859558105","0.2995","0.015"
"cifar10","20","2","mixed_maturity","access_freshness_lease","dirichlet_lcb","benign_concept_drift","0.5","0","2","5","5","0.5","5","20","9","1.5","10","8.525972366333008","0.255","0.013888888888888888"
"cifar10","20","2","mixed_maturity","access_freshness_lease","dirichlet_lcb","benign_concept_drift","0.5","0","2","5","5","0.5","5","20","9","1.5","11","5.803371906280518","0.2945","0.04722222222222222"
"cifar10","20","2","mixed_maturity","access_freshness_lease","dirichlet_lcb","benign_concept_drift","0.5","0","2","5","5","0.5","5","20","9","1.5","12","5.880722522735596","0.3215","0.07166666666666667"
"cifar10","20","2","mixed_maturity","access_freshness_lease","dirichlet_lcb","benign_concept_drift","0.5","0","2","5","5","0.5","5","20","9","1.5","13","7.69682502746582","0.2945","0.05555555555555555"
"cifar10","20","2","mixed_maturity","access_freshness_lease","dirichlet_lcb","benign_concept_drift","0.5","0","2","5","5","0.5","5","20","9","1.5","14","6.707645893096924","0.3125","0.06388888888888888"
"cifar10","20","2","mixed_maturity","access_freshness_lease","dirichlet_lcb","benign_concept_drift","0.5","0","2","5","5","0.5","5","20","9","1.5","15","5.848146438598633","0.317","0.021666666666666667"
"cifar10","20","2","mixed_maturity","access_freshness_lease","dirichlet_lcb","benign_concept_drift","0.5","0","2","5","5","0.5","5","20","9","1.5","16","6.128790378570557","0.3145","0.11222222222222222"
"cifar10","20","2","mixed_maturity","access_freshness_lease","dirichlet_lcb","benign_concept_drift","0.5","0","2","5","5","0.5","5","20","9","1.5","17","5.666689395904541","0.3495","0.03666666666666667"
"cifar10","20","2","mixed_maturity","access_freshness_lease","dirichlet_lcb","benign_concept_drift","0.5","0","2","5","5","0.5","5","20","9","1.5","18","6.027523040771484","0.3295","0.15777777777777777"
"cifar10","20","2","mixed_maturity","access_freshness_lease","dirichlet_lcb","benign_concept_drift","0.5","0","2","5","5","0.5","5","20","9","1.5","19","6.784153461456299","0.305","0.17888888888888888"
"cifar10","20","2","mixed_maturity","access_freshness_lease","dirichlet_lcb","benign_concept_drift","0.5","0","2","5","5","0.5","5","20","9","1.5","20","5.840001106262207","0.322","0.03388888888888889"
"cifar10","20","2","mixed_maturity","access_freshness_lease","dirichlet_lcb","benign_concept_drift","0.5","0","2","5","5","0.5","5","20","9","1.5","21","6.725284576416016","0.317","0.04722222222222222"
"cifar10","20","2","mixed_maturity","access_freshness_lease","dirichlet_lcb","benign_concept_drift","0.5","0","2","5","5","0.5","5","20","9","1.5","22","7.523489475250244","0.306","0.12277777777777778"
"cifar10","20","2","mixed_maturity","access_freshness_lease","dirichlet_lcb","benign_concept_drift","0.5","0","2","5","5","0.5","5","20","9","1.5","23","7.680866241455078","0.299","0.03333333333333333"
"cifar10","20","2","mixed_maturity","access_freshness_lease","dirichlet_lcb","benign_concept_drift","0.5","0","2","5","5","0.5","5","20","9","1.5","24","5.985079288482666","0.3065","0.07555555555555556"
"cifar10","20","2","mixed_maturity","access_freshness_lease","dirichlet_lcb","benign_concept_drift","0.5","0","2","5","5","0.5","5","20","9","1.5","25","6.670085906982422","0.324","0.041666666666666664"
"cifar10","20","2","mixed_maturity","access_freshness_lease","dirichlet_lcb","benign_concept_drift","0.5","0","2","5","5","0.5","5","20","9","1.5","26","6.180580139160156","0.327","0.09055555555555556"
"cifar10","20","2","mixed_maturity","access_freshness_lease","dirichlet_lcb","benign_concept_drift","0.5","0","2","5","5","0.5","5","20","9","1.5","27","6.249965667724609","0.336","0.027777777777777776"
"cifar10","20","2","mixed_maturity","access_freshness_lease","dirichlet_lcb","benign_concept_drift","0.5","0","2","5","5","0.5","5","20","9","1.5","28","6.25114631652832","0.3325","0.03166666666666667"
"cifar10","20","2","mixed_maturity","access_freshness_lease","dirichlet_lcb","benign_concept_drift","0.5","0","2","5","5","0.5","5","20","9","1.5","29","6.003554344177246","0.3225","0.042222222222222223"
"cifar10","20","2","mixed_maturity","access_freshness_lease","dirichlet_lcb","benign_concept_drift","0.5","0","2","5","5","0.5","5","20","9","1.5","30","5.961358547210693","0.3605","0.12055555555555555"
"cifar10","20","2","mixed_maturity","access_freshness_lease","dirichlet_lcb","benign_concept_drift","0.5","0","2","5","5","0.5","5","20","9","1.5","31","7.090414047241211","0.3195","0.0011111111111111111"
"cifar10","20","2","mixed_maturity","access_freshness_lease","dirichlet_lcb","benign_concept_drift","0.5","0","2","5","5","0.5","5","20","9","1.5","32","7.471884727478027","0.323","0.08944444444444444"
"cifar10","20","2","mixed_maturity","access_freshness_lease","dirichlet_lcb","benign_concept_drift","0.5","0","2","5","5","0.5","5","20","9","1.5","33","5.682741165161133","0.346","0.06555555555555556"
"cifar10","20","2","mixed_maturity","access_freshness_lease","dirichlet_lcb","benign_concept_drift","0.5","0","2","5","5","0.5","5","20","9","1.5","34","7.109273910522461","0.3375","0.08722222222222223"
"cifar10","20","2","mixed_maturity","access_freshness_lease","dirichlet_lcb","benign_concept_drift","0.5","0","2","5","5","0.5","5","20","9","1.5","35","6.1343255043029785","0.328","0.013333333333333334"
"cifar10","20","2","mixed_maturity","access_freshness_lease","dirichlet_lcb","benign_concept_drift","0.5","0","2","5","5","0.5","5","20","9","1.5","36","6.037044048309326","0.343","0.07555555555555556"
"cifar10","20","2","mixed_maturity","access_freshness_lease","dirichlet_lcb","benign_concept_drift","0.5","0","2","5","5","0.5","5","20","9","1.5","37","5.864836692810059","0.3435","0.021111111111111112"
"cifar10","20","2","mixed_maturity","access_freshness_lease","dirichlet_lcb","benign_concept_drift","0.5","0","2","5","5","0.5","5","20","9","1.5","38","5.794767379760742","0.3645","0.12777777777777777"
"cifar10","20","2","mixed_maturity","access_freshness_lease","dirichlet_lcb","benign_concept_drift","0.5","0","2","5","5","0.5","5","20","9","1.5","39","6.1881208419799805","0.3695","0.04722222222222222"
"cifar10","20","2","mixed_maturity","access_freshness_lease","dirichlet_lcb","benign_concept_drift","0.5","0","2","5","5","0.5","5","20","9","1.5","40","6.40460729598999","0.3445","0.22277777777777777"
"cifar10","20","2","mixed_maturity","access_freshness_lease","dirichlet_lcb","benign_concept_drift","0.5","0","2","5","5","0.5","5","20","9","1.5","41","6.060756206512451","0.3545","0.085"
"cifar10","20","2","mixed_maturity","access_freshness_lease","dirichlet_lcb","benign_concept_drift","0.5","0","2","5","5","0.5","5","20","9","1.5","42","6.323328971862793","0.367","0.05388888888888889"
"cifar10","20","2","mixed_maturity","access_freshness_lease","dirichlet_lcb","benign_concept_drift","0.5","0","2","5","5","0.5","5","20","9","1.5","43","5.733925819396973","0.3525","0.02277777777777778"
"cifar10","20","2","mixed_maturity","access_freshness_lease","dirichlet_lcb","benign_concept_drift","0.5","0","2","5","5","0.5","5","20","9","1.5","44","5.528156280517578","0.3745","0.04388888888888889"
"cifar10","20","2","mixed_maturity","access_freshness_lease","dirichlet_lcb","benign_concept_drift","0.5","0","2","5","5","0.5","5","20","9","1.5","45","6.483631134033203","0.3385","0.09222222222222222"
"cifar10","20","2","mixed_maturity","access_freshness_lease","dirichlet_lcb","benign_concept_drift","0.5","0","2","5","5","0.5","5","20","9","1.5","46","7.289323329925537","0.307","0.08"
"cifar10","20","2","mixed_maturity","access_freshness_lease","dirichlet_lcb","benign_concept_drift","0.5","0","2","5","5","0.5","5","20","9","1.5","47","5.867051601409912","0.342","0.09777777777777778"
"cifar10","20","2","mixed_maturity","access_freshness_lease","dirichlet_lcb","benign_concept_drift","0.5","0","2","5","5","0.5","5","20","9","1.5","48","6.2641143798828125","0.3545","0.043333333333333335"
"cifar10","20","2","mixed_maturity","access_freshness_lease","dirichlet_lcb","benign_concept_drift","0.5","0","2","5","5","0.5","5","20","9","1.5","49","5.809287071228027","0.356","0.09833333333333333"
"cifar10","20","2","mixed_maturity","access_freshness_lease","dirichlet_lcb","benign_concept_drift","0.5","0","2","5","5","0.5","5","20","9","1.5","50","5.816143035888672","0.358","0.041666666666666664"
"cifar10","20","2","mixed_maturity","access_freshness_lease","dirichlet_lcb","benign_concept_drift","0.5","1","2","5","5","0.5","5","20","9","1.5","1","6.358318328857422","0.21","0.14666666666666667"
"cifar10","20","2","mixed_maturity","access_freshness_lease","dirichlet_lcb","benign_concept_drift","0.5","1","2","5","5","0.5","5","20","9","1.5","2","9.225398063659668","0.156","0.03277777777777778"
"cifar10","20","2","mixed_maturity","access_freshness_lease","dirichlet_lcb","benign_concept_drift","0.5","1","2","5","5","0.5","5","20","9","1.5","3","9.424108505249023","0.1965","0.0016666666666666668"
"cifar10","20","2","mixed_maturity","access_freshness_lease","dirichlet_lcb","benign_concept_drift","0.5","1","2","5","5","0.5","5","20","9","1.5","4","8.817757606506348","0.244","0.06166666666666667"
"cifar10","20","2","mixed_maturity","access_freshness_lease","dirichlet_lcb","benign_concept_drift","0.5","1","2","5","5","0.5","5","20","9","1.5","5","5.5225749015808105","0.2755","0.04722222222222222"
"cifar10","20","2","mixed_maturity","access_freshness_lease","dirichlet_lcb","benign_concept_drift","0.5","1","2","5","5","0.5","5","20","9","1.5","6","6.605797290802002","0.298","0.13111111111111112"
"cifar10","20","2","mixed_maturity","access_freshness_lease","dirichlet_lcb","benign_concept_drift","0.5","1","2","5","5","0.5","5","20","9","1.5","7","6.534684658050537","0.2885","0.17055555555555554"
"cifar10","20","2","mixed_maturity","access_freshness_lease","dirichlet_lcb","benign_concept_drift","0.5","1","2","5","5","0.5","5","20","9","1.5","8","6.279793739318848","0.297","0.15777777777777777"
"cifar10","20","2","mixed_maturity","access_freshness_lease","dirichlet_lcb","benign_concept_drift","0.5","1","2","5","5","0.5","5","20","9","1.5","9","6.04330587387085","0.277","0.14722222222222223"
"cifar10","20","2","mixed_maturity","access_freshness_lease","dirichlet_lcb","benign_concept_drift","0.5","1","2","5","5","0.5","5","20","9","1.5","10","6.640453338623047","0.299","0.05444444444444444"
"cifar10","20","2","mixed_maturity","access_freshness_lease","dirichlet_lcb","benign_concept_drift","0.5","1","2","5","5","0.5","5","20","9","1.5","11","6.687911033630371","0.3135","0.04777777777777778"
"cifar10","20","2","mixed_maturity","access_freshness_lease","dirichlet_lcb","benign_concept_drift","0.5","1","2","5","5","0.5","5","20","9","1.5","12","6.090204238891602","0.3195","0.010555555555555556"
"cifar10","20","2","mixed_maturity","access_freshness_lease","dirichlet_lcb","benign_concept_drift","0.5","1","2","5","5","0.5","5","20","9","1.5","13","6.552761554718018","0.3025","0.02277777777777778"
"cifar10","20","2","mixed_maturity","access_freshness_lease","dirichlet_lcb","benign_concept_drift","0.5","1","2","5","5","0.5","5","20","9","1.5","14","6.774822235107422","0.298","0.3188888888888889"
"cifar10","20","2","mixed_maturity","access_freshness_lease","dirichlet_lcb","benign_concept_drift","0.5","1","2","5","5","0.5","5","20","9","1.5","15","6.767362117767334","0.281","0.002777777777777778"
"cifar10","20","2","mixed_maturity","access_freshness_lease","dirichlet_lcb","benign_concept_drift","0.5","1","2","5","5","0.5","5","20","9","1.5","16","5.929045677185059","0.334","0.009444444444444445"
"cifar10","20","2","mixed_maturity","access_freshness_lease","dirichlet_lcb","benign_concept_drift","0.5","1","2","5","5","0.5","5","20","9","1.5","17","7.282779216766357","0.288","0.17722222222222223"
"cifar10","20","2","mixed_maturity","access_freshness_lease","dirichlet_lcb","benign_concept_drift","0.5","1","2","5","5","0.5","5","20","9","1.5","18","6.803985118865967","0.2955","0.22666666666666666"
"cifar10","20","2","mixed_maturity","access_freshness_lease","dirichlet_lcb","benign_concept_drift","0.5","1","2","5","5","0.5","5","20","9","1.5","19","6.767103672027588","0.3205","0.034444444444444444"
"cifar10","20","2","mixed_maturity","access_freshness_lease","dirichlet_lcb","benign_concept_drift","0.5","1","2","5","5","0.5","5","20","9","1.5","20","6.95184850692749","0.2925","0.06055555555555556"
"cifar10","20","2","mixed_maturity","access_freshness_lease","dirichlet_lcb","benign_concept_drift","0.5","1","2","5","5","0.5","5","20","9","1.5","21","6.3234710693359375","0.32","0.12"
"cifar10","20","2","mixed_maturity","access_freshness_lease","dirichlet_lcb","benign_concept_drift","0.5","1","2","5","5","0.5","5","20","9","1.5","22","6.83353328704834","0.3315","0.04111111111111111"
"cifar10","20","2","mixed_maturity","access_freshness_lease","dirichlet_lcb","benign_concept_drift","0.5","1","2","5","5","0.5","5","20","9","1.5","23","7.100224494934082","0.3145","0.0005555555555555556"
"cifar10","20","2","mixed_maturity","access_freshness_lease","dirichlet_lcb","benign_concept_drift","0.5","1","2","5","5","0.5","5","20","9","1.5","24","8.15772533416748","0.2885","0.02722222222222222"
"cifar10","20","2","mixed_maturity","access_freshness_lease","dirichlet_lcb","benign_concept_drift","0.5","1","2","5","5","0.5","5","20","9","1.5","25","6.368558883666992","0.336","0.06111111111111111"
"cifar10","20","2","mixed_maturity","access_freshness_lease","dirichlet_lcb","benign_concept_drift","0.5","1","2","5","5","0.5","5","20","9","1.5","26","6.68074893951416","0.341","0.08277777777777778"
"cifar10","20","2","mixed_maturity","access_freshness_lease","dirichlet_lcb","benign_concept_drift","0.5","1","2","5","5","0.5","5","20","9","1.5","27","6.971717834472656","0.3065","0.06277777777777778"
"cifar10","20","2","mixed_maturity","access_freshness_lease","dirichlet_lcb","benign_concept_drift","0.5","1","2","5","5","0.5","5","20","9","1.5","28","5.686573505401611","0.337","0.025"
"cifar10","20","2","mixed_maturity","access_freshness_lease","dirichlet_lcb","benign_concept_drift","0.5","1","2","5","5","0.5","5","20","9","1.5","29","5.974514484405518","0.3355","0.10222222222222223"
"cifar10","20","2","mixed_maturity","access_freshness_lease","dirichlet_lcb","benign_concept_drift","0.5","1","2","5","5","0.5","5","20","9","1.5","30","5.862431049346924","0.347","0.07666666666666666"
"cifar10","20","2","mixed_maturity","access_freshness_lease","dirichlet_lcb","benign_concept_drift","0.5","1","2","5","5","0.5","5","20","9","1.5","31","7.516899585723877","0.313","0.1"
"cifar10","20","2","mixed_maturity","access_freshness_lease","dirichlet_lcb","benign_concept_drift","0.5","1","2","5","5","0.5","5","20","9","1.5","32","6.217761516571045","0.3105","0.08277777777777778"
"cifar10","20","2","mixed_maturity","access_freshness_lease","dirichlet_lcb","benign_concept_drift","0.5","1","2","5","5","0.5","5","20","9","1.5","33","7.069622993469238","0.3405","0.175"
"cifar10","20","2","mixed_maturity","access_freshness_lease","dirichlet_lcb","benign_concept_drift","0.5","1","2","5","5","0.5","5","20","9","1.5","34","6.135865211486816","0.3345","0.0044444444444444444"
"cifar10","20","2","mixed_maturity","access_freshness_lease","dirichlet_lcb","benign_concept_drift","0.5","1","2","5","5","0.5","5","20","9","1.5","35","5.976131439208984","0.3535","0.055"
"cifar10","20","2","mixed_maturity","access_freshness_lease","dirichlet_lcb","benign_concept_drift","0.5","1","2","5","5","0.5","5","20","9","1.5","36","6.722448348999023","0.321","0.03722222222222222"
"cifar10","20","2","mixed_maturity","access_freshness_lease","dirichlet_lcb","benign_concept_drift","0.5","1","2","5","5","0.5","5","20","9","1.5","37","6.258940696716309","0.3405","0.014444444444444444"
"cifar10","20","2","mixed_maturity","access_freshness_lease","dirichlet_lcb","benign_concept_drift","0.5","1","2","5","5","0.5","5","20","9","1.5","38","6.855749130249023","0.3325","0.17555555555555555"
"cifar10","20","2","mixed_maturity","access_freshness_lease","dirichlet_lcb","benign_concept_drift","0.5","1","2","5","5","0.5","5","20","9","1.5","39","6.43156623840332","0.347","0.042222222222222223"
"cifar10","20","2","mixed_maturity","access_freshness_lease","dirichlet_lcb","benign_concept_drift","0.5","1","2","5","5","0.5","5","20","9","1.5","40","5.461636543273926","0.361","0.07388888888888889"
"cifar10","20","2","mixed_maturity","access_freshness_lease","dirichlet_lcb","benign_concept_drift","0.5","1","2","5","5","0.5","5","20","9","1.5","41","6.869580268859863","0.335","0.07833333333333334"
"cifar10","20","2","mixed_maturity","access_freshness_lease","dirichlet_lcb","benign_concept_drift","0.5","1","2","5","5","0.5","5","20","9","1.5","42","6.969230651855469","0.317","0.007222222222222222"
"cifar10","20","2","mixed_maturity","access_freshness_lease","dirichlet_lcb","benign_concept_drift","0.5","1","2","5","5","0.5","5","20","9","1.5","43","6.202805995941162","0.356","0.09777777777777778"
"cifar10","20","2","mixed_maturity","access_freshness_lease","dirichlet_lcb","benign_concept_drift","0.5","1","2","5","5","0.5","5","20","9","1.5","44","5.890327453613281","0.353","0.07"
"cifar10","20","2","mixed_maturity","access_freshness_lease","dirichlet_lcb","benign_concept_drift","0.5","1","2","5","5","0.5","5","20","9","1.5","45","6.5154128074646","0.354","0.051111111111111114"
"cifar10","20","2","mixed_maturity","access_freshness_lease","dirichlet_lcb","benign_concept_drift","0.5","1","2","5","5","0.5","5","20","9","1.5","46","6.3822736740112305","0.3595","0.03111111111111111"
"cifar10","20","2","mixed_maturity","access_freshness_lease","dirichlet_lcb","benign_concept_drift","0.5","1","2","5","5","0.5","5","20","9","1.5","47","6.35802698135376","0.349","0.035"
"cifar10","20","2","mixed_maturity","access_freshness_lease","dirichlet_lcb","benign_concept_drift","0.5","1","2","5","5","0.5","5","20","9","1.5","48","6.134033203125","0.3445","0.027777777777777776"
"cifar10","20","2","mixed_maturity","access_freshness_lease","dirichlet_lcb","benign_concept_drift","0.5","1","2","5","5","0.5","5","20","9","1.5","49","6.4722490310668945","0.3275","0.045"
"cifar10","20","2","mixed_maturity","access_freshness_lease","dirichlet_lcb","benign_concept_drift","0.5","1","2","5","5","0.5","5","20","9","1.5","50","5.805069446563721","0.3495","0.165"
"cifar10","20","2","mixed_maturity","access_freshness_lease","dirichlet_lcb","benign_concept_drift","0.5","2","2","5","5","0.5","5","20","9","1.5","1","9.447582244873047","0.1575","0.0"
"cifar10","20","2","mixed_maturity","access_freshness_lease","dirichlet_lcb","benign_concept_drift","0.5","2","2","5","5","0.5","5","20","9","1.5","2","6.866398334503174","0.2555","0.16833333333333333"
"cifar10","20","2","mixed_maturity","access_freshness_lease","dirichlet_lcb","benign_concept_drift","0.5","2","2","5","5","0.5","5","20","9","1.5","3","6.86038064956665","0.226","0.0005555555555555556"
"cifar10","20","2","mixed_maturity","access_freshness_lease","dirichlet_lcb","benign_concept_drift","0.5","2","2","5","5","0.5","5","20","9","1.5","4","7.59125280380249","0.239","0.0022222222222222222"
"cifar10","20","2","mixed_maturity","access_freshness_lease","dirichlet_lcb","benign_concept_drift","0.5","2","2","5","5","0.5","5","20","9","1.5","5","6.554633617401123","0.2695","0.17888888888888888"
"cifar10","20","2","mixed_maturity","access_freshness_lease","dirichlet_lcb","benign_concept_drift","0.5","2","2","5","5","0.5","5","20","9","1.5","6","7.632650375366211","0.243","0.25333333333333335"
"cifar10","20","2","mixed_maturity","access_freshness_lease","dirichlet_lcb","benign_concept_drift","0.5","2","2","5","5","0.5","5","20","9","1.5","7","6.57429838180542","0.296","0.095"
"cifar10","20","2","mixed_maturity","access_freshness_lease","dirichlet_lcb","benign_concept_drift","0.5","2","2","5","5","0.5","5","20","9","1.5","8","5.936186790466309","0.3045","0.08555555555555555"
"cifar10","20","2","mixed_maturity","access_freshness_lease","dirichlet_lcb","benign_concept_drift","0.5","2","2","5","5","0.5","5","20","9","1.5","9","8.125208854675293","0.2675","0.25"
"cifar10","20","2","mixed_maturity","access_freshness_lease","dirichlet_lcb","benign_concept_drift","0.5","2","2","5","5","0.5","5","20","9","1.5","10","6.75","0.293","0.17833333333333334"
"cifar10","20","2","mixed_maturity","access_freshness_lease","dirichlet_lcb","benign_concept_drift","0.5","2","2","5","5","0.5","5","20","9","1.5","11","6.3694257736206055","0.2845","0.10888888888888888"
"cifar10","20","2","mixed_maturity","access_freshness_lease","dirichlet_lcb","benign_concept_drift","0.5","2","2","5","5","0.5","5","20","9","1.5","12","8.798725128173828","0.2525","0.2011111111111111"
"cifar10","20","2","mixed_maturity","access_freshness_lease","dirichlet_lcb","benign_concept_drift","0.5","2","2","5","5","0.5","5","20","9","1.5","13","6.793071269989014","0.309","0.11555555555555555"
"cifar10","20","2","mixed_maturity","access_freshness_lease","dirichlet_lcb","benign_concept_drift","0.5","2","2","5","5","0.5","5","20","9","1.5","14","6.422330856323242","0.291","0.13111111111111112"
"cifar10","20","2","mixed_maturity","access_freshness_lease","dirichlet_lcb","benign_concept_drift","0.5","2","2","5","5","0.5","5","20","9","1.5","15","6.493920803070068","0.303","0.2477777777777778"
"cifar10","20","2","mixed_maturity","access_freshness_lease","dirichlet_lcb","benign_concept_drift","0.5","2","2","5","5","0.5","5","20","9","1.5","16","7.6173930168151855","0.2755","0.043333333333333335"
"cifar10","20","2","mixed_maturity","access_freshness_lease","dirichlet_lcb","benign_concept_drift","0.5","2","2","5","5","0.5","5","20","9","1.5","17","6.916520595550537","0.3015","0.20555555555555555"
"cifar10","20","2","mixed_maturity","access_freshness_lease","dirichlet_lcb","benign_concept_drift","0.5","2","2","5","5","0.5","5","20","9","1.5","18","8.319128036499023","0.2845","0.050555555555555555"
"cifar10","20","2","mixed_maturity","access_freshness_lease","dirichlet_lcb","benign_concept_drift","0.5","2","2","5","5","0.5","5","20","9","1.5","19","7.3105926513671875","0.3015","0.1111111111111111"
"cifar10","20","2","mixed_maturity","access_freshness_lease","dirichlet_lcb","benign_concept_drift","0.5","2","2","5","5","0.5","5","20","9","1.5","20","5.9588165283203125","0.332","0.095"
"cifar10","20","2","mixed_maturity","access_freshness_lease","dirichlet_lcb","benign_concept_drift","0.5","2","2","5","5","0.5","5","20","9","1.5","21","6.372288227081299","0.3405","0.026111111111111113"
"cifar10","20","2","mixed_maturity","access_freshness_lease","dirichlet_lcb","benign_concept_drift","0.5","2","2","5","5","0.5","5","20","9","1.5","22","7.405078887939453","0.3125","0.21888888888888888"
"cifar10","20","2","mixed_maturity","access_freshness_lease","dirichlet_lcb","benign_concept_drift","0.5","2","2","5","5","0.5","5","20","9","1.5","23","6.529649257659912","0.3215","0.22722222222222221"
"cifar10","20","2","mixed_maturity","access_freshness_lease","dirichlet_lcb","benign_concept_drift","0.5","2","2","5","5","0.5","5","20","9","1.5","24","6.262197494506836","0.3345","0.10166666666666667"
"cifar10","20","2","mixed_maturity","access_freshness_lease","dirichlet_lcb","benign_concept_drift","0.5","2","2","5","5","0.5","5","20","9","1.5","25","6.253094673156738","0.3305","0.19111111111111112"
"cifar10","20","2","mixed_maturity","access_freshness_lease","dirichlet_lcb","benign_concept_drift","0.5","2","2","5","5","0.5","5","20","9","1.5","26","6.706607341766357","0.3395","0.0022222222222222222"
"cifar10","20","2","mixed_maturity","access_freshness_lease","dirichlet_lcb","benign_concept_drift","0.5","2","2","5","5","0.5","5","20","9","1.5","27","6.344584941864014","0.3245","0.03666666666666667"
"cifar10","20","2","mixed_maturity","access_freshness_lease","dirichlet_lcb","benign_concept_drift","0.5","2","2","5","5","0.5","5","20","9","1.5","28","6.704183101654053","0.3035","0.1238888888888889"
"cifar10","20","2","mixed_maturity","access_freshness_lease","dirichlet_lcb","benign_concept_drift","0.5","2","2","5","5","0.5","5","20","9","1.5","29","6.286828517913818","0.33","0.09333333333333334"
"cifar10","20","2","mixed_maturity","access_freshness_lease","dirichlet_lcb","benign_concept_drift","0.5","2","2","5","5","0.5","5","20","9","1.5","30","6.434390544891357","0.3375","0.055"
"cifar10","20","2","mixed_maturity","access_freshness_lease","dirichlet_lcb","benign_concept_drift","0.5","2","2","5","5","0.5","5","20","9","1.5","31","6.536044597625732","0.3465","0.11333333333333333"
"cifar10","20","2","mixed_maturity","access_freshness_lease","dirichlet_lcb","benign_concept_drift","0.5","2","2","5","5","0.5","5","20","9","1.5","32","6.621129035949707","0.3235","0.08166666666666667"
"cifar10","20","2","mixed_maturity","access_freshness_lease","dirichlet_lcb","benign_concept_drift","0.5","2","2","5","5","0.5","5","20","9","1.5","33","8.292131423950195","0.2885","0.39166666666666666"
"cifar10","20","2","mixed_maturity","access_freshness_lease","dirichlet_lcb","benign_concept_drift","0.5","2","2","5","5","0.5","5","20","9","1.5","34","6.264171123504639","0.3465","0.08611111111111111"
"cifar10","20","2","mixed_maturity","access_freshness_lease","dirichlet_lcb","benign_concept_drift","0.5","2","2","5","5","0.5","5","20","9","1.5","35","7.4676337242126465","0.302","0.1738888888888889"
"cifar10","20","2","mixed_maturity","access_freshness_lease","dirichlet_lcb","benign_concept_drift","0.5","2","2","5","5","0.5","5","20","9","1.5","36","7.48281192779541","0.321","0.23333333333333334"
"cifar10","20","2","mixed_maturity","access_freshness_lease","dirichlet_lcb","benign_concept_drift","0.5","2","2","5","5","0.5","5","20","9","1.5","37","6.43865966796875","0.351","0.1622222222222222"
"cifar10","20","2","mixed_maturity","access_freshness_lease","dirichlet_lcb","benign_concept_drift","0.5","2","2","5","5","0.5","5","20","9","1.5","38","6.254748344421387","0.343","0.195"
"cifar10","20","2","mixed_maturity","access_freshness_lease","dirichlet_lcb","benign_concept_drift","0.5","2","2","5","5","0.5","5","20","9","1.5","39","7.157187461853027","0.336","0.02722222222222222"
"cifar10","20","2","mixed_maturity","access_freshness_lease","dirichlet_lcb","benign_concept_drift","0.5","2","2","5","5","0.5","5","20","9","1.5","40","6.033401012420654","0.35","0.049444444444444444"
"cifar10","20","2","mixed_maturity","access_freshness_lease","dirichlet_lcb","benign_concept_drift","0.5","2","2","5","5","0.5","5","20","9","1.5","41","6.465862274169922","0.3555","0.09277777777777778"
"cifar10","20","2","mixed_maturity","access_freshness_lease","dirichlet_lcb","benign_concept_drift","0.5","2","2","5","5","0.5","5","20","9","1.5","42","6.668275833129883","0.341","0.11444444444444445"
"cifar10","20","2","mixed_maturity","access_freshness_lease","dirichlet_lcb","benign_concept_drift","0.5","2","2","5","5","0.5","5","20","9","1.5","43","6.262116432189941","0.358","0.05333333333333334"
"cifar10","20","2","mixed_maturity","access_freshness_lease","dirichlet_lcb","benign_concept_drift","0.5","2","2","5","5","0.5","5","20","9","1.5","44","5.8248491287231445","0.3505","0.03944444444444444"
"cifar10","20","2","mixed_maturity","access_freshness_lease","dirichlet_lcb","benign_concept_drift","0.5","2","2","5","5","0.5","5","20","9","1.5","45","6.4000773429870605","0.321","0.03777777777777778"
"cifar10","20","2","mixed_maturity","access_freshness_lease","dirichlet_lcb","benign_concept_drift","0.5","2","2","5","5","0.5","5","20","9","1.5","46","7.605696201324463","0.3215","0.21166666666666667"
"cifar10","20","2","mixed_maturity","access_freshness_lease","dirichlet_lcb","benign_concept_drift","0.5","2","2","5","5","0.5","5","20","9","1.5","47","6.4624247550964355","0.3605","0.13"
"cifar10","20","2","mixed_maturity","access_freshness_lease","dirichlet_lcb","benign_concept_drift","0.5","2","2","5","5","0.5","5","20","9","1.5","48","7.02349328994751","0.3535","0.07222222222222222"
"cifar10","20","2","mixed_maturity","access_freshness_lease","dirichlet_lcb","benign_concept_drift","0.5","2","2","5","5","0.5","5","20","9","1.5","49","6.124742031097412","0.351","0.08722222222222223"
"cifar10","20","2","mixed_maturity","access_freshness_lease","dirichlet_lcb","benign_concept_drift","0.5","2","2","5","5","0.5","5","20","9","1.5","50","6.198747634887695","0.3525","0.1738888888888889"
"cifar10","20","2","mixed_maturity","access_freshness_lease","dirichlet_lcb","benign_concept_drift","0.5","3","2","5","5","0.5","5","20","9","1.5","1","9.39989185333252","0.1665","0.0"
"cifar10","20","2","mixed_maturity","access_freshness_lease","dirichlet_lcb","benign_concept_drift","0.5","3","2","5","5","0.5","5","20","9","1.5","2","5.868572235107422","0.254","0.014444444444444444"
"cifar10","20","2","mixed_maturity","access_freshness_lease","dirichlet_lcb","benign_concept_drift","0.5","3","2","5","5","0.5","5","20","9","1.5","3","5.224867343902588","0.246","0.015555555555555555"
"cifar10","20","2","mixed_maturity","access_freshness_lease","dirichlet_lcb","benign_concept_drift","0.5","3","2","5","5","0.5","5","20","9","1.5","4","7.942203044891357","0.26","0.002777777777777778"
"cifar10","20","2","mixed_maturity","access_freshness_lease","dirichlet_lcb","benign_concept_drift","0.5","3","2","5","5","0.5","5","20","9","1.5","5","7.227116584777832","0.2665","0.029444444444444443"
"cifar10","20","2","mixed_maturity","access_freshness_lease","dirichlet_lcb","benign_concept_drift","0.5","3","2","5","5","0.5","5","20","9","1.5","6","9.147539138793945","0.228","0.005555555555555556"
"cifar10","20","2","mixed_maturity","access_freshness_lease","dirichlet_lcb","benign_concept_drift","0.5","3","2","5","5","0.5","5","20","9","1.5","7","5.811540126800537","0.3045","0.16555555555555557"
"cifar10","20","2","mixed_maturity","access_freshness_lease","dirichlet_lcb","benign_concept_drift","0.5","3","2","5","5","0.5","5","20","9","1.5","8","7.733922004699707","0.2505","0.04055555555555555"
"cifar10","20","2","mixed_maturity","access_freshness_lease","dirichlet_lcb","benign_concept_drift","0.5","3","2","5","5","0.5","5","20","9","1.5","9","7.098087787628174","0.277","0.012222222222222223"
"cifar10","20","2","mixed_maturity","access_freshness_lease","dirichlet_lcb","benign_concept_drift","0.5","3","2","5","5","0.5","5","20","9","1.5","10","6.724617958068848","0.3095","0.08888888888888889"
"cifar10","20","2","mixed_maturity","access_freshness_lease","dirichlet_lcb","benign_concept_drift","0.5","3","2","5","5","0.5","5","20","9","1.5","11","6.183006763458252","0.314","0.06222222222222222"
"cifar10","20","2","mixed_maturity","access_freshness_lease","dirichlet_lcb","benign_concept_drift","0.5","3","2","5","5","0.5","5","20","9","1.5","12","7.635603904724121","0.296","0.018333333333333333"
"cifar10","20","2","mixed_maturity","access_freshness_lease","dirichlet_lcb","benign_concept_drift","0.5","3","2","5","5","0.5","5","20","9","1.5","13","6.421969890594482","0.2985","0.012777777777777779"
"cifar10","20","2","mixed_maturity","access_freshness_lease","dirichlet_lcb","benign_concept_drift","0.5","3","2","5","5","0.5","5","20","9","1.5","14","6.13651180267334","0.3015","0.03388888888888889"
"cifar10","20","2","mixed_maturity","access_freshness_lease","dirichlet_lcb","benign_concept_drift","0.5","3","2","5","5","0.5","5","20","9","1.5","15","6.83622407913208","0.3195","0.057777777777777775"
"cifar10","20","2","mixed_maturity","access_freshness_lease","dirichlet_lcb","benign_concept_drift","0.5","3","2","5","5","0.5","5","20","9","1.5","16","6.84050178527832","0.3315","0.05388888888888889"
"cifar10","20","2","mixed_maturity","access_freshness_lease","dirichlet_lcb","benign_concept_drift","0.5","3","2","5","5","0.5","5","20","9","1.5","17","6.234589576721191","0.3245","0.0022222222222222222"
"cifar10","20","2","mixed_maturity","access_freshness_lease","dirichlet_lcb","benign_concept_drift","0.5","3","2","5","5","0.5","5","20","9","1.5","18","6.419686794281006","0.3315","0.049444444444444444"
"cifar10","20","2","mixed_maturity","access_freshness_lease","dirichlet_lcb","benign_concept_drift","0.5","3","2","5","5","0.5","5","20","9","1.5","19","6.517255783081055","0.314","0.23"
"cifar10","20","2","mixed_maturity","access_freshness_lease","dirichlet_lcb","benign_concept_drift","0.5","3","2","5","5","0.5","5","20","9","1.5","20","6.52130651473999","0.3235","0.01611111111111111"
"cifar10","20","2","mixed_maturity","access_freshness_lease","dirichlet_lcb","benign_concept_drift","0.5","3","2","5","5","0.5","5","20","9","1.5","21","7.200460910797119","0.3035","0.012222222222222223"
"cifar10","20","2","mixed_maturity","access_freshness_lease","dirichlet_lcb","benign_concept_drift","0.5","3","2","5","5","0.5","5","20","9","1.5","22","6.977192401885986","0.306","0.11333333333333333"
"cifar10","20","2","mixed_maturity","access_freshness_lease","dirichlet_lcb","benign_concept_drift","0.5","3","2","5","5","0.5","5","20","9","1.5","23","6.6490349769592285","0.305","0.0016666666666666668"
"cifar10","20","2","mixed_maturity","access_freshness_lease","dirichlet_lcb","benign_concept_drift","0.5","3","2","5","5","0.5","5","20","9","1.5","24","7.065716743469238","0.3055","0.0016666666666666668"
"cifar10","20","2","mixed_maturity","access_freshness_lease","dirichlet_lcb","benign_concept_drift","0.5","3","2","5","5","0.5","5","20","9","1.5","25","6.126786231994629","0.344","0.08555555555555555"
"cifar10","20","2","mixed_maturity","access_freshness_lease","dirichlet_lcb","benign_concept_drift","0.5","3","2","5","5","0.5","5","20","9","1.5","26","6.127006530761719","0.3565","0.058333333333333334"
"cifar10","20","2","mixed_maturity","access_freshness_lease","dirichlet_lcb","benign_concept_drift","0.5","3","2","5","5","0.5","5","20","9","1.5","27","7.277915000915527","0.3065","0.075"
"cifar10","20","2","mixed_maturity","access_freshness_lease","dirichlet_lcb","benign_concept_drift","0.5","3","2","5","5","0.5","5","20","9","1.5","28","6.161861896514893","0.3255","0.13166666666666665"
"cifar10","20","2","mixed_maturity","access_freshness_lease","dirichlet_lcb","benign_concept_drift","0.5","3","2","5","5","0.5","5","20","9","1.5","29","6.869399547576904","0.3175","0.058888888888888886"
"cifar10","20","2","mixed_maturity","access_freshness_lease","dirichlet_lcb","benign_concept_drift","0.5","3","2","5","5","0.5","5","20","9","1.5","30","7.043908596038818","0.33","0.20222222222222222"
"cifar10","20","2","mixed_maturity","access_freshness_lease","dirichlet_lcb","benign_concept_drift","0.5","3","2","5","5","0.5","5","20","9","1.5","31","6.09860372543335","0.33","0.05277777777777778"
"cifar10","20","2","mixed_maturity","access_freshness_lease","dirichlet_lcb","benign_concept_drift","0.5","3","2","5","5","0.5","5","20","9","1.5","32","6.970772743225098","0.319","0.02"
"cifar10","20","2","mixed_maturity","access_freshness_lease","dirichlet_lcb","benign_concept_drift","0.5","3","2","5","5","0.5","5","20","9","1.5","33","7.553929805755615","0.303","0.07611111111111112"
"cifar10","20","2","mixed_maturity","access_freshness_lease","dirichlet_lcb","benign_concept_drift","0.5","3","2","5","5","0.5","5","20","9","1.5","34","6.150933742523193","0.35","0.03888888888888889"
"cifar10","20","2","mixed_maturity","access_freshness_lease","dirichlet_lcb","benign_concept_drift","0.5","3","2","5","5","0.5","5","20","9","1.5","35","6.40812873840332","0.347","0.018333333333333333"
"cifar10","20","2","mixed_maturity","access_freshness_lease","dirichlet_lcb","benign_concept_drift","0.5","3","2","5","5","0.5","5","20","9","1.5","36","5.702888488769531","0.354","0.07277777777777777"
"cifar10","20","2","mixed_maturity","access_freshness_lease","dirichlet_lcb","benign_concept_drift","0.5","3","2","5","5","0.5","5","20","9","1.5","37","5.828855514526367","0.352","0.06166666666666667"
"cifar10","20","2","mixed_maturity","access_freshness_lease","dirichlet_lcb","benign_concept_drift","0.5","3","2","5","5","0.5","5","20","9","1.5","38","5.877798080444336","0.333","0.03944444444444444"
"cifar10","20","2","mixed_maturity","access_freshness_lease","dirichlet_lcb","benign_concept_drift","0.5","3","2","5","5","0.5","5","20","9","1.5","39","6.736551761627197","0.33","0.10888888888888888"
"cifar10","20","2","mixed_maturity","access_freshness_lease","dirichlet_lcb","benign_concept_drift","0.5","3","2","5","5","0.5","5","20","9","1.5","40","7.281986236572266","0.315","0.005555555555555556"
"cifar10","20","2","mixed_maturity","access_freshness_lease","dirichlet_lcb","benign_concept_drift","0.5","3","2","5","5","0.5","5","20","9","1.5","41","6.213832855224609","0.3375","0.09722222222222222"
"cifar10","20","2","mixed_maturity","access_freshness_lease","dirichlet_lcb","benign_concept_drift","0.5","3","2","5","5","0.5","5","20","9","1.5","42","6.1764092445373535","0.3495","0.06722222222222222"
"cifar10","20","2","mixed_maturity","access_freshness_lease","dirichlet_lcb","benign_concept_drift","0.5","3","2","5","5","0.5","5","20","9","1.5","43","6.983220100402832","0.3435","0.09277777777777778"
"cifar10","20","2","mixed_maturity","access_freshness_lease","dirichlet_lcb","benign_concept_drift","0.5","3","2","5","5","0.5","5","20","9","1.5","44","5.860623359680176","0.354","0.03611111111111111"
"cifar10","20","2","mixed_maturity","access_freshness_lease","dirichlet_lcb","benign_concept_drift","0.5","3","2","5","5","0.5","5","20","9","1.5","45","6.952114105224609","0.3145","0.029444444444444443"
"cifar10","20","2","mixed_maturity","access_freshness_lease","dirichlet_lcb","benign_concept_drift","0.5","3","2","5","5","0.5","5","20","9","1.5","46","7.061068534851074","0.3375","0.10833333333333334"
"cifar10","20","2","mixed_maturity","access_freshness_lease","dirichlet_lcb","benign_concept_drift","0.5","3","2","5","5","0.5","5","20","9","1.5","47","6.938834190368652","0.337","0.01"
"cifar10","20","2","mixed_maturity","access_freshness_lease","dirichlet_lcb","benign_concept_drift","0.5","3","2","5","5","0.5","5","20","9","1.5","48","6.504343032836914","0.3435","0.01"
"cifar10","20","2","mixed_maturity","access_freshness_lease","dirichlet_lcb","benign_concept_drift","0.5","3","2","5","5","0.5","5","20","9","1.5","49","6.99858283996582","0.3485","0.08888888888888889"
"cifar10","20","2","mixed_maturity","access_freshness_lease","dirichlet_lcb","benign_concept_drift","0.5","3","2","5","5","0.5","5","20","9","1.5","50","6.377418041229248","0.3375","0.10166666666666667"
"cifar10","20","2","mixed_maturity","access_freshness_lease","dirichlet_lcb","benign_concept_drift","0.5","4","2","5","5","0.5","5","20","9","1.5","1","12.972481727600098","0.1135","0.0"
"cifar10","20","2","mixed_maturity","access_freshness_lease","dirichlet_lcb","benign_concept_drift","0.5","4","2","5","5","0.5","5","20","9","1.5","2","10.444798469543457","0.1785","0.0005555555555555556"
"cifar10","20","2","mixed_maturity","access_freshness_lease","dirichlet_lcb","benign_concept_drift","0.5","4","2","5","5","0.5","5","20","9","1.5","3","6.739048957824707","0.253","0.021111111111111112"
"cifar10","20","2","mixed_maturity","access_freshness_lease","dirichlet_lcb","benign_concept_drift","0.5","4","2","5","5","0.5","5","20","9","1.5","4","7.9814066886901855","0.2205","0.029444444444444443"
"cifar10","20","2","mixed_maturity","access_freshness_lease","dirichlet_lcb","benign_concept_drift","0.5","4","2","5","5","0.5","5","20","9","1.5","5","6.185375213623047","0.271","0.022222222222222223"
"cifar10","20","2","mixed_maturity","access_freshness_lease","dirichlet_lcb","benign_concept_drift","0.5","4","2","5","5","0.5","5","20","9","1.5","6","5.326395034790039","0.3005","0.07444444444444444"
"cifar10","20","2","mixed_maturity","access_freshness_lease","dirichlet_lcb","benign_concept_drift","0.5","4","2","5","5","0.5","5","20","9","1.5","7","5.4090166091918945","0.2905","0.04611111111111111"
"cifar10","20","2","mixed_maturity","access_freshness_lease","dirichlet_lcb","benign_concept_drift","0.5","4","2","5","5","0.5","5","20","9","1.5","8","5.863135814666748","0.298","0.014444444444444444"
"cifar10","20","2","mixed_maturity","access_freshness_lease","dirichlet_lcb","benign_concept_drift","0.5","4","2","5","5","0.5","5","20","9","1.5","9","5.965893745422363","0.3275","0.07111111111111111"
"cifar10","20","2","mixed_maturity","access_freshness_lease","dirichlet_lcb","benign_concept_drift","0.5","4","2","5","5","0.5","5","20","9","1.5","10","6.065682411193848","0.3015","0.025"
"cifar10","20","2","mixed_maturity","access_freshness_lease","dirichlet_lcb","benign_concept_drift","0.5","4","2","5","5","0.5","5","20","9","1.5","11","6.597888469696045","0.2885","0.04888888888888889"
"cifar10","20","2","mixed_maturity","access_freshness_lease","dirichlet_lcb","benign_concept_drift","0.5","4","2","5","5","0.5","5","20","9","1.5","12","7.197282314300537","0.3","0.21055555555555555"
"cifar10","20","2","mixed_maturity","access_freshness_lease","dirichlet_lcb","benign_concept_drift","0.5","4","2","5","5","0.5","5","20","9","1.5","13","6.695112228393555","0.279","0.03277777777777778"
"cifar10","20","2","mixed_maturity","access_freshness_lease","dirichlet_lcb","benign_concept_drift","0.5","4","2","5","5","0.5","5","20","9","1.5","14","7.112011432647705","0.3195","0.015555555555555555"
"cifar10","20","2","mixed_maturity","access_freshness_lease","dirichlet_lcb","benign_concept_drift","0.5","4","2","5","5","0.5","5","20","9","1.5","15","7.902416706085205","0.28","0.15666666666666668"
"cifar10","20","2","mixed_maturity","access_freshness_lease","dirichlet_lcb","benign_concept_drift","0.5","4","2","5","5","0.5","5","20","9","1.5","16","7.382028579711914","0.2895","0.02277777777777778"
"cifar10","20","2","mixed_maturity","access_freshness_lease","dirichlet_lcb","benign_concept_drift","0.5","4","2","5","5","0.5","5","20","9","1.5","17","6.397528648376465","0.317","0.013333333333333334"
"cifar10","20","2","mixed_maturity","access_freshness_lease","dirichlet_lcb","benign_concept_drift","0.5","4","2","5","5","0.5","5","20","9","1.5","18","7.899533271789551","0.2905","0.14777777777777779"
"cifar10","20","2","mixed_maturity","access_freshness_lease","dirichlet_lcb","benign_concept_drift","0.5","4","2","5","5","0.5","5","20","9","1.5","19","6.304710865020752","0.326","0.06444444444444444"
"cifar10","20","2","mixed_maturity","access_freshness_lease","dirichlet_lcb","benign_concept_drift","0.5","4","2","5","5","0.5","5","20","9","1.5","20","6.414768695831299","0.325","0.008333333333333333"
"cifar10","20","2","mixed_maturity","access_freshness_lease","dirichlet_lcb","benign_concept_drift","0.5","4","2","5","5","0.5","5","20","9","1.5","21","5.894654273986816","0.337","0.07833333333333334"
"cifar10","20","2","mixed_maturity","access_freshness_lease","dirichlet_lcb","benign_concept_drift","0.5","4","2","5","5","0.5","5","20","9","1.5","22","7.110528469085693","0.299","0.10111111111111111"
"cifar10","20","2","mixed_maturity","access_freshness_lease","dirichlet_lcb","benign_concept_drift","0.5","4","2","5","5","0.5","5","20","9","1.5","23","6.426534652709961","0.325","0.12333333333333334"
"cifar10","20","2","mixed_maturity","access_freshness_lease","dirichlet_lcb","benign_concept_drift","0.5","4","2","5","5","0.5","5","20","9","1.5","24","5.901623249053955","0.339","0.05277777777777778"
"cifar10","20","2","mixed_maturity","access_freshness_lease","dirichlet_lcb","benign_concept_drift","0.5","4","2","5","5","0.5","5","20","9","1.5","25","6.023281574249268","0.341","0.03666666666666667"
"cifar10","20","2","mixed_maturity","access_freshness_lease","dirichlet_lcb","benign_concept_drift","0.5","4","2","5","5","0.5","5","20","9","1.5","26","7.4548821449279785","0.3225","0.04722222222222222"
"cifar10","20","2","mixed_maturity","access_freshness_lease","dirichlet_lcb","benign_concept_drift","0.5","4","2","5","5","0.5","5","20","9","1.5","27","5.735282897949219","0.3555","0.095"
"cifar10","20","2","mixed_maturity","access_freshness_lease","dirichlet_lcb","benign_concept_drift","0.5","4","2","5","5","0.5","5","20","9","1.5","28","6.424307346343994","0.3235","0.14722222222222223"
"cifar10","20","2","mixed_maturity","access_freshness_lease","dirichlet_lcb","benign_concept_drift","0.5","4","2","5","5","0.5","5","20","9","1.5","29","6.054242134094238","0.3425","0.1111111111111111"
"cifar10","20","2","mixed_maturity","access_freshness_lease","dirichlet_lcb","benign_concept_drift","0.5","4","2","5","5","0.5","5","20","9","1.5","30","6.903867244720459","0.325","0.09888888888888889"
"cifar10","20","2","mixed_maturity","access_freshness_lease","dirichlet_lcb","benign_concept_drift","0.5","4","2","5","5","0.5","5","20","9","1.5","31","6.51384162902832","0.346","0.04777777777777778"
"cifar10","20","2","mixed_maturity","access_freshness_lease","dirichlet_lcb","benign_concept_drift","0.5","4","2","5","5","0.5","5","20","9","1.5","32","6.030304431915283","0.3555","0.051666666666666666"
"cifar10","20","2","mixed_maturity","access_freshness_lease","dirichlet_lcb","benign_concept_drift","0.5","4","2","5","5","0.5","5","20","9","1.5","33","6.413064479827881","0.337","0.027777777777777776"
"cifar10","20","2","mixed_maturity","access_freshness_lease","dirichlet_lcb","benign_concept_drift","0.5","4","2","5","5","0.5","5","20","9","1.5","34","6.607510566711426","0.3355","0.125"
"cifar10","20","2","mixed_maturity","access_freshness_lease","dirichlet_lcb","benign_concept_drift","0.5","4","2","5","5","0.5","5","20","9","1.5","35","6.742256164550781","0.348","0.06166666666666667"
"cifar10","20","2","mixed_maturity","access_freshness_lease","dirichlet_lcb","benign_concept_drift","0.5","4","2","5","5","0.5","5","20","9","1.5","36","5.599076271057129","0.3605","0.07777777777777778"
"cifar10","20","2","mixed_maturity","access_freshness_lease","dirichlet_lcb","benign_concept_drift","0.5","4","2","5","5","0.5","5","20","9","1.5","37","7.131278038024902","0.3075","0.03277777777777778"
"cifar10","20","2","mixed_maturity","access_freshness_lease","dirichlet_lcb","benign_concept_drift","0.5","4","2","5","5","0.5","5","20","9","1.5","38","6.959826946258545","0.314","0.04111111111111111"
"cifar10","20","2","mixed_maturity","access_freshness_lease","dirichlet_lcb","benign_concept_drift","0.5","4","2","5","5","0.5","5","20","9","1.5","39","7.0609259605407715","0.3405","0.09277777777777778"
"cifar10","20","2","mixed_maturity","access_freshness_lease","dirichlet_lcb","benign_concept_drift","0.5","4","2","5","5","0.5","5","20","9","1.5","40","6.07560396194458","0.347","0.11222222222222222"
"cifar10","20","2","mixed_maturity","access_freshness_lease","dirichlet_lcb","benign_concept_drift","0.5","4","2","5","5","0.5","5","20","9","1.5","41","6.97204065322876","0.341","0.06888888888888889"
"cifar10","20","2","mixed_maturity","access_freshness_lease","dirichlet_lcb","benign_concept_drift","0.5","4","2","5","5","0.5","5","20","9","1.5","42","6.733031749725342","0.345","0.14"
"cifar10","20","2","mixed_maturity","access_freshness_lease","dirichlet_lcb","benign_concept_drift","0.5","4","2","5","5","0.5","5","20","9","1.5","43","6.049335956573486","0.3655","0.085"
"cifar10","20","2","mixed_maturity","access_freshness_lease","dirichlet_lcb","benign_concept_drift","0.5","4","2","5","5","0.5","5","20","9","1.5","44","6.4499688148498535","0.352","0.018333333333333333"
"cifar10","20","2","mixed_maturity","access_freshness_lease","dirichlet_lcb","benign_concept_drift","0.5","4","2","5","5","0.5","5","20","9","1.5","45","7.077033042907715","0.3275","0.1461111111111111"
"cifar10","20","2","mixed_maturity","access_freshness_lease","dirichlet_lcb","benign_concept_drift","0.5","4","2","5","5","0.5","5","20","9","1.5","46","7.278372287750244","0.319","0.2922222222222222"
"cifar10","20","2","mixed_maturity","access_freshness_lease","dirichlet_lcb","benign_concept_drift","0.5","4","2","5","5","0.5","5","20","9","1.5","47","7.053550720214844","0.3325","0.04777777777777778"
"cifar10","20","2","mixed_maturity","access_freshness_lease","dirichlet_lcb","benign_concept_drift","0.5","4","2","5","5","0.5","5","20","9","1.5","48","5.627058506011963","0.372","0.05277777777777778"
"cifar10","20","2","mixed_maturity","access_freshness_lease","dirichlet_lcb","benign_concept_drift","0.5","4","2","5","5","0.5","5","20","9","1.5","49","6.255860328674316","0.333","0.02388888888888889"
"cifar10","20","2","mixed_maturity","access_freshness_lease","dirichlet_lcb","benign_concept_drift","0.5","4","2","5","5","0.5","5","20","9","1.5","50","6.849571228027344","0.3245","0.2288888888888889"
"cifar10","20","2","mixed_maturity","access_full","dirichlet_lcb","diverse_then_repeat_backdoor","0.5","0","2","5","5","0.5","5","20","9","1.5","1","8.018336296081543","0.1545","0.0"
"cifar10","20","2","mixed_maturity","access_full","dirichlet_lcb","diverse_then_repeat_backdoor","0.5","0","2","5","5","0.5","5","20","9","1.5","2","6.315357208251953","0.2165","0.335"
"cifar10","20","2","mixed_maturity","access_full","dirichlet_lcb","diverse_then_repeat_backdoor","0.5","0","2","5","5","0.5","5","20","9","1.5","3","9.41819953918457","0.18","0.0005555555555555556"
"cifar10","20","2","mixed_maturity","access_full","dirichlet_lcb","diverse_then_repeat_backdoor","0.5","0","2","5","5","0.5","5","20","9","1.5","4","7.28485631942749","0.2195","0.050555555555555555"
"cifar10","20","2","mixed_maturity","access_full","dirichlet_lcb","diverse_then_repeat_backdoor","0.5","0","2","5","5","0.5","5","20","9","1.5","5","8.263605117797852","0.2315","0.44722222222222224"
"cifar10","20","2","mixed_maturity","access_full","dirichlet_lcb","diverse_then_repeat_backdoor","0.5","0","2","5","5","0.5","5","20","9","1.5","6","5.989217758178711","0.2785","0.034444444444444444"
"cifar10","20","2","mixed_maturity","access_full","dirichlet_lcb","diverse_then_repeat_backdoor","0.5","0","2","5","5","0.5","5","20","9","1.5","7","7.1813249588012695","0.282","0.31444444444444447"
"cifar10","20","2","mixed_maturity","access_full","dirichlet_lcb","diverse_then_repeat_backdoor","0.5","0","2","5","5","0.5","5","20","9","1.5","8","6.714639663696289","0.277","0.07222222222222222"
"cifar10","20","2","mixed_maturity","access_full","dirichlet_lcb","diverse_then_repeat_backdoor","0.5","0","2","5","5","0.5","5","20","9","1.5","9","5.921278953552246","0.3165","0.23277777777777778"
"cifar10","20","2","mixed_maturity","access_full","dirichlet_lcb","diverse_then_repeat_backdoor","0.5","0","2","5","5","0.5","5","20","9","1.5","10","6.810354709625244","0.264","0.08"
"cifar10","20","2","mixed_maturity","access_full","dirichlet_lcb","diverse_then_repeat_backdoor","0.5","0","2","5","5","0.5","5","20","9","1.5","11","6.335354804992676","0.3025","0.26"
"cifar10","20","2","mixed_maturity","access_full","dirichlet_lcb","diverse_then_repeat_backdoor","0.5","0","2","5","5","0.5","5","20","9","1.5","12","7.126253604888916","0.314","0.11555555555555555"
"cifar10","20","2","mixed_maturity","access_full","dirichlet_lcb","diverse_then_repeat_backdoor","0.5","0","2","5","5","0.5","5","20","9","1.5","13","7.127034664154053","0.295","0.07333333333333333"
"cifar10","20","2","mixed_maturity","access_full","dirichlet_lcb","diverse_then_repeat_backdoor","0.5","0","2","5","5","0.5","5","20","9","1.5","14","7.405228137969971","0.306","0.37777777777777777"
"cifar10","20","2","mixed_maturity","access_full","dirichlet_lcb","diverse_then_repeat_backdoor","0.5","0","2","5","5","0.5","5","20","9","1.5","15","6.011617660522461","0.317","0.04388888888888889"
"cifar10","20","2","mixed_maturity","access_full","dirichlet_lcb","diverse_then_repeat_backdoor","0.5","0","2","5","5","0.5","5","20","9","1.5","16","6.107861042022705","0.318","0.165"
"cifar10","20","2","mixed_maturity","access_full","dirichlet_lcb","diverse_then_repeat_backdoor","0.5","0","2","5","5","0.5","5","20","9","1.5","17","6.608954429626465","0.3065","0.42277777777777775"
"cifar10","20","2","mixed_maturity","access_full","dirichlet_lcb","diverse_then_repeat_backdoor","0.5","0","2","5","5","0.5","5","20","9","1.5","18","5.868434906005859","0.3415","0.13555555555555557"
"cifar10","20","2","mixed_maturity","access_full","dirichlet_lcb","diverse_then_repeat_backdoor","0.5","0","2","5","5","0.5","5","20","9","1.5","19","6.531782627105713","0.306","0.09666666666666666"
"cifar10","20","2","mixed_maturity","access_full","dirichlet_lcb","diverse_then_repeat_backdoor","0.5","0","2","5","5","0.5","5","20","9","1.5","20","7.969915866851807","0.293","0.024444444444444446"
"cifar10","20","2","mixed_maturity","access_full","dirichlet_lcb","diverse_then_repeat_backdoor","0.5","0","2","5","5","0.5","5","20","9","1.5","21","7.253382205963135","0.3275","0.3411111111111111"
"cifar10","20","2","mixed_maturity","access_full","dirichlet_lcb","diverse_then_repeat_backdoor","0.5","0","2","5","5","0.5","5","20","9","1.5","22","6.785569667816162","0.299","0.16833333333333333"
"cifar10","20","2","mixed_maturity","access_full","dirichlet_lcb","diverse_then_repeat_backdoor","0.5","0","2","5","5","0.5","5","20","9","1.5","23","6.178138732910156","0.329","0.20555555555555555"
"cifar10","20","2","mixed_maturity","access_full","dirichlet_lcb","diverse_then_repeat_backdoor","0.5","0","2","5","5","0.5","5","20","9","1.5","24","5.899355411529541","0.3315","0.17777777777777778"
"cifar10","20","2","mixed_maturity","access_full","dirichlet_lcb","diverse_then_repeat_backdoor","0.5","0","2","5","5","0.5","5","20","9","1.5","25","7.185198783874512","0.318","0.13833333333333334"
"cifar10","20","2","mixed_maturity","access_full","dirichlet_lcb","diverse_then_repeat_backdoor","0.5","0","2","5","5","0.5","5","20","9","1.5","26","5.843961715698242","0.346","0.30277777777777776"
"cifar10","20","2","mixed_maturity","access_full","dirichlet_lcb","diverse_then_repeat_backdoor","0.5","0","2","5","5","0.5","5","20","9","1.5","27","6.813260555267334","0.3185","0.04888888888888889"
"cifar10","20","2","mixed_maturity","access_full","dirichlet_lcb","diverse_then_repeat_backdoor","0.5","0","2","5","5","0.5","5","20","9","1.5","28","5.987790584564209","0.3465","0.1438888888888889"
"cifar10","20","2","mixed_maturity","access_full","dirichlet_lcb","diverse_then_repeat_backdoor","0.5","0","2","5","5","0.5","5","20","9","1.5","29","6.302165508270264","0.338","0.4483333333333333"
"cifar10","20","2","mixed_maturity","access_full","dirichlet_lcb","diverse_then_repeat_backdoor","0.5","0","2","5","5","0.5","5","20","9","1.5","30","6.1942877769470215","0.3495","0.39111111111111113"
"cifar10","20","2","mixed_maturity","access_full","dirichlet_lcb","diverse_then_repeat_backdoor","0.5","0","2","5","5","0.5","5","20","9","1.5","31","6.697154521942139","0.3255","0.18388888888888888"
"cifar10","20","2","mixed_maturity","access_full","dirichlet_lcb","diverse_then_repeat_backdoor","0.5","0","2","5","5","0.5","5","20","9","1.5","32","5.989877223968506","0.3585","0.235"
"cifar10","20","2","mixed_maturity","access_full","dirichlet_lcb","diverse_then_repeat_backdoor","0.5","0","2","5","5","0.5","5","20","9","1.5","33","6.285985946655273","0.332","0.24"
"cifar10","20","2","mixed_maturity","access_full","dirichlet_lcb","diverse_then_repeat_backdoor","0.5","0","2","5","5","0.5","5","20","9","1.5","34","7.960780143737793","0.2935","0.5294444444444445"
"cifar10","20","2","mixed_maturity","access_full","dirichlet_lcb","diverse_then_repeat_backdoor","0.5","0","2","5","5","0.5","5","20","9","1.5","35","6.490799903869629","0.3175","0.11388888888888889"
"cifar10","20","2","mixed_maturity","access_full","dirichlet_lcb","diverse_then_repeat_backdoor","0.5","0","2","5","5","0.5","5","20","9","1.5","36","7.493736267089844","0.3005","0.5833333333333334"
"cifar10","20","2","mixed_maturity","access_full","dirichlet_lcb","diverse_then_repeat_backdoor","0.5","0","2","5","5","0.5","5","20","9","1.5","37","6.545909881591797","0.3455","0.33055555555555555"
"cifar10","20","2","mixed_maturity","access_full","dirichlet_lcb","diverse_then_repeat_backdoor","0.5","0","2","5","5","0.5","5","20","9","1.5","38","6.774893283843994","0.334","0.4488888888888889"
"cifar10","20","2","mixed_maturity","access_full","dirichlet_lcb","diverse_then_repeat_backdoor","0.5","0","2","5","5","0.5","5","20","9","1.5","39","6.215469837188721","0.3455","0.3488888888888889"
"cifar10","20","2","mixed_maturity","access_full","dirichlet_lcb","diverse_then_repeat_backdoor","0.5","0","2","5","5","0.5","5","20","9","1.5","40","7.09461784362793","0.3245","0.5572222222222222"
"cifar10","20","2","mixed_maturity","access_full","dirichlet_lcb","diverse_then_repeat_backdoor","0.5","0","2","5","5","0.5","5","20","9","1.5","41","6.552338123321533","0.341","0.16333333333333333"
"cifar10","20","2","mixed_maturity","access_full","dirichlet_lcb","diverse_then_repeat_backdoor","0.5","0","2","5","5","0.5","5","20","9","1.5","42","7.423943519592285","0.3235","0.32166666666666666"
"cifar10","20","2","mixed_maturity","access_full","dirichlet_lcb","diverse_then_repeat_backdoor","0.5","0","2","5","5","0.5","5","20","9","1.5","43","6.869484901428223","0.3355","0.415"
"cifar10","20","2","mixed_maturity","access_full","dirichlet_lcb","diverse_then_repeat_backdoor","0.5","0","2","5","5","0.5","5","20","9","1.5","44","5.943803787231445","0.3525","0.3438888888888889"
"cifar10","20","2","mixed_maturity","access_full","dirichlet_lcb","diverse_then_repeat_backdoor","0.5","0","2","5","5","0.5","5","20","9","1.5","45","5.9969706535339355","0.3615","0.3566666666666667"
"cifar10","20","2","mixed_maturity","access_full","dirichlet_lcb","diverse_then_repeat_backdoor","0.5","0","2","5","5","0.5","5","20","9","1.5","46","6.993711948394775","0.3155","0.22833333333333333"
"cifar10","20","2","mixed_maturity","access_full","dirichlet_lcb","diverse_then_repeat_backdoor","0.5","0","2","5","5","0.5","5","20","9","1.5","47","6.2152299880981445","0.3355","0.27166666666666667"
"cifar10","20","2","mixed_maturity","access_full","dirichlet_lcb","diverse_then_repeat_backdoor","0.5","0","2","5","5","0.5","5","20","9","1.5","48","6.766742706298828","0.362","0.44277777777777777"
"cifar10","20","2","mixed_maturity","access_full","dirichlet_lcb","diverse_then_repeat_backdoor","0.5","0","2","5","5","0.5","5","20","9","1.5","49","6.274439334869385","0.32","0.49166666666666664"
"cifar10","20","2","mixed_maturity","access_full","dirichlet_lcb","diverse_then_repeat_backdoor","0.5","0","2","5","5","0.5","5","20","9","1.5","50","5.880163192749023","0.3725","0.4583333333333333"
"cifar10","20","2","mixed_maturity","access_full","dirichlet_lcb","diverse_then_repeat_backdoor","0.5","1","2","5","5","0.5","5","20","9","1.5","1","6.358318328857422","0.21","0.14666666666666667"
"cifar10","20","2","mixed_maturity","access_full","dirichlet_lcb","diverse_then_repeat_backdoor","0.5","1","2","5","5","0.5","5","20","9","1.5","2","10.040326118469238","0.173","0.19055555555555556"
"cifar10","20","2","mixed_maturity","access_full","dirichlet_lcb","diverse_then_repeat_backdoor","0.5","1","2","5","5","0.5","5","20","9","1.5","3","6.660433769226074","0.2175","0.009444444444444445"
"cifar10","20","2","mixed_maturity","access_full","dirichlet_lcb","diverse_then_repeat_backdoor","0.5","1","2","5","5","0.5","5","20","9","1.5","4","8.408056259155273","0.211","0.05388888888888889"
"cifar10","20","2","mixed_maturity","access_full","dirichlet_lcb","diverse_then_repeat_backdoor","0.5","1","2","5","5","0.5","5","20","9","1.5","5","7.242417812347412","0.236","0.27944444444444444"
"cifar10","20","2","mixed_maturity","access_full","dirichlet_lcb","diverse_then_repeat_backdoor","0.5","1","2","5","5","0.5","5","20","9","1.5","6","6.344901084899902","0.294","0.013888888888888888"
"cifar10","20","2","mixed_maturity","access_full","dirichlet_lcb","diverse_then_repeat_backdoor","0.5","1","2","5","5","0.5","5","20","9","1.5","7","8.002869606018066","0.278","0.017777777777777778"
"cifar10","20","2","mixed_maturity","access_full","dirichlet_lcb","diverse_then_repeat_backdoor","0.5","1","2","5","5","0.5","5","20","9","1.5","8","8.394009590148926","0.239","0.006666666666666667"
"cifar10","20","2","mixed_maturity","access_full","dirichlet_lcb","diverse_then_repeat_backdoor","0.5","1","2","5","5","0.5","5","20","9","1.5","9","5.969168663024902","0.309","0.1411111111111111"
"cifar10","20","2","mixed_maturity","access_full","dirichlet_lcb","diverse_then_repeat_backdoor","0.5","1","2","5","5","0.5","5","20","9","1.5","10","6.381976127624512","0.2795","0.09888888888888889"
"cifar10","20","2","mixed_maturity","access_full","dirichlet_lcb","diverse_then_repeat_backdoor","0.5","1","2","5","5","0.5","5","20","9","1.5","11","5.624117374420166","0.3015","0.1638888888888889"
"cifar10","20","2","mixed_maturity","access_full","dirichlet_lcb","diverse_then_repeat_backdoor","0.5","1","2","5","5","0.5","5","20","9","1.5","12","6.710159778594971","0.3095","0.06166666666666667"
"cifar10","20","2","mixed_maturity","access_full","dirichlet_lcb","diverse_then_repeat_backdoor","0.5","1","2","5","5","0.5","5","20","9","1.5","13","6.191494941711426","0.302","0.11"
"cifar10","20","2","mixed_maturity","access_full","dirichlet_lcb","diverse_then_repeat_backdoor","0.5","1","2","5","5","0.5","5","20","9","1.5","14","7.230616092681885","0.288","0.31833333333333336"
"cifar10","20","2","mixed_maturity","access_full","dirichlet_lcb","diverse_then_repeat_backdoor","0.5","1","2","5","5","0.5","5","20","9","1.5","15","8.265486717224121","0.2555","0.0022222222222222222"
"cifar10","20","2","mixed_maturity","access_full","dirichlet_lcb","diverse_then_repeat_backdoor","0.5","1","2","5","5","0.5","5","20","9","1.5","16","6.181506633758545","0.3335","0.0033333333333333335"
"cifar10","20","2","mixed_maturity","access_full","dirichlet_lcb","diverse_then_repeat_backdoor","0.5","1","2","5","5","0.5","5","20","9","1.5","17","6.957508563995361","0.2855","0.1"
"cifar10","20","2","mixed_maturity","access_full","dirichlet_lcb","diverse_then_repeat_backdoor","0.5","1","2","5","5","0.5","5","20","9","1.5","18","5.8881144523620605","0.3285","0.02"
"cifar10","20","2","mixed_maturity","access_full","dirichlet_lcb","diverse_then_repeat_backdoor","0.5","1","2","5","5","0.5","5","20","9","1.5","19","6.69594669342041","0.3215","0.08444444444444445"
"cifar10","20","2","mixed_maturity","access_full","dirichlet_lcb","diverse_then_repeat_backdoor","0.5","1","2","5","5","0.5","5","20","9","1.5","20","8.531299591064453","0.27","0.04833333333333333"
"cifar10","20","2","mixed_maturity","access_full","dirichlet_lcb","diverse_then_repeat_backdoor","0.5","1","2","5","5","0.5","5","20","9","1.5","21","5.909496307373047","0.326","0.10277777777777777"
"cifar10","20","2","mixed_maturity","access_full","dirichlet_lcb","diverse_then_repeat_backdoor","0.5","1","2","5","5","0.5","5","20","9","1.5","22","8.123459815979004","0.2995","0.24055555555555555"
"cifar10","20","2","mixed_maturity","access_full","dirichlet_lcb","diverse_then_repeat_backdoor","0.5","1","2","5","5","0.5","5","20","9","1.5","23","6.945268630981445","0.3215","0.002777777777777778"
"cifar10","20","2","mixed_maturity","access_full","dirichlet_lcb","diverse_then_repeat_backdoor","0.5","1","2","5","5","0.5","5","20","9","1.5","24","7.317944526672363","0.3075","0.095"
"cifar10","20","2","mixed_maturity","access_full","dirichlet_lcb","diverse_then_repeat_backdoor","0.5","1","2","5","5","0.5","5","20","9","1.5","25","6.862593650817871","0.3055","0.007222222222222222"
"cifar10","20","2","mixed_maturity","access_full","dirichlet_lcb","diverse_then_repeat_backdoor","0.5","1","2","5","5","0.5","5","20","9","1.5","26","7.098117828369141","0.289","0.08166666666666667"
"cifar10","20","2","mixed_maturity","access_full","dirichlet_lcb","diverse_then_repeat_backdoor","0.5","1","2","5","5","0.5","5","20","9","1.5","27","6.805549144744873","0.32","0.15222222222222223"
"cifar10","20","2","mixed_maturity","access_full","dirichlet_lcb","diverse_then_repeat_backdoor","0.5","1","2","5","5","0.5","5","20","9","1.5","28","5.748693466186523","0.359","0.06222222222222222"
"cifar10","20","2","mixed_maturity","access_full","dirichlet_lcb","diverse_then_repeat_backdoor","0.5","1","2","5","5","0.5","5","20","9","1.5","29","5.883787155151367","0.339","0.12111111111111111"
"cifar10","20","2","mixed_maturity","access_full","dirichlet_lcb","diverse_then_repeat_backdoor","0.5","1","2","5","5","0.5","5","20","9","1.5","30","5.963631629943848","0.3495","0.13277777777777777"
"cifar10","20","2","mixed_maturity","access_full","dirichlet_lcb","diverse_then_repeat_backdoor","0.5","1","2","5","5","0.5","5","20","9","1.5","31","7.009449005126953","0.3285","0.095"
"cifar10","20","2","mixed_maturity","access_full","dirichlet_lcb","diverse_then_repeat_backdoor","0.5","1","2","5","5","0.5","5","20","9","1.5","32","6.285049915313721","0.344","0.023333333333333334"
"cifar10","20","2","mixed_maturity","access_full","dirichlet_lcb","diverse_then_repeat_backdoor","0.5","1","2","5","5","0.5","5","20","9","1.5","33","6.2411417961120605","0.3385","0.11944444444444445"
"cifar10","20","2","mixed_maturity","access_full","dirichlet_lcb","diverse_then_repeat_backdoor","0.5","1","2","5","5","0.5","5","20","9","1.5","34","6.939493179321289","0.326","0.03611111111111111"
"cifar10","20","2","mixed_maturity","access_full","dirichlet_lcb","diverse_then_repeat_backdoor","0.5","1","2","5","5","0.5","5","20","9","1.5","35","6.329362392425537","0.314","0.2816666666666667"
"cifar10","20","2","mixed_maturity","access_full","dirichlet_lcb","diverse_then_repeat_backdoor","0.5","1","2","5","5","0.5","5","20","9","1.5","36","6.260344982147217","0.342","0.13333333333333333"
"cifar10","20","2","mixed_maturity","access_full","dirichlet_lcb","diverse_then_repeat_backdoor","0.5","1","2","5","5","0.5","5","20","9","1.5","37","6.587196350097656","0.3185","0.03222222222222222"
"cifar10","20","2","mixed_maturity","access_full","dirichlet_lcb","diverse_then_repeat_backdoor","0.5","1","2","5","5","0.5","5","20","9","1.5","38","5.4946136474609375","0.3695","0.08222222222222222"
"cifar10","20","2","mixed_maturity","access_full","dirichlet_lcb","diverse_then_repeat_backdoor","0.5","1","2","5","5","0.5","5","20","9","1.5","39","7.050034523010254","0.311","0.33944444444444444"
"cifar10","20","2","mixed_maturity","access_full","dirichlet_lcb","diverse_then_repeat_backdoor","0.5","1","2","5","5","0.5","5","20","9","1.5","40","6.023438453674316","0.346","0.07166666666666667"
"cifar10","20","2","mixed_maturity","access_full","dirichlet_lcb","diverse_then_repeat_backdoor","0.5","1","2","5","5","0.5","5","20","9","1.5","41","5.806885719299316","0.356","0.1238888888888889"
"cifar10","20","2","mixed_maturity","access_full","dirichlet_lcb","diverse_then_repeat_backdoor","0.5","1","2","5","5","0.5","5","20","9","1.5","42","6.4365234375","0.3405","0.005555555555555556"
"cifar10","20","2","mixed_maturity","access_full","dirichlet_lcb","diverse_then_repeat_backdoor","0.5","1","2","5","5","0.5","5","20","9","1.5","43","6.058783054351807","0.36","0.005555555555555556"
"cifar10","20","2","mixed_maturity","access_full","dirichlet_lcb","diverse_then_repeat_backdoor","0.5","1","2","5","5","0.5","5","20","9","1.5","44","6.260655403137207","0.345","0.21944444444444444"
"cifar10","20","2","mixed_maturity","access_full","dirichlet_lcb","diverse_then_repeat_backdoor","0.5","1","2","5","5","0.5","5","20","9","1.5","45","7.653337001800537","0.311","0.095"
"cifar10","20","2","mixed_maturity","access_full","dirichlet_lcb","diverse_then_repeat_backdoor","0.5","1","2","5","5","0.5","5","20","9","1.5","46","6.741987228393555","0.346","0.028333333333333332"
"cifar10","20","2","mixed_maturity","access_full","dirichlet_lcb","diverse_then_repeat_backdoor","0.5","1","2","5","5","0.5","5","20","9","1.5","47","6.564840793609619","0.3415","0.1238888888888889"
"cifar10","20","2","mixed_maturity","access_full","dirichlet_lcb","diverse_then_repeat_backdoor","0.5","1","2","5","5","0.5","5","20","9","1.5","48","8.053384780883789","0.309","0.017777777777777778"
"cifar10","20","2","mixed_maturity","access_full","dirichlet_lcb","diverse_then_repeat_backdoor","0.5","1","2","5","5","0.5","5","20","9","1.5","49","6.23195219039917","0.3505","0.1388888888888889"
"cifar10","20","2","mixed_maturity","access_full","dirichlet_lcb","diverse_then_repeat_backdoor","0.5","1","2","5","5","0.5","5","20","9","1.5","50","6.573946475982666","0.334","0.10444444444444445"
"cifar10","20","2","mixed_maturity","access_full","dirichlet_lcb","diverse_then_repeat_backdoor","0.5","2","2","5","5","0.5","5","20","9","1.5","1","9.447582244873047","0.1575","0.0"
"cifar10","20","2","mixed_maturity","access_full","dirichlet_lcb","diverse_then_repeat_backdoor","0.5","2","2","5","5","0.5","5","20","9","1.5","2","7.925478458404541","0.181","0.6622222222222223"
"cifar10","20","2","mixed_maturity","access_full","dirichlet_lcb","diverse_then_repeat_backdoor","0.5","2","2","5","5","0.5","5","20","9","1.5","3","6.556126117706299","0.2165","0.0022222222222222222"
"cifar10","20","2","mixed_maturity","access_full","dirichlet_lcb","diverse_then_repeat_backdoor","0.5","2","2","5","5","0.5","5","20","9","1.5","4","8.229978561401367","0.254","0.09111111111111111"
"cifar10","20","2","mixed_maturity","access_full","dirichlet_lcb","diverse_then_repeat_backdoor","0.5","2","2","5","5","0.5","5","20","9","1.5","5","5.386074542999268","0.307","0.07277777777777777"
"cifar10","20","2","mixed_maturity","access_full","dirichlet_lcb","diverse_then_repeat_backdoor","0.5","2","2","5","5","0.5","5","20","9","1.5","6","8.169915199279785","0.22","0.5133333333333333"
"cifar10","20","2","mixed_maturity","access_full","dirichlet_lcb","diverse_then_repeat_backdoor","0.5","2","2","5","5","0.5","5","20","9","1.5","7","5.396398544311523","0.315","0.13055555555555556"
"cifar10","20","2","mixed_maturity","access_full","dirichlet_lcb","diverse_then_repeat_backdoor","0.5","2","2","5","5","0.5","5","20","9","1.5","8","8.667900085449219","0.249","0.008333333333333333"
"cifar10","20","2","mixed_maturity","access_full","dirichlet_lcb","diverse_then_repeat_backdoor","0.5","2","2","5","5","0.5","5","20","9","1.5","9","6.799248218536377","0.301","0.1111111111111111"
"cifar10","20","2","mixed_maturity","access_full","dirichlet_lcb","diverse_then_repeat_backdoor","0.5","2","2","5","5","0.5","5","20","9","1.5","10","7.336119651794434","0.275","0.29055555555555557"
"cifar10","20","2","mixed_maturity","access_full","dirichlet_lcb","diverse_then_repeat_backdoor","0.5","2","2","5","5","0.5","5","20","9","1.5","11","5.077112197875977","0.318","0.115"
"cifar10","20","2","mixed_maturity","access_full","dirichlet_lcb","diverse_then_repeat_backdoor","0.5","2","2","5","5","0.5","5","20","9","1.5","12","6.9398112297058105","0.2955","0.4033333333333333"
"cifar10","20","2","mixed_maturity","access_full","dirichlet_lcb","diverse_then_repeat_backdoor","0.5","2","2","5","5","0.5","5","20","9","1.5","13","6.423903465270996","0.3215","0.19555555555555557"
"cifar10","20","2","mixed_maturity","access_full","dirichlet_lcb","diverse_then_repeat_backdoor","0.5","2","2","5","5","0.5","5","20","9","1.5","14","8.399356842041016","0.2735","0.3977777777777778"
"cifar10","20","2","mixed_maturity","access_full","dirichlet_lcb","diverse_then_repeat_backdoor","0.5","2","2","5","5","0.5","5","20","9","1.5","15","6.202610969543457","0.322","0.33111111111111113"
"cifar10","20","2","mixed_maturity","access_full","dirichlet_lcb","diverse_then_repeat_backdoor","0.5","2","2","5","5","0.5","5","20","9","1.5","16","5.728583812713623","0.3215","0.26222222222222225"
"cifar10","20","2","mixed_maturity","access_full","dirichlet_lcb","diverse_then_repeat_backdoor","0.5","2","2","5","5","0.5","5","20","9","1.5","17","6.170862197875977","0.3265","0.13444444444444445"
"cifar10","20","2","mixed_maturity","access_full","dirichlet_lcb","diverse_then_repeat_backdoor","0.5","2","2","5","5","0.5","5","20","9","1.5","18","6.464715003967285","0.313","0.10333333333333333"
"cifar10","20","2","mixed_maturity","access_full","dirichlet_lcb","diverse_then_repeat_backdoor","0.5","2","2","5","5","0.5","5","20","9","1.5","19","8.564462661743164","0.277","0.325"
"cifar10","20","2","mixed_maturity","access_full","dirichlet_lcb","diverse_then_repeat_backdoor","0.5","2","2","5","5","0.5","5","20","9","1.5","20","6.404466152191162","0.326","0.06444444444444444"
"cifar10","20","2","mixed_maturity","access_full","dirichlet_lcb","diverse_then_repeat_backdoor","0.5","2","2","5","5","0.5","5","20","9","1.5","21","6.7537150382995605","0.2975","0.3811111111111111"
"cifar10","20","2","mixed_maturity","access_full","dirichlet_lcb","diverse_then_repeat_backdoor","0.5","2","2","5","5","0.5","5","20","9","1.5","22","6.4781174659729","0.3255","0.2427777777777778"
"cifar10","20","2","mixed_maturity","access_full","dirichlet_lcb","diverse_then_repeat_backdoor","0.5","2","2","5","5","0.5","5","20","9","1.5","23","7.213229656219482","0.289","0.3811111111111111"
"cifar10","20","2","mixed_maturity","access_full","dirichlet_lcb","diverse_then_repeat_backdoor","0.5","2","2","5","5","0.5","5","20","9","1.5","24","5.9677557945251465","0.3445","0.1688888888888889"
"cifar10","20","2","mixed_maturity","access_full","dirichlet_lcb","diverse_then_repeat_backdoor","0.5","2","2","5","5","0.5","5","20","9","1.5","25","7.528683662414551","0.3025","0.28055555555555556"
"cifar10","20","2","mixed_maturity","access_full","dirichlet_lcb","diverse_then_repeat_backdoor","0.5","2","2","5","5","0.5","5","20","9","1.5","26","5.835860729217529","0.347","0.39055555555555554"
"cifar10","20","2","mixed_maturity","access_full","dirichlet_lcb","diverse_then_repeat_backdoor","0.5","2","2","5","5","0.5","5","20","9","1.5","27","6.872519493103027","0.314","0.04055555555555555"
"cifar10","20","2","mixed_maturity","access_full","dirichlet_lcb","diverse_then_repeat_backdoor","0.5","2","2","5","5","0.5","5","20","9","1.5","28","5.992778778076172","0.3415","0.1938888888888889"
"cifar10","20","2","mixed_maturity","access_full","dirichlet_lcb","diverse_then_repeat_backdoor","0.5","2","2","5","5","0.5","5","20","9","1.5","29","6.102810382843018","0.34","0.17833333333333334"
"cifar10","20","2","mixed_maturity","access_full","dirichlet_lcb","diverse_then_repeat_backdoor","0.5","2","2","5","5","0.5","5","20","9","1.5","30","5.724387168884277","0.357","0.1661111111111111"
"cifar10","20","2","mixed_maturity","access_full","dirichlet_lcb","diverse_then_repeat_backdoor","0.5","2","2","5","5","0.5","5","20","9","1.5","31","6.6574225425720215","0.344","0.08055555555555556"
"cifar10","20","2","mixed_maturity","access_full","dirichlet_lcb","diverse_then_repeat_backdoor","0.5","2","2","5","5","0.5","5","20","9","1.5","32","7.438773155212402","0.2975","0.6483333333333333"
"cifar10","20","2","mixed_maturity","access_full","dirichlet_lcb","diverse_then_repeat_backdoor","0.5","2","2","5","5","0.5","5","20","9","1.5","33","6.23134708404541","0.326","0.29333333333333333"
"cifar10","20","2","mixed_maturity","access_full","dirichlet_lcb","diverse_then_repeat_backdoor","0.5","2","2","5","5","0.5","5","20","9","1.5","34","5.536101341247559","0.3665","0.3977777777777778"
"cifar10","20","2","mixed_maturity","access_full","dirichlet_lcb","diverse_then_repeat_backdoor","0.5","2","2","5","5","0.5","5","20","9","1.5","35","6.080993175506592","0.324","0.505"
"cifar10","20","2","mixed_maturity","access_full","dirichlet_lcb","diverse_then_repeat_backdoor","0.5","2","2","5","5","0.5","5","20","9","1.5","36","6.632157802581787","0.3245","0.39666666666666667"
"cifar10","20","2","mixed_maturity","access_full","dirichlet_lcb","diverse_then_repeat_backdoor","0.5","2","2","5","5","0.5","5","20","9","1.5","37","5.969310760498047","0.368","0.4272222222222222"
"cifar10","20","2","mixed_maturity","access_full","dirichlet_lcb","diverse_then_repeat_backdoor","0.5","2","2","5","5","0.5","5","20","9","1.5","38","7.750938415527344","0.2855","0.5183333333333333"
"cifar10","20","2","mixed_maturity","access_full","dirichlet_lcb","diverse_then_repeat_backdoor","0.5","2","2","5","5","0.5","5","20","9","1.5","39","6.83278226852417","0.3325","0.5116666666666667"
"cifar10","20","2","mixed_maturity","access_full","dirichlet_lcb","diverse_then_repeat_backdoor","0.5","2","2","5","5","0.5","5","20","9","1.5","40","6.411774635314941","0.337","0.3788888888888889"
"cifar10","20","2","mixed_maturity","access_full","dirichlet_lcb","diverse_then_repeat_backdoor","0.5","2","2","5","5","0.5","5","20","9","1.5","41","5.6380791664123535","0.351","0.3516666666666667"
"cifar10","20","2","mixed_maturity","access_full","dirichlet_lcb","diverse_then_repeat_backdoor","0.5","2","2","5","5","0.5","5","20","9","1.5","42","8.542061805725098","0.288","0.48777777777777775"
"cifar10","20","2","mixed_maturity","access_full","dirichlet_lcb","diverse_then_repeat_backdoor","0.5","2","2","5","5","0.5","5","20","9","1.5","43","5.586366653442383","0.361","0.3827777777777778"
"cifar10","20","2","mixed_maturity","access_full","dirichlet_lcb","diverse_then_repeat_backdoor","0.5","2","2","5","5","0.5","5","20","9","1.5","44","7.0869550704956055","0.315","0.25833333333333336"
"cifar10","20","2","mixed_maturity","access_full","dirichlet_lcb","diverse_then_repeat_backdoor","0.5","2","2","5","5","0.5","5","20","9","1.5","45","5.697531700134277","0.368","0.38333333333333336"
"cifar10","20","2","mixed_maturity","access_full","dirichlet_lcb","diverse_then_repeat_backdoor","0.5","2","2","5","5","0.5","5","20","9","1.5","46","6.292295932769775","0.358","0.5033333333333333"
"cifar10","20","2","mixed_maturity","access_full","dirichlet_lcb","diverse_then_repeat_backdoor","0.5","2","2","5","5","0.5","5","20","9","1.5","47","6.4799065589904785","0.352","0.44333333333333336"
"cifar10","20","2","mixed_maturity","access_full","dirichlet_lcb","diverse_then_repeat_backdoor","0.5","2","2","5","5","0.5","5","20","9","1.5","48","6.125985145568848","0.351","0.5733333333333334"
"cifar10","20","2","mixed_maturity","access_full","dirichlet_lcb","diverse_then_repeat_backdoor","0.5","2","2","5","5","0.5","5","20","9","1.5","49","5.919410228729248","0.35","0.4672222222222222"
"cifar10","20","2","mixed_maturity","access_full","dirichlet_lcb","diverse_then_repeat_backdoor","0.5","2","2","5","5","0.5","5","20","9","1.5","50","5.932061195373535","0.3585","0.4411111111111111"
"cifar10","20","2","mixed_maturity","access_full","dirichlet_lcb","diverse_then_repeat_backdoor","0.5","3","2","5","5","0.5","5","20","9","1.5","1","9.39989185333252","0.1665","0.0"
"cifar10","20","2","mixed_maturity","access_full","dirichlet_lcb","diverse_then_repeat_backdoor","0.5","3","2","5","5","0.5","5","20","9","1.5","2","7.2147440910339355","0.21","0.0033333333333333335"
"cifar10","20","2","mixed_maturity","access_full","dirichlet_lcb","diverse_then_repeat_backdoor","0.5","3","2","5","5","0.5","5","20","9","1.5","3","6.839487075805664","0.203","0.2538888888888889"
"cifar10","20","2","mixed_maturity","access_full","dirichlet_lcb","diverse_then_repeat_backdoor","0.5","3","2","5","5","0.5","5","20","9","1.5","4","5.477077960968018","0.283","0.08055555555555556"
"cifar10","20","2","mixed_maturity","access_full","dirichlet_lcb","diverse_then_repeat_backdoor","0.5","3","2","5","5","0.5","5","20","9","1.5","5","8.538436889648438","0.227","0.0016666666666666668"
"cifar10","20","2","mixed_maturity","access_full","dirichlet_lcb","diverse_then_repeat_backdoor","0.5","3","2","5","5","0.5","5","20","9","1.5","6","8.94982624053955","0.2515","0.015555555555555555"
"cifar10","20","2","mixed_maturity","access_full","dirichlet_lcb","diverse_then_repeat_backdoor","0.5","3","2","5","5","0.5","5","20","9","1.5","7","7.293063640594482","0.251","0.21388888888888888"
"cifar10","20","2","mixed_maturity","access_full","dirichlet_lcb","diverse_then_repeat_backdoor","0.5","3","2","5","5","0.5","5","20","9","1.5","8","7.0749287605285645","0.2835","0.16"
"cifar10","20","2","mixed_maturity","access_full","dirichlet_lcb","diverse_then_repeat_backdoor","0.5","3","2","5","5","0.5","5","20","9","1.5","9","5.790709972381592","0.31","0.0077777777777777776"
"cifar10","20","2","mixed_maturity","access_full","dirichlet_lcb","diverse_then_repeat_backdoor","0.5","3","2","5","5","0.5","5","20","9","1.5","10","7.614029884338379","0.278","0.002777777777777778"
"cifar10","20","2","mixed_maturity","access_full","dirichlet_lcb","diverse_then_repeat_backdoor","0.5","3","2","5","5","0.5","5","20","9","1.5","11","6.567676544189453","0.2815","0.37555555555555553"
"cifar10","20","2","mixed_maturity","access_full","dirichlet_lcb","diverse_then_repeat_backdoor","0.5","3","2","5","5","0.5","5","20","9","1.5","12","6.574676990509033","0.288","0.0022222222222222222"
"cifar10","20","2","mixed_maturity","access_full","dirichlet_lcb","diverse_then_repeat_backdoor","0.5","3","2","5","5","0.5","5","20","9","1.5","13","6.24946403503418","0.311","0.36833333333333335"
"cifar10","20","2","mixed_maturity","access_full","dirichlet_lcb","diverse_then_repeat_backdoor","0.5","3","2","5","5","0.5","5","20","9","1.5","14","6.641946315765381","0.2915","0.010555555555555556"
"cifar10","20","2","mixed_maturity","access_full","dirichlet_lcb","diverse_then_repeat_backdoor","0.5","3","2","5","5","0.5","5","20","9","1.5","15","5.494254112243652","0.334","0.06111111111111111"
"cifar10","20","2","mixed_maturity","access_full","dirichlet_lcb","diverse_then_repeat_backdoor","0.5","3","2","5","5","0.5","5","20","9","1.5","16","5.998605251312256","0.331","0.165"
"cifar10","20","2","mixed_maturity","access_full","dirichlet_lcb","diverse_then_repeat_backdoor","0.5","3","2","5","5","0.5","5","20","9","1.5","17","6.2682695388793945","0.301","0.3244444444444444"
"cifar10","20","2","mixed_maturity","access_full","dirichlet_lcb","diverse_then_repeat_backdoor","0.5","3","2","5","5","0.5","5","20","9","1.5","18","7.6981282234191895","0.2775","0.03166666666666667"
"cifar10","20","2","mixed_maturity","access_full","dirichlet_lcb","diverse_then_repeat_backdoor","0.5","3","2","5","5","0.5","5","20","9","1.5","19","7.726752758026123","0.3035","0.08944444444444444"
"cifar10","20","2","mixed_maturity","access_full","dirichlet_lcb","diverse_then_repeat_backdoor","0.5","3","2","5","5","0.5","5","20","9","1.5","20","6.1858954429626465","0.326","0.04"
"cifar10","20","2","mixed_maturity","access_full","dirichlet_lcb","diverse_then_repeat_backdoor","0.5","3","2","5","5","0.5","5","20","9","1.5","21","6.505363464355469","0.338","0.2927777777777778"
"cifar10","20","2","mixed_maturity","access_full","dirichlet_lcb","diverse_then_repeat_backdoor","0.5","3","2","5","5","0.5","5","20","9","1.5","22","5.504275321960449","0.345","0.2833333333333333"
"cifar10","20","2","mixed_maturity","access_full","dirichlet_lcb","diverse_then_repeat_backdoor","0.5","3","2","5","5","0.5","5","20","9","1.5","23","6.1537299156188965","0.3295","0.32611111111111113"
"cifar10","20","2","mixed_maturity","access_full","dirichlet_lcb","diverse_then_repeat_backdoor","0.5","3","2","5","5","0.5","5","20","9","1.5","24","5.921792030334473","0.3395","0.05611111111111111"
"cifar10","20","2","mixed_maturity","access_full","dirichlet_lcb","diverse_then_repeat_backdoor","0.5","3","2","5","5","0.5","5","20","9","1.5","25","6.004132270812988","0.3275","0.15444444444444444"
"cifar10","20","2","mixed_maturity","access_full","dirichlet_lcb","diverse_then_repeat_backdoor","0.5","3","2","5","5","0.5","5","20","9","1.5","26","6.240592002868652","0.328","0.24833333333333332"
"cifar10","20","2","mixed_maturity","access_full","dirichlet_lcb","diverse_then_repeat_backdoor","0.5","3","2","5","5","0.5","5","20","9","1.5","27","6.310828685760498","0.3105","0.35388888888888886"
"cifar10","20","2","mixed_maturity","access_full","dirichlet_lcb","diverse_then_repeat_backdoor","0.5","3","2","5","5","0.5","5","20","9","1.5","28","6.002665042877197","0.326","0.19055555555555556"
"cifar10","20","2","mixed_maturity","access_full","dirichlet_lcb","diverse_then_repeat_backdoor","0.5","3","2","5","5","0.5","5","20","9","1.5","29","5.815340518951416","0.3545","0.38666666666666666"
"cifar10","20","2","mixed_maturity","access_full","dirichlet_lcb","diverse_then_repeat_backdoor","0.5","3","2","5","5","0.5","5","20","9","1.5","30","6.327591419219971","0.321","0.4261111111111111"
"cifar10","20","2","mixed_maturity","access_full","dirichlet_lcb","diverse_then_repeat_backdoor","0.5","3","2","5","5","0.5","5","20","9","1.5","31","6.131025314331055","0.3215","0.18555555555555556"
"cifar10","20","2","mixed_maturity","access_full","dirichlet_lcb","diverse_then_repeat_backdoor","0.5","3","2","5","5","0.5","5","20","9","1.5","32","6.716590404510498","0.334","0.19833333333333333"
"cifar10","20","2","mixed_maturity","access_full","dirichlet_lcb","diverse_then_repeat_backdoor","0.5","3","2","5","5","0.5","5","20","9","1.5","33","6.946469783782959","0.346","0.24388888888888888"
"cifar10","20","2","mixed_maturity","access_full","dirichlet_lcb","diverse_then_repeat_backdoor","0.5","3","2","5","5","0.5","5","20","9","1.5","34","7.246683120727539","0.339","0.39444444444444443"
"cifar10","20","2","mixed_maturity","access_full","dirichlet_lcb","diverse_then_repeat_backdoor","0.5","3","2","5","5","0.5","5","20","9","1.5","35","6.1735711097717285","0.3445","0.3616666666666667"
"cifar10","20","2","mixed_maturity","access_full","dirichlet_lcb","diverse_then_repeat_backdoor","0.5","3","2","5","5","0.5","5","20","9","1.5","36","6.139707088470459","0.325","0.435"
"cifar10","20","2","mixed_maturity","access_full","dirichlet_lcb","diverse_then_repeat_backdoor","0.5","3","2","5","5","0.5","5","20","9","1.5","37","6.416128158569336","0.312","0.5083333333333333"
"cifar10","20","2","mixed_maturity","access_full","dirichlet_lcb","diverse_then_repeat_backdoor","0.5","3","2","5","5","0.5","5","20","9","1.5","38","6.701821327209473","0.322","0.10722222222222222"
"cifar10","20","2","mixed_maturity","access_full","dirichlet_lcb","diverse_then_repeat_backdoor","0.5","3","2","5","5","0.5","5","20","9","1.5","39","6.246393203735352","0.3565","0.4311111111111111"
"cifar10","20","2","mixed_maturity","access_full","dirichlet_lcb","diverse_then_repeat_backdoor","0.5","3","2","5","5","0.5","5","20","9","1.5","40","6.879088401794434","0.329","0.05611111111111111"
"cifar10","20","2","mixed_maturity","access_full","dirichlet_lcb","diverse_then_repeat_backdoor","0.5","3","2","5","5","0.5","5","20","9","1.5","41","6.292418003082275","0.352","0.1338888888888889"
"cifar10","20","2","mixed_maturity","access_full","dirichlet_lcb","diverse_then_repeat_backdoor","0.5","3","2","5","5","0.5","5","20","9","1.5","42","6.146948337554932","0.3515","0.445"
"cifar10","20","2","mixed_maturity","access_full","dirichlet_lcb","diverse_then_repeat_backdoor","0.5","3","2","5","5","0.5","5","20","9","1.5","43","7.27500057220459","0.3125","0.29888888888888887"
"cifar10","20","2","mixed_maturity","access_full","dirichlet_lcb","diverse_then_repeat_backdoor","0.5","3","2","5","5","0.5","5","20","9","1.5","44","5.885197162628174","0.3545","0.14222222222222222"
"cifar10","20","2","mixed_maturity","access_full","dirichlet_lcb","diverse_then_repeat_backdoor","0.5","3","2","5","5","0.5","5","20","9","1.5","45","6.896005630493164","0.339","0.495"
"cifar10","20","2","mixed_maturity","access_full","dirichlet_lcb","diverse_then_repeat_backdoor","0.5","3","2","5","5","0.5","5","20","9","1.5","46","6.226901531219482","0.346","0.5522222222222222"
"cifar10","20","2","mixed_maturity","access_full","dirichlet_lcb","diverse_then_repeat_backdoor","0.5","3","2","5","5","0.5","5","20","9","1.5","47","6.383730411529541","0.3455","0.2561111111111111"
"cifar10","20","2","mixed_maturity","access_full","dirichlet_lcb","diverse_then_repeat_backdoor","0.5","3","2","5","5","0.5","5","20","9","1.5","48","7.370241165161133","0.325","0.3377777777777778"
"cifar10","20","2","mixed_maturity","access_full","dirichlet_lcb","diverse_then_repeat_backdoor","0.5","3","2","5","5","0.5","5","20","9","1.5","49","7.097162246704102","0.3225","0.5488888888888889"
"cifar10","20","2","mixed_maturity","access_full","dirichlet_lcb","diverse_then_repeat_backdoor","0.5","3","2","5","5","0.5","5","20","9","1.5","50","6.066485404968262","0.348","0.5561111111111111"
"cifar10","20","2","mixed_maturity","access_full","dirichlet_lcb","diverse_then_repeat_backdoor","0.5","4","2","5","5","0.5","5","20","9","1.5","1","12.972481727600098","0.1135","0.0"
"cifar10","20","2","mixed_maturity","access_full","dirichlet_lcb","diverse_then_repeat_backdoor","0.5","4","2","5","5","0.5","5","20","9","1.5","2","10.058290481567383","0.204","0.0005555555555555556"
"cifar10","20","2","mixed_maturity","access_full","dirichlet_lcb","diverse_then_repeat_backdoor","0.5","4","2","5","5","0.5","5","20","9","1.5","3","6.462996006011963","0.2465","0.04611111111111111"
"cifar10","20","2","mixed_maturity","access_full","dirichlet_lcb","diverse_then_repeat_backdoor","0.5","4","2","5","5","0.5","5","20","9","1.5","4","7.741580963134766","0.2485","0.07333333333333333"
"cifar10","20","2","mixed_maturity","access_full","dirichlet_lcb","diverse_then_repeat_backdoor","0.5","4","2","5","5","0.5","5","20","9","1.5","5","6.569603443145752","0.277","0.058333333333333334"
"cifar10","20","2","mixed_maturity","access_full","dirichlet_lcb","diverse_then_repeat_backdoor","0.5","4","2","5","5","0.5","5","20","9","1.5","6","6.631543159484863","0.256","0.26666666666666666"
"cifar10","20","2","mixed_maturity","access_full","dirichlet_lcb","diverse_then_repeat_backdoor","0.5","4","2","5","5","0.5","5","20","9","1.5","7","7.09748649597168","0.264","0.13944444444444445"
"cifar10","20","2","mixed_maturity","access_full","dirichlet_lcb","diverse_then_repeat_backdoor","0.5","4","2","5","5","0.5","5","20","9","1.5","8","6.854745388031006","0.277","0.27111111111111114"
"cifar10","20","2","mixed_maturity","access_full","dirichlet_lcb","diverse_then_repeat_backdoor","0.5","4","2","5","5","0.5","5","20","9","1.5","9","6.578815460205078","0.2935","0.14166666666666666"
"cifar10","20","2","mixed_maturity","access_full","dirichlet_lcb","diverse_then_repeat_backdoor","0.5","4","2","5","5","0.5","5","20","9","1.5","10","8.314071655273438","0.2615","0.4438888888888889"
"cifar10","20","2","mixed_maturity","access_full","dirichlet_lcb","diverse_then_repeat_backdoor","0.5","4","2","5","5","0.5","5","20","9","1.5","11","6.850115776062012","0.2595","0.30666666666666664"
"cifar10","20","2","mixed_maturity","access_full","dirichlet_lcb","diverse_then_repeat_backdoor","0.5","4","2","5","5","0.5","5","20","9","1.5","12","6.823808670043945","0.3045","0.4444444444444444"
"cifar10","20","2","mixed_maturity","access_full","dirichlet_lcb","diverse_then_repeat_backdoor","0.5","4","2","5","5","0.5","5","20","9","1.5","13","7.373376846313477","0.2825","0.15833333333333333"
"cifar10","20","2","mixed_maturity","access_full","dirichlet_lcb","diverse_then_repeat_backdoor","0.5","4","2","5","5","0.5","5","20","9","1.5","14","6.47705602645874","0.3265","0.26722222222222225"
"cifar10","20","2","mixed_maturity","access_full","dirichlet_lcb","diverse_then_repeat_backdoor","0.5","4","2","5","5","0.5","5","20","9","1.5","15","5.601785182952881","0.3315","0.045"
"cifar10","20","2","mixed_maturity","access_full","dirichlet_lcb","diverse_then_repeat_backdoor","0.5","4","2","5","5","0.5","5","20","9","1.5","16","6.976296424865723","0.3075","0.1988888888888889"
"cifar10","20","2","mixed_maturity","access_full","dirichlet_lcb","diverse_then_repeat_backdoor","0.5","4","2","5","5","0.5","5","20","9","1.5","17","6.915910243988037","0.3115","0.09777777777777778"
"cifar10","20","2","mixed_maturity","access_full","dirichlet_lcb","diverse_then_repeat_backdoor","0.5","4","2","5","5","0.5","5","20","9","1.5","18","6.9249958992004395","0.2875","0.5894444444444444"
"cifar10","20","2","mixed_maturity","access_full","dirichlet_lcb","diverse_then_repeat_backdoor","0.5","4","2","5","5","0.5","5","20","9","1.5","19","7.265712261199951","0.2915","0.013888888888888888"
"cifar10","20","2","mixed_maturity","access_full","dirichlet_lcb","diverse_then_repeat_backdoor","0.5","4","2","5","5","0.5","5","20","9","1.5","20","6.053360462188721","0.3515","0.33055555555555555"
"cifar10","20","2","mixed_maturity","access_full","dirichlet_lcb","diverse_then_repeat_backdoor","0.5","4","2","5","5","0.5","5","20","9","1.5","21","6.801811695098877","0.2825","0.12333333333333334"
"cifar10","20","2","mixed_maturity","access_full","dirichlet_lcb","diverse_then_repeat_backdoor","0.5","4","2","5","5","0.5","5","20","9","1.5","22","7.72244930267334","0.284","0.715"
"cifar10","20","2","mixed_maturity","access_full","dirichlet_lcb","diverse_then_repeat_backdoor","0.5","4","2","5","5","0.5","5","20","9","1.5","23","6.215628147125244","0.3275","0.14333333333333334"
"cifar10","20","2","mixed_maturity","access_full","dirichlet_lcb","diverse_then_repeat_backdoor","0.5","4","2","5","5","0.5","5","20","9","1.5","24","6.0140228271484375","0.3465","0.3188888888888889"
"cifar10","20","2","mixed_maturity","access_full","dirichlet_lcb","diverse_then_repeat_backdoor","0.5","4","2","5","5","0.5","5","20","9","1.5","25","6.327017784118652","0.3415","0.44555555555555554"
"cifar10","20","2","mixed_maturity","access_full","dirichlet_lcb","diverse_then_repeat_backdoor","0.5","4","2","5","5","0.5","5","20","9","1.5","26","7.636938095092773","0.2935","0.745"
"cifar10","20","2","mixed_maturity","access_full","dirichlet_lcb","diverse_then_repeat_backdoor","0.5","4","2","5","5","0.5","5","20","9","1.5","27","7.775097370147705","0.318","0.08888888888888889"
"cifar10","20","2","mixed_maturity","access_full","dirichlet_lcb","diverse_then_repeat_backdoor","0.5","4","2","5","5","0.5","5","20","9","1.5","28","7.514832973480225","0.324","0.6638888888888889"
"cifar10","20","2","mixed_maturity","access_full","dirichlet_lcb","diverse_then_repeat_backdoor","0.5","4","2","5","5","0.5","5","20","9","1.5","29","5.68427848815918","0.3445","0.31666666666666665"
"cifar10","20","2","mixed_maturity","access_full","dirichlet_lcb","diverse_then_repeat_backdoor","0.5","4","2","5","5","0.5","5","20","9","1.5","30","6.137646675109863","0.348","0.4266666666666667"
"cifar10","20","2","mixed_maturity","access_full","dirichlet_lcb","diverse_then_repeat_backdoor","0.5","4","2","5","5","0.5","5","20","9","1.5","31","6.64456844329834","0.3415","0.5622222222222222"
"cifar10","20","2","mixed_maturity","access_full","dirichlet_lcb","diverse_then_repeat_backdoor","0.5","4","2","5","5","0.5","5","20","9","1.5","32","6.069674015045166","0.343","0.37777777777777777"
"cifar10","20","2","mixed_maturity","access_full","dirichlet_lcb","diverse_then_repeat_backdoor","0.5","4","2","5","5","0.5","5","20","9","1.5","33","6.154468536376953","0.3495","0.5083333333333333"
"cifar10","20","2","mixed_maturity","access_full","dirichlet_lcb","diverse_then_repeat_backdoor","0.5","4","2","5","5","0.5","5","20","9","1.5","34","7.092469692230225","0.331","0.39166666666666666"
"cifar10","20","2","mixed_maturity","access_full","dirichlet_lcb","diverse_then_repeat_backdoor","0.5","4","2","5","5","0.5","5","20","9","1.5","35","5.487696170806885","0.348","0.5594444444444444"
"cifar10","20","2","mixed_maturity","access_full","dirichlet_lcb","diverse_then_repeat_backdoor","0.5","4","2","5","5","0.5","5","20","9","1.5","36","6.580993175506592","0.3255","0.705"
"cifar10","20","2","mixed_maturity","access_full","dirichlet_lcb","diverse_then_repeat_backdoor","0.5","4","2","5","5","0.5","5","20","9","1.5","37","6.163323402404785","0.3585","0.41333333333333333"
"cifar10","20","2","mixed_maturity","access_full","dirichlet_lcb","diverse_then_repeat_backdoor","0.5","4","2","5","5","0.5","5","20","9","1.5","38","5.651391506195068","0.3395","0.5266666666666666"
"cifar10","20","2","mixed_maturity","access_full","dirichlet_lcb","diverse_then_repeat_backdoor","0.5","4","2","5","5","0.5","5","20","9","1.5","39","6.115411281585693","0.3465","0.6155555555555555"
"cifar10","20","2","mixed_maturity","access_full","dirichlet_lcb","diverse_then_repeat_backdoor","0.5","4","2","5","5","0.5","5","20","9","1.5","40","7.368370056152344","0.295","0.4688888888888889"
"cifar10","20","2","mixed_maturity","access_full","dirichlet_lcb","diverse_then_repeat_backdoor","0.5","4","2","5","5","0.5","5","20","9","1.5","41","6.823729991912842","0.329","0.49833333333333335"
"cifar10","20","2","mixed_maturity","access_full","dirichlet_lcb","diverse_then_repeat_backdoor","0.5","4","2","5","5","0.5","5","20","9","1.5","42","6.357766151428223","0.3245","0.5638888888888889"
"cifar10","20","2","mixed_maturity","access_full","dirichlet_lcb","diverse_then_repeat_backdoor","0.5","4","2","5","5","0.5","5","20","9","1.5","43","5.998394012451172","0.369","0.6333333333333333"
"cifar10","20","2","mixed_maturity","access_full","dirichlet_lcb","diverse_then_repeat_backdoor","0.5","4","2","5","5","0.5","5","20","9","1.5","44","5.850334167480469","0.356","0.38333333333333336"
"cifar10","20","2","mixed_maturity","access_full","dirichlet_lcb","diverse_then_repeat_backdoor","0.5","4","2","5","5","0.5","5","20","9","1.5","45","6.138131618499756","0.36","0.6711111111111111"
"cifar10","20","2","mixed_maturity","access_full","dirichlet_lcb","diverse_then_repeat_backdoor","0.5","4","2","5","5","0.5","5","20","9","1.5","46","7.816072463989258","0.305","0.8366666666666667"
"cifar10","20","2","mixed_maturity","access_full","dirichlet_lcb","diverse_then_repeat_backdoor","0.5","4","2","5","5","0.5","5","20","9","1.5","47","6.864056587219238","0.331","0.355"
"cifar10","20","2","mixed_maturity","access_full","dirichlet_lcb","diverse_then_repeat_backdoor","0.5","4","2","5","5","0.5","5","20","9","1.5","48","7.244698524475098","0.3205","0.5394444444444444"
"cifar10","20","2","mixed_maturity","access_full","dirichlet_lcb","diverse_then_repeat_backdoor","0.5","4","2","5","5","0.5","5","20","9","1.5","49","6.976212024688721","0.349","0.555"
"cifar10","20","2","mixed_maturity","access_full","dirichlet_lcb","diverse_then_repeat_backdoor","0.5","4","2","5","5","0.5","5","20","9","1.5","50","5.94711971282959","0.358","0.6661111111111111"
"cifar10","20","2","mixed_maturity","access_full","dirichlet_lcb","benign_concept_drift","0.5","0","2","5","5","0.5","5","20","9","1.5","1","8.018336296081543","0.1545","0.0"
"cifar10","20","2","mixed_maturity","access_full","dirichlet_lcb","benign_concept_drift","0.5","0","2","5","5","0.5","5","20","9","1.5","2","6.08449649810791","0.227","0.11944444444444445"
"cifar10","20","2","mixed_maturity","access_full","dirichlet_lcb","benign_concept_drift","0.5","0","2","5","5","0.5","5","20","9","1.5","3","6.48979377746582","0.2375","0.0022222222222222222"
"cifar10","20","2","mixed_maturity","access_full","dirichlet_lcb","benign_concept_drift","0.5","0","2","5","5","0.5","5","20","9","1.5","4","6.552309036254883","0.25","0.05333333333333334"
"cifar10","20","2","mixed_maturity","access_full","dirichlet_lcb","benign_concept_drift","0.5","0","2","5","5","0.5","5","20","9","1.5","5","7.546487808227539","0.2875","0.06444444444444444"
"cifar10","20","2","mixed_maturity","access_full","dirichlet_lcb","benign_concept_drift","0.5","0","2","5","5","0.5","5","20","9","1.5","6","7.829990863800049","0.2675","0.13"
"cifar10","20","2","mixed_maturity","access_full","dirichlet_lcb","benign_concept_drift","0.5","0","2","5","5","0.5","5","20","9","1.5","7","8.610651016235352","0.2525","0.0022222222222222222"
"cifar10","20","2","mixed_maturity","access_full","dirichlet_lcb","benign_concept_drift","0.5","0","2","5","5","0.5","5","20","9","1.5","8","7.777263641357422","0.277","0.04722222222222222"
"cifar10","20","2","mixed_maturity","access_full","dirichlet_lcb","benign_concept_drift","0.5","0","2","5","5","0.5","5","20","9","1.5","9","6.342872142791748","0.304","0.025555555555555557"
"cifar10","20","2","mixed_maturity","access_full","dirichlet_lcb","benign_concept_drift","0.5","0","2","5","5","0.5","5","20","9","1.5","10","8.03359317779541","0.271","0.035"
"cifar10","20","2","mixed_maturity","access_full","dirichlet_lcb","benign_concept_drift","0.5","0","2","5","5","0.5","5","20","9","1.5","11","6.117434501647949","0.327","0.08444444444444445"
"cifar10","20","2","mixed_maturity","access_full","dirichlet_lcb","benign_concept_drift","0.5","0","2","5","5","0.5","5","20","9","1.5","12","7.138563632965088","0.2885","0.029444444444444443"
"cifar10","20","2","mixed_maturity","access_full","dirichlet_lcb","benign_concept_drift","0.5","0","2","5","5","0.5","5","20","9","1.5","13","6.975366115570068","0.3065","0.02722222222222222"
"cifar10","20","2","mixed_maturity","access_full","dirichlet_lcb","benign_concept_drift","0.5","0","2","5","5","0.5","5","20","9","1.5","14","7.1869964599609375","0.2575","0.10777777777777778"
"cifar10","20","2","mixed_maturity","access_full","dirichlet_lcb","benign_concept_drift","0.5","0","2","5","5","0.5","5","20","9","1.5","15","7.472952842712402","0.2815","0.018333333333333333"
"cifar10","20","2","mixed_maturity","access_full","dirichlet_lcb","benign_concept_drift","0.5","0","2","5","5","0.5","5","20","9","1.5","16","7.749523162841797","0.2935","0.18722222222222223"
"cifar10","20","2","mixed_maturity","access_full","dirichlet_lcb","benign_concept_drift","0.5","0","2","5","5","0.5","5","20","9","1.5","17","6.284565448760986","0.335","0.08944444444444444"
"cifar10","20","2","mixed_maturity","access_full","dirichlet_lcb","benign_concept_drift","0.5","0","2","5","5","0.5","5","20","9","1.5","18","6.615983009338379","0.3345","0.03333333333333333"
"cifar10","20","2","mixed_maturity","access_full","dirichlet_lcb","benign_concept_drift","0.5","0","2","5","5","0.5","5","20","9","1.5","19","5.619901180267334","0.3425","0.028888888888888888"
"cifar10","20","2","mixed_maturity","access_full","dirichlet_lcb","benign_concept_drift","0.5","0","2","5","5","0.5","5","20","9","1.5","20","6.668915748596191","0.3165","0.06444444444444444"
"cifar10","20","2","mixed_maturity","access_full","dirichlet_lcb","benign_concept_drift","0.5","0","2","5","5","0.5","5","20","9","1.5","21","5.874977111816406","0.329","0.16055555555555556"
"cifar10","20","2","mixed_maturity","access_full","dirichlet_lcb","benign_concept_drift","0.5","0","2","5","5","0.5","5","20","9","1.5","22","6.796841621398926","0.318","0.03222222222222222"
"cifar10","20","2","mixed_maturity","access_full","dirichlet_lcb","benign_concept_drift","0.5","0","2","5","5","0.5","5","20","9","1.5","23","6.624380588531494","0.3375","0.08055555555555556"
"cifar10","20","2","mixed_maturity","access_full","dirichlet_lcb","benign_concept_drift","0.5","0","2","5","5","0.5","5","20","9","1.5","24","6.151156425476074","0.317","0.15055555555555555"
"cifar10","20","2","mixed_maturity","access_full","dirichlet_lcb","benign_concept_drift","0.5","0","2","5","5","0.5","5","20","9","1.5","25","6.46558141708374","0.334","0.020555555555555556"
"cifar10","20","2","mixed_maturity","access_full","dirichlet_lcb","benign_concept_drift","0.5","0","2","5","5","0.5","5","20","9","1.5","26","6.287893295288086","0.333","0.065"
"cifar10","20","2","mixed_maturity","access_full","dirichlet_lcb","benign_concept_drift","0.5","0","2","5","5","0.5","5","20","9","1.5","27","5.599337100982666","0.3615","0.058333333333333334"
"cifar10","20","2","mixed_maturity","access_full","dirichlet_lcb","benign_concept_drift","0.5","0","2","5","5","0.5","5","20","9","1.5","28","6.171830177307129","0.361","0.014444444444444444"
"cifar10","20","2","mixed_maturity","access_full","dirichlet_lcb","benign_concept_drift","0.5","0","2","5","5","0.5","5","20","9","1.5","29","6.242876052856445","0.343","0.03388888888888889"
"cifar10","20","2","mixed_maturity","access_full","dirichlet_lcb","benign_concept_drift","0.5","0","2","5","5","0.5","5","20","9","1.5","30","5.847164154052734","0.3395","0.08277777777777778"
"cifar10","20","2","mixed_maturity","access_full","dirichlet_lcb","benign_concept_drift","0.5","0","2","5","5","0.5","5","20","9","1.5","31","6.257948398590088","0.3585","0.11166666666666666"
"cifar10","20","2","mixed_maturity","access_full","dirichlet_lcb","benign_concept_drift","0.5","0","2","5","5","0.5","5","20","9","1.5","32","6.152338981628418","0.33","0.1288888888888889"
"cifar10","20","2","mixed_maturity","access_full","dirichlet_lcb","benign_concept_drift","0.5","0","2","5","5","0.5","5","20","9","1.5","33","6.219845771789551","0.339","0.02388888888888889"
"cifar10","20","2","mixed_maturity","access_full","dirichlet_lcb","benign_concept_drift","0.5","0","2","5","5","0.5","5","20","9","1.5","34","6.979897499084473","0.3195","0.030555555555555555"
"cifar10","20","2","mixed_maturity","access_full","dirichlet_lcb","benign_concept_drift","0.5","0","2","5","5","0.5","5","20","9","1.5","35","6.064082145690918","0.345","0.015555555555555555"
"cifar10","20","2","mixed_maturity","access_full","dirichlet_lcb","benign_concept_drift","0.5","0","2","5","5","0.5","5","20","9","1.5","36","5.728642463684082","0.3425","0.1111111111111111"
"cifar10","20","2","mixed_maturity","access_full","dirichlet_lcb","benign_concept_drift","0.5","0","2","5","5","0.5","5","20","9","1.5","37","5.9187421798706055","0.3545","0.025555555555555557"
"cifar10","20","2","mixed_maturity","access_full","dirichlet_lcb","benign_concept_drift","0.5","0","2","5","5","0.5","5","20","9","1.5","38","6.814489364624023","0.3375","0.03111111111111111"
"cifar10","20","2","mixed_maturity","access_full","dirichlet_lcb","benign_concept_drift","0.5","0","2","5","5","0.5","5","20","9","1.5","39","6.660724639892578","0.331","0.09666666666666666"
"cifar10","20","2","mixed_maturity","access_full","dirichlet_lcb","benign_concept_drift","0.5","0","2","5","5","0.5","5","20","9","1.5","40","6.225622653961182","0.3555","0.24555555555555555"
"cifar10","20","2","mixed_maturity","access_full","dirichlet_lcb","benign_concept_drift","0.5","0","2","5","5","0.5","5","20","9","1.5","41","5.8007378578186035","0.3645","0.05333333333333334"
"cifar10","20","2","mixed_maturity","access_full","dirichlet_lcb","benign_concept_drift","0.5","0","2","5","5","0.5","5","20","9","1.5","42","6.13331937789917","0.351","0.050555555555555555"
"cifar10","20","2","mixed_maturity","access_full","dirichlet_lcb","benign_concept_drift","0.5","0","2","5","5","0.5","5","20","9","1.5","43","6.359393119812012","0.332","0.018333333333333333"
"cifar10","20","2","mixed_maturity","access_full","dirichlet_lcb","benign_concept_drift","0.5","0","2","5","5","0.5","5","20","9","1.5","44","6.170092582702637","0.357","0.03833333333333333"
"cifar10","20","2","mixed_maturity","access_full","dirichlet_lcb","benign_concept_drift","0.5","0","2","5","5","0.5","5","20","9","1.5","45","6.86269998550415","0.3375","0.009444444444444445"
"cifar10","20","2","mixed_maturity","access_full","dirichlet_lcb","benign_concept_drift","0.5","0","2","5","5","0.5","5","20","9","1.5","46","6.2983527183532715","0.358","0.016666666666666666"
"cifar10","20","2","mixed_maturity","access_full","dirichlet_lcb","benign_concept_drift","0.5","0","2","5","5","0.5","5","20","9","1.5","47","6.2487568855285645","0.34","0.05444444444444444"
"cifar10","20","2","mixed_maturity","access_full","dirichlet_lcb","benign_concept_drift","0.5","0","2","5","5","0.5","5","20","9","1.5","48","7.492574214935303","0.331","0.03333333333333333"
"cifar10","20","2","mixed_maturity","access_full","dirichlet_lcb","benign_concept_drift","0.5","0","2","5","5","0.5","5","20","9","1.5","49","6.8927812576293945","0.3465","0.035"
"cifar10","20","2","mixed_maturity","access_full","dirichlet_lcb","benign_concept_drift","0.5","0","2","5","5","0.5","5","20","9","1.5","50","6.061339855194092","0.3615","0.020555555555555556"
"cifar10","20","2","mixed_maturity","access_full","dirichlet_lcb","benign_concept_drift","0.5","1","2","5","5","0.5","5","20","9","1.5","1","6.358318328857422","0.21","0.14666666666666667"
"cifar10","20","2","mixed_maturity","access_full","dirichlet_lcb","benign_concept_drift","0.5","1","2","5","5","0.5","5","20","9","1.5","2","9.288071632385254","0.201","0.06111111111111111"
"cifar10","20","2","mixed_maturity","access_full","dirichlet_lcb","benign_concept_drift","0.5","1","2","5","5","0.5","5","20","9","1.5","3","7.408295631408691","0.2245","0.04055555555555555"
"cifar10","20","2","mixed_maturity","access_full","dirichlet_lcb","benign_concept_drift","0.5","1","2","5","5","0.5","5","20","9","1.5","4","6.540555477142334","0.244","0.08666666666666667"
"cifar10","20","2","mixed_maturity","access_full","dirichlet_lcb","benign_concept_drift","0.5","1","2","5","5","0.5","5","20","9","1.5","5","7.028246879577637","0.2765","0.04"
"cifar10","20","2","mixed_maturity","access_full","dirichlet_lcb","benign_concept_drift","0.5","1","2","5","5","0.5","5","20","9","1.5","6","6.042504787445068","0.2925","0.06222222222222222"
"cifar10","20","2","mixed_maturity","access_full","dirichlet_lcb","benign_concept_drift","0.5","1","2","5","5","0.5","5","20","9","1.5","7","6.789300918579102","0.2545","0.050555555555555555"
"cifar10","20","2","mixed_maturity","access_full","dirichlet_lcb","benign_concept_drift","0.5","1","2","5","5","0.5","5","20","9","1.5","8","6.933836936950684","0.2665","0.03166666666666667"
"cifar10","20","2","mixed_maturity","access_full","dirichlet_lcb","benign_concept_drift","0.5","1","2","5","5","0.5","5","20","9","1.5","9","5.897596836090088","0.278","0.09666666666666666"
"cifar10","20","2","mixed_maturity","access_full","dirichlet_lcb","benign_concept_drift","0.5","1","2","5","5","0.5","5","20","9","1.5","10","8.067242622375488","0.274","0.058333333333333334"
"cifar10","20","2","mixed_maturity","access_full","dirichlet_lcb","benign_concept_drift","0.5","1","2","5","5","0.5","5","20","9","1.5","11","8.666069984436035","0.259","0.3894444444444444"
"cifar10","20","2","mixed_maturity","access_full","dirichlet_lcb","benign_concept_drift","0.5","1","2","5","5","0.5","5","20","9","1.5","12","5.885176658630371","0.3155","0.06666666666666667"
"cifar10","20","2","mixed_maturity","access_full","dirichlet_lcb","benign_concept_drift","0.5","1","2","5","5","0.5","5","20","9","1.5","13","5.896424770355225","0.315","0.1272222222222222"
"cifar10","20","2","mixed_maturity","access_full","dirichlet_lcb","benign_concept_drift","0.5","1","2","5","5","0.5","5","20","9","1.5","14","6.432407379150391","0.3145","0.12055555555555555"
"cifar10","20","2","mixed_maturity","access_full","dirichlet_lcb","benign_concept_drift","0.5","1","2","5","5","0.5","5","20","9","1.5","15","6.328263759613037","0.302","0.0011111111111111111"
"cifar10","20","2","mixed_maturity","access_full","dirichlet_lcb","benign_concept_drift","0.5","1","2","5","5","0.5","5","20","9","1.5","16","6.889390468597412","0.315","0.0005555555555555556"
"cifar10","20","2","mixed_maturity","access_full","dirichlet_lcb","benign_concept_drift","0.5","1","2","5","5","0.5","5","20","9","1.5","17","5.68437385559082","0.321","0.05444444444444444"
"cifar10","20","2","mixed_maturity","access_full","dirichlet_lcb","benign_concept_drift","0.5","1","2","5","5","0.5","5","20","9","1.5","18","6.9357523918151855","0.29","0.03333333333333333"
"cifar10","20","2","mixed_maturity","access_full","dirichlet_lcb","benign_concept_drift","0.5","1","2","5","5","0.5","5","20","9","1.5","19","7.446887016296387","0.3105","0.005555555555555556"
"cifar10","20","2","mixed_maturity","access_full","dirichlet_lcb","benign_concept_drift","0.5","1","2","5","5","0.5","5","20","9","1.5","20","7.432184219360352","0.306","0.010555555555555556"
"cifar10","20","2","mixed_maturity","access_full","dirichlet_lcb","benign_concept_drift","0.5","1","2","5","5","0.5","5","20","9","1.5","21","6.615746021270752","0.306","0.11555555555555555"
"cifar10","20","2","mixed_maturity","access_full","dirichlet_lcb","benign_concept_drift","0.5","1","2","5","5","0.5","5","20","9","1.5","22","7.00523567199707","0.329","0.02277777777777778"
"cifar10","20","2","mixed_maturity","access_full","dirichlet_lcb","benign_concept_drift","0.5","1","2","5","5","0.5","5","20","9","1.5","23","5.649411201477051","0.346","0.06166666666666667"
"cifar10","20","2","mixed_maturity","access_full","dirichlet_lcb","benign_concept_drift","0.5","1","2","5","5","0.5","5","20","9","1.5","24","5.859553337097168","0.3345","0.04777777777777778"
"cifar10","20","2","mixed_maturity","access_full","dirichlet_lcb","benign_concept_drift","0.5","1","2","5","5","0.5","5","20","9","1.5","25","7.528691291809082","0.279","0.051666666666666666"
"cifar10","20","2","mixed_maturity","access_full","dirichlet_lcb","benign_concept_drift","0.5","1","2","5","5","0.5","5","20","9","1.5","26","7.532393455505371","0.3155","0.057777777777777775"
"cifar10","20","2","mixed_maturity","access_full","dirichlet_lcb","benign_concept_drift","0.5","1","2","5","5","0.5","5","20","9","1.5","27","7.291962146759033","0.3215","0.042777777777777776"
"cifar10","20","2","mixed_maturity","access_full","dirichlet_lcb","benign_concept_drift","0.5","1","2","5","5","0.5","5","20","9","1.5","28","6.659182548522949","0.321","0.029444444444444443"
"cifar10","20","2","mixed_maturity","access_full","dirichlet_lcb","benign_concept_drift","0.5","1","2","5","5","0.5","5","20","9","1.5","29","6.544943809509277","0.328","0.021666666666666667"
"cifar10","20","2","mixed_maturity","access_full","dirichlet_lcb","benign_concept_drift","0.5","1","2","5","5","0.5","5","20","9","1.5","30","5.979331016540527","0.338","0.07166666666666667"
"cifar10","20","2","mixed_maturity","access_full","dirichlet_lcb","benign_concept_drift","0.5","1","2","5","5","0.5","5","20","9","1.5","31","7.015316009521484","0.3235","0.11222222222222222"
"cifar10","20","2","mixed_maturity","access_full","dirichlet_lcb","benign_concept_drift","0.5","1","2","5","5","0.5","5","20","9","1.5","32","6.11422872543335","0.3375","0.014444444444444444"
"cifar10","20","2","mixed_maturity","access_full","dirichlet_lcb","benign_concept_drift","0.5","1","2","5","5","0.5","5","20","9","1.5","33","6.582062721252441","0.34","0.024444444444444446"
"cifar10","20","2","mixed_maturity","access_full","dirichlet_lcb","benign_concept_drift","0.5","1","2","5","5","0.5","5","20","9","1.5","34","6.381483554840088","0.344","0.012777777777777779"
"cifar10","20","2","mixed_maturity","access_full","dirichlet_lcb","benign_concept_drift","0.5","1","2","5","5","0.5","5","20","9","1.5","35","6.430778503417969","0.331","0.06888888888888889"
"cifar10","20","2","mixed_maturity","access_full","dirichlet_lcb","benign_concept_drift","0.5","1","2","5","5","0.5","5","20","9","1.5","36","6.291388988494873","0.332","0.005555555555555556"
"cifar10","20","2","mixed_maturity","access_full","dirichlet_lcb","benign_concept_drift","0.5","1","2","5","5","0.5","5","20","9","1.5","37","6.734370231628418","0.3225","0.002777777777777778"
"cifar10","20","2","mixed_maturity","access_full","dirichlet_lcb","benign_concept_drift","0.5","1","2","5","5","0.5","5","20","9","1.5","38","5.881375789642334","0.3545","0.03222222222222222"
"cifar10","20","2","mixed_maturity","access_full","dirichlet_lcb","benign_concept_drift","0.5","1","2","5","5","0.5","5","20","9","1.5","39","6.810336589813232","0.335","0.05388888888888889"
"cifar10","20","2","mixed_maturity","access_full","dirichlet_lcb","benign_concept_drift","0.5","1","2","5","5","0.5","5","20","9","1.5","40","7.130901336669922","0.3135","0.2588888888888889"
"cifar10","20","2","mixed_maturity","access_full","dirichlet_lcb","benign_concept_drift","0.5","1","2","5","5","0.5","5","20","9","1.5","41","6.3658905029296875","0.3395","0.06166666666666667"
"cifar10","20","2","mixed_maturity","access_full","dirichlet_lcb","benign_concept_drift","0.5","1","2","5","5","0.5","5","20","9","1.5","42","6.807438850402832","0.335","0.0038888888888888888"
"cifar10","20","2","mixed_maturity","access_full","dirichlet_lcb","benign_concept_drift","0.5","1","2","5","5","0.5","5","20","9","1.5","43","6.02226448059082","0.363","0.08388888888888889"
"cifar10","20","2","mixed_maturity","access_full","dirichlet_lcb","benign_concept_drift","0.5","1","2","5","5","0.5","5","20","9","1.5","44","5.93083381652832","0.357","0.06277777777777778"
"cifar10","20","2","mixed_maturity","access_full","dirichlet_lcb","benign_concept_drift","0.5","1","2","5","5","0.5","5","20","9","1.5","45","7.034755706787109","0.3415","0.04111111111111111"
"cifar10","20","2","mixed_maturity","access_full","dirichlet_lcb","benign_concept_drift","0.5","1","2","5","5","0.5","5","20","9","1.5","46","6.033235549926758","0.3505","0.08166666666666667"
"cifar10","20","2","mixed_maturity","access_full","dirichlet_lcb","benign_concept_drift","0.5","1","2","5","5","0.5","5","20","9","1.5","47","6.063156604766846","0.334","0.04666666666666667"
"cifar10","20","2","mixed_maturity","access_full","dirichlet_lcb","benign_concept_drift","0.5","1","2","5","5","0.5","5","20","9","1.5","48","5.799381256103516","0.3575","0.01611111111111111"
"cifar10","20","2","mixed_maturity","access_full","dirichlet_lcb","benign_concept_drift","0.5","1","2","5","5","0.5","5","20","9","1.5","49","5.658433437347412","0.3675","0.06666666666666667"
"cifar10","20","2","mixed_maturity","access_full","dirichlet_lcb","benign_concept_drift","0.5","1","2","5","5","0.5","5","20","9","1.5","50","6.51072883605957","0.3585","0.11888888888888889"
"cifar10","20","2","mixed_maturity","access_full","dirichlet_lcb","benign_concept_drift","0.5","2","2","5","5","0.5","5","20","9","1.5","1","9.447582244873047","0.1575","0.0"
"cifar10","20","2","mixed_maturity","access_full","dirichlet_lcb","benign_concept_drift","0.5","2","2","5","5","0.5","5","20","9","1.5","2","6.198226451873779","0.254","0.10666666666666667"
"cifar10","20","2","mixed_maturity","access_full","dirichlet_lcb","benign_concept_drift","0.5","2","2","5","5","0.5","5","20","9","1.5","3","7.689208030700684","0.203","0.0005555555555555556"
"cifar10","20","2","mixed_maturity","access_full","dirichlet_lcb","benign_concept_drift","0.5","2","2","5","5","0.5","5","20","9","1.5","4","5.991042137145996","0.265","0.055"
"cifar10","20","2","mixed_maturity","access_full","dirichlet_lcb","benign_concept_drift","0.5","2","2","5","5","0.5","5","20","9","1.5","5","8.705021858215332","0.246","0.08"
"cifar10","20","2","mixed_maturity","access_full","dirichlet_lcb","benign_concept_drift","0.5","2","2","5","5","0.5","5","20","9","1.5","6","7.940125942230225","0.263","0.03888888888888889"
"cifar10","20","2","mixed_maturity","access_full","dirichlet_lcb","benign_concept_drift","0.5","2","2","5","5","0.5","5","20","9","1.5","7","8.523566246032715","0.227","0.09944444444444445"
"cifar10","20","2","mixed_maturity","access_full","dirichlet_lcb","benign_concept_drift","0.5","2","2","5","5","0.5","5","20","9","1.5","8","8.906828880310059","0.262","0.049444444444444444"
"cifar10","20","2","mixed_maturity","access_full","dirichlet_lcb","benign_concept_drift","0.5","2","2","5","5","0.5","5","20","9","1.5","9","10.140861511230469","0.229","0.29444444444444445"
"cifar10","20","2","mixed_maturity","access_full","dirichlet_lcb","benign_concept_drift","0.5","2","2","5","5","0.5","5","20","9","1.5","10","6.799797058105469","0.2835","0.10444444444444445"
"cifar10","20","2","mixed_maturity","access_full","dirichlet_lcb","benign_concept_drift","0.5","2","2","5","5","0.5","5","20","9","1.5","11","6.4872870445251465","0.3165","0.115"
"cifar10","20","2","mixed_maturity","access_full","dirichlet_lcb","benign_concept_drift","0.5","2","2","5","5","0.5","5","20","9","1.5","12","8.701516151428223","0.2495","0.4011111111111111"
"cifar10","20","2","mixed_maturity","access_full","dirichlet_lcb","benign_concept_drift","0.5","2","2","5","5","0.5","5","20","9","1.5","13","7.487632751464844","0.288","0.27666666666666667"
"cifar10","20","2","mixed_maturity","access_full","dirichlet_lcb","benign_concept_drift","0.5","2","2","5","5","0.5","5","20","9","1.5","14","6.042225360870361","0.277","0.04555555555555556"
"cifar10","20","2","mixed_maturity","access_full","dirichlet_lcb","benign_concept_drift","0.5","2","2","5","5","0.5","5","20","9","1.5","15","6.668623447418213","0.2965","0.06444444444444444"
"cifar10","20","2","mixed_maturity","access_full","dirichlet_lcb","benign_concept_drift","0.5","2","2","5","5","0.5","5","20","9","1.5","16","8.014470100402832","0.284","0.3377777777777778"
"cifar10","20","2","mixed_maturity","access_full","dirichlet_lcb","benign_concept_drift","0.5","2","2","5","5","0.5","5","20","9","1.5","17","6.175117015838623","0.3285","0.020555555555555556"
"cifar10","20","2","mixed_maturity","access_full","dirichlet_lcb","benign_concept_drift","0.5","2","2","5","5","0.5","5","20","9","1.5","18","6.966750144958496","0.3305","0.050555555555555555"
"cifar10","20","2","mixed_maturity","access_full","dirichlet_lcb","benign_concept_drift","0.5","2","2","5","5","0.5","5","20","9","1.5","19","7.010415554046631","0.292","0.16666666666666666"
"cifar10","20","2","mixed_maturity","access_full","dirichlet_lcb","benign_concept_drift","0.5","2","2","5","5","0.5","5","20","9","1.5","20","5.8384199142456055","0.346","0.07722222222222222"
"cifar10","20","2","mixed_maturity","access_full","dirichlet_lcb","benign_concept_drift","0.5","2","2","5","5","0.5","5","20","9","1.5","21","6.2674241065979","0.326","0.12"
"cifar10","20","2","mixed_maturity","access_full","dirichlet_lcb","benign_concept_drift","0.5","2","2","5","5","0.5","5","20","9","1.5","22","7.1213202476501465","0.316","0.22444444444444445"
"cifar10","20","2","mixed_maturity","access_full","dirichlet_lcb","benign_concept_drift","0.5","2","2","5","5","0.5","5","20","9","1.5","23","7.693181037902832","0.29","0.39055555555555554"
"cifar10","20","2","mixed_maturity","access_full","dirichlet_lcb","benign_concept_drift","0.5","2","2","5","5","0.5","5","20","9","1.5","24","6.053749084472656","0.338","0.07222222222222222"
"cifar10","20","2","mixed_maturity","access_full","dirichlet_lcb","benign_concept_drift","0.5","2","2","5","5","0.5","5","20","9","1.5","25","8.231707572937012","0.3215","0.019444444444444445"
"cifar10","20","2","mixed_maturity","access_full","dirichlet_lcb","benign_concept_drift","0.5","2","2","5","5","0.5","5","20","9","1.5","26","6.095450401306152","0.3515","0.017777777777777778"
"cifar10","20","2","mixed_maturity","access_full","dirichlet_lcb","benign_concept_drift","0.5","2","2","5","5","0.5","5","20","9","1.5","27","5.465732097625732","0.3455","0.11833333333333333"
"cifar10","20","2","mixed_maturity","access_full","dirichlet_lcb","benign_concept_drift","0.5","2","2","5","5","0.5","5","20","9","1.5","28","7.332484245300293","0.31","0.17444444444444446"
"cifar10","20","2","mixed_maturity","access_full","dirichlet_lcb","benign_concept_drift","0.5","2","2","5","5","0.5","5","20","9","1.5","29","7.589847564697266","0.314","0.0011111111111111111"
"cifar10","20","2","mixed_maturity","access_full","dirichlet_lcb","benign_concept_drift","0.5","2","2","5","5","0.5","5","20","9","1.5","30","6.162555694580078","0.3485","0.03222222222222222"
"cifar10","20","2","mixed_maturity","access_full","dirichlet_lcb","benign_concept_drift","0.5","2","2","5","5","0.5","5","20","9","1.5","31","6.748366355895996","0.3355","0.14055555555555554"
"cifar10","20","2","mixed_maturity","access_full","dirichlet_lcb","benign_concept_drift","0.5","2","2","5","5","0.5","5","20","9","1.5","32","5.917776107788086","0.361","0.05388888888888889"
"cifar10","20","2","mixed_maturity","access_full","dirichlet_lcb","benign_concept_drift","0.5","2","2","5","5","0.5","5","20","9","1.5","33","6.90317964553833","0.331","0.17722222222222223"
"cifar10","20","2","mixed_maturity","access_full","dirichlet_lcb","benign_concept_drift","0.5","2","2","5","5","0.5","5","20","9","1.5","34","6.927864074707031","0.324","0.16166666666666665"
"cifar10","20","2","mixed_maturity","access_full","dirichlet_lcb","benign_concept_drift","0.5","2","2","5","5","0.5","5","20","9","1.5","35","6.677802562713623","0.3215","0.17833333333333334"
"cifar10","20","2","mixed_maturity","access_full","dirichlet_lcb","benign_concept_drift","0.5","2","2","5","5","0.5","5","20","9","1.5","36","7.057529449462891","0.3195","0.075"
"cifar10","20","2","mixed_maturity","access_full","dirichlet_lcb","benign_concept_drift","0.5","2","2","5","5","0.5","5","20","9","1.5","37","6.922336578369141","0.3375","0.16166666666666665"
"cifar10","20","2","mixed_maturity","access_full","dirichlet_lcb","benign_concept_drift","0.5","2","2","5","5","0.5","5","20","9","1.5","38","6.244201183319092","0.3555","0.19444444444444445"
"cifar10","20","2","mixed_maturity","access_full","dirichlet_lcb","benign_concept_drift","0.5","2","2","5","5","0.5","5","20","9","1.5","39","5.656710147857666","0.3665","0.09444444444444444"
"cifar10","20","2","mixed_maturity","access_full","dirichlet_lcb","benign_concept_drift","0.5","2","2","5","5","0.5","5","20","9","1.5","40","6.3023457527160645","0.334","0.12"
"cifar10","20","2","mixed_maturity","access_full","dirichlet_lcb","benign_concept_drift","0.5","2","2","5","5","0.5","5","20","9","1.5","41","6.163243293762207","0.3615","0.06277777777777778"
"cifar10","20","2","mixed_maturity","access_full","dirichlet_lcb","benign_concept_drift","0.5","2","2","5","5","0.5","5","20","9","1.5","42","7.753139972686768","0.3195","0.13666666666666666"
"cifar10","20","2","mixed_maturity","access_full","dirichlet_lcb","benign_concept_drift","0.5","2","2","5","5","0.5","5","20","9","1.5","43","6.539055824279785","0.3455","0.06722222222222222"
"cifar10","20","2","mixed_maturity","access_full","dirichlet_lcb","benign_concept_drift","0.5","2","2","5","5","0.5","5","20","9","1.5","44","6.357046604156494","0.3485","0.02722222222222222"
"cifar10","20","2","mixed_maturity","access_full","dirichlet_lcb","benign_concept_drift","0.5","2","2","5","5","0.5","5","20","9","1.5","45","6.55087947845459","0.349","0.15722222222222224"
"cifar10","20","2","mixed_maturity","access_full","dirichlet_lcb","benign_concept_drift","0.5","2","2","5","5","0.5","5","20","9","1.5","46","6.934727668762207","0.3315","0.1361111111111111"
"cifar10","20","2","mixed_maturity","access_full","dirichlet_lcb","benign_concept_drift","0.5","2","2","5","5","0.5","5","20","9","1.5","47","7.323444366455078","0.324","0.12055555555555555"
"cifar10","20","2","mixed_maturity","access_full","dirichlet_lcb","benign_concept_drift","0.5","2","2","5","5","0.5","5","20","9","1.5","48","7.412958145141602","0.3355","0.002777777777777778"
"cifar10","20","2","mixed_maturity","access_full","dirichlet_lcb","benign_concept_drift","0.5","2","2","5","5","0.5","5","20","9","1.5","49","6.030519485473633","0.356","0.03111111111111111"
"cifar10","20","2","mixed_maturity","access_full","dirichlet_lcb","benign_concept_drift","0.5","2","2","5","5","0.5","5","20","9","1.5","50","6.451910972595215","0.3525","0.16833333333333333"
"cifar10","20","2","mixed_maturity","access_full","dirichlet_lcb","benign_concept_drift","0.5","3","2","5","5","0.5","5","20","9","1.5","1","9.39989185333252","0.1665","0.0"
"cifar10","20","2","mixed_maturity","access_full","dirichlet_lcb","benign_concept_drift","0.5","3","2","5","5","0.5","5","20","9","1.5","2","6.545467853546143","0.238","0.0033333333333333335"
"cifar10","20","2","mixed_maturity","access_full","dirichlet_lcb","benign_concept_drift","0.5","3","2","5","5","0.5","5","20","9","1.5","3","6.656432628631592","0.242","0.12944444444444445"
"cifar10","20","2","mixed_maturity","access_full","dirichlet_lcb","benign_concept_drift","0.5","3","2","5","5","0.5","5","20","9","1.5","4","6.001992225646973","0.2525","0.08555555555555555"
"cifar10","20","2","mixed_maturity","access_full","dirichlet_lcb","benign_concept_drift","0.5","3","2","5","5","0.5","5","20","9","1.5","5","8.64423656463623","0.2415","0.1"
"cifar10","20","2","mixed_maturity","access_full","dirichlet_lcb","benign_concept_drift","0.5","3","2","5","5","0.5","5","20","9","1.5","6","5.5750861167907715","0.3005","0.08777777777777777"
"cifar10","20","2","mixed_maturity","access_full","dirichlet_lcb","benign_concept_drift","0.5","3","2","5","5","0.5","5","20","9","1.5","7","6.512173652648926","0.2775","0.20833333333333334"
"cifar10","20","2","mixed_maturity","access_full","dirichlet_lcb","benign_concept_drift","0.5","3","2","5","5","0.5","5","20","9","1.5","8","7.077138900756836","0.2925","0.08888888888888889"
"cifar10","20","2","mixed_maturity","access_full","dirichlet_lcb","benign_concept_drift","0.5","3","2","5","5","0.5","5","20","9","1.5","9","6.702284336090088","0.283","0.10222222222222223"
"cifar10","20","2","mixed_maturity","access_full","dirichlet_lcb","benign_concept_drift","0.5","3","2","5","5","0.5","5","20","9","1.5","10","6.5205841064453125","0.2905","0.058888888888888886"
"cifar10","20","2","mixed_maturity","access_full","dirichlet_lcb","benign_concept_drift","0.5","3","2","5","5","0.5","5","20","9","1.5","11","7.781031608581543","0.28","0.03222222222222222"
"cifar10","20","2","mixed_maturity","access_full","dirichlet_lcb","benign_concept_drift","0.5","3","2","5","5","0.5","5","20","9","1.5","12","6.386098861694336","0.3185","0.011666666666666667"
"cifar10","20","2","mixed_maturity","access_full","dirichlet_lcb","benign_concept_drift","0.5","3","2","5","5","0.5","5","20","9","1.5","13","6.011874198913574","0.3075","0.03833333333333333"
"cifar10","20","2","mixed_maturity","access_full","dirichlet_lcb","benign_concept_drift","0.5","3","2","5","5","0.5","5","20","9","1.5","14","6.591508388519287","0.3155","0.016666666666666666"
"cifar10","20","2","mixed_maturity","access_full","dirichlet_lcb","benign_concept_drift","0.5","3","2","5","5","0.5","5","20","9","1.5","15","6.858389854431152","0.2935","0.02388888888888889"
"cifar10","20","2","mixed_maturity","access_full","dirichlet_lcb","benign_concept_drift","0.5","3","2","5","5","0.5","5","20","9","1.5","16","5.8436198234558105","0.338","0.01611111111111111"
"cifar10","20","2","mixed_maturity","access_full","dirichlet_lcb","benign_concept_drift","0.5","3","2","5","5","0.5","5","20","9","1.5","17","5.673221588134766","0.338","0.07222222222222222"
"cifar10","20","2","mixed_maturity","access_full","dirichlet_lcb","benign_concept_drift","0.5","3","2","5","5","0.5","5","20","9","1.5","18","5.617935657501221","0.345","0.09777777777777778"
"cifar10","20","2","mixed_maturity","access_full","dirichlet_lcb","benign_concept_drift","0.5","3","2","5","5","0.5","5","20","9","1.5","19","5.712565898895264","0.3415","0.08333333333333333"
"cifar10","20","2","mixed_maturity","access_full","dirichlet_lcb","benign_concept_drift","0.5","3","2","5","5","0.5","5","20","9","1.5","20","7.404617786407471","0.279","0.012777777777777779"
"cifar10","20","2","mixed_maturity","access_full","dirichlet_lcb","benign_concept_drift","0.5","3","2","5","5","0.5","5","20","9","1.5","21","6.348121643066406","0.3265","0.018333333333333333"
"cifar10","20","2","mixed_maturity","access_full","dirichlet_lcb","benign_concept_drift","0.5","3","2","5","5","0.5","5","20","9","1.5","22","5.954313278198242","0.3525","0.012777777777777779"
"cifar10","20","2","mixed_maturity","access_full","dirichlet_lcb","benign_concept_drift","0.5","3","2","5","5","0.5","5","20","9","1.5","23","7.089216709136963","0.316","0.02666666666666667"
"cifar10","20","2","mixed_maturity","access_full","dirichlet_lcb","benign_concept_drift","0.5","3","2","5","5","0.5","5","20","9","1.5","24","7.104273319244385","0.3115","0.0044444444444444444"
"cifar10","20","2","mixed_maturity","access_full","dirichlet_lcb","benign_concept_drift","0.5","3","2","5","5","0.5","5","20","9","1.5","25","6.971859455108643","0.3345","0.019444444444444445"
"cifar10","20","2","mixed_maturity","access_full","dirichlet_lcb","benign_concept_drift","0.5","3","2","5","5","0.5","5","20","9","1.5","26","6.030620574951172","0.344","0.059444444444444446"
"cifar10","20","2","mixed_maturity","access_full","dirichlet_lcb","benign_concept_drift","0.5","3","2","5","5","0.5","5","20","9","1.5","27","7.8107805252075195","0.3045","0.051111111111111114"
"cifar10","20","2","mixed_maturity","access_full","dirichlet_lcb","benign_concept_drift","0.5","3","2","5","5","0.5","5","20","9","1.5","28","5.990845680236816","0.351","0.026111111111111113"
"cifar10","20","2","mixed_maturity","access_full","dirichlet_lcb","benign_concept_drift","0.5","3","2","5","5","0.5","5","20","9","1.5","29","6.032162189483643","0.344","0.016666666666666666"
"cifar10","20","2","mixed_maturity","access_full","dirichlet_lcb","benign_concept_drift","0.5","3","2","5","5","0.5","5","20","9","1.5","30","6.953133583068848","0.336","0.11888888888888889"
"cifar10","20","2","mixed_maturity","access_full","dirichlet_lcb","benign_concept_drift","0.5","3","2","5","5","0.5","5","20","9","1.5","31","7.4742021560668945","0.303","0.0011111111111111111"
"cifar10","20","2","mixed_maturity","access_full","dirichlet_lcb","benign_concept_drift","0.5","3","2","5","5","0.5","5","20","9","1.5","32","6.341858386993408","0.341","0.09333333333333334"
"cifar10","20","2","mixed_maturity","access_full","dirichlet_lcb","benign_concept_drift","0.5","3","2","5","5","0.5","5","20","9","1.5","33","6.606042861938477","0.344","0.07166666666666667"
"cifar10","20","2","mixed_maturity","access_full","dirichlet_lcb","benign_concept_drift","0.5","3","2","5","5","0.5","5","20","9","1.5","34","6.69019079208374","0.3295","0.006666666666666667"
"cifar10","20","2","mixed_maturity","access_full","dirichlet_lcb","benign_concept_drift","0.5","3","2","5","5","0.5","5","20","9","1.5","35","6.7241530418396","0.319","0.05388888888888889"
"cifar10","20","2","mixed_maturity","access_full","dirichlet_lcb","benign_concept_drift","0.5","3","2","5","5","0.5","5","20","9","1.5","36","5.713972091674805","0.375","0.06777777777777778"
"cifar10","20","2","mixed_maturity","access_full","dirichlet_lcb","benign_concept_drift","0.5","3","2","5","5","0.5","5","20","9","1.5","37","6.394659996032715","0.322","0.15555555555555556"
"cifar10","20","2","mixed_maturity","access_full","dirichlet_lcb","benign_concept_drift","0.5","3","2","5","5","0.5","5","20","9","1.5","38","6.5294647216796875","0.3345","0.021111111111111112"
"cifar10","20","2","mixed_maturity","access_full","dirichlet_lcb","benign_concept_drift","0.5","3","2","5","5","0.5","5","20","9","1.5","39","6.879433631896973","0.3165","0.057777777777777775"
"cifar10","20","2","mixed_maturity","access_full","dirichlet_lcb","benign_concept_drift","0.5","3","2","5","5","0.5","5","20","9","1.5","40","6.169173240661621","0.3445","0.075"
"cifar10","20","2","mixed_maturity","access_full","dirichlet_lcb","benign_concept_drift","0.5","3","2","5","5","0.5","5","20","9","1.5","41","6.401045322418213","0.344","0.022222222222222223"
"cifar10","20","2","mixed_maturity","access_full","dirichlet_lcb","benign_concept_drift","0.5","3","2","5","5","0.5","5","20","9","1.5","42","5.648848533630371","0.373","0.020555555555555556"
"cifar10","20","2","mixed_maturity","access_full","dirichlet_lcb","benign_concept_drift","0.5","3","2","5","5","0.5","5","20","9","1.5","43","6.198650360107422","0.348","0.11777777777777777"
"cifar10","20","2","mixed_maturity","access_full","dirichlet_lcb","benign_concept_drift","0.5","3","2","5","5","0.5","5","20","9","1.5","44","6.25383186340332","0.345","0.10333333333333333"
"cifar10","20","2","mixed_maturity","access_full","dirichlet_lcb","benign_concept_drift","0.5","3","2","5","5","0.5","5","20","9","1.5","45","6.436576843261719","0.3485","0.03833333333333333"
"cifar10","20","2","mixed_maturity","access_full","dirichlet_lcb","benign_concept_drift","0.5","3","2","5","5","0.5","5","20","9","1.5","46","6.811939239501953","0.3415","0.0033333333333333335"
"cifar10","20","2","mixed_maturity","access_full","dirichlet_lcb","benign_concept_drift","0.5","3","2","5","5","0.5","5","20","9","1.5","47","6.672720909118652","0.3465","0.06833333333333333"
"cifar10","20","2","mixed_maturity","access_full","dirichlet_lcb","benign_concept_drift","0.5","3","2","5","5","0.5","5","20","9","1.5","48","5.940178394317627","0.365","0.05"
"cifar10","20","2","mixed_maturity","access_full","dirichlet_lcb","benign_concept_drift","0.5","3","2","5","5","0.5","5","20","9","1.5","49","6.944509983062744","0.334","0.04888888888888889"
"cifar10","20","2","mixed_maturity","access_full","dirichlet_lcb","benign_concept_drift","0.5","3","2","5","5","0.5","5","20","9","1.5","50","6.378983497619629","0.364","0.08555555555555555"
"cifar10","20","2","mixed_maturity","access_full","dirichlet_lcb","benign_concept_drift","0.5","4","2","5","5","0.5","5","20","9","1.5","1","12.972481727600098","0.1135","0.0"
"cifar10","20","2","mixed_maturity","access_full","dirichlet_lcb","benign_concept_drift","0.5","4","2","5","5","0.5","5","20","9","1.5","2","11.191452980041504","0.1875","0.0005555555555555556"
"cifar10","20","2","mixed_maturity","access_full","dirichlet_lcb","benign_concept_drift","0.5","4","2","5","5","0.5","5","20","9","1.5","3","8.382563591003418","0.223","0.04"
"cifar10","20","2","mixed_maturity","access_full","dirichlet_lcb","benign_concept_drift","0.5","4","2","5","5","0.5","5","20","9","1.5","4","8.981104850769043","0.2435","0.16"
"cifar10","20","2","mixed_maturity","access_full","dirichlet_lcb","benign_concept_drift","0.5","4","2","5","5","0.5","5","20","9","1.5","5","6.422606468200684","0.264","0.0077777777777777776"
"cifar10","20","2","mixed_maturity","access_full","dirichlet_lcb","benign_concept_drift","0.5","4","2","5","5","0.5","5","20","9","1.5","6","6.483285903930664","0.268","0.044444444444444446"
"cifar10","20","2","mixed_maturity","access_full","dirichlet_lcb","benign_concept_drift","0.5","4","2","5","5","0.5","5","20","9","1.5","7","7.08919095993042","0.2655","0.1238888888888889"
"cifar10","20","2","mixed_maturity","access_full","dirichlet_lcb","benign_concept_drift","0.5","4","2","5","5","0.5","5","20","9","1.5","8","6.131013870239258","0.282","0.06166666666666667"
"cifar10","20","2","mixed_maturity","access_full","dirichlet_lcb","benign_concept_drift","0.5","4","2","5","5","0.5","5","20","9","1.5","9","6.664218902587891","0.262","0.15333333333333332"
"cifar10","20","2","mixed_maturity","access_full","dirichlet_lcb","benign_concept_drift","0.5","4","2","5","5","0.5","5","20","9","1.5","10","6.416949272155762","0.3025","0.13277777777777777"
"cifar10","20","2","mixed_maturity","access_full","dirichlet_lcb","benign_concept_drift","0.5","4","2","5","5","0.5","5","20","9","1.5","11","6.108282089233398","0.293","0.02277777777777778"
"cifar10","20","2","mixed_maturity","access_full","dirichlet_lcb","benign_concept_drift","0.5","4","2","5","5","0.5","5","20","9","1.5","12","7.435937404632568","0.2975","0.17777777777777778"
"cifar10","20","2","mixed_maturity","access_full","dirichlet_lcb","benign_concept_drift","0.5","4","2","5","5","0.5","5","20","9","1.5","13","6.593883514404297","0.2915","0.16277777777777777"
"cifar10","20","2","mixed_maturity","access_full","dirichlet_lcb","benign_concept_drift","0.5","4","2","5","5","0.5","5","20","9","1.5","14","5.96412992477417","0.3045","0.028333333333333332"
"cifar10","20","2","mixed_maturity","access_full","dirichlet_lcb","benign_concept_drift","0.5","4","2","5","5","0.5","5","20","9","1.5","15","7.762698173522949","0.28","0.1711111111111111"
"cifar10","20","2","mixed_maturity","access_full","dirichlet_lcb","benign_concept_drift","0.5","4","2","5","5","0.5","5","20","9","1.5","16","6.2448554039001465","0.3295","0.025"
"cifar10","20","2","mixed_maturity","access_full","dirichlet_lcb","benign_concept_drift","0.5","4","2","5","5","0.5","5","20","9","1.5","17","6.238944053649902","0.307","0.042222222222222223"
"cifar10","20","2","mixed_maturity","access_full","dirichlet_lcb","benign_concept_drift","0.5","4","2","5","5","0.5","5","20","9","1.5","18","7.277185440063477","0.285","0.21944444444444444"
"cifar10","20","2","mixed_maturity","access_full","dirichlet_lcb","benign_concept_drift","0.5","4","2","5","5","0.5","5","20","9","1.5","19","6.768107891082764","0.3135","0.07444444444444444"
"cifar10","20","2","mixed_maturity","access_full","dirichlet_lcb","benign_concept_drift","0.5","4","2","5","5","0.5","5","20","9","1.5","20","7.106323719024658","0.3185","0.011666666666666667"
"cifar10","20","2","mixed_maturity","access_full","dirichlet_lcb","benign_concept_drift","0.5","4","2","5","5","0.5","5","20","9","1.5","21","7.168744087219238","0.311","0.15166666666666667"
"cifar10","20","2","mixed_maturity","access_full","dirichlet_lcb","benign_concept_drift","0.5","4","2","5","5","0.5","5","20","9","1.5","22","8.215231895446777","0.2835","0.09333333333333334"
"cifar10","20","2","mixed_maturity","access_full","dirichlet_lcb","benign_concept_drift","0.5","4","2","5","5","0.5","5","20","9","1.5","23","6.29237699508667","0.337","0.105"
"cifar10","20","2","mixed_maturity","access_full","dirichlet_lcb","benign_concept_drift","0.5","4","2","5","5","0.5","5","20","9","1.5","24","5.785752773284912","0.3545","0.022222222222222223"
"cifar10","20","2","mixed_maturity","access_full","dirichlet_lcb","benign_concept_drift","0.5","4","2","5","5","0.5","5","20","9","1.5","25","6.082239627838135","0.336","0.08833333333333333"
"cifar10","20","2","mixed_maturity","access_full","dirichlet_lcb","benign_concept_drift","0.5","4","2","5","5","0.5","5","20","9","1.5","26","6.172050476074219","0.358","0.028888888888888888"
"cifar10","20","2","mixed_maturity","access_full","dirichlet_lcb","benign_concept_drift","0.5","4","2","5","5","0.5","5","20","9","1.5","27","6.174914836883545","0.3345","0.06166666666666667"
"cifar10","20","2","mixed_maturity","access_full","dirichlet_lcb","benign_concept_drift","0.5","4","2","5","5","0.5","5","20","9","1.5","28","6.745230674743652","0.3135","0.06277777777777778"
"cifar10","20","2","mixed_maturity","access_full","dirichlet_lcb","benign_concept_drift","0.5","4","2","5","5","0.5","5","20","9","1.5","29","6.3499298095703125","0.3335","0.028888888888888888"
"cifar10","20","2","mixed_maturity","access_full","dirichlet_lcb","benign_concept_drift","0.5","4","2","5","5","0.5","5","20","9","1.5","30","7.1671319007873535","0.3245","0.1638888888888889"
"cifar10","20","2","mixed_maturity","access_full","dirichlet_lcb","benign_concept_drift","0.5","4","2","5","5","0.5","5","20","9","1.5","31","6.550809383392334","0.33","0.09944444444444445"
"cifar10","20","2","mixed_maturity","access_full","dirichlet_lcb","benign_concept_drift","0.5","4","2","5","5","0.5","5","20","9","1.5","32","6.7088751792907715","0.346","0.04555555555555556"
"cifar10","20","2","mixed_maturity","access_full","dirichlet_lcb","benign_concept_drift","0.5","4","2","5","5","0.5","5","20","9","1.5","33","6.330292224884033","0.366","0.02277777777777778"
"cifar10","20","2","mixed_maturity","access_full","dirichlet_lcb","benign_concept_drift","0.5","4","2","5","5","0.5","5","20","9","1.5","34","6.183660984039307","0.3295","0.06666666666666667"
"cifar10","20","2","mixed_maturity","access_full","dirichlet_lcb","benign_concept_drift","0.5","4","2","5","5","0.5","5","20","9","1.5","35","6.043881893157959","0.345","0.09222222222222222"
"cifar10","20","2","mixed_maturity","access_full","dirichlet_lcb","benign_concept_drift","0.5","4","2","5","5","0.5","5","20","9","1.5","36","5.869023323059082","0.3635","0.06055555555555556"
"cifar10","20","2","mixed_maturity","access_full","dirichlet_lcb","benign_concept_drift","0.5","4","2","5","5","0.5","5","20","9","1.5","37","6.0206193923950195","0.356","0.044444444444444446"
"cifar10","20","2","mixed_maturity","access_full","dirichlet_lcb","benign_concept_drift","0.5","4","2","5","5","0.5","5","20","9","1.5","38","5.735867023468018","0.366","0.056666666666666664"
"cifar10","20","2","mixed_maturity","access_full","dirichlet_lcb","benign_concept_drift","0.5","4","2","5","5","0.5","5","20","9","1.5","39","7.015426158905029","0.326","0.11944444444444445"
"cifar10","20","2","mixed_maturity","access_full","dirichlet_lcb","benign_concept_drift","0.5","4","2","5","5","0.5","5","20","9","1.5","40","6.749136924743652","0.3175","0.11388888888888889"
"cifar10","20","2","mixed_maturity","access_full","dirichlet_lcb","benign_concept_drift","0.5","4","2","5","5","0.5","5","20","9","1.5","41","7.432999134063721","0.331","0.05611111111111111"
"cifar10","20","2","mixed_maturity","access_full","dirichlet_lcb","benign_concept_drift","0.5","4","2","5","5","0.5","5","20","9","1.5","42","6.026288986206055","0.3625","0.044444444444444446"
"cifar10","20","2","mixed_maturity","access_full","dirichlet_lcb","benign_concept_drift","0.5","4","2","5","5","0.5","5","20","9","1.5","43","7.856406211853027","0.3045","0.09"
"cifar10","20","2","mixed_maturity","access_full","dirichlet_lcb","benign_concept_drift","0.5","4","2","5","5","0.5","5","20","9","1.5","44","6.323840618133545","0.347","0.04722222222222222"
"cifar10","20","2","mixed_maturity","access_full","dirichlet_lcb","benign_concept_drift","0.5","4","2","5","5","0.5","5","20","9","1.5","45","6.880586624145508","0.3475","0.021111111111111112"
"cifar10","20","2","mixed_maturity","access_full","dirichlet_lcb","benign_concept_drift","0.5","4","2","5","5","0.5","5","20","9","1.5","46","6.738093852996826","0.3585","0.2038888888888889"
"cifar10","20","2","mixed_maturity","access_full","dirichlet_lcb","benign_concept_drift","0.5","4","2","5","5","0.5","5","20","9","1.5","47","7.568339824676514","0.3265","0.03111111111111111"
"cifar10","20","2","mixed_maturity","access_full","dirichlet_lcb","benign_concept_drift","0.5","4","2","5","5","0.5","5","20","9","1.5","48","7.441166877746582","0.316","0.03111111111111111"
"cifar10","20","2","mixed_maturity","access_full","dirichlet_lcb","benign_concept_drift","0.5","4","2","5","5","0.5","5","20","9","1.5","49","7.256559371948242","0.3305","0.08444444444444445"
"cifar10","20","2","mixed_maturity","access_full","dirichlet_lcb","benign_concept_drift","0.5","4","2","5","5","0.5","5","20","9","1.5","50","6.283177852630615","0.353","0.19333333333333333"
"cifar10","20","2","mixed_maturity","rffl_reputation","dirichlet_lcb","diverse_then_repeat_backdoor","0.5","0","2","5","5","0.5","5","20","9","1.5","1","8.514001846313477","0.1895","0.0"
"cifar10","20","2","mixed_maturity","rffl_reputation","dirichlet_lcb","diverse_then_repeat_backdoor","0.5","0","2","5","5","0.5","5","20","9","1.5","2","6.994543552398682","0.202","0.0011111111111111111"
"cifar10","20","2","mixed_maturity","rffl_reputation","dirichlet_lcb","diverse_then_repeat_backdoor","0.5","0","2","5","5","0.5","5","20","9","1.5","3","7.018935203552246","0.238","0.20333333333333334"
"cifar10","20","2","mixed_maturity","rffl_reputation","dirichlet_lcb","diverse_then_repeat_backdoor","0.5","0","2","5","5","0.5","5","20","9","1.5","4","6.811640739440918","0.2325","0.005"
"cifar10","20","2","mixed_maturity","rffl_reputation","dirichlet_lcb","diverse_then_repeat_backdoor","0.5","0","2","5","5","0.5","5","20","9","1.5","5","7.878530979156494","0.217","0.6444444444444445"
"cifar10","20","2","mixed_maturity","rffl_reputation","dirichlet_lcb","diverse_then_repeat_backdoor","0.5","0","2","5","5","0.5","5","20","9","1.5","6","6.891625881195068","0.253","0.15611111111111112"
"cifar10","20","2","mixed_maturity","rffl_reputation","dirichlet_lcb","diverse_then_repeat_backdoor","0.5","0","2","5","5","0.5","5","20","9","1.5","7","6.146304607391357","0.2895","0.2972222222222222"
"cifar10","20","2","mixed_maturity","rffl_reputation","dirichlet_lcb","diverse_then_repeat_backdoor","0.5","0","2","5","5","0.5","5","20","9","1.5","8","8.756287574768066","0.263","0.0005555555555555556"
"cifar10","20","2","mixed_maturity","rffl_reputation","dirichlet_lcb","diverse_then_repeat_backdoor","0.5","0","2","5","5","0.5","5","20","9","1.5","9","6.220469951629639","0.2875","0.06166666666666667"
"cifar10","20","2","mixed_maturity","rffl_reputation","dirichlet_lcb","diverse_then_repeat_backdoor","0.5","0","2","5","5","0.5","5","20","9","1.5","10","6.793087005615234","0.2825","0.06833333333333333"
"cifar10","20","2","mixed_maturity","rffl_reputation","dirichlet_lcb","diverse_then_repeat_backdoor","0.5","0","2","5","5","0.5","5","20","9","1.5","11","7.27778959274292","0.281","0.09666666666666666"
"cifar10","20","2","mixed_maturity","rffl_reputation","dirichlet_lcb","diverse_then_repeat_backdoor","0.5","0","2","5","5","0.5","5","20","9","1.5","12","6.023477077484131","0.316","0.06388888888888888"
"cifar10","20","2","mixed_maturity","rffl_reputation","dirichlet_lcb","diverse_then_repeat_backdoor","0.5","0","2","5","5","0.5","5","20","9","1.5","13","6.650412082672119","0.3005","0.25555555555555554"
"cifar10","20","2","mixed_maturity","rffl_reputation","dirichlet_lcb","diverse_then_repeat_backdoor","0.5","0","2","5","5","0.5","5","20","9","1.5","14","6.863208770751953","0.301","0.3016666666666667"
"cifar10","20","2","mixed_maturity","rffl_reputation","dirichlet_lcb","diverse_then_repeat_backdoor","0.5","0","2","5","5","0.5","5","20","9","1.5","15","6.882882118225098","0.2995","0.18222222222222223"
"cifar10","20","2","mixed_maturity","rffl_reputation","dirichlet_lcb","diverse_then_repeat_backdoor","0.5","0","2","5","5","0.5","5","20","9","1.5","16","6.163490295410156","0.309","0.11666666666666667"
"cifar10","20","2","mixed_maturity","rffl_reputation","dirichlet_lcb","diverse_then_repeat_backdoor","0.5","0","2","5","5","0.5","5","20","9","1.5","17","7.129641532897949","0.3045","0.4177777777777778"
"cifar10","20","2","mixed_maturity","rffl_reputation","dirichlet_lcb","diverse_then_repeat_backdoor","0.5","0","2","5","5","0.5","5","20","9","1.5","18","5.960819244384766","0.3425","0.27555555555555555"
"cifar10","20","2","mixed_maturity","rffl_reputation","dirichlet_lcb","diverse_then_repeat_backdoor","0.5","0","2","5","5","0.5","5","20","9","1.5","19","6.524388313293457","0.3075","0.3022222222222222"
"cifar10","20","2","mixed_maturity","rffl_reputation","dirichlet_lcb","diverse_then_repeat_backdoor","0.5","0","2","5","5","0.5","5","20","9","1.5","20","6.692406177520752","0.3045","0.08"
"cifar10","20","2","mixed_maturity","rffl_reputation","dirichlet_lcb","diverse_then_repeat_backdoor","0.5","0","2","5","5","0.5","5","20","9","1.5","21","6.119539737701416","0.3225","0.2"
"cifar10","20","2","mixed_maturity","rffl_reputation","dirichlet_lcb","diverse_then_repeat_backdoor","0.5","0","2","5","5","0.5","5","20","9","1.5","22","6.244968891143799","0.3475","0.2972222222222222"
"cifar10","20","2","mixed_maturity","rffl_reputation","dirichlet_lcb","diverse_then_repeat_backdoor","0.5","0","2","5","5","0.5","5","20","9","1.5","23","6.450009822845459","0.3265","0.3388888888888889"
"cifar10","20","2","mixed_maturity","rffl_reputation","dirichlet_lcb","diverse_then_repeat_backdoor","0.5","0","2","5","5","0.5","5","20","9","1.5","24","7.005764007568359","0.3025","0.5338888888888889"
"cifar10","20","2","mixed_maturity","rffl_reputation","dirichlet_lcb","diverse_then_repeat_backdoor","0.5","0","2","5","5","0.5","5","20","9","1.5","25","6.859484672546387","0.3165","0.5138888888888888"
"cifar10","20","2","mixed_maturity","rffl_reputation","dirichlet_lcb","diverse_then_repeat_backdoor","0.5","0","2","5","5","0.5","5","20","9","1.5","26","5.732010841369629","0.334","0.48944444444444446"
"cifar10","20","2","mixed_maturity","rffl_reputation","dirichlet_lcb","diverse_then_repeat_backdoor","0.5","0","2","5","5","0.5","5","20","9","1.5","27","6.327582359313965","0.3365","0.2311111111111111"
"cifar10","20","2","mixed_maturity","rffl_reputation","dirichlet_lcb","diverse_then_repeat_backdoor","0.5","0","2","5","5","0.5","5","20","9","1.5","28","5.6773905754089355","0.345","0.3372222222222222"
"cifar10","20","2","mixed_maturity","rffl_reputation","dirichlet_lcb","diverse_then_repeat_backdoor","0.5","0","2","5","5","0.5","5","20","9","1.5","29","6.300898551940918","0.324","0.3333333333333333"
"cifar10","20","2","mixed_maturity","rffl_reputation","dirichlet_lcb","diverse_then_repeat_backdoor","0.5","0","2","5","5","0.5","5","20","9","1.5","30","6.201811790466309","0.338","0.2238888888888889"
"cifar10","20","2","mixed_maturity","rffl_reputation","dirichlet_lcb","diverse_then_repeat_backdoor","0.5","0","2","5","5","0.5","5","20","9","1.5","31","7.268609523773193","0.302","0.34055555555555556"
"cifar10","20","2","mixed_maturity","rffl_reputation","dirichlet_lcb","diverse_then_repeat_backdoor","0.5","0","2","5","5","0.5","5","20","9","1.5","32","6.275993347167969","0.308","0.47833333333333333"
"cifar10","20","2","mixed_maturity","rffl_reputation","dirichlet_lcb","diverse_then_repeat_backdoor","0.5","0","2","5","5","0.5","5","20","9","1.5","33","7.096917152404785","0.3145","0.7516666666666667"
"cifar10","20","2","mixed_maturity","rffl_reputation","dirichlet_lcb","diverse_then_repeat_backdoor","0.5","0","2","5","5","0.5","5","20","9","1.5","34","6.2765421867370605","0.336","0.2238888888888889"
"cifar10","20","2","mixed_maturity","rffl_reputation","dirichlet_lcb","diverse_then_repeat_backdoor","0.5","0","2","5","5","0.5","5","20","9","1.5","35","8.427674293518066","0.303","0.11944444444444445"
"cifar10","20","2","mixed_maturity","rffl_reputation","dirichlet_lcb","diverse_then_repeat_backdoor","0.5","0","2","5","5","0.5","5","20","9","1.5","36","7.294540882110596","0.328","0.6083333333333333"
"cifar10","20","2","mixed_maturity","rffl_reputation","dirichlet_lcb","diverse_then_repeat_backdoor","0.5","0","2","5","5","0.5","5","20","9","1.5","37","7.587500095367432","0.3055","0.4911111111111111"
"cifar10","20","2","mixed_maturity","rffl_reputation","dirichlet_lcb","diverse_then_repeat_backdoor","0.5","0","2","5","5","0.5","5","20","9","1.5","38","6.22641134262085","0.3385","0.45055555555555554"
"cifar10","20","2","mixed_maturity","rffl_reputation","dirichlet_lcb","diverse_then_repeat_backdoor","0.5","0","2","5","5","0.5","5","20","9","1.5","39","6.4001946449279785","0.3655","0.5977777777777777"
"cifar10","20","2","mixed_maturity","rffl_reputation","dirichlet_lcb","diverse_then_repeat_backdoor","0.5","0","2","5","5","0.5","5","20","9","1.5","40","6.791017532348633","0.338","0.7183333333333334"
"cifar10","20","2","mixed_maturity","rffl_reputation","dirichlet_lcb","diverse_then_repeat_backdoor","0.5","0","2","5","5","0.5","5","20","9","1.5","41","6.562307357788086","0.3205","0.38666666666666666"
"cifar10","20","2","mixed_maturity","rffl_reputation","dirichlet_lcb","diverse_then_repeat_backdoor","0.5","0","2","5","5","0.5","5","20","9","1.5","42","7.862750053405762","0.325","0.5833333333333334"
"cifar10","20","2","mixed_maturity","rffl_reputation","dirichlet_lcb","diverse_then_repeat_backdoor","0.5","0","2","5","5","0.5","5","20","9","1.5","43","6.087817192077637","0.338","0.6627777777777778"
"cifar10","20","2","mixed_maturity","rffl_reputation","dirichlet_lcb","diverse_then_repeat_backdoor","0.5","0","2","5","5","0.5","5","20","9","1.5","44","6.693714618682861","0.3145","0.5861111111111111"
"cifar10","20","2","mixed_maturity","rffl_reputation","dirichlet_lcb","diverse_then_repeat_backdoor","0.5","0","2","5","5","0.5","5","20","9","1.5","45","6.35300874710083","0.3355","0.5816666666666667"
"cifar10","20","2","mixed_maturity","rffl_reputation","dirichlet_lcb","diverse_then_repeat_backdoor","0.5","0","2","5","5","0.5","5","20","9","1.5","46","6.321674823760986","0.315","0.5505555555555556"
"cifar10","20","2","mixed_maturity","rffl_reputation","dirichlet_lcb","diverse_then_repeat_backdoor","0.5","0","2","5","5","0.5","5","20","9","1.5","47","6.126898288726807","0.3485","0.6144444444444445"
"cifar10","20","2","mixed_maturity","rffl_reputation","dirichlet_lcb","diverse_then_repeat_backdoor","0.5","0","2","5","5","0.5","5","20","9","1.5","48","6.711631774902344","0.3315","0.5038888888888889"
"cifar10","20","2","mixed_maturity","rffl_reputation","dirichlet_lcb","diverse_then_repeat_backdoor","0.5","0","2","5","5","0.5","5","20","9","1.5","49","6.506190776824951","0.335","0.7938888888888889"
"cifar10","20","2","mixed_maturity","rffl_reputation","dirichlet_lcb","diverse_then_repeat_backdoor","0.5","0","2","5","5","0.5","5","20","9","1.5","50","6.228991985321045","0.344","0.4411111111111111"
"cifar10","20","2","mixed_maturity","rffl_reputation","dirichlet_lcb","diverse_then_repeat_backdoor","0.5","1","2","5","5","0.5","5","20","9","1.5","1","6.531005382537842","0.223","0.21722222222222223"
"cifar10","20","2","mixed_maturity","rffl_reputation","dirichlet_lcb","diverse_then_repeat_backdoor","0.5","1","2","5","5","0.5","5","20","9","1.5","2","7.822403430938721","0.169","0.0033333333333333335"
"cifar10","20","2","mixed_maturity","rffl_reputation","dirichlet_lcb","diverse_then_repeat_backdoor","0.5","1","2","5","5","0.5","5","20","9","1.5","3","8.85849380493164","0.2005","0.585"
"cifar10","20","2","mixed_maturity","rffl_reputation","dirichlet_lcb","diverse_then_repeat_backdoor","0.5","1","2","5","5","0.5","5","20","9","1.5","4","8.544820785522461","0.2245","0.006666666666666667"
"cifar10","20","2","mixed_maturity","rffl_reputation","dirichlet_lcb","diverse_then_repeat_backdoor","0.5","1","2","5","5","0.5","5","20","9","1.5","5","7.802036762237549","0.2405","0.26"
"cifar10","20","2","mixed_maturity","rffl_reputation","dirichlet_lcb","diverse_then_repeat_backdoor","0.5","1","2","5","5","0.5","5","20","9","1.5","6","6.682834625244141","0.263","0.07944444444444444"
"cifar10","20","2","mixed_maturity","rffl_reputation","dirichlet_lcb","diverse_then_repeat_backdoor","0.5","1","2","5","5","0.5","5","20","9","1.5","7","8.453230857849121","0.2775","0.02722222222222222"
"cifar10","20","2","mixed_maturity","rffl_reputation","dirichlet_lcb","diverse_then_repeat_backdoor","0.5","1","2","5","5","0.5","5","20","9","1.5","8","5.60915470123291","0.3025","0.11777777777777777"
"cifar10","20","2","mixed_maturity","rffl_reputation","dirichlet_lcb","diverse_then_repeat_backdoor","0.5","1","2","5","5","0.5","5","20","9","1.5","9","5.89700984954834","0.3005","0.17055555555555554"
"cifar10","20","2","mixed_maturity","rffl_reputation","dirichlet_lcb","diverse_then_repeat_backdoor","0.5","1","2","5","5","0.5","5","20","9","1.5","10","6.978842258453369","0.28","0.265"
"cifar10","20","2","mixed_maturity","rffl_reputation","dirichlet_lcb","diverse_then_repeat_backdoor","0.5","1","2","5","5","0.5","5","20","9","1.5","11","6.248954772949219","0.3045","0.1761111111111111"
"cifar10","20","2","mixed_maturity","rffl_reputation","dirichlet_lcb","diverse_then_repeat_backdoor","0.5","1","2","5","5","0.5","5","20","9","1.5","12","6.524845600128174","0.284","0.17444444444444446"
"cifar10","20","2","mixed_maturity","rffl_reputation","dirichlet_lcb","diverse_then_repeat_backdoor","0.5","1","2","5","5","0.5","5","20","9","1.5","13","7.065549373626709","0.29","0.08"
"cifar10","20","2","mixed_maturity","rffl_reputation","dirichlet_lcb","diverse_then_repeat_backdoor","0.5","1","2","5","5","0.5","5","20","9","1.5","14","8.25538444519043","0.2985","0.3861111111111111"
"cifar10","20","2","mixed_maturity","rffl_reputation","dirichlet_lcb","diverse_then_repeat_backdoor","0.5","1","2","5","5","0.5","5","20","9","1.5","15","6.4427876472473145","0.321","0.1827777777777778"
"cifar10","20","2","mixed_maturity","rffl_reputation","dirichlet_lcb","diverse_then_repeat_backdoor","0.5","1","2","5","5","0.5","5","20","9","1.5","16","6.358625888824463","0.318","0.010555555555555556"
"cifar10","20","2","mixed_maturity","rffl_reputation","dirichlet_lcb","diverse_then_repeat_backdoor","0.5","1","2","5","5","0.5","5","20","9","1.5","17","6.943892478942871","0.284","0.07388888888888889"
"cifar10","20","2","mixed_maturity","rffl_reputation","dirichlet_lcb","diverse_then_repeat_backdoor","0.5","1","2","5","5","0.5","5","20","9","1.5","18","8.337214469909668","0.2895","0.37722222222222224"
"cifar10","20","2","mixed_maturity","rffl_reputation","dirichlet_lcb","diverse_then_repeat_backdoor","0.5","1","2","5","5","0.5","5","20","9","1.5","19","7.3116326332092285","0.2855","0.22"
"cifar10","20","2","mixed_maturity","rffl_reputation","dirichlet_lcb","diverse_then_repeat_backdoor","0.5","1","2","5","5","0.5","5","20","9","1.5","20","6.069551944732666","0.33","0.07388888888888889"
"cifar10","20","2","mixed_maturity","rffl_reputation","dirichlet_lcb","diverse_then_repeat_backdoor","0.5","1","2","5","5","0.5","5","20","9","1.5","21","7.372008323669434","0.296","0.30944444444444447"
"cifar10","20","2","mixed_maturity","rffl_reputation","dirichlet_lcb","diverse_then_repeat_backdoor","0.5","1","2","5","5","0.5","5","20","9","1.5","22","6.577042102813721","0.285","0.4727777777777778"
"cifar10","20","2","mixed_maturity","rffl_reputation","dirichlet_lcb","diverse_then_repeat_backdoor","0.5","1","2","5","5","0.5","5","20","9","1.5","23","7.230301380157471","0.3165","0.002777777777777778"
"cifar10","20","2","mixed_maturity","rffl_reputation","dirichlet_lcb","diverse_then_repeat_backdoor","0.5","1","2","5","5","0.5","5","20","9","1.5","24","6.252845764160156","0.3265","0.4116666666666667"
"cifar10","20","2","mixed_maturity","rffl_reputation","dirichlet_lcb","diverse_then_repeat_backdoor","0.5","1","2","5","5","0.5","5","20","9","1.5","25","5.302015781402588","0.351","0.12277777777777778"
"cifar10","20","2","mixed_maturity","rffl_reputation","dirichlet_lcb","diverse_then_repeat_backdoor","0.5","1","2","5","5","0.5","5","20","9","1.5","26","5.864986419677734","0.3275","0.37833333333333335"
"cifar10","20","2","mixed_maturity","rffl_reputation","dirichlet_lcb","diverse_then_repeat_backdoor","0.5","1","2","5","5","0.5","5","20","9","1.5","27","6.2837910652160645","0.3225","0.10444444444444445"
"cifar10","20","2","mixed_maturity","rffl_reputation","dirichlet_lcb","diverse_then_repeat_backdoor","0.5","1","2","5","5","0.5","5","20","9","1.5","28","6.237668991088867","0.3195","0.30722222222222223"
"cifar10","20","2","mixed_maturity","rffl_reputation","dirichlet_lcb","diverse_then_repeat_backdoor","0.5","1","2","5","5","0.5","5","20","9","1.5","29","6.314057350158691","0.3335","0.37222222222222223"
"cifar10","20","2","mixed_maturity","rffl_reputation","dirichlet_lcb","diverse_then_repeat_backdoor","0.5","1","2","5","5","0.5","5","20","9","1.5","30","6.623317241668701","0.3125","0.4811111111111111"
"cifar10","20","2","mixed_maturity","rffl_reputation","dirichlet_lcb","diverse_then_repeat_backdoor","0.5","1","2","5","5","0.5","5","20","9","1.5","31","6.943877696990967","0.326","0.2511111111111111"
"cifar10","20","2","mixed_maturity","rffl_reputation","dirichlet_lcb","diverse_then_repeat_backdoor","0.5","1","2","5","5","0.5","5","20","9","1.5","32","6.6876959800720215","0.3085","0.16111111111111112"
"cifar10","20","2","mixed_maturity","rffl_reputation","dirichlet_lcb","diverse_then_repeat_backdoor","0.5","1","2","5","5","0.5","5","20","9","1.5","33","5.775588512420654","0.3465","0.30333333333333334"
"cifar10","20","2","mixed_maturity","rffl_reputation","dirichlet_lcb","diverse_then_repeat_backdoor","0.5","1","2","5","5","0.5","5","20","9","1.5","34","6.3303542137146","0.331","0.3527777777777778"
"cifar10","20","2","mixed_maturity","rffl_reputation","dirichlet_lcb","diverse_then_repeat_backdoor","0.5","1","2","5","5","0.5","5","20","9","1.5","35","6.157698154449463","0.337","0.3566666666666667"
"cifar10","20","2","mixed_maturity","rffl_reputation","dirichlet_lcb","diverse_then_repeat_backdoor","0.5","1","2","5","5","0.5","5","20","9","1.5","36","6.455720901489258","0.3235","0.40055555555555555"
"cifar10","20","2","mixed_maturity","rffl_reputation","dirichlet_lcb","diverse_then_repeat_backdoor","0.5","1","2","5","5","0.5","5","20","9","1.5","37","6.281648635864258","0.316","0.25222222222222224"
"cifar10","20","2","mixed_maturity","rffl_reputation","dirichlet_lcb","diverse_then_repeat_backdoor","0.5","1","2","5","5","0.5","5","20","9","1.5","38","6.436363220214844","0.3065","0.21611111111111111"
"cifar10","20","2","mixed_maturity","rffl_reputation","dirichlet_lcb","diverse_then_repeat_backdoor","0.5","1","2","5","5","0.5","5","20","9","1.5","39","5.739229679107666","0.352","0.34"
"cifar10","20","2","mixed_maturity","rffl_reputation","dirichlet_lcb","diverse_then_repeat_backdoor","0.5","1","2","5","5","0.5","5","20","9","1.5","40","7.630904674530029","0.312","0.48"
"cifar10","20","2","mixed_maturity","rffl_reputation","dirichlet_lcb","diverse_then_repeat_backdoor","0.5","1","2","5","5","0.5","5","20","9","1.5","41","6.387876510620117","0.3325","0.6033333333333334"
"cifar10","20","2","mixed_maturity","rffl_reputation","dirichlet_lcb","diverse_then_repeat_backdoor","0.5","1","2","5","5","0.5","5","20","9","1.5","42","6.590907573699951","0.309","0.20666666666666667"
"cifar10","20","2","mixed_maturity","rffl_reputation","dirichlet_lcb","diverse_then_repeat_backdoor","0.5","1","2","5","5","0.5","5","20","9","1.5","43","6.9213457107543945","0.3365","0.6122222222222222"
"cifar10","20","2","mixed_maturity","rffl_reputation","dirichlet_lcb","diverse_then_repeat_backdoor","0.5","1","2","5","5","0.5","5","20","9","1.5","44","6.554523468017578","0.33","0.6388888888888888"
"cifar10","20","2","mixed_maturity","rffl_reputation","dirichlet_lcb","diverse_then_repeat_backdoor","0.5","1","2","5","5","0.5","5","20","9","1.5","45","6.622307777404785","0.323","0.5294444444444445"
"cifar10","20","2","mixed_maturity","rffl_reputation","dirichlet_lcb","diverse_then_repeat_backdoor","0.5","1","2","5","5","0.5","5","20","9","1.5","46","7.471676349639893","0.293","0.6805555555555556"
"cifar10","20","2","mixed_maturity","rffl_reputation","dirichlet_lcb","diverse_then_repeat_backdoor","0.5","1","2","5","5","0.5","5","20","9","1.5","47","5.86835241317749","0.3395","0.5805555555555556"
"cifar10","20","2","mixed_maturity","rffl_reputation","dirichlet_lcb","diverse_then_repeat_backdoor","0.5","1","2","5","5","0.5","5","20","9","1.5","48","7.190784931182861","0.3185","0.5938888888888889"
"cifar10","20","2","mixed_maturity","rffl_reputation","dirichlet_lcb","diverse_then_repeat_backdoor","0.5","1","2","5","5","0.5","5","20","9","1.5","49","7.418108940124512","0.3175","0.7411111111111112"
"cifar10","20","2","mixed_maturity","rffl_reputation","dirichlet_lcb","diverse_then_repeat_backdoor","0.5","1","2","5","5","0.5","5","20","9","1.5","50","5.581143856048584","0.3545","0.5605555555555556"
"cifar10","20","2","mixed_maturity","rffl_reputation","dirichlet_lcb","diverse_then_repeat_backdoor","0.5","2","2","5","5","0.5","5","20","9","1.5","1","8.045515060424805","0.218","0.0"
"cifar10","20","2","mixed_maturity","rffl_reputation","dirichlet_lcb","diverse_then_repeat_backdoor","0.5","2","2","5","5","0.5","5","20","9","1.5","2","6.186479568481445","0.209","0.056666666666666664"
"cifar10","20","2","mixed_maturity","rffl_reputation","dirichlet_lcb","diverse_then_repeat_backdoor","0.5","2","2","5","5","0.5","5","20","9","1.5","3","8.448294639587402","0.2155","0.32611111111111113"
"cifar10","20","2","mixed_maturity","rffl_reputation","dirichlet_lcb","diverse_then_repeat_backdoor","0.5","2","2","5","5","0.5","5","20","9","1.5","4","6.697695255279541","0.23","0.3011111111111111"
"cifar10","20","2","mixed_maturity","rffl_reputation","dirichlet_lcb","diverse_then_repeat_backdoor","0.5","2","2","5","5","0.5","5","20","9","1.5","5","7.145449161529541","0.25","0.065"
"cifar10","20","2","mixed_maturity","rffl_reputation","dirichlet_lcb","diverse_then_repeat_backdoor","0.5","2","2","5","5","0.5","5","20","9","1.5","6","6.212710380554199","0.2685","0.35777777777777775"
"cifar10","20","2","mixed_maturity","rffl_reputation","dirichlet_lcb","diverse_then_repeat_backdoor","0.5","2","2","5","5","0.5","5","20","9","1.5","7","6.776648998260498","0.2685","0.4761111111111111"
"cifar10","20","2","mixed_maturity","rffl_reputation","dirichlet_lcb","diverse_then_repeat_backdoor","0.5","2","2","5","5","0.5","5","20","9","1.5","8","5.585519313812256","0.3225","0.10166666666666667"
"cifar10","20","2","mixed_maturity","rffl_reputation","dirichlet_lcb","diverse_then_repeat_backdoor","0.5","2","2","5","5","0.5","5","20","9","1.5","9","6.609321117401123","0.296","0.2916666666666667"
"cifar10","20","2","mixed_maturity","rffl_reputation","dirichlet_lcb","diverse_then_repeat_backdoor","0.5","2","2","5","5","0.5","5","20","9","1.5","10","5.812399387359619","0.3405","0.26722222222222225"
"cifar10","20","2","mixed_maturity","rffl_reputation","dirichlet_lcb","diverse_then_repeat_backdoor","0.5","2","2","5","5","0.5","5","20","9","1.5","11","5.131706237792969","0.3135","0.10444444444444445"
"cifar10","20","2","mixed_maturity","rffl_reputation","dirichlet_lcb","diverse_then_repeat_backdoor","0.5","2","2","5","5","0.5","5","20","9","1.5","12","9.511122703552246","0.2295","0.6455555555555555"
"cifar10","20","2","mixed_maturity","rffl_reputation","dirichlet_lcb","diverse_then_repeat_backdoor","0.5","2","2","5","5","0.5","5","20","9","1.5","13","6.354494094848633","0.3185","0.3527777777777778"
"cifar10","20","2","mixed_maturity","rffl_reputation","dirichlet_lcb","diverse_then_repeat_backdoor","0.5","2","2","5","5","0.5","5","20","9","1.5","14","6.011783123016357","0.33","0.2816666666666667"
"cifar10","20","2","mixed_maturity","rffl_reputation","dirichlet_lcb","diverse_then_repeat_backdoor","0.5","2","2","5","5","0.5","5","20","9","1.5","15","6.129153251647949","0.3265","0.2688888888888889"
"cifar10","20","2","mixed_maturity","rffl_reputation","dirichlet_lcb","diverse_then_repeat_backdoor","0.5","2","2","5","5","0.5","5","20","9","1.5","16","7.708232402801514","0.274","0.24222222222222223"
"cifar10","20","2","mixed_maturity","rffl_reputation","dirichlet_lcb","diverse_then_repeat_backdoor","0.5","2","2","5","5","0.5","5","20","9","1.5","17","7.489672660827637","0.2935","0.5661111111111111"
"cifar10","20","2","mixed_maturity","rffl_reputation","dirichlet_lcb","diverse_then_repeat_backdoor","0.5","2","2","5","5","0.5","5","20","9","1.5","18","7.437199115753174","0.312","0.10388888888888889"
"cifar10","20","2","mixed_maturity","rffl_reputation","dirichlet_lcb","diverse_then_repeat_backdoor","0.5","2","2","5","5","0.5","5","20","9","1.5","19","6.63613224029541","0.298","0.2038888888888889"
"cifar10","20","2","mixed_maturity","rffl_reputation","dirichlet_lcb","diverse_then_repeat_backdoor","0.5","2","2","5","5","0.5","5","20","9","1.5","20","5.483687400817871","0.3395","0.2911111111111111"
"cifar10","20","2","mixed_maturity","rffl_reputation","dirichlet_lcb","diverse_then_repeat_backdoor","0.5","2","2","5","5","0.5","5","20","9","1.5","21","6.007538318634033","0.338","0.24444444444444444"
"cifar10","20","2","mixed_maturity","rffl_reputation","dirichlet_lcb","diverse_then_repeat_backdoor","0.5","2","2","5","5","0.5","5","20","9","1.5","22","5.638412952423096","0.3435","0.4338888888888889"
"cifar10","20","2","mixed_maturity","rffl_reputation","dirichlet_lcb","diverse_then_repeat_backdoor","0.5","2","2","5","5","0.5","5","20","9","1.5","23","7.8558807373046875","0.277","0.6483333333333333"
"cifar10","20","2","mixed_maturity","rffl_reputation","dirichlet_lcb","diverse_then_repeat_backdoor","0.5","2","2","5","5","0.5","5","20","9","1.5","24","6.882661819458008","0.3195","0.1288888888888889"
"cifar10","20","2","mixed_maturity","rffl_reputation","dirichlet_lcb","diverse_then_repeat_backdoor","0.5","2","2","5","5","0.5","5","20","9","1.5","25","6.202795505523682","0.3435","0.34555555555555556"
"cifar10","20","2","mixed_maturity","rffl_reputation","dirichlet_lcb","diverse_then_repeat_backdoor","0.5","2","2","5","5","0.5","5","20","9","1.5","26","6.725858211517334","0.326","0.03166666666666667"
"cifar10","20","2","mixed_maturity","rffl_reputation","dirichlet_lcb","diverse_then_repeat_backdoor","0.5","2","2","5","5","0.5","5","20","9","1.5","27","6.192033290863037","0.346","0.125"
"cifar10","20","2","mixed_maturity","rffl_reputation","dirichlet_lcb","diverse_then_repeat_backdoor","0.5","2","2","5","5","0.5","5","20","9","1.5","28","5.668158531188965","0.325","0.2561111111111111"
"cifar10","20","2","mixed_maturity","rffl_reputation","dirichlet_lcb","diverse_then_repeat_backdoor","0.5","2","2","5","5","0.5","5","20","9","1.5","29","6.807855129241943","0.3345","0.15388888888888888"
"cifar10","20","2","mixed_maturity","rffl_reputation","dirichlet_lcb","diverse_then_repeat_backdoor","0.5","2","2","5","5","0.5","5","20","9","1.5","30","6.395406246185303","0.307","0.5644444444444444"
"cifar10","20","2","mixed_maturity","rffl_reputation","dirichlet_lcb","diverse_then_repeat_backdoor","0.5","2","2","5","5","0.5","5","20","9","1.5","31","7.167041778564453","0.3325","0.5311111111111111"
"cifar10","20","2","mixed_maturity","rffl_reputation","dirichlet_lcb","diverse_then_repeat_backdoor","0.5","2","2","5","5","0.5","5","20","9","1.5","32","5.370794773101807","0.3605","0.38722222222222225"
"cifar10","20","2","mixed_maturity","rffl_reputation","dirichlet_lcb","diverse_then_repeat_backdoor","0.5","2","2","5","5","0.5","5","20","9","1.5","33","5.755006313323975","0.3555","0.4766666666666667"
"cifar10","20","2","mixed_maturity","rffl_reputation","dirichlet_lcb","diverse_then_repeat_backdoor","0.5","2","2","5","5","0.5","5","20","9","1.5","34","5.788925647735596","0.3525","0.5472222222222223"
"cifar10","20","2","mixed_maturity","rffl_reputation","dirichlet_lcb","diverse_then_repeat_backdoor","0.5","2","2","5","5","0.5","5","20","9","1.5","35","7.676918029785156","0.31","0.6377777777777778"
"cifar10","20","2","mixed_maturity","rffl_reputation","dirichlet_lcb","diverse_then_repeat_backdoor","0.5","2","2","5","5","0.5","5","20","9","1.5","36","5.736333847045898","0.354","0.5388888888888889"
"cifar10","20","2","mixed_maturity","rffl_reputation","dirichlet_lcb","diverse_then_repeat_backdoor","0.5","2","2","5","5","0.5","5","20","9","1.5","37","7.234268665313721","0.331","0.6394444444444445"
"cifar10","20","2","mixed_maturity","rffl_reputation","dirichlet_lcb","diverse_then_repeat_backdoor","0.5","2","2","5","5","0.5","5","20","9","1.5","38","5.522562503814697","0.3575","0.42333333333333334"
"cifar10","20","2","mixed_maturity","rffl_reputation","dirichlet_lcb","diverse_then_repeat_backdoor","0.5","2","2","5","5","0.5","5","20","9","1.5","39","5.928277492523193","0.356","0.31444444444444447"
"cifar10","20","2","mixed_maturity","rffl_reputation","dirichlet_lcb","diverse_then_repeat_backdoor","0.5","2","2","5","5","0.5","5","20","9","1.5","40","6.797546863555908","0.3425","0.6583333333333333"
"cifar10","20","2","mixed_maturity","rffl_reputation","dirichlet_lcb","diverse_then_repeat_backdoor","0.5","2","2","5","5","0.5","5","20","9","1.5","41","5.994065284729004","0.353","0.6355555555555555"
"cifar10","20","2","mixed_maturity","rffl_reputation","dirichlet_lcb","diverse_then_repeat_backdoor","0.5","2","2","5","5","0.5","5","20","9","1.5","42","6.810093879699707","0.326","0.6261111111111111"
"cifar10","20","2","mixed_maturity","rffl_reputation","dirichlet_lcb","diverse_then_repeat_backdoor","0.5","2","2","5","5","0.5","5","20","9","1.5","43","5.900407314300537","0.357","0.49277777777777776"
"cifar10","20","2","mixed_maturity","rffl_reputation","dirichlet_lcb","diverse_then_repeat_backdoor","0.5","2","2","5","5","0.5","5","20","9","1.5","44","5.401252269744873","0.3585","0.5583333333333333"
"cifar10","20","2","mixed_maturity","rffl_reputation","dirichlet_lcb","diverse_then_repeat_backdoor","0.5","2","2","5","5","0.5","5","20","9","1.5","45","5.821200370788574","0.3695","0.6038888888888889"
"cifar10","20","2","mixed_maturity","rffl_reputation","dirichlet_lcb","diverse_then_repeat_backdoor","0.5","2","2","5","5","0.5","5","20","9","1.5","46","6.675474643707275","0.3415","0.5961111111111111"
"cifar10","20","2","mixed_maturity","rffl_reputation","dirichlet_lcb","diverse_then_repeat_backdoor","0.5","2","2","5","5","0.5","5","20","9","1.5","47","6.879371166229248","0.3495","0.6588888888888889"
"cifar10","20","2","mixed_maturity","rffl_reputation","dirichlet_lcb","diverse_then_repeat_backdoor","0.5","2","2","5","5","0.5","5","20","9","1.5","48","5.817807674407959","0.3565","0.6983333333333334"
"cifar10","20","2","mixed_maturity","rffl_reputation","dirichlet_lcb","diverse_then_repeat_backdoor","0.5","2","2","5","5","0.5","5","20","9","1.5","49","7.193523406982422","0.311","0.6711111111111111"
"cifar10","20","2","mixed_maturity","rffl_reputation","dirichlet_lcb","diverse_then_repeat_backdoor","0.5","2","2","5","5","0.5","5","20","9","1.5","50","7.61025857925415","0.3365","0.3372222222222222"
"cifar10","20","2","mixed_maturity","rffl_reputation","dirichlet_lcb","diverse_then_repeat_backdoor","0.5","3","2","5","5","0.5","5","20","9","1.5","1","9.804333686828613","0.1545","0.0"
"cifar10","20","2","mixed_maturity","rffl_reputation","dirichlet_lcb","diverse_then_repeat_backdoor","0.5","3","2","5","5","0.5","5","20","9","1.5","2","8.524765968322754","0.214","0.06222222222222222"
"cifar10","20","2","mixed_maturity","rffl_reputation","dirichlet_lcb","diverse_then_repeat_backdoor","0.5","3","2","5","5","0.5","5","20","9","1.5","3","6.153876304626465","0.239","0.007222222222222222"
"cifar10","20","2","mixed_maturity","rffl_reputation","dirichlet_lcb","diverse_then_repeat_backdoor","0.5","3","2","5","5","0.5","5","20","9","1.5","4","7.19938850402832","0.235","0.365"
"cifar10","20","2","mixed_maturity","rffl_reputation","dirichlet_lcb","diverse_then_repeat_backdoor","0.5","3","2","5","5","0.5","5","20","9","1.5","5","5.4892578125","0.2925","0.005"
"cifar10","20","2","mixed_maturity","rffl_reputation","dirichlet_lcb","diverse_then_repeat_backdoor","0.5","3","2","5","5","0.5","5","20","9","1.5","6","6.5832743644714355","0.2765","0.0961111111111111"
"cifar10","20","2","mixed_maturity","rffl_reputation","dirichlet_lcb","diverse_then_repeat_backdoor","0.5","3","2","5","5","0.5","5","20","9","1.5","7","10.363523483276367","0.192","0.7355555555555555"
"cifar10","20","2","mixed_maturity","rffl_reputation","dirichlet_lcb","diverse_then_repeat_backdoor","0.5","3","2","5","5","0.5","5","20","9","1.5","8","7.401950836181641","0.27","0.0011111111111111111"
"cifar10","20","2","mixed_maturity","rffl_reputation","dirichlet_lcb","diverse_then_repeat_backdoor","0.5","3","2","5","5","0.5","5","20","9","1.5","9","6.443378925323486","0.3035","0.14666666666666667"
"cifar10","20","2","mixed_maturity","rffl_reputation","dirichlet_lcb","diverse_then_repeat_backdoor","0.5","3","2","5","5","0.5","5","20","9","1.5","10","6.050168037414551","0.295","0.019444444444444445"
"cifar10","20","2","mixed_maturity","rffl_reputation","dirichlet_lcb","diverse_then_repeat_backdoor","0.5","3","2","5","5","0.5","5","20","9","1.5","11","6.7898149490356445","0.3135","0.08555555555555555"
"cifar10","20","2","mixed_maturity","rffl_reputation","dirichlet_lcb","diverse_then_repeat_backdoor","0.5","3","2","5","5","0.5","5","20","9","1.5","12","5.208896160125732","0.339","0.05722222222222222"
"cifar10","20","2","mixed_maturity","rffl_reputation","dirichlet_lcb","diverse_then_repeat_backdoor","0.5","3","2","5","5","0.5","5","20","9","1.5","13","6.009891510009766","0.2945","0.016666666666666666"
"cifar10","20","2","mixed_maturity","rffl_reputation","dirichlet_lcb","diverse_then_repeat_backdoor","0.5","3","2","5","5","0.5","5","20","9","1.5","14","6.948506832122803","0.304","0.22277777777777777"
"cifar10","20","2","mixed_maturity","rffl_reputation","dirichlet_lcb","diverse_then_repeat_backdoor","0.5","3","2","5","5","0.5","5","20","9","1.5","15","6.264458179473877","0.3265","0.12555555555555556"
"cifar10","20","2","mixed_maturity","rffl_reputation","dirichlet_lcb","diverse_then_repeat_backdoor","0.5","3","2","5","5","0.5","5","20","9","1.5","16","8.802602767944336","0.258","0.20722222222222222"
"cifar10","20","2","mixed_maturity","rffl_reputation","dirichlet_lcb","diverse_then_repeat_backdoor","0.5","3","2","5","5","0.5","5","20","9","1.5","17","5.575178623199463","0.345","0.06555555555555556"
"cifar10","20","2","mixed_maturity","rffl_reputation","dirichlet_lcb","diverse_then_repeat_backdoor","0.5","3","2","5","5","0.5","5","20","9","1.5","18","5.711745262145996","0.3535","0.06944444444444445"
"cifar10","20","2","mixed_maturity","rffl_reputation","dirichlet_lcb","diverse_then_repeat_backdoor","0.5","3","2","5","5","0.5","5","20","9","1.5","19","6.728757858276367","0.297","0.22444444444444445"
"cifar10","20","2","mixed_maturity","rffl_reputation","dirichlet_lcb","diverse_then_repeat_backdoor","0.5","3","2","5","5","0.5","5","20","9","1.5","20","6.707367897033691","0.322","0.006111111111111111"
"cifar10","20","2","mixed_maturity","rffl_reputation","dirichlet_lcb","diverse_then_repeat_backdoor","0.5","3","2","5","5","0.5","5","20","9","1.5","21","6.630915641784668","0.3215","0.08055555555555556"
"cifar10","20","2","mixed_maturity","rffl_reputation","dirichlet_lcb","diverse_then_repeat_backdoor","0.5","3","2","5","5","0.5","5","20","9","1.5","22","5.809368133544922","0.336","0.10388888888888889"
"cifar10","20","2","mixed_maturity","rffl_reputation","dirichlet_lcb","diverse_then_repeat_backdoor","0.5","3","2","5","5","0.5","5","20","9","1.5","23","6.570483207702637","0.3365","0.20166666666666666"
"cifar10","20","2","mixed_maturity","rffl_reputation","dirichlet_lcb","diverse_then_repeat_backdoor","0.5","3","2","5","5","0.5","5","20","9","1.5","24","7.306273460388184","0.321","0.009444444444444445"
"cifar10","20","2","mixed_maturity","rffl_reputation","dirichlet_lcb","diverse_then_repeat_backdoor","0.5","3","2","5","5","0.5","5","20","9","1.5","25","6.118404388427734","0.329","0.07222222222222222"
"cifar10","20","2","mixed_maturity","rffl_reputation","dirichlet_lcb","diverse_then_repeat_backdoor","0.5","3","2","5","5","0.5","5","20","9","1.5","26","6.680292129516602","0.3125","0.38222222222222224"
"cifar10","20","2","mixed_maturity","rffl_reputation","dirichlet_lcb","diverse_then_repeat_backdoor","0.5","3","2","5","5","0.5","5","20","9","1.5","27","6.160185813903809","0.346","0.04722222222222222"
"cifar10","20","2","mixed_maturity","rffl_reputation","dirichlet_lcb","diverse_then_repeat_backdoor","0.5","3","2","5","5","0.5","5","20","9","1.5","28","6.096126556396484","0.347","0.09111111111111111"
"cifar10","20","2","mixed_maturity","rffl_reputation","dirichlet_lcb","diverse_then_repeat_backdoor","0.5","3","2","5","5","0.5","5","20","9","1.5","29","6.782577991485596","0.3335","0.08166666666666667"
"cifar10","20","2","mixed_maturity","rffl_reputation","dirichlet_lcb","diverse_then_repeat_backdoor","0.5","3","2","5","5","0.5","5","20","9","1.5","30","6.850025177001953","0.3245","0.17222222222222222"
"cifar10","20","2","mixed_maturity","rffl_reputation","dirichlet_lcb","diverse_then_repeat_backdoor","0.5","3","2","5","5","0.5","5","20","9","1.5","31","7.007318496704102","0.3305","0.041666666666666664"
"cifar10","20","2","mixed_maturity","rffl_reputation","dirichlet_lcb","diverse_then_repeat_backdoor","0.5","3","2","5","5","0.5","5","20","9","1.5","32","6.344236373901367","0.3425","0.23833333333333334"
"cifar10","20","2","mixed_maturity","rffl_reputation","dirichlet_lcb","diverse_then_repeat_backdoor","0.5","3","2","5","5","0.5","5","20","9","1.5","33","6.622566223144531","0.3285","0.06666666666666667"
"cifar10","20","2","mixed_maturity","rffl_reputation","dirichlet_lcb","diverse_then_repeat_backdoor","0.5","3","2","5","5","0.5","5","20","9","1.5","34","7.034699440002441","0.3425","0.2961111111111111"
"cifar10","20","2","mixed_maturity","rffl_reputation","dirichlet_lcb","diverse_then_repeat_backdoor","0.5","3","2","5","5","0.5","5","20","9","1.5","35","6.053646564483643","0.328","0.35388888888888886"
"cifar10","20","2","mixed_maturity","rffl_reputation","dirichlet_lcb","diverse_then_repeat_backdoor","0.5","3","2","5","5","0.5","5","20","9","1.5","36","6.882774829864502","0.328","0.23944444444444443"
"cifar10","20","2","mixed_maturity","rffl_reputation","dirichlet_lcb","diverse_then_repeat_backdoor","0.5","3","2","5","5","0.5","5","20","9","1.5","37","6.4031524658203125","0.342","0.14277777777777778"
"cifar10","20","2","mixed_maturity","rffl_reputation","dirichlet_lcb","diverse_then_repeat_backdoor","0.5","3","2","5","5","0.5","5","20","9","1.5","38","7.461399555206299","0.316","0.02388888888888889"
"cifar10","20","2","mixed_maturity","rffl_reputation","dirichlet_lcb","diverse_then_repeat_backdoor","0.5","3","2","5","5","0.5","5","20","9","1.5","39","6.049559116363525","0.335","0.2538888888888889"
"cifar10","20","2","mixed_maturity","rffl_reputation","dirichlet_lcb","diverse_then_repeat_backdoor","0.5","3","2","5","5","0.5","5","20","9","1.5","40","6.269505500793457","0.3485","0.014444444444444444"
"cifar10","20","2","mixed_maturity","rffl_reputation","dirichlet_lcb","diverse_then_repeat_backdoor","0.5","3","2","5","5","0.5","5","20","9","1.5","41","6.5958733558654785","0.3415","0.3622222222222222"
"cifar10","20","2","mixed_maturity","rffl_reputation","dirichlet_lcb","diverse_then_repeat_backdoor","0.5","3","2","5","5","0.5","5","20","9","1.5","42","6.492636680603027","0.345","0.1272222222222222"
"cifar10","20","2","mixed_maturity","rffl_reputation","dirichlet_lcb","diverse_then_repeat_backdoor","0.5","3","2","5","5","0.5","5","20","9","1.5","43","6.849990367889404","0.3225","0.48833333333333334"
"cifar10","20","2","mixed_maturity","rffl_reputation","dirichlet_lcb","diverse_then_repeat_backdoor","0.5","3","2","5","5","0.5","5","20","9","1.5","44","6.982422828674316","0.32","0.07833333333333334"
"cifar10","20","2","mixed_maturity","rffl_reputation","dirichlet_lcb","diverse_then_repeat_backdoor","0.5","3","2","5","5","0.5","5","20","9","1.5","45","7.2606706619262695","0.3305","0.3611111111111111"
"cifar10","20","2","mixed_maturity","rffl_reputation","dirichlet_lcb","diverse_then_repeat_backdoor","0.5","3","2","5","5","0.5","5","20","9","1.5","46","5.525576114654541","0.3605","0.19111111111111112"
"cifar10","20","2","mixed_maturity","rffl_reputation","dirichlet_lcb","diverse_then_repeat_backdoor","0.5","3","2","5","5","0.5","5","20","9","1.5","47","5.723913192749023","0.364","0.3088888888888889"
"cifar10","20","2","mixed_maturity","rffl_reputation","dirichlet_lcb","diverse_then_repeat_backdoor","0.5","3","2","5","5","0.5","5","20","9","1.5","48","6.928908348083496","0.3345","0.435"
"cifar10","20","2","mixed_maturity","rffl_reputation","dirichlet_lcb","diverse_then_repeat_backdoor","0.5","3","2","5","5","0.5","5","20","9","1.5","49","7.325157642364502","0.322","0.4716666666666667"
"cifar10","20","2","mixed_maturity","rffl_reputation","dirichlet_lcb","diverse_then_repeat_backdoor","0.5","3","2","5","5","0.5","5","20","9","1.5","50","6.757341384887695","0.3385","0.20444444444444446"
"cifar10","20","2","mixed_maturity","rffl_reputation","dirichlet_lcb","diverse_then_repeat_backdoor","0.5","4","2","5","5","0.5","5","20","9","1.5","1","11.541522979736328","0.1175","0.0"
"cifar10","20","2","mixed_maturity","rffl_reputation","dirichlet_lcb","diverse_then_repeat_backdoor","0.5","4","2","5","5","0.5","5","20","9","1.5","2","7.922126293182373","0.2555","0.2911111111111111"
"cifar10","20","2","mixed_maturity","rffl_reputation","dirichlet_lcb","diverse_then_repeat_backdoor","0.5","4","2","5","5","0.5","5","20","9","1.5","3","6.25400447845459","0.2275","0.13722222222222222"
"cifar10","20","2","mixed_maturity","rffl_reputation","dirichlet_lcb","diverse_then_repeat_backdoor","0.5","4","2","5","5","0.5","5","20","9","1.5","4","8.107135772705078","0.2615","0.007222222222222222"
"cifar10","20","2","mixed_maturity","rffl_reputation","dirichlet_lcb","diverse_then_repeat_backdoor","0.5","4","2","5","5","0.5","5","20","9","1.5","5","6.944799423217773","0.252","0.2588888888888889"
"cifar10","20","2","mixed_maturity","rffl_reputation","dirichlet_lcb","diverse_then_repeat_backdoor","0.5","4","2","5","5","0.5","5","20","9","1.5","6","6.240753650665283","0.295","0.029444444444444443"
"cifar10","20","2","mixed_maturity","rffl_reputation","dirichlet_lcb","diverse_then_repeat_backdoor","0.5","4","2","5","5","0.5","5","20","9","1.5","7","6.363089084625244","0.283","0.07611111111111112"
"cifar10","20","2","mixed_maturity","rffl_reputation","dirichlet_lcb","diverse_then_repeat_backdoor","0.5","4","2","5","5","0.5","5","20","9","1.5","8","5.580394744873047","0.311","0.31166666666666665"
"cifar10","20","2","mixed_maturity","rffl_reputation","dirichlet_lcb","diverse_then_repeat_backdoor","0.5","4","2","5","5","0.5","5","20","9","1.5","9","6.593588829040527","0.2835","0.34444444444444444"
"cifar10","20","2","mixed_maturity","rffl_reputation","dirichlet_lcb","diverse_then_repeat_backdoor","0.5","4","2","5","5","0.5","5","20","9","1.5","10","7.222382068634033","0.303","0.05611111111111111"
"cifar10","20","2","mixed_maturity","rffl_reputation","dirichlet_lcb","diverse_then_repeat_backdoor","0.5","4","2","5","5","0.5","5","20","9","1.5","11","6.37742805480957","0.303","0.30777777777777776"
"cifar10","20","2","mixed_maturity","rffl_reputation","dirichlet_lcb","diverse_then_repeat_backdoor","0.5","4","2","5","5","0.5","5","20","9","1.5","12","6.7084832191467285","0.313","0.3927777777777778"
"cifar10","20","2","mixed_maturity","rffl_reputation","dirichlet_lcb","diverse_then_repeat_backdoor","0.5","4","2","5","5","0.5","5","20","9","1.5","13","6.0843658447265625","0.3085","0.19111111111111112"
"cifar10","20","2","mixed_maturity","rffl_reputation","dirichlet_lcb","diverse_then_repeat_backdoor","0.5","4","2","5","5","0.5","5","20","9","1.5","14","7.361461162567139","0.297","0.31555555555555553"
"cifar10","20","2","mixed_maturity","rffl_reputation","dirichlet_lcb","diverse_then_repeat_backdoor","0.5","4","2","5","5","0.5","5","20","9","1.5","15","6.425595760345459","0.3215","0.3138888888888889"
"cifar10","20","2","mixed_maturity","rffl_reputation","dirichlet_lcb","diverse_then_repeat_backdoor","0.5","4","2","5","5","0.5","5","20","9","1.5","16","6.471926689147949","0.3295","0.07111111111111111"
"cifar10","20","2","mixed_maturity","rffl_reputation","dirichlet_lcb","diverse_then_repeat_backdoor","0.5","4","2","5","5","0.5","5","20","9","1.5","17","7.147284507751465","0.3205","0.06"
"cifar10","20","2","mixed_maturity","rffl_reputation","dirichlet_lcb","diverse_then_repeat_backdoor","0.5","4","2","5","5","0.5","5","20","9","1.5","18","6.335894584655762","0.308","0.2427777777777778"
"cifar10","20","2","mixed_maturity","rffl_reputation","dirichlet_lcb","diverse_then_repeat_backdoor","0.5","4","2","5","5","0.5","5","20","9","1.5","19","7.566196441650391","0.303","0.058888888888888886"
"cifar10","20","2","mixed_maturity","rffl_reputation","dirichlet_lcb","diverse_then_repeat_backdoor","0.5","4","2","5","5","0.5","5","20","9","1.5","20","6.833032608032227","0.3275","0.05611111111111111"
"cifar10","20","2","mixed_maturity","rffl_reputation","dirichlet_lcb","diverse_then_repeat_backdoor","0.5","4","2","5","5","0.5","5","20","9","1.5","21","7.046866416931152","0.312","0.30444444444444446"
"cifar10","20","2","mixed_maturity","rffl_reputation","dirichlet_lcb","diverse_then_repeat_backdoor","0.5","4","2","5","5","0.5","5","20","9","1.5","22","7.558665752410889","0.297","0.5733333333333334"
"cifar10","20","2","mixed_maturity","rffl_reputation","dirichlet_lcb","diverse_then_repeat_backdoor","0.5","4","2","5","5","0.5","5","20","9","1.5","23","6.962504863739014","0.299","0.4583333333333333"
"cifar10","20","2","mixed_maturity","rffl_reputation","dirichlet_lcb","diverse_then_repeat_backdoor","0.5","4","2","5","5","0.5","5","20","9","1.5","24","6.508773326873779","0.29","0.2922222222222222"
"cifar10","20","2","mixed_maturity","rffl_reputation","dirichlet_lcb","diverse_then_repeat_backdoor","0.5","4","2","5","5","0.5","5","20","9","1.5","25","6.267535209655762","0.354","0.3055555555555556"
"cifar10","20","2","mixed_maturity","rffl_reputation","dirichlet_lcb","diverse_then_repeat_backdoor","0.5","4","2","5","5","0.5","5","20","9","1.5","26","6.061662197113037","0.346","0.15166666666666667"
"cifar10","20","2","mixed_maturity","rffl_reputation","dirichlet_lcb","diverse_then_repeat_backdoor","0.5","4","2","5","5","0.5","5","20","9","1.5","27","6.247817516326904","0.337","0.24888888888888888"
"cifar10","20","2","mixed_maturity","rffl_reputation","dirichlet_lcb","diverse_then_repeat_backdoor","0.5","4","2","5","5","0.5","5","20","9","1.5","28","5.9317803382873535","0.3465","0.42777777777777776"
"cifar10","20","2","mixed_maturity","rffl_reputation","dirichlet_lcb","diverse_then_repeat_backdoor","0.5","4","2","5","5","0.5","5","20","9","1.5","29","7.026262283325195","0.309","0.3888888888888889"
"cifar10","20","2","mixed_maturity","rffl_reputation","dirichlet_lcb","diverse_then_repeat_backdoor","0.5","4","2","5","5","0.5","5","20","9","1.5","30","6.0184125900268555","0.3355","0.42944444444444446"
"cifar10","20","2","mixed_maturity","rffl_reputation","dirichlet_lcb","diverse_then_repeat_backdoor","0.5","4","2","5","5","0.5","5","20","9","1.5","31","6.412345886230469","0.306","0.21055555555555555"
"cifar10","20","2","mixed_maturity","rffl_reputation","dirichlet_lcb","diverse_then_repeat_backdoor","0.5","4","2","5","5","0.5","5","20","9","1.5","32","6.2182087898254395","0.333","0.4988888888888889"
"cifar10","20","2","mixed_maturity","rffl_reputation","dirichlet_lcb","diverse_then_repeat_backdoor","0.5","4","2","5","5","0.5","5","20","9","1.5","33","6.278348445892334","0.3325","0.635"
"cifar10","20","2","mixed_maturity","rffl_reputation","dirichlet_lcb","diverse_then_repeat_backdoor","0.5","4","2","5","5","0.5","5","20","9","1.5","34","5.960653781890869","0.3265","0.62"
"cifar10","20","2","mixed_maturity","rffl_reputation","dirichlet_lcb","diverse_then_repeat_backdoor","0.5","4","2","5","5","0.5","5","20","9","1.5","35","6.445024490356445","0.3395","0.5766666666666667"
"cifar10","20","2","mixed_maturity","rffl_reputation","dirichlet_lcb","diverse_then_repeat_backdoor","0.5","4","2","5","5","0.5","5","20","9","1.5","36","6.907427787780762","0.307","0.45111111111111113"
"cifar10","20","2","mixed_maturity","rffl_reputation","dirichlet_lcb","diverse_then_repeat_backdoor","0.5","4","2","5","5","0.5","5","20","9","1.5","37","6.97304105758667","0.339","0.5872222222222222"
"cifar10","20","2","mixed_maturity","rffl_reputation","dirichlet_lcb","diverse_then_repeat_backdoor","0.5","4","2","5","5","0.5","5","20","9","1.5","38","5.693846702575684","0.3565","0.5122222222222222"
"cifar10","20","2","mixed_maturity","rffl_reputation","dirichlet_lcb","diverse_then_repeat_backdoor","0.5","4","2","5","5","0.5","5","20","9","1.5","39","6.100648403167725","0.3515","0.5538888888888889"
"cifar10","20","2","mixed_maturity","rffl_reputation","dirichlet_lcb","diverse_then_repeat_backdoor","0.5","4","2","5","5","0.5","5","20","9","1.5","40","6.437514305114746","0.34","0.75"
"cifar10","20","2","mixed_maturity","rffl_reputation","dirichlet_lcb","diverse_then_repeat_backdoor","0.5","4","2","5","5","0.5","5","20","9","1.5","41","6.37869930267334","0.3435","0.5605555555555556"
"cifar10","20","2","mixed_maturity","rffl_reputation","dirichlet_lcb","diverse_then_repeat_backdoor","0.5","4","2","5","5","0.5","5","20","9","1.5","42","6.04185152053833","0.356","0.7022222222222222"
"cifar10","20","2","mixed_maturity","rffl_reputation","dirichlet_lcb","diverse_then_repeat_backdoor","0.5","4","2","5","5","0.5","5","20","9","1.5","43","6.404819488525391","0.3345","0.48944444444444446"
"cifar10","20","2","mixed_maturity","rffl_reputation","dirichlet_lcb","diverse_then_repeat_backdoor","0.5","4","2","5","5","0.5","5","20","9","1.5","44","5.925915241241455","0.3485","0.6877777777777778"
"cifar10","20","2","mixed_maturity","rffl_reputation","dirichlet_lcb","diverse_then_repeat_backdoor","0.5","4","2","5","5","0.5","5","20","9","1.5","45","6.489753723144531","0.337","0.33111111111111113"
"cifar10","20","2","mixed_maturity","rffl_reputation","dirichlet_lcb","diverse_then_repeat_backdoor","0.5","4","2","5","5","0.5","5","20","9","1.5","46","5.857024192810059","0.363","0.7822222222222223"
"cifar10","20","2","mixed_maturity","rffl_reputation","dirichlet_lcb","diverse_then_repeat_backdoor","0.5","4","2","5","5","0.5","5","20","9","1.5","47","5.468677520751953","0.355","0.5761111111111111"
"cifar10","20","2","mixed_maturity","rffl_reputation","dirichlet_lcb","diverse_then_repeat_backdoor","0.5","4","2","5","5","0.5","5","20","9","1.5","48","6.041599273681641","0.356","0.6822222222222222"
"cifar10","20","2","mixed_maturity","rffl_reputation","dirichlet_lcb","diverse_then_repeat_backdoor","0.5","4","2","5","5","0.5","5","20","9","1.5","49","6.142026424407959","0.347","0.5488888888888889"
"cifar10","20","2","mixed_maturity","rffl_reputation","dirichlet_lcb","diverse_then_repeat_backdoor","0.5","4","2","5","5","0.5","5","20","9","1.5","50","7.0962138175964355","0.3135","0.5972222222222222"
"cifar10","20","2","mixed_maturity","rffl_reputation","dirichlet_lcb","benign_concept_drift","0.5","0","2","5","5","0.5","5","20","9","1.5","1","8.514001846313477","0.1895","0.0"
"cifar10","20","2","mixed_maturity","rffl_reputation","dirichlet_lcb","benign_concept_drift","0.5","0","2","5","5","0.5","5","20","9","1.5","2","8.202644348144531","0.2015","0.0005555555555555556"
"cifar10","20","2","mixed_maturity","rffl_reputation","dirichlet_lcb","benign_concept_drift","0.5","0","2","5","5","0.5","5","20","9","1.5","3","6.1134562492370605","0.2635","0.026111111111111113"
"cifar10","20","2","mixed_maturity","rffl_reputation","dirichlet_lcb","benign_concept_drift","0.5","0","2","5","5","0.5","5","20","9","1.5","4","8.004356384277344","0.258","0.05"
"cifar10","20","2","mixed_maturity","rffl_reputation","dirichlet_lcb","benign_concept_drift","0.5","0","2","5","5","0.5","5","20","9","1.5","5","5.924488544464111","0.276","0.15888888888888889"
"cifar10","20","2","mixed_maturity","rffl_reputation","dirichlet_lcb","benign_concept_drift","0.5","0","2","5","5","0.5","5","20","9","1.5","6","5.189999580383301","0.277","0.042222222222222223"
"cifar10","20","2","mixed_maturity","rffl_reputation","dirichlet_lcb","benign_concept_drift","0.5","0","2","5","5","0.5","5","20","9","1.5","7","6.387077331542969","0.295","0.03888888888888889"
"cifar10","20","2","mixed_maturity","rffl_reputation","dirichlet_lcb","benign_concept_drift","0.5","0","2","5","5","0.5","5","20","9","1.5","8","5.926904201507568","0.298","0.0811111111111111"
"cifar10","20","2","mixed_maturity","rffl_reputation","dirichlet_lcb","benign_concept_drift","0.5","0","2","5","5","0.5","5","20","9","1.5","9","5.4083709716796875","0.3165","0.029444444444444443"
"cifar10","20","2","mixed_maturity","rffl_reputation","dirichlet_lcb","benign_concept_drift","0.5","0","2","5","5","0.5","5","20","9","1.5","10","7.292638778686523","0.2855","0.06555555555555556"
"cifar10","20","2","mixed_maturity","rffl_reputation","dirichlet_lcb","benign_concept_drift","0.5","0","2","5","5","0.5","5","20","9","1.5","11","6.19808292388916","0.32","0.06833333333333333"
"cifar10","20","2","mixed_maturity","rffl_reputation","dirichlet_lcb","benign_concept_drift","0.5","0","2","5","5","0.5","5","20","9","1.5","12","5.778295993804932","0.3185","0.008888888888888889"
"cifar10","20","2","mixed_maturity","rffl_reputation","dirichlet_lcb","benign_concept_drift","0.5","0","2","5","5","0.5","5","20","9","1.5","13","5.500519752502441","0.326","0.06333333333333334"
"cifar10","20","2","mixed_maturity","rffl_reputation","dirichlet_lcb","benign_concept_drift","0.5","0","2","5","5","0.5","5","20","9","1.5","14","5.848362445831299","0.2995","0.052222222222222225"
"cifar10","20","2","mixed_maturity","rffl_reputation","dirichlet_lcb","benign_concept_drift","0.5","0","2","5","5","0.5","5","20","9","1.5","15","6.336099624633789","0.304","0.024444444444444446"
"cifar10","20","2","mixed_maturity","rffl_reputation","dirichlet_lcb","benign_concept_drift","0.5","0","2","5","5","0.5","5","20","9","1.5","16","5.931124687194824","0.319","0.07777777777777778"
"cifar10","20","2","mixed_maturity","rffl_reputation","dirichlet_lcb","benign_concept_drift","0.5","0","2","5","5","0.5","5","20","9","1.5","17","5.731845855712891","0.3565","0.0661111111111111"
"cifar10","20","2","mixed_maturity","rffl_reputation","dirichlet_lcb","benign_concept_drift","0.5","0","2","5","5","0.5","5","20","9","1.5","18","6.231525897979736","0.335","0.09888888888888889"
"cifar10","20","2","mixed_maturity","rffl_reputation","dirichlet_lcb","benign_concept_drift","0.5","0","2","5","5","0.5","5","20","9","1.5","19","6.527772426605225","0.318","0.23333333333333334"
"cifar10","20","2","mixed_maturity","rffl_reputation","dirichlet_lcb","benign_concept_drift","0.5","0","2","5","5","0.5","5","20","9","1.5","20","5.690504550933838","0.353","0.012777777777777779"
"cifar10","20","2","mixed_maturity","rffl_reputation","dirichlet_lcb","benign_concept_drift","0.5","0","2","5","5","0.5","5","20","9","1.5","21","6.280093669891357","0.3125","0.06"
"cifar10","20","2","mixed_maturity","rffl_reputation","dirichlet_lcb","benign_concept_drift","0.5","0","2","5","5","0.5","5","20","9","1.5","22","6.622316837310791","0.338","0.008333333333333333"
"cifar10","20","2","mixed_maturity","rffl_reputation","dirichlet_lcb","benign_concept_drift","0.5","0","2","5","5","0.5","5","20","9","1.5","23","6.414797782897949","0.335","0.058333333333333334"
"cifar10","20","2","mixed_maturity","rffl_reputation","dirichlet_lcb","benign_concept_drift","0.5","0","2","5","5","0.5","5","20","9","1.5","24","6.6545186042785645","0.335","0.06111111111111111"
"cifar10","20","2","mixed_maturity","rffl_reputation","dirichlet_lcb","benign_concept_drift","0.5","0","2","5","5","0.5","5","20","9","1.5","25","7.370498180389404","0.2985","0.08666666666666667"
"cifar10","20","2","mixed_maturity","rffl_reputation","dirichlet_lcb","benign_concept_drift","0.5","0","2","5","5","0.5","5","20","9","1.5","26","6.894722938537598","0.3315","0.09444444444444444"
"cifar10","20","2","mixed_maturity","rffl_reputation","dirichlet_lcb","benign_concept_drift","0.5","0","2","5","5","0.5","5","20","9","1.5","27","6.528250217437744","0.3375","0.0011111111111111111"
"cifar10","20","2","mixed_maturity","rffl_reputation","dirichlet_lcb","benign_concept_drift","0.5","0","2","5","5","0.5","5","20","9","1.5","28","6.7724127769470215","0.3195","0.03"
"cifar10","20","2","mixed_maturity","rffl_reputation","dirichlet_lcb","benign_concept_drift","0.5","0","2","5","5","0.5","5","20","9","1.5","29","6.271439075469971","0.3315","0.08"
"cifar10","20","2","mixed_maturity","rffl_reputation","dirichlet_lcb","benign_concept_drift","0.5","0","2","5","5","0.5","5","20","9","1.5","30","6.62951135635376","0.334","0.030555555555555555"
"cifar10","20","2","mixed_maturity","rffl_reputation","dirichlet_lcb","benign_concept_drift","0.5","0","2","5","5","0.5","5","20","9","1.5","31","7.035604476928711","0.3295","0.0005555555555555556"
"cifar10","20","2","mixed_maturity","rffl_reputation","dirichlet_lcb","benign_concept_drift","0.5","0","2","5","5","0.5","5","20","9","1.5","32","7.029864311218262","0.317","0.10388888888888889"
"cifar10","20","2","mixed_maturity","rffl_reputation","dirichlet_lcb","benign_concept_drift","0.5","0","2","5","5","0.5","5","20","9","1.5","33","7.348580837249756","0.3125","0.012777777777777779"
"cifar10","20","2","mixed_maturity","rffl_reputation","dirichlet_lcb","benign_concept_drift","0.5","0","2","5","5","0.5","5","20","9","1.5","34","6.616434574127197","0.3295","0.009444444444444445"
"cifar10","20","2","mixed_maturity","rffl_reputation","dirichlet_lcb","benign_concept_drift","0.5","0","2","5","5","0.5","5","20","9","1.5","35","5.579975605010986","0.3625","0.06833333333333333"
"cifar10","20","2","mixed_maturity","rffl_reputation","dirichlet_lcb","benign_concept_drift","0.5","0","2","5","5","0.5","5","20","9","1.5","36","7.130140781402588","0.331","0.002777777777777778"
"cifar10","20","2","mixed_maturity","rffl_reputation","dirichlet_lcb","benign_concept_drift","0.5","0","2","5","5","0.5","5","20","9","1.5","37","6.614992141723633","0.349","0.0044444444444444444"
"cifar10","20","2","mixed_maturity","rffl_reputation","dirichlet_lcb","benign_concept_drift","0.5","0","2","5","5","0.5","5","20","9","1.5","38","6.812228202819824","0.324","0.03166666666666667"
"cifar10","20","2","mixed_maturity","rffl_reputation","dirichlet_lcb","benign_concept_drift","0.5","0","2","5","5","0.5","5","20","9","1.5","39","5.817685604095459","0.3545","0.11166666666666666"
"cifar10","20","2","mixed_maturity","rffl_reputation","dirichlet_lcb","benign_concept_drift","0.5","0","2","5","5","0.5","5","20","9","1.5","40","6.453696250915527","0.3405","0.1638888888888889"
"cifar10","20","2","mixed_maturity","rffl_reputation","dirichlet_lcb","benign_concept_drift","0.5","0","2","5","5","0.5","5","20","9","1.5","41","6.478589057922363","0.343","0.08944444444444444"
"cifar10","20","2","mixed_maturity","rffl_reputation","dirichlet_lcb","benign_concept_drift","0.5","0","2","5","5","0.5","5","20","9","1.5","42","6.76231050491333","0.351","0.018333333333333333"
"cifar10","20","2","mixed_maturity","rffl_reputation","dirichlet_lcb","benign_concept_drift","0.5","0","2","5","5","0.5","5","20","9","1.5","43","6.587682723999023","0.3425","0.029444444444444443"
"cifar10","20","2","mixed_maturity","rffl_reputation","dirichlet_lcb","benign_concept_drift","0.5","0","2","5","5","0.5","5","20","9","1.5","44","7.511887550354004","0.316","0.010555555555555556"
"cifar10","20","2","mixed_maturity","rffl_reputation","dirichlet_lcb","benign_concept_drift","0.5","0","2","5","5","0.5","5","20","9","1.5","45","6.383879661560059","0.343","0.0022222222222222222"
"cifar10","20","2","mixed_maturity","rffl_reputation","dirichlet_lcb","benign_concept_drift","0.5","0","2","5","5","0.5","5","20","9","1.5","46","7.268296241760254","0.3075","0.005"
"cifar10","20","2","mixed_maturity","rffl_reputation","dirichlet_lcb","benign_concept_drift","0.5","0","2","5","5","0.5","5","20","9","1.5","47","6.789789199829102","0.3135","0.01888888888888889"
"cifar10","20","2","mixed_maturity","rffl_reputation","dirichlet_lcb","benign_concept_drift","0.5","0","2","5","5","0.5","5","20","9","1.5","48","6.747868061065674","0.337","0.023333333333333334"
"cifar10","20","2","mixed_maturity","rffl_reputation","dirichlet_lcb","benign_concept_drift","0.5","0","2","5","5","0.5","5","20","9","1.5","49","6.486931800842285","0.351","0.08277777777777778"
"cifar10","20","2","mixed_maturity","rffl_reputation","dirichlet_lcb","benign_concept_drift","0.5","0","2","5","5","0.5","5","20","9","1.5","50","7.7048516273498535","0.319","0.0005555555555555556"
"cifar10","20","2","mixed_maturity","rffl_reputation","dirichlet_lcb","benign_concept_drift","0.5","1","2","5","5","0.5","5","20","9","1.5","1","6.531005382537842","0.223","0.21722222222222223"
"cifar10","20","2","mixed_maturity","rffl_reputation","dirichlet_lcb","benign_concept_drift","0.5","1","2","5","5","0.5","5","20","9","1.5","2","9.473444938659668","0.1735","0.0011111111111111111"
"cifar10","20","2","mixed_maturity","rffl_reputation","dirichlet_lcb","benign_concept_drift","0.5","1","2","5","5","0.5","5","20","9","1.5","3","10.289569854736328","0.1955","0.43555555555555553"
"cifar10","20","2","mixed_maturity","rffl_reputation","dirichlet_lcb","benign_concept_drift","0.5","1","2","5","5","0.5","5","20","9","1.5","4","7.181046485900879","0.2725","0.06888888888888889"
"cifar10","20","2","mixed_maturity","rffl_reputation","dirichlet_lcb","benign_concept_drift","0.5","1","2","5","5","0.5","5","20","9","1.5","5","6.208738327026367","0.2595","0.028333333333333332"
"cifar10","20","2","mixed_maturity","rffl_reputation","dirichlet_lcb","benign_concept_drift","0.5","1","2","5","5","0.5","5","20","9","1.5","6","5.78138542175293","0.2815","0.05388888888888889"
"cifar10","20","2","mixed_maturity","rffl_reputation","dirichlet_lcb","benign_concept_drift","0.5","1","2","5","5","0.5","5","20","9","1.5","7","7.551577091217041","0.262","0.0005555555555555556"
"cifar10","20","2","mixed_maturity","rffl_reputation","dirichlet_lcb","benign_concept_drift","0.5","1","2","5","5","0.5","5","20","9","1.5","8","6.82891845703125","0.276","0.0038888888888888888"
"cifar10","20","2","mixed_maturity","rffl_reputation","dirichlet_lcb","benign_concept_drift","0.5","1","2","5","5","0.5","5","20","9","1.5","9","5.622726917266846","0.308","0.08722222222222223"
"cifar10","20","2","mixed_maturity","rffl_reputation","dirichlet_lcb","benign_concept_drift","0.5","1","2","5","5","0.5","5","20","9","1.5","10","7.204227447509766","0.276","0.09722222222222222"
"cifar10","20","2","mixed_maturity","rffl_reputation","dirichlet_lcb","benign_concept_drift","0.5","1","2","5","5","0.5","5","20","9","1.5","11","7.1145734786987305","0.2625","0.08"
"cifar10","20","2","mixed_maturity","rffl_reputation","dirichlet_lcb","benign_concept_drift","0.5","1","2","5","5","0.5","5","20","9","1.5","12","5.813758850097656","0.3135","0.0811111111111111"
"cifar10","20","2","mixed_maturity","rffl_reputation","dirichlet_lcb","benign_concept_drift","0.5","1","2","5","5","0.5","5","20","9","1.5","13","6.9549665451049805","0.2885","0.019444444444444445"
"cifar10","20","2","mixed_maturity","rffl_reputation","dirichlet_lcb","benign_concept_drift","0.5","1","2","5","5","0.5","5","20","9","1.5","14","5.2935919761657715","0.329","0.06111111111111111"
"cifar10","20","2","mixed_maturity","rffl_reputation","dirichlet_lcb","benign_concept_drift","0.5","1","2","5","5","0.5","5","20","9","1.5","15","6.021299839019775","0.3075","0.056666666666666664"
"cifar10","20","2","mixed_maturity","rffl_reputation","dirichlet_lcb","benign_concept_drift","0.5","1","2","5","5","0.5","5","20","9","1.5","16","6.6944050788879395","0.2895","0.009444444444444445"
"cifar10","20","2","mixed_maturity","rffl_reputation","dirichlet_lcb","benign_concept_drift","0.5","1","2","5","5","0.5","5","20","9","1.5","17","6.179040908813477","0.3","0.15833333333333333"
"cifar10","20","2","mixed_maturity","rffl_reputation","dirichlet_lcb","benign_concept_drift","0.5","1","2","5","5","0.5","5","20","9","1.5","18","6.218632698059082","0.318","0.0038888888888888888"
"cifar10","20","2","mixed_maturity","rffl_reputation","dirichlet_lcb","benign_concept_drift","0.5","1","2","5","5","0.5","5","20","9","1.5","19","6.917998790740967","0.3045","0.03388888888888889"
"cifar10","20","2","mixed_maturity","rffl_reputation","dirichlet_lcb","benign_concept_drift","0.5","1","2","5","5","0.5","5","20","9","1.5","20","6.136878967285156","0.333","0.1661111111111111"
"cifar10","20","2","mixed_maturity","rffl_reputation","dirichlet_lcb","benign_concept_drift","0.5","1","2","5","5","0.5","5","20","9","1.5","21","7.291885852813721","0.3035","0.058888888888888886"
"cifar10","20","2","mixed_maturity","rffl_reputation","dirichlet_lcb","benign_concept_drift","0.5","1","2","5","5","0.5","5","20","9","1.5","22","7.080270290374756","0.3035","0.011111111111111112"
"cifar10","20","2","mixed_maturity","rffl_reputation","dirichlet_lcb","benign_concept_drift","0.5","1","2","5","5","0.5","5","20","9","1.5","23","6.701443672180176","0.303","0.0016666666666666668"
"cifar10","20","2","mixed_maturity","rffl_reputation","dirichlet_lcb","benign_concept_drift","0.5","1","2","5","5","0.5","5","20","9","1.5","24","7.720595836639404","0.297","0.145"
"cifar10","20","2","mixed_maturity","rffl_reputation","dirichlet_lcb","benign_concept_drift","0.5","1","2","5","5","0.5","5","20","9","1.5","25","5.684038162231445","0.346","0.049444444444444444"
"cifar10","20","2","mixed_maturity","rffl_reputation","dirichlet_lcb","benign_concept_drift","0.5","1","2","5","5","0.5","5","20","9","1.5","26","5.914412021636963","0.3405","0.008888888888888889"
"cifar10","20","2","mixed_maturity","rffl_reputation","dirichlet_lcb","benign_concept_drift","0.5","1","2","5","5","0.5","5","20","9","1.5","27","6.035359859466553","0.3425","0.03111111111111111"
"cifar10","20","2","mixed_maturity","rffl_reputation","dirichlet_lcb","benign_concept_drift","0.5","1","2","5","5","0.5","5","20","9","1.5","28","6.189939498901367","0.34","0.023333333333333334"
"cifar10","20","2","mixed_maturity","rffl_reputation","dirichlet_lcb","benign_concept_drift","0.5","1","2","5","5","0.5","5","20","9","1.5","29","6.01013708114624","0.3205","0.07611111111111112"
"cifar10","20","2","mixed_maturity","rffl_reputation","dirichlet_lcb","benign_concept_drift","0.5","1","2","5","5","0.5","5","20","9","1.5","30","5.9133620262146","0.3425","0.049444444444444444"
"cifar10","20","2","mixed_maturity","rffl_reputation","dirichlet_lcb","benign_concept_drift","0.5","1","2","5","5","0.5","5","20","9","1.5","31","6.515384674072266","0.3225","0.18333333333333332"
"cifar10","20","2","mixed_maturity","rffl_reputation","dirichlet_lcb","benign_concept_drift","0.5","1","2","5","5","0.5","5","20","9","1.5","32","7.216980934143066","0.3245","0.0005555555555555556"
"cifar10","20","2","mixed_maturity","rffl_reputation","dirichlet_lcb","benign_concept_drift","0.5","1","2","5","5","0.5","5","20","9","1.5","33","6.524837017059326","0.3255","0.0077777777777777776"
"cifar10","20","2","mixed_maturity","rffl_reputation","dirichlet_lcb","benign_concept_drift","0.5","1","2","5","5","0.5","5","20","9","1.5","34","7.242433547973633","0.2985","0.016666666666666666"
"cifar10","20","2","mixed_maturity","rffl_reputation","dirichlet_lcb","benign_concept_drift","0.5","1","2","5","5","0.5","5","20","9","1.5","35","5.863572120666504","0.3525","0.10944444444444444"
"cifar10","20","2","mixed_maturity","rffl_reputation","dirichlet_lcb","benign_concept_drift","0.5","1","2","5","5","0.5","5","20","9","1.5","36","6.713616847991943","0.3235","0.07111111111111111"
"cifar10","20","2","mixed_maturity","rffl_reputation","dirichlet_lcb","benign_concept_drift","0.5","1","2","5","5","0.5","5","20","9","1.5","37","6.6288065910339355","0.3135","0.023333333333333334"
"cifar10","20","2","mixed_maturity","rffl_reputation","dirichlet_lcb","benign_concept_drift","0.5","1","2","5","5","0.5","5","20","9","1.5","38","6.224918842315674","0.341","0.035"
"cifar10","20","2","mixed_maturity","rffl_reputation","dirichlet_lcb","benign_concept_drift","0.5","1","2","5","5","0.5","5","20","9","1.5","39","6.041276454925537","0.3545","0.08166666666666667"
"cifar10","20","2","mixed_maturity","rffl_reputation","dirichlet_lcb","benign_concept_drift","0.5","1","2","5","5","0.5","5","20","9","1.5","40","5.982457160949707","0.343","0.17333333333333334"
"cifar10","20","2","mixed_maturity","rffl_reputation","dirichlet_lcb","benign_concept_drift","0.5","1","2","5","5","0.5","5","20","9","1.5","41","6.797227382659912","0.304","0.016666666666666666"
"cifar10","20","2","mixed_maturity","rffl_reputation","dirichlet_lcb","benign_concept_drift","0.5","1","2","5","5","0.5","5","20","9","1.5","42","7.592439651489258","0.298","0.0016666666666666668"
"cifar10","20","2","mixed_maturity","rffl_reputation","dirichlet_lcb","benign_concept_drift","0.5","1","2","5","5","0.5","5","20","9","1.5","43","7.374519348144531","0.327","0.028888888888888888"
"cifar10","20","2","mixed_maturity","rffl_reputation","dirichlet_lcb","benign_concept_drift","0.5","1","2","5","5","0.5","5","20","9","1.5","44","6.960936546325684","0.3445","0.06833333333333333"
"cifar10","20","2","mixed_maturity","rffl_reputation","dirichlet_lcb","benign_concept_drift","0.5","1","2","5","5","0.5","5","20","9","1.5","45","6.334557056427002","0.3535","0.07111111111111111"
"cifar10","20","2","mixed_maturity","rffl_reputation","dirichlet_lcb","benign_concept_drift","0.5","1","2","5","5","0.5","5","20","9","1.5","46","6.178003787994385","0.346","0.03111111111111111"
"cifar10","20","2","mixed_maturity","rffl_reputation","dirichlet_lcb","benign_concept_drift","0.5","1","2","5","5","0.5","5","20","9","1.5","47","6.535786151885986","0.3325","0.05388888888888889"
"cifar10","20","2","mixed_maturity","rffl_reputation","dirichlet_lcb","benign_concept_drift","0.5","1","2","5","5","0.5","5","20","9","1.5","48","7.347296714782715","0.304","0.0005555555555555556"
"cifar10","20","2","mixed_maturity","rffl_reputation","dirichlet_lcb","benign_concept_drift","0.5","1","2","5","5","0.5","5","20","9","1.5","49","6.3180365562438965","0.3475","0.01"
"cifar10","20","2","mixed_maturity","rffl_reputation","dirichlet_lcb","benign_concept_drift","0.5","1","2","5","5","0.5","5","20","9","1.5","50","6.890264511108398","0.333","0.13444444444444445"
"cifar10","20","2","mixed_maturity","rffl_reputation","dirichlet_lcb","benign_concept_drift","0.5","2","2","5","5","0.5","5","20","9","1.5","1","8.045515060424805","0.218","0.0"
"cifar10","20","2","mixed_maturity","rffl_reputation","dirichlet_lcb","benign_concept_drift","0.5","2","2","5","5","0.5","5","20","9","1.5","2","7.572707653045654","0.196","0.0033333333333333335"
"cifar10","20","2","mixed_maturity","rffl_reputation","dirichlet_lcb","benign_concept_drift","0.5","2","2","5","5","0.5","5","20","9","1.5","3","7.055084705352783","0.2395","0.01"
"cifar10","20","2","mixed_maturity","rffl_reputation","dirichlet_lcb","benign_concept_drift","0.5","2","2","5","5","0.5","5","20","9","1.5","4","7.030249118804932","0.234","0.2788888888888889"
"cifar10","20","2","mixed_maturity","rffl_reputation","dirichlet_lcb","benign_concept_drift","0.5","2","2","5","5","0.5","5","20","9","1.5","5","7.836203098297119","0.2525","0.10666666666666667"
"cifar10","20","2","mixed_maturity","rffl_reputation","dirichlet_lcb","benign_concept_drift","0.5","2","2","5","5","0.5","5","20","9","1.5","6","7.642059803009033","0.2825","0.016666666666666666"
"cifar10","20","2","mixed_maturity","rffl_reputation","dirichlet_lcb","benign_concept_drift","0.5","2","2","5","5","0.5","5","20","9","1.5","7","6.232893466949463","0.3115","0.06222222222222222"
"cifar10","20","2","mixed_maturity","rffl_reputation","dirichlet_lcb","benign_concept_drift","0.5","2","2","5","5","0.5","5","20","9","1.5","8","6.98390007019043","0.2765","0.14222222222222222"
"cifar10","20","2","mixed_maturity","rffl_reputation","dirichlet_lcb","benign_concept_drift","0.5","2","2","5","5","0.5","5","20","9","1.5","9","10.096003532409668","0.2495","0.19166666666666668"
"cifar10","20","2","mixed_maturity","rffl_reputation","dirichlet_lcb","benign_concept_drift","0.5","2","2","5","5","0.5","5","20","9","1.5","10","5.4261603355407715","0.312","0.030555555555555555"
"cifar10","20","2","mixed_maturity","rffl_reputation","dirichlet_lcb","benign_concept_drift","0.5","2","2","5","5","0.5","5","20","9","1.5","11","6.3450140953063965","0.3085","0.1288888888888889"
"cifar10","20","2","mixed_maturity","rffl_reputation","dirichlet_lcb","benign_concept_drift","0.5","2","2","5","5","0.5","5","20","9","1.5","12","7.010256767272949","0.2855","0.16444444444444445"
"cifar10","20","2","mixed_maturity","rffl_reputation","dirichlet_lcb","benign_concept_drift","0.5","2","2","5","5","0.5","5","20","9","1.5","13","6.1338067054748535","0.318","0.14277777777777778"
"cifar10","20","2","mixed_maturity","rffl_reputation","dirichlet_lcb","benign_concept_drift","0.5","2","2","5","5","0.5","5","20","9","1.5","14","7.082427501678467","0.307","0.02388888888888889"
"cifar10","20","2","mixed_maturity","rffl_reputation","dirichlet_lcb","benign_concept_drift","0.5","2","2","5","5","0.5","5","20","9","1.5","15","6.874068260192871","0.3035","0.21722222222222223"
"cifar10","20","2","mixed_maturity","rffl_reputation","dirichlet_lcb","benign_concept_drift","0.5","2","2","5","5","0.5","5","20","9","1.5","16","6.193194389343262","0.322","0.22444444444444445"
"cifar10","20","2","mixed_maturity","rffl_reputation","dirichlet_lcb","benign_concept_drift","0.5","2","2","5","5","0.5","5","20","9","1.5","17","6.657805442810059","0.2995","0.19722222222222222"
"cifar10","20","2","mixed_maturity","rffl_reputation","dirichlet_lcb","benign_concept_drift","0.5","2","2","5","5","0.5","5","20","9","1.5","18","7.563026428222656","0.2885","0.2361111111111111"
"cifar10","20","2","mixed_maturity","rffl_reputation","dirichlet_lcb","benign_concept_drift","0.5","2","2","5","5","0.5","5","20","9","1.5","19","6.864051818847656","0.2935","0.06777777777777778"
"cifar10","20","2","mixed_maturity","rffl_reputation","dirichlet_lcb","benign_concept_drift","0.5","2","2","5","5","0.5","5","20","9","1.5","20","5.794259548187256","0.3375","0.10277777777777777"
"cifar10","20","2","mixed_maturity","rffl_reputation","dirichlet_lcb","benign_concept_drift","0.5","2","2","5","5","0.5","5","20","9","1.5","21","6.77230167388916","0.346","0.08666666666666667"
"cifar10","20","2","mixed_maturity","rffl_reputation","dirichlet_lcb","benign_concept_drift","0.5","2","2","5","5","0.5","5","20","9","1.5","22","6.4476728439331055","0.3225","0.15166666666666667"
"cifar10","20","2","mixed_maturity","rffl_reputation","dirichlet_lcb","benign_concept_drift","0.5","2","2","5","5","0.5","5","20","9","1.5","23","8.898241996765137","0.264","0.4088888888888889"
"cifar10","20","2","mixed_maturity","rffl_reputation","dirichlet_lcb","benign_concept_drift","0.5","2","2","5","5","0.5","5","20","9","1.5","24","6.339461803436279","0.3485","0.13555555555555557"
"cifar10","20","2","mixed_maturity","rffl_reputation","dirichlet_lcb","benign_concept_drift","0.5","2","2","5","5","0.5","5","20","9","1.5","25","7.979174613952637","0.29","0.09833333333333333"
"cifar10","20","2","mixed_maturity","rffl_reputation","dirichlet_lcb","benign_concept_drift","0.5","2","2","5","5","0.5","5","20","9","1.5","26","7.14960241317749","0.3165","0.006111111111111111"
"cifar10","20","2","mixed_maturity","rffl_reputation","dirichlet_lcb","benign_concept_drift","0.5","2","2","5","5","0.5","5","20","9","1.5","27","6.287187576293945","0.3525","0.03111111111111111"
"cifar10","20","2","mixed_maturity","rffl_reputation","dirichlet_lcb","benign_concept_drift","0.5","2","2","5","5","0.5","5","20","9","1.5","28","7.791227340698242","0.2845","0.18666666666666668"
"cifar10","20","2","mixed_maturity","rffl_reputation","dirichlet_lcb","benign_concept_drift","0.5","2","2","5","5","0.5","5","20","9","1.5","29","6.870047092437744","0.327","0.14166666666666666"
"cifar10","20","2","mixed_maturity","rffl_reputation","dirichlet_lcb","benign_concept_drift","0.5","2","2","5","5","0.5","5","20","9","1.5","30","8.900506019592285","0.284","0.22555555555555556"
"cifar10","20","2","mixed_maturity","rffl_reputation","dirichlet_lcb","benign_concept_drift","0.5","2","2","5","5","0.5","5","20","9","1.5","31","8.194723129272461","0.317","0.17722222222222223"
"cifar10","20","2","mixed_maturity","rffl_reputation","dirichlet_lcb","benign_concept_drift","0.5","2","2","5","5","0.5","5","20","9","1.5","32","6.113887786865234","0.335","0.11944444444444445"
"cifar10","20","2","mixed_maturity","rffl_reputation","dirichlet_lcb","benign_concept_drift","0.5","2","2","5","5","0.5","5","20","9","1.5","33","8.010589599609375","0.299","0.24555555555555555"
"cifar10","20","2","mixed_maturity","rffl_reputation","dirichlet_lcb","benign_concept_drift","0.5","2","2","5","5","0.5","5","20","9","1.5","34","6.746497631072998","0.3365","0.034444444444444444"
"cifar10","20","2","mixed_maturity","rffl_reputation","dirichlet_lcb","benign_concept_drift","0.5","2","2","5","5","0.5","5","20","9","1.5","35","6.37467098236084","0.3375","0.18222222222222223"
"cifar10","20","2","mixed_maturity","rffl_reputation","dirichlet_lcb","benign_concept_drift","0.5","2","2","5","5","0.5","5","20","9","1.5","36","6.034885883331299","0.3665","0.05"
"cifar10","20","2","mixed_maturity","rffl_reputation","dirichlet_lcb","benign_concept_drift","0.5","2","2","5","5","0.5","5","20","9","1.5","37","7.672858238220215","0.3245","0.17944444444444443"
"cifar10","20","2","mixed_maturity","rffl_reputation","dirichlet_lcb","benign_concept_drift","0.5","2","2","5","5","0.5","5","20","9","1.5","38","6.858025550842285","0.327","0.2461111111111111"
"cifar10","20","2","mixed_maturity","rffl_reputation","dirichlet_lcb","benign_concept_drift","0.5","2","2","5","5","0.5","5","20","9","1.5","39","6.213245868682861","0.353","0.08888888888888889"
"cifar10","20","2","mixed_maturity","rffl_reputation","dirichlet_lcb","benign_concept_drift","0.5","2","2","5","5","0.5","5","20","9","1.5","40","6.234311580657959","0.3585","0.04555555555555556"
"cifar10","20","2","mixed_maturity","rffl_reputation","dirichlet_lcb","benign_concept_drift","0.5","2","2","5","5","0.5","5","20","9","1.5","41","5.754482269287109","0.359","0.06777777777777778"
"cifar10","20","2","mixed_maturity","rffl_reputation","dirichlet_lcb","benign_concept_drift","0.5","2","2","5","5","0.5","5","20","9","1.5","42","5.8488450050354","0.3605","0.06"
"cifar10","20","2","mixed_maturity","rffl_reputation","dirichlet_lcb","benign_concept_drift","0.5","2","2","5","5","0.5","5","20","9","1.5","43","6.698237419128418","0.337","0.02722222222222222"
"cifar10","20","2","mixed_maturity","rffl_reputation","dirichlet_lcb","benign_concept_drift","0.5","2","2","5","5","0.5","5","20","9","1.5","44","5.764377117156982","0.3635","0.04777777777777778"
"cifar10","20","2","mixed_maturity","rffl_reputation","dirichlet_lcb","benign_concept_drift","0.5","2","2","5","5","0.5","5","20","9","1.5","45","5.8590898513793945","0.3765","0.06222222222222222"
"cifar10","20","2","mixed_maturity","rffl_reputation","dirichlet_lcb","benign_concept_drift","0.5","2","2","5","5","0.5","5","20","9","1.5","46","6.614503860473633","0.3355","0.06944444444444445"
"cifar10","20","2","mixed_maturity","rffl_reputation","dirichlet_lcb","benign_concept_drift","0.5","2","2","5","5","0.5","5","20","9","1.5","47","7.492565155029297","0.3315","0.18388888888888888"
"cifar10","20","2","mixed_maturity","rffl_reputation","dirichlet_lcb","benign_concept_drift","0.5","2","2","5","5","0.5","5","20","9","1.5","48","5.639023303985596","0.369","0.135"
"cifar10","20","2","mixed_maturity","rffl_reputation","dirichlet_lcb","benign_concept_drift","0.5","2","2","5","5","0.5","5","20","9","1.5","49","6.228687763214111","0.354","0.11722222222222223"
"cifar10","20","2","mixed_maturity","rffl_reputation","dirichlet_lcb","benign_concept_drift","0.5","2","2","5","5","0.5","5","20","9","1.5","50","6.602395534515381","0.3405","0.06555555555555556"
"cifar10","20","2","mixed_maturity","rffl_reputation","dirichlet_lcb","benign_concept_drift","0.5","3","2","5","5","0.5","5","20","9","1.5","1","9.804333686828613","0.1545","0.0"
"cifar10","20","2","mixed_maturity","rffl_reputation","dirichlet_lcb","benign_concept_drift","0.5","3","2","5","5","0.5","5","20","9","1.5","2","9.678070068359375","0.19","0.0005555555555555556"
"cifar10","20","2","mixed_maturity","rffl_reputation","dirichlet_lcb","benign_concept_drift","0.5","3","2","5","5","0.5","5","20","9","1.5","3","5.976160049438477","0.255","0.019444444444444445"
"cifar10","20","2","mixed_maturity","rffl_reputation","dirichlet_lcb","benign_concept_drift","0.5","3","2","5","5","0.5","5","20","9","1.5","4","5.547891616821289","0.2365","0.011111111111111112"
"cifar10","20","2","mixed_maturity","rffl_reputation","dirichlet_lcb","benign_concept_drift","0.5","3","2","5","5","0.5","5","20","9","1.5","5","9.39768123626709","0.2105","0.02388888888888889"
"cifar10","20","2","mixed_maturity","rffl_reputation","dirichlet_lcb","benign_concept_drift","0.5","3","2","5","5","0.5","5","20","9","1.5","6","7.5974955558776855","0.286","0.04611111111111111"
"cifar10","20","2","mixed_maturity","rffl_reputation","dirichlet_lcb","benign_concept_drift","0.5","3","2","5","5","0.5","5","20","9","1.5","7","6.77121639251709","0.289","0.0811111111111111"
"cifar10","20","2","mixed_maturity","rffl_reputation","dirichlet_lcb","benign_concept_drift","0.5","3","2","5","5","0.5","5","20","9","1.5","8","6.202720642089844","0.2895","0.115"
"cifar10","20","2","mixed_maturity","rffl_reputation","dirichlet_lcb","benign_concept_drift","0.5","3","2","5","5","0.5","5","20","9","1.5","9","6.907040119171143","0.2975","0.03"
"cifar10","20","2","mixed_maturity","rffl_reputation","dirichlet_lcb","benign_concept_drift","0.5","3","2","5","5","0.5","5","20","9","1.5","10","6.795380115509033","0.2905","0.13777777777777778"
"cifar10","20","2","mixed_maturity","rffl_reputation","dirichlet_lcb","benign_concept_drift","0.5","3","2","5","5","0.5","5","20","9","1.5","11","6.459274768829346","0.3255","0.04888888888888889"
"cifar10","20","2","mixed_maturity","rffl_reputation","dirichlet_lcb","benign_concept_drift","0.5","3","2","5","5","0.5","5","20","9","1.5","12","6.265521049499512","0.3185","0.025555555555555557"
"cifar10","20","2","mixed_maturity","rffl_reputation","dirichlet_lcb","benign_concept_drift","0.5","3","2","5","5","0.5","5","20","9","1.5","13","7.266261577606201","0.304","0.07666666666666666"
"cifar10","20","2","mixed_maturity","rffl_reputation","dirichlet_lcb","benign_concept_drift","0.5","3","2","5","5","0.5","5","20","9","1.5","14","7.576127052307129","0.284","0.017777777777777778"
"cifar10","20","2","mixed_maturity","rffl_reputation","dirichlet_lcb","benign_concept_drift","0.5","3","2","5","5","0.5","5","20","9","1.5","15","5.936944484710693","0.322","0.009444444444444445"
"cifar10","20","2","mixed_maturity","rffl_reputation","dirichlet_lcb","benign_concept_drift","0.5","3","2","5","5","0.5","5","20","9","1.5","16","6.70475959777832","0.3385","0.15388888888888888"
"cifar10","20","2","mixed_maturity","rffl_reputation","dirichlet_lcb","benign_concept_drift","0.5","3","2","5","5","0.5","5","20","9","1.5","17","6.352144718170166","0.337","0.09444444444444444"
"cifar10","20","2","mixed_maturity","rffl_reputation","dirichlet_lcb","benign_concept_drift","0.5","3","2","5","5","0.5","5","20","9","1.5","18","6.0060505867004395","0.334","0.07555555555555556"
"cifar10","20","2","mixed_maturity","rffl_reputation","dirichlet_lcb","benign_concept_drift","0.5","3","2","5","5","0.5","5","20","9","1.5","19","6.244998931884766","0.3105","0.049444444444444444"
"cifar10","20","2","mixed_maturity","rffl_reputation","dirichlet_lcb","benign_concept_drift","0.5","3","2","5","5","0.5","5","20","9","1.5","20","7.691422939300537","0.306","0.03388888888888889"
"cifar10","20","2","mixed_maturity","rffl_reputation","dirichlet_lcb","benign_concept_drift","0.5","3","2","5","5","0.5","5","20","9","1.5","21","6.524949550628662","0.3415","0.11055555555555556"
"cifar10","20","2","mixed_maturity","rffl_reputation","dirichlet_lcb","benign_concept_drift","0.5","3","2","5","5","0.5","5","20","9","1.5","22","6.5527520179748535","0.317","0.010555555555555556"
"cifar10","20","2","mixed_maturity","rffl_reputation","dirichlet_lcb","benign_concept_drift","0.5","3","2","5","5","0.5","5","20","9","1.5","23","6.810039520263672","0.3305","0.09055555555555556"
"cifar10","20","2","mixed_maturity","rffl_reputation","dirichlet_lcb","benign_concept_drift","0.5","3","2","5","5","0.5","5","20","9","1.5","24","6.20048189163208","0.342","0.06833333333333333"
"cifar10","20","2","mixed_maturity","rffl_reputation","dirichlet_lcb","benign_concept_drift","0.5","3","2","5","5","0.5","5","20","9","1.5","25","5.8707780838012695","0.344","0.06555555555555556"
"cifar10","20","2","mixed_maturity","rffl_reputation","dirichlet_lcb","benign_concept_drift","0.5","3","2","5","5","0.5","5","20","9","1.5","26","6.334521770477295","0.3355","0.17222222222222222"
"cifar10","20","2","mixed_maturity","rffl_reputation","dirichlet_lcb","benign_concept_drift","0.5","3","2","5","5","0.5","5","20","9","1.5","27","6.114902496337891","0.3065","0.04888888888888889"
"cifar10","20","2","mixed_maturity","rffl_reputation","dirichlet_lcb","benign_concept_drift","0.5","3","2","5","5","0.5","5","20","9","1.5","28","6.032054901123047","0.3375","0.075"
"cifar10","20","2","mixed_maturity","rffl_reputation","dirichlet_lcb","benign_concept_drift","0.5","3","2","5","5","0.5","5","20","9","1.5","29","8.12856674194336","0.2845","0.09666666666666666"
"cifar10","20","2","mixed_maturity","rffl_reputation","dirichlet_lcb","benign_concept_drift","0.5","3","2","5","5","0.5","5","20","9","1.5","30","6.5581278800964355","0.335","0.08333333333333333"
"cifar10","20","2","mixed_maturity","rffl_reputation","dirichlet_lcb","benign_concept_drift","0.5","3","2","5","5","0.5","5","20","9","1.5","31","6.545258045196533","0.3245","0.01888888888888889"
"cifar10","20","2","mixed_maturity","rffl_reputation","dirichlet_lcb","benign_concept_drift","0.5","3","2","5","5","0.5","5","20","9","1.5","32","7.274509906768799","0.2985","0.017222222222222222"
"cifar10","20","2","mixed_maturity","rffl_reputation","dirichlet_lcb","benign_concept_drift","0.5","3","2","5","5","0.5","5","20","9","1.5","33","7.360428810119629","0.3105","0.013333333333333334"
"cifar10","20","2","mixed_maturity","rffl_reputation","dirichlet_lcb","benign_concept_drift","0.5","3","2","5","5","0.5","5","20","9","1.5","34","6.217673301696777","0.346","0.006111111111111111"
"cifar10","20","2","mixed_maturity","rffl_reputation","dirichlet_lcb","benign_concept_drift","0.5","3","2","5","5","0.5","5","20","9","1.5","35","5.9372429847717285","0.344","0.023333333333333334"
"cifar10","20","2","mixed_maturity","rffl_reputation","dirichlet_lcb","benign_concept_drift","0.5","3","2","5","5","0.5","5","20","9","1.5","36","7.2562031745910645","0.314","0.008888888888888889"
"cifar10","20","2","mixed_maturity","rffl_reputation","dirichlet_lcb","benign_concept_drift","0.5","3","2","5","5","0.5","5","20","9","1.5","37","6.701446056365967","0.3395","0.042222222222222223"
"cifar10","20","2","mixed_maturity","rffl_reputation","dirichlet_lcb","benign_concept_drift","0.5","3","2","5","5","0.5","5","20","9","1.5","38","6.980676174163818","0.33","0.01611111111111111"
"cifar10","20","2","mixed_maturity","rffl_reputation","dirichlet_lcb","benign_concept_drift","0.5","3","2","5","5","0.5","5","20","9","1.5","39","7.101352214813232","0.3145","0.15444444444444444"
"cifar10","20","2","mixed_maturity","rffl_reputation","dirichlet_lcb","benign_concept_drift","0.5","3","2","5","5","0.5","5","20","9","1.5","40","7.479281425476074","0.3175","0.025555555555555557"
"cifar10","20","2","mixed_maturity","rffl_reputation","dirichlet_lcb","benign_concept_drift","0.5","3","2","5","5","0.5","5","20","9","1.5","41","8.136188507080078","0.301","0.005"
"cifar10","20","2","mixed_maturity","rffl_reputation","dirichlet_lcb","benign_concept_drift","0.5","3","2","5","5","0.5","5","20","9","1.5","42","6.981651306152344","0.3115","0.002777777777777778"
"cifar10","20","2","mixed_maturity","rffl_reputation","dirichlet_lcb","benign_concept_drift","0.5","3","2","5","5","0.5","5","20","9","1.5","43","5.92760705947876","0.365","0.02277777777777778"
"cifar10","20","2","mixed_maturity","rffl_reputation","dirichlet_lcb","benign_concept_drift","0.5","3","2","5","5","0.5","5","20","9","1.5","44","5.952127933502197","0.3535","0.034444444444444444"
"cifar10","20","2","mixed_maturity","rffl_reputation","dirichlet_lcb","benign_concept_drift","0.5","3","2","5","5","0.5","5","20","9","1.5","45","6.1352763175964355","0.337","0.01611111111111111"
"cifar10","20","2","mixed_maturity","rffl_reputation","dirichlet_lcb","benign_concept_drift","0.5","3","2","5","5","0.5","5","20","9","1.5","46","6.730408191680908","0.34","0.07222222222222222"
"cifar10","20","2","mixed_maturity","rffl_reputation","dirichlet_lcb","benign_concept_drift","0.5","3","2","5","5","0.5","5","20","9","1.5","47","7.384650707244873","0.3085","0.05"
"cifar10","20","2","mixed_maturity","rffl_reputation","dirichlet_lcb","benign_concept_drift","0.5","3","2","5","5","0.5","5","20","9","1.5","48","5.667830944061279","0.375","0.09055555555555556"
"cifar10","20","2","mixed_maturity","rffl_reputation","dirichlet_lcb","benign_concept_drift","0.5","3","2","5","5","0.5","5","20","9","1.5","49","6.047938823699951","0.3525","0.16444444444444445"
"cifar10","20","2","mixed_maturity","rffl_reputation","dirichlet_lcb","benign_concept_drift","0.5","3","2","5","5","0.5","5","20","9","1.5","50","6.5982747077941895","0.3405","0.04777777777777778"
"cifar10","20","2","mixed_maturity","rffl_reputation","dirichlet_lcb","benign_concept_drift","0.5","4","2","5","5","0.5","5","20","9","1.5","1","11.541522979736328","0.1175","0.0"
"cifar10","20","2","mixed_maturity","rffl_reputation","dirichlet_lcb","benign_concept_drift","0.5","4","2","5","5","0.5","5","20","9","1.5","2","7.524821758270264","0.269","0.045"
"cifar10","20","2","mixed_maturity","rffl_reputation","dirichlet_lcb","benign_concept_drift","0.5","4","2","5","5","0.5","5","20","9","1.5","3","6.8787922859191895","0.234","0.05722222222222222"
"cifar10","20","2","mixed_maturity","rffl_reputation","dirichlet_lcb","benign_concept_drift","0.5","4","2","5","5","0.5","5","20","9","1.5","4","9.04963493347168","0.26","0.24166666666666667"
"cifar10","20","2","mixed_maturity","rffl_reputation","dirichlet_lcb","benign_concept_drift","0.5","4","2","5","5","0.5","5","20","9","1.5","5","6.4431915283203125","0.261","0.013888888888888888"
"cifar10","20","2","mixed_maturity","rffl_reputation","dirichlet_lcb","benign_concept_drift","0.5","4","2","5","5","0.5","5","20","9","1.5","6","5.816501140594482","0.2795","0.13166666666666665"
"cifar10","20","2","mixed_maturity","rffl_reputation","dirichlet_lcb","benign_concept_drift","0.5","4","2","5","5","0.5","5","20","9","1.5","7","6.114804267883301","0.2995","0.15"
"cifar10","20","2","mixed_maturity","rffl_reputation","dirichlet_lcb","benign_concept_drift","0.5","4","2","5","5","0.5","5","20","9","1.5","8","9.446393013000488","0.2515","0.35833333333333334"
"cifar10","20","2","mixed_maturity","rffl_reputation","dirichlet_lcb","benign_concept_drift","0.5","4","2","5","5","0.5","5","20","9","1.5","9","5.958527565002441","0.315","0.10444444444444445"
"cifar10","20","2","mixed_maturity","rffl_reputation","dirichlet_lcb","benign_concept_drift","0.5","4","2","5","5","0.5","5","20","9","1.5","10","6.978999137878418","0.2985","0.028333333333333332"
"cifar10","20","2","mixed_maturity","rffl_reputation","dirichlet_lcb","benign_concept_drift","0.5","4","2","5","5","0.5","5","20","9","1.5","11","6.176784992218018","0.2795","0.18888888888888888"
"cifar10","20","2","mixed_maturity","rffl_reputation","dirichlet_lcb","benign_concept_drift","0.5","4","2","5","5","0.5","5","20","9","1.5","12","5.984126091003418","0.3045","0.09444444444444444"
"cifar10","20","2","mixed_maturity","rffl_reputation","dirichlet_lcb","benign_concept_drift","0.5","4","2","5","5","0.5","5","20","9","1.5","13","7.012253761291504","0.267","0.24333333333333335"
"cifar10","20","2","mixed_maturity","rffl_reputation","dirichlet_lcb","benign_concept_drift","0.5","4","2","5","5","0.5","5","20","9","1.5","14","6.222003936767578","0.3295","0.0016666666666666668"
"cifar10","20","2","mixed_maturity","rffl_reputation","dirichlet_lcb","benign_concept_drift","0.5","4","2","5","5","0.5","5","20","9","1.5","15","6.036266803741455","0.331","0.08944444444444444"
"cifar10","20","2","mixed_maturity","rffl_reputation","dirichlet_lcb","benign_concept_drift","0.5","4","2","5","5","0.5","5","20","9","1.5","16","6.284661293029785","0.315","0.08388888888888889"
"cifar10","20","2","mixed_maturity","rffl_reputation","dirichlet_lcb","benign_concept_drift","0.5","4","2","5","5","0.5","5","20","9","1.5","17","6.400817394256592","0.328","0.021111111111111112"
"cifar10","20","2","mixed_maturity","rffl_reputation","dirichlet_lcb","benign_concept_drift","0.5","4","2","5","5","0.5","5","20","9","1.5","18","6.7095537185668945","0.299","0.18777777777777777"
"cifar10","20","2","mixed_maturity","rffl_reputation","dirichlet_lcb","benign_concept_drift","0.5","4","2","5","5","0.5","5","20","9","1.5","19","6.1012773513793945","0.3325","0.07166666666666667"
"cifar10","20","2","mixed_maturity","rffl_reputation","dirichlet_lcb","benign_concept_drift","0.5","4","2","5","5","0.5","5","20","9","1.5","20","6.348299980163574","0.319","0.19611111111111112"
"cifar10","20","2","mixed_maturity","rffl_reputation","dirichlet_lcb","benign_concept_drift","0.5","4","2","5","5","0.5","5","20","9","1.5","21","6.5714802742004395","0.3415","0.08944444444444444"
"cifar10","20","2","mixed_maturity","rffl_reputation","dirichlet_lcb","benign_concept_drift","0.5","4","2","5","5","0.5","5","20","9","1.5","22","5.704847812652588","0.348","0.09388888888888888"
"cifar10","20","2","mixed_maturity","rffl_reputation","dirichlet_lcb","benign_concept_drift","0.5","4","2","5","5","0.5","5","20","9","1.5","23","6.395922660827637","0.3345","0.1272222222222222"
"cifar10","20","2","mixed_maturity","rffl_reputation","dirichlet_lcb","benign_concept_drift","0.5","4","2","5","5","0.5","5","20","9","1.5","24","6.097994804382324","0.3205","0.105"
"cifar10","20","2","mixed_maturity","rffl_reputation","dirichlet_lcb","benign_concept_drift","0.5","4","2","5","5","0.5","5","20","9","1.5","25","6.013708591461182","0.352","0.08611111111111111"
"cifar10","20","2","mixed_maturity","rffl_reputation","dirichlet_lcb","benign_concept_drift","0.5","4","2","5","5","0.5","5","20","9","1.5","26","5.858657360076904","0.3475","0.19277777777777777"
"cifar10","20","2","mixed_maturity","rffl_reputation","dirichlet_lcb","benign_concept_drift","0.5","4","2","5","5","0.5","5","20","9","1.5","27","6.999222278594971","0.337","0.028333333333333332"
"cifar10","20","2","mixed_maturity","rffl_reputation","dirichlet_lcb","benign_concept_drift","0.5","4","2","5","5","0.5","5","20","9","1.5","28","6.8188252449035645","0.312","0.15611111111111112"
"cifar10","20","2","mixed_maturity","rffl_reputation","dirichlet_lcb","benign_concept_drift","0.5","4","2","5","5","0.5","5","20","9","1.5","29","5.68603515625","0.36","0.025555555555555557"
"cifar10","20","2","mixed_maturity","rffl_reputation","dirichlet_lcb","benign_concept_drift","0.5","4","2","5","5","0.5","5","20","9","1.5","30","7.111577987670898","0.304","0.15"
"cifar10","20","2","mixed_maturity","rffl_reputation","dirichlet_lcb","benign_concept_drift","0.5","4","2","5","5","0.5","5","20","9","1.5","31","5.899717807769775","0.352","0.1"
"cifar10","20","2","mixed_maturity","rffl_reputation","dirichlet_lcb","benign_concept_drift","0.5","4","2","5","5","0.5","5","20","9","1.5","32","6.409829139709473","0.358","0.11"
"cifar10","20","2","mixed_maturity","rffl_reputation","dirichlet_lcb","benign_concept_drift","0.5","4","2","5","5","0.5","5","20","9","1.5","33","5.777551651000977","0.3715","0.065"
"cifar10","20","2","mixed_maturity","rffl_reputation","dirichlet_lcb","benign_concept_drift","0.5","4","2","5","5","0.5","5","20","9","1.5","34","7.43349027633667","0.326","0.15833333333333333"
"cifar10","20","2","mixed_maturity","rffl_reputation","dirichlet_lcb","benign_concept_drift","0.5","4","2","5","5","0.5","5","20","9","1.5","35","6.6029052734375","0.335","0.18833333333333332"
"cifar10","20","2","mixed_maturity","rffl_reputation","dirichlet_lcb","benign_concept_drift","0.5","4","2","5","5","0.5","5","20","9","1.5","36","6.193844795227051","0.3585","0.006111111111111111"
"cifar10","20","2","mixed_maturity","rffl_reputation","dirichlet_lcb","benign_concept_drift","0.5","4","2","5","5","0.5","5","20","9","1.5","37","6.748266696929932","0.317","0.03611111111111111"
"cifar10","20","2","mixed_maturity","rffl_reputation","dirichlet_lcb","benign_concept_drift","0.5","4","2","5","5","0.5","5","20","9","1.5","38","8.123871803283691","0.2995","0.13277777777777777"
"cifar10","20","2","mixed_maturity","rffl_reputation","dirichlet_lcb","benign_concept_drift","0.5","4","2","5","5","0.5","5","20","9","1.5","39","5.821498870849609","0.3605","0.05611111111111111"
"cifar10","20","2","mixed_maturity","rffl_reputation","dirichlet_lcb","benign_concept_drift","0.5","4","2","5","5","0.5","5","20","9","1.5","40","7.091305255889893","0.2985","0.115"
"cifar10","20","2","mixed_maturity","rffl_reputation","dirichlet_lcb","benign_concept_drift","0.5","4","2","5","5","0.5","5","20","9","1.5","41","7.251489639282227","0.311","0.0661111111111111"
"cifar10","20","2","mixed_maturity","rffl_reputation","dirichlet_lcb","benign_concept_drift","0.5","4","2","5","5","0.5","5","20","9","1.5","42","6.652199745178223","0.334","0.13"
"cifar10","20","2","mixed_maturity","rffl_reputation","dirichlet_lcb","benign_concept_drift","0.5","4","2","5","5","0.5","5","20","9","1.5","43","6.209748268127441","0.361","0.10166666666666667"
"cifar10","20","2","mixed_maturity","rffl_reputation","dirichlet_lcb","benign_concept_drift","0.5","4","2","5","5","0.5","5","20","9","1.5","44","6.509440898895264","0.3255","0.03833333333333333"
"cifar10","20","2","mixed_maturity","rffl_reputation","dirichlet_lcb","benign_concept_drift","0.5","4","2","5","5","0.5","5","20","9","1.5","45","6.2117486000061035","0.355","0.01888888888888889"
"cifar10","20","2","mixed_maturity","rffl_reputation","dirichlet_lcb","benign_concept_drift","0.5","4","2","5","5","0.5","5","20","9","1.5","46","6.223066806793213","0.338","0.10444444444444445"
"cifar10","20","2","mixed_maturity","rffl_reputation","dirichlet_lcb","benign_concept_drift","0.5","4","2","5","5","0.5","5","20","9","1.5","47","6.499149322509766","0.3525","0.05388888888888889"
"cifar10","20","2","mixed_maturity","rffl_reputation","dirichlet_lcb","benign_concept_drift","0.5","4","2","5","5","0.5","5","20","9","1.5","48","5.916555881500244","0.3585","0.02666666666666667"
"cifar10","20","2","mixed_maturity","rffl_reputation","dirichlet_lcb","benign_concept_drift","0.5","4","2","5","5","0.5","5","20","9","1.5","49","6.677108287811279","0.325","0.07555555555555556"
"cifar10","20","2","mixed_maturity","rffl_reputation","dirichlet_lcb","benign_concept_drift","0.5","4","2","5","5","0.5","5","20","9","1.5","50","7.069949150085449","0.3405","0.21"
"cifar10","20","2","mixed_maturity","access_freshness_lease","dirichlet_lcb","diverse_then_repeat_backdoor","0.5","5","2","5","5","0.5","5","20","9","1.5","1","7.987802028656006","0.15","0.7327777777777778"
"cifar10","20","2","mixed_maturity","access_freshness_lease","dirichlet_lcb","diverse_then_repeat_backdoor","0.5","5","2","5","5","0.5","5","20","9","1.5","2","7.169879913330078","0.2255","0.006111111111111111"
"cifar10","20","2","mixed_maturity","access_freshness_lease","dirichlet_lcb","diverse_then_repeat_backdoor","0.5","5","2","5","5","0.5","5","20","9","1.5","3","5.151666164398193","0.241","0.023333333333333334"
"cifar10","20","2","mixed_maturity","access_freshness_lease","dirichlet_lcb","diverse_then_repeat_backdoor","0.5","5","2","5","5","0.5","5","20","9","1.5","4","6.477102756500244","0.275","0.1461111111111111"
"cifar10","20","2","mixed_maturity","access_freshness_lease","dirichlet_lcb","diverse_then_repeat_backdoor","0.5","5","2","5","5","0.5","5","20","9","1.5","5","7.767827987670898","0.2335","0.051111111111111114"
"cifar10","20","2","mixed_maturity","access_freshness_lease","dirichlet_lcb","diverse_then_repeat_backdoor","0.5","5","2","5","5","0.5","5","20","9","1.5","6","6.082818508148193","0.2765","0.11388888888888889"
"cifar10","20","2","mixed_maturity","access_freshness_lease","dirichlet_lcb","diverse_then_repeat_backdoor","0.5","5","2","5","5","0.5","5","20","9","1.5","7","7.190966606140137","0.2835","0.10111111111111111"
"cifar10","20","2","mixed_maturity","access_freshness_lease","dirichlet_lcb","diverse_then_repeat_backdoor","0.5","5","2","5","5","0.5","5","20","9","1.5","8","6.709745407104492","0.28","0.34"
"cifar10","20","2","mixed_maturity","access_freshness_lease","dirichlet_lcb","diverse_then_repeat_backdoor","0.5","5","2","5","5","0.5","5","20","9","1.5","9","6.496667385101318","0.2655","0.10222222222222223"
"cifar10","20","2","mixed_maturity","access_freshness_lease","dirichlet_lcb","diverse_then_repeat_backdoor","0.5","5","2","5","5","0.5","5","20","9","1.5","10","6.669456958770752","0.3","0.056666666666666664"
"cifar10","20","2","mixed_maturity","access_freshness_lease","dirichlet_lcb","diverse_then_repeat_backdoor","0.5","5","2","5","5","0.5","5","20","9","1.5","11","6.955960750579834","0.2795","0.3605555555555556"
"cifar10","20","2","mixed_maturity","access_freshness_lease","dirichlet_lcb","diverse_then_repeat_backdoor","0.5","5","2","5","5","0.5","5","20","9","1.5","12","6.700947284698486","0.2995","0.18166666666666667"
"cifar10","20","2","mixed_maturity","access_freshness_lease","dirichlet_lcb","diverse_then_repeat_backdoor","0.5","5","2","5","5","0.5","5","20","9","1.5","13","6.711888313293457","0.3125","0.012777777777777779"
"cifar10","20","2","mixed_maturity","access_freshness_lease","dirichlet_lcb","diverse_then_repeat_backdoor","0.5","5","2","5","5","0.5","5","20","9","1.5","14","6.610772609710693","0.3015","0.020555555555555556"
"cifar10","20","2","mixed_maturity","access_freshness_lease","dirichlet_lcb","diverse_then_repeat_backdoor","0.5","5","2","5","5","0.5","5","20","9","1.5","15","6.201291084289551","0.316","0.07944444444444444"
"cifar10","20","2","mixed_maturity","access_freshness_lease","dirichlet_lcb","diverse_then_repeat_backdoor","0.5","5","2","5","5","0.5","5","20","9","1.5","16","7.1164703369140625","0.2765","0.21555555555555556"
"cifar10","20","2","mixed_maturity","access_freshness_lease","dirichlet_lcb","diverse_then_repeat_backdoor","0.5","5","2","5","5","0.5","5","20","9","1.5","17","6.517521858215332","0.322","0.3488888888888889"
"cifar10","20","2","mixed_maturity","access_freshness_lease","dirichlet_lcb","diverse_then_repeat_backdoor","0.5","5","2","5","5","0.5","5","20","9","1.5","18","6.624892711639404","0.307","0.17944444444444443"
"cifar10","20","2","mixed_maturity","access_freshness_lease","dirichlet_lcb","diverse_then_repeat_backdoor","0.5","5","2","5","5","0.5","5","20","9","1.5","19","6.352468490600586","0.3345","0.15666666666666668"
"cifar10","20","2","mixed_maturity","access_freshness_lease","dirichlet_lcb","diverse_then_repeat_backdoor","0.5","5","2","5","5","0.5","5","20","9","1.5","20","6.098355293273926","0.3335","0.22111111111111112"
"cifar10","20","2","mixed_maturity","access_freshness_lease","dirichlet_lcb","diverse_then_repeat_backdoor","0.5","5","2","5","5","0.5","5","20","9","1.5","21","6.7901740074157715","0.3295","0.32944444444444443"
"cifar10","20","2","mixed_maturity","access_freshness_lease","dirichlet_lcb","diverse_then_repeat_backdoor","0.5","5","2","5","5","0.5","5","20","9","1.5","22","6.6894330978393555","0.305","0.21166666666666667"
"cifar10","20","2","mixed_maturity","access_freshness_lease","dirichlet_lcb","diverse_then_repeat_backdoor","0.5","5","2","5","5","0.5","5","20","9","1.5","23","6.098790168762207","0.3255","0.32222222222222224"
"cifar10","20","2","mixed_maturity","access_freshness_lease","dirichlet_lcb","diverse_then_repeat_backdoor","0.5","5","2","5","5","0.5","5","20","9","1.5","24","5.98370885848999","0.3405","0.34444444444444444"
"cifar10","20","2","mixed_maturity","access_freshness_lease","dirichlet_lcb","diverse_then_repeat_backdoor","0.5","5","2","5","5","0.5","5","20","9","1.5","25","6.407262325286865","0.3445","0.20166666666666666"
"cifar10","20","2","mixed_maturity","access_freshness_lease","dirichlet_lcb","diverse_then_repeat_backdoor","0.5","5","2","5","5","0.5","5","20","9","1.5","26","6.090687274932861","0.324","0.1111111111111111"
"cifar10","20","2","mixed_maturity","access_freshness_lease","dirichlet_lcb","diverse_then_repeat_backdoor","0.5","5","2","5","5","0.5","5","20","9","1.5","27","6.351037979125977","0.3215","0.2"
"cifar10","20","2","mixed_maturity","access_freshness_lease","dirichlet_lcb","diverse_then_repeat_backdoor","0.5","5","2","5","5","0.5","5","20","9","1.5","28","5.929178714752197","0.352","0.3422222222222222"
"cifar10","20","2","mixed_maturity","access_freshness_lease","dirichlet_lcb","diverse_then_repeat_backdoor","0.5","5","2","5","5","0.5","5","20","9","1.5","29","6.496237754821777","0.334","0.26555555555555554"
"cifar10","20","2","mixed_maturity","access_freshness_lease","dirichlet_lcb","diverse_then_repeat_backdoor","0.5","5","2","5","5","0.5","5","20","9","1.5","30","6.766817569732666","0.3325","0.22333333333333333"
"cifar10","20","2","mixed_maturity","access_freshness_lease","dirichlet_lcb","diverse_then_repeat_backdoor","0.5","5","2","5","5","0.5","5","20","9","1.5","31","6.5288848876953125","0.342","0.29833333333333334"
"cifar10","20","2","mixed_maturity","access_freshness_lease","dirichlet_lcb","diverse_then_repeat_backdoor","0.5","5","2","5","5","0.5","5","20","9","1.5","32","6.972179889678955","0.339","0.2644444444444444"
"cifar10","20","2","mixed_maturity","access_freshness_lease","dirichlet_lcb","diverse_then_repeat_backdoor","0.5","5","2","5","5","0.5","5","20","9","1.5","33","6.075682163238525","0.316","0.27111111111111114"
"cifar10","20","2","mixed_maturity","access_freshness_lease","dirichlet_lcb","diverse_then_repeat_backdoor","0.5","5","2","5","5","0.5","5","20","9","1.5","34","5.811550617218018","0.3445","0.3088888888888889"
"cifar10","20","2","mixed_maturity","access_freshness_lease","dirichlet_lcb","diverse_then_repeat_backdoor","0.5","5","2","5","5","0.5","5","20","9","1.5","35","6.522588729858398","0.329","0.5355555555555556"
"cifar10","20","2","mixed_maturity","access_freshness_lease","dirichlet_lcb","diverse_then_repeat_backdoor","0.5","5","2","5","5","0.5","5","20","9","1.5","36","5.869227409362793","0.349","0.3761111111111111"
"cifar10","20","2","mixed_maturity","access_freshness_lease","dirichlet_lcb","diverse_then_repeat_backdoor","0.5","5","2","5","5","0.5","5","20","9","1.5","37","6.511889457702637","0.3345","0.5261111111111111"
"cifar10","20","2","mixed_maturity","access_freshness_lease","dirichlet_lcb","diverse_then_repeat_backdoor","0.5","5","2","5","5","0.5","5","20","9","1.5","38","6.919571876525879","0.345","0.38166666666666665"
"cifar10","20","2","mixed_maturity","access_freshness_lease","dirichlet_lcb","diverse_then_repeat_backdoor","0.5","5","2","5","5","0.5","5","20","9","1.5","39","6.312026500701904","0.339","0.5811111111111111"
"cifar10","20","2","mixed_maturity","access_freshness_lease","dirichlet_lcb","diverse_then_repeat_backdoor","0.5","5","2","5","5","0.5","5","20","9","1.5","40","5.927363395690918","0.369","0.33"
"cifar10","20","2","mixed_maturity","access_freshness_lease","dirichlet_lcb","diverse_then_repeat_backdoor","0.5","5","2","5","5","0.5","5","20","9","1.5","41","5.488008975982666","0.3495","0.2927777777777778"
"cifar10","20","2","mixed_maturity","access_freshness_lease","dirichlet_lcb","diverse_then_repeat_backdoor","0.5","5","2","5","5","0.5","5","20","9","1.5","42","6.6592698097229","0.3475","0.31777777777777777"
"cifar10","20","2","mixed_maturity","access_freshness_lease","dirichlet_lcb","diverse_then_repeat_backdoor","0.5","5","2","5","5","0.5","5","20","9","1.5","43","6.163909435272217","0.346","0.2872222222222222"
"cifar10","20","2","mixed_maturity","access_freshness_lease","dirichlet_lcb","diverse_then_repeat_backdoor","0.5","5","2","5","5","0.5","5","20","9","1.5","44","6.26816463470459","0.3465","0.2922222222222222"
"cifar10","20","2","mixed_maturity","access_freshness_lease","dirichlet_lcb","diverse_then_repeat_backdoor","0.5","5","2","5","5","0.5","5","20","9","1.5","45","5.63328742980957","0.37","0.3055555555555556"
"cifar10","20","2","mixed_maturity","access_freshness_lease","dirichlet_lcb","diverse_then_repeat_backdoor","0.5","5","2","5","5","0.5","5","20","9","1.5","46","6.65741491317749","0.346","0.35944444444444446"
"cifar10","20","2","mixed_maturity","access_freshness_lease","dirichlet_lcb","diverse_then_repeat_backdoor","0.5","5","2","5","5","0.5","5","20","9","1.5","47","5.879976749420166","0.3555","0.4622222222222222"
"cifar10","20","2","mixed_maturity","access_freshness_lease","dirichlet_lcb","diverse_then_repeat_backdoor","0.5","5","2","5","5","0.5","5","20","9","1.5","48","6.629781723022461","0.3215","0.5794444444444444"
"cifar10","20","2","mixed_maturity","access_freshness_lease","dirichlet_lcb","diverse_then_repeat_backdoor","0.5","5","2","5","5","0.5","5","20","9","1.5","49","6.989253520965576","0.332","0.19833333333333333"
"cifar10","20","2","mixed_maturity","access_freshness_lease","dirichlet_lcb","diverse_then_repeat_backdoor","0.5","5","2","5","5","0.5","5","20","9","1.5","50","6.255761623382568","0.35","0.31222222222222223"
"cifar10","20","2","mixed_maturity","access_freshness_lease","dirichlet_lcb","diverse_then_repeat_backdoor","0.5","6","2","5","5","0.5","5","20","9","1.5","1","16.246580123901367","0.105","0.9788888888888889"
"cifar10","20","2","mixed_maturity","access_freshness_lease","dirichlet_lcb","diverse_then_repeat_backdoor","0.5","6","2","5","5","0.5","5","20","9","1.5","2","12.941300392150879","0.174","0.0"
"cifar10","20","2","mixed_maturity","access_freshness_lease","dirichlet_lcb","diverse_then_repeat_backdoor","0.5","6","2","5","5","0.5","5","20","9","1.5","3","4.866307258605957","0.2745","0.20222222222222222"
"cifar10","20","2","mixed_maturity","access_freshness_lease","dirichlet_lcb","diverse_then_repeat_backdoor","0.5","6","2","5","5","0.5","5","20","9","1.5","4","6.688533782958984","0.2495","0.020555555555555556"
"cifar10","20","2","mixed_maturity","access_freshness_lease","dirichlet_lcb","diverse_then_repeat_backdoor","0.5","6","2","5","5","0.5","5","20","9","1.5","5","7.140432834625244","0.248","0.37666666666666665"
"cifar10","20","2","mixed_maturity","access_freshness_lease","dirichlet_lcb","diverse_then_repeat_backdoor","0.5","6","2","5","5","0.5","5","20","9","1.5","6","5.364386558532715","0.302","0.0005555555555555556"
"cifar10","20","2","mixed_maturity","access_freshness_lease","dirichlet_lcb","diverse_then_repeat_backdoor","0.5","6","2","5","5","0.5","5","20","9","1.5","7","6.808980464935303","0.2645","0.4011111111111111"
"cifar10","20","2","mixed_maturity","access_freshness_lease","dirichlet_lcb","diverse_then_repeat_backdoor","0.5","6","2","5","5","0.5","5","20","9","1.5","8","6.143869400024414","0.2995","0.11055555555555556"
"cifar10","20","2","mixed_maturity","access_freshness_lease","dirichlet_lcb","diverse_then_repeat_backdoor","0.5","6","2","5","5","0.5","5","20","9","1.5","9","7.666544437408447","0.262","0.05277777777777778"
"cifar10","20","2","mixed_maturity","access_freshness_lease","dirichlet_lcb","diverse_then_repeat_backdoor","0.5","6","2","5","5","0.5","5","20","9","1.5","10","6.454909324645996","0.315","0.18388888888888888"
"cifar10","20","2","mixed_maturity","access_freshness_lease","dirichlet_lcb","diverse_then_repeat_backdoor","0.5","6","2","5","5","0.5","5","20","9","1.5","11","7.084444046020508","0.3065","0.041666666666666664"
"cifar10","20","2","mixed_maturity","access_freshness_lease","dirichlet_lcb","diverse_then_repeat_backdoor","0.5","6","2","5","5","0.5","5","20","9","1.5","12","6.5007758140563965","0.304","0.14333333333333334"
"cifar10","20","2","mixed_maturity","access_freshness_lease","dirichlet_lcb","diverse_then_repeat_backdoor","0.5","6","2","5","5","0.5","5","20","9","1.5","13","6.450643539428711","0.2775","0.06722222222222222"
"cifar10","20","2","mixed_maturity","access_freshness_lease","dirichlet_lcb","diverse_then_repeat_backdoor","0.5","6","2","5","5","0.5","5","20","9","1.5","14","6.927358627319336","0.3115","0.2588888888888889"
"cifar10","20","2","mixed_maturity","access_freshness_lease","dirichlet_lcb","diverse_then_repeat_backdoor","0.5","6","2","5","5","0.5","5","20","9","1.5","15","6.298163414001465","0.311","0.2461111111111111"
"cifar10","20","2","mixed_maturity","access_freshness_lease","dirichlet_lcb","diverse_then_repeat_backdoor","0.5","6","2","5","5","0.5","5","20","9","1.5","16","5.537909030914307","0.338","0.09722222222222222"
"cifar10","20","2","mixed_maturity","access_freshness_lease","dirichlet_lcb","diverse_then_repeat_backdoor","0.5","6","2","5","5","0.5","5","20","9","1.5","17","6.690567493438721","0.3205","0.21722222222222223"
"cifar10","20","2","mixed_maturity","access_freshness_lease","dirichlet_lcb","diverse_then_repeat_backdoor","0.5","6","2","5","5","0.5","5","20","9","1.5","18","7.173238754272461","0.313","0.08444444444444445"
"cifar10","20","2","mixed_maturity","access_freshness_lease","dirichlet_lcb","diverse_then_repeat_backdoor","0.5","6","2","5","5","0.5","5","20","9","1.5","19","6.713601589202881","0.317","0.28"
"cifar10","20","2","mixed_maturity","access_freshness_lease","dirichlet_lcb","diverse_then_repeat_backdoor","0.5","6","2","5","5","0.5","5","20","9","1.5","20","6.604293346405029","0.3005","0.21833333333333332"
"cifar10","20","2","mixed_maturity","access_freshness_lease","dirichlet_lcb","diverse_then_repeat_backdoor","0.5","6","2","5","5","0.5","5","20","9","1.5","21","6.230344295501709","0.335","0.24888888888888888"
"cifar10","20","2","mixed_maturity","access_freshness_lease","dirichlet_lcb","diverse_then_repeat_backdoor","0.5","6","2","5","5","0.5","5","20","9","1.5","22","6.676846981048584","0.315","0.18388888888888888"
"cifar10","20","2","mixed_maturity","access_freshness_lease","dirichlet_lcb","diverse_then_repeat_backdoor","0.5","6","2","5","5","0.5","5","20","9","1.5","23","5.599620819091797","0.3575","0.24944444444444444"
"cifar10","20","2","mixed_maturity","access_freshness_lease","dirichlet_lcb","diverse_then_repeat_backdoor","0.5","6","2","5","5","0.5","5","20","9","1.5","24","6.915137767791748","0.3165","0.1461111111111111"
"cifar10","20","2","mixed_maturity","access_freshness_lease","dirichlet_lcb","diverse_then_repeat_backdoor","0.5","6","2","5","5","0.5","5","20","9","1.5","25","7.5266313552856445","0.316","0.4255555555555556"
"cifar10","20","2","mixed_maturity","access_freshness_lease","dirichlet_lcb","diverse_then_repeat_backdoor","0.5","6","2","5","5","0.5","5","20","9","1.5","26","7.326199531555176","0.3105","0.4777777777777778"
"cifar10","20","2","mixed_maturity","access_freshness_lease","dirichlet_lcb","diverse_then_repeat_backdoor","0.5","6","2","5","5","0.5","5","20","9","1.5","27","6.577481746673584","0.3295","0.155"
"cifar10","20","2","mixed_maturity","access_freshness_lease","dirichlet_lcb","diverse_then_repeat_backdoor","0.5","6","2","5","5","0.5","5","20","9","1.5","28","7.294373989105225","0.3125","0.45166666666666666"
"cifar10","20","2","mixed_maturity","access_freshness_lease","dirichlet_lcb","diverse_then_repeat_backdoor","0.5","6","2","5","5","0.5","5","20","9","1.5","29","6.27086067199707","0.3135","0.15888888888888889"
"cifar10","20","2","mixed_maturity","access_freshness_lease","dirichlet_lcb","diverse_then_repeat_backdoor","0.5","6","2","5","5","0.5","5","20","9","1.5","30","6.866415023803711","0.3415","0.1272222222222222"
"cifar10","20","2","mixed_maturity","access_freshness_lease","dirichlet_lcb","diverse_then_repeat_backdoor","0.5","6","2","5","5","0.5","5","20","9","1.5","31","6.417178630828857","0.3535","0.33"
"cifar10","20","2","mixed_maturity","access_freshness_lease","dirichlet_lcb","diverse_then_repeat_backdoor","0.5","6","2","5","5","0.5","5","20","9","1.5","32","6.244907855987549","0.3375","0.14722222222222223"
"cifar10","20","2","mixed_maturity","access_freshness_lease","dirichlet_lcb","diverse_then_repeat_backdoor","0.5","6","2","5","5","0.5","5","20","9","1.5","33","6.295863151550293","0.3355","0.10611111111111111"
"cifar10","20","2","mixed_maturity","access_freshness_lease","dirichlet_lcb","diverse_then_repeat_backdoor","0.5","6","2","5","5","0.5","5","20","9","1.5","34","7.105646133422852","0.3155","0.28555555555555556"
"cifar10","20","2","mixed_maturity","access_freshness_lease","dirichlet_lcb","diverse_then_repeat_backdoor","0.5","6","2","5","5","0.5","5","20","9","1.5","35","7.136711120605469","0.329","0.16"
"cifar10","20","2","mixed_maturity","access_freshness_lease","dirichlet_lcb","diverse_then_repeat_backdoor","0.5","6","2","5","5","0.5","5","20","9","1.5","36","6.686600208282471","0.331","0.04611111111111111"
"cifar10","20","2","mixed_maturity","access_freshness_lease","dirichlet_lcb","diverse_then_repeat_backdoor","0.5","6","2","5","5","0.5","5","20","9","1.5","37","6.217137813568115","0.3505","0.21333333333333335"
"cifar10","20","2","mixed_maturity","access_freshness_lease","dirichlet_lcb","diverse_then_repeat_backdoor","0.5","6","2","5","5","0.5","5","20","9","1.5","38","6.514368057250977","0.3495","0.27055555555555555"
"cifar10","20","2","mixed_maturity","access_freshness_lease","dirichlet_lcb","diverse_then_repeat_backdoor","0.5","6","2","5","5","0.5","5","20","9","1.5","39","6.977379322052002","0.34","0.48777777777777775"
"cifar10","20","2","mixed_maturity","access_freshness_lease","dirichlet_lcb","diverse_then_repeat_backdoor","0.5","6","2","5","5","0.5","5","20","9","1.5","40","6.193320274353027","0.37","0.22166666666666668"
"cifar10","20","2","mixed_maturity","access_freshness_lease","dirichlet_lcb","diverse_then_repeat_backdoor","0.5","6","2","5","5","0.5","5","20","9","1.5","41","6.43385648727417","0.345","0.32611111111111113"
"cifar10","20","2","mixed_maturity","access_freshness_lease","dirichlet_lcb","diverse_then_repeat_backdoor","0.5","6","2","5","5","0.5","5","20","9","1.5","42","6.8392109870910645","0.3185","0.43833333333333335"
"cifar10","20","2","mixed_maturity","access_freshness_lease","dirichlet_lcb","diverse_then_repeat_backdoor","0.5","6","2","5","5","0.5","5","20","9","1.5","43","6.433585166931152","0.345","0.38055555555555554"
"cifar10","20","2","mixed_maturity","access_freshness_lease","dirichlet_lcb","diverse_then_repeat_backdoor","0.5","6","2","5","5","0.5","5","20","9","1.5","44","6.037093639373779","0.3635","0.16777777777777778"
"cifar10","20","2","mixed_maturity","access_freshness_lease","dirichlet_lcb","diverse_then_repeat_backdoor","0.5","6","2","5","5","0.5","5","20","9","1.5","45","6.618334770202637","0.333","0.5661111111111111"
"cifar10","20","2","mixed_maturity","access_freshness_lease","dirichlet_lcb","diverse_then_repeat_backdoor","0.5","6","2","5","5","0.5","5","20","9","1.5","46","6.812845706939697","0.3565","0.22611111111111112"
"cifar10","20","2","mixed_maturity","access_freshness_lease","dirichlet_lcb","diverse_then_repeat_backdoor","0.5","6","2","5","5","0.5","5","20","9","1.5","47","6.4808030128479","0.354","0.4727777777777778"
"cifar10","20","2","mixed_maturity","access_freshness_lease","dirichlet_lcb","diverse_then_repeat_backdoor","0.5","6","2","5","5","0.5","5","20","9","1.5","48","7.267477512359619","0.357","0.41444444444444445"
"cifar10","20","2","mixed_maturity","access_freshness_lease","dirichlet_lcb","diverse_then_repeat_backdoor","0.5","6","2","5","5","0.5","5","20","9","1.5","49","6.39760160446167","0.354","0.3827777777777778"
"cifar10","20","2","mixed_maturity","access_freshness_lease","dirichlet_lcb","diverse_then_repeat_backdoor","0.5","6","2","5","5","0.5","5","20","9","1.5","50","5.825733661651611","0.374","0.4083333333333333"
"cifar10","20","2","mixed_maturity","access_freshness_lease","dirichlet_lcb","diverse_then_repeat_backdoor","0.5","7","2","5","5","0.5","5","20","9","1.5","1","7.226149082183838","0.184","0.0"
"cifar10","20","2","mixed_maturity","access_freshness_lease","dirichlet_lcb","diverse_then_repeat_backdoor","0.5","7","2","5","5","0.5","5","20","9","1.5","2","8.776243209838867","0.2355","0.08944444444444444"
"cifar10","20","2","mixed_maturity","access_freshness_lease","dirichlet_lcb","diverse_then_repeat_backdoor","0.5","7","2","5","5","0.5","5","20","9","1.5","3","6.721816062927246","0.248","0.03111111111111111"
"cifar10","20","2","mixed_maturity","access_freshness_lease","dirichlet_lcb","diverse_then_repeat_backdoor","0.5","7","2","5","5","0.5","5","20","9","1.5","4","6.62164831161499","0.266","0.02722222222222222"
"cifar10","20","2","mixed_maturity","access_freshness_lease","dirichlet_lcb","diverse_then_repeat_backdoor","0.5","7","2","5","5","0.5","5","20","9","1.5","5","6.819262504577637","0.2645","0.0038888888888888888"
"cifar10","20","2","mixed_maturity","access_freshness_lease","dirichlet_lcb","diverse_then_repeat_backdoor","0.5","7","2","5","5","0.5","5","20","9","1.5","6","6.036652565002441","0.3025","0.12444444444444444"
"cifar10","20","2","mixed_maturity","access_freshness_lease","dirichlet_lcb","diverse_then_repeat_backdoor","0.5","7","2","5","5","0.5","5","20","9","1.5","7","7.713103771209717","0.273","0.30277777777777776"
"cifar10","20","2","mixed_maturity","access_freshness_lease","dirichlet_lcb","diverse_then_repeat_backdoor","0.5","7","2","5","5","0.5","5","20","9","1.5","8","5.09713888168335","0.322","0.285"
"cifar10","20","2","mixed_maturity","access_freshness_lease","dirichlet_lcb","diverse_then_repeat_backdoor","0.5","7","2","5","5","0.5","5","20","9","1.5","9","6.428322792053223","0.287","0.09222222222222222"
"cifar10","20","2","mixed_maturity","access_freshness_lease","dirichlet_lcb","diverse_then_repeat_backdoor","0.5","7","2","5","5","0.5","5","20","9","1.5","10","8.108946800231934","0.2665","0.012777777777777779"
"cifar10","20","2","mixed_maturity","access_freshness_lease","dirichlet_lcb","diverse_then_repeat_backdoor","0.5","7","2","5","5","0.5","5","20","9","1.5","11","5.952197074890137","0.3265","0.051666666666666666"
"cifar10","20","2","mixed_maturity","access_freshness_lease","dirichlet_lcb","diverse_then_repeat_backdoor","0.5","7","2","5","5","0.5","5","20","9","1.5","12","6.278290748596191","0.323","0.2916666666666667"
"cifar10","20","2","mixed_maturity","access_freshness_lease","dirichlet_lcb","diverse_then_repeat_backdoor","0.5","7","2","5","5","0.5","5","20","9","1.5","13","6.495353698730469","0.333","0.06555555555555556"
"cifar10","20","2","mixed_maturity","access_freshness_lease","dirichlet_lcb","diverse_then_repeat_backdoor","0.5","7","2","5","5","0.5","5","20","9","1.5","14","7.65281343460083","0.2765","0.09388888888888888"
"cifar10","20","2","mixed_maturity","access_freshness_lease","dirichlet_lcb","diverse_then_repeat_backdoor","0.5","7","2","5","5","0.5","5","20","9","1.5","15","6.679987907409668","0.3055","0.2961111111111111"
"cifar10","20","2","mixed_maturity","access_freshness_lease","dirichlet_lcb","diverse_then_repeat_backdoor","0.5","7","2","5","5","0.5","5","20","9","1.5","16","6.336933612823486","0.331","0.19777777777777777"
"cifar10","20","2","mixed_maturity","access_freshness_lease","dirichlet_lcb","diverse_then_repeat_backdoor","0.5","7","2","5","5","0.5","5","20","9","1.5","17","7.130244255065918","0.297","0.10388888888888889"
"cifar10","20","2","mixed_maturity","access_freshness_lease","dirichlet_lcb","diverse_then_repeat_backdoor","0.5","7","2","5","5","0.5","5","20","9","1.5","18","6.130849838256836","0.3405","0.18888888888888888"
"cifar10","20","2","mixed_maturity","access_freshness_lease","dirichlet_lcb","diverse_then_repeat_backdoor","0.5","7","2","5","5","0.5","5","20","9","1.5","19","6.478074073791504","0.315","0.205"
"cifar10","20","2","mixed_maturity","access_freshness_lease","dirichlet_lcb","diverse_then_repeat_backdoor","0.5","7","2","5","5","0.5","5","20","9","1.5","20","6.718555450439453","0.32","0.12555555555555556"
"cifar10","20","2","mixed_maturity","access_freshness_lease","dirichlet_lcb","diverse_then_repeat_backdoor","0.5","7","2","5","5","0.5","5","20","9","1.5","21","7.474874973297119","0.2985","0.3844444444444444"
"cifar10","20","2","mixed_maturity","access_freshness_lease","dirichlet_lcb","diverse_then_repeat_backdoor","0.5","7","2","5","5","0.5","5","20","9","1.5","22","6.139237403869629","0.3405","0.15444444444444444"
"cifar10","20","2","mixed_maturity","access_freshness_lease","dirichlet_lcb","diverse_then_repeat_backdoor","0.5","7","2","5","5","0.5","5","20","9","1.5","23","6.2666096687316895","0.322","0.10111111111111111"
"cifar10","20","2","mixed_maturity","access_freshness_lease","dirichlet_lcb","diverse_then_repeat_backdoor","0.5","7","2","5","5","0.5","5","20","9","1.5","24","6.017270565032959","0.343","0.23166666666666666"
"cifar10","20","2","mixed_maturity","access_freshness_lease","dirichlet_lcb","diverse_then_repeat_backdoor","0.5","7","2","5","5","0.5","5","20","9","1.5","25","7.174074172973633","0.323","0.28833333333333333"
"cifar10","20","2","mixed_maturity","access_freshness_lease","dirichlet_lcb","diverse_then_repeat_backdoor","0.5","7","2","5","5","0.5","5","20","9","1.5","26","6.989413261413574","0.2975","0.18333333333333332"
"cifar10","20","2","mixed_maturity","access_freshness_lease","dirichlet_lcb","diverse_then_repeat_backdoor","0.5","7","2","5","5","0.5","5","20","9","1.5","27","6.398810863494873","0.3485","0.3322222222222222"
"cifar10","20","2","mixed_maturity","access_freshness_lease","dirichlet_lcb","diverse_then_repeat_backdoor","0.5","7","2","5","5","0.5","5","20","9","1.5","28","5.5667724609375","0.3445","0.08388888888888889"
"cifar10","20","2","mixed_maturity","access_freshness_lease","dirichlet_lcb","diverse_then_repeat_backdoor","0.5","7","2","5","5","0.5","5","20","9","1.5","29","5.667265892028809","0.359","0.3061111111111111"
"cifar10","20","2","mixed_maturity","access_freshness_lease","dirichlet_lcb","diverse_then_repeat_backdoor","0.5","7","2","5","5","0.5","5","20","9","1.5","30","6.763415813446045","0.3305","0.025555555555555557"
"cifar10","20","2","mixed_maturity","access_freshness_lease","dirichlet_lcb","diverse_then_repeat_backdoor","0.5","7","2","5","5","0.5","5","20","9","1.5","31","5.501359462738037","0.364","0.21722222222222223"
"cifar10","20","2","mixed_maturity","access_freshness_lease","dirichlet_lcb","diverse_then_repeat_backdoor","0.5","7","2","5","5","0.5","5","20","9","1.5","32","6.184180736541748","0.356","0.18722222222222223"
"cifar10","20","2","mixed_maturity","access_freshness_lease","dirichlet_lcb","diverse_then_repeat_backdoor","0.5","7","2","5","5","0.5","5","20","9","1.5","33","6.5301313400268555","0.333","0.19777777777777777"
"cifar10","20","2","mixed_maturity","access_freshness_lease","dirichlet_lcb","diverse_then_repeat_backdoor","0.5","7","2","5","5","0.5","5","20","9","1.5","34","6.626708984375","0.323","0.265"
"cifar10","20","2","mixed_maturity","access_freshness_lease","dirichlet_lcb","diverse_then_repeat_backdoor","0.5","7","2","5","5","0.5","5","20","9","1.5","35","6.349457263946533","0.324","0.4905555555555556"
"cifar10","20","2","mixed_maturity","access_freshness_lease","dirichlet_lcb","diverse_then_repeat_backdoor","0.5","7","2","5","5","0.5","5","20","9","1.5","36","5.665987491607666","0.3525","0.08666666666666667"
"cifar10","20","2","mixed_maturity","access_freshness_lease","dirichlet_lcb","diverse_then_repeat_backdoor","0.5","7","2","5","5","0.5","5","20","9","1.5","37","6.460770606994629","0.3345","0.07666666666666666"
"cifar10","20","2","mixed_maturity","access_freshness_lease","dirichlet_lcb","diverse_then_repeat_backdoor","0.5","7","2","5","5","0.5","5","20","9","1.5","38","5.790547847747803","0.3565","0.1511111111111111"
"cifar10","20","2","mixed_maturity","access_freshness_lease","dirichlet_lcb","diverse_then_repeat_backdoor","0.5","7","2","5","5","0.5","5","20","9","1.5","39","5.876067161560059","0.347","0.2594444444444444"
"cifar10","20","2","mixed_maturity","access_freshness_lease","dirichlet_lcb","diverse_then_repeat_backdoor","0.5","7","2","5","5","0.5","5","20","9","1.5","40","5.719482421875","0.3735","0.28944444444444445"
"cifar10","20","2","mixed_maturity","access_freshness_lease","dirichlet_lcb","diverse_then_repeat_backdoor","0.5","7","2","5","5","0.5","5","20","9","1.5","41","5.947107315063477","0.353","0.11166666666666666"
"cifar10","20","2","mixed_maturity","access_freshness_lease","dirichlet_lcb","diverse_then_repeat_backdoor","0.5","7","2","5","5","0.5","5","20","9","1.5","42","6.62636137008667","0.3425","0.26222222222222225"
"cifar10","20","2","mixed_maturity","access_freshness_lease","dirichlet_lcb","diverse_then_repeat_backdoor","0.5","7","2","5","5","0.5","5","20","9","1.5","43","6.6541056632995605","0.3485","0.27944444444444444"
"cifar10","20","2","mixed_maturity","access_freshness_lease","dirichlet_lcb","diverse_then_repeat_backdoor","0.5","7","2","5","5","0.5","5","20","9","1.5","44","6.479327201843262","0.3645","0.39444444444444443"
"cifar10","20","2","mixed_maturity","access_freshness_lease","dirichlet_lcb","diverse_then_repeat_backdoor","0.5","7","2","5","5","0.5","5","20","9","1.5","45","7.339701175689697","0.3045","0.11666666666666667"
"cifar10","20","2","mixed_maturity","access_freshness_lease","dirichlet_lcb","diverse_then_repeat_backdoor","0.5","7","2","5","5","0.5","5","20","9","1.5","46","6.0834503173828125","0.356","0.39444444444444443"
"cifar10","20","2","mixed_maturity","access_freshness_lease","dirichlet_lcb","diverse_then_repeat_backdoor","0.5","7","2","5","5","0.5","5","20","9","1.5","47","6.091556549072266","0.3615","0.37722222222222224"
"cifar10","20","2","mixed_maturity","access_freshness_lease","dirichlet_lcb","diverse_then_repeat_backdoor","0.5","7","2","5","5","0.5","5","20","9","1.5","48","5.917748928070068","0.35","0.4672222222222222"
"cifar10","20","2","mixed_maturity","access_freshness_lease","dirichlet_lcb","diverse_then_repeat_backdoor","0.5","7","2","5","5","0.5","5","20","9","1.5","49","6.438563346862793","0.344","0.23277777777777778"
"cifar10","20","2","mixed_maturity","access_freshness_lease","dirichlet_lcb","diverse_then_repeat_backdoor","0.5","7","2","5","5","0.5","5","20","9","1.5","50","6.0386762619018555","0.341","0.18888888888888888"
"cifar10","20","2","mixed_maturity","access_freshness_lease","dirichlet_lcb","diverse_then_repeat_backdoor","0.5","8","2","5","5","0.5","5","20","9","1.5","1","15.02261734008789","0.1","0.9977777777777778"
"cifar10","20","2","mixed_maturity","access_freshness_lease","dirichlet_lcb","diverse_then_repeat_backdoor","0.5","8","2","5","5","0.5","5","20","9","1.5","2","8.376578330993652","0.1975","0.0005555555555555556"
"cifar10","20","2","mixed_maturity","access_freshness_lease","dirichlet_lcb","diverse_then_repeat_backdoor","0.5","8","2","5","5","0.5","5","20","9","1.5","3","8.257697105407715","0.189","0.7027777777777777"
"cifar10","20","2","mixed_maturity","access_freshness_lease","dirichlet_lcb","diverse_then_repeat_backdoor","0.5","8","2","5","5","0.5","5","20","9","1.5","4","6.993676662445068","0.253","0.085"
"cifar10","20","2","mixed_maturity","access_freshness_lease","dirichlet_lcb","diverse_then_repeat_backdoor","0.5","8","2","5","5","0.5","5","20","9","1.5","5","6.154642581939697","0.2455","0.21611111111111111"
"cifar10","20","2","mixed_maturity","access_freshness_lease","dirichlet_lcb","diverse_then_repeat_backdoor","0.5","8","2","5","5","0.5","5","20","9","1.5","6","7.288639545440674","0.241","0.2833333333333333"
"cifar10","20","2","mixed_maturity","access_freshness_lease","dirichlet_lcb","diverse_then_repeat_backdoor","0.5","8","2","5","5","0.5","5","20","9","1.5","7","7.009398937225342","0.2755","0.4483333333333333"
"cifar10","20","2","mixed_maturity","access_freshness_lease","dirichlet_lcb","diverse_then_repeat_backdoor","0.5","8","2","5","5","0.5","5","20","9","1.5","8","6.49833345413208","0.2775","0.11388888888888889"
"cifar10","20","2","mixed_maturity","access_freshness_lease","dirichlet_lcb","diverse_then_repeat_backdoor","0.5","8","2","5","5","0.5","5","20","9","1.5","9","5.124463081359863","0.328","0.18333333333333332"
"cifar10","20","2","mixed_maturity","access_freshness_lease","dirichlet_lcb","diverse_then_repeat_backdoor","0.5","8","2","5","5","0.5","5","20","9","1.5","10","6.4577131271362305","0.2655","0.22555555555555556"
"cifar10","20","2","mixed_maturity","access_freshness_lease","dirichlet_lcb","diverse_then_repeat_backdoor","0.5","8","2","5","5","0.5","5","20","9","1.5","11","7.651918411254883","0.285","0.02388888888888889"
"cifar10","20","2","mixed_maturity","access_freshness_lease","dirichlet_lcb","diverse_then_repeat_backdoor","0.5","8","2","5","5","0.5","5","20","9","1.5","12","5.928407669067383","0.305","0.10277777777777777"
"cifar10","20","2","mixed_maturity","access_freshness_lease","dirichlet_lcb","diverse_then_repeat_backdoor","0.5","8","2","5","5","0.5","5","20","9","1.5","13","6.030439376831055","0.302","0.1"
"cifar10","20","2","mixed_maturity","access_freshness_lease","dirichlet_lcb","diverse_then_repeat_backdoor","0.5","8","2","5","5","0.5","5","20","9","1.5","14","6.331164836883545","0.303","0.05444444444444444"
"cifar10","20","2","mixed_maturity","access_freshness_lease","dirichlet_lcb","diverse_then_repeat_backdoor","0.5","8","2","5","5","0.5","5","20","9","1.5","15","7.914561748504639","0.3005","0.08388888888888889"
"cifar10","20","2","mixed_maturity","access_freshness_lease","dirichlet_lcb","diverse_then_repeat_backdoor","0.5","8","2","5","5","0.5","5","20","9","1.5","16","5.886670112609863","0.3225","0.11611111111111111"
"cifar10","20","2","mixed_maturity","access_freshness_lease","dirichlet_lcb","diverse_then_repeat_backdoor","0.5","8","2","5","5","0.5","5","20","9","1.5","17","6.364198684692383","0.2895","0.13166666666666665"
"cifar10","20","2","mixed_maturity","access_freshness_lease","dirichlet_lcb","diverse_then_repeat_backdoor","0.5","8","2","5","5","0.5","5","20","9","1.5","18","6.7071990966796875","0.3155","0.2922222222222222"
"cifar10","20","2","mixed_maturity","access_freshness_lease","dirichlet_lcb","diverse_then_repeat_backdoor","0.5","8","2","5","5","0.5","5","20","9","1.5","19","5.873333930969238","0.32","0.20166666666666666"
"cifar10","20","2","mixed_maturity","access_freshness_lease","dirichlet_lcb","diverse_then_repeat_backdoor","0.5","8","2","5","5","0.5","5","20","9","1.5","20","7.141236305236816","0.3135","0.06055555555555556"
"cifar10","20","2","mixed_maturity","access_freshness_lease","dirichlet_lcb","diverse_then_repeat_backdoor","0.5","8","2","5","5","0.5","5","20","9","1.5","21","5.808448314666748","0.334","0.1272222222222222"
"cifar10","20","2","mixed_maturity","access_freshness_lease","dirichlet_lcb","diverse_then_repeat_backdoor","0.5","8","2","5","5","0.5","5","20","9","1.5","22","5.750453472137451","0.331","0.11722222222222223"
"cifar10","20","2","mixed_maturity","access_freshness_lease","dirichlet_lcb","diverse_then_repeat_backdoor","0.5","8","2","5","5","0.5","5","20","9","1.5","23","7.968537330627441","0.2745","0.09"
"cifar10","20","2","mixed_maturity","access_freshness_lease","dirichlet_lcb","diverse_then_repeat_backdoor","0.5","8","2","5","5","0.5","5","20","9","1.5","24","6.407963275909424","0.323","0.06944444444444445"
"cifar10","20","2","mixed_maturity","access_freshness_lease","dirichlet_lcb","diverse_then_repeat_backdoor","0.5","8","2","5","5","0.5","5","20","9","1.5","25","7.181074619293213","0.2995","0.5688888888888889"
"cifar10","20","2","mixed_maturity","access_freshness_lease","dirichlet_lcb","diverse_then_repeat_backdoor","0.5","8","2","5","5","0.5","5","20","9","1.5","26","7.548406600952148","0.2765","0.03777777777777778"
"cifar10","20","2","mixed_maturity","access_freshness_lease","dirichlet_lcb","diverse_then_repeat_backdoor","0.5","8","2","5","5","0.5","5","20","9","1.5","27","7.3604416847229","0.3165","0.48777777777777775"
"cifar10","20","2","mixed_maturity","access_freshness_lease","dirichlet_lcb","diverse_then_repeat_backdoor","0.5","8","2","5","5","0.5","5","20","9","1.5","28","5.737186431884766","0.339","0.29555555555555557"
"cifar10","20","2","mixed_maturity","access_freshness_lease","dirichlet_lcb","diverse_then_repeat_backdoor","0.5","8","2","5","5","0.5","5","20","9","1.5","29","7.40884256362915","0.306","0.07333333333333333"
"cifar10","20","2","mixed_maturity","access_freshness_lease","dirichlet_lcb","diverse_then_repeat_backdoor","0.5","8","2","5","5","0.5","5","20","9","1.5","30","6.10300874710083","0.319","0.06888888888888889"
"cifar10","20","2","mixed_maturity","access_freshness_lease","dirichlet_lcb","diverse_then_repeat_backdoor","0.5","8","2","5","5","0.5","5","20","9","1.5","31","5.971572399139404","0.346","0.2833333333333333"
"cifar10","20","2","mixed_maturity","access_freshness_lease","dirichlet_lcb","diverse_then_repeat_backdoor","0.5","8","2","5","5","0.5","5","20","9","1.5","32","7.4657511711120605","0.324","0.08277777777777778"
"cifar10","20","2","mixed_maturity","access_freshness_lease","dirichlet_lcb","diverse_then_repeat_backdoor","0.5","8","2","5","5","0.5","5","20","9","1.5","33","5.6592888832092285","0.335","0.18611111111111112"
"cifar10","20","2","mixed_maturity","access_freshness_lease","dirichlet_lcb","diverse_then_repeat_backdoor","0.5","8","2","5","5","0.5","5","20","9","1.5","34","6.1637959480285645","0.3245","0.2644444444444444"
"cifar10","20","2","mixed_maturity","access_freshness_lease","dirichlet_lcb","diverse_then_repeat_backdoor","0.5","8","2","5","5","0.5","5","20","9","1.5","35","5.895357131958008","0.346","0.13777777777777778"
"cifar10","20","2","mixed_maturity","access_freshness_lease","dirichlet_lcb","diverse_then_repeat_backdoor","0.5","8","2","5","5","0.5","5","20","9","1.5","36","6.219882965087891","0.3235","0.13666666666666666"
"cifar10","20","2","mixed_maturity","access_freshness_lease","dirichlet_lcb","diverse_then_repeat_backdoor","0.5","8","2","5","5","0.5","5","20","9","1.5","37","6.658711910247803","0.3545","0.4127777777777778"
"cifar10","20","2","mixed_maturity","access_freshness_lease","dirichlet_lcb","diverse_then_repeat_backdoor","0.5","8","2","5","5","0.5","5","20","9","1.5","38","7.118655681610107","0.302","0.3838888888888889"
"cifar10","20","2","mixed_maturity","access_freshness_lease","dirichlet_lcb","diverse_then_repeat_backdoor","0.5","8","2","5","5","0.5","5","20","9","1.5","39","5.62272310256958","0.351","0.4494444444444444"
"cifar10","20","2","mixed_maturity","access_freshness_lease","dirichlet_lcb","diverse_then_repeat_backdoor","0.5","8","2","5","5","0.5","5","20","9","1.5","40","6.018507957458496","0.3535","0.4272222222222222"
"cifar10","20","2","mixed_maturity","access_freshness_lease","dirichlet_lcb","diverse_then_repeat_backdoor","0.5","8","2","5","5","0.5","5","20","9","1.5","41","6.164654731750488","0.343","0.3788888888888889"
"cifar10","20","2","mixed_maturity","access_freshness_lease","dirichlet_lcb","diverse_then_repeat_backdoor","0.5","8","2","5","5","0.5","5","20","9","1.5","42","6.213963985443115","0.3505","0.2427777777777778"
"cifar10","20","2","mixed_maturity","access_freshness_lease","dirichlet_lcb","diverse_then_repeat_backdoor","0.5","8","2","5","5","0.5","5","20","9","1.5","43","7.01466703414917","0.3125","0.23555555555555555"
"cifar10","20","2","mixed_maturity","access_freshness_lease","dirichlet_lcb","diverse_then_repeat_backdoor","0.5","8","2","5","5","0.5","5","20","9","1.5","44","6.293130874633789","0.35","0.21833333333333332"
"cifar10","20","2","mixed_maturity","access_freshness_lease","dirichlet_lcb","diverse_then_repeat_backdoor","0.5","8","2","5","5","0.5","5","20","9","1.5","45","7.868609428405762","0.2895","0.6794444444444444"
"cifar10","20","2","mixed_maturity","access_freshness_lease","dirichlet_lcb","diverse_then_repeat_backdoor","0.5","8","2","5","5","0.5","5","20","9","1.5","46","6.456066608428955","0.323","0.49833333333333335"
"cifar10","20","2","mixed_maturity","access_freshness_lease","dirichlet_lcb","diverse_then_repeat_backdoor","0.5","8","2","5","5","0.5","5","20","9","1.5","47","6.356621742248535","0.3445","0.45055555555555554"
"cifar10","20","2","mixed_maturity","access_freshness_lease","dirichlet_lcb","diverse_then_repeat_backdoor","0.5","8","2","5","5","0.5","5","20","9","1.5","48","5.499491214752197","0.3665","0.4161111111111111"
"cifar10","20","2","mixed_maturity","access_freshness_lease","dirichlet_lcb","diverse_then_repeat_backdoor","0.5","8","2","5","5","0.5","5","20","9","1.5","49","6.729944229125977","0.329","0.24055555555555555"
"cifar10","20","2","mixed_maturity","access_freshness_lease","dirichlet_lcb","diverse_then_repeat_backdoor","0.5","8","2","5","5","0.5","5","20","9","1.5","50","5.292461395263672","0.3755","0.2922222222222222"
"cifar10","20","2","mixed_maturity","access_freshness_lease","dirichlet_lcb","diverse_then_repeat_backdoor","0.5","9","2","5","5","0.5","5","20","9","1.5","1","12.357921600341797","0.118","0.0"
"cifar10","20","2","mixed_maturity","access_freshness_lease","dirichlet_lcb","diverse_then_repeat_backdoor","0.5","9","2","5","5","0.5","5","20","9","1.5","2","6.477505207061768","0.25","0.20555555555555555"
"cifar10","20","2","mixed_maturity","access_freshness_lease","dirichlet_lcb","diverse_then_repeat_backdoor","0.5","9","2","5","5","0.5","5","20","9","1.5","3","11.192447662353516","0.1975","0.0"
"cifar10","20","2","mixed_maturity","access_freshness_lease","dirichlet_lcb","diverse_then_repeat_backdoor","0.5","9","2","5","5","0.5","5","20","9","1.5","4","9.732828140258789","0.213","0.0011111111111111111"
"cifar10","20","2","mixed_maturity","access_freshness_lease","dirichlet_lcb","diverse_then_repeat_backdoor","0.5","9","2","5","5","0.5","5","20","9","1.5","5","8.401202201843262","0.22","0.45055555555555554"
"cifar10","20","2","mixed_maturity","access_freshness_lease","dirichlet_lcb","diverse_then_repeat_backdoor","0.5","9","2","5","5","0.5","5","20","9","1.5","6","6.027590751647949","0.296","0.03666666666666667"
"cifar10","20","2","mixed_maturity","access_freshness_lease","dirichlet_lcb","diverse_then_repeat_backdoor","0.5","9","2","5","5","0.5","5","20","9","1.5","7","7.795769214630127","0.2605","0.051111111111111114"
"cifar10","20","2","mixed_maturity","access_freshness_lease","dirichlet_lcb","diverse_then_repeat_backdoor","0.5","9","2","5","5","0.5","5","20","9","1.5","8","5.929243564605713","0.293","0.04833333333333333"
"cifar10","20","2","mixed_maturity","access_freshness_lease","dirichlet_lcb","diverse_then_repeat_backdoor","0.5","9","2","5","5","0.5","5","20","9","1.5","9","7.246739864349365","0.2895","0.21333333333333335"
"cifar10","20","2","mixed_maturity","access_freshness_lease","dirichlet_lcb","diverse_then_repeat_backdoor","0.5","9","2","5","5","0.5","5","20","9","1.5","10","6.78301477432251","0.2795","0.051666666666666666"
"cifar10","20","2","mixed_maturity","access_freshness_lease","dirichlet_lcb","diverse_then_repeat_backdoor","0.5","9","2","5","5","0.5","5","20","9","1.5","11","6.691849708557129","0.3","0.2772222222222222"
"cifar10","20","2","mixed_maturity","access_freshness_lease","dirichlet_lcb","diverse_then_repeat_backdoor","0.5","9","2","5","5","0.5","5","20","9","1.5","12","6.646929740905762","0.296","0.08055555555555556"
"cifar10","20","2","mixed_maturity","access_freshness_lease","dirichlet_lcb","diverse_then_repeat_backdoor","0.5","9","2","5","5","0.5","5","20","9","1.5","13","7.251168251037598","0.3165","0.15388888888888888"
"cifar10","20","2","mixed_maturity","access_freshness_lease","dirichlet_lcb","diverse_then_repeat_backdoor","0.5","9","2","5","5","0.5","5","20","9","1.5","14","6.76140022277832","0.291","0.019444444444444445"
"cifar10","20","2","mixed_maturity","access_freshness_lease","dirichlet_lcb","diverse_then_repeat_backdoor","0.5","9","2","5","5","0.5","5","20","9","1.5","15","7.9289960861206055","0.308","0.3377777777777778"
"cifar10","20","2","mixed_maturity","access_freshness_lease","dirichlet_lcb","diverse_then_repeat_backdoor","0.5","9","2","5","5","0.5","5","20","9","1.5","16","6.535992622375488","0.2735","0.017222222222222222"
"cifar10","20","2","mixed_maturity","access_freshness_lease","dirichlet_lcb","diverse_then_repeat_backdoor","0.5","9","2","5","5","0.5","5","20","9","1.5","17","5.689881324768066","0.3375","0.08222222222222222"
"cifar10","20","2","mixed_maturity","access_freshness_lease","dirichlet_lcb","diverse_then_repeat_backdoor","0.5","9","2","5","5","0.5","5","20","9","1.5","18","7.172689437866211","0.325","0.09111111111111111"
"cifar10","20","2","mixed_maturity","access_freshness_lease","dirichlet_lcb","diverse_then_repeat_backdoor","0.5","9","2","5","5","0.5","5","20","9","1.5","19","6.097212314605713","0.3505","0.1111111111111111"
"cifar10","20","2","mixed_maturity","access_freshness_lease","dirichlet_lcb","diverse_then_repeat_backdoor","0.5","9","2","5","5","0.5","5","20","9","1.5","20","6.359603404998779","0.315","0.06888888888888889"
"cifar10","20","2","mixed_maturity","access_freshness_lease","dirichlet_lcb","diverse_then_repeat_backdoor","0.5","9","2","5","5","0.5","5","20","9","1.5","21","6.3085737228393555","0.339","0.12055555555555555"
"cifar10","20","2","mixed_maturity","access_freshness_lease","dirichlet_lcb","diverse_then_repeat_backdoor","0.5","9","2","5","5","0.5","5","20","9","1.5","22","6.836282253265381","0.3135","0.4083333333333333"
"cifar10","20","2","mixed_maturity","access_freshness_lease","dirichlet_lcb","diverse_then_repeat_backdoor","0.5","9","2","5","5","0.5","5","20","9","1.5","23","7.932575702667236","0.3055","0.011666666666666667"
"cifar10","20","2","mixed_maturity","access_freshness_lease","dirichlet_lcb","diverse_then_repeat_backdoor","0.5","9","2","5","5","0.5","5","20","9","1.5","24","7.8951239585876465","0.296","0.03111111111111111"
"cifar10","20","2","mixed_maturity","access_freshness_lease","dirichlet_lcb","diverse_then_repeat_backdoor","0.5","9","2","5","5","0.5","5","20","9","1.5","25","8.057914733886719","0.299","0.3761111111111111"
"cifar10","20","2","mixed_maturity","access_freshness_lease","dirichlet_lcb","diverse_then_repeat_backdoor","0.5","9","2","5","5","0.5","5","20","9","1.5","26","6.135897636413574","0.34","0.025"
"cifar10","20","2","mixed_maturity","access_freshness_lease","dirichlet_lcb","diverse_then_repeat_backdoor","0.5","9","2","5","5","0.5","5","20","9","1.5","27","6.398376941680908","0.3305","0.17166666666666666"
"cifar10","20","2","mixed_maturity","access_freshness_lease","dirichlet_lcb","diverse_then_repeat_backdoor","0.5","9","2","5","5","0.5","5","20","9","1.5","28","6.5668864250183105","0.328","0.09888888888888889"
"cifar10","20","2","mixed_maturity","access_freshness_lease","dirichlet_lcb","diverse_then_repeat_backdoor","0.5","9","2","5","5","0.5","5","20","9","1.5","29","5.889111518859863","0.3475","0.21333333333333335"
"cifar10","20","2","mixed_maturity","access_freshness_lease","dirichlet_lcb","diverse_then_repeat_backdoor","0.5","9","2","5","5","0.5","5","20","9","1.5","30","7.029169082641602","0.3235","0.013888888888888888"
"cifar10","20","2","mixed_maturity","access_freshness_lease","dirichlet_lcb","diverse_then_repeat_backdoor","0.5","9","2","5","5","0.5","5","20","9","1.5","31","6.3869309425354","0.333","0.11222222222222222"
"cifar10","20","2","mixed_maturity","access_freshness_lease","dirichlet_lcb","diverse_then_repeat_backdoor","0.5","9","2","5","5","0.5","5","20","9","1.5","32","7.217142105102539","0.324","0.32166666666666666"
"cifar10","20","2","mixed_maturity","access_freshness_lease","dirichlet_lcb","diverse_then_repeat_backdoor","0.5","9","2","5","5","0.5","5","20","9","1.5","33","7.323973178863525","0.3195","0.09333333333333334"
"cifar10","20","2","mixed_maturity","access_freshness_lease","dirichlet_lcb","diverse_then_repeat_backdoor","0.5","9","2","5","5","0.5","5","20","9","1.5","34","6.777066230773926","0.343","0.19555555555555557"
"cifar10","20","2","mixed_maturity","access_freshness_lease","dirichlet_lcb","diverse_then_repeat_backdoor","0.5","9","2","5","5","0.5","5","20","9","1.5","35","6.562068462371826","0.363","0.09333333333333334"
"cifar10","20","2","mixed_maturity","access_freshness_lease","dirichlet_lcb","diverse_then_repeat_backdoor","0.5","9","2","5","5","0.5","5","20","9","1.5","36","7.2232794761657715","0.3225","0.09666666666666666"
"cifar10","20","2","mixed_maturity","access_freshness_lease","dirichlet_lcb","diverse_then_repeat_backdoor","0.5","9","2","5","5","0.5","5","20","9","1.5","37","6.696120262145996","0.3565","0.19277777777777777"
"cifar10","20","2","mixed_maturity","access_freshness_lease","dirichlet_lcb","diverse_then_repeat_backdoor","0.5","9","2","5","5","0.5","5","20","9","1.5","38","6.953624248504639","0.3275","0.30277777777777776"
"cifar10","20","2","mixed_maturity","access_freshness_lease","dirichlet_lcb","diverse_then_repeat_backdoor","0.5","9","2","5","5","0.5","5","20","9","1.5","39","6.261538028717041","0.3555","0.08388888888888889"
"cifar10","20","2","mixed_maturity","access_freshness_lease","dirichlet_lcb","diverse_then_repeat_backdoor","0.5","9","2","5","5","0.5","5","20","9","1.5","40","6.254812717437744","0.3615","0.050555555555555555"
"cifar10","20","2","mixed_maturity","access_freshness_lease","dirichlet_lcb","diverse_then_repeat_backdoor","0.5","9","2","5","5","0.5","5","20","9","1.5","41","5.758622169494629","0.3625","0.11722222222222223"
"cifar10","20","2","mixed_maturity","access_freshness_lease","dirichlet_lcb","diverse_then_repeat_backdoor","0.5","9","2","5","5","0.5","5","20","9","1.5","42","6.726464748382568","0.342","0.08333333333333333"
"cifar10","20","2","mixed_maturity","access_freshness_lease","dirichlet_lcb","diverse_then_repeat_backdoor","0.5","9","2","5","5","0.5","5","20","9","1.5","43","6.3982625007629395","0.356","0.27666666666666667"
"cifar10","20","2","mixed_maturity","access_freshness_lease","dirichlet_lcb","diverse_then_repeat_backdoor","0.5","9","2","5","5","0.5","5","20","9","1.5","44","6.445918560028076","0.3515","0.1388888888888889"
"cifar10","20","2","mixed_maturity","access_freshness_lease","dirichlet_lcb","diverse_then_repeat_backdoor","0.5","9","2","5","5","0.5","5","20","9","1.5","45","7.408143043518066","0.3305","0.25277777777777777"
"cifar10","20","2","mixed_maturity","access_freshness_lease","dirichlet_lcb","diverse_then_repeat_backdoor","0.5","9","2","5","5","0.5","5","20","9","1.5","46","6.414667129516602","0.3505","0.3011111111111111"
"cifar10","20","2","mixed_maturity","access_freshness_lease","dirichlet_lcb","diverse_then_repeat_backdoor","0.5","9","2","5","5","0.5","5","20","9","1.5","47","6.084105491638184","0.3605","0.15722222222222224"
"cifar10","20","2","mixed_maturity","access_freshness_lease","dirichlet_lcb","diverse_then_repeat_backdoor","0.5","9","2","5","5","0.5","5","20","9","1.5","48","6.44562292098999","0.3405","0.10944444444444444"
"cifar10","20","2","mixed_maturity","access_freshness_lease","dirichlet_lcb","diverse_then_repeat_backdoor","0.5","9","2","5","5","0.5","5","20","9","1.5","49","5.746798038482666","0.37","0.07833333333333334"
"cifar10","20","2","mixed_maturity","access_freshness_lease","dirichlet_lcb","diverse_then_repeat_backdoor","0.5","9","2","5","5","0.5","5","20","9","1.5","50","7.844819068908691","0.3195","0.016666666666666666"
"cifar10","20","2","mixed_maturity","access_freshness_lease","dirichlet_lcb","benign_concept_drift","0.5","5","2","5","5","0.5","5","20","9","1.5","1","7.987802505493164","0.15","0.7327777777777778"
"cifar10","20","2","mixed_maturity","access_freshness_lease","dirichlet_lcb","benign_concept_drift","0.5","5","2","5","5","0.5","5","20","9","1.5","2","10.020882606506348","0.1795","0.0"
"cifar10","20","2","mixed_maturity","access_freshness_lease","dirichlet_lcb","benign_concept_drift","0.5","5","2","5","5","0.5","5","20","9","1.5","3","6.1919989585876465","0.2255","0.0044444444444444444"
"cifar10","20","2","mixed_maturity","access_freshness_lease","dirichlet_lcb","benign_concept_drift","0.5","5","2","5","5","0.5","5","20","9","1.5","4","8.87536334991455","0.2145","0.22722222222222221"
"cifar10","20","2","mixed_maturity","access_freshness_lease","dirichlet_lcb","benign_concept_drift","0.5","5","2","5","5","0.5","5","20","9","1.5","5","5.980198383331299","0.295","0.26166666666666666"
"cifar10","20","2","mixed_maturity","access_freshness_lease","dirichlet_lcb","benign_concept_drift","0.5","5","2","5","5","0.5","5","20","9","1.5","6","8.372873306274414","0.254","0.056666666666666664"
"cifar10","20","2","mixed_maturity","access_freshness_lease","dirichlet_lcb","benign_concept_drift","0.5","5","2","5","5","0.5","5","20","9","1.5","7","5.75531530380249","0.318","0.18555555555555556"
"cifar10","20","2","mixed_maturity","access_freshness_lease","dirichlet_lcb","benign_concept_drift","0.5","5","2","5","5","0.5","5","20","9","1.5","8","8.195622444152832","0.254","0.39666666666666667"
"cifar10","20","2","mixed_maturity","access_freshness_lease","dirichlet_lcb","benign_concept_drift","0.5","5","2","5","5","0.5","5","20","9","1.5","9","6.17849063873291","0.3005","0.026111111111111113"
"cifar10","20","2","mixed_maturity","access_freshness_lease","dirichlet_lcb","benign_concept_drift","0.5","5","2","5","5","0.5","5","20","9","1.5","10","5.529533386230469","0.318","0.027777777777777776"
"cifar10","20","2","mixed_maturity","access_freshness_lease","dirichlet_lcb","benign_concept_drift","0.5","5","2","5","5","0.5","5","20","9","1.5","11","7.712833881378174","0.267","0.08222222222222222"
"cifar10","20","2","mixed_maturity","access_freshness_lease","dirichlet_lcb","benign_concept_drift","0.5","5","2","5","5","0.5","5","20","9","1.5","12","6.227910041809082","0.3095","0.08611111111111111"
"cifar10","20","2","mixed_maturity","access_freshness_lease","dirichlet_lcb","benign_concept_drift","0.5","5","2","5","5","0.5","5","20","9","1.5","13","5.8459696769714355","0.3175","0.15388888888888888"
"cifar10","20","2","mixed_maturity","access_freshness_lease","dirichlet_lcb","benign_concept_drift","0.5","5","2","5","5","0.5","5","20","9","1.5","14","7.850287914276123","0.2735","0.03722222222222222"
"cifar10","20","2","mixed_maturity","access_freshness_lease","dirichlet_lcb","benign_concept_drift","0.5","5","2","5","5","0.5","5","20","9","1.5","15","5.943673133850098","0.339","0.13777777777777778"
"cifar10","20","2","mixed_maturity","access_freshness_lease","dirichlet_lcb","benign_concept_drift","0.5","5","2","5","5","0.5","5","20","9","1.5","16","6.546065807342529","0.2775","0.12555555555555556"
"cifar10","20","2","mixed_maturity","access_freshness_lease","dirichlet_lcb","benign_concept_drift","0.5","5","2","5","5","0.5","5","20","9","1.5","17","6.526695251464844","0.321","0.0044444444444444444"
"cifar10","20","2","mixed_maturity","access_freshness_lease","dirichlet_lcb","benign_concept_drift","0.5","5","2","5","5","0.5","5","20","9","1.5","18","7.070898056030273","0.298","0.08"
"cifar10","20","2","mixed_maturity","access_freshness_lease","dirichlet_lcb","benign_concept_drift","0.5","5","2","5","5","0.5","5","20","9","1.5","19","6.484531402587891","0.3425","0.13444444444444445"
"cifar10","20","2","mixed_maturity","access_freshness_lease","dirichlet_lcb","benign_concept_drift","0.5","5","2","5","5","0.5","5","20","9","1.5","20","7.559908390045166","0.291","0.05555555555555555"
"cifar10","20","2","mixed_maturity","access_freshness_lease","dirichlet_lcb","benign_concept_drift","0.5","5","2","5","5","0.5","5","20","9","1.5","21","6.770199298858643","0.3195","0.175"
"cifar10","20","2","mixed_maturity","access_freshness_lease","dirichlet_lcb","benign_concept_drift","0.5","5","2","5","5","0.5","5","20","9","1.5","22","6.7427778244018555","0.32","0.03166666666666667"
"cifar10","20","2","mixed_maturity","access_freshness_lease","dirichlet_lcb","benign_concept_drift","0.5","5","2","5","5","0.5","5","20","9","1.5","23","6.722882270812988","0.314","0.07944444444444444"
"cifar10","20","2","mixed_maturity","access_freshness_lease","dirichlet_lcb","benign_concept_drift","0.5","5","2","5","5","0.5","5","20","9","1.5","24","7.088003158569336","0.326","0.07888888888888888"
"cifar10","20","2","mixed_maturity","access_freshness_lease","dirichlet_lcb","benign_concept_drift","0.5","5","2","5","5","0.5","5","20","9","1.5","25","6.565459251403809","0.33","0.09333333333333334"
"cifar10","20","2","mixed_maturity","access_freshness_lease","dirichlet_lcb","benign_concept_drift","0.5","5","2","5","5","0.5","5","20","9","1.5","26","6.441080093383789","0.341","0.06055555555555556"
"cifar10","20","2","mixed_maturity","access_freshness_lease","dirichlet_lcb","benign_concept_drift","0.5","5","2","5","5","0.5","5","20","9","1.5","27","5.786927700042725","0.348","0.05444444444444444"
"cifar10","20","2","mixed_maturity","access_freshness_lease","dirichlet_lcb","benign_concept_drift","0.5","5","2","5","5","0.5","5","20","9","1.5","28","7.364073276519775","0.316","0.045"
"cifar10","20","2","mixed_maturity","access_freshness_lease","dirichlet_lcb","benign_concept_drift","0.5","5","2","5","5","0.5","5","20","9","1.5","29","7.159618377685547","0.3365","0.07611111111111112"
"cifar10","20","2","mixed_maturity","access_freshness_lease","dirichlet_lcb","benign_concept_drift","0.5","5","2","5","5","0.5","5","20","9","1.5","30","5.9884033203125","0.3455","0.09222222222222222"
"cifar10","20","2","mixed_maturity","access_freshness_lease","dirichlet_lcb","benign_concept_drift","0.5","5","2","5","5","0.5","5","20","9","1.5","31","7.9649763107299805","0.306","0.12166666666666667"
"cifar10","20","2","mixed_maturity","access_freshness_lease","dirichlet_lcb","benign_concept_drift","0.5","5","2","5","5","0.5","5","20","9","1.5","32","7.587679862976074","0.314","0.22055555555555556"
"cifar10","20","2","mixed_maturity","access_freshness_lease","dirichlet_lcb","benign_concept_drift","0.5","5","2","5","5","0.5","5","20","9","1.5","33","6.158082962036133","0.355","0.028333333333333332"
"cifar10","20","2","mixed_maturity","access_freshness_lease","dirichlet_lcb","benign_concept_drift","0.5","5","2","5","5","0.5","5","20","9","1.5","34","6.001002788543701","0.3535","0.03166666666666667"
"cifar10","20","2","mixed_maturity","access_freshness_lease","dirichlet_lcb","benign_concept_drift","0.5","5","2","5","5","0.5","5","20","9","1.5","35","6.659148693084717","0.3395","0.24944444444444444"
"cifar10","20","2","mixed_maturity","access_freshness_lease","dirichlet_lcb","benign_concept_drift","0.5","5","2","5","5","0.5","5","20","9","1.5","36","7.260578632354736","0.297","0.03"
"cifar10","20","2","mixed_maturity","access_freshness_lease","dirichlet_lcb","benign_concept_drift","0.5","5","2","5","5","0.5","5","20","9","1.5","37","7.304925918579102","0.332","0.2911111111111111"
"cifar10","20","2","mixed_maturity","access_freshness_lease","dirichlet_lcb","benign_concept_drift","0.5","5","2","5","5","0.5","5","20","9","1.5","38","6.268409252166748","0.3315","0.13333333333333333"
"cifar10","20","2","mixed_maturity","access_freshness_lease","dirichlet_lcb","benign_concept_drift","0.5","5","2","5","5","0.5","5","20","9","1.5","39","5.9580302238464355","0.3205","0.11666666666666667"
"cifar10","20","2","mixed_maturity","access_freshness_lease","dirichlet_lcb","benign_concept_drift","0.5","5","2","5","5","0.5","5","20","9","1.5","40","7.044540882110596","0.3325","0.25222222222222224"
"cifar10","20","2","mixed_maturity","access_freshness_lease","dirichlet_lcb","benign_concept_drift","0.5","5","2","5","5","0.5","5","20","9","1.5","41","5.9086761474609375","0.353","0.0961111111111111"
"cifar10","20","2","mixed_maturity","access_freshness_lease","dirichlet_lcb","benign_concept_drift","0.5","5","2","5","5","0.5","5","20","9","1.5","42","6.1235880851745605","0.3395","0.05333333333333334"
"cifar10","20","2","mixed_maturity","access_freshness_lease","dirichlet_lcb","benign_concept_drift","0.5","5","2","5","5","0.5","5","20","9","1.5","43","6.8050713539123535","0.321","0.16055555555555556"
"cifar10","20","2","mixed_maturity","access_freshness_lease","dirichlet_lcb","benign_concept_drift","0.5","5","2","5","5","0.5","5","20","9","1.5","44","5.527411937713623","0.3805","0.06722222222222222"
"cifar10","20","2","mixed_maturity","access_freshness_lease","dirichlet_lcb","benign_concept_drift","0.5","5","2","5","5","0.5","5","20","9","1.5","45","6.097736835479736","0.3405","0.13666666666666666"
"cifar10","20","2","mixed_maturity","access_freshness_lease","dirichlet_lcb","benign_concept_drift","0.5","5","2","5","5","0.5","5","20","9","1.5","46","8.793720245361328","0.286","0.07444444444444444"
"cifar10","20","2","mixed_maturity","access_freshness_lease","dirichlet_lcb","benign_concept_drift","0.5","5","2","5","5","0.5","5","20","9","1.5","47","6.196865558624268","0.3585","0.08444444444444445"
"cifar10","20","2","mixed_maturity","access_freshness_lease","dirichlet_lcb","benign_concept_drift","0.5","5","2","5","5","0.5","5","20","9","1.5","48","6.748454570770264","0.34","0.175"
"cifar10","20","2","mixed_maturity","access_freshness_lease","dirichlet_lcb","benign_concept_drift","0.5","5","2","5","5","0.5","5","20","9","1.5","49","6.3002448081970215","0.353","0.07444444444444444"
"cifar10","20","2","mixed_maturity","access_freshness_lease","dirichlet_lcb","benign_concept_drift","0.5","5","2","5","5","0.5","5","20","9","1.5","50","6.625387191772461","0.354","0.13166666666666665"
"cifar10","20","2","mixed_maturity","access_freshness_lease","dirichlet_lcb","benign_concept_drift","0.5","6","2","5","5","0.5","5","20","9","1.5","1","16.24658203125","0.105","0.9788888888888889"
"cifar10","20","2","mixed_maturity","access_freshness_lease","dirichlet_lcb","benign_concept_drift","0.5","6","2","5","5","0.5","5","20","9","1.5","2","13.024474143981934","0.172","0.0"
"cifar10","20","2","mixed_maturity","access_freshness_lease","dirichlet_lcb","benign_concept_drift","0.5","6","2","5","5","0.5","5","20","9","1.5","3","7.331082344055176","0.224","0.0044444444444444444"
"cifar10","20","2","mixed_maturity","access_freshness_lease","dirichlet_lcb","benign_concept_drift","0.5","6","2","5","5","0.5","5","20","9","1.5","4","6.701939582824707","0.279","0.065"
"cifar10","20","2","mixed_maturity","access_freshness_lease","dirichlet_lcb","benign_concept_drift","0.5","6","2","5","5","0.5","5","20","9","1.5","5","5.569969654083252","0.282","0.12166666666666667"
"cifar10","20","2","mixed_maturity","access_freshness_lease","dirichlet_lcb","benign_concept_drift","0.5","6","2","5","5","0.5","5","20","9","1.5","6","6.629051208496094","0.288","0.215"
"cifar10","20","2","mixed_maturity","access_freshness_lease","dirichlet_lcb","benign_concept_drift","0.5","6","2","5","5","0.5","5","20","9","1.5","7","5.5035929679870605","0.292","0.15944444444444444"
"cifar10","20","2","mixed_maturity","access_freshness_lease","dirichlet_lcb","benign_concept_drift","0.5","6","2","5","5","0.5","5","20","9","1.5","8","6.775791168212891","0.2845","0.23722222222222222"
"cifar10","20","2","mixed_maturity","access_freshness_lease","dirichlet_lcb","benign_concept_drift","0.5","6","2","5","5","0.5","5","20","9","1.5","9","9.92897891998291","0.233","0.0011111111111111111"
"cifar10","20","2","mixed_maturity","access_freshness_lease","dirichlet_lcb","benign_concept_drift","0.5","6","2","5","5","0.5","5","20","9","1.5","10","6.959707260131836","0.313","0.12333333333333334"
"cifar10","20","2","mixed_maturity","access_freshness_lease","dirichlet_lcb","benign_concept_drift","0.5","6","2","5","5","0.5","5","20","9","1.5","11","6.849783420562744","0.287","0.015"
"cifar10","20","2","mixed_maturity","access_freshness_lease","dirichlet_lcb","benign_concept_drift","0.5","6","2","5","5","0.5","5","20","9","1.5","12","7.062129974365234","0.2905","0.23444444444444446"
"cifar10","20","2","mixed_maturity","access_freshness_lease","dirichlet_lcb","benign_concept_drift","0.5","6","2","5","5","0.5","5","20","9","1.5","13","5.785398483276367","0.3265","0.05444444444444444"
"cifar10","20","2","mixed_maturity","access_freshness_lease","dirichlet_lcb","benign_concept_drift","0.5","6","2","5","5","0.5","5","20","9","1.5","14","6.99725341796875","0.315","0.055"
"cifar10","20","2","mixed_maturity","access_freshness_lease","dirichlet_lcb","benign_concept_drift","0.5","6","2","5","5","0.5","5","20","9","1.5","15","6.064452648162842","0.3265","0.08555555555555555"
"cifar10","20","2","mixed_maturity","access_freshness_lease","dirichlet_lcb","benign_concept_drift","0.5","6","2","5","5","0.5","5","20","9","1.5","16","6.121025085449219","0.336","0.04555555555555556"
"cifar10","20","2","mixed_maturity","access_freshness_lease","dirichlet_lcb","benign_concept_drift","0.5","6","2","5","5","0.5","5","20","9","1.5","17","6.745449066162109","0.3285","0.13055555555555556"
"cifar10","20","2","mixed_maturity","access_freshness_lease","dirichlet_lcb","benign_concept_drift","0.5","6","2","5","5","0.5","5","20","9","1.5","18","6.088244915008545","0.336","0.05444444444444444"
"cifar10","20","2","mixed_maturity","access_freshness_lease","dirichlet_lcb","benign_concept_drift","0.5","6","2","5","5","0.5","5","20","9","1.5","19","6.647839069366455","0.306","0.0022222222222222222"
"cifar10","20","2","mixed_maturity","access_freshness_lease","dirichlet_lcb","benign_concept_drift","0.5","6","2","5","5","0.5","5","20","9","1.5","20","6.918895244598389","0.2905","0.07111111111111111"
"cifar10","20","2","mixed_maturity","access_freshness_lease","dirichlet_lcb","benign_concept_drift","0.5","6","2","5","5","0.5","5","20","9","1.5","21","6.739512920379639","0.324","0.057777777777777775"
"cifar10","20","2","mixed_maturity","access_freshness_lease","dirichlet_lcb","benign_concept_drift","0.5","6","2","5","5","0.5","5","20","9","1.5","22","6.575939178466797","0.3295","0.005"
"cifar10","20","2","mixed_maturity","access_freshness_lease","dirichlet_lcb","benign_concept_drift","0.5","6","2","5","5","0.5","5","20","9","1.5","23","6.171611785888672","0.3205","0.02666666666666667"
"cifar10","20","2","mixed_maturity","access_freshness_lease","dirichlet_lcb","benign_concept_drift","0.5","6","2","5","5","0.5","5","20","9","1.5","24","6.010046482086182","0.3575","0.05388888888888889"
"cifar10","20","2","mixed_maturity","access_freshness_lease","dirichlet_lcb","benign_concept_drift","0.5","6","2","5","5","0.5","5","20","9","1.5","25","6.049592018127441","0.345","0.05333333333333334"
"cifar10","20","2","mixed_maturity","access_freshness_lease","dirichlet_lcb","benign_concept_drift","0.5","6","2","5","5","0.5","5","20","9","1.5","26","6.356575965881348","0.347","0.105"
"cifar10","20","2","mixed_maturity","access_freshness_lease","dirichlet_lcb","benign_concept_drift","0.5","6","2","5","5","0.5","5","20","9","1.5","27","6.171421527862549","0.3485","0.01"
"cifar10","20","2","mixed_maturity","access_freshness_lease","dirichlet_lcb","benign_concept_drift","0.5","6","2","5","5","0.5","5","20","9","1.5","28","7.29368257522583","0.323","0.04777777777777778"
"cifar10","20","2","mixed_maturity","access_freshness_lease","dirichlet_lcb","benign_concept_drift","0.5","6","2","5","5","0.5","5","20","9","1.5","29","6.717006683349609","0.331","0.07166666666666667"
"cifar10","20","2","mixed_maturity","access_freshness_lease","dirichlet_lcb","benign_concept_drift","0.5","6","2","5","5","0.5","5","20","9","1.5","30","6.53003454208374","0.3375","0.025"
"cifar10","20","2","mixed_maturity","access_freshness_lease","dirichlet_lcb","benign_concept_drift","0.5","6","2","5","5","0.5","5","20","9","1.5","31","6.932447910308838","0.3415","0.06833333333333333"
"cifar10","20","2","mixed_maturity","access_freshness_lease","dirichlet_lcb","benign_concept_drift","0.5","6","2","5","5","0.5","5","20","9","1.5","32","6.389091968536377","0.342","0.018333333333333333"
"cifar10","20","2","mixed_maturity","access_freshness_lease","dirichlet_lcb","benign_concept_drift","0.5","6","2","5","5","0.5","5","20","9","1.5","33","6.346866607666016","0.34","0.028333333333333332"
"cifar10","20","2","mixed_maturity","access_freshness_lease","dirichlet_lcb","benign_concept_drift","0.5","6","2","5","5","0.5","5","20","9","1.5","34","7.068816661834717","0.335","0.15388888888888888"
"cifar10","20","2","mixed_maturity","access_freshness_lease","dirichlet_lcb","benign_concept_drift","0.5","6","2","5","5","0.5","5","20","9","1.5","35","7.2019171714782715","0.308","0.12166666666666667"
"cifar10","20","2","mixed_maturity","access_freshness_lease","dirichlet_lcb","benign_concept_drift","0.5","6","2","5","5","0.5","5","20","9","1.5","36","6.464229583740234","0.3455","0.0022222222222222222"
"cifar10","20","2","mixed_maturity","access_freshness_lease","dirichlet_lcb","benign_concept_drift","0.5","6","2","5","5","0.5","5","20","9","1.5","37","6.226833820343018","0.36","0.04722222222222222"
"cifar10","20","2","mixed_maturity","access_freshness_lease","dirichlet_lcb","benign_concept_drift","0.5","6","2","5","5","0.5","5","20","9","1.5","38","6.597883701324463","0.337","0.06277777777777778"
"cifar10","20","2","mixed_maturity","access_freshness_lease","dirichlet_lcb","benign_concept_drift","0.5","6","2","5","5","0.5","5","20","9","1.5","39","6.631525993347168","0.3505","0.11611111111111111"
"cifar10","20","2","mixed_maturity","access_freshness_lease","dirichlet_lcb","benign_concept_drift","0.5","6","2","5","5","0.5","5","20","9","1.5","40","8.243060111999512","0.321","0.0016666666666666668"
"cifar10","20","2","mixed_maturity","access_freshness_lease","dirichlet_lcb","benign_concept_drift","0.5","6","2","5","5","0.5","5","20","9","1.5","41","6.085324287414551","0.3465","0.10055555555555555"
"cifar10","20","2","mixed_maturity","access_freshness_lease","dirichlet_lcb","benign_concept_drift","0.5","6","2","5","5","0.5","5","20","9","1.5","42","7.029653549194336","0.326","0.04388888888888889"
"cifar10","20","2","mixed_maturity","access_freshness_lease","dirichlet_lcb","benign_concept_drift","0.5","6","2","5","5","0.5","5","20","9","1.5","43","6.754727363586426","0.3465","0.05722222222222222"
"cifar10","20","2","mixed_maturity","access_freshness_lease","dirichlet_lcb","benign_concept_drift","0.5","6","2","5","5","0.5","5","20","9","1.5","44","6.693479537963867","0.3475","0.08"
"cifar10","20","2","mixed_maturity","access_freshness_lease","dirichlet_lcb","benign_concept_drift","0.5","6","2","5","5","0.5","5","20","9","1.5","45","6.490698337554932","0.354","0.16944444444444445"
"cifar10","20","2","mixed_maturity","access_freshness_lease","dirichlet_lcb","benign_concept_drift","0.5","6","2","5","5","0.5","5","20","9","1.5","46","7.485013961791992","0.348","0.08888888888888889"
"cifar10","20","2","mixed_maturity","access_freshness_lease","dirichlet_lcb","benign_concept_drift","0.5","6","2","5","5","0.5","5","20","9","1.5","47","7.554342746734619","0.322","0.2588888888888889"
"cifar10","20","2","mixed_maturity","access_freshness_lease","dirichlet_lcb","benign_concept_drift","0.5","6","2","5","5","0.5","5","20","9","1.5","48","7.516145706176758","0.32","0.02388888888888889"
"cifar10","20","2","mixed_maturity","access_freshness_lease","dirichlet_lcb","benign_concept_drift","0.5","6","2","5","5","0.5","5","20","9","1.5","49","5.943746089935303","0.3695","0.07277777777777777"
"cifar10","20","2","mixed_maturity","access_freshness_lease","dirichlet_lcb","benign_concept_drift","0.5","6","2","5","5","0.5","5","20","9","1.5","50","5.969442367553711","0.3715","0.02388888888888889"
"cifar10","20","2","mixed_maturity","access_freshness_lease","dirichlet_lcb","benign_concept_drift","0.5","7","2","5","5","0.5","5","20","9","1.5","1","7.226149559020996","0.184","0.0"
"cifar10","20","2","mixed_maturity","access_freshness_lease","dirichlet_lcb","benign_concept_drift","0.5","7","2","5","5","0.5","5","20","9","1.5","2","10.689931869506836","0.1665","0.005555555555555556"
"cifar10","20","2","mixed_maturity","access_freshness_lease","dirichlet_lcb","benign_concept_drift","0.5","7","2","5","5","0.5","5","20","9","1.5","3","6.587248802185059","0.2125","0.049444444444444444"
"cifar10","20","2","mixed_maturity","access_freshness_lease","dirichlet_lcb","benign_concept_drift","0.5","7","2","5","5","0.5","5","20","9","1.5","4","5.839788913726807","0.2415","0.020555555555555556"
"cifar10","20","2","mixed_maturity","access_freshness_lease","dirichlet_lcb","benign_concept_drift","0.5","7","2","5","5","0.5","5","20","9","1.5","5","6.349472999572754","0.2635","0.018333333333333333"
"cifar10","20","2","mixed_maturity","access_freshness_lease","dirichlet_lcb","benign_concept_drift","0.5","7","2","5","5","0.5","5","20","9","1.5","6","6.050868034362793","0.268","0.07777777777777778"
"cifar10","20","2","mixed_maturity","access_freshness_lease","dirichlet_lcb","benign_concept_drift","0.5","7","2","5","5","0.5","5","20","9","1.5","7","8.615571022033691","0.2595","0.3194444444444444"
"cifar10","20","2","mixed_maturity","access_freshness_lease","dirichlet_lcb","benign_concept_drift","0.5","7","2","5","5","0.5","5","20","9","1.5","8","5.747642517089844","0.317","0.03111111111111111"
"cifar10","20","2","mixed_maturity","access_freshness_lease","dirichlet_lcb","benign_concept_drift","0.5","7","2","5","5","0.5","5","20","9","1.5","9","6.991583824157715","0.27","0.013888888888888888"
"cifar10","20","2","mixed_maturity","access_freshness_lease","dirichlet_lcb","benign_concept_drift","0.5","7","2","5","5","0.5","5","20","9","1.5","10","7.543488502502441","0.3195","0.015"
"cifar10","20","2","mixed_maturity","access_freshness_lease","dirichlet_lcb","benign_concept_drift","0.5","7","2","5","5","0.5","5","20","9","1.5","11","6.068639755249023","0.3045","0.04555555555555556"
"cifar10","20","2","mixed_maturity","access_freshness_lease","dirichlet_lcb","benign_concept_drift","0.5","7","2","5","5","0.5","5","20","9","1.5","12","7.345181465148926","0.2775","0.006111111111111111"
"cifar10","20","2","mixed_maturity","access_freshness_lease","dirichlet_lcb","benign_concept_drift","0.5","7","2","5","5","0.5","5","20","9","1.5","13","7.894467830657959","0.2855","0.006666666666666667"
"cifar10","20","2","mixed_maturity","access_freshness_lease","dirichlet_lcb","benign_concept_drift","0.5","7","2","5","5","0.5","5","20","9","1.5","14","5.887967586517334","0.315","0.030555555555555555"
"cifar10","20","2","mixed_maturity","access_freshness_lease","dirichlet_lcb","benign_concept_drift","0.5","7","2","5","5","0.5","5","20","9","1.5","15","6.129605770111084","0.3285","0.018333333333333333"
"cifar10","20","2","mixed_maturity","access_freshness_lease","dirichlet_lcb","benign_concept_drift","0.5","7","2","5","5","0.5","5","20","9","1.5","16","6.219936370849609","0.34","0.04111111111111111"
"cifar10","20","2","mixed_maturity","access_freshness_lease","dirichlet_lcb","benign_concept_drift","0.5","7","2","5","5","0.5","5","20","9","1.5","17","5.901042938232422","0.323","0.04777777777777778"
"cifar10","20","2","mixed_maturity","access_freshness_lease","dirichlet_lcb","benign_concept_drift","0.5","7","2","5","5","0.5","5","20","9","1.5","18","6.859519004821777","0.306","0.02722222222222222"
"cifar10","20","2","mixed_maturity","access_freshness_lease","dirichlet_lcb","benign_concept_drift","0.5","7","2","5","5","0.5","5","20","9","1.5","19","6.537351608276367","0.3315","0.10777777777777778"
"cifar10","20","2","mixed_maturity","access_freshness_lease","dirichlet_lcb","benign_concept_drift","0.5","7","2","5","5","0.5","5","20","9","1.5","20","5.758020401000977","0.343","0.04388888888888889"
"cifar10","20","2","mixed_maturity","access_freshness_lease","dirichlet_lcb","benign_concept_drift","0.5","7","2","5","5","0.5","5","20","9","1.5","21","6.471426963806152","0.3095","0.205"
"cifar10","20","2","mixed_maturity","access_freshness_lease","dirichlet_lcb","benign_concept_drift","0.5","7","2","5","5","0.5","5","20","9","1.5","22","6.236084938049316","0.329","0.015555555555555555"
"cifar10","20","2","mixed_maturity","access_freshness_lease","dirichlet_lcb","benign_concept_drift","0.5","7","2","5","5","0.5","5","20","9","1.5","23","7.1777424812316895","0.3055","0.002777777777777778"
"cifar10","20","2","mixed_maturity","access_freshness_lease","dirichlet_lcb","benign_concept_drift","0.5","7","2","5","5","0.5","5","20","9","1.5","24","6.605090618133545","0.319","0.044444444444444446"
"cifar10","20","2","mixed_maturity","access_freshness_lease","dirichlet_lcb","benign_concept_drift","0.5","7","2","5","5","0.5","5","20","9","1.5","25","7.1884074211120605","0.3145","0.1388888888888889"
"cifar10","20","2","mixed_maturity","access_freshness_lease","dirichlet_lcb","benign_concept_drift","0.5","7","2","5","5","0.5","5","20","9","1.5","26","7.948146343231201","0.277","0.02"
"cifar10","20","2","mixed_maturity","access_freshness_lease","dirichlet_lcb","benign_concept_drift","0.5","7","2","5","5","0.5","5","20","9","1.5","27","7.963122844696045","0.3125","0.0005555555555555556"
"cifar10","20","2","mixed_maturity","access_freshness_lease","dirichlet_lcb","benign_concept_drift","0.5","7","2","5","5","0.5","5","20","9","1.5","28","6.404370307922363","0.323","0.12944444444444445"
"cifar10","20","2","mixed_maturity","access_freshness_lease","dirichlet_lcb","benign_concept_drift","0.5","7","2","5","5","0.5","5","20","9","1.5","29","6.696727752685547","0.3375","0.02"
"cifar10","20","2","mixed_maturity","access_freshness_lease","dirichlet_lcb","benign_concept_drift","0.5","7","2","5","5","0.5","5","20","9","1.5","30","6.4331583976745605","0.3185","0.009444444444444445"
"cifar10","20","2","mixed_maturity","access_freshness_lease","dirichlet_lcb","benign_concept_drift","0.5","7","2","5","5","0.5","5","20","9","1.5","31","6.501288890838623","0.3195","0.07833333333333334"
"cifar10","20","2","mixed_maturity","access_freshness_lease","dirichlet_lcb","benign_concept_drift","0.5","7","2","5","5","0.5","5","20","9","1.5","32","6.45613431930542","0.3275","0.07277777777777777"
"cifar10","20","2","mixed_maturity","access_freshness_lease","dirichlet_lcb","benign_concept_drift","0.5","7","2","5","5","0.5","5","20","9","1.5","33","6.397788047790527","0.3575","0.030555555555555555"
"cifar10","20","2","mixed_maturity","access_freshness_lease","dirichlet_lcb","benign_concept_drift","0.5","7","2","5","5","0.5","5","20","9","1.5","34","6.6191511154174805","0.3455","0.041666666666666664"
"cifar10","20","2","mixed_maturity","access_freshness_lease","dirichlet_lcb","benign_concept_drift","0.5","7","2","5","5","0.5","5","20","9","1.5","35","6.3035736083984375","0.3565","0.065"
"cifar10","20","2","mixed_maturity","access_freshness_lease","dirichlet_lcb","benign_concept_drift","0.5","7","2","5","5","0.5","5","20","9","1.5","36","6.3766045570373535","0.323","0.01611111111111111"
"cifar10","20","2","mixed_maturity","access_freshness_lease","dirichlet_lcb","benign_concept_drift","0.5","7","2","5","5","0.5","5","20","9","1.5","37","6.585690498352051","0.3235","0.055"
"cifar10","20","2","mixed_maturity","access_freshness_lease","dirichlet_lcb","benign_concept_drift","0.5","7","2","5","5","0.5","5","20","9","1.5","38","5.948524475097656","0.3515","0.09055555555555556"
"cifar10","20","2","mixed_maturity","access_freshness_lease","dirichlet_lcb","benign_concept_drift","0.5","7","2","5","5","0.5","5","20","9","1.5","39","6.907563209533691","0.3155","0.03388888888888889"
"cifar10","20","2","mixed_maturity","access_freshness_lease","dirichlet_lcb","benign_concept_drift","0.5","7","2","5","5","0.5","5","20","9","1.5","40","7.092785358428955","0.306","0.0038888888888888888"
"cifar10","20","2","mixed_maturity","access_freshness_lease","dirichlet_lcb","benign_concept_drift","0.5","7","2","5","5","0.5","5","20","9","1.5","41","6.704124927520752","0.3485","0.013888888888888888"
"cifar10","20","2","mixed_maturity","access_freshness_lease","dirichlet_lcb","benign_concept_drift","0.5","7","2","5","5","0.5","5","20","9","1.5","42","6.106738090515137","0.354","0.042777777777777776"
"cifar10","20","2","mixed_maturity","access_freshness_lease","dirichlet_lcb","benign_concept_drift","0.5","7","2","5","5","0.5","5","20","9","1.5","43","6.739712715148926","0.3485","0.05277777777777778"
"cifar10","20","2","mixed_maturity","access_freshness_lease","dirichlet_lcb","benign_concept_drift","0.5","7","2","5","5","0.5","5","20","9","1.5","44","5.33758020401001","0.366","0.05444444444444444"
"cifar10","20","2","mixed_maturity","access_freshness_lease","dirichlet_lcb","benign_concept_drift","0.5","7","2","5","5","0.5","5","20","9","1.5","45","7.166181564331055","0.33","0.013888888888888888"
"cifar10","20","2","mixed_maturity","access_freshness_lease","dirichlet_lcb","benign_concept_drift","0.5","7","2","5","5","0.5","5","20","9","1.5","46","5.377233505249023","0.378","0.075"
"cifar10","20","2","mixed_maturity","access_freshness_lease","dirichlet_lcb","benign_concept_drift","0.5","7","2","5","5","0.5","5","20","9","1.5","47","5.572884559631348","0.353","0.0077777777777777776"
"cifar10","20","2","mixed_maturity","access_freshness_lease","dirichlet_lcb","benign_concept_drift","0.5","7","2","5","5","0.5","5","20","9","1.5","48","7.493236541748047","0.295","0.0044444444444444444"
"cifar10","20","2","mixed_maturity","access_freshness_lease","dirichlet_lcb","benign_concept_drift","0.5","7","2","5","5","0.5","5","20","9","1.5","49","6.325041770935059","0.3615","0.007222222222222222"
"cifar10","20","2","mixed_maturity","access_freshness_lease","dirichlet_lcb","benign_concept_drift","0.5","7","2","5","5","0.5","5","20","9","1.5","50","6.155539512634277","0.3625","0.016666666666666666"
"cifar10","20","2","mixed_maturity","access_freshness_lease","dirichlet_lcb","benign_concept_drift","0.5","8","2","5","5","0.5","5","20","9","1.5","1","15.02261734008789","0.1","0.9977777777777778"
"cifar10","20","2","mixed_maturity","access_freshness_lease","dirichlet_lcb","benign_concept_drift","0.5","8","2","5","5","0.5","5","20","9","1.5","2","7.057121753692627","0.2345","0.0005555555555555556"
"cifar10","20","2","mixed_maturity","access_freshness_lease","dirichlet_lcb","benign_concept_drift","0.5","8","2","5","5","0.5","5","20","9","1.5","3","6.729846000671387","0.2235","0.0016666666666666668"
"cifar10","20","2","mixed_maturity","access_freshness_lease","dirichlet_lcb","benign_concept_drift","0.5","8","2","5","5","0.5","5","20","9","1.5","4","6.473243236541748","0.257","0.07444444444444444"
"cifar10","20","2","mixed_maturity","access_freshness_lease","dirichlet_lcb","benign_concept_drift","0.5","8","2","5","5","0.5","5","20","9","1.5","5","6.952491283416748","0.231","0.01611111111111111"
"cifar10","20","2","mixed_maturity","access_freshness_lease","dirichlet_lcb","benign_concept_drift","0.5","8","2","5","5","0.5","5","20","9","1.5","6","6.279360771179199","0.2625","0.1761111111111111"
"cifar10","20","2","mixed_maturity","access_freshness_lease","dirichlet_lcb","benign_concept_drift","0.5","8","2","5","5","0.5","5","20","9","1.5","7","8.025483131408691","0.273","0.0022222222222222222"
"cifar10","20","2","mixed_maturity","access_freshness_lease","dirichlet_lcb","benign_concept_drift","0.5","8","2","5","5","0.5","5","20","9","1.5","8","6.619428634643555","0.269","0.06111111111111111"
"cifar10","20","2","mixed_maturity","access_freshness_lease","dirichlet_lcb","benign_concept_drift","0.5","8","2","5","5","0.5","5","20","9","1.5","9","9.247011184692383","0.231","0.013888888888888888"
"cifar10","20","2","mixed_maturity","access_freshness_lease","dirichlet_lcb","benign_concept_drift","0.5","8","2","5","5","0.5","5","20","9","1.5","10","6.148360729217529","0.2885","0.18055555555555555"
"cifar10","20","2","mixed_maturity","access_freshness_lease","dirichlet_lcb","benign_concept_drift","0.5","8","2","5","5","0.5","5","20","9","1.5","11","7.222677707672119","0.276","0.03944444444444444"
"cifar10","20","2","mixed_maturity","access_freshness_lease","dirichlet_lcb","benign_concept_drift","0.5","8","2","5","5","0.5","5","20","9","1.5","12","5.701592445373535","0.308","0.034444444444444444"
"cifar10","20","2","mixed_maturity","access_freshness_lease","dirichlet_lcb","benign_concept_drift","0.5","8","2","5","5","0.5","5","20","9","1.5","13","5.961101531982422","0.313","0.13666666666666666"
"cifar10","20","2","mixed_maturity","access_freshness_lease","dirichlet_lcb","benign_concept_drift","0.5","8","2","5","5","0.5","5","20","9","1.5","14","6.344184875488281","0.281","0.1238888888888889"
"cifar10","20","2","mixed_maturity","access_freshness_lease","dirichlet_lcb","benign_concept_drift","0.5","8","2","5","5","0.5","5","20","9","1.5","15","5.7011542320251465","0.337","0.015555555555555555"
"cifar10","20","2","mixed_maturity","access_freshness_lease","dirichlet_lcb","benign_concept_drift","0.5","8","2","5","5","0.5","5","20","9","1.5","16","6.867822647094727","0.3075","0.012222222222222223"
"cifar10","20","2","mixed_maturity","access_freshness_lease","dirichlet_lcb","benign_concept_drift","0.5","8","2","5","5","0.5","5","20","9","1.5","17","6.450675964355469","0.293","0.1288888888888889"
"cifar10","20","2","mixed_maturity","access_freshness_lease","dirichlet_lcb","benign_concept_drift","0.5","8","2","5","5","0.5","5","20","9","1.5","18","6.818939685821533","0.29","0.019444444444444445"
"cifar10","20","2","mixed_maturity","access_freshness_lease","dirichlet_lcb","benign_concept_drift","0.5","8","2","5","5","0.5","5","20","9","1.5","19","5.668515682220459","0.319","0.03888888888888889"
"cifar10","20","2","mixed_maturity","access_freshness_lease","dirichlet_lcb","benign_concept_drift","0.5","8","2","5","5","0.5","5","20","9","1.5","20","6.034424781799316","0.3215","0.044444444444444446"
"cifar10","20","2","mixed_maturity","access_freshness_lease","dirichlet_lcb","benign_concept_drift","0.5","8","2","5","5","0.5","5","20","9","1.5","21","6.557795524597168","0.2975","0.115"
"cifar10","20","2","mixed_maturity","access_freshness_lease","dirichlet_lcb","benign_concept_drift","0.5","8","2","5","5","0.5","5","20","9","1.5","22","7.3192338943481445","0.292","0.03888888888888889"
"cifar10","20","2","mixed_maturity","access_freshness_lease","dirichlet_lcb","benign_concept_drift","0.5","8","2","5","5","0.5","5","20","9","1.5","23","6.915499687194824","0.3115","0.0033333333333333335"
"cifar10","20","2","mixed_maturity","access_freshness_lease","dirichlet_lcb","benign_concept_drift","0.5","8","2","5","5","0.5","5","20","9","1.5","24","6.244499683380127","0.3205","0.03166666666666667"
"cifar10","20","2","mixed_maturity","access_freshness_lease","dirichlet_lcb","benign_concept_drift","0.5","8","2","5","5","0.5","5","20","9","1.5","25","6.42400598526001","0.3265","0.08055555555555556"
"cifar10","20","2","mixed_maturity","access_freshness_lease","dirichlet_lcb","benign_concept_drift","0.5","8","2","5","5","0.5","5","20","9","1.5","26","6.74982213973999","0.34","0.034444444444444444"
"cifar10","20","2","mixed_maturity","access_freshness_lease","dirichlet_lcb","benign_concept_drift","0.5","8","2","5","5","0.5","5","20","9","1.5","27","6.186782360076904","0.3345","0.023333333333333334"
"cifar10","20","2","mixed_maturity","access_freshness_lease","dirichlet_lcb","benign_concept_drift","0.5","8","2","5","5","0.5","5","20","9","1.5","28","7.415082931518555","0.305","0.11333333333333333"
"cifar10","20","2","mixed_maturity","access_freshness_lease","dirichlet_lcb","benign_concept_drift","0.5","8","2","5","5","0.5","5","20","9","1.5","29","5.654931545257568","0.3585","0.012222222222222223"
"cifar10","20","2","mixed_maturity","access_freshness_lease","dirichlet_lcb","benign_concept_drift","0.5","8","2","5","5","0.5","5","20","9","1.5","30","6.830738067626953","0.304","0.013333333333333334"
"cifar10","20","2","mixed_maturity","access_freshness_lease","dirichlet_lcb","benign_concept_drift","0.5","8","2","5","5","0.5","5","20","9","1.5","31","7.635828971862793","0.311","0.08611111111111111"
"cifar10","20","2","mixed_maturity","access_freshness_lease","dirichlet_lcb","benign_concept_drift","0.5","8","2","5","5","0.5","5","20","9","1.5","32","6.766642093658447","0.299","0.020555555555555556"
"cifar10","20","2","mixed_maturity","access_freshness_lease","dirichlet_lcb","benign_concept_drift","0.5","8","2","5","5","0.5","5","20","9","1.5","33","5.596980571746826","0.3515","0.06222222222222222"
"cifar10","20","2","mixed_maturity","access_freshness_lease","dirichlet_lcb","benign_concept_drift","0.5","8","2","5","5","0.5","5","20","9","1.5","34","5.910009384155273","0.349","0.13"
"cifar10","20","2","mixed_maturity","access_freshness_lease","dirichlet_lcb","benign_concept_drift","0.5","8","2","5","5","0.5","5","20","9","1.5","35","6.549237251281738","0.316","0.0077777777777777776"
"cifar10","20","2","mixed_maturity","access_freshness_lease","dirichlet_lcb","benign_concept_drift","0.5","8","2","5","5","0.5","5","20","9","1.5","36","7.6720051765441895","0.3025","0.015555555555555555"
"cifar10","20","2","mixed_maturity","access_freshness_lease","dirichlet_lcb","benign_concept_drift","0.5","8","2","5","5","0.5","5","20","9","1.5","37","6.458739280700684","0.329","0.0022222222222222222"
"cifar10","20","2","mixed_maturity","access_freshness_lease","dirichlet_lcb","benign_concept_drift","0.5","8","2","5","5","0.5","5","20","9","1.5","38","6.041242599487305","0.347","0.08222222222222222"
"cifar10","20","2","mixed_maturity","access_freshness_lease","dirichlet_lcb","benign_concept_drift","0.5","8","2","5","5","0.5","5","20","9","1.5","39","7.580446720123291","0.3205","0.23555555555555555"
"cifar10","20","2","mixed_maturity","access_freshness_lease","dirichlet_lcb","benign_concept_drift","0.5","8","2","5","5","0.5","5","20","9","1.5","40","6.358052730560303","0.3215","0.03111111111111111"
"cifar10","20","2","mixed_maturity","access_freshness_lease","dirichlet_lcb","benign_concept_drift","0.5","8","2","5","5","0.5","5","20","9","1.5","41","5.54384708404541","0.3665","0.08611111111111111"
"cifar10","20","2","mixed_maturity","access_freshness_lease","dirichlet_lcb","benign_concept_drift","0.5","8","2","5","5","0.5","5","20","9","1.5","42","5.955377101898193","0.3415","0.1288888888888889"
"cifar10","20","2","mixed_maturity","access_freshness_lease","dirichlet_lcb","benign_concept_drift","0.5","8","2","5","5","0.5","5","20","9","1.5","43","7.65907621383667","0.309","0.02"
"cifar10","20","2","mixed_maturity","access_freshness_lease","dirichlet_lcb","benign_concept_drift","0.5","8","2","5","5","0.5","5","20","9","1.5","44","6.551673889160156","0.3325","0.14277777777777778"
"cifar10","20","2","mixed_maturity","access_freshness_lease","dirichlet_lcb","benign_concept_drift","0.5","8","2","5","5","0.5","5","20","9","1.5","45","6.240787982940674","0.32","0.06111111111111111"
"cifar10","20","2","mixed_maturity","access_freshness_lease","dirichlet_lcb","benign_concept_drift","0.5","8","2","5","5","0.5","5","20","9","1.5","46","7.472701072692871","0.331","0.1622222222222222"
"cifar10","20","2","mixed_maturity","access_freshness_lease","dirichlet_lcb","benign_concept_drift","0.5","8","2","5","5","0.5","5","20","9","1.5","47","6.742541790008545","0.326","0.018333333333333333"
"cifar10","20","2","mixed_maturity","access_freshness_lease","dirichlet_lcb","benign_concept_drift","0.5","8","2","5","5","0.5","5","20","9","1.5","48","6.154486179351807","0.3355","0.13666666666666666"
"cifar10","20","2","mixed_maturity","access_freshness_lease","dirichlet_lcb","benign_concept_drift","0.5","8","2","5","5","0.5","5","20","9","1.5","49","5.9779157638549805","0.3505","0.06222222222222222"
"cifar10","20","2","mixed_maturity","access_freshness_lease","dirichlet_lcb","benign_concept_drift","0.5","8","2","5","5","0.5","5","20","9","1.5","50","5.819028377532959","0.3505","0.08222222222222222"
"cifar10","20","2","mixed_maturity","access_freshness_lease","dirichlet_lcb","benign_concept_drift","0.5","9","2","5","5","0.5","5","20","9","1.5","1","12.357921600341797","0.118","0.0"
"cifar10","20","2","mixed_maturity","access_freshness_lease","dirichlet_lcb","benign_concept_drift","0.5","9","2","5","5","0.5","5","20","9","1.5","2","6.796868324279785","0.2495","0.15555555555555556"
"cifar10","20","2","mixed_maturity","access_freshness_lease","dirichlet_lcb","benign_concept_drift","0.5","9","2","5","5","0.5","5","20","9","1.5","3","7.068479537963867","0.242","0.0"
"cifar10","20","2","mixed_maturity","access_freshness_lease","dirichlet_lcb","benign_concept_drift","0.5","9","2","5","5","0.5","5","20","9","1.5","4","6.406620979309082","0.256","0.0005555555555555556"
"cifar10","20","2","mixed_maturity","access_freshness_lease","dirichlet_lcb","benign_concept_drift","0.5","9","2","5","5","0.5","5","20","9","1.5","5","7.889887809753418","0.2275","0.0011111111111111111"
"cifar10","20","2","mixed_maturity","access_freshness_lease","dirichlet_lcb","benign_concept_drift","0.5","9","2","5","5","0.5","5","20","9","1.5","6","5.624794006347656","0.31","0.1272222222222222"
"cifar10","20","2","mixed_maturity","access_freshness_lease","dirichlet_lcb","benign_concept_drift","0.5","9","2","5","5","0.5","5","20","9","1.5","7","6.713497161865234","0.283","0.25277777777777777"
"cifar10","20","2","mixed_maturity","access_freshness_lease","dirichlet_lcb","benign_concept_drift","0.5","9","2","5","5","0.5","5","20","9","1.5","8","6.4027276039123535","0.2835","0.05555555555555555"
"cifar10","20","2","mixed_maturity","access_freshness_lease","dirichlet_lcb","benign_concept_drift","0.5","9","2","5","5","0.5","5","20","9","1.5","9","5.965421676635742","0.309","0.010555555555555556"
"cifar10","20","2","mixed_maturity","access_freshness_lease","dirichlet_lcb","benign_concept_drift","0.5","9","2","5","5","0.5","5","20","9","1.5","10","6.235516548156738","0.3045","0.059444444444444446"
"cifar10","20","2","mixed_maturity","access_freshness_lease","dirichlet_lcb","benign_concept_drift","0.5","9","2","5","5","0.5","5","20","9","1.5","11","5.964999198913574","0.3185","0.04888888888888889"
"cifar10","20","2","mixed_maturity","access_freshness_lease","dirichlet_lcb","benign_concept_drift","0.5","9","2","5","5","0.5","5","20","9","1.5","12","8.28318977355957","0.2835","0.06388888888888888"
"cifar10","20","2","mixed_maturity","access_freshness_lease","dirichlet_lcb","benign_concept_drift","0.5","9","2","5","5","0.5","5","20","9","1.5","13","6.2151103019714355","0.318","0.03222222222222222"
"cifar10","20","2","mixed_maturity","access_freshness_lease","dirichlet_lcb","benign_concept_drift","0.5","9","2","5","5","0.5","5","20","9","1.5","14","6.105631351470947","0.328","0.0077777777777777776"
"cifar10","20","2","mixed_maturity","access_freshness_lease","dirichlet_lcb","benign_concept_drift","0.5","9","2","5","5","0.5","5","20","9","1.5","15","5.853332042694092","0.329","0.041666666666666664"
"cifar10","20","2","mixed_maturity","access_freshness_lease","dirichlet_lcb","benign_concept_drift","0.5","9","2","5","5","0.5","5","20","9","1.5","16","6.213730335235596","0.3395","0.0011111111111111111"
"cifar10","20","2","mixed_maturity","access_freshness_lease","dirichlet_lcb","benign_concept_drift","0.5","9","2","5","5","0.5","5","20","9","1.5","17","6.607176780700684","0.319","0.2038888888888889"
"cifar10","20","2","mixed_maturity","access_freshness_lease","dirichlet_lcb","benign_concept_drift","0.5","9","2","5","5","0.5","5","20","9","1.5","18","6.877377986907959","0.3155","0.04555555555555556"
"cifar10","20","2","mixed_maturity","access_freshness_lease","dirichlet_lcb","benign_concept_drift","0.5","9","2","5","5","0.5","5","20","9","1.5","19","6.176725387573242","0.3565","0.1238888888888889"
"cifar10","20","2","mixed_maturity","access_freshness_lease","dirichlet_lcb","benign_concept_drift","0.5","9","2","5","5","0.5","5","20","9","1.5","20","6.2229905128479","0.3295","0.15666666666666668"
"cifar10","20","2","mixed_maturity","access_freshness_lease","dirichlet_lcb","benign_concept_drift","0.5","9","2","5","5","0.5","5","20","9","1.5","21","6.801562309265137","0.33","0.08944444444444444"
"cifar10","20","2","mixed_maturity","access_freshness_lease","dirichlet_lcb","benign_concept_drift","0.5","9","2","5","5","0.5","5","20","9","1.5","22","6.519002914428711","0.31","0.19"
"cifar10","20","2","mixed_maturity","access_freshness_lease","dirichlet_lcb","benign_concept_drift","0.5","9","2","5","5","0.5","5","20","9","1.5","23","7.054263114929199","0.3205","0.03888888888888889"
"cifar10","20","2","mixed_maturity","access_freshness_lease","dirichlet_lcb","benign_concept_drift","0.5","9","2","5","5","0.5","5","20","9","1.5","24","7.01043701171875","0.3235","0.0005555555555555556"
"cifar10","20","2","mixed_maturity","access_freshness_lease","dirichlet_lcb","benign_concept_drift","0.5","9","2","5","5","0.5","5","20","9","1.5","25","7.140333652496338","0.3235","0.07388888888888889"
"cifar10","20","2","mixed_maturity","access_freshness_lease","dirichlet_lcb","benign_concept_drift","0.5","9","2","5","5","0.5","5","20","9","1.5","26","6.931574821472168","0.329","0.0005555555555555556"
"cifar10","20","2","mixed_maturity","access_freshness_lease","dirichlet_lcb","benign_concept_drift","0.5","9","2","5","5","0.5","5","20","9","1.5","27","6.601972579956055","0.334","0.020555555555555556"
"cifar10","20","2","mixed_maturity","access_freshness_lease","dirichlet_lcb","benign_concept_drift","0.5","9","2","5","5","0.5","5","20","9","1.5","28","7.029839038848877","0.3355","0.17333333333333334"
"cifar10","20","2","mixed_maturity","access_freshness_lease","dirichlet_lcb","benign_concept_drift","0.5","9","2","5","5","0.5","5","20","9","1.5","29","6.481925010681152","0.3315","0.09666666666666666"
"cifar10","20","2","mixed_maturity","access_freshness_lease","dirichlet_lcb","benign_concept_drift","0.5","9","2","5","5","0.5","5","20","9","1.5","30","6.526561737060547","0.3305","0.08"
"cifar10","20","2","mixed_maturity","access_freshness_lease","dirichlet_lcb","benign_concept_drift","0.5","9","2","5","5","0.5","5","20","9","1.5","31","5.892413139343262","0.3485","0.03944444444444444"
"cifar10","20","2","mixed_maturity","access_freshness_lease","dirichlet_lcb","benign_concept_drift","0.5","9","2","5","5","0.5","5","20","9","1.5","32","6.123252868652344","0.3425","0.13111111111111112"
"cifar10","20","2","mixed_maturity","access_freshness_lease","dirichlet_lcb","benign_concept_drift","0.5","9","2","5","5","0.5","5","20","9","1.5","33","6.881712913513184","0.3185","0.185"
"cifar10","20","2","mixed_maturity","access_freshness_lease","dirichlet_lcb","benign_concept_drift","0.5","9","2","5","5","0.5","5","20","9","1.5","34","6.567035675048828","0.3495","0.016666666666666666"
"cifar10","20","2","mixed_maturity","access_freshness_lease","dirichlet_lcb","benign_concept_drift","0.5","9","2","5","5","0.5","5","20","9","1.5","35","5.905877590179443","0.3645","0.023333333333333334"
"cifar10","20","2","mixed_maturity","access_freshness_lease","dirichlet_lcb","benign_concept_drift","0.5","9","2","5","5","0.5","5","20","9","1.5","36","6.555791854858398","0.3315","0.10222222222222223"
"cifar10","20","2","mixed_maturity","access_freshness_lease","dirichlet_lcb","benign_concept_drift","0.5","9","2","5","5","0.5","5","20","9","1.5","37","6.96465539932251","0.3325","0.085"
"cifar10","20","2","mixed_maturity","access_freshness_lease","dirichlet_lcb","benign_concept_drift","0.5","9","2","5","5","0.5","5","20","9","1.5","38","6.950515270233154","0.3305","0.19055555555555556"
"cifar10","20","2","mixed_maturity","access_freshness_lease","dirichlet_lcb","benign_concept_drift","0.5","9","2","5","5","0.5","5","20","9","1.5","39","6.249902248382568","0.341","0.01888888888888889"
"cifar10","20","2","mixed_maturity","access_freshness_lease","dirichlet_lcb","benign_concept_drift","0.5","9","2","5","5","0.5","5","20","9","1.5","40","5.953918933868408","0.3605","0.02666666666666667"
"cifar10","20","2","mixed_maturity","access_freshness_lease","dirichlet_lcb","benign_concept_drift","0.5","9","2","5","5","0.5","5","20","9","1.5","41","5.71010160446167","0.366","0.03722222222222222"
"cifar10","20","2","mixed_maturity","access_freshness_lease","dirichlet_lcb","benign_concept_drift","0.5","9","2","5","5","0.5","5","20","9","1.5","42","5.835639476776123","0.357","0.04611111111111111"
"cifar10","20","2","mixed_maturity","access_freshness_lease","dirichlet_lcb","benign_concept_drift","0.5","9","2","5","5","0.5","5","20","9","1.5","43","6.45400333404541","0.354","0.11888888888888889"
"cifar10","20","2","mixed_maturity","access_freshness_lease","dirichlet_lcb","benign_concept_drift","0.5","9","2","5","5","0.5","5","20","9","1.5","44","6.283329010009766","0.349","0.10055555555555555"
"cifar10","20","2","mixed_maturity","access_freshness_lease","dirichlet_lcb","benign_concept_drift","0.5","9","2","5","5","0.5","5","20","9","1.5","45","6.921175003051758","0.3255","0.01611111111111111"
"cifar10","20","2","mixed_maturity","access_freshness_lease","dirichlet_lcb","benign_concept_drift","0.5","9","2","5","5","0.5","5","20","9","1.5","46","6.270174026489258","0.3335","0.04722222222222222"
"cifar10","20","2","mixed_maturity","access_freshness_lease","dirichlet_lcb","benign_concept_drift","0.5","9","2","5","5","0.5","5","20","9","1.5","47","5.925756931304932","0.361","0.11277777777777778"
"cifar10","20","2","mixed_maturity","access_freshness_lease","dirichlet_lcb","benign_concept_drift","0.5","9","2","5","5","0.5","5","20","9","1.5","48","6.341572284698486","0.349","0.08888888888888889"
"cifar10","20","2","mixed_maturity","access_freshness_lease","dirichlet_lcb","benign_concept_drift","0.5","9","2","5","5","0.5","5","20","9","1.5","49","6.967130184173584","0.349","0.021666666666666667"
"cifar10","20","2","mixed_maturity","access_freshness_lease","dirichlet_lcb","benign_concept_drift","0.5","9","2","5","5","0.5","5","20","9","1.5","50","6.856741905212402","0.3325","0.005"
"cifar10","20","2","mixed_maturity","access_full","dirichlet_lcb","diverse_then_repeat_backdoor","0.5","5","2","5","5","0.5","5","20","9","1.5","1","7.987802028656006","0.15","0.7327777777777778"
"cifar10","20","2","mixed_maturity","access_full","dirichlet_lcb","diverse_then_repeat_backdoor","0.5","5","2","5","5","0.5","5","20","9","1.5","2","8.99600887298584","0.189","0.0005555555555555556"
"cifar10","20","2","mixed_maturity","access_full","dirichlet_lcb","diverse_then_repeat_backdoor","0.5","5","2","5","5","0.5","5","20","9","1.5","3","10.583267211914062","0.1665","0.0022222222222222222"
"cifar10","20","2","mixed_maturity","access_full","dirichlet_lcb","diverse_then_repeat_backdoor","0.5","5","2","5","5","0.5","5","20","9","1.5","4","7.880550861358643","0.262","0.2127777777777778"
"cifar10","20","2","mixed_maturity","access_full","dirichlet_lcb","diverse_then_repeat_backdoor","0.5","5","2","5","5","0.5","5","20","9","1.5","5","6.108894348144531","0.2635","0.08722222222222223"
"cifar10","20","2","mixed_maturity","access_full","dirichlet_lcb","diverse_then_repeat_backdoor","0.5","5","2","5","5","0.5","5","20","9","1.5","6","5.811795234680176","0.2795","0.05"
"cifar10","20","2","mixed_maturity","access_full","dirichlet_lcb","diverse_then_repeat_backdoor","0.5","5","2","5","5","0.5","5","20","9","1.5","7","5.865239143371582","0.292","0.19555555555555557"
"cifar10","20","2","mixed_maturity","access_full","dirichlet_lcb","diverse_then_repeat_backdoor","0.5","5","2","5","5","0.5","5","20","9","1.5","8","7.63277006149292","0.274","0.37777777777777777"
"cifar10","20","2","mixed_maturity","access_full","dirichlet_lcb","diverse_then_repeat_backdoor","0.5","5","2","5","5","0.5","5","20","9","1.5","9","8.226238250732422","0.238","0.48444444444444446"
"cifar10","20","2","mixed_maturity","access_full","dirichlet_lcb","diverse_then_repeat_backdoor","0.5","5","2","5","5","0.5","5","20","9","1.5","10","8.29494857788086","0.2585","0.09111111111111111"
"cifar10","20","2","mixed_maturity","access_full","dirichlet_lcb","diverse_then_repeat_backdoor","0.5","5","2","5","5","0.5","5","20","9","1.5","11","7.431156158447266","0.258","0.07444444444444444"
"cifar10","20","2","mixed_maturity","access_full","dirichlet_lcb","diverse_then_repeat_backdoor","0.5","5","2","5","5","0.5","5","20","9","1.5","12","7.776799201965332","0.304","0.135"
"cifar10","20","2","mixed_maturity","access_full","dirichlet_lcb","diverse_then_repeat_backdoor","0.5","5","2","5","5","0.5","5","20","9","1.5","13","7.886949062347412","0.265","0.5572222222222222"
"cifar10","20","2","mixed_maturity","access_full","dirichlet_lcb","diverse_then_repeat_backdoor","0.5","5","2","5","5","0.5","5","20","9","1.5","14","6.638067722320557","0.276","0.06944444444444445"
"cifar10","20","2","mixed_maturity","access_full","dirichlet_lcb","diverse_then_repeat_backdoor","0.5","5","2","5","5","0.5","5","20","9","1.5","15","5.958363056182861","0.333","0.065"
"cifar10","20","2","mixed_maturity","access_full","dirichlet_lcb","diverse_then_repeat_backdoor","0.5","5","2","5","5","0.5","5","20","9","1.5","16","6.058701038360596","0.332","0.41833333333333333"
"cifar10","20","2","mixed_maturity","access_full","dirichlet_lcb","diverse_then_repeat_backdoor","0.5","5","2","5","5","0.5","5","20","9","1.5","17","7.363804817199707","0.322","0.05333333333333334"
"cifar10","20","2","mixed_maturity","access_full","dirichlet_lcb","diverse_then_repeat_backdoor","0.5","5","2","5","5","0.5","5","20","9","1.5","18","6.7979631423950195","0.3065","0.16277777777777777"
"cifar10","20","2","mixed_maturity","access_full","dirichlet_lcb","diverse_then_repeat_backdoor","0.5","5","2","5","5","0.5","5","20","9","1.5","19","5.852577209472656","0.3195","0.12777777777777777"
"cifar10","20","2","mixed_maturity","access_full","dirichlet_lcb","diverse_then_repeat_backdoor","0.5","5","2","5","5","0.5","5","20","9","1.5","20","5.73052978515625","0.3535","0.13666666666666666"
"cifar10","20","2","mixed_maturity","access_full","dirichlet_lcb","diverse_then_repeat_backdoor","0.5","5","2","5","5","0.5","5","20","9","1.5","21","7.440555572509766","0.3","0.26611111111111113"
"cifar10","20","2","mixed_maturity","access_full","dirichlet_lcb","diverse_then_repeat_backdoor","0.5","5","2","5","5","0.5","5","20","9","1.5","22","5.841994762420654","0.3365","0.33944444444444444"
"cifar10","20","2","mixed_maturity","access_full","dirichlet_lcb","diverse_then_repeat_backdoor","0.5","5","2","5","5","0.5","5","20","9","1.5","23","6.837635517120361","0.3085","0.45555555555555555"
"cifar10","20","2","mixed_maturity","access_full","dirichlet_lcb","diverse_then_repeat_backdoor","0.5","5","2","5","5","0.5","5","20","9","1.5","24","6.540093898773193","0.339","0.27"
"cifar10","20","2","mixed_maturity","access_full","dirichlet_lcb","diverse_then_repeat_backdoor","0.5","5","2","5","5","0.5","5","20","9","1.5","25","6.0425801277160645","0.342","0.24222222222222223"
"cifar10","20","2","mixed_maturity","access_full","dirichlet_lcb","diverse_then_repeat_backdoor","0.5","5","2","5","5","0.5","5","20","9","1.5","26","5.852433681488037","0.344","0.36333333333333334"
"cifar10","20","2","mixed_maturity","access_full","dirichlet_lcb","diverse_then_repeat_backdoor","0.5","5","2","5","5","0.5","5","20","9","1.5","27","6.557323932647705","0.2975","0.6033333333333334"
"cifar10","20","2","mixed_maturity","access_full","dirichlet_lcb","diverse_then_repeat_backdoor","0.5","5","2","5","5","0.5","5","20","9","1.5","28","7.5309739112854","0.3035","0.15166666666666667"
"cifar10","20","2","mixed_maturity","access_full","dirichlet_lcb","diverse_then_repeat_backdoor","0.5","5","2","5","5","0.5","5","20","9","1.5","29","6.163328170776367","0.3435","0.3211111111111111"
"cifar10","20","2","mixed_maturity","access_full","dirichlet_lcb","diverse_then_repeat_backdoor","0.5","5","2","5","5","0.5","5","20","9","1.5","30","5.930346488952637","0.342","0.31"
"cifar10","20","2","mixed_maturity","access_full","dirichlet_lcb","diverse_then_repeat_backdoor","0.5","5","2","5","5","0.5","5","20","9","1.5","31","7.3799920082092285","0.315","0.5427777777777778"
"cifar10","20","2","mixed_maturity","access_full","dirichlet_lcb","diverse_then_repeat_backdoor","0.5","5","2","5","5","0.5","5","20","9","1.5","32","7.193730354309082","0.323","0.225"
"cifar10","20","2","mixed_maturity","access_full","dirichlet_lcb","diverse_then_repeat_backdoor","0.5","5","2","5","5","0.5","5","20","9","1.5","33","6.245544910430908","0.332","0.3527777777777778"
"cifar10","20","2","mixed_maturity","access_full","dirichlet_lcb","diverse_then_repeat_backdoor","0.5","5","2","5","5","0.5","5","20","9","1.5","34","5.947048664093018","0.3575","0.4677777777777778"
"cifar10","20","2","mixed_maturity","access_full","dirichlet_lcb","diverse_then_repeat_backdoor","0.5","5","2","5","5","0.5","5","20","9","1.5","35","6.3964619636535645","0.3375","0.38055555555555554"
"cifar10","20","2","mixed_maturity","access_full","dirichlet_lcb","diverse_then_repeat_backdoor","0.5","5","2","5","5","0.5","5","20","9","1.5","36","6.583221912384033","0.3235","0.43833333333333335"
"cifar10","20","2","mixed_maturity","access_full","dirichlet_lcb","diverse_then_repeat_backdoor","0.5","5","2","5","5","0.5","5","20","9","1.5","37","5.782950401306152","0.353","0.39222222222222225"
"cifar10","20","2","mixed_maturity","access_full","dirichlet_lcb","diverse_then_repeat_backdoor","0.5","5","2","5","5","0.5","5","20","9","1.5","38","6.398141384124756","0.356","0.5172222222222222"
"cifar10","20","2","mixed_maturity","access_full","dirichlet_lcb","diverse_then_repeat_backdoor","0.5","5","2","5","5","0.5","5","20","9","1.5","39","5.356499195098877","0.375","0.4494444444444444"
"cifar10","20","2","mixed_maturity","access_full","dirichlet_lcb","diverse_then_repeat_backdoor","0.5","5","2","5","5","0.5","5","20","9","1.5","40","6.713278293609619","0.343","0.5544444444444444"
"cifar10","20","2","mixed_maturity","access_full","dirichlet_lcb","diverse_then_repeat_backdoor","0.5","5","2","5","5","0.5","5","20","9","1.5","41","6.544354438781738","0.3335","0.17444444444444446"
"cifar10","20","2","mixed_maturity","access_full","dirichlet_lcb","diverse_then_repeat_backdoor","0.5","5","2","5","5","0.5","5","20","9","1.5","42","5.653834819793701","0.3515","0.43555555555555553"
"cifar10","20","2","mixed_maturity","access_full","dirichlet_lcb","diverse_then_repeat_backdoor","0.5","5","2","5","5","0.5","5","20","9","1.5","43","6.304017543792725","0.3285","0.4711111111111111"
"cifar10","20","2","mixed_maturity","access_full","dirichlet_lcb","diverse_then_repeat_backdoor","0.5","5","2","5","5","0.5","5","20","9","1.5","44","6.561964988708496","0.346","0.61"
"cifar10","20","2","mixed_maturity","access_full","dirichlet_lcb","diverse_then_repeat_backdoor","0.5","5","2","5","5","0.5","5","20","9","1.5","45","6.661271572113037","0.3205","0.6027777777777777"
"cifar10","20","2","mixed_maturity","access_full","dirichlet_lcb","diverse_then_repeat_backdoor","0.5","5","2","5","5","0.5","5","20","9","1.5","46","7.263355255126953","0.3095","0.37222222222222223"
"cifar10","20","2","mixed_maturity","access_full","dirichlet_lcb","diverse_then_repeat_backdoor","0.5","5","2","5","5","0.5","5","20","9","1.5","47","7.54373836517334","0.3215","0.6211111111111111"
"cifar10","20","2","mixed_maturity","access_full","dirichlet_lcb","diverse_then_repeat_backdoor","0.5","5","2","5","5","0.5","5","20","9","1.5","48","7.125219345092773","0.334","0.6588888888888889"
"cifar10","20","2","mixed_maturity","access_full","dirichlet_lcb","diverse_then_repeat_backdoor","0.5","5","2","5","5","0.5","5","20","9","1.5","49","5.664373397827148","0.3715","0.5311111111111111"
"cifar10","20","2","mixed_maturity","access_full","dirichlet_lcb","diverse_then_repeat_backdoor","0.5","5","2","5","5","0.5","5","20","9","1.5","50","6.710284233093262","0.3455","0.5955555555555555"
"cifar10","20","2","mixed_maturity","access_full","dirichlet_lcb","diverse_then_repeat_backdoor","0.5","6","2","5","5","0.5","5","20","9","1.5","1","16.24658203125","0.105","0.9788888888888889"
"cifar10","20","2","mixed_maturity","access_full","dirichlet_lcb","diverse_then_repeat_backdoor","0.5","6","2","5","5","0.5","5","20","9","1.5","2","12.906463623046875","0.178","0.0"
"cifar10","20","2","mixed_maturity","access_full","dirichlet_lcb","diverse_then_repeat_backdoor","0.5","6","2","5","5","0.5","5","20","9","1.5","3","7.927697658538818","0.213","0.0005555555555555556"
"cifar10","20","2","mixed_maturity","access_full","dirichlet_lcb","diverse_then_repeat_backdoor","0.5","6","2","5","5","0.5","5","20","9","1.5","4","7.140119552612305","0.2285","0.0005555555555555556"
"cifar10","20","2","mixed_maturity","access_full","dirichlet_lcb","diverse_then_repeat_backdoor","0.5","6","2","5","5","0.5","5","20","9","1.5","5","6.747723579406738","0.252","0.12833333333333333"
"cifar10","20","2","mixed_maturity","access_full","dirichlet_lcb","diverse_then_repeat_backdoor","0.5","6","2","5","5","0.5","5","20","9","1.5","6","6.425799369812012","0.288","0.1338888888888889"
"cifar10","20","2","mixed_maturity","access_full","dirichlet_lcb","diverse_then_repeat_backdoor","0.5","6","2","5","5","0.5","5","20","9","1.5","7","8.19251537322998","0.2305","0.13666666666666666"
"cifar10","20","2","mixed_maturity","access_full","dirichlet_lcb","diverse_then_repeat_backdoor","0.5","6","2","5","5","0.5","5","20","9","1.5","8","9.064708709716797","0.2545","0.44277777777777777"
"cifar10","20","2","mixed_maturity","access_full","dirichlet_lcb","diverse_then_repeat_backdoor","0.5","6","2","5","5","0.5","5","20","9","1.5","9","5.694204330444336","0.311","0.19055555555555556"
"cifar10","20","2","mixed_maturity","access_full","dirichlet_lcb","diverse_then_repeat_backdoor","0.5","6","2","5","5","0.5","5","20","9","1.5","10","5.778698444366455","0.3105","0.38333333333333336"
"cifar10","20","2","mixed_maturity","access_full","dirichlet_lcb","diverse_then_repeat_backdoor","0.5","6","2","5","5","0.5","5","20","9","1.5","11","6.302933692932129","0.311","0.025"
"cifar10","20","2","mixed_maturity","access_full","dirichlet_lcb","diverse_then_repeat_backdoor","0.5","6","2","5","5","0.5","5","20","9","1.5","12","6.8327813148498535","0.279","0.42388888888888887"
"cifar10","20","2","mixed_maturity","access_full","dirichlet_lcb","diverse_then_repeat_backdoor","0.5","6","2","5","5","0.5","5","20","9","1.5","13","6.554654598236084","0.317","0.010555555555555556"
"cifar10","20","2","mixed_maturity","access_full","dirichlet_lcb","diverse_then_repeat_backdoor","0.5","6","2","5","5","0.5","5","20","9","1.5","14","7.392026424407959","0.298","0.1272222222222222"
"cifar10","20","2","mixed_maturity","access_full","dirichlet_lcb","diverse_then_repeat_backdoor","0.5","6","2","5","5","0.5","5","20","9","1.5","15","6.215131759643555","0.3285","0.16166666666666665"
"cifar10","20","2","mixed_maturity","access_full","dirichlet_lcb","diverse_then_repeat_backdoor","0.5","6","2","5","5","0.5","5","20","9","1.5","16","5.94637393951416","0.3305","0.16722222222222222"
"cifar10","20","2","mixed_maturity","access_full","dirichlet_lcb","diverse_then_repeat_backdoor","0.5","6","2","5","5","0.5","5","20","9","1.5","17","7.129351615905762","0.3295","0.19"
"cifar10","20","2","mixed_maturity","access_full","dirichlet_lcb","diverse_then_repeat_backdoor","0.5","6","2","5","5","0.5","5","20","9","1.5","18","6.5760908126831055","0.3125","0.05722222222222222"
"cifar10","20","2","mixed_maturity","access_full","dirichlet_lcb","diverse_then_repeat_backdoor","0.5","6","2","5","5","0.5","5","20","9","1.5","19","6.588977813720703","0.3155","0.1622222222222222"
"cifar10","20","2","mixed_maturity","access_full","dirichlet_lcb","diverse_then_repeat_backdoor","0.5","6","2","5","5","0.5","5","20","9","1.5","20","6.985591888427734","0.297","0.21222222222222223"
"cifar10","20","2","mixed_maturity","access_full","dirichlet_lcb","diverse_then_repeat_backdoor","0.5","6","2","5","5","0.5","5","20","9","1.5","21","7.313297271728516","0.319","0.21333333333333335"
"cifar10","20","2","mixed_maturity","access_full","dirichlet_lcb","diverse_then_repeat_backdoor","0.5","6","2","5","5","0.5","5","20","9","1.5","22","6.940230369567871","0.308","0.3111111111111111"
"cifar10","20","2","mixed_maturity","access_full","dirichlet_lcb","diverse_then_repeat_backdoor","0.5","6","2","5","5","0.5","5","20","9","1.5","23","7.575069427490234","0.3","0.4011111111111111"
"cifar10","20","2","mixed_maturity","access_full","dirichlet_lcb","diverse_then_repeat_backdoor","0.5","6","2","5","5","0.5","5","20","9","1.5","24","6.717954158782959","0.3265","0.47555555555555556"
"cifar10","20","2","mixed_maturity","access_full","dirichlet_lcb","diverse_then_repeat_backdoor","0.5","6","2","5","5","0.5","5","20","9","1.5","25","6.48852014541626","0.3425","0.32722222222222225"
"cifar10","20","2","mixed_maturity","access_full","dirichlet_lcb","diverse_then_repeat_backdoor","0.5","6","2","5","5","0.5","5","20","9","1.5","26","7.334899425506592","0.318","0.5194444444444445"
"cifar10","20","2","mixed_maturity","access_full","dirichlet_lcb","diverse_then_repeat_backdoor","0.5","6","2","5","5","0.5","5","20","9","1.5","27","7.188591957092285","0.3255","0.1238888888888889"
"cifar10","20","2","mixed_maturity","access_full","dirichlet_lcb","diverse_then_repeat_backdoor","0.5","6","2","5","5","0.5","5","20","9","1.5","28","7.923624038696289","0.3","0.21777777777777776"
"cifar10","20","2","mixed_maturity","access_full","dirichlet_lcb","diverse_then_repeat_backdoor","0.5","6","2","5","5","0.5","5","20","9","1.5","29","6.181185722351074","0.3365","0.19277777777777777"
"cifar10","20","2","mixed_maturity","access_full","dirichlet_lcb","diverse_then_repeat_backdoor","0.5","6","2","5","5","0.5","5","20","9","1.5","30","6.3973846435546875","0.3475","0.30833333333333335"
"cifar10","20","2","mixed_maturity","access_full","dirichlet_lcb","diverse_then_repeat_backdoor","0.5","6","2","5","5","0.5","5","20","9","1.5","31","6.72867488861084","0.341","0.2827777777777778"
"cifar10","20","2","mixed_maturity","access_full","dirichlet_lcb","diverse_then_repeat_backdoor","0.5","6","2","5","5","0.5","5","20","9","1.5","32","5.9914093017578125","0.3435","0.30277777777777776"
"cifar10","20","2","mixed_maturity","access_full","dirichlet_lcb","diverse_then_repeat_backdoor","0.5","6","2","5","5","0.5","5","20","9","1.5","33","6.262788772583008","0.3335","0.4538888888888889"
"cifar10","20","2","mixed_maturity","access_full","dirichlet_lcb","diverse_then_repeat_backdoor","0.5","6","2","5","5","0.5","5","20","9","1.5","34","6.065511703491211","0.3535","0.495"
"cifar10","20","2","mixed_maturity","access_full","dirichlet_lcb","diverse_then_repeat_backdoor","0.5","6","2","5","5","0.5","5","20","9","1.5","35","5.9852471351623535","0.3365","0.3322222222222222"
"cifar10","20","2","mixed_maturity","access_full","dirichlet_lcb","diverse_then_repeat_backdoor","0.5","6","2","5","5","0.5","5","20","9","1.5","36","6.0242695808410645","0.3605","0.10055555555555555"
"cifar10","20","2","mixed_maturity","access_full","dirichlet_lcb","diverse_then_repeat_backdoor","0.5","6","2","5","5","0.5","5","20","9","1.5","37","6.269651412963867","0.3525","0.3672222222222222"
"cifar10","20","2","mixed_maturity","access_full","dirichlet_lcb","diverse_then_repeat_backdoor","0.5","6","2","5","5","0.5","5","20","9","1.5","38","7.1865010261535645","0.337","0.26944444444444443"
"cifar10","20","2","mixed_maturity","access_full","dirichlet_lcb","diverse_then_repeat_backdoor","0.5","6","2","5","5","0.5","5","20","9","1.5","39","7.194063663482666","0.339","0.3422222222222222"
"cifar10","20","2","mixed_maturity","access_full","dirichlet_lcb","diverse_then_repeat_backdoor","0.5","6","2","5","5","0.5","5","20","9","1.5","40","6.680695533752441","0.343","0.295"
"cifar10","20","2","mixed_maturity","access_full","dirichlet_lcb","diverse_then_repeat_backdoor","0.5","6","2","5","5","0.5","5","20","9","1.5","41","7.623959064483643","0.309","0.12944444444444445"
"cifar10","20","2","mixed_maturity","access_full","dirichlet_lcb","diverse_then_repeat_backdoor","0.5","6","2","5","5","0.5","5","20","9","1.5","42","7.492008686065674","0.3165","0.5505555555555556"
"cifar10","20","2","mixed_maturity","access_full","dirichlet_lcb","diverse_then_repeat_backdoor","0.5","6","2","5","5","0.5","5","20","9","1.5","43","5.819744110107422","0.354","0.4361111111111111"
"cifar10","20","2","mixed_maturity","access_full","dirichlet_lcb","diverse_then_repeat_backdoor","0.5","6","2","5","5","0.5","5","20","9","1.5","44","6.250186920166016","0.3455","0.18722222222222223"
"cifar10","20","2","mixed_maturity","access_full","dirichlet_lcb","diverse_then_repeat_backdoor","0.5","6","2","5","5","0.5","5","20","9","1.5","45","6.7280802726745605","0.344","0.6072222222222222"
"cifar10","20","2","mixed_maturity","access_full","dirichlet_lcb","diverse_then_repeat_backdoor","0.5","6","2","5","5","0.5","5","20","9","1.5","46","7.593451499938965","0.3255","0.2683333333333333"
"cifar10","20","2","mixed_maturity","access_full","dirichlet_lcb","diverse_then_repeat_backdoor","0.5","6","2","5","5","0.5","5","20","9","1.5","47","6.1929545402526855","0.3645","0.4438888888888889"
"cifar10","20","2","mixed_maturity","access_full","dirichlet_lcb","diverse_then_repeat_backdoor","0.5","6","2","5","5","0.5","5","20","9","1.5","48","7.2530059814453125","0.3205","0.37277777777777776"
"cifar10","20","2","mixed_maturity","access_full","dirichlet_lcb","diverse_then_repeat_backdoor","0.5","6","2","5","5","0.5","5","20","9","1.5","49","6.711531639099121","0.3505","0.4533333333333333"
"cifar10","20","2","mixed_maturity","access_full","dirichlet_lcb","diverse_then_repeat_backdoor","0.5","6","2","5","5","0.5","5","20","9","1.5","50","6.449100017547607","0.355","0.39111111111111113"
"cifar10","20","2","mixed_maturity","access_full","dirichlet_lcb","diverse_then_repeat_backdoor","0.5","7","2","5","5","0.5","5","20","9","1.5","1","7.226149082183838","0.184","0.0"
"cifar10","20","2","mixed_maturity","access_full","dirichlet_lcb","diverse_then_repeat_backdoor","0.5","7","2","5","5","0.5","5","20","9","1.5","2","8.880605697631836","0.2315","0.09111111111111111"
"cifar10","20","2","mixed_maturity","access_full","dirichlet_lcb","diverse_then_repeat_backdoor","0.5","7","2","5","5","0.5","5","20","9","1.5","3","4.985490798950195","0.267","0.12333333333333334"
"cifar10","20","2","mixed_maturity","access_full","dirichlet_lcb","diverse_then_repeat_backdoor","0.5","7","2","5","5","0.5","5","20","9","1.5","4","6.65913200378418","0.2545","0.0011111111111111111"
"cifar10","20","2","mixed_maturity","access_full","dirichlet_lcb","diverse_then_repeat_backdoor","0.5","7","2","5","5","0.5","5","20","9","1.5","5","6.518706798553467","0.2695","0.20277777777777778"
"cifar10","20","2","mixed_maturity","access_full","dirichlet_lcb","diverse_then_repeat_backdoor","0.5","7","2","5","5","0.5","5","20","9","1.5","6","7.599791526794434","0.2555","0.4922222222222222"
"cifar10","20","2","mixed_maturity","access_full","dirichlet_lcb","diverse_then_repeat_backdoor","0.5","7","2","5","5","0.5","5","20","9","1.5","7","6.409512519836426","0.3055","0.08333333333333333"
"cifar10","20","2","mixed_maturity","access_full","dirichlet_lcb","diverse_then_repeat_backdoor","0.5","7","2","5","5","0.5","5","20","9","1.5","8","7.452136516571045","0.2665","0.44055555555555553"
"cifar10","20","2","mixed_maturity","access_full","dirichlet_lcb","diverse_then_repeat_backdoor","0.5","7","2","5","5","0.5","5","20","9","1.5","9","6.770686626434326","0.285","0.03944444444444444"
"cifar10","20","2","mixed_maturity","access_full","dirichlet_lcb","diverse_then_repeat_backdoor","0.5","7","2","5","5","0.5","5","20","9","1.5","10","7.268482208251953","0.2985","0.21833333333333332"
"cifar10","20","2","mixed_maturity","access_full","dirichlet_lcb","diverse_then_repeat_backdoor","0.5","7","2","5","5","0.5","5","20","9","1.5","11","7.326163291931152","0.2955","0.005555555555555556"
"cifar10","20","2","mixed_maturity","access_full","dirichlet_lcb","diverse_then_repeat_backdoor","0.5","7","2","5","5","0.5","5","20","9","1.5","12","8.97619342803955","0.258","0.14833333333333334"
"cifar10","20","2","mixed_maturity","access_full","dirichlet_lcb","diverse_then_repeat_backdoor","0.5","7","2","5","5","0.5","5","20","9","1.5","13","7.359853744506836","0.293","0.36833333333333335"
"cifar10","20","2","mixed_maturity","access_full","dirichlet_lcb","diverse_then_repeat_backdoor","0.5","7","2","5","5","0.5","5","20","9","1.5","14","6.514059066772461","0.324","0.07166666666666667"
"cifar10","20","2","mixed_maturity","access_full","dirichlet_lcb","diverse_then_repeat_backdoor","0.5","7","2","5","5","0.5","5","20","9","1.5","15","7.651831150054932","0.2865","0.4527777777777778"
"cifar10","20","2","mixed_maturity","access_full","dirichlet_lcb","diverse_then_repeat_backdoor","0.5","7","2","5","5","0.5","5","20","9","1.5","16","6.411678791046143","0.3205","0.23277777777777778"
"cifar10","20","2","mixed_maturity","access_full","dirichlet_lcb","diverse_then_repeat_backdoor","0.5","7","2","5","5","0.5","5","20","9","1.5","17","6.6370344161987305","0.3205","0.15"
"cifar10","20","2","mixed_maturity","access_full","dirichlet_lcb","diverse_then_repeat_backdoor","0.5","7","2","5","5","0.5","5","20","9","1.5","18","6.759747505187988","0.2985","0.0811111111111111"
"cifar10","20","2","mixed_maturity","access_full","dirichlet_lcb","diverse_then_repeat_backdoor","0.5","7","2","5","5","0.5","5","20","9","1.5","19","7.004265785217285","0.3155","0.11777777777777777"
"cifar10","20","2","mixed_maturity","access_full","dirichlet_lcb","diverse_then_repeat_backdoor","0.5","7","2","5","5","0.5","5","20","9","1.5","20","7.654487133026123","0.294","0.3655555555555556"
"cifar10","20","2","mixed_maturity","access_full","dirichlet_lcb","diverse_then_repeat_backdoor","0.5","7","2","5","5","0.5","5","20","9","1.5","21","7.185663223266602","0.312","0.11166666666666666"
"cifar10","20","2","mixed_maturity","access_full","dirichlet_lcb","diverse_then_repeat_backdoor","0.5","7","2","5","5","0.5","5","20","9","1.5","22","6.510984420776367","0.33","0.3327777777777778"
"cifar10","20","2","mixed_maturity","access_full","dirichlet_lcb","diverse_then_repeat_backdoor","0.5","7","2","5","5","0.5","5","20","9","1.5","23","7.717530727386475","0.2925","0.3433333333333333"
"cifar10","20","2","mixed_maturity","access_full","dirichlet_lcb","diverse_then_repeat_backdoor","0.5","7","2","5","5","0.5","5","20","9","1.5","24","6.928835868835449","0.3085","0.49"
"cifar10","20","2","mixed_maturity","access_full","dirichlet_lcb","diverse_then_repeat_backdoor","0.5","7","2","5","5","0.5","5","20","9","1.5","25","6.65487003326416","0.339","0.3022222222222222"
"cifar10","20","2","mixed_maturity","access_full","dirichlet_lcb","diverse_then_repeat_backdoor","0.5","7","2","5","5","0.5","5","20","9","1.5","26","6.683022499084473","0.3305","0.09722222222222222"
"cifar10","20","2","mixed_maturity","access_full","dirichlet_lcb","diverse_then_repeat_backdoor","0.5","7","2","5","5","0.5","5","20","9","1.5","27","5.436402320861816","0.359","0.23055555555555557"
"cifar10","20","2","mixed_maturity","access_full","dirichlet_lcb","diverse_then_repeat_backdoor","0.5","7","2","5","5","0.5","5","20","9","1.5","28","6.767237186431885","0.3305","0.4822222222222222"
"cifar10","20","2","mixed_maturity","access_full","dirichlet_lcb","diverse_then_repeat_backdoor","0.5","7","2","5","5","0.5","5","20","9","1.5","29","6.406962871551514","0.3125","0.06888888888888889"
"cifar10","20","2","mixed_maturity","access_full","dirichlet_lcb","diverse_then_repeat_backdoor","0.5","7","2","5","5","0.5","5","20","9","1.5","30","7.220476150512695","0.2985","0.13777777777777778"
"cifar10","20","2","mixed_maturity","access_full","dirichlet_lcb","diverse_then_repeat_backdoor","0.5","7","2","5","5","0.5","5","20","9","1.5","31","6.032628536224365","0.3405","0.43222222222222223"
"cifar10","20","2","mixed_maturity","access_full","dirichlet_lcb","diverse_then_repeat_backdoor","0.5","7","2","5","5","0.5","5","20","9","1.5","32","5.782421588897705","0.348","0.37277777777777776"
"cifar10","20","2","mixed_maturity","access_full","dirichlet_lcb","diverse_then_repeat_backdoor","0.5","7","2","5","5","0.5","5","20","9","1.5","33","6.711973190307617","0.346","0.052222222222222225"
"cifar10","20","2","mixed_maturity","access_full","dirichlet_lcb","diverse_then_repeat_backdoor","0.5","7","2","5","5","0.5","5","20","9","1.5","34","7.789539337158203","0.3375","0.335"
"cifar10","20","2","mixed_maturity","access_full","dirichlet_lcb","diverse_then_repeat_backdoor","0.5","7","2","5","5","0.5","5","20","9","1.5","35","6.371459484100342","0.36","0.5094444444444445"
"cifar10","20","2","mixed_maturity","access_full","dirichlet_lcb","diverse_then_repeat_backdoor","0.5","7","2","5","5","0.5","5","20","9","1.5","36","6.43487024307251","0.331","0.275"
"cifar10","20","2","mixed_maturity","access_full","dirichlet_lcb","diverse_then_repeat_backdoor","0.5","7","2","5","5","0.5","5","20","9","1.5","37","6.17069673538208","0.3455","0.385"
"cifar10","20","2","mixed_maturity","access_full","dirichlet_lcb","diverse_then_repeat_backdoor","0.5","7","2","5","5","0.5","5","20","9","1.5","38","5.628050804138184","0.362","0.2511111111111111"
"cifar10","20","2","mixed_maturity","access_full","dirichlet_lcb","diverse_then_repeat_backdoor","0.5","7","2","5","5","0.5","5","20","9","1.5","39","5.880267143249512","0.351","0.3161111111111111"
"cifar10","20","2","mixed_maturity","access_full","dirichlet_lcb","diverse_then_repeat_backdoor","0.5","7","2","5","5","0.5","5","20","9","1.5","40","5.994843006134033","0.358","0.24388888888888888"
"cifar10","20","2","mixed_maturity","access_full","dirichlet_lcb","diverse_then_repeat_backdoor","0.5","7","2","5","5","0.5","5","20","9","1.5","41","6.0679755210876465","0.3595","0.30944444444444447"
"cifar10","20","2","mixed_maturity","access_full","dirichlet_lcb","diverse_then_repeat_backdoor","0.5","7","2","5","5","0.5","5","20","9","1.5","42","5.903683662414551","0.362","0.20722222222222222"
"cifar10","20","2","mixed_maturity","access_full","dirichlet_lcb","diverse_then_repeat_backdoor","0.5","7","2","5","5","0.5","5","20","9","1.5","43","7.867946624755859","0.3245","0.3811111111111111"
"cifar10","20","2","mixed_maturity","access_full","dirichlet_lcb","diverse_then_repeat_backdoor","0.5","7","2","5","5","0.5","5","20","9","1.5","44","6.036682605743408","0.3445","0.5705555555555556"
"cifar10","20","2","mixed_maturity","access_full","dirichlet_lcb","diverse_then_repeat_backdoor","0.5","7","2","5","5","0.5","5","20","9","1.5","45","5.983956813812256","0.3735","0.24833333333333332"
"cifar10","20","2","mixed_maturity","access_full","dirichlet_lcb","diverse_then_repeat_backdoor","0.5","7","2","5","5","0.5","5","20","9","1.5","46","6.420202255249023","0.3365","0.42277777777777775"
"cifar10","20","2","mixed_maturity","access_full","dirichlet_lcb","diverse_then_repeat_backdoor","0.5","7","2","5","5","0.5","5","20","9","1.5","47","6.490985870361328","0.3595","0.5261111111111111"
"cifar10","20","2","mixed_maturity","access_full","dirichlet_lcb","diverse_then_repeat_backdoor","0.5","7","2","5","5","0.5","5","20","9","1.5","48","6.040632724761963","0.3695","0.3788888888888889"
"cifar10","20","2","mixed_maturity","access_full","dirichlet_lcb","diverse_then_repeat_backdoor","0.5","7","2","5","5","0.5","5","20","9","1.5","49","6.39227819442749","0.334","0.38055555555555554"
"cifar10","20","2","mixed_maturity","access_full","dirichlet_lcb","diverse_then_repeat_backdoor","0.5","7","2","5","5","0.5","5","20","9","1.5","50","5.892148494720459","0.358","0.26666666666666666"
"cifar10","20","2","mixed_maturity","access_full","dirichlet_lcb","diverse_then_repeat_backdoor","0.5","8","2","5","5","0.5","5","20","9","1.5","1","15.02261734008789","0.1","0.9977777777777778"
"cifar10","20","2","mixed_maturity","access_full","dirichlet_lcb","diverse_then_repeat_backdoor","0.5","8","2","5","5","0.5","5","20","9","1.5","2","5.967185020446777","0.2415","0.04611111111111111"
"cifar10","20","2","mixed_maturity","access_full","dirichlet_lcb","diverse_then_repeat_backdoor","0.5","8","2","5","5","0.5","5","20","9","1.5","3","7.484383583068848","0.244","0.2922222222222222"
"cifar10","20","2","mixed_maturity","access_full","dirichlet_lcb","diverse_then_repeat_backdoor","0.5","8","2","5","5","0.5","5","20","9","1.5","4","7.101515769958496","0.243","0.1322222222222222"
"cifar10","20","2","mixed_maturity","access_full","dirichlet_lcb","diverse_then_repeat_backdoor","0.5","8","2","5","5","0.5","5","20","9","1.5","5","6.099642753601074","0.2585","0.09222222222222222"
"cifar10","20","2","mixed_maturity","access_full","dirichlet_lcb","diverse_then_repeat_backdoor","0.5","8","2","5","5","0.5","5","20","9","1.5","6","7.245265483856201","0.267","0.27944444444444444"
"cifar10","20","2","mixed_maturity","access_full","dirichlet_lcb","diverse_then_repeat_backdoor","0.5","8","2","5","5","0.5","5","20","9","1.5","7","7.052333354949951","0.239","0.5166666666666667"
"cifar10","20","2","mixed_maturity","access_full","dirichlet_lcb","diverse_then_repeat_backdoor","0.5","8","2","5","5","0.5","5","20","9","1.5","8","6.811753749847412","0.25","0.28444444444444444"
"cifar10","20","2","mixed_maturity","access_full","dirichlet_lcb","diverse_then_repeat_backdoor","0.5","8","2","5","5","0.5","5","20","9","1.5","9","5.599251747131348","0.3275","0.24944444444444444"
"cifar10","20","2","mixed_maturity","access_full","dirichlet_lcb","diverse_then_repeat_backdoor","0.5","8","2","5","5","0.5","5","20","9","1.5","10","7.902267932891846","0.2725","0.30333333333333334"
"cifar10","20","2","mixed_maturity","access_full","dirichlet_lcb","diverse_then_repeat_backdoor","0.5","8","2","5","5","0.5","5","20","9","1.5","11","6.820489883422852","0.298","0.011111111111111112"
"cifar10","20","2","mixed_maturity","access_full","dirichlet_lcb","diverse_then_repeat_backdoor","0.5","8","2","5","5","0.5","5","20","9","1.5","12","6.736722469329834","0.2845","0.052222222222222225"
"cifar10","20","2","mixed_maturity","access_full","dirichlet_lcb","diverse_then_repeat_backdoor","0.5","8","2","5","5","0.5","5","20","9","1.5","13","5.729213714599609","0.3065","0.10111111111111111"
"cifar10","20","2","mixed_maturity","access_full","dirichlet_lcb","diverse_then_repeat_backdoor","0.5","8","2","5","5","0.5","5","20","9","1.5","14","7.701099395751953","0.2775","0.435"
"cifar10","20","2","mixed_maturity","access_full","dirichlet_lcb","diverse_then_repeat_backdoor","0.5","8","2","5","5","0.5","5","20","9","1.5","15","7.802558422088623","0.27","0.1622222222222222"
"cifar10","20","2","mixed_maturity","access_full","dirichlet_lcb","diverse_then_repeat_backdoor","0.5","8","2","5","5","0.5","5","20","9","1.5","16","6.880071640014648","0.3055","0.04888888888888889"
"cifar10","20","2","mixed_maturity","access_full","dirichlet_lcb","diverse_then_repeat_backdoor","0.5","8","2","5","5","0.5","5","20","9","1.5","17","5.9190592765808105","0.3115","0.12833333333333333"
"cifar10","20","2","mixed_maturity","access_full","dirichlet_lcb","diverse_then_repeat_backdoor","0.5","8","2","5","5","0.5","5","20","9","1.5","18","6.181923866271973","0.315","0.06944444444444445"
"cifar10","20","2","mixed_maturity","access_full","dirichlet_lcb","diverse_then_repeat_backdoor","0.5","8","2","5","5","0.5","5","20","9","1.5","19","6.522900104522705","0.337","0.2722222222222222"
"cifar10","20","2","mixed_maturity","access_full","dirichlet_lcb","diverse_then_repeat_backdoor","0.5","8","2","5","5","0.5","5","20","9","1.5","20","6.493061065673828","0.316","0.295"
"cifar10","20","2","mixed_maturity","access_full","dirichlet_lcb","diverse_then_repeat_backdoor","0.5","8","2","5","5","0.5","5","20","9","1.5","21","6.992155075073242","0.2985","0.6077777777777778"
"cifar10","20","2","mixed_maturity","access_full","dirichlet_lcb","diverse_then_repeat_backdoor","0.5","8","2","5","5","0.5","5","20","9","1.5","22","6.188841819763184","0.32","0.30277777777777776"
"cifar10","20","2","mixed_maturity","access_full","dirichlet_lcb","diverse_then_repeat_backdoor","0.5","8","2","5","5","0.5","5","20","9","1.5","23","6.819222927093506","0.315","0.3055555555555556"
"cifar10","20","2","mixed_maturity","access_full","dirichlet_lcb","diverse_then_repeat_backdoor","0.5","8","2","5","5","0.5","5","20","9","1.5","24","7.083371639251709","0.298","0.09777777777777778"
"cifar10","20","2","mixed_maturity","access_full","dirichlet_lcb","diverse_then_repeat_backdoor","0.5","8","2","5","5","0.5","5","20","9","1.5","25","6.086857795715332","0.3195","0.4311111111111111"
"cifar10","20","2","mixed_maturity","access_full","dirichlet_lcb","diverse_then_repeat_backdoor","0.5","8","2","5","5","0.5","5","20","9","1.5","26","5.253557205200195","0.357","0.17777777777777778"
"cifar10","20","2","mixed_maturity","access_full","dirichlet_lcb","diverse_then_repeat_backdoor","0.5","8","2","5","5","0.5","5","20","9","1.5","27","6.311577320098877","0.3415","0.4772222222222222"
"cifar10","20","2","mixed_maturity","access_full","dirichlet_lcb","diverse_then_repeat_backdoor","0.5","8","2","5","5","0.5","5","20","9","1.5","28","6.604153156280518","0.3265","0.5016666666666667"
"cifar10","20","2","mixed_maturity","access_full","dirichlet_lcb","diverse_then_repeat_backdoor","0.5","8","2","5","5","0.5","5","20","9","1.5","29","6.525507926940918","0.3385","0.2361111111111111"
"cifar10","20","2","mixed_maturity","access_full","dirichlet_lcb","diverse_then_repeat_backdoor","0.5","8","2","5","5","0.5","5","20","9","1.5","30","5.993807792663574","0.337","0.17277777777777778"
"cifar10","20","2","mixed_maturity","access_full","dirichlet_lcb","diverse_then_repeat_backdoor","0.5","8","2","5","5","0.5","5","20","9","1.5","31","7.3404154777526855","0.3","0.7094444444444444"
"cifar10","20","2","mixed_maturity","access_full","dirichlet_lcb","diverse_then_repeat_backdoor","0.5","8","2","5","5","0.5","5","20","9","1.5","32","5.705331802368164","0.363","0.42777777777777776"
"cifar10","20","2","mixed_maturity","access_full","dirichlet_lcb","diverse_then_repeat_backdoor","0.5","8","2","5","5","0.5","5","20","9","1.5","33","5.6470723152160645","0.3395","0.4866666666666667"
"cifar10","20","2","mixed_maturity","access_full","dirichlet_lcb","diverse_then_repeat_backdoor","0.5","8","2","5","5","0.5","5","20","9","1.5","34","5.621145248413086","0.3505","0.355"
"cifar10","20","2","mixed_maturity","access_full","dirichlet_lcb","diverse_then_repeat_backdoor","0.5","8","2","5","5","0.5","5","20","9","1.5","35","6.17339563369751","0.342","0.10777777777777778"
"cifar10","20","2","mixed_maturity","access_full","dirichlet_lcb","diverse_then_repeat_backdoor","0.5","8","2","5","5","0.5","5","20","9","1.5","36","5.331335067749023","0.373","0.22722222222222221"
"cifar10","20","2","mixed_maturity","access_full","dirichlet_lcb","diverse_then_repeat_backdoor","0.5","8","2","5","5","0.5","5","20","9","1.5","37","6.818262577056885","0.3205","0.3827777777777778"
"cifar10","20","2","mixed_maturity","access_full","dirichlet_lcb","diverse_then_repeat_backdoor","0.5","8","2","5","5","0.5","5","20","9","1.5","38","5.52288293838501","0.3515","0.3138888888888889"
"cifar10","20","2","mixed_maturity","access_full","dirichlet_lcb","diverse_then_repeat_backdoor","0.5","8","2","5","5","0.5","5","20","9","1.5","39","5.751032829284668","0.3545","0.565"
"cifar10","20","2","mixed_maturity","access_full","dirichlet_lcb","diverse_then_repeat_backdoor","0.5","8","2","5","5","0.5","5","20","9","1.5","40","7.189030170440674","0.3175","0.7272222222222222"
"cifar10","20","2","mixed_maturity","access_full","dirichlet_lcb","diverse_then_repeat_backdoor","0.5","8","2","5","5","0.5","5","20","9","1.5","41","6.517473220825195","0.3275","0.41444444444444445"
"cifar10","20","2","mixed_maturity","access_full","dirichlet_lcb","diverse_then_repeat_backdoor","0.5","8","2","5","5","0.5","5","20","9","1.5","42","6.00275182723999","0.3625","0.44222222222222224"
"cifar10","20","2","mixed_maturity","access_full","dirichlet_lcb","diverse_then_repeat_backdoor","0.5","8","2","5","5","0.5","5","20","9","1.5","43","7.127898216247559","0.3045","0.5977777777777777"
"cifar10","20","2","mixed_maturity","access_full","dirichlet_lcb","diverse_then_repeat_backdoor","0.5","8","2","5","5","0.5","5","20","9","1.5","44","6.18795108795166","0.3505","0.5588888888888889"
"cifar10","20","2","mixed_maturity","access_full","dirichlet_lcb","diverse_then_repeat_backdoor","0.5","8","2","5","5","0.5","5","20","9","1.5","45","6.410091876983643","0.337","0.7116666666666667"
"cifar10","20","2","mixed_maturity","access_full","dirichlet_lcb","diverse_then_repeat_backdoor","0.5","8","2","5","5","0.5","5","20","9","1.5","46","5.692598819732666","0.3505","0.43944444444444447"
"cifar10","20","2","mixed_maturity","access_full","dirichlet_lcb","diverse_then_repeat_backdoor","0.5","8","2","5","5","0.5","5","20","9","1.5","47","5.607696056365967","0.361","0.31833333333333336"
"cifar10","20","2","mixed_maturity","access_full","dirichlet_lcb","diverse_then_repeat_backdoor","0.5","8","2","5","5","0.5","5","20","9","1.5","48","6.324907302856445","0.3265","0.515"
"cifar10","20","2","mixed_maturity","access_full","dirichlet_lcb","diverse_then_repeat_backdoor","0.5","8","2","5","5","0.5","5","20","9","1.5","49","6.450778961181641","0.334","0.14444444444444443"
"cifar10","20","2","mixed_maturity","access_full","dirichlet_lcb","diverse_then_repeat_backdoor","0.5","8","2","5","5","0.5","5","20","9","1.5","50","6.015131950378418","0.3325","0.69"
"cifar10","20","2","mixed_maturity","access_full","dirichlet_lcb","diverse_then_repeat_backdoor","0.5","9","2","5","5","0.5","5","20","9","1.5","1","12.357921600341797","0.118","0.0"
"cifar10","20","2","mixed_maturity","access_full","dirichlet_lcb","diverse_then_repeat_backdoor","0.5","9","2","5","5","0.5","5","20","9","1.5","2","6.141584396362305","0.229","0.23944444444444443"
"cifar10","20","2","mixed_maturity","access_full","dirichlet_lcb","diverse_then_repeat_backdoor","0.5","9","2","5","5","0.5","5","20","9","1.5","3","6.833468437194824","0.228","0.04388888888888889"
"cifar10","20","2","mixed_maturity","access_full","dirichlet_lcb","diverse_then_repeat_backdoor","0.5","9","2","5","5","0.5","5","20","9","1.5","4","8.39466381072998","0.2595","0.20555555555555555"
"cifar10","20","2","mixed_maturity","access_full","dirichlet_lcb","diverse_then_repeat_backdoor","0.5","9","2","5","5","0.5","5","20","9","1.5","5","6.494189739227295","0.2815","0.17"
"cifar10","20","2","mixed_maturity","access_full","dirichlet_lcb","diverse_then_repeat_backdoor","0.5","9","2","5","5","0.5","5","20","9","1.5","6","6.830294132232666","0.2865","0.0011111111111111111"
"cifar10","20","2","mixed_maturity","access_full","dirichlet_lcb","diverse_then_repeat_backdoor","0.5","9","2","5","5","0.5","5","20","9","1.5","7","6.994878768920898","0.284","0.10333333333333333"
"cifar10","20","2","mixed_maturity","access_full","dirichlet_lcb","diverse_then_repeat_backdoor","0.5","9","2","5","5","0.5","5","20","9","1.5","8","6.925756931304932","0.2885","0.115"
"cifar10","20","2","mixed_maturity","access_full","dirichlet_lcb","diverse_then_repeat_backdoor","0.5","9","2","5","5","0.5","5","20","9","1.5","9","7.4350080490112305","0.2895","0.16055555555555556"
"cifar10","20","2","mixed_maturity","access_full","dirichlet_lcb","diverse_then_repeat_backdoor","0.5","9","2","5","5","0.5","5","20","9","1.5","10","6.784002304077148","0.295","0.185"
"cifar10","20","2","mixed_maturity","access_full","dirichlet_lcb","diverse_then_repeat_backdoor","0.5","9","2","5","5","0.5","5","20","9","1.5","11","6.612784385681152","0.2935","0.09722222222222222"
"cifar10","20","2","mixed_maturity","access_full","dirichlet_lcb","diverse_then_repeat_backdoor","0.5","9","2","5","5","0.5","5","20","9","1.5","12","7.99310827255249","0.2835","0.4638888888888889"
"cifar10","20","2","mixed_maturity","access_full","dirichlet_lcb","diverse_then_repeat_backdoor","0.5","9","2","5","5","0.5","5","20","9","1.5","13","5.884624004364014","0.327","0.026111111111111113"
"cifar10","20","2","mixed_maturity","access_full","dirichlet_lcb","diverse_then_repeat_backdoor","0.5","9","2","5","5","0.5","5","20","9","1.5","14","5.6916961669921875","0.345","0.10888888888888888"
"cifar10","20","2","mixed_maturity","access_full","dirichlet_lcb","diverse_then_repeat_backdoor","0.5","9","2","5","5","0.5","5","20","9","1.5","15","6.091244220733643","0.3165","0.16277777777777777"
"cifar10","20","2","mixed_maturity","access_full","dirichlet_lcb","diverse_then_repeat_backdoor","0.5","9","2","5","5","0.5","5","20","9","1.5","16","5.8655500411987305","0.3435","0.065"
"cifar10","20","2","mixed_maturity","access_full","dirichlet_lcb","diverse_then_repeat_backdoor","0.5","9","2","5","5","0.5","5","20","9","1.5","17","5.6123175621032715","0.322","0.11833333333333333"
"cifar10","20","2","mixed_maturity","access_full","dirichlet_lcb","diverse_then_repeat_backdoor","0.5","9","2","5","5","0.5","5","20","9","1.5","18","7.303877353668213","0.308","0.085"
"cifar10","20","2","mixed_maturity","access_full","dirichlet_lcb","diverse_then_repeat_backdoor","0.5","9","2","5","5","0.5","5","20","9","1.5","19","6.859674453735352","0.3095","0.08055555555555556"
"cifar10","20","2","mixed_maturity","access_full","dirichlet_lcb","diverse_then_repeat_backdoor","0.5","9","2","5","5","0.5","5","20","9","1.5","20","6.730644702911377","0.324","0.11722222222222223"
"cifar10","20","2","mixed_maturity","access_full","dirichlet_lcb","diverse_then_repeat_backdoor","0.5","9","2","5","5","0.5","5","20","9","1.5","21","7.059456825256348","0.322","0.4"
"cifar10","20","2","mixed_maturity","access_full","dirichlet_lcb","diverse_then_repeat_backdoor","0.5","9","2","5","5","0.5","5","20","9","1.5","22","7.536604404449463","0.3335","0.024444444444444446"
"cifar10","20","2","mixed_maturity","access_full","dirichlet_lcb","diverse_then_repeat_backdoor","0.5","9","2","5","5","0.5","5","20","9","1.5","23","7.045480251312256","0.295","0.1461111111111111"
"cifar10","20","2","mixed_maturity","access_full","dirichlet_lcb","diverse_then_repeat_backdoor","0.5","9","2","5","5","0.5","5","20","9","1.5","24","6.81787109375","0.3235","0.17166666666666666"
"cifar10","20","2","mixed_maturity","access_full","dirichlet_lcb","diverse_then_repeat_backdoor","0.5","9","2","5","5","0.5","5","20","9","1.5","25","5.781754016876221","0.341","0.17222222222222222"
"cifar10","20","2","mixed_maturity","access_full","dirichlet_lcb","diverse_then_repeat_backdoor","0.5","9","2","5","5","0.5","5","20","9","1.5","26","6.418988227844238","0.343","0.08944444444444444"
"cifar10","20","2","mixed_maturity","access_full","dirichlet_lcb","diverse_then_repeat_backdoor","0.5","9","2","5","5","0.5","5","20","9","1.5","27","6.739828109741211","0.317","0.2127777777777778"
"cifar10","20","2","mixed_maturity","access_full","dirichlet_lcb","diverse_then_repeat_backdoor","0.5","9","2","5","5","0.5","5","20","9","1.5","28","6.241498947143555","0.348","0.22944444444444445"
"cifar10","20","2","mixed_maturity","access_full","dirichlet_lcb","diverse_then_repeat_backdoor","0.5","9","2","5","5","0.5","5","20","9","1.5","29","6.350367069244385","0.3435","0.16166666666666665"
"cifar10","20","2","mixed_maturity","access_full","dirichlet_lcb","diverse_then_repeat_backdoor","0.5","9","2","5","5","0.5","5","20","9","1.5","30","6.112183094024658","0.3535","0.11722222222222223"
"cifar10","20","2","mixed_maturity","access_full","dirichlet_lcb","diverse_then_repeat_backdoor","0.5","9","2","5","5","0.5","5","20","9","1.5","31","6.444063663482666","0.345","0.11055555555555556"
"cifar10","20","2","mixed_maturity","access_full","dirichlet_lcb","diverse_then_repeat_backdoor","0.5","9","2","5","5","0.5","5","20","9","1.5","32","7.452979564666748","0.316","0.4761111111111111"
"cifar10","20","2","mixed_maturity","access_full","dirichlet_lcb","diverse_then_repeat_backdoor","0.5","9","2","5","5","0.5","5","20","9","1.5","33","7.161766529083252","0.2985","0.06722222222222222"
"cifar10","20","2","mixed_maturity","access_full","dirichlet_lcb","diverse_then_repeat_backdoor","0.5","9","2","5","5","0.5","5","20","9","1.5","34","6.020575046539307","0.3665","0.11888888888888889"
"cifar10","20","2","mixed_maturity","access_full","dirichlet_lcb","diverse_then_repeat_backdoor","0.5","9","2","5","5","0.5","5","20","9","1.5","35","5.756406307220459","0.3535","0.10555555555555556"
"cifar10","20","2","mixed_maturity","access_full","dirichlet_lcb","diverse_then_repeat_backdoor","0.5","9","2","5","5","0.5","5","20","9","1.5","36","6.593952178955078","0.3405","0.255"
"cifar10","20","2","mixed_maturity","access_full","dirichlet_lcb","diverse_then_repeat_backdoor","0.5","9","2","5","5","0.5","5","20","9","1.5","37","6.475485324859619","0.3365","0.025"
"cifar10","20","2","mixed_maturity","access_full","dirichlet_lcb","diverse_then_repeat_backdoor","0.5","9","2","5","5","0.5","5","20","9","1.5","38","7.303724765777588","0.317","0.3661111111111111"
"cifar10","20","2","mixed_maturity","access_full","dirichlet_lcb","diverse_then_repeat_backdoor","0.5","9","2","5","5","0.5","5","20","9","1.5","39","6.195550918579102","0.3295","0.4122222222222222"
"cifar10","20","2","mixed_maturity","access_full","dirichlet_lcb","diverse_then_repeat_backdoor","0.5","9","2","5","5","0.5","5","20","9","1.5","40","6.560825824737549","0.331","0.06777777777777778"
"cifar10","20","2","mixed_maturity","access_full","dirichlet_lcb","diverse_then_repeat_backdoor","0.5","9","2","5","5","0.5","5","20","9","1.5","41","6.727801322937012","0.346","0.25333333333333335"
"cifar10","20","2","mixed_maturity","access_full","dirichlet_lcb","diverse_then_repeat_backdoor","0.5","9","2","5","5","0.5","5","20","9","1.5","42","5.97908878326416","0.359","0.14277777777777778"
"cifar10","20","2","mixed_maturity","access_full","dirichlet_lcb","diverse_then_repeat_backdoor","0.5","9","2","5","5","0.5","5","20","9","1.5","43","6.70440149307251","0.354","0.2872222222222222"
"cifar10","20","2","mixed_maturity","access_full","dirichlet_lcb","diverse_then_repeat_backdoor","0.5","9","2","5","5","0.5","5","20","9","1.5","44","6.832062244415283","0.339","0.28"
"cifar10","20","2","mixed_maturity","access_full","dirichlet_lcb","diverse_then_repeat_backdoor","0.5","9","2","5","5","0.5","5","20","9","1.5","45","7.697142601013184","0.342","0.05555555555555555"
"cifar10","20","2","mixed_maturity","access_full","dirichlet_lcb","diverse_then_repeat_backdoor","0.5","9","2","5","5","0.5","5","20","9","1.5","46","6.40053129196167","0.344","0.19666666666666666"
"cifar10","20","2","mixed_maturity","access_full","dirichlet_lcb","diverse_then_repeat_backdoor","0.5","9","2","5","5","0.5","5","20","9","1.5","47","6.188787460327148","0.3435","0.30944444444444447"
"cifar10","20","2","mixed_maturity","access_full","dirichlet_lcb","diverse_then_repeat_backdoor","0.5","9","2","5","5","0.5","5","20","9","1.5","48","7.110948085784912","0.336","0.29055555555555557"
"cifar10","20","2","mixed_maturity","access_full","dirichlet_lcb","diverse_then_repeat_backdoor","0.5","9","2","5","5","0.5","5","20","9","1.5","49","6.836184501647949","0.341","0.3461111111111111"
"cifar10","20","2","mixed_maturity","access_full","dirichlet_lcb","diverse_then_repeat_backdoor","0.5","9","2","5","5","0.5","5","20","9","1.5","50","6.871899604797363","0.3505","0.05722222222222222"
"cifar10","20","2","mixed_maturity","access_full","dirichlet_lcb","benign_concept_drift","0.5","5","2","5","5","0.5","5","20","9","1.5","1","7.987802028656006","0.15","0.7327777777777778"
"cifar10","20","2","mixed_maturity","access_full","dirichlet_lcb","benign_concept_drift","0.5","5","2","5","5","0.5","5","20","9","1.5","2","8.80964183807373","0.1905","0.0"
"cifar10","20","2","mixed_maturity","access_full","dirichlet_lcb","benign_concept_drift","0.5","5","2","5","5","0.5","5","20","9","1.5","3","6.741115093231201","0.2165","0.019444444444444445"
"cifar10","20","2","mixed_maturity","access_full","dirichlet_lcb","benign_concept_drift","0.5","5","2","5","5","0.5","5","20","9","1.5","4","7.258825302124023","0.2595","0.20166666666666666"
"cifar10","20","2","mixed_maturity","access_full","dirichlet_lcb","benign_concept_drift","0.5","5","2","5","5","0.5","5","20","9","1.5","5","8.018045425415039","0.2575","0.2538888888888889"
"cifar10","20","2","mixed_maturity","access_full","dirichlet_lcb","benign_concept_drift","0.5","5","2","5","5","0.5","5","20","9","1.5","6","6.495730400085449","0.288","0.08166666666666667"
"cifar10","20","2","mixed_maturity","access_full","dirichlet_lcb","benign_concept_drift","0.5","5","2","5","5","0.5","5","20","9","1.5","7","5.872631072998047","0.297","0.09222222222222222"
"cifar10","20","2","mixed_maturity","access_full","dirichlet_lcb","benign_concept_drift","0.5","5","2","5","5","0.5","5","20","9","1.5","8","5.922915458679199","0.2885","0.18833333333333332"
"cifar10","20","2","mixed_maturity","access_full","dirichlet_lcb","benign_concept_drift","0.5","5","2","5","5","0.5","5","20","9","1.5","9","6.998396873474121","0.274","0.15944444444444444"
"cifar10","20","2","mixed_maturity","access_full","dirichlet_lcb","benign_concept_drift","0.5","5","2","5","5","0.5","5","20","9","1.5","10","6.9910502433776855","0.301","0.03166666666666667"
"cifar10","20","2","mixed_maturity","access_full","dirichlet_lcb","benign_concept_drift","0.5","5","2","5","5","0.5","5","20","9","1.5","11","6.036198139190674","0.293","0.08277777777777778"
"cifar10","20","2","mixed_maturity","access_full","dirichlet_lcb","benign_concept_drift","0.5","5","2","5","5","0.5","5","20","9","1.5","12","7.691339015960693","0.2955","0.09111111111111111"
"cifar10","20","2","mixed_maturity","access_full","dirichlet_lcb","benign_concept_drift","0.5","5","2","5","5","0.5","5","20","9","1.5","13","6.297255039215088","0.3105","0.1622222222222222"
"cifar10","20","2","mixed_maturity","access_full","dirichlet_lcb","benign_concept_drift","0.5","5","2","5","5","0.5","5","20","9","1.5","14","7.8678131103515625","0.28","0.10055555555555555"
"cifar10","20","2","mixed_maturity","access_full","dirichlet_lcb","benign_concept_drift","0.5","5","2","5","5","0.5","5","20","9","1.5","15","6.427722454071045","0.327","0.21833333333333332"
"cifar10","20","2","mixed_maturity","access_full","dirichlet_lcb","benign_concept_drift","0.5","5","2","5","5","0.5","5","20","9","1.5","16","7.671652793884277","0.319","0.2111111111111111"
"cifar10","20","2","mixed_maturity","access_full","dirichlet_lcb","benign_concept_drift","0.5","5","2","5","5","0.5","5","20","9","1.5","17","6.434354305267334","0.3185","0.013333333333333334"
"cifar10","20","2","mixed_maturity","access_full","dirichlet_lcb","benign_concept_drift","0.5","5","2","5","5","0.5","5","20","9","1.5","18","8.315067291259766","0.2685","0.2061111111111111"
"cifar10","20","2","mixed_maturity","access_full","dirichlet_lcb","benign_concept_drift","0.5","5","2","5","5","0.5","5","20","9","1.5","19","6.6054863929748535","0.3145","0.07555555555555556"
"cifar10","20","2","mixed_maturity","access_full","dirichlet_lcb","benign_concept_drift","0.5","5","2","5","5","0.5","5","20","9","1.5","20","7.831286430358887","0.289","0.3055555555555556"
"cifar10","20","2","mixed_maturity","access_full","dirichlet_lcb","benign_concept_drift","0.5","5","2","5","5","0.5","5","20","9","1.5","21","6.096937656402588","0.3395","0.11333333333333333"
"cifar10","20","2","mixed_maturity","access_full","dirichlet_lcb","benign_concept_drift","0.5","5","2","5","5","0.5","5","20","9","1.5","22","6.971359729766846","0.304","0.09722222222222222"
"cifar10","20","2","mixed_maturity","access_full","dirichlet_lcb","benign_concept_drift","0.5","5","2","5","5","0.5","5","20","9","1.5","23","6.7769365310668945","0.297","0.029444444444444443"
"cifar10","20","2","mixed_maturity","access_full","dirichlet_lcb","benign_concept_drift","0.5","5","2","5","5","0.5","5","20","9","1.5","24","6.303207874298096","0.327","0.15944444444444444"
"cifar10","20","2","mixed_maturity","access_full","dirichlet_lcb","benign_concept_drift","0.5","5","2","5","5","0.5","5","20","9","1.5","25","6.150596618652344","0.3385","0.029444444444444443"
"cifar10","20","2","mixed_maturity","access_full","dirichlet_lcb","benign_concept_drift","0.5","5","2","5","5","0.5","5","20","9","1.5","26","6.038362503051758","0.3455","0.12833333333333333"
"cifar10","20","2","mixed_maturity","access_full","dirichlet_lcb","benign_concept_drift","0.5","5","2","5","5","0.5","5","20","9","1.5","27","5.635450839996338","0.359","0.04777777777777778"
"cifar10","20","2","mixed_maturity","access_full","dirichlet_lcb","benign_concept_drift","0.5","5","2","5","5","0.5","5","20","9","1.5","28","6.239256858825684","0.3445","0.06666666666666667"
"cifar10","20","2","mixed_maturity","access_full","dirichlet_lcb","benign_concept_drift","0.5","5","2","5","5","0.5","5","20","9","1.5","29","6.299655914306641","0.3525","0.11388888888888889"
"cifar10","20","2","mixed_maturity","access_full","dirichlet_lcb","benign_concept_drift","0.5","5","2","5","5","0.5","5","20","9","1.5","30","6.313998222351074","0.3315","0.03833333333333333"
"cifar10","20","2","mixed_maturity","access_full","dirichlet_lcb","benign_concept_drift","0.5","5","2","5","5","0.5","5","20","9","1.5","31","7.187214374542236","0.3235","0.2038888888888889"
"cifar10","20","2","mixed_maturity","access_full","dirichlet_lcb","benign_concept_drift","0.5","5","2","5","5","0.5","5","20","9","1.5","32","6.862095355987549","0.328","0.06944444444444445"
"cifar10","20","2","mixed_maturity","access_full","dirichlet_lcb","benign_concept_drift","0.5","5","2","5","5","0.5","5","20","9","1.5","33","6.2862138748168945","0.3535","0.021111111111111112"
"cifar10","20","2","mixed_maturity","access_full","dirichlet_lcb","benign_concept_drift","0.5","5","2","5","5","0.5","5","20","9","1.5","34","5.933473110198975","0.3505","0.1288888888888889"
"cifar10","20","2","mixed_maturity","access_full","dirichlet_lcb","benign_concept_drift","0.5","5","2","5","5","0.5","5","20","9","1.5","35","6.055804252624512","0.3475","0.11888888888888889"
"cifar10","20","2","mixed_maturity","access_full","dirichlet_lcb","benign_concept_drift","0.5","5","2","5","5","0.5","5","20","9","1.5","36","6.178734302520752","0.3455","0.03666666666666667"
"cifar10","20","2","mixed_maturity","access_full","dirichlet_lcb","benign_concept_drift","0.5","5","2","5","5","0.5","5","20","9","1.5","37","5.981019496917725","0.3555","0.07555555555555556"
"cifar10","20","2","mixed_maturity","access_full","dirichlet_lcb","benign_concept_drift","0.5","5","2","5","5","0.5","5","20","9","1.5","38","7.0505242347717285","0.324","0.145"
"cifar10","20","2","mixed_maturity","access_full","dirichlet_lcb","benign_concept_drift","0.5","5","2","5","5","0.5","5","20","9","1.5","39","6.560039520263672","0.315","0.12055555555555555"
"cifar10","20","2","mixed_maturity","access_full","dirichlet_lcb","benign_concept_drift","0.5","5","2","5","5","0.5","5","20","9","1.5","40","5.844398498535156","0.351","0.11222222222222222"
"cifar10","20","2","mixed_maturity","access_full","dirichlet_lcb","benign_concept_drift","0.5","5","2","5","5","0.5","5","20","9","1.5","41","6.257615089416504","0.367","0.015555555555555555"
"cifar10","20","2","mixed_maturity","access_full","dirichlet_lcb","benign_concept_drift","0.5","5","2","5","5","0.5","5","20","9","1.5","42","6.774595260620117","0.3355","0.11777777777777777"
"cifar10","20","2","mixed_maturity","access_full","dirichlet_lcb","benign_concept_drift","0.5","5","2","5","5","0.5","5","20","9","1.5","43","6.023688316345215","0.3395","0.11"
"cifar10","20","2","mixed_maturity","access_full","dirichlet_lcb","benign_concept_drift","0.5","5","2","5","5","0.5","5","20","9","1.5","44","5.852739334106445","0.3705","0.04722222222222222"
"cifar10","20","2","mixed_maturity","access_full","dirichlet_lcb","benign_concept_drift","0.5","5","2","5","5","0.5","5","20","9","1.5","45","7.036134719848633","0.317","0.17944444444444443"
"cifar10","20","2","mixed_maturity","access_full","dirichlet_lcb","benign_concept_drift","0.5","5","2","5","5","0.5","5","20","9","1.5","46","7.4544358253479","0.3055","0.0038888888888888888"
"cifar10","20","2","mixed_maturity","access_full","dirichlet_lcb","benign_concept_drift","0.5","5","2","5","5","0.5","5","20","9","1.5","47","6.0814208984375","0.369","0.07333333333333333"
"cifar10","20","2","mixed_maturity","access_full","dirichlet_lcb","benign_concept_drift","0.5","5","2","5","5","0.5","5","20","9","1.5","48","8.013240814208984","0.304","0.3244444444444444"
"cifar10","20","2","mixed_maturity","access_full","dirichlet_lcb","benign_concept_drift","0.5","5","2","5","5","0.5","5","20","9","1.5","49","6.147842884063721","0.339","0.10611111111111111"
"cifar10","20","2","mixed_maturity","access_full","dirichlet_lcb","benign_concept_drift","0.5","5","2","5","5","0.5","5","20","9","1.5","50","7.225441932678223","0.342","0.13111111111111112"
"cifar10","20","2","mixed_maturity","access_full","dirichlet_lcb","benign_concept_drift","0.5","6","2","5","5","0.5","5","20","9","1.5","1","16.24658203125","0.105","0.9788888888888889"
"cifar10","20","2","mixed_maturity","access_full","dirichlet_lcb","benign_concept_drift","0.5","6","2","5","5","0.5","5","20","9","1.5","2","12.330924034118652","0.1765","0.0"
"cifar10","20","2","mixed_maturity","access_full","dirichlet_lcb","benign_concept_drift","0.5","6","2","5","5","0.5","5","20","9","1.5","3","7.165186405181885","0.2045","0.005"
"cifar10","20","2","mixed_maturity","access_full","dirichlet_lcb","benign_concept_drift","0.5","6","2","5","5","0.5","5","20","9","1.5","4","5.558480262756348","0.287","0.04"
"cifar10","20","2","mixed_maturity","access_full","dirichlet_lcb","benign_concept_drift","0.5","6","2","5","5","0.5","5","20","9","1.5","5","6.671304225921631","0.257","0.025"
"cifar10","20","2","mixed_maturity","access_full","dirichlet_lcb","benign_concept_drift","0.5","6","2","5","5","0.5","5","20","9","1.5","6","7.440402030944824","0.2335","0.24722222222222223"
"cifar10","20","2","mixed_maturity","access_full","dirichlet_lcb","benign_concept_drift","0.5","6","2","5","5","0.5","5","20","9","1.5","7","6.0831990242004395","0.289","0.01888888888888889"
"cifar10","20","2","mixed_maturity","access_full","dirichlet_lcb","benign_concept_drift","0.5","6","2","5","5","0.5","5","20","9","1.5","8","8.112672805786133","0.28","0.23277777777777778"
"cifar10","20","2","mixed_maturity","access_full","dirichlet_lcb","benign_concept_drift","0.5","6","2","5","5","0.5","5","20","9","1.5","9","7.32694673538208","0.2955","0.005"
"cifar10","20","2","mixed_maturity","access_full","dirichlet_lcb","benign_concept_drift","0.5","6","2","5","5","0.5","5","20","9","1.5","10","5.47225284576416","0.326","0.035"
"cifar10","20","2","mixed_maturity","access_full","dirichlet_lcb","benign_concept_drift","0.5","6","2","5","5","0.5","5","20","9","1.5","11","6.298595428466797","0.2785","0.07666666666666666"
"cifar10","20","2","mixed_maturity","access_full","dirichlet_lcb","benign_concept_drift","0.5","6","2","5","5","0.5","5","20","9","1.5","12","6.291464805603027","0.311","0.13555555555555557"
"cifar10","20","2","mixed_maturity","access_full","dirichlet_lcb","benign_concept_drift","0.5","6","2","5","5","0.5","5","20","9","1.5","13","6.12186861038208","0.307","0.1527777777777778"
"cifar10","20","2","mixed_maturity","access_full","dirichlet_lcb","benign_concept_drift","0.5","6","2","5","5","0.5","5","20","9","1.5","14","6.262346267700195","0.3175","0.07611111111111112"
"cifar10","20","2","mixed_maturity","access_full","dirichlet_lcb","benign_concept_drift","0.5","6","2","5","5","0.5","5","20","9","1.5","15","6.221512317657471","0.3125","0.03388888888888889"
"cifar10","20","2","mixed_maturity","access_full","dirichlet_lcb","benign_concept_drift","0.5","6","2","5","5","0.5","5","20","9","1.5","16","5.701678276062012","0.3455","0.03888888888888889"
"cifar10","20","2","mixed_maturity","access_full","dirichlet_lcb","benign_concept_drift","0.5","6","2","5","5","0.5","5","20","9","1.5","17","7.680689334869385","0.295","0.14722222222222223"
"cifar10","20","2","mixed_maturity","access_full","dirichlet_lcb","benign_concept_drift","0.5","6","2","5","5","0.5","5","20","9","1.5","18","7.346794128417969","0.2905","0.015555555555555555"
"cifar10","20","2","mixed_maturity","access_full","dirichlet_lcb","benign_concept_drift","0.5","6","2","5","5","0.5","5","20","9","1.5","19","6.1698222160339355","0.3445","0.03833333333333333"
"cifar10","20","2","mixed_maturity","access_full","dirichlet_lcb","benign_concept_drift","0.5","6","2","5","5","0.5","5","20","9","1.5","20","6.451744079589844","0.317","0.14222222222222222"
"cifar10","20","2","mixed_maturity","access_full","dirichlet_lcb","benign_concept_drift","0.5","6","2","5","5","0.5","5","20","9","1.5","21","6.703823089599609","0.301","0.03944444444444444"
"cifar10","20","2","mixed_maturity","access_full","dirichlet_lcb","benign_concept_drift","0.5","6","2","5","5","0.5","5","20","9","1.5","22","6.011413097381592","0.344","0.10833333333333334"
"cifar10","20","2","mixed_maturity","access_full","dirichlet_lcb","benign_concept_drift","0.5","6","2","5","5","0.5","5","20","9","1.5","23","6.506310939788818","0.313","0.07166666666666667"
"cifar10","20","2","mixed_maturity","access_full","dirichlet_lcb","benign_concept_drift","0.5","6","2","5","5","0.5","5","20","9","1.5","24","5.873519420623779","0.351","0.017777777777777778"
"cifar10","20","2","mixed_maturity","access_full","dirichlet_lcb","benign_concept_drift","0.5","6","2","5","5","0.5","5","20","9","1.5","25","6.099752902984619","0.3465","0.04555555555555556"
"cifar10","20","2","mixed_maturity","access_full","dirichlet_lcb","benign_concept_drift","0.5","6","2","5","5","0.5","5","20","9","1.5","26","7.018929481506348","0.323","0.215"
"cifar10","20","2","mixed_maturity","access_full","dirichlet_lcb","benign_concept_drift","0.5","6","2","5","5","0.5","5","20","9","1.5","27","6.438448905944824","0.3385","0.012777777777777779"
"cifar10","20","2","mixed_maturity","access_full","dirichlet_lcb","benign_concept_drift","0.5","6","2","5","5","0.5","5","20","9","1.5","28","5.607445240020752","0.344","0.1"
"cifar10","20","2","mixed_maturity","access_full","dirichlet_lcb","benign_concept_drift","0.5","6","2","5","5","0.5","5","20","9","1.5","29","7.144333839416504","0.3215","0.0038888888888888888"
"cifar10","20","2","mixed_maturity","access_full","dirichlet_lcb","benign_concept_drift","0.5","6","2","5","5","0.5","5","20","9","1.5","30","6.655157089233398","0.32","0.10722222222222222"
"cifar10","20","2","mixed_maturity","access_full","dirichlet_lcb","benign_concept_drift","0.5","6","2","5","5","0.5","5","20","9","1.5","31","7.239905834197998","0.3335","0.02722222222222222"
"cifar10","20","2","mixed_maturity","access_full","dirichlet_lcb","benign_concept_drift","0.5","6","2","5","5","0.5","5","20","9","1.5","32","6.82568359375","0.324","0.03277777777777778"
"cifar10","20","2","mixed_maturity","access_full","dirichlet_lcb","benign_concept_drift","0.5","6","2","5","5","0.5","5","20","9","1.5","33","7.105391502380371","0.34","0.04777777777777778"
"cifar10","20","2","mixed_maturity","access_full","dirichlet_lcb","benign_concept_drift","0.5","6","2","5","5","0.5","5","20","9","1.5","34","7.394892692565918","0.3195","0.12222222222222222"
"cifar10","20","2","mixed_maturity","access_full","dirichlet_lcb","benign_concept_drift","0.5","6","2","5","5","0.5","5","20","9","1.5","35","7.198331356048584","0.325","0.09388888888888888"
"cifar10","20","2","mixed_maturity","access_full","dirichlet_lcb","benign_concept_drift","0.5","6","2","5","5","0.5","5","20","9","1.5","36","6.144887924194336","0.3515","0.014444444444444444"
"cifar10","20","2","mixed_maturity","access_full","dirichlet_lcb","benign_concept_drift","0.5","6","2","5","5","0.5","5","20","9","1.5","37","6.751221656799316","0.3305","0.03"
"cifar10","20","2","mixed_maturity","access_full","dirichlet_lcb","benign_concept_drift","0.5","6","2","5","5","0.5","5","20","9","1.5","38","6.689581871032715","0.34","0.09722222222222222"
"cifar10","20","2","mixed_maturity","access_full","dirichlet_lcb","benign_concept_drift","0.5","6","2","5","5","0.5","5","20","9","1.5","39","6.691667079925537","0.3425","0.08555555555555555"
"cifar10","20","2","mixed_maturity","access_full","dirichlet_lcb","benign_concept_drift","0.5","6","2","5","5","0.5","5","20","9","1.5","40","7.175987720489502","0.3345","0.0011111111111111111"
"cifar10","20","2","mixed_maturity","access_full","dirichlet_lcb","benign_concept_drift","0.5","6","2","5","5","0.5","5","20","9","1.5","41","6.452996730804443","0.3435","0.10944444444444444"
"cifar10","20","2","mixed_maturity","access_full","dirichlet_lcb","benign_concept_drift","0.5","6","2","5","5","0.5","5","20","9","1.5","42","7.4989824295043945","0.3195","0.0038888888888888888"
"cifar10","20","2","mixed_maturity","access_full","dirichlet_lcb","benign_concept_drift","0.5","6","2","5","5","0.5","5","20","9","1.5","43","7.145874500274658","0.306","0.05277777777777778"
"cifar10","20","2","mixed_maturity","access_full","dirichlet_lcb","benign_concept_drift","0.5","6","2","5","5","0.5","5","20","9","1.5","44","5.668755531311035","0.3685","0.028333333333333332"
"cifar10","20","2","mixed_maturity","access_full","dirichlet_lcb","benign_concept_drift","0.5","6","2","5","5","0.5","5","20","9","1.5","45","7.205894947052002","0.325","0.02"
"cifar10","20","2","mixed_maturity","access_full","dirichlet_lcb","benign_concept_drift","0.5","6","2","5","5","0.5","5","20","9","1.5","46","6.550124168395996","0.3475","0.1272222222222222"
"cifar10","20","2","mixed_maturity","access_full","dirichlet_lcb","benign_concept_drift","0.5","6","2","5","5","0.5","5","20","9","1.5","47","6.2647833824157715","0.364","0.13777777777777778"
"cifar10","20","2","mixed_maturity","access_full","dirichlet_lcb","benign_concept_drift","0.5","6","2","5","5","0.5","5","20","9","1.5","48","7.230160236358643","0.311","0.027777777777777776"
"cifar10","20","2","mixed_maturity","access_full","dirichlet_lcb","benign_concept_drift","0.5","6","2","5","5","0.5","5","20","9","1.5","49","6.066850662231445","0.356","0.09888888888888889"
"cifar10","20","2","mixed_maturity","access_full","dirichlet_lcb","benign_concept_drift","0.5","6","2","5","5","0.5","5","20","9","1.5","50","6.38533353805542","0.3515","0.03222222222222222"
"cifar10","20","2","mixed_maturity","access_full","dirichlet_lcb","benign_concept_drift","0.5","7","2","5","5","0.5","5","20","9","1.5","1","7.226149559020996","0.184","0.0"
"cifar10","20","2","mixed_maturity","access_full","dirichlet_lcb","benign_concept_drift","0.5","7","2","5","5","0.5","5","20","9","1.5","2","8.574426651000977","0.2275","0.07222222222222222"
"cifar10","20","2","mixed_maturity","access_full","dirichlet_lcb","benign_concept_drift","0.5","7","2","5","5","0.5","5","20","9","1.5","3","6.406518936157227","0.25","0.08833333333333333"
"cifar10","20","2","mixed_maturity","access_full","dirichlet_lcb","benign_concept_drift","0.5","7","2","5","5","0.5","5","20","9","1.5","4","9.538313865661621","0.216","0.08333333333333333"
"cifar10","20","2","mixed_maturity","access_full","dirichlet_lcb","benign_concept_drift","0.5","7","2","5","5","0.5","5","20","9","1.5","5","6.54130744934082","0.241","0.029444444444444443"
"cifar10","20","2","mixed_maturity","access_full","dirichlet_lcb","benign_concept_drift","0.5","7","2","5","5","0.5","5","20","9","1.5","6","5.178490161895752","0.313","0.09777777777777778"
"cifar10","20","2","mixed_maturity","access_full","dirichlet_lcb","benign_concept_drift","0.5","7","2","5","5","0.5","5","20","9","1.5","7","7.390130043029785","0.2715","0.19444444444444445"
"cifar10","20","2","mixed_maturity","access_full","dirichlet_lcb","benign_concept_drift","0.5","7","2","5","5","0.5","5","20","9","1.5","8","6.862117290496826","0.289","0.16833333333333333"
"cifar10","20","2","mixed_maturity","access_full","dirichlet_lcb","benign_concept_drift","0.5","7","2","5","5","0.5","5","20","9","1.5","9","5.9892449378967285","0.301","0.011666666666666667"
"cifar10","20","2","mixed_maturity","access_full","dirichlet_lcb","benign_concept_drift","0.5","7","2","5","5","0.5","5","20","9","1.5","10","7.614928722381592","0.288","0.05444444444444444"
"cifar10","20","2","mixed_maturity","access_full","dirichlet_lcb","benign_concept_drift","0.5","7","2","5","5","0.5","5","20","9","1.5","11","7.888836860656738","0.293","0.010555555555555556"
"cifar10","20","2","mixed_maturity","access_full","dirichlet_lcb","benign_concept_drift","0.5","7","2","5","5","0.5","5","20","9","1.5","12","7.091089725494385","0.3145","0.135"
"cifar10","20","2","mixed_maturity","access_full","dirichlet_lcb","benign_concept_drift","0.5","7","2","5","5","0.5","5","20","9","1.5","13","6.282071113586426","0.324","0.0038888888888888888"
"cifar10","20","2","mixed_maturity","access_full","dirichlet_lcb","benign_concept_drift","0.5","7","2","5","5","0.5","5","20","9","1.5","14","6.558667182922363","0.3105","0.23333333333333334"
"cifar10","20","2","mixed_maturity","access_full","dirichlet_lcb","benign_concept_drift","0.5","7","2","5","5","0.5","5","20","9","1.5","15","6.324887275695801","0.337","0.021111111111111112"
"cifar10","20","2","mixed_maturity","access_full","dirichlet_lcb","benign_concept_drift","0.5","7","2","5","5","0.5","5","20","9","1.5","16","6.4853057861328125","0.335","0.015"
"cifar10","20","2","mixed_maturity","access_full","dirichlet_lcb","benign_concept_drift","0.5","7","2","5","5","0.5","5","20","9","1.5","17","6.658657550811768","0.309","0.05611111111111111"
"cifar10","20","2","mixed_maturity","access_full","dirichlet_lcb","benign_concept_drift","0.5","7","2","5","5","0.5","5","20","9","1.5","18","6.544544696807861","0.318","0.06388888888888888"
"cifar10","20","2","mixed_maturity","access_full","dirichlet_lcb","benign_concept_drift","0.5","7","2","5","5","0.5","5","20","9","1.5","19","5.928950786590576","0.354","0.06555555555555556"
"cifar10","20","2","mixed_maturity","access_full","dirichlet_lcb","benign_concept_drift","0.5","7","2","5","5","0.5","5","20","9","1.5","20","6.322816848754883","0.2985","0.1272222222222222"
"cifar10","20","2","mixed_maturity","access_full","dirichlet_lcb","benign_concept_drift","0.5","7","2","5","5","0.5","5","20","9","1.5","21","6.903973579406738","0.3305","0.03222222222222222"
"cifar10","20","2","mixed_maturity","access_full","dirichlet_lcb","benign_concept_drift","0.5","7","2","5","5","0.5","5","20","9","1.5","22","6.090625762939453","0.332","0.02722222222222222"
"cifar10","20","2","mixed_maturity","access_full","dirichlet_lcb","benign_concept_drift","0.5","7","2","5","5","0.5","5","20","9","1.5","23","5.574335098266602","0.3545","0.049444444444444444"
"cifar10","20","2","mixed_maturity","access_full","dirichlet_lcb","benign_concept_drift","0.5","7","2","5","5","0.5","5","20","9","1.5","24","6.499481678009033","0.3135","0.07944444444444444"
"cifar10","20","2","mixed_maturity","access_full","dirichlet_lcb","benign_concept_drift","0.5","7","2","5","5","0.5","5","20","9","1.5","25","6.626996040344238","0.3245","0.085"
"cifar10","20","2","mixed_maturity","access_full","dirichlet_lcb","benign_concept_drift","0.5","7","2","5","5","0.5","5","20","9","1.5","26","6.6060285568237305","0.306","0.01611111111111111"
"cifar10","20","2","mixed_maturity","access_full","dirichlet_lcb","benign_concept_drift","0.5","7","2","5","5","0.5","5","20","9","1.5","27","7.640232563018799","0.3025","0.016666666666666666"
"cifar10","20","2","mixed_maturity","access_full","dirichlet_lcb","benign_concept_drift","0.5","7","2","5","5","0.5","5","20","9","1.5","28","6.227985382080078","0.3185","0.04777777777777778"
"cifar10","20","2","mixed_maturity","access_full","dirichlet_lcb","benign_concept_drift","0.5","7","2","5","5","0.5","5","20","9","1.5","29","6.366413593292236","0.346","0.03"
"cifar10","20","2","mixed_maturity","access_full","dirichlet_lcb","benign_concept_drift","0.5","7","2","5","5","0.5","5","20","9","1.5","30","6.928887367248535","0.3165","0.0038888888888888888"
"cifar10","20","2","mixed_maturity","access_full","dirichlet_lcb","benign_concept_drift","0.5","7","2","5","5","0.5","5","20","9","1.5","31","6.470571517944336","0.3305","0.22666666666666666"
"cifar10","20","2","mixed_maturity","access_full","dirichlet_lcb","benign_concept_drift","0.5","7","2","5","5","0.5","5","20","9","1.5","32","5.997471332550049","0.344","0.07166666666666667"
"cifar10","20","2","mixed_maturity","access_full","dirichlet_lcb","benign_concept_drift","0.5","7","2","5","5","0.5","5","20","9","1.5","33","6.079850673675537","0.337","0.06444444444444444"
"cifar10","20","2","mixed_maturity","access_full","dirichlet_lcb","benign_concept_drift","0.5","7","2","5","5","0.5","5","20","9","1.5","34","6.659902572631836","0.345","0.09888888888888889"
"cifar10","20","2","mixed_maturity","access_full","dirichlet_lcb","benign_concept_drift","0.5","7","2","5","5","0.5","5","20","9","1.5","35","5.9493536949157715","0.3255","0.09333333333333334"
"cifar10","20","2","mixed_maturity","access_full","dirichlet_lcb","benign_concept_drift","0.5","7","2","5","5","0.5","5","20","9","1.5","36","6.506649494171143","0.319","0.01888888888888889"
"cifar10","20","2","mixed_maturity","access_full","dirichlet_lcb","benign_concept_drift","0.5","7","2","5","5","0.5","5","20","9","1.5","37","5.890180587768555","0.353","0.049444444444444444"
"cifar10","20","2","mixed_maturity","access_full","dirichlet_lcb","benign_concept_drift","0.5","7","2","5","5","0.5","5","20","9","1.5","38","6.685583114624023","0.3125","0.01"
"cifar10","20","2","mixed_maturity","access_full","dirichlet_lcb","benign_concept_drift","0.5","7","2","5","5","0.5","5","20","9","1.5","39","6.618968963623047","0.35","0.08944444444444444"
"cifar10","20","2","mixed_maturity","access_full","dirichlet_lcb","benign_concept_drift","0.5","7","2","5","5","0.5","5","20","9","1.5","40","6.804980754852295","0.318","0.0077777777777777776"
"cifar10","20","2","mixed_maturity","access_full","dirichlet_lcb","benign_concept_drift","0.5","7","2","5","5","0.5","5","20","9","1.5","41","6.543709754943848","0.344","0.012777777777777779"
"cifar10","20","2","mixed_maturity","access_full","dirichlet_lcb","benign_concept_drift","0.5","7","2","5","5","0.5","5","20","9","1.5","42","6.482719898223877","0.351","0.010555555555555556"
"cifar10","20","2","mixed_maturity","access_full","dirichlet_lcb","benign_concept_drift","0.5","7","2","5","5","0.5","5","20","9","1.5","43","7.573586940765381","0.3245","0.0077777777777777776"
"cifar10","20","2","mixed_maturity","access_full","dirichlet_lcb","benign_concept_drift","0.5","7","2","5","5","0.5","5","20","9","1.5","44","7.826417922973633","0.316","0.04055555555555555"
"cifar10","20","2","mixed_maturity","access_full","dirichlet_lcb","benign_concept_drift","0.5","7","2","5","5","0.5","5","20","9","1.5","45","6.167263507843018","0.356","0.03722222222222222"
"cifar10","20","2","mixed_maturity","access_full","dirichlet_lcb","benign_concept_drift","0.5","7","2","5","5","0.5","5","20","9","1.5","46","6.767325401306152","0.3185","0.14333333333333334"
"cifar10","20","2","mixed_maturity","access_full","dirichlet_lcb","benign_concept_drift","0.5","7","2","5","5","0.5","5","20","9","1.5","47","5.602691173553467","0.354","0.04777777777777778"
"cifar10","20","2","mixed_maturity","access_full","dirichlet_lcb","benign_concept_drift","0.5","7","2","5","5","0.5","5","20","9","1.5","48","5.658176898956299","0.3585","0.09444444444444444"
"cifar10","20","2","mixed_maturity","access_full","dirichlet_lcb","benign_concept_drift","0.5","7","2","5","5","0.5","5","20","9","1.5","49","5.8486199378967285","0.3575","0.08722222222222223"
"cifar10","20","2","mixed_maturity","access_full","dirichlet_lcb","benign_concept_drift","0.5","7","2","5","5","0.5","5","20","9","1.5","50","6.987758636474609","0.339","0.0033333333333333335"
"cifar10","20","2","mixed_maturity","access_full","dirichlet_lcb","benign_concept_drift","0.5","8","2","5","5","0.5","5","20","9","1.5","1","15.02261734008789","0.1","0.9977777777777778"
"cifar10","20","2","mixed_maturity","access_full","dirichlet_lcb","benign_concept_drift","0.5","8","2","5","5","0.5","5","20","9","1.5","2","7.6109209060668945","0.1905","0.0022222222222222222"
"cifar10","20","2","mixed_maturity","access_full","dirichlet_lcb","benign_concept_drift","0.5","8","2","5","5","0.5","5","20","9","1.5","3","6.971127986907959","0.2425","0.013333333333333334"
"cifar10","20","2","mixed_maturity","access_full","dirichlet_lcb","benign_concept_drift","0.5","8","2","5","5","0.5","5","20","9","1.5","4","6.315191745758057","0.2835","0.06388888888888888"
"cifar10","20","2","mixed_maturity","access_full","dirichlet_lcb","benign_concept_drift","0.5","8","2","5","5","0.5","5","20","9","1.5","5","6.7974629402160645","0.229","0.3238888888888889"
"cifar10","20","2","mixed_maturity","access_full","dirichlet_lcb","benign_concept_drift","0.5","8","2","5","5","0.5","5","20","9","1.5","6","6.866102695465088","0.2795","0.010555555555555556"
"cifar10","20","2","mixed_maturity","access_full","dirichlet_lcb","benign_concept_drift","0.5","8","2","5","5","0.5","5","20","9","1.5","7","8.241271018981934","0.262","0.2838888888888889"
"cifar10","20","2","mixed_maturity","access_full","dirichlet_lcb","benign_concept_drift","0.5","8","2","5","5","0.5","5","20","9","1.5","8","7.3754377365112305","0.249","0.0044444444444444444"
"cifar10","20","2","mixed_maturity","access_full","dirichlet_lcb","benign_concept_drift","0.5","8","2","5","5","0.5","5","20","9","1.5","9","8.176980018615723","0.2565","0.0005555555555555556"
"cifar10","20","2","mixed_maturity","access_full","dirichlet_lcb","benign_concept_drift","0.5","8","2","5","5","0.5","5","20","9","1.5","10","6.515130996704102","0.286","0.19333333333333333"
"cifar10","20","2","mixed_maturity","access_full","dirichlet_lcb","benign_concept_drift","0.5","8","2","5","5","0.5","5","20","9","1.5","11","6.157862663269043","0.31","0.12055555555555555"
"cifar10","20","2","mixed_maturity","access_full","dirichlet_lcb","benign_concept_drift","0.5","8","2","5","5","0.5","5","20","9","1.5","12","5.61029052734375","0.337","0.06444444444444444"
"cifar10","20","2","mixed_maturity","access_full","dirichlet_lcb","benign_concept_drift","0.5","8","2","5","5","0.5","5","20","9","1.5","13","6.088255882263184","0.291","0.06222222222222222"
"cifar10","20","2","mixed_maturity","access_full","dirichlet_lcb","benign_concept_drift","0.5","8","2","5","5","0.5","5","20","9","1.5","14","6.832759857177734","0.2855","0.2727777777777778"
"cifar10","20","2","mixed_maturity","access_full","dirichlet_lcb","benign_concept_drift","0.5","8","2","5","5","0.5","5","20","9","1.5","15","7.271685600280762","0.2775","0.0005555555555555556"
"cifar10","20","2","mixed_maturity","access_full","dirichlet_lcb","benign_concept_drift","0.5","8","2","5","5","0.5","5","20","9","1.5","16","7.24290657043457","0.289","0.015"
"cifar10","20","2","mixed_maturity","access_full","dirichlet_lcb","benign_concept_drift","0.5","8","2","5","5","0.5","5","20","9","1.5","17","6.199496269226074","0.29","0.08388888888888889"
"cifar10","20","2","mixed_maturity","access_full","dirichlet_lcb","benign_concept_drift","0.5","8","2","5","5","0.5","5","20","9","1.5","18","7.877561569213867","0.292","0.015"
"cifar10","20","2","mixed_maturity","access_full","dirichlet_lcb","benign_concept_drift","0.5","8","2","5","5","0.5","5","20","9","1.5","19","6.486603736877441","0.293","0.13722222222222222"
"cifar10","20","2","mixed_maturity","access_full","dirichlet_lcb","benign_concept_drift","0.5","8","2","5","5","0.5","5","20","9","1.5","20","5.967992782592773","0.336","0.002777777777777778"
"cifar10","20","2","mixed_maturity","access_full","dirichlet_lcb","benign_concept_drift","0.5","8","2","5","5","0.5","5","20","9","1.5","21","6.919825077056885","0.2965","0.29555555555555557"
"cifar10","20","2","mixed_maturity","access_full","dirichlet_lcb","benign_concept_drift","0.5","8","2","5","5","0.5","5","20","9","1.5","22","6.7378106117248535","0.3185","0.01611111111111111"
"cifar10","20","2","mixed_maturity","access_full","dirichlet_lcb","benign_concept_drift","0.5","8","2","5","5","0.5","5","20","9","1.5","23","7.12180757522583","0.289","0.05444444444444444"
"cifar10","20","2","mixed_maturity","access_full","dirichlet_lcb","benign_concept_drift","0.5","8","2","5","5","0.5","5","20","9","1.5","24","6.276028156280518","0.3305","0.017777777777777778"
"cifar10","20","2","mixed_maturity","access_full","dirichlet_lcb","benign_concept_drift","0.5","8","2","5","5","0.5","5","20","9","1.5","25","5.886566638946533","0.3245","0.03"
"cifar10","20","2","mixed_maturity","access_full","dirichlet_lcb","benign_concept_drift","0.5","8","2","5","5","0.5","5","20","9","1.5","26","7.042128086090088","0.297","0.011666666666666667"
"cifar10","20","2","mixed_maturity","access_full","dirichlet_lcb","benign_concept_drift","0.5","8","2","5","5","0.5","5","20","9","1.5","27","8.612966537475586","0.2875","0.04833333333333333"
"cifar10","20","2","mixed_maturity","access_full","dirichlet_lcb","benign_concept_drift","0.5","8","2","5","5","0.5","5","20","9","1.5","28","6.579145431518555","0.3235","0.15666666666666668"
"cifar10","20","2","mixed_maturity","access_full","dirichlet_lcb","benign_concept_drift","0.5","8","2","5","5","0.5","5","20","9","1.5","29","6.979240894317627","0.3375","0.016666666666666666"
"cifar10","20","2","mixed_maturity","access_full","dirichlet_lcb","benign_concept_drift","0.5","8","2","5","5","0.5","5","20","9","1.5","30","6.583061695098877","0.3275","0.014444444444444444"
"cifar10","20","2","mixed_maturity","access_full","dirichlet_lcb","benign_concept_drift","0.5","8","2","5","5","0.5","5","20","9","1.5","31","5.873880863189697","0.338","0.17055555555555554"
"cifar10","20","2","mixed_maturity","access_full","dirichlet_lcb","benign_concept_drift","0.5","8","2","5","5","0.5","5","20","9","1.5","32","6.059659004211426","0.328","0.014444444444444444"
"cifar10","20","2","mixed_maturity","access_full","dirichlet_lcb","benign_concept_drift","0.5","8","2","5","5","0.5","5","20","9","1.5","33","5.71211576461792","0.336","0.04388888888888889"
"cifar10","20","2","mixed_maturity","access_full","dirichlet_lcb","benign_concept_drift","0.5","8","2","5","5","0.5","5","20","9","1.5","34","7.027602672576904","0.293","0.09333333333333334"
"cifar10","20","2","mixed_maturity","access_full","dirichlet_lcb","benign_concept_drift","0.5","8","2","5","5","0.5","5","20","9","1.5","35","5.5676960945129395","0.3685","0.03111111111111111"
"cifar10","20","2","mixed_maturity","access_full","dirichlet_lcb","benign_concept_drift","0.5","8","2","5","5","0.5","5","20","9","1.5","36","6.457543849945068","0.3105","0.042777777777777776"
"cifar10","20","2","mixed_maturity","access_full","dirichlet_lcb","benign_concept_drift","0.5","8","2","5","5","0.5","5","20","9","1.5","37","5.736774444580078","0.3525","0.027777777777777776"
"cifar10","20","2","mixed_maturity","access_full","dirichlet_lcb","benign_concept_drift","0.5","8","2","5","5","0.5","5","20","9","1.5","38","5.575405120849609","0.356","0.10555555555555556"
"cifar10","20","2","mixed_maturity","access_full","dirichlet_lcb","benign_concept_drift","0.5","8","2","5","5","0.5","5","20","9","1.5","39","6.538393497467041","0.3195","0.06166666666666667"
"cifar10","20","2","mixed_maturity","access_full","dirichlet_lcb","benign_concept_drift","0.5","8","2","5","5","0.5","5","20","9","1.5","40","6.380771636962891","0.3505","0.0044444444444444444"
"cifar10","20","2","mixed_maturity","access_full","dirichlet_lcb","benign_concept_drift","0.5","8","2","5","5","0.5","5","20","9","1.5","41","7.209287166595459","0.3205","0.058333333333333334"
"cifar10","20","2","mixed_maturity","access_full","dirichlet_lcb","benign_concept_drift","0.5","8","2","5","5","0.5","5","20","9","1.5","42","6.962773323059082","0.305","0.0033333333333333335"
"cifar10","20","2","mixed_maturity","access_full","dirichlet_lcb","benign_concept_drift","0.5","8","2","5","5","0.5","5","20","9","1.5","43","6.678993225097656","0.3375","0.011111111111111112"
"cifar10","20","2","mixed_maturity","access_full","dirichlet_lcb","benign_concept_drift","0.5","8","2","5","5","0.5","5","20","9","1.5","44","6.6661248207092285","0.3435","0.09"
"cifar10","20","2","mixed_maturity","access_full","dirichlet_lcb","benign_concept_drift","0.5","8","2","5","5","0.5","5","20","9","1.5","45","6.5629963874816895","0.3355","0.145"
"cifar10","20","2","mixed_maturity","access_full","dirichlet_lcb","benign_concept_drift","0.5","8","2","5","5","0.5","5","20","9","1.5","46","6.2789716720581055","0.3405","0.16833333333333333"
"cifar10","20","2","mixed_maturity","access_full","dirichlet_lcb","benign_concept_drift","0.5","8","2","5","5","0.5","5","20","9","1.5","47","8.092347145080566","0.28","0.0022222222222222222"
"cifar10","20","2","mixed_maturity","access_full","dirichlet_lcb","benign_concept_drift","0.5","8","2","5","5","0.5","5","20","9","1.5","48","7.50333833694458","0.3075","0.20277777777777778"
"cifar10","20","2","mixed_maturity","access_full","dirichlet_lcb","benign_concept_drift","0.5","8","2","5","5","0.5","5","20","9","1.5","49","6.628356456756592","0.342","0.012222222222222223"
"cifar10","20","2","mixed_maturity","access_full","dirichlet_lcb","benign_concept_drift","0.5","8","2","5","5","0.5","5","20","9","1.5","50","6.560374736785889","0.316","0.03388888888888889"
"cifar10","20","2","mixed_maturity","access_full","dirichlet_lcb","benign_concept_drift","0.5","9","2","5","5","0.5","5","20","9","1.5","1","12.357921600341797","0.118","0.0"
"cifar10","20","2","mixed_maturity","access_full","dirichlet_lcb","benign_concept_drift","0.5","9","2","5","5","0.5","5","20","9","1.5","2","5.940386772155762","0.2605","0.07611111111111112"
"cifar10","20","2","mixed_maturity","access_full","dirichlet_lcb","benign_concept_drift","0.5","9","2","5","5","0.5","5","20","9","1.5","3","8.540757179260254","0.207","0.0"
"cifar10","20","2","mixed_maturity","access_full","dirichlet_lcb","benign_concept_drift","0.5","9","2","5","5","0.5","5","20","9","1.5","4","6.900265693664551","0.233","0.01"
"cifar10","20","2","mixed_maturity","access_full","dirichlet_lcb","benign_concept_drift","0.5","9","2","5","5","0.5","5","20","9","1.5","5","8.578341484069824","0.251","0.09222222222222222"
"cifar10","20","2","mixed_maturity","access_full","dirichlet_lcb","benign_concept_drift","0.5","9","2","5","5","0.5","5","20","9","1.5","6","7.409063816070557","0.259","0.25555555555555554"
"cifar10","20","2","mixed_maturity","access_full","dirichlet_lcb","benign_concept_drift","0.5","9","2","5","5","0.5","5","20","9","1.5","7","7.465780258178711","0.292","0.09055555555555556"
"cifar10","20","2","mixed_maturity","access_full","dirichlet_lcb","benign_concept_drift","0.5","9","2","5","5","0.5","5","20","9","1.5","8","7.797771453857422","0.262","0.345"
"cifar10","20","2","mixed_maturity","access_full","dirichlet_lcb","benign_concept_drift","0.5","9","2","5","5","0.5","5","20","9","1.5","9","6.604343891143799","0.3035","0.043333333333333335"
"cifar10","20","2","mixed_maturity","access_full","dirichlet_lcb","benign_concept_drift","0.5","9","2","5","5","0.5","5","20","9","1.5","10","6.795036792755127","0.293","0.005555555555555556"
"cifar10","20","2","mixed_maturity","access_full","dirichlet_lcb","benign_concept_drift","0.5","9","2","5","5","0.5","5","20","9","1.5","11","7.104860305786133","0.274","0.035555555555555556"
"cifar10","20","2","mixed_maturity","access_full","dirichlet_lcb","benign_concept_drift","0.5","9","2","5","5","0.5","5","20","9","1.5","12","7.505431652069092","0.303","0.18444444444444444"
"cifar10","20","2","mixed_maturity","access_full","dirichlet_lcb","benign_concept_drift","0.5","9","2","5","5","0.5","5","20","9","1.5","13","5.540131092071533","0.3255","0.012777777777777779"
"cifar10","20","2","mixed_maturity","access_full","dirichlet_lcb","benign_concept_drift","0.5","9","2","5","5","0.5","5","20","9","1.5","14","6.728192329406738","0.3","0.042777777777777776"
"cifar10","20","2","mixed_maturity","access_full","dirichlet_lcb","benign_concept_drift","0.5","9","2","5","5","0.5","5","20","9","1.5","15","6.08493185043335","0.3075","0.07"
"cifar10","20","2","mixed_maturity","access_full","dirichlet_lcb","benign_concept_drift","0.5","9","2","5","5","0.5","5","20","9","1.5","16","7.700029373168945","0.3095","0.0005555555555555556"
"cifar10","20","2","mixed_maturity","access_full","dirichlet_lcb","benign_concept_drift","0.5","9","2","5","5","0.5","5","20","9","1.5","17","8.309799194335938","0.2595","0.014444444444444444"
"cifar10","20","2","mixed_maturity","access_full","dirichlet_lcb","benign_concept_drift","0.5","9","2","5","5","0.5","5","20","9","1.5","18","6.6360602378845215","0.3105","0.16"
"cifar10","20","2","mixed_maturity","access_full","dirichlet_lcb","benign_concept_drift","0.5","9","2","5","5","0.5","5","20","9","1.5","19","7.091566562652588","0.306","0.08166666666666667"
"cifar10","20","2","mixed_maturity","access_full","dirichlet_lcb","benign_concept_drift","0.5","9","2","5","5","0.5","5","20","9","1.5","20","7.874438762664795","0.2855","0.0011111111111111111"
"cifar10","20","2","mixed_maturity","access_full","dirichlet_lcb","benign_concept_drift","0.5","9","2","5","5","0.5","5","20","9","1.5","21","7.815191745758057","0.3095","0.035"
"cifar10","20","2","mixed_maturity","access_full","dirichlet_lcb","benign_concept_drift","0.5","9","2","5","5","0.5","5","20","9","1.5","22","7.085241794586182","0.3065","0.15"
"cifar10","20","2","mixed_maturity","access_full","dirichlet_lcb","benign_concept_drift","0.5","9","2","5","5","0.5","5","20","9","1.5","23","6.188828945159912","0.3255","0.19555555555555557"
"cifar10","20","2","mixed_maturity","access_full","dirichlet_lcb","benign_concept_drift","0.5","9","2","5","5","0.5","5","20","9","1.5","24","6.781652927398682","0.3425","0.01888888888888889"
"cifar10","20","2","mixed_maturity","access_full","dirichlet_lcb","benign_concept_drift","0.5","9","2","5","5","0.5","5","20","9","1.5","25","6.411822319030762","0.3215","0.05444444444444444"
"cifar10","20","2","mixed_maturity","access_full","dirichlet_lcb","benign_concept_drift","0.5","9","2","5","5","0.5","5","20","9","1.5","26","7.0120930671691895","0.327","0.0005555555555555556"
"cifar10","20","2","mixed_maturity","access_full","dirichlet_lcb","benign_concept_drift","0.5","9","2","5","5","0.5","5","20","9","1.5","27","6.33004903793335","0.3285","0.06222222222222222"
"cifar10","20","2","mixed_maturity","access_full","dirichlet_lcb","benign_concept_drift","0.5","9","2","5","5","0.5","5","20","9","1.5","28","6.192526340484619","0.358","0.05333333333333334"
"cifar10","20","2","mixed_maturity","access_full","dirichlet_lcb","benign_concept_drift","0.5","9","2","5","5","0.5","5","20","9","1.5","29","5.961575031280518","0.3575","0.115"
"cifar10","20","2","mixed_maturity","access_full","dirichlet_lcb","benign_concept_drift","0.5","9","2","5","5","0.5","5","20","9","1.5","30","5.876249313354492","0.3585","0.09222222222222222"
"cifar10","20","2","mixed_maturity","access_full","dirichlet_lcb","benign_concept_drift","0.5","9","2","5","5","0.5","5","20","9","1.5","31","6.180522441864014","0.344","0.12222222222222222"
"cifar10","20","2","mixed_maturity","access_full","dirichlet_lcb","benign_concept_drift","0.5","9","2","5","5","0.5","5","20","9","1.5","32","6.804287910461426","0.2945","0.08611111111111111"
"cifar10","20","2","mixed_maturity","access_full","dirichlet_lcb","benign_concept_drift","0.5","9","2","5","5","0.5","5","20","9","1.5","33","6.7107930183410645","0.348","0.03777777777777778"
"cifar10","20","2","mixed_maturity","access_full","dirichlet_lcb","benign_concept_drift","0.5","9","2","5","5","0.5","5","20","9","1.5","34","6.638315200805664","0.339","0.04111111111111111"
"cifar10","20","2","mixed_maturity","access_full","dirichlet_lcb","benign_concept_drift","0.5","9","2","5","5","0.5","5","20","9","1.5","35","6.864072322845459","0.335","0.021111111111111112"
"cifar10","20","2","mixed_maturity","access_full","dirichlet_lcb","benign_concept_drift","0.5","9","2","5","5","0.5","5","20","9","1.5","36","6.276611328125","0.336","0.05388888888888889"
"cifar10","20","2","mixed_maturity","access_full","dirichlet_lcb","benign_concept_drift","0.5","9","2","5","5","0.5","5","20","9","1.5","37","6.477478504180908","0.3315","0.015"
"cifar10","20","2","mixed_maturity","access_full","dirichlet_lcb","benign_concept_drift","0.5","9","2","5","5","0.5","5","20","9","1.5","38","6.869394302368164","0.342","0.03"
"cifar10","20","2","mixed_maturity","access_full","dirichlet_lcb","benign_concept_drift","0.5","9","2","5","5","0.5","5","20","9","1.5","39","7.343216896057129","0.32","0.09277777777777778"
"cifar10","20","2","mixed_maturity","access_full","dirichlet_lcb","benign_concept_drift","0.5","9","2","5","5","0.5","5","20","9","1.5","40","6.72016716003418","0.3505","0.005555555555555556"
"cifar10","20","2","mixed_maturity","access_full","dirichlet_lcb","benign_concept_drift","0.5","9","2","5","5","0.5","5","20","9","1.5","41","6.286057472229004","0.3515","0.02666666666666667"
"cifar10","20","2","mixed_maturity","access_full","dirichlet_lcb","benign_concept_drift","0.5","9","2","5","5","0.5","5","20","9","1.5","42","7.201381206512451","0.3305","0.01888888888888889"
"cifar10","20","2","mixed_maturity","access_full","dirichlet_lcb","benign_concept_drift","0.5","9","2","5","5","0.5","5","20","9","1.5","43","6.632089614868164","0.336","0.07388888888888889"
"cifar10","20","2","mixed_maturity","access_full","dirichlet_lcb","benign_concept_drift","0.5","9","2","5","5","0.5","5","20","9","1.5","44","6.1865057945251465","0.3655","0.04888888888888889"
"cifar10","20","2","mixed_maturity","access_full","dirichlet_lcb","benign_concept_drift","0.5","9","2","5","5","0.5","5","20","9","1.5","45","7.927776336669922","0.3115","0.021666666666666667"
"cifar10","20","2","mixed_maturity","access_full","dirichlet_lcb","benign_concept_drift","0.5","9","2","5","5","0.5","5","20","9","1.5","46","6.408065319061279","0.3285","0.050555555555555555"
"cifar10","20","2","mixed_maturity","access_full","dirichlet_lcb","benign_concept_drift","0.5","9","2","5","5","0.5","5","20","9","1.5","47","6.250833034515381","0.361","0.02722222222222222"
"cifar10","20","2","mixed_maturity","access_full","dirichlet_lcb","benign_concept_drift","0.5","9","2","5","5","0.5","5","20","9","1.5","48","6.007747173309326","0.348","0.07222222222222222"
"cifar10","20","2","mixed_maturity","access_full","dirichlet_lcb","benign_concept_drift","0.5","9","2","5","5","0.5","5","20","9","1.5","49","6.093899726867676","0.356","0.03611111111111111"
"cifar10","20","2","mixed_maturity","access_full","dirichlet_lcb","benign_concept_drift","0.5","9","2","5","5","0.5","5","20","9","1.5","50","7.071152210235596","0.3125","0.0011111111111111111"
"cifar10","20","2","mixed_maturity","rffl_reputation","dirichlet_lcb","diverse_then_repeat_backdoor","0.5","5","2","5","5","0.5","5","20","9","1.5","1","7.053562164306641","0.18","0.5716666666666667"
"cifar10","20","2","mixed_maturity","rffl_reputation","dirichlet_lcb","diverse_then_repeat_backdoor","0.5","5","2","5","5","0.5","5","20","9","1.5","2","5.964957237243652","0.2225","0.06666666666666667"
"cifar10","20","2","mixed_maturity","rffl_reputation","dirichlet_lcb","diverse_then_repeat_backdoor","0.5","5","2","5","5","0.5","5","20","9","1.5","3","7.900447368621826","0.241","0.08277777777777778"
"cifar10","20","2","mixed_maturity","rffl_reputation","dirichlet_lcb","diverse_then_repeat_backdoor","0.5","5","2","5","5","0.5","5","20","9","1.5","4","7.657303810119629","0.2505","0.07111111111111111"
"cifar10","20","2","mixed_maturity","rffl_reputation","dirichlet_lcb","diverse_then_repeat_backdoor","0.5","5","2","5","5","0.5","5","20","9","1.5","5","10.493937492370605","0.221","0.0011111111111111111"
"cifar10","20","2","mixed_maturity","rffl_reputation","dirichlet_lcb","diverse_then_repeat_backdoor","0.5","5","2","5","5","0.5","5","20","9","1.5","6","6.963901042938232","0.2635","0.23222222222222222"
"cifar10","20","2","mixed_maturity","rffl_reputation","dirichlet_lcb","diverse_then_repeat_backdoor","0.5","5","2","5","5","0.5","5","20","9","1.5","7","6.6112060546875","0.2835","0.3244444444444444"
"cifar10","20","2","mixed_maturity","rffl_reputation","dirichlet_lcb","diverse_then_repeat_backdoor","0.5","5","2","5","5","0.5","5","20","9","1.5","8","6.518458843231201","0.308","0.043333333333333335"
"cifar10","20","2","mixed_maturity","rffl_reputation","dirichlet_lcb","diverse_then_repeat_backdoor","0.5","5","2","5","5","0.5","5","20","9","1.5","9","6.0108723640441895","0.3285","0.13"
"cifar10","20","2","mixed_maturity","rffl_reputation","dirichlet_lcb","diverse_then_repeat_backdoor","0.5","5","2","5","5","0.5","5","20","9","1.5","10","6.052277088165283","0.307","0.041666666666666664"
"cifar10","20","2","mixed_maturity","rffl_reputation","dirichlet_lcb","diverse_then_repeat_backdoor","0.5","5","2","5","5","0.5","5","20","9","1.5","11","7.709799766540527","0.273","0.34444444444444444"
"cifar10","20","2","mixed_maturity","rffl_reputation","dirichlet_lcb","diverse_then_repeat_backdoor","0.5","5","2","5","5","0.5","5","20","9","1.5","12","7.275088310241699","0.294","0.46444444444444444"
"cifar10","20","2","mixed_maturity","rffl_reputation","dirichlet_lcb","diverse_then_repeat_backdoor","0.5","5","2","5","5","0.5","5","20","9","1.5","13","6.783555507659912","0.297","0.028888888888888888"
"cifar10","20","2","mixed_maturity","rffl_reputation","dirichlet_lcb","diverse_then_repeat_backdoor","0.5","5","2","5","5","0.5","5","20","9","1.5","14","7.993010520935059","0.284","0.19333333333333333"
"cifar10","20","2","mixed_maturity","rffl_reputation","dirichlet_lcb","diverse_then_repeat_backdoor","0.5","5","2","5","5","0.5","5","20","9","1.5","15","5.550716876983643","0.351","0.21333333333333335"
"cifar10","20","2","mixed_maturity","rffl_reputation","dirichlet_lcb","diverse_then_repeat_backdoor","0.5","5","2","5","5","0.5","5","20","9","1.5","16","6.504341125488281","0.3095","0.33944444444444444"
"cifar10","20","2","mixed_maturity","rffl_reputation","dirichlet_lcb","diverse_then_repeat_backdoor","0.5","5","2","5","5","0.5","5","20","9","1.5","17","6.111151218414307","0.3355","0.0661111111111111"
"cifar10","20","2","mixed_maturity","rffl_reputation","dirichlet_lcb","diverse_then_repeat_backdoor","0.5","5","2","5","5","0.5","5","20","9","1.5","18","6.736229419708252","0.318","0.14222222222222222"
"cifar10","20","2","mixed_maturity","rffl_reputation","dirichlet_lcb","diverse_then_repeat_backdoor","0.5","5","2","5","5","0.5","5","20","9","1.5","19","5.966834545135498","0.331","0.1738888888888889"
"cifar10","20","2","mixed_maturity","rffl_reputation","dirichlet_lcb","diverse_then_repeat_backdoor","0.5","5","2","5","5","0.5","5","20","9","1.5","20","6.437741279602051","0.3445","0.27444444444444444"
"cifar10","20","2","mixed_maturity","rffl_reputation","dirichlet_lcb","diverse_then_repeat_backdoor","0.5","5","2","5","5","0.5","5","20","9","1.5","21","5.967672824859619","0.326","0.10666666666666667"
"cifar10","20","2","mixed_maturity","rffl_reputation","dirichlet_lcb","diverse_then_repeat_backdoor","0.5","5","2","5","5","0.5","5","20","9","1.5","22","6.261418342590332","0.3305","0.3211111111111111"
"cifar10","20","2","mixed_maturity","rffl_reputation","dirichlet_lcb","diverse_then_repeat_backdoor","0.5","5","2","5","5","0.5","5","20","9","1.5","23","5.95417594909668","0.34","0.4"
"cifar10","20","2","mixed_maturity","rffl_reputation","dirichlet_lcb","diverse_then_repeat_backdoor","0.5","5","2","5","5","0.5","5","20","9","1.5","24","6.2386064529418945","0.337","0.25333333333333335"
"cifar10","20","2","mixed_maturity","rffl_reputation","dirichlet_lcb","diverse_then_repeat_backdoor","0.5","5","2","5","5","0.5","5","20","9","1.5","25","6.6189045906066895","0.311","0.3611111111111111"
"cifar10","20","2","mixed_maturity","rffl_reputation","dirichlet_lcb","diverse_then_repeat_backdoor","0.5","5","2","5","5","0.5","5","20","9","1.5","26","6.788188457489014","0.317","0.39111111111111113"
"cifar10","20","2","mixed_maturity","rffl_reputation","dirichlet_lcb","diverse_then_repeat_backdoor","0.5","5","2","5","5","0.5","5","20","9","1.5","27","6.21290397644043","0.3375","0.2683333333333333"
"cifar10","20","2","mixed_maturity","rffl_reputation","dirichlet_lcb","diverse_then_repeat_backdoor","0.5","5","2","5","5","0.5","5","20","9","1.5","28","6.516698360443115","0.31","0.5388888888888889"
"cifar10","20","2","mixed_maturity","rffl_reputation","dirichlet_lcb","diverse_then_repeat_backdoor","0.5","5","2","5","5","0.5","5","20","9","1.5","29","6.38200569152832","0.3345","0.31166666666666665"
"cifar10","20","2","mixed_maturity","rffl_reputation","dirichlet_lcb","diverse_then_repeat_backdoor","0.5","5","2","5","5","0.5","5","20","9","1.5","30","6.009521961212158","0.3275","0.4688888888888889"
"cifar10","20","2","mixed_maturity","rffl_reputation","dirichlet_lcb","diverse_then_repeat_backdoor","0.5","5","2","5","5","0.5","5","20","9","1.5","31","7.232547760009766","0.3155","0.5"
"cifar10","20","2","mixed_maturity","rffl_reputation","dirichlet_lcb","diverse_then_repeat_backdoor","0.5","5","2","5","5","0.5","5","20","9","1.5","32","6.242934703826904","0.333","0.5244444444444445"
"cifar10","20","2","mixed_maturity","rffl_reputation","dirichlet_lcb","diverse_then_repeat_backdoor","0.5","5","2","5","5","0.5","5","20","9","1.5","33","6.529499053955078","0.31","0.43722222222222223"
"cifar10","20","2","mixed_maturity","rffl_reputation","dirichlet_lcb","diverse_then_repeat_backdoor","0.5","5","2","5","5","0.5","5","20","9","1.5","34","5.8543219566345215","0.325","0.5005555555555555"
"cifar10","20","2","mixed_maturity","rffl_reputation","dirichlet_lcb","diverse_then_repeat_backdoor","0.5","5","2","5","5","0.5","5","20","9","1.5","35","6.012312412261963","0.3365","0.6144444444444445"
"cifar10","20","2","mixed_maturity","rffl_reputation","dirichlet_lcb","diverse_then_repeat_backdoor","0.5","5","2","5","5","0.5","5","20","9","1.5","36","5.917327404022217","0.3605","0.5444444444444444"
"cifar10","20","2","mixed_maturity","rffl_reputation","dirichlet_lcb","diverse_then_repeat_backdoor","0.5","5","2","5","5","0.5","5","20","9","1.5","37","6.404752731323242","0.3075","0.575"
"cifar10","20","2","mixed_maturity","rffl_reputation","dirichlet_lcb","diverse_then_repeat_backdoor","0.5","5","2","5","5","0.5","5","20","9","1.5","38","6.204509735107422","0.3475","0.42444444444444446"
"cifar10","20","2","mixed_maturity","rffl_reputation","dirichlet_lcb","diverse_then_repeat_backdoor","0.5","5","2","5","5","0.5","5","20","9","1.5","39","6.053586959838867","0.346","0.44055555555555553"
"cifar10","20","2","mixed_maturity","rffl_reputation","dirichlet_lcb","diverse_then_repeat_backdoor","0.5","5","2","5","5","0.5","5","20","9","1.5","40","6.698789119720459","0.328","0.6027777777777777"
"cifar10","20","2","mixed_maturity","rffl_reputation","dirichlet_lcb","diverse_then_repeat_backdoor","0.5","5","2","5","5","0.5","5","20","9","1.5","41","6.3248114585876465","0.329","0.7016666666666667"
"cifar10","20","2","mixed_maturity","rffl_reputation","dirichlet_lcb","diverse_then_repeat_backdoor","0.5","5","2","5","5","0.5","5","20","9","1.5","42","6.313377857208252","0.3205","0.6705555555555556"
"cifar10","20","2","mixed_maturity","rffl_reputation","dirichlet_lcb","diverse_then_repeat_backdoor","0.5","5","2","5","5","0.5","5","20","9","1.5","43","6.784674644470215","0.3155","0.4583333333333333"
"cifar10","20","2","mixed_maturity","rffl_reputation","dirichlet_lcb","diverse_then_repeat_backdoor","0.5","5","2","5","5","0.5","5","20","9","1.5","44","6.99252462387085","0.3365","0.4672222222222222"
"cifar10","20","2","mixed_maturity","rffl_reputation","dirichlet_lcb","diverse_then_repeat_backdoor","0.5","5","2","5","5","0.5","5","20","9","1.5","45","6.320870876312256","0.341","0.6244444444444445"
"cifar10","20","2","mixed_maturity","rffl_reputation","dirichlet_lcb","diverse_then_repeat_backdoor","0.5","5","2","5","5","0.5","5","20","9","1.5","46","6.560229301452637","0.3315","0.5516666666666666"
"cifar10","20","2","mixed_maturity","rffl_reputation","dirichlet_lcb","diverse_then_repeat_backdoor","0.5","5","2","5","5","0.5","5","20","9","1.5","47","6.078176975250244","0.35","0.5172222222222222"
"cifar10","20","2","mixed_maturity","rffl_reputation","dirichlet_lcb","diverse_then_repeat_backdoor","0.5","5","2","5","5","0.5","5","20","9","1.5","48","7.205737113952637","0.3225","0.7055555555555556"
"cifar10","20","2","mixed_maturity","rffl_reputation","dirichlet_lcb","diverse_then_repeat_backdoor","0.5","5","2","5","5","0.5","5","20","9","1.5","49","5.982790470123291","0.344","0.4211111111111111"
"cifar10","20","2","mixed_maturity","rffl_reputation","dirichlet_lcb","diverse_then_repeat_backdoor","0.5","5","2","5","5","0.5","5","20","9","1.5","50","6.515588760375977","0.341","0.7844444444444445"
"cifar10","20","2","mixed_maturity","rffl_reputation","dirichlet_lcb","diverse_then_repeat_backdoor","0.5","6","2","5","5","0.5","5","20","9","1.5","1","15.451809883117676","0.107","0.96"
"cifar10","20","2","mixed_maturity","rffl_reputation","dirichlet_lcb","diverse_then_repeat_backdoor","0.5","6","2","5","5","0.5","5","20","9","1.5","2","9.568988800048828","0.186","0.0"
"cifar10","20","2","mixed_maturity","rffl_reputation","dirichlet_lcb","diverse_then_repeat_backdoor","0.5","6","2","5","5","0.5","5","20","9","1.5","3","6.311951637268066","0.2805","0.23833333333333334"
"cifar10","20","2","mixed_maturity","rffl_reputation","dirichlet_lcb","diverse_then_repeat_backdoor","0.5","6","2","5","5","0.5","5","20","9","1.5","4","5.591137409210205","0.288","0.06555555555555556"
"cifar10","20","2","mixed_maturity","rffl_reputation","dirichlet_lcb","diverse_then_repeat_backdoor","0.5","6","2","5","5","0.5","5","20","9","1.5","5","7.127147674560547","0.233","0.37333333333333335"
"cifar10","20","2","mixed_maturity","rffl_reputation","dirichlet_lcb","diverse_then_repeat_backdoor","0.5","6","2","5","5","0.5","5","20","9","1.5","6","6.498281478881836","0.254","0.06777777777777778"
"cifar10","20","2","mixed_maturity","rffl_reputation","dirichlet_lcb","diverse_then_repeat_backdoor","0.5","6","2","5","5","0.5","5","20","9","1.5","7","7.866820812225342","0.284","0.03388888888888889"
"cifar10","20","2","mixed_maturity","rffl_reputation","dirichlet_lcb","diverse_then_repeat_backdoor","0.5","6","2","5","5","0.5","5","20","9","1.5","8","6.746468544006348","0.2955","0.059444444444444446"
"cifar10","20","2","mixed_maturity","rffl_reputation","dirichlet_lcb","diverse_then_repeat_backdoor","0.5","6","2","5","5","0.5","5","20","9","1.5","9","5.959560394287109","0.296","0.09166666666666666"
"cifar10","20","2","mixed_maturity","rffl_reputation","dirichlet_lcb","diverse_then_repeat_backdoor","0.5","6","2","5","5","0.5","5","20","9","1.5","10","6.484396934509277","0.291","0.2677777777777778"
"cifar10","20","2","mixed_maturity","rffl_reputation","dirichlet_lcb","diverse_then_repeat_backdoor","0.5","6","2","5","5","0.5","5","20","9","1.5","11","7.924428939819336","0.268","0.0005555555555555556"
"cifar10","20","2","mixed_maturity","rffl_reputation","dirichlet_lcb","diverse_then_repeat_backdoor","0.5","6","2","5","5","0.5","5","20","9","1.5","12","6.393963813781738","0.2955","0.10055555555555555"
"cifar10","20","2","mixed_maturity","rffl_reputation","dirichlet_lcb","diverse_then_repeat_backdoor","0.5","6","2","5","5","0.5","5","20","9","1.5","13","6.112045764923096","0.3165","0.06944444444444445"
"cifar10","20","2","mixed_maturity","rffl_reputation","dirichlet_lcb","diverse_then_repeat_backdoor","0.5","6","2","5","5","0.5","5","20","9","1.5","14","5.922533988952637","0.326","0.075"
"cifar10","20","2","mixed_maturity","rffl_reputation","dirichlet_lcb","diverse_then_repeat_backdoor","0.5","6","2","5","5","0.5","5","20","9","1.5","15","6.236534118652344","0.3395","0.057777777777777775"
"cifar10","20","2","mixed_maturity","rffl_reputation","dirichlet_lcb","diverse_then_repeat_backdoor","0.5","6","2","5","5","0.5","5","20","9","1.5","16","6.498213768005371","0.3095","0.05555555555555555"
"cifar10","20","2","mixed_maturity","rffl_reputation","dirichlet_lcb","diverse_then_repeat_backdoor","0.5","6","2","5","5","0.5","5","20","9","1.5","17","7.104465007781982","0.3185","0.03777777777777778"
"cifar10","20","2","mixed_maturity","rffl_reputation","dirichlet_lcb","diverse_then_repeat_backdoor","0.5","6","2","5","5","0.5","5","20","9","1.5","18","6.735386848449707","0.3045","0.385"
"cifar10","20","2","mixed_maturity","rffl_reputation","dirichlet_lcb","diverse_then_repeat_backdoor","0.5","6","2","5","5","0.5","5","20","9","1.5","19","6.07105016708374","0.3305","0.05277777777777778"
"cifar10","20","2","mixed_maturity","rffl_reputation","dirichlet_lcb","diverse_then_repeat_backdoor","0.5","6","2","5","5","0.5","5","20","9","1.5","20","6.073957920074463","0.3085","0.27111111111111114"
"cifar10","20","2","mixed_maturity","rffl_reputation","dirichlet_lcb","diverse_then_repeat_backdoor","0.5","6","2","5","5","0.5","5","20","9","1.5","21","6.933108806610107","0.307","0.3838888888888889"
"cifar10","20","2","mixed_maturity","rffl_reputation","dirichlet_lcb","diverse_then_repeat_backdoor","0.5","6","2","5","5","0.5","5","20","9","1.5","22","6.633870601654053","0.319","0.03166666666666667"
"cifar10","20","2","mixed_maturity","rffl_reputation","dirichlet_lcb","diverse_then_repeat_backdoor","0.5","6","2","5","5","0.5","5","20","9","1.5","23","6.160881042480469","0.3625","0.20055555555555554"
"cifar10","20","2","mixed_maturity","rffl_reputation","dirichlet_lcb","diverse_then_repeat_backdoor","0.5","6","2","5","5","0.5","5","20","9","1.5","24","5.903059005737305","0.344","0.2822222222222222"
"cifar10","20","2","mixed_maturity","rffl_reputation","dirichlet_lcb","diverse_then_repeat_backdoor","0.5","6","2","5","5","0.5","5","20","9","1.5","25","7.678347587585449","0.292","0.6177777777777778"
"cifar10","20","2","mixed_maturity","rffl_reputation","dirichlet_lcb","diverse_then_repeat_backdoor","0.5","6","2","5","5","0.5","5","20","9","1.5","26","6.4514946937561035","0.3505","0.3894444444444444"
"cifar10","20","2","mixed_maturity","rffl_reputation","dirichlet_lcb","diverse_then_repeat_backdoor","0.5","6","2","5","5","0.5","5","20","9","1.5","27","6.379517078399658","0.339","0.2633333333333333"
"cifar10","20","2","mixed_maturity","rffl_reputation","dirichlet_lcb","diverse_then_repeat_backdoor","0.5","6","2","5","5","0.5","5","20","9","1.5","28","5.757434368133545","0.3555","0.3388888888888889"
"cifar10","20","2","mixed_maturity","rffl_reputation","dirichlet_lcb","diverse_then_repeat_backdoor","0.5","6","2","5","5","0.5","5","20","9","1.5","29","5.892202854156494","0.3635","0.285"
"cifar10","20","2","mixed_maturity","rffl_reputation","dirichlet_lcb","diverse_then_repeat_backdoor","0.5","6","2","5","5","0.5","5","20","9","1.5","30","6.454565525054932","0.331","0.12777777777777777"
"cifar10","20","2","mixed_maturity","rffl_reputation","dirichlet_lcb","diverse_then_repeat_backdoor","0.5","6","2","5","5","0.5","5","20","9","1.5","31","6.387728691101074","0.3405","0.23444444444444446"
"cifar10","20","2","mixed_maturity","rffl_reputation","dirichlet_lcb","diverse_then_repeat_backdoor","0.5","6","2","5","5","0.5","5","20","9","1.5","32","6.8809051513671875","0.3305","0.3422222222222222"
"cifar10","20","2","mixed_maturity","rffl_reputation","dirichlet_lcb","diverse_then_repeat_backdoor","0.5","6","2","5","5","0.5","5","20","9","1.5","33","7.23526668548584","0.3215","0.6605555555555556"
"cifar10","20","2","mixed_maturity","rffl_reputation","dirichlet_lcb","diverse_then_repeat_backdoor","0.5","6","2","5","5","0.5","5","20","9","1.5","34","7.175134658813477","0.3205","0.575"
"cifar10","20","2","mixed_maturity","rffl_reputation","dirichlet_lcb","diverse_then_repeat_backdoor","0.5","6","2","5","5","0.5","5","20","9","1.5","35","7.4305830001831055","0.3045","0.2311111111111111"
"cifar10","20","2","mixed_maturity","rffl_reputation","dirichlet_lcb","diverse_then_repeat_backdoor","0.5","6","2","5","5","0.5","5","20","9","1.5","36","6.781867980957031","0.3335","0.21444444444444444"
"cifar10","20","2","mixed_maturity","rffl_reputation","dirichlet_lcb","diverse_then_repeat_backdoor","0.5","6","2","5","5","0.5","5","20","9","1.5","37","6.117805480957031","0.3395","0.5222222222222223"
"cifar10","20","2","mixed_maturity","rffl_reputation","dirichlet_lcb","diverse_then_repeat_backdoor","0.5","6","2","5","5","0.5","5","20","9","1.5","38","6.9534478187561035","0.327","0.3138888888888889"
"cifar10","20","2","mixed_maturity","rffl_reputation","dirichlet_lcb","diverse_then_repeat_backdoor","0.5","6","2","5","5","0.5","5","20","9","1.5","39","5.987354755401611","0.3595","0.5783333333333334"
"cifar10","20","2","mixed_maturity","rffl_reputation","dirichlet_lcb","diverse_then_repeat_backdoor","0.5","6","2","5","5","0.5","5","20","9","1.5","40","7.914426803588867","0.301","0.2427777777777778"
"cifar10","20","2","mixed_maturity","rffl_reputation","dirichlet_lcb","diverse_then_repeat_backdoor","0.5","6","2","5","5","0.5","5","20","9","1.5","41","6.780845642089844","0.355","0.26944444444444443"
"cifar10","20","2","mixed_maturity","rffl_reputation","dirichlet_lcb","diverse_then_repeat_backdoor","0.5","6","2","5","5","0.5","5","20","9","1.5","42","6.937442302703857","0.341","0.5316666666666666"
"cifar10","20","2","mixed_maturity","rffl_reputation","dirichlet_lcb","diverse_then_repeat_backdoor","0.5","6","2","5","5","0.5","5","20","9","1.5","43","6.049749374389648","0.3645","0.48333333333333334"
"cifar10","20","2","mixed_maturity","rffl_reputation","dirichlet_lcb","diverse_then_repeat_backdoor","0.5","6","2","5","5","0.5","5","20","9","1.5","44","7.409646034240723","0.343","0.5922222222222222"
"cifar10","20","2","mixed_maturity","rffl_reputation","dirichlet_lcb","diverse_then_repeat_backdoor","0.5","6","2","5","5","0.5","5","20","9","1.5","45","8.874068260192871","0.288","0.8866666666666667"
"cifar10","20","2","mixed_maturity","rffl_reputation","dirichlet_lcb","diverse_then_repeat_backdoor","0.5","6","2","5","5","0.5","5","20","9","1.5","46","5.773920059204102","0.357","0.5466666666666666"
"cifar10","20","2","mixed_maturity","rffl_reputation","dirichlet_lcb","diverse_then_repeat_backdoor","0.5","6","2","5","5","0.5","5","20","9","1.5","47","7.58059549331665","0.299","0.405"
"cifar10","20","2","mixed_maturity","rffl_reputation","dirichlet_lcb","diverse_then_repeat_backdoor","0.5","6","2","5","5","0.5","5","20","9","1.5","48","7.237636089324951","0.3305","0.4855555555555556"
"cifar10","20","2","mixed_maturity","rffl_reputation","dirichlet_lcb","diverse_then_repeat_backdoor","0.5","6","2","5","5","0.5","5","20","9","1.5","49","5.953800201416016","0.345","0.6311111111111111"
"cifar10","20","2","mixed_maturity","rffl_reputation","dirichlet_lcb","diverse_then_repeat_backdoor","0.5","6","2","5","5","0.5","5","20","9","1.5","50","6.915832042694092","0.322","0.7488888888888889"
"cifar10","20","2","mixed_maturity","rffl_reputation","dirichlet_lcb","diverse_then_repeat_backdoor","0.5","7","2","5","5","0.5","5","20","9","1.5","1","8.30494499206543","0.164","0.0"
"cifar10","20","2","mixed_maturity","rffl_reputation","dirichlet_lcb","diverse_then_repeat_backdoor","0.5","7","2","5","5","0.5","5","20","9","1.5","2","8.713272094726562","0.1715","0.0033333333333333335"
"cifar10","20","2","mixed_maturity","rffl_reputation","dirichlet_lcb","diverse_then_repeat_backdoor","0.5","7","2","5","5","0.5","5","20","9","1.5","3","8.867738723754883","0.169","0.008333333333333333"
"cifar10","20","2","mixed_maturity","rffl_reputation","dirichlet_lcb","diverse_then_repeat_backdoor","0.5","7","2","5","5","0.5","5","20","9","1.5","4","6.717585563659668","0.259","0.0022222222222222222"
"cifar10","20","2","mixed_maturity","rffl_reputation","dirichlet_lcb","diverse_then_repeat_backdoor","0.5","7","2","5","5","0.5","5","20","9","1.5","5","6.428870677947998","0.268","0.02388888888888889"
"cifar10","20","2","mixed_maturity","rffl_reputation","dirichlet_lcb","diverse_then_repeat_backdoor","0.5","7","2","5","5","0.5","5","20","9","1.5","6","6.133370876312256","0.261","0.17777777777777778"
"cifar10","20","2","mixed_maturity","rffl_reputation","dirichlet_lcb","diverse_then_repeat_backdoor","0.5","7","2","5","5","0.5","5","20","9","1.5","7","6.524095058441162","0.2845","0.03888888888888889"
"cifar10","20","2","mixed_maturity","rffl_reputation","dirichlet_lcb","diverse_then_repeat_backdoor","0.5","7","2","5","5","0.5","5","20","9","1.5","8","6.172166347503662","0.302","0.04722222222222222"
"cifar10","20","2","mixed_maturity","rffl_reputation","dirichlet_lcb","diverse_then_repeat_backdoor","0.5","7","2","5","5","0.5","5","20","9","1.5","9","6.020867347717285","0.3075","0.050555555555555555"
"cifar10","20","2","mixed_maturity","rffl_reputation","dirichlet_lcb","diverse_then_repeat_backdoor","0.5","7","2","5","5","0.5","5","20","9","1.5","10","6.93983793258667","0.2785","0.049444444444444444"
"cifar10","20","2","mixed_maturity","rffl_reputation","dirichlet_lcb","diverse_then_repeat_backdoor","0.5","7","2","5","5","0.5","5","20","9","1.5","11","6.425625324249268","0.303","0.04"
"cifar10","20","2","mixed_maturity","rffl_reputation","dirichlet_lcb","diverse_then_repeat_backdoor","0.5","7","2","5","5","0.5","5","20","9","1.5","12","7.361207962036133","0.266","0.32944444444444443"
"cifar10","20","2","mixed_maturity","rffl_reputation","dirichlet_lcb","diverse_then_repeat_backdoor","0.5","7","2","5","5","0.5","5","20","9","1.5","13","6.2494893074035645","0.312","0.17277777777777778"
"cifar10","20","2","mixed_maturity","rffl_reputation","dirichlet_lcb","diverse_then_repeat_backdoor","0.5","7","2","5","5","0.5","5","20","9","1.5","14","7.516741752624512","0.269","0.3883333333333333"
"cifar10","20","2","mixed_maturity","rffl_reputation","dirichlet_lcb","diverse_then_repeat_backdoor","0.5","7","2","5","5","0.5","5","20","9","1.5","15","7.933218955993652","0.274","0.4411111111111111"
"cifar10","20","2","mixed_maturity","rffl_reputation","dirichlet_lcb","diverse_then_repeat_backdoor","0.5","7","2","5","5","0.5","5","20","9","1.5","16","6.028204441070557","0.319","0.028888888888888888"
"cifar10","20","2","mixed_maturity","rffl_reputation","dirichlet_lcb","diverse_then_repeat_backdoor","0.5","7","2","5","5","0.5","5","20","9","1.5","17","6.360197067260742","0.309","0.29444444444444445"
"cifar10","20","2","mixed_maturity","rffl_reputation","dirichlet_lcb","diverse_then_repeat_backdoor","0.5","7","2","5","5","0.5","5","20","9","1.5","18","6.535017490386963","0.3205","0.06222222222222222"
"cifar10","20","2","mixed_maturity","rffl_reputation","dirichlet_lcb","diverse_then_repeat_backdoor","0.5","7","2","5","5","0.5","5","20","9","1.5","19","6.720579147338867","0.332","0.13277777777777777"
"cifar10","20","2","mixed_maturity","rffl_reputation","dirichlet_lcb","diverse_then_repeat_backdoor","0.5","7","2","5","5","0.5","5","20","9","1.5","20","7.011059761047363","0.3165","0.16777777777777778"
"cifar10","20","2","mixed_maturity","rffl_reputation","dirichlet_lcb","diverse_then_repeat_backdoor","0.5","7","2","5","5","0.5","5","20","9","1.5","21","6.692461967468262","0.3285","0.42277777777777775"
"cifar10","20","2","mixed_maturity","rffl_reputation","dirichlet_lcb","diverse_then_repeat_backdoor","0.5","7","2","5","5","0.5","5","20","9","1.5","22","6.01737117767334","0.3275","0.31555555555555553"
"cifar10","20","2","mixed_maturity","rffl_reputation","dirichlet_lcb","diverse_then_repeat_backdoor","0.5","7","2","5","5","0.5","5","20","9","1.5","23","6.2293314933776855","0.3305","0.11"
"cifar10","20","2","mixed_maturity","rffl_reputation","dirichlet_lcb","diverse_then_repeat_backdoor","0.5","7","2","5","5","0.5","5","20","9","1.5","24","5.8654255867004395","0.3475","0.125"
"cifar10","20","2","mixed_maturity","rffl_reputation","dirichlet_lcb","diverse_then_repeat_backdoor","0.5","7","2","5","5","0.5","5","20","9","1.5","25","5.912736892700195","0.334","0.30333333333333334"
"cifar10","20","2","mixed_maturity","rffl_reputation","dirichlet_lcb","diverse_then_repeat_backdoor","0.5","7","2","5","5","0.5","5","20","9","1.5","26","5.368666172027588","0.3705","0.13833333333333334"
"cifar10","20","2","mixed_maturity","rffl_reputation","dirichlet_lcb","diverse_then_repeat_backdoor","0.5","7","2","5","5","0.5","5","20","9","1.5","27","6.174271583557129","0.3335","0.08222222222222222"
"cifar10","20","2","mixed_maturity","rffl_reputation","dirichlet_lcb","diverse_then_repeat_backdoor","0.5","7","2","5","5","0.5","5","20","9","1.5","28","7.252322673797607","0.3145","0.49166666666666664"
"cifar10","20","2","mixed_maturity","rffl_reputation","dirichlet_lcb","diverse_then_repeat_backdoor","0.5","7","2","5","5","0.5","5","20","9","1.5","29","7.145806789398193","0.3205","0.11388888888888889"
"cifar10","20","2","mixed_maturity","rffl_reputation","dirichlet_lcb","diverse_then_repeat_backdoor","0.5","7","2","5","5","0.5","5","20","9","1.5","30","5.991265296936035","0.357","0.185"
"cifar10","20","2","mixed_maturity","rffl_reputation","dirichlet_lcb","diverse_then_repeat_backdoor","0.5","7","2","5","5","0.5","5","20","9","1.5","31","6.028609275817871","0.359","0.3844444444444444"
"cifar10","20","2","mixed_maturity","rffl_reputation","dirichlet_lcb","diverse_then_repeat_backdoor","0.5","7","2","5","5","0.5","5","20","9","1.5","32","5.863415241241455","0.339","0.42"
"cifar10","20","2","mixed_maturity","rffl_reputation","dirichlet_lcb","diverse_then_repeat_backdoor","0.5","7","2","5","5","0.5","5","20","9","1.5","33","5.647724628448486","0.356","0.14444444444444443"
"cifar10","20","2","mixed_maturity","rffl_reputation","dirichlet_lcb","diverse_then_repeat_backdoor","0.5","7","2","5","5","0.5","5","20","9","1.5","34","7.138405799865723","0.345","0.455"
"cifar10","20","2","mixed_maturity","rffl_reputation","dirichlet_lcb","diverse_then_repeat_backdoor","0.5","7","2","5","5","0.5","5","20","9","1.5","35","8.124296188354492","0.29","0.5533333333333333"
"cifar10","20","2","mixed_maturity","rffl_reputation","dirichlet_lcb","diverse_then_repeat_backdoor","0.5","7","2","5","5","0.5","5","20","9","1.5","36","6.744314670562744","0.3395","0.1738888888888889"
"cifar10","20","2","mixed_maturity","rffl_reputation","dirichlet_lcb","diverse_then_repeat_backdoor","0.5","7","2","5","5","0.5","5","20","9","1.5","37","5.682788372039795","0.35","0.41833333333333333"
"cifar10","20","2","mixed_maturity","rffl_reputation","dirichlet_lcb","diverse_then_repeat_backdoor","0.5","7","2","5","5","0.5","5","20","9","1.5","38","5.90487003326416","0.364","0.3472222222222222"
"cifar10","20","2","mixed_maturity","rffl_reputation","dirichlet_lcb","diverse_then_repeat_backdoor","0.5","7","2","5","5","0.5","5","20","9","1.5","39","6.7990336418151855","0.3305","0.3372222222222222"
"cifar10","20","2","mixed_maturity","rffl_reputation","dirichlet_lcb","diverse_then_repeat_backdoor","0.5","7","2","5","5","0.5","5","20","9","1.5","40","6.66254186630249","0.334","0.3611111111111111"
"cifar10","20","2","mixed_maturity","rffl_reputation","dirichlet_lcb","diverse_then_repeat_backdoor","0.5","7","2","5","5","0.5","5","20","9","1.5","41","6.519009590148926","0.337","0.19722222222222222"
"cifar10","20","2","mixed_maturity","rffl_reputation","dirichlet_lcb","diverse_then_repeat_backdoor","0.5","7","2","5","5","0.5","5","20","9","1.5","42","6.189335346221924","0.35","0.33111111111111113"
"cifar10","20","2","mixed_maturity","rffl_reputation","dirichlet_lcb","diverse_then_repeat_backdoor","0.5","7","2","5","5","0.5","5","20","9","1.5","43","6.542007923126221","0.3465","0.5216666666666666"
"cifar10","20","2","mixed_maturity","rffl_reputation","dirichlet_lcb","diverse_then_repeat_backdoor","0.5","7","2","5","5","0.5","5","20","9","1.5","44","5.45014762878418","0.3795","0.44666666666666666"
"cifar10","20","2","mixed_maturity","rffl_reputation","dirichlet_lcb","diverse_then_repeat_backdoor","0.5","7","2","5","5","0.5","5","20","9","1.5","45","5.999496936798096","0.363","0.4677777777777778"
"cifar10","20","2","mixed_maturity","rffl_reputation","dirichlet_lcb","diverse_then_repeat_backdoor","0.5","7","2","5","5","0.5","5","20","9","1.5","46","6.290635585784912","0.352","0.32666666666666666"
"cifar10","20","2","mixed_maturity","rffl_reputation","dirichlet_lcb","diverse_then_repeat_backdoor","0.5","7","2","5","5","0.5","5","20","9","1.5","47","5.493383407592773","0.3745","0.42277777777777775"
"cifar10","20","2","mixed_maturity","rffl_reputation","dirichlet_lcb","diverse_then_repeat_backdoor","0.5","7","2","5","5","0.5","5","20","9","1.5","48","6.111764430999756","0.342","0.44222222222222224"
"cifar10","20","2","mixed_maturity","rffl_reputation","dirichlet_lcb","diverse_then_repeat_backdoor","0.5","7","2","5","5","0.5","5","20","9","1.5","49","5.803746223449707","0.359","0.3522222222222222"
"cifar10","20","2","mixed_maturity","rffl_reputation","dirichlet_lcb","diverse_then_repeat_backdoor","0.5","7","2","5","5","0.5","5","20","9","1.5","50","5.87819242477417","0.346","0.2838888888888889"
"cifar10","20","2","mixed_maturity","rffl_reputation","dirichlet_lcb","diverse_then_repeat_backdoor","0.5","8","2","5","5","0.5","5","20","9","1.5","1","17.058399200439453","0.1","0.9938888888888889"
"cifar10","20","2","mixed_maturity","rffl_reputation","dirichlet_lcb","diverse_then_repeat_backdoor","0.5","8","2","5","5","0.5","5","20","9","1.5","2","7.710565090179443","0.2235","0.0005555555555555556"
"cifar10","20","2","mixed_maturity","rffl_reputation","dirichlet_lcb","diverse_then_repeat_backdoor","0.5","8","2","5","5","0.5","5","20","9","1.5","3","10.933771133422852","0.153","0.7666666666666667"
"cifar10","20","2","mixed_maturity","rffl_reputation","dirichlet_lcb","diverse_then_repeat_backdoor","0.5","8","2","5","5","0.5","5","20","9","1.5","4","6.269733428955078","0.2605","0.05611111111111111"
"cifar10","20","2","mixed_maturity","rffl_reputation","dirichlet_lcb","diverse_then_repeat_backdoor","0.5","8","2","5","5","0.5","5","20","9","1.5","5","5.553834438323975","0.283","0.1938888888888889"
"cifar10","20","2","mixed_maturity","rffl_reputation","dirichlet_lcb","diverse_then_repeat_backdoor","0.5","8","2","5","5","0.5","5","20","9","1.5","6","6.709834575653076","0.2695","0.034444444444444444"
"cifar10","20","2","mixed_maturity","rffl_reputation","dirichlet_lcb","diverse_then_repeat_backdoor","0.5","8","2","5","5","0.5","5","20","9","1.5","7","6.95138692855835","0.2405","0.10722222222222222"
"cifar10","20","2","mixed_maturity","rffl_reputation","dirichlet_lcb","diverse_then_repeat_backdoor","0.5","8","2","5","5","0.5","5","20","9","1.5","8","6.021393775939941","0.298","0.13555555555555557"
"cifar10","20","2","mixed_maturity","rffl_reputation","dirichlet_lcb","diverse_then_repeat_backdoor","0.5","8","2","5","5","0.5","5","20","9","1.5","9","6.802217483520508","0.281","0.02666666666666667"
"cifar10","20","2","mixed_maturity","rffl_reputation","dirichlet_lcb","diverse_then_repeat_backdoor","0.5","8","2","5","5","0.5","5","20","9","1.5","10","8.237068176269531","0.2485","0.5833333333333334"
"cifar10","20","2","mixed_maturity","rffl_reputation","dirichlet_lcb","diverse_then_repeat_backdoor","0.5","8","2","5","5","0.5","5","20","9","1.5","11","7.3653669357299805","0.2475","0.2738888888888889"
"cifar10","20","2","mixed_maturity","rffl_reputation","dirichlet_lcb","diverse_then_repeat_backdoor","0.5","8","2","5","5","0.5","5","20","9","1.5","12","5.3360595703125","0.329","0.24222222222222223"
"cifar10","20","2","mixed_maturity","rffl_reputation","dirichlet_lcb","diverse_then_repeat_backdoor","0.5","8","2","5","5","0.5","5","20","9","1.5","13","6.441296100616455","0.3015","0.105"
"cifar10","20","2","mixed_maturity","rffl_reputation","dirichlet_lcb","diverse_then_repeat_backdoor","0.5","8","2","5","5","0.5","5","20","9","1.5","14","6.067925930023193","0.3245","0.10833333333333334"
"cifar10","20","2","mixed_maturity","rffl_reputation","dirichlet_lcb","diverse_then_repeat_backdoor","0.5","8","2","5","5","0.5","5","20","9","1.5","15","5.706220626831055","0.32","0.31555555555555553"
"cifar10","20","2","mixed_maturity","rffl_reputation","dirichlet_lcb","diverse_then_repeat_backdoor","0.5","8","2","5","5","0.5","5","20","9","1.5","16","5.348628044128418","0.3295","0.08222222222222222"
"cifar10","20","2","mixed_maturity","rffl_reputation","dirichlet_lcb","diverse_then_repeat_backdoor","0.5","8","2","5","5","0.5","5","20","9","1.5","17","6.22018575668335","0.3155","0.43944444444444447"
"cifar10","20","2","mixed_maturity","rffl_reputation","dirichlet_lcb","diverse_then_repeat_backdoor","0.5","8","2","5","5","0.5","5","20","9","1.5","18","6.9410481452941895","0.318","0.175"
"cifar10","20","2","mixed_maturity","rffl_reputation","dirichlet_lcb","diverse_then_repeat_backdoor","0.5","8","2","5","5","0.5","5","20","9","1.5","19","5.753987789154053","0.327","0.07555555555555556"
"cifar10","20","2","mixed_maturity","rffl_reputation","dirichlet_lcb","diverse_then_repeat_backdoor","0.5","8","2","5","5","0.5","5","20","9","1.5","20","5.74061918258667","0.349","0.17055555555555554"
"cifar10","20","2","mixed_maturity","rffl_reputation","dirichlet_lcb","diverse_then_repeat_backdoor","0.5","8","2","5","5","0.5","5","20","9","1.5","21","7.301722049713135","0.3","0.42944444444444446"
"cifar10","20","2","mixed_maturity","rffl_reputation","dirichlet_lcb","diverse_then_repeat_backdoor","0.5","8","2","5","5","0.5","5","20","9","1.5","22","6.531711101531982","0.296","0.255"
"cifar10","20","2","mixed_maturity","rffl_reputation","dirichlet_lcb","diverse_then_repeat_backdoor","0.5","8","2","5","5","0.5","5","20","9","1.5","23","6.2823920249938965","0.3435","0.35"
"cifar10","20","2","mixed_maturity","rffl_reputation","dirichlet_lcb","diverse_then_repeat_backdoor","0.5","8","2","5","5","0.5","5","20","9","1.5","24","6.352369785308838","0.3345","0.3794444444444444"
"cifar10","20","2","mixed_maturity","rffl_reputation","dirichlet_lcb","diverse_then_repeat_backdoor","0.5","8","2","5","5","0.5","5","20","9","1.5","25","7.117236137390137","0.3105","0.4627777777777778"
"cifar10","20","2","mixed_maturity","rffl_reputation","dirichlet_lcb","diverse_then_repeat_backdoor","0.5","8","2","5","5","0.5","5","20","9","1.5","26","5.7194132804870605","0.335","0.13166666666666665"
"cifar10","20","2","mixed_maturity","rffl_reputation","dirichlet_lcb","diverse_then_repeat_backdoor","0.5","8","2","5","5","0.5","5","20","9","1.5","27","6.6516218185424805","0.33","0.3711111111111111"
"cifar10","20","2","mixed_maturity","rffl_reputation","dirichlet_lcb","diverse_then_repeat_backdoor","0.5","8","2","5","5","0.5","5","20","9","1.5","28","7.414316177368164","0.3075","0.5222222222222223"
"cifar10","20","2","mixed_maturity","rffl_reputation","dirichlet_lcb","diverse_then_repeat_backdoor","0.5","8","2","5","5","0.5","5","20","9","1.5","29","6.354155540466309","0.3325","0.225"
"cifar10","20","2","mixed_maturity","rffl_reputation","dirichlet_lcb","diverse_then_repeat_backdoor","0.5","8","2","5","5","0.5","5","20","9","1.5","30","6.126124858856201","0.3415","0.475"
"cifar10","20","2","mixed_maturity","rffl_reputation","dirichlet_lcb","diverse_then_repeat_backdoor","0.5","8","2","5","5","0.5","5","20","9","1.5","31","5.577238082885742","0.3565","0.5066666666666667"
"cifar10","20","2","mixed_maturity","rffl_reputation","dirichlet_lcb","diverse_then_repeat_backdoor","0.5","8","2","5","5","0.5","5","20","9","1.5","32","5.630342483520508","0.352","0.09833333333333333"
"cifar10","20","2","mixed_maturity","rffl_reputation","dirichlet_lcb","diverse_then_repeat_backdoor","0.5","8","2","5","5","0.5","5","20","9","1.5","33","6.815852642059326","0.307","0.2544444444444444"
"cifar10","20","2","mixed_maturity","rffl_reputation","dirichlet_lcb","diverse_then_repeat_backdoor","0.5","8","2","5","5","0.5","5","20","9","1.5","34","5.91595983505249","0.3545","0.3611111111111111"
"cifar10","20","2","mixed_maturity","rffl_reputation","dirichlet_lcb","diverse_then_repeat_backdoor","0.5","8","2","5","5","0.5","5","20","9","1.5","35","6.799332618713379","0.311","0.09277777777777778"
"cifar10","20","2","mixed_maturity","rffl_reputation","dirichlet_lcb","diverse_then_repeat_backdoor","0.5","8","2","5","5","0.5","5","20","9","1.5","36","5.93474006652832","0.359","0.3038888888888889"
"cifar10","20","2","mixed_maturity","rffl_reputation","dirichlet_lcb","diverse_then_repeat_backdoor","0.5","8","2","5","5","0.5","5","20","9","1.5","37","6.3695807456970215","0.3465","0.19777777777777777"
"cifar10","20","2","mixed_maturity","rffl_reputation","dirichlet_lcb","diverse_then_repeat_backdoor","0.5","8","2","5","5","0.5","5","20","9","1.5","38","5.2809834480285645","0.371","0.3211111111111111"
"cifar10","20","2","mixed_maturity","rffl_reputation","dirichlet_lcb","diverse_then_repeat_backdoor","0.5","8","2","5","5","0.5","5","20","9","1.5","39","7.841444492340088","0.298","0.645"
"cifar10","20","2","mixed_maturity","rffl_reputation","dirichlet_lcb","diverse_then_repeat_backdoor","0.5","8","2","5","5","0.5","5","20","9","1.5","40","6.933988094329834","0.3225","0.6594444444444445"
"cifar10","20","2","mixed_maturity","rffl_reputation","dirichlet_lcb","diverse_then_repeat_backdoor","0.5","8","2","5","5","0.5","5","20","9","1.5","41","5.635114669799805","0.37","0.47888888888888886"
"cifar10","20","2","mixed_maturity","rffl_reputation","dirichlet_lcb","diverse_then_repeat_backdoor","0.5","8","2","5","5","0.5","5","20","9","1.5","42","6.292295932769775","0.341","0.5155555555555555"
"cifar10","20","2","mixed_maturity","rffl_reputation","dirichlet_lcb","diverse_then_repeat_backdoor","0.5","8","2","5","5","0.5","5","20","9","1.5","43","6.175059795379639","0.338","0.46166666666666667"
"cifar10","20","2","mixed_maturity","rffl_reputation","dirichlet_lcb","diverse_then_repeat_backdoor","0.5","8","2","5","5","0.5","5","20","9","1.5","44","6.871221542358398","0.335","0.48944444444444446"
"cifar10","20","2","mixed_maturity","rffl_reputation","dirichlet_lcb","diverse_then_repeat_backdoor","0.5","8","2","5","5","0.5","5","20","9","1.5","45","6.276489734649658","0.3395","0.7"
"cifar10","20","2","mixed_maturity","rffl_reputation","dirichlet_lcb","diverse_then_repeat_backdoor","0.5","8","2","5","5","0.5","5","20","9","1.5","46","5.831507682800293","0.3295","0.3844444444444444"
"cifar10","20","2","mixed_maturity","rffl_reputation","dirichlet_lcb","diverse_then_repeat_backdoor","0.5","8","2","5","5","0.5","5","20","9","1.5","47","6.963078022003174","0.3225","0.6783333333333333"
"cifar10","20","2","mixed_maturity","rffl_reputation","dirichlet_lcb","diverse_then_repeat_backdoor","0.5","8","2","5","5","0.5","5","20","9","1.5","48","6.489774227142334","0.3145","0.48333333333333334"
"cifar10","20","2","mixed_maturity","rffl_reputation","dirichlet_lcb","diverse_then_repeat_backdoor","0.5","8","2","5","5","0.5","5","20","9","1.5","49","6.37552547454834","0.3405","0.41944444444444445"
"cifar10","20","2","mixed_maturity","rffl_reputation","dirichlet_lcb","diverse_then_repeat_backdoor","0.5","8","2","5","5","0.5","5","20","9","1.5","50","6.643270015716553","0.354","0.39555555555555555"
"cifar10","20","2","mixed_maturity","rffl_reputation","dirichlet_lcb","diverse_then_repeat_backdoor","0.5","9","2","5","5","0.5","5","20","9","1.5","1","11.770718574523926","0.1115","0.0"
"cifar10","20","2","mixed_maturity","rffl_reputation","dirichlet_lcb","diverse_then_repeat_backdoor","0.5","9","2","5","5","0.5","5","20","9","1.5","2","9.007726669311523","0.19","0.6633333333333333"
"cifar10","20","2","mixed_maturity","rffl_reputation","dirichlet_lcb","diverse_then_repeat_backdoor","0.5","9","2","5","5","0.5","5","20","9","1.5","3","8.113547325134277","0.1975","0.0"
"cifar10","20","2","mixed_maturity","rffl_reputation","dirichlet_lcb","diverse_then_repeat_backdoor","0.5","9","2","5","5","0.5","5","20","9","1.5","4","8.303675651550293","0.2665","0.04666666666666667"
"cifar10","20","2","mixed_maturity","rffl_reputation","dirichlet_lcb","diverse_then_repeat_backdoor","0.5","9","2","5","5","0.5","5","20","9","1.5","5","6.899425029754639","0.2495","0.21555555555555556"
"cifar10","20","2","mixed_maturity","rffl_reputation","dirichlet_lcb","diverse_then_repeat_backdoor","0.5","9","2","5","5","0.5","5","20","9","1.5","6","6.553837776184082","0.2795","0.2738888888888889"
"cifar10","20","2","mixed_maturity","rffl_reputation","dirichlet_lcb","diverse_then_repeat_backdoor","0.5","9","2","5","5","0.5","5","20","9","1.5","7","5.649650573730469","0.313","0.06722222222222222"
"cifar10","20","2","mixed_maturity","rffl_reputation","dirichlet_lcb","diverse_then_repeat_backdoor","0.5","9","2","5","5","0.5","5","20","9","1.5","8","6.047767162322998","0.3","0.28833333333333333"
"cifar10","20","2","mixed_maturity","rffl_reputation","dirichlet_lcb","diverse_then_repeat_backdoor","0.5","9","2","5","5","0.5","5","20","9","1.5","9","5.84103536605835","0.311","0.075"
"cifar10","20","2","mixed_maturity","rffl_reputation","dirichlet_lcb","diverse_then_repeat_backdoor","0.5","9","2","5","5","0.5","5","20","9","1.5","10","7.206993103027344","0.275","0.48833333333333334"
"cifar10","20","2","mixed_maturity","rffl_reputation","dirichlet_lcb","diverse_then_repeat_backdoor","0.5","9","2","5","5","0.5","5","20","9","1.5","11","6.659520626068115","0.3185","0.028333333333333332"
"cifar10","20","2","mixed_maturity","rffl_reputation","dirichlet_lcb","diverse_then_repeat_backdoor","0.5","9","2","5","5","0.5","5","20","9","1.5","12","6.107853889465332","0.3345","0.155"
"cifar10","20","2","mixed_maturity","rffl_reputation","dirichlet_lcb","diverse_then_repeat_backdoor","0.5","9","2","5","5","0.5","5","20","9","1.5","13","7.415858268737793","0.2985","0.40555555555555556"
"cifar10","20","2","mixed_maturity","rffl_reputation","dirichlet_lcb","diverse_then_repeat_backdoor","0.5","9","2","5","5","0.5","5","20","9","1.5","14","6.89717960357666","0.316","0.029444444444444443"
"cifar10","20","2","mixed_maturity","rffl_reputation","dirichlet_lcb","diverse_then_repeat_backdoor","0.5","9","2","5","5","0.5","5","20","9","1.5","15","7.549299716949463","0.2775","0.4722222222222222"
"cifar10","20","2","mixed_maturity","rffl_reputation","dirichlet_lcb","diverse_then_repeat_backdoor","0.5","9","2","5","5","0.5","5","20","9","1.5","16","6.554964542388916","0.325","0.002777777777777778"
"cifar10","20","2","mixed_maturity","rffl_reputation","dirichlet_lcb","diverse_then_repeat_backdoor","0.5","9","2","5","5","0.5","5","20","9","1.5","17","6.520649433135986","0.32","0.23"
"cifar10","20","2","mixed_maturity","rffl_reputation","dirichlet_lcb","diverse_then_repeat_backdoor","0.5","9","2","5","5","0.5","5","20","9","1.5","18","7.0740838050842285","0.309","0.275"
"cifar10","20","2","mixed_maturity","rffl_reputation","dirichlet_lcb","diverse_then_repeat_backdoor","0.5","9","2","5","5","0.5","5","20","9","1.5","19","6.776619911193848","0.316","0.26222222222222225"
"cifar10","20","2","mixed_maturity","rffl_reputation","dirichlet_lcb","diverse_then_repeat_backdoor","0.5","9","2","5","5","0.5","5","20","9","1.5","20","7.4294023513793945","0.3055","0.07"
"cifar10","20","2","mixed_maturity","rffl_reputation","dirichlet_lcb","diverse_then_repeat_backdoor","0.5","9","2","5","5","0.5","5","20","9","1.5","21","7.858548641204834","0.285","0.2788888888888889"
"cifar10","20","2","mixed_maturity","rffl_reputation","dirichlet_lcb","diverse_then_repeat_backdoor","0.5","9","2","5","5","0.5","5","20","9","1.5","22","6.726720809936523","0.31","0.39944444444444444"
"cifar10","20","2","mixed_maturity","rffl_reputation","dirichlet_lcb","diverse_then_repeat_backdoor","0.5","9","2","5","5","0.5","5","20","9","1.5","23","7.876623153686523","0.3135","0.4588888888888889"
"cifar10","20","2","mixed_maturity","rffl_reputation","dirichlet_lcb","diverse_then_repeat_backdoor","0.5","9","2","5","5","0.5","5","20","9","1.5","24","6.302936553955078","0.3315","0.12444444444444444"
"cifar10","20","2","mixed_maturity","rffl_reputation","dirichlet_lcb","diverse_then_repeat_backdoor","0.5","9","2","5","5","0.5","5","20","9","1.5","25","7.671471118927002","0.3265","0.44666666666666666"
"cifar10","20","2","mixed_maturity","rffl_reputation","dirichlet_lcb","diverse_then_repeat_backdoor","0.5","9","2","5","5","0.5","5","20","9","1.5","26","8.285566329956055","0.3065","0.034444444444444444"
"cifar10","20","2","mixed_maturity","rffl_reputation","dirichlet_lcb","diverse_then_repeat_backdoor","0.5","9","2","5","5","0.5","5","20","9","1.5","27","6.45552921295166","0.3385","0.2772222222222222"
"cifar10","20","2","mixed_maturity","rffl_reputation","dirichlet_lcb","diverse_then_repeat_backdoor","0.5","9","2","5","5","0.5","5","20","9","1.5","28","6.497320175170898","0.336","0.3338888888888889"
"cifar10","20","2","mixed_maturity","rffl_reputation","dirichlet_lcb","diverse_then_repeat_backdoor","0.5","9","2","5","5","0.5","5","20","9","1.5","29","7.004873275756836","0.305","0.4072222222222222"
"cifar10","20","2","mixed_maturity","rffl_reputation","dirichlet_lcb","diverse_then_repeat_backdoor","0.5","9","2","5","5","0.5","5","20","9","1.5","30","5.995755672454834","0.365","0.25166666666666665"
"cifar10","20","2","mixed_maturity","rffl_reputation","dirichlet_lcb","diverse_then_repeat_backdoor","0.5","9","2","5","5","0.5","5","20","9","1.5","31","6.4217209815979","0.331","0.48833333333333334"
"cifar10","20","2","mixed_maturity","rffl_reputation","dirichlet_lcb","diverse_then_repeat_backdoor","0.5","9","2","5","5","0.5","5","20","9","1.5","32","6.820463180541992","0.316","0.17"
"cifar10","20","2","mixed_maturity","rffl_reputation","dirichlet_lcb","diverse_then_repeat_backdoor","0.5","9","2","5","5","0.5","5","20","9","1.5","33","6.290682315826416","0.346","0.21666666666666667"
"cifar10","20","2","mixed_maturity","rffl_reputation","dirichlet_lcb","diverse_then_repeat_backdoor","0.5","9","2","5","5","0.5","5","20","9","1.5","34","6.328092098236084","0.3425","0.3233333333333333"
"cifar10","20","2","mixed_maturity","rffl_reputation","dirichlet_lcb","diverse_then_repeat_backdoor","0.5","9","2","5","5","0.5","5","20","9","1.5","35","6.297059059143066","0.352","0.18833333333333332"
"cifar10","20","2","mixed_maturity","rffl_reputation","dirichlet_lcb","diverse_then_repeat_backdoor","0.5","9","2","5","5","0.5","5","20","9","1.5","36","6.422091007232666","0.3255","0.31"
"cifar10","20","2","mixed_maturity","rffl_reputation","dirichlet_lcb","diverse_then_repeat_backdoor","0.5","9","2","5","5","0.5","5","20","9","1.5","37","6.355741024017334","0.342","0.4666666666666667"
"cifar10","20","2","mixed_maturity","rffl_reputation","dirichlet_lcb","diverse_then_repeat_backdoor","0.5","9","2","5","5","0.5","5","20","9","1.5","38","6.584399700164795","0.3445","0.3244444444444444"
"cifar10","20","2","mixed_maturity","rffl_reputation","dirichlet_lcb","diverse_then_repeat_backdoor","0.5","9","2","5","5","0.5","5","20","9","1.5","39","7.821765422821045","0.295","0.46444444444444444"
"cifar10","20","2","mixed_maturity","rffl_reputation","dirichlet_lcb","diverse_then_repeat_backdoor","0.5","9","2","5","5","0.5","5","20","9","1.5","40","5.790782451629639","0.3625","0.4955555555555556"
"cifar10","20","2","mixed_maturity","rffl_reputation","dirichlet_lcb","diverse_then_repeat_backdoor","0.5","9","2","5","5","0.5","5","20","9","1.5","41","6.019931316375732","0.3435","0.5561111111111111"
"cifar10","20","2","mixed_maturity","rffl_reputation","dirichlet_lcb","diverse_then_repeat_backdoor","0.5","9","2","5","5","0.5","5","20","9","1.5","42","7.297064781188965","0.3325","0.20277777777777778"
"cifar10","20","2","mixed_maturity","rffl_reputation","dirichlet_lcb","diverse_then_repeat_backdoor","0.5","9","2","5","5","0.5","5","20","9","1.5","43","5.98274040222168","0.3615","0.4627777777777778"
"cifar10","20","2","mixed_maturity","rffl_reputation","dirichlet_lcb","diverse_then_repeat_backdoor","0.5","9","2","5","5","0.5","5","20","9","1.5","44","6.4661478996276855","0.336","0.6005555555555555"
"cifar10","20","2","mixed_maturity","rffl_reputation","dirichlet_lcb","diverse_then_repeat_backdoor","0.5","9","2","5","5","0.5","5","20","9","1.5","45","6.671768665313721","0.35","0.5038888888888889"
"cifar10","20","2","mixed_maturity","rffl_reputation","dirichlet_lcb","diverse_then_repeat_backdoor","0.5","9","2","5","5","0.5","5","20","9","1.5","46","7.3327178955078125","0.3095","0.6277777777777778"
"cifar10","20","2","mixed_maturity","rffl_reputation","dirichlet_lcb","diverse_then_repeat_backdoor","0.5","9","2","5","5","0.5","5","20","9","1.5","47","5.812381744384766","0.3655","0.5444444444444444"
"cifar10","20","2","mixed_maturity","rffl_reputation","dirichlet_lcb","diverse_then_repeat_backdoor","0.5","9","2","5","5","0.5","5","20","9","1.5","48","6.073302268981934","0.352","0.5044444444444445"
"cifar10","20","2","mixed_maturity","rffl_reputation","dirichlet_lcb","diverse_then_repeat_backdoor","0.5","9","2","5","5","0.5","5","20","9","1.5","49","6.947073936462402","0.3275","0.32222222222222224"
"cifar10","20","2","mixed_maturity","rffl_reputation","dirichlet_lcb","diverse_then_repeat_backdoor","0.5","9","2","5","5","0.5","5","20","9","1.5","50","5.734060764312744","0.3555","0.3844444444444444"
"cifar10","20","2","mixed_maturity","rffl_reputation","dirichlet_lcb","benign_concept_drift","0.5","5","2","5","5","0.5","5","20","9","1.5","1","7.053562164306641","0.18","0.5716666666666667"
"cifar10","20","2","mixed_maturity","rffl_reputation","dirichlet_lcb","benign_concept_drift","0.5","5","2","5","5","0.5","5","20","9","1.5","2","5.671979904174805","0.2365","0.058333333333333334"
"cifar10","20","2","mixed_maturity","rffl_reputation","dirichlet_lcb","benign_concept_drift","0.5","5","2","5","5","0.5","5","20","9","1.5","3","9.2570219039917","0.1865","0.005"
"cifar10","20","2","mixed_maturity","rffl_reputation","dirichlet_lcb","benign_concept_drift","0.5","5","2","5","5","0.5","5","20","9","1.5","4","6.744688510894775","0.2875","0.057777777777777775"
"cifar10","20","2","mixed_maturity","rffl_reputation","dirichlet_lcb","benign_concept_drift","0.5","5","2","5","5","0.5","5","20","9","1.5","5","7.797425746917725","0.251","0.16277777777777777"
"cifar10","20","2","mixed_maturity","rffl_reputation","dirichlet_lcb","benign_concept_drift","0.5","5","2","5","5","0.5","5","20","9","1.5","6","6.049067497253418","0.2915","0.2477777777777778"
"cifar10","20","2","mixed_maturity","rffl_reputation","dirichlet_lcb","benign_concept_drift","0.5","5","2","5","5","0.5","5","20","9","1.5","7","7.648131847381592","0.279","0.03944444444444444"
"cifar10","20","2","mixed_maturity","rffl_reputation","dirichlet_lcb","benign_concept_drift","0.5","5","2","5","5","0.5","5","20","9","1.5","8","6.703894138336182","0.2845","0.1461111111111111"
"cifar10","20","2","mixed_maturity","rffl_reputation","dirichlet_lcb","benign_concept_drift","0.5","5","2","5","5","0.5","5","20","9","1.5","9","6.283626079559326","0.273","0.29833333333333334"
"cifar10","20","2","mixed_maturity","rffl_reputation","dirichlet_lcb","benign_concept_drift","0.5","5","2","5","5","0.5","5","20","9","1.5","10","5.855861663818359","0.321","0.02666666666666667"
"cifar10","20","2","mixed_maturity","rffl_reputation","dirichlet_lcb","benign_concept_drift","0.5","5","2","5","5","0.5","5","20","9","1.5","11","6.647791862487793","0.308","0.12222222222222222"
"cifar10","20","2","mixed_maturity","rffl_reputation","dirichlet_lcb","benign_concept_drift","0.5","5","2","5","5","0.5","5","20","9","1.5","12","7.917788028717041","0.293","0.29444444444444445"
"cifar10","20","2","mixed_maturity","rffl_reputation","dirichlet_lcb","benign_concept_drift","0.5","5","2","5","5","0.5","5","20","9","1.5","13","5.928328990936279","0.331","0.07388888888888889"
"cifar10","20","2","mixed_maturity","rffl_reputation","dirichlet_lcb","benign_concept_drift","0.5","5","2","5","5","0.5","5","20","9","1.5","14","6.902071475982666","0.319","0.035"
"cifar10","20","2","mixed_maturity","rffl_reputation","dirichlet_lcb","benign_concept_drift","0.5","5","2","5","5","0.5","5","20","9","1.5","15","7.789930820465088","0.2985","0.2538888888888889"
"cifar10","20","2","mixed_maturity","rffl_reputation","dirichlet_lcb","benign_concept_drift","0.5","5","2","5","5","0.5","5","20","9","1.5","16","8.094056129455566","0.288","0.24055555555555555"
"cifar10","20","2","mixed_maturity","rffl_reputation","dirichlet_lcb","benign_concept_drift","0.5","5","2","5","5","0.5","5","20","9","1.5","17","7.776144504547119","0.2905","0.002777777777777778"
"cifar10","20","2","mixed_maturity","rffl_reputation","dirichlet_lcb","benign_concept_drift","0.5","5","2","5","5","0.5","5","20","9","1.5","18","6.615858554840088","0.3125","0.18777777777777777"
"cifar10","20","2","mixed_maturity","rffl_reputation","dirichlet_lcb","benign_concept_drift","0.5","5","2","5","5","0.5","5","20","9","1.5","19","6.871128082275391","0.312","0.07833333333333334"
"cifar10","20","2","mixed_maturity","rffl_reputation","dirichlet_lcb","benign_concept_drift","0.5","5","2","5","5","0.5","5","20","9","1.5","20","6.883588790893555","0.3135","0.03"
"cifar10","20","2","mixed_maturity","rffl_reputation","dirichlet_lcb","benign_concept_drift","0.5","5","2","5","5","0.5","5","20","9","1.5","21","6.737967014312744","0.3075","0.1111111111111111"
"cifar10","20","2","mixed_maturity","rffl_reputation","dirichlet_lcb","benign_concept_drift","0.5","5","2","5","5","0.5","5","20","9","1.5","22","7.358096599578857","0.318","0.20833333333333334"
"cifar10","20","2","mixed_maturity","rffl_reputation","dirichlet_lcb","benign_concept_drift","0.5","5","2","5","5","0.5","5","20","9","1.5","23","6.953110694885254","0.315","0.013888888888888888"
"cifar10","20","2","mixed_maturity","rffl_reputation","dirichlet_lcb","benign_concept_drift","0.5","5","2","5","5","0.5","5","20","9","1.5","24","5.891147613525391","0.3545","0.02"
"cifar10","20","2","mixed_maturity","rffl_reputation","dirichlet_lcb","benign_concept_drift","0.5","5","2","5","5","0.5","5","20","9","1.5","25","6.6496357917785645","0.312","0.08166666666666667"
"cifar10","20","2","mixed_maturity","rffl_reputation","dirichlet_lcb","benign_concept_drift","0.5","5","2","5","5","0.5","5","20","9","1.5","26","7.085700988769531","0.329","0.16277777777777777"
"cifar10","20","2","mixed_maturity","rffl_reputation","dirichlet_lcb","benign_concept_drift","0.5","5","2","5","5","0.5","5","20","9","1.5","27","6.269782066345215","0.352","0.04888888888888889"
"cifar10","20","2","mixed_maturity","rffl_reputation","dirichlet_lcb","benign_concept_drift","0.5","5","2","5","5","0.5","5","20","9","1.5","28","7.2377610206604","0.298","0.06444444444444444"
"cifar10","20","2","mixed_maturity","rffl_reputation","dirichlet_lcb","benign_concept_drift","0.5","5","2","5","5","0.5","5","20","9","1.5","29","6.641842842102051","0.322","0.18944444444444444"
"cifar10","20","2","mixed_maturity","rffl_reputation","dirichlet_lcb","benign_concept_drift","0.5","5","2","5","5","0.5","5","20","9","1.5","30","6.18195104598999","0.3465","0.015"
"cifar10","20","2","mixed_maturity","rffl_reputation","dirichlet_lcb","benign_concept_drift","0.5","5","2","5","5","0.5","5","20","9","1.5","31","7.621824264526367","0.315","0.16944444444444445"
"cifar10","20","2","mixed_maturity","rffl_reputation","dirichlet_lcb","benign_concept_drift","0.5","5","2","5","5","0.5","5","20","9","1.5","32","7.41499137878418","0.3135","0.1661111111111111"
"cifar10","20","2","mixed_maturity","rffl_reputation","dirichlet_lcb","benign_concept_drift","0.5","5","2","5","5","0.5","5","20","9","1.5","33","6.2564802169799805","0.357","0.14"
"cifar10","20","2","mixed_maturity","rffl_reputation","dirichlet_lcb","benign_concept_drift","0.5","5","2","5","5","0.5","5","20","9","1.5","34","6.2811198234558105","0.351","0.09833333333333333"
"cifar10","20","2","mixed_maturity","rffl_reputation","dirichlet_lcb","benign_concept_drift","0.5","5","2","5","5","0.5","5","20","9","1.5","35","6.409912109375","0.3375","0.1438888888888889"
"cifar10","20","2","mixed_maturity","rffl_reputation","dirichlet_lcb","benign_concept_drift","0.5","5","2","5","5","0.5","5","20","9","1.5","36","6.456701278686523","0.3195","0.165"
"cifar10","20","2","mixed_maturity","rffl_reputation","dirichlet_lcb","benign_concept_drift","0.5","5","2","5","5","0.5","5","20","9","1.5","37","6.09967565536499","0.352","0.1272222222222222"
"cifar10","20","2","mixed_maturity","rffl_reputation","dirichlet_lcb","benign_concept_drift","0.5","5","2","5","5","0.5","5","20","9","1.5","38","6.643421173095703","0.335","0.08277777777777778"
"cifar10","20","2","mixed_maturity","rffl_reputation","dirichlet_lcb","benign_concept_drift","0.5","5","2","5","5","0.5","5","20","9","1.5","39","7.420907020568848","0.3075","0.28944444444444445"
"cifar10","20","2","mixed_maturity","rffl_reputation","dirichlet_lcb","benign_concept_drift","0.5","5","2","5","5","0.5","5","20","9","1.5","40","6.283206939697266","0.3455","0.13722222222222222"
"cifar10","20","2","mixed_maturity","rffl_reputation","dirichlet_lcb","benign_concept_drift","0.5","5","2","5","5","0.5","5","20","9","1.5","41","6.213844299316406","0.3515","0.057777777777777775"
"cifar10","20","2","mixed_maturity","rffl_reputation","dirichlet_lcb","benign_concept_drift","0.5","5","2","5","5","0.5","5","20","9","1.5","42","6.4103312492370605","0.3505","0.12555555555555556"
"cifar10","20","2","mixed_maturity","rffl_reputation","dirichlet_lcb","benign_concept_drift","0.5","5","2","5","5","0.5","5","20","9","1.5","43","7.160449028015137","0.32","0.22444444444444445"
"cifar10","20","2","mixed_maturity","rffl_reputation","dirichlet_lcb","benign_concept_drift","0.5","5","2","5","5","0.5","5","20","9","1.5","44","6.716882228851318","0.345","0.10944444444444444"
"cifar10","20","2","mixed_maturity","rffl_reputation","dirichlet_lcb","benign_concept_drift","0.5","5","2","5","5","0.5","5","20","9","1.5","45","7.775009632110596","0.2915","0.28"
"cifar10","20","2","mixed_maturity","rffl_reputation","dirichlet_lcb","benign_concept_drift","0.5","5","2","5","5","0.5","5","20","9","1.5","46","7.4869561195373535","0.32","0.175"
"cifar10","20","2","mixed_maturity","rffl_reputation","dirichlet_lcb","benign_concept_drift","0.5","5","2","5","5","0.5","5","20","9","1.5","47","6.1309123039245605","0.3555","0.058333333333333334"
"cifar10","20","2","mixed_maturity","rffl_reputation","dirichlet_lcb","benign_concept_drift","0.5","5","2","5","5","0.5","5","20","9","1.5","48","8.531586647033691","0.301","0.3277777777777778"
"cifar10","20","2","mixed_maturity","rffl_reputation","dirichlet_lcb","benign_concept_drift","0.5","5","2","5","5","0.5","5","20","9","1.5","49","6.220598220825195","0.3505","0.045"
"cifar10","20","2","mixed_maturity","rffl_reputation","dirichlet_lcb","benign_concept_drift","0.5","5","2","5","5","0.5","5","20","9","1.5","50","8.329087257385254","0.308","0.06944444444444445"
"cifar10","20","2","mixed_maturity","rffl_reputation","dirichlet_lcb","benign_concept_drift","0.5","6","2","5","5","0.5","5","20","9","1.5","1","15.451809883117676","0.107","0.96"
"cifar10","20","2","mixed_maturity","rffl_reputation","dirichlet_lcb","benign_concept_drift","0.5","6","2","5","5","0.5","5","20","9","1.5","2","10.461474418640137","0.15","0.0"
"cifar10","20","2","mixed_maturity","rffl_reputation","dirichlet_lcb","benign_concept_drift","0.5","6","2","5","5","0.5","5","20","9","1.5","3","7.811062812805176","0.204","0.04888888888888889"
"cifar10","20","2","mixed_maturity","rffl_reputation","dirichlet_lcb","benign_concept_drift","0.5","6","2","5","5","0.5","5","20","9","1.5","4","8.60450267791748","0.2205","0.051111111111111114"
"cifar10","20","2","mixed_maturity","rffl_reputation","dirichlet_lcb","benign_concept_drift","0.5","6","2","5","5","0.5","5","20","9","1.5","5","9.25928783416748","0.2355","0.016666666666666666"
"cifar10","20","2","mixed_maturity","rffl_reputation","dirichlet_lcb","benign_concept_drift","0.5","6","2","5","5","0.5","5","20","9","1.5","6","6.750093936920166","0.272","0.0044444444444444444"
"cifar10","20","2","mixed_maturity","rffl_reputation","dirichlet_lcb","benign_concept_drift","0.5","6","2","5","5","0.5","5","20","9","1.5","7","7.307126998901367","0.286","0.10277777777777777"
"cifar10","20","2","mixed_maturity","rffl_reputation","dirichlet_lcb","benign_concept_drift","0.5","6","2","5","5","0.5","5","20","9","1.5","8","8.951119422912598","0.256","0.042777777777777776"
"cifar10","20","2","mixed_maturity","rffl_reputation","dirichlet_lcb","benign_concept_drift","0.5","6","2","5","5","0.5","5","20","9","1.5","9","6.330894470214844","0.2895","0.014444444444444444"
"cifar10","20","2","mixed_maturity","rffl_reputation","dirichlet_lcb","benign_concept_drift","0.5","6","2","5","5","0.5","5","20","9","1.5","10","5.869105339050293","0.2985","0.11666666666666667"
"cifar10","20","2","mixed_maturity","rffl_reputation","dirichlet_lcb","benign_concept_drift","0.5","6","2","5","5","0.5","5","20","9","1.5","11","6.5667572021484375","0.284","0.011666666666666667"
"cifar10","20","2","mixed_maturity","rffl_reputation","dirichlet_lcb","benign_concept_drift","0.5","6","2","5","5","0.5","5","20","9","1.5","12","6.6961445808410645","0.298","0.013333333333333334"
"cifar10","20","2","mixed_maturity","rffl_reputation","dirichlet_lcb","benign_concept_drift","0.5","6","2","5","5","0.5","5","20","9","1.5","13","6.678555965423584","0.298","0.043333333333333335"
"cifar10","20","2","mixed_maturity","rffl_reputation","dirichlet_lcb","benign_concept_drift","0.5","6","2","5","5","0.5","5","20","9","1.5","14","6.2175984382629395","0.3195","0.04388888888888889"
"cifar10","20","2","mixed_maturity","rffl_reputation","dirichlet_lcb","benign_concept_drift","0.5","6","2","5","5","0.5","5","20","9","1.5","15","6.888335704803467","0.3055","0.023333333333333334"
"cifar10","20","2","mixed_maturity","rffl_reputation","dirichlet_lcb","benign_concept_drift","0.5","6","2","5","5","0.5","5","20","9","1.5","16","6.998541831970215","0.3265","0.09888888888888889"
"cifar10","20","2","mixed_maturity","rffl_reputation","dirichlet_lcb","benign_concept_drift","0.5","6","2","5","5","0.5","5","20","9","1.5","17","6.118661403656006","0.3425","0.06333333333333334"
"cifar10","20","2","mixed_maturity","rffl_reputation","dirichlet_lcb","benign_concept_drift","0.5","6","2","5","5","0.5","5","20","9","1.5","18","6.877823352813721","0.326","0.03222222222222222"
"cifar10","20","2","mixed_maturity","rffl_reputation","dirichlet_lcb","benign_concept_drift","0.5","6","2","5","5","0.5","5","20","9","1.5","19","6.587411880493164","0.313","0.012222222222222223"
"cifar10","20","2","mixed_maturity","rffl_reputation","dirichlet_lcb","benign_concept_drift","0.5","6","2","5","5","0.5","5","20","9","1.5","20","6.325616359710693","0.3305","0.17222222222222222"
"cifar10","20","2","mixed_maturity","rffl_reputation","dirichlet_lcb","benign_concept_drift","0.5","6","2","5","5","0.5","5","20","9","1.5","21","6.894023418426514","0.318","0.03"
"cifar10","20","2","mixed_maturity","rffl_reputation","dirichlet_lcb","benign_concept_drift","0.5","6","2","5","5","0.5","5","20","9","1.5","22","6.582831859588623","0.3225","0.02722222222222222"
"cifar10","20","2","mixed_maturity","rffl_reputation","dirichlet_lcb","benign_concept_drift","0.5","6","2","5","5","0.5","5","20","9","1.5","23","6.241980075836182","0.3325","0.065"
"cifar10","20","2","mixed_maturity","rffl_reputation","dirichlet_lcb","benign_concept_drift","0.5","6","2","5","5","0.5","5","20","9","1.5","24","5.702227592468262","0.3585","0.035555555555555556"
"cifar10","20","2","mixed_maturity","rffl_reputation","dirichlet_lcb","benign_concept_drift","0.5","6","2","5","5","0.5","5","20","9","1.5","25","7.161382675170898","0.323","0.029444444444444443"
"cifar10","20","2","mixed_maturity","rffl_reputation","dirichlet_lcb","benign_concept_drift","0.5","6","2","5","5","0.5","5","20","9","1.5","26","6.659243106842041","0.3155","0.19333333333333333"
"cifar10","20","2","mixed_maturity","rffl_reputation","dirichlet_lcb","benign_concept_drift","0.5","6","2","5","5","0.5","5","20","9","1.5","27","5.893979549407959","0.3505","0.03611111111111111"
"cifar10","20","2","mixed_maturity","rffl_reputation","dirichlet_lcb","benign_concept_drift","0.5","6","2","5","5","0.5","5","20","9","1.5","28","6.507208824157715","0.327","0.019444444444444445"
"cifar10","20","2","mixed_maturity","rffl_reputation","dirichlet_lcb","benign_concept_drift","0.5","6","2","5","5","0.5","5","20","9","1.5","29","7.314326286315918","0.321","0.035555555555555556"
"cifar10","20","2","mixed_maturity","rffl_reputation","dirichlet_lcb","benign_concept_drift","0.5","6","2","5","5","0.5","5","20","9","1.5","30","6.468832969665527","0.338","0.030555555555555555"
"cifar10","20","2","mixed_maturity","rffl_reputation","dirichlet_lcb","benign_concept_drift","0.5","6","2","5","5","0.5","5","20","9","1.5","31","7.088802814483643","0.343","0.10722222222222222"
"cifar10","20","2","mixed_maturity","rffl_reputation","dirichlet_lcb","benign_concept_drift","0.5","6","2","5","5","0.5","5","20","9","1.5","32","6.059160232543945","0.3555","0.04388888888888889"
"cifar10","20","2","mixed_maturity","rffl_reputation","dirichlet_lcb","benign_concept_drift","0.5","6","2","5","5","0.5","5","20","9","1.5","33","6.730645656585693","0.3325","0.015555555555555555"
"cifar10","20","2","mixed_maturity","rffl_reputation","dirichlet_lcb","benign_concept_drift","0.5","6","2","5","5","0.5","5","20","9","1.5","34","6.562416076660156","0.3445","0.042222222222222223"
"cifar10","20","2","mixed_maturity","rffl_reputation","dirichlet_lcb","benign_concept_drift","0.5","6","2","5","5","0.5","5","20","9","1.5","35","6.477577209472656","0.3495","0.09277777777777778"
"cifar10","20","2","mixed_maturity","rffl_reputation","dirichlet_lcb","benign_concept_drift","0.5","6","2","5","5","0.5","5","20","9","1.5","36","6.117793560028076","0.3355","0.023333333333333334"
"cifar10","20","2","mixed_maturity","rffl_reputation","dirichlet_lcb","benign_concept_drift","0.5","6","2","5","5","0.5","5","20","9","1.5","37","6.374347686767578","0.342","0.13333333333333333"
"cifar10","20","2","mixed_maturity","rffl_reputation","dirichlet_lcb","benign_concept_drift","0.5","6","2","5","5","0.5","5","20","9","1.5","38","6.797352313995361","0.334","0.05611111111111111"
"cifar10","20","2","mixed_maturity","rffl_reputation","dirichlet_lcb","benign_concept_drift","0.5","6","2","5","5","0.5","5","20","9","1.5","39","6.427236557006836","0.349","0.03"
"cifar10","20","2","mixed_maturity","rffl_reputation","dirichlet_lcb","benign_concept_drift","0.5","6","2","5","5","0.5","5","20","9","1.5","40","6.3824992179870605","0.341","0.049444444444444444"
"cifar10","20","2","mixed_maturity","rffl_reputation","dirichlet_lcb","benign_concept_drift","0.5","6","2","5","5","0.5","5","20","9","1.5","41","6.788946628570557","0.3305","0.08722222222222223"
"cifar10","20","2","mixed_maturity","rffl_reputation","dirichlet_lcb","benign_concept_drift","0.5","6","2","5","5","0.5","5","20","9","1.5","42","6.062420845031738","0.358","0.015"
"cifar10","20","2","mixed_maturity","rffl_reputation","dirichlet_lcb","benign_concept_drift","0.5","6","2","5","5","0.5","5","20","9","1.5","43","7.093995094299316","0.3385","0.01"
"cifar10","20","2","mixed_maturity","rffl_reputation","dirichlet_lcb","benign_concept_drift","0.5","6","2","5","5","0.5","5","20","9","1.5","44","6.565061569213867","0.365","0.04833333333333333"
"cifar10","20","2","mixed_maturity","rffl_reputation","dirichlet_lcb","benign_concept_drift","0.5","6","2","5","5","0.5","5","20","9","1.5","45","6.710363388061523","0.338","0.024444444444444446"
"cifar10","20","2","mixed_maturity","rffl_reputation","dirichlet_lcb","benign_concept_drift","0.5","6","2","5","5","0.5","5","20","9","1.5","46","7.888385772705078","0.332","0.018333333333333333"
"cifar10","20","2","mixed_maturity","rffl_reputation","dirichlet_lcb","benign_concept_drift","0.5","6","2","5","5","0.5","5","20","9","1.5","47","7.033295631408691","0.3405","0.017222222222222222"
"cifar10","20","2","mixed_maturity","rffl_reputation","dirichlet_lcb","benign_concept_drift","0.5","6","2","5","5","0.5","5","20","9","1.5","48","7.367228031158447","0.326","0.041666666666666664"
"cifar10","20","2","mixed_maturity","rffl_reputation","dirichlet_lcb","benign_concept_drift","0.5","6","2","5","5","0.5","5","20","9","1.5","49","6.224886894226074","0.3625","0.1988888888888889"
"cifar10","20","2","mixed_maturity","rffl_reputation","dirichlet_lcb","benign_concept_drift","0.5","6","2","5","5","0.5","5","20","9","1.5","50","6.034745216369629","0.3755","0.065"
"cifar10","20","2","mixed_maturity","rffl_reputation","dirichlet_lcb","benign_concept_drift","0.5","7","2","5","5","0.5","5","20","9","1.5","1","8.30494499206543","0.164","0.0"
"cifar10","20","2","mixed_maturity","rffl_reputation","dirichlet_lcb","benign_concept_drift","0.5","7","2","5","5","0.5","5","20","9","1.5","2","8.191448211669922","0.178","0.010555555555555556"
"cifar10","20","2","mixed_maturity","rffl_reputation","dirichlet_lcb","benign_concept_drift","0.5","7","2","5","5","0.5","5","20","9","1.5","3","8.141518592834473","0.223","0.0011111111111111111"
"cifar10","20","2","mixed_maturity","rffl_reputation","dirichlet_lcb","benign_concept_drift","0.5","7","2","5","5","0.5","5","20","9","1.5","4","8.219335556030273","0.2635","0.0044444444444444444"
"cifar10","20","2","mixed_maturity","rffl_reputation","dirichlet_lcb","benign_concept_drift","0.5","7","2","5","5","0.5","5","20","9","1.5","5","7.499366283416748","0.267","0.22611111111111112"
"cifar10","20","2","mixed_maturity","rffl_reputation","dirichlet_lcb","benign_concept_drift","0.5","7","2","5","5","0.5","5","20","9","1.5","6","7.179330825805664","0.2975","0.07833333333333334"
"cifar10","20","2","mixed_maturity","rffl_reputation","dirichlet_lcb","benign_concept_drift","0.5","7","2","5","5","0.5","5","20","9","1.5","7","5.9263691902160645","0.3075","0.07888888888888888"
"cifar10","20","2","mixed_maturity","rffl_reputation","dirichlet_lcb","benign_concept_drift","0.5","7","2","5","5","0.5","5","20","9","1.5","8","8.151357650756836","0.25","0.4222222222222222"
"cifar10","20","2","mixed_maturity","rffl_reputation","dirichlet_lcb","benign_concept_drift","0.5","7","2","5","5","0.5","5","20","9","1.5","9","7.626885414123535","0.262","0.0011111111111111111"
"cifar10","20","2","mixed_maturity","rffl_reputation","dirichlet_lcb","benign_concept_drift","0.5","7","2","5","5","0.5","5","20","9","1.5","10","6.638730525970459","0.3035","0.08444444444444445"
"cifar10","20","2","mixed_maturity","rffl_reputation","dirichlet_lcb","benign_concept_drift","0.5","7","2","5","5","0.5","5","20","9","1.5","11","6.898123264312744","0.302","0.0011111111111111111"
"cifar10","20","2","mixed_maturity","rffl_reputation","dirichlet_lcb","benign_concept_drift","0.5","7","2","5","5","0.5","5","20","9","1.5","12","7.60883092880249","0.271","0.002777777777777778"
"cifar10","20","2","mixed_maturity","rffl_reputation","dirichlet_lcb","benign_concept_drift","0.5","7","2","5","5","0.5","5","20","9","1.5","13","6.198429107666016","0.3215","0.08388888888888889"
"cifar10","20","2","mixed_maturity","rffl_reputation","dirichlet_lcb","benign_concept_drift","0.5","7","2","5","5","0.5","5","20","9","1.5","14","6.541733264923096","0.3105","0.057777777777777775"
"cifar10","20","2","mixed_maturity","rffl_reputation","dirichlet_lcb","benign_concept_drift","0.5","7","2","5","5","0.5","5","20","9","1.5","15","6.467055320739746","0.3015","0.055"
"cifar10","20","2","mixed_maturity","rffl_reputation","dirichlet_lcb","benign_concept_drift","0.5","7","2","5","5","0.5","5","20","9","1.5","16","6.500714302062988","0.32","0.0077777777777777776"
"cifar10","20","2","mixed_maturity","rffl_reputation","dirichlet_lcb","benign_concept_drift","0.5","7","2","5","5","0.5","5","20","9","1.5","17","7.396841049194336","0.31","0.006111111111111111"
"cifar10","20","2","mixed_maturity","rffl_reputation","dirichlet_lcb","benign_concept_drift","0.5","7","2","5","5","0.5","5","20","9","1.5","18","7.871675491333008","0.282","0.08"
"cifar10","20","2","mixed_maturity","rffl_reputation","dirichlet_lcb","benign_concept_drift","0.5","7","2","5","5","0.5","5","20","9","1.5","19","5.95339822769165","0.352","0.028888888888888888"
"cifar10","20","2","mixed_maturity","rffl_reputation","dirichlet_lcb","benign_concept_drift","0.5","7","2","5","5","0.5","5","20","9","1.5","20","6.4491424560546875","0.3075","0.04833333333333333"
"cifar10","20","2","mixed_maturity","rffl_reputation","dirichlet_lcb","benign_concept_drift","0.5","7","2","5","5","0.5","5","20","9","1.5","21","7.958553314208984","0.3155","0.25222222222222224"
"cifar10","20","2","mixed_maturity","rffl_reputation","dirichlet_lcb","benign_concept_drift","0.5","7","2","5","5","0.5","5","20","9","1.5","22","5.767151355743408","0.356","0.020555555555555556"
"cifar10","20","2","mixed_maturity","rffl_reputation","dirichlet_lcb","benign_concept_drift","0.5","7","2","5","5","0.5","5","20","9","1.5","23","5.594151496887207","0.3525","0.06055555555555556"
"cifar10","20","2","mixed_maturity","rffl_reputation","dirichlet_lcb","benign_concept_drift","0.5","7","2","5","5","0.5","5","20","9","1.5","24","6.515997409820557","0.3215","0.019444444444444445"
"cifar10","20","2","mixed_maturity","rffl_reputation","dirichlet_lcb","benign_concept_drift","0.5","7","2","5","5","0.5","5","20","9","1.5","25","5.562213897705078","0.352","0.125"
"cifar10","20","2","mixed_maturity","rffl_reputation","dirichlet_lcb","benign_concept_drift","0.5","7","2","5","5","0.5","5","20","9","1.5","26","6.983425617218018","0.3155","0.025555555555555557"
"cifar10","20","2","mixed_maturity","rffl_reputation","dirichlet_lcb","benign_concept_drift","0.5","7","2","5","5","0.5","5","20","9","1.5","27","6.879998683929443","0.318","0.03333333333333333"
"cifar10","20","2","mixed_maturity","rffl_reputation","dirichlet_lcb","benign_concept_drift","0.5","7","2","5","5","0.5","5","20","9","1.5","28","6.555913925170898","0.333","0.11833333333333333"
"cifar10","20","2","mixed_maturity","rffl_reputation","dirichlet_lcb","benign_concept_drift","0.5","7","2","5","5","0.5","5","20","9","1.5","29","5.527775764465332","0.3615","0.03166666666666667"
"cifar10","20","2","mixed_maturity","rffl_reputation","dirichlet_lcb","benign_concept_drift","0.5","7","2","5","5","0.5","5","20","9","1.5","30","6.231166839599609","0.349","0.022222222222222223"
"cifar10","20","2","mixed_maturity","rffl_reputation","dirichlet_lcb","benign_concept_drift","0.5","7","2","5","5","0.5","5","20","9","1.5","31","6.304732322692871","0.3645","0.04555555555555556"
"cifar10","20","2","mixed_maturity","rffl_reputation","dirichlet_lcb","benign_concept_drift","0.5","7","2","5","5","0.5","5","20","9","1.5","32","6.225339889526367","0.336","0.21555555555555556"
"cifar10","20","2","mixed_maturity","rffl_reputation","dirichlet_lcb","benign_concept_drift","0.5","7","2","5","5","0.5","5","20","9","1.5","33","7.33157205581665","0.305","0.0044444444444444444"
"cifar10","20","2","mixed_maturity","rffl_reputation","dirichlet_lcb","benign_concept_drift","0.5","7","2","5","5","0.5","5","20","9","1.5","34","7.70418643951416","0.2995","0.09722222222222222"
"cifar10","20","2","mixed_maturity","rffl_reputation","dirichlet_lcb","benign_concept_drift","0.5","7","2","5","5","0.5","5","20","9","1.5","35","6.368157386779785","0.351","0.03"
"cifar10","20","2","mixed_maturity","rffl_reputation","dirichlet_lcb","benign_concept_drift","0.5","7","2","5","5","0.5","5","20","9","1.5","36","7.028429985046387","0.3185","0.021666666666666667"
"cifar10","20","2","mixed_maturity","rffl_reputation","dirichlet_lcb","benign_concept_drift","0.5","7","2","5","5","0.5","5","20","9","1.5","37","6.124922752380371","0.339","0.045"
"cifar10","20","2","mixed_maturity","rffl_reputation","dirichlet_lcb","benign_concept_drift","0.5","7","2","5","5","0.5","5","20","9","1.5","38","6.383937358856201","0.3445","0.01"
"cifar10","20","2","mixed_maturity","rffl_reputation","dirichlet_lcb","benign_concept_drift","0.5","7","2","5","5","0.5","5","20","9","1.5","39","7.8653035163879395","0.3165","0.0033333333333333335"
"cifar10","20","2","mixed_maturity","rffl_reputation","dirichlet_lcb","benign_concept_drift","0.5","7","2","5","5","0.5","5","20","9","1.5","40","6.3633341789245605","0.35","0.027777777777777776"
"cifar10","20","2","mixed_maturity","rffl_reputation","dirichlet_lcb","benign_concept_drift","0.5","7","2","5","5","0.5","5","20","9","1.5","41","5.815042018890381","0.3515","0.011111111111111112"
"cifar10","20","2","mixed_maturity","rffl_reputation","dirichlet_lcb","benign_concept_drift","0.5","7","2","5","5","0.5","5","20","9","1.5","42","5.575106620788574","0.372","0.07277777777777777"
"cifar10","20","2","mixed_maturity","rffl_reputation","dirichlet_lcb","benign_concept_drift","0.5","7","2","5","5","0.5","5","20","9","1.5","43","6.054708003997803","0.359","0.019444444444444445"
"cifar10","20","2","mixed_maturity","rffl_reputation","dirichlet_lcb","benign_concept_drift","0.5","7","2","5","5","0.5","5","20","9","1.5","44","6.123335838317871","0.3345","0.13777777777777778"
"cifar10","20","2","mixed_maturity","rffl_reputation","dirichlet_lcb","benign_concept_drift","0.5","7","2","5","5","0.5","5","20","9","1.5","45","6.481587886810303","0.3555","0.012222222222222223"
"cifar10","20","2","mixed_maturity","rffl_reputation","dirichlet_lcb","benign_concept_drift","0.5","7","2","5","5","0.5","5","20","9","1.5","46","6.679072856903076","0.3235","0.043333333333333335"
"cifar10","20","2","mixed_maturity","rffl_reputation","dirichlet_lcb","benign_concept_drift","0.5","7","2","5","5","0.5","5","20","9","1.5","47","6.191073417663574","0.36","0.021666666666666667"
"cifar10","20","2","mixed_maturity","rffl_reputation","dirichlet_lcb","benign_concept_drift","0.5","7","2","5","5","0.5","5","20","9","1.5","48","5.878215789794922","0.3665","0.041666666666666664"
"cifar10","20","2","mixed_maturity","rffl_reputation","dirichlet_lcb","benign_concept_drift","0.5","7","2","5","5","0.5","5","20","9","1.5","49","6.768524646759033","0.33","0.07944444444444444"
"cifar10","20","2","mixed_maturity","rffl_reputation","dirichlet_lcb","benign_concept_drift","0.5","7","2","5","5","0.5","5","20","9","1.5","50","6.534753322601318","0.317","0.01"
"cifar10","20","2","mixed_maturity","rffl_reputation","dirichlet_lcb","benign_concept_drift","0.5","8","2","5","5","0.5","5","20","9","1.5","1","17.058399200439453","0.1","0.9938888888888889"
"cifar10","20","2","mixed_maturity","rffl_reputation","dirichlet_lcb","benign_concept_drift","0.5","8","2","5","5","0.5","5","20","9","1.5","2","8.020556449890137","0.1915","0.0"
"cifar10","20","2","mixed_maturity","rffl_reputation","dirichlet_lcb","benign_concept_drift","0.5","8","2","5","5","0.5","5","20","9","1.5","3","6.528957843780518","0.266","0.027777777777777776"
"cifar10","20","2","mixed_maturity","rffl_reputation","dirichlet_lcb","benign_concept_drift","0.5","8","2","5","5","0.5","5","20","9","1.5","4","7.479336261749268","0.213","0.03833333333333333"
"cifar10","20","2","mixed_maturity","rffl_reputation","dirichlet_lcb","benign_concept_drift","0.5","8","2","5","5","0.5","5","20","9","1.5","5","6.84821081161499","0.2655","0.31722222222222224"
"cifar10","20","2","mixed_maturity","rffl_reputation","dirichlet_lcb","benign_concept_drift","0.5","8","2","5","5","0.5","5","20","9","1.5","6","7.089223861694336","0.254","0.05277777777777778"
"cifar10","20","2","mixed_maturity","rffl_reputation","dirichlet_lcb","benign_concept_drift","0.5","8","2","5","5","0.5","5","20","9","1.5","7","8.31428337097168","0.2535","0.13722222222222222"
"cifar10","20","2","mixed_maturity","rffl_reputation","dirichlet_lcb","benign_concept_drift","0.5","8","2","5","5","0.5","5","20","9","1.5","8","6.216271877288818","0.2945","0.09055555555555556"
"cifar10","20","2","mixed_maturity","rffl_reputation","dirichlet_lcb","benign_concept_drift","0.5","8","2","5","5","0.5","5","20","9","1.5","9","6.947200298309326","0.2795","0.028888888888888888"
"cifar10","20","2","mixed_maturity","rffl_reputation","dirichlet_lcb","benign_concept_drift","0.5","8","2","5","5","0.5","5","20","9","1.5","10","6.091922760009766","0.2765","0.17722222222222223"
"cifar10","20","2","mixed_maturity","rffl_reputation","dirichlet_lcb","benign_concept_drift","0.5","8","2","5","5","0.5","5","20","9","1.5","11","6.790605545043945","0.2985","0.175"
"cifar10","20","2","mixed_maturity","rffl_reputation","dirichlet_lcb","benign_concept_drift","0.5","8","2","5","5","0.5","5","20","9","1.5","12","7.512577533721924","0.2485","0.07833333333333334"
"cifar10","20","2","mixed_maturity","rffl_reputation","dirichlet_lcb","benign_concept_drift","0.5","8","2","5","5","0.5","5","20","9","1.5","13","6.733497619628906","0.293","0.024444444444444446"
"cifar10","20","2","mixed_maturity","rffl_reputation","dirichlet_lcb","benign_concept_drift","0.5","8","2","5","5","0.5","5","20","9","1.5","14","5.815749645233154","0.2985","0.16166666666666665"
"cifar10","20","2","mixed_maturity","rffl_reputation","dirichlet_lcb","benign_concept_drift","0.5","8","2","5","5","0.5","5","20","9","1.5","15","7.7715983390808105","0.285","0.07166666666666667"
"cifar10","20","2","mixed_maturity","rffl_reputation","dirichlet_lcb","benign_concept_drift","0.5","8","2","5","5","0.5","5","20","9","1.5","16","6.8660712242126465","0.2855","0.030555555555555555"
"cifar10","20","2","mixed_maturity","rffl_reputation","dirichlet_lcb","benign_concept_drift","0.5","8","2","5","5","0.5","5","20","9","1.5","17","6.322508811950684","0.29","0.11833333333333333"
"cifar10","20","2","mixed_maturity","rffl_reputation","dirichlet_lcb","benign_concept_drift","0.5","8","2","5","5","0.5","5","20","9","1.5","18","6.945934772491455","0.2845","0.03"
"cifar10","20","2","mixed_maturity","rffl_reputation","dirichlet_lcb","benign_concept_drift","0.5","8","2","5","5","0.5","5","20","9","1.5","19","6.612212657928467","0.282","0.09"
"cifar10","20","2","mixed_maturity","rffl_reputation","dirichlet_lcb","benign_concept_drift","0.5","8","2","5","5","0.5","5","20","9","1.5","20","6.001372814178467","0.323","0.09833333333333333"
"cifar10","20","2","mixed_maturity","rffl_reputation","dirichlet_lcb","benign_concept_drift","0.5","8","2","5","5","0.5","5","20","9","1.5","21","7.844069480895996","0.266","0.09388888888888888"
"cifar10","20","2","mixed_maturity","rffl_reputation","dirichlet_lcb","benign_concept_drift","0.5","8","2","5","5","0.5","5","20","9","1.5","22","6.834543228149414","0.301","0.1238888888888889"
"cifar10","20","2","mixed_maturity","rffl_reputation","dirichlet_lcb","benign_concept_drift","0.5","8","2","5","5","0.5","5","20","9","1.5","23","7.602202892303467","0.294","0.010555555555555556"
"cifar10","20","2","mixed_maturity","rffl_reputation","dirichlet_lcb","benign_concept_drift","0.5","8","2","5","5","0.5","5","20","9","1.5","24","6.175417900085449","0.3145","0.041666666666666664"
"cifar10","20","2","mixed_maturity","rffl_reputation","dirichlet_lcb","benign_concept_drift","0.5","8","2","5","5","0.5","5","20","9","1.5","25","6.774346828460693","0.327","0.11888888888888889"
"cifar10","20","2","mixed_maturity","rffl_reputation","dirichlet_lcb","benign_concept_drift","0.5","8","2","5","5","0.5","5","20","9","1.5","26","6.55472469329834","0.319","0.006111111111111111"
"cifar10","20","2","mixed_maturity","rffl_reputation","dirichlet_lcb","benign_concept_drift","0.5","8","2","5","5","0.5","5","20","9","1.5","27","8.480020523071289","0.278","0.11611111111111111"
"cifar10","20","2","mixed_maturity","rffl_reputation","dirichlet_lcb","benign_concept_drift","0.5","8","2","5","5","0.5","5","20","9","1.5","28","6.124619007110596","0.3415","0.12277777777777778"
"cifar10","20","2","mixed_maturity","rffl_reputation","dirichlet_lcb","benign_concept_drift","0.5","8","2","5","5","0.5","5","20","9","1.5","29","6.151957988739014","0.3185","0.022222222222222223"
"cifar10","20","2","mixed_maturity","rffl_reputation","dirichlet_lcb","benign_concept_drift","0.5","8","2","5","5","0.5","5","20","9","1.5","30","6.0909953117370605","0.3215","0.023333333333333334"
"cifar10","20","2","mixed_maturity","rffl_reputation","dirichlet_lcb","benign_concept_drift","0.5","8","2","5","5","0.5","5","20","9","1.5","31","6.94053316116333","0.308","0.075"
"cifar10","20","2","mixed_maturity","rffl_reputation","dirichlet_lcb","benign_concept_drift","0.5","8","2","5","5","0.5","5","20","9","1.5","32","7.386092662811279","0.2925","0.017777777777777778"
"cifar10","20","2","mixed_maturity","rffl_reputation","dirichlet_lcb","benign_concept_drift","0.5","8","2","5","5","0.5","5","20","9","1.5","33","5.741451263427734","0.346","0.05333333333333334"
"cifar10","20","2","mixed_maturity","rffl_reputation","dirichlet_lcb","benign_concept_drift","0.5","8","2","5","5","0.5","5","20","9","1.5","34","7.034854412078857","0.298","0.16111111111111112"
"cifar10","20","2","mixed_maturity","rffl_reputation","dirichlet_lcb","benign_concept_drift","0.5","8","2","5","5","0.5","5","20","9","1.5","35","6.117554664611816","0.331","0.0038888888888888888"
"cifar10","20","2","mixed_maturity","rffl_reputation","dirichlet_lcb","benign_concept_drift","0.5","8","2","5","5","0.5","5","20","9","1.5","36","5.223113536834717","0.3745","0.055"
"cifar10","20","2","mixed_maturity","rffl_reputation","dirichlet_lcb","benign_concept_drift","0.5","8","2","5","5","0.5","5","20","9","1.5","37","7.113868713378906","0.301","0.06388888888888888"
"cifar10","20","2","mixed_maturity","rffl_reputation","dirichlet_lcb","benign_concept_drift","0.5","8","2","5","5","0.5","5","20","9","1.5","38","5.796799182891846","0.342","0.11055555555555556"
"cifar10","20","2","mixed_maturity","rffl_reputation","dirichlet_lcb","benign_concept_drift","0.5","8","2","5","5","0.5","5","20","9","1.5","39","6.684154033660889","0.317","0.1361111111111111"
"cifar10","20","2","mixed_maturity","rffl_reputation","dirichlet_lcb","benign_concept_drift","0.5","8","2","5","5","0.5","5","20","9","1.5","40","5.80372428894043","0.362","0.07222222222222222"
"cifar10","20","2","mixed_maturity","rffl_reputation","dirichlet_lcb","benign_concept_drift","0.5","8","2","5","5","0.5","5","20","9","1.5","41","6.138820171356201","0.326","0.105"
"cifar10","20","2","mixed_maturity","rffl_reputation","dirichlet_lcb","benign_concept_drift","0.5","8","2","5","5","0.5","5","20","9","1.5","42","5.519758701324463","0.359","0.10277777777777777"
"cifar10","20","2","mixed_maturity","rffl_reputation","dirichlet_lcb","benign_concept_drift","0.5","8","2","5","5","0.5","5","20","9","1.5","43","7.645381927490234","0.3205","0.008333333333333333"
"cifar10","20","2","mixed_maturity","rffl_reputation","dirichlet_lcb","benign_concept_drift","0.5","8","2","5","5","0.5","5","20","9","1.5","44","6.930181503295898","0.3515","0.23333333333333334"
"cifar10","20","2","mixed_maturity","rffl_reputation","dirichlet_lcb","benign_concept_drift","0.5","8","2","5","5","0.5","5","20","9","1.5","45","6.126046180725098","0.3355","0.06444444444444444"
"cifar10","20","2","mixed_maturity","rffl_reputation","dirichlet_lcb","benign_concept_drift","0.5","8","2","5","5","0.5","5","20","9","1.5","46","7.134072780609131","0.311","0.12277777777777778"
"cifar10","20","2","mixed_maturity","rffl_reputation","dirichlet_lcb","benign_concept_drift","0.5","8","2","5","5","0.5","5","20","9","1.5","47","6.564802169799805","0.3255","0.005555555555555556"
"cifar10","20","2","mixed_maturity","rffl_reputation","dirichlet_lcb","benign_concept_drift","0.5","8","2","5","5","0.5","5","20","9","1.5","48","5.978943347930908","0.343","0.08166666666666667"
"cifar10","20","2","mixed_maturity","rffl_reputation","dirichlet_lcb","benign_concept_drift","0.5","8","2","5","5","0.5","5","20","9","1.5","49","7.380626201629639","0.3115","0.015"
"cifar10","20","2","mixed_maturity","rffl_reputation","dirichlet_lcb","benign_concept_drift","0.5","8","2","5","5","0.5","5","20","9","1.5","50","6.939725399017334","0.324","0.12166666666666667"
"cifar10","20","2","mixed_maturity","rffl_reputation","dirichlet_lcb","benign_concept_drift","0.5","9","2","5","5","0.5","5","20","9","1.5","1","11.770718574523926","0.1115","0.0"
"cifar10","20","2","mixed_maturity","rffl_reputation","dirichlet_lcb","benign_concept_drift","0.5","9","2","5","5","0.5","5","20","9","1.5","2","7.227587699890137","0.233","0.22555555555555556"
"cifar10","20","2","mixed_maturity","rffl_reputation","dirichlet_lcb","benign_concept_drift","0.5","9","2","5","5","0.5","5","20","9","1.5","3","7.918381214141846","0.2345","0.0005555555555555556"
"cifar10","20","2","mixed_maturity","rffl_reputation","dirichlet_lcb","benign_concept_drift","0.5","9","2","5","5","0.5","5","20","9","1.5","4","6.158116340637207","0.28","0.022222222222222223"
"cifar10","20","2","mixed_maturity","rffl_reputation","dirichlet_lcb","benign_concept_drift","0.5","9","2","5","5","0.5","5","20","9","1.5","5","8.632692337036133","0.2265","0.0011111111111111111"
"cifar10","20","2","mixed_maturity","rffl_reputation","dirichlet_lcb","benign_concept_drift","0.5","9","2","5","5","0.5","5","20","9","1.5","6","7.193340301513672","0.2835","0.010555555555555556"
"cifar10","20","2","mixed_maturity","rffl_reputation","dirichlet_lcb","benign_concept_drift","0.5","9","2","5","5","0.5","5","20","9","1.5","7","5.6513543128967285","0.3","0.22555555555555556"
"cifar10","20","2","mixed_maturity","rffl_reputation","dirichlet_lcb","benign_concept_drift","0.5","9","2","5","5","0.5","5","20","9","1.5","8","7.111710071563721","0.282","0.0016666666666666668"
"cifar10","20","2","mixed_maturity","rffl_reputation","dirichlet_lcb","benign_concept_drift","0.5","9","2","5","5","0.5","5","20","9","1.5","9","6.972251892089844","0.281","0.03722222222222222"
"cifar10","20","2","mixed_maturity","rffl_reputation","dirichlet_lcb","benign_concept_drift","0.5","9","2","5","5","0.5","5","20","9","1.5","10","6.911397457122803","0.2815","0.09444444444444444"
"cifar10","20","2","mixed_maturity","rffl_reputation","dirichlet_lcb","benign_concept_drift","0.5","9","2","5","5","0.5","5","20","9","1.5","11","7.561975479125977","0.2855","0.006111111111111111"
"cifar10","20","2","mixed_maturity","rffl_reputation","dirichlet_lcb","benign_concept_drift","0.5","9","2","5","5","0.5","5","20","9","1.5","12","6.554466247558594","0.304","0.052222222222222225"
"cifar10","20","2","mixed_maturity","rffl_reputation","dirichlet_lcb","benign_concept_drift","0.5","9","2","5","5","0.5","5","20","9","1.5","13","6.436792850494385","0.33","0.009444444444444445"
"cifar10","20","2","mixed_maturity","rffl_reputation","dirichlet_lcb","benign_concept_drift","0.5","9","2","5","5","0.5","5","20","9","1.5","14","6.724727153778076","0.317","0.05277777777777778"
"cifar10","20","2","mixed_maturity","rffl_reputation","dirichlet_lcb","benign_concept_drift","0.5","9","2","5","5","0.5","5","20","9","1.5","15","6.344823837280273","0.3365","0.1761111111111111"
"cifar10","20","2","mixed_maturity","rffl_reputation","dirichlet_lcb","benign_concept_drift","0.5","9","2","5","5","0.5","5","20","9","1.5","16","6.868104457855225","0.3145","0.0022222222222222222"
"cifar10","20","2","mixed_maturity","rffl_reputation","dirichlet_lcb","benign_concept_drift","0.5","9","2","5","5","0.5","5","20","9","1.5","17","6.3024187088012695","0.331","0.05722222222222222"
"cifar10","20","2","mixed_maturity","rffl_reputation","dirichlet_lcb","benign_concept_drift","0.5","9","2","5","5","0.5","5","20","9","1.5","18","6.822861671447754","0.31","0.021111111111111112"
"cifar10","20","2","mixed_maturity","rffl_reputation","dirichlet_lcb","benign_concept_drift","0.5","9","2","5","5","0.5","5","20","9","1.5","19","7.111391544342041","0.334","0.09055555555555556"
"cifar10","20","2","mixed_maturity","rffl_reputation","dirichlet_lcb","benign_concept_drift","0.5","9","2","5","5","0.5","5","20","9","1.5","20","7.4144206047058105","0.285","0.03222222222222222"
"cifar10","20","2","mixed_maturity","rffl_reputation","dirichlet_lcb","benign_concept_drift","0.5","9","2","5","5","0.5","5","20","9","1.5","21","7.08456563949585","0.325","0.05277777777777778"
"cifar10","20","2","mixed_maturity","rffl_reputation","dirichlet_lcb","benign_concept_drift","0.5","9","2","5","5","0.5","5","20","9","1.5","22","6.909315586090088","0.329","0.0044444444444444444"
"cifar10","20","2","mixed_maturity","rffl_reputation","dirichlet_lcb","benign_concept_drift","0.5","9","2","5","5","0.5","5","20","9","1.5","23","6.694490432739258","0.3095","0.07333333333333333"
"cifar10","20","2","mixed_maturity","rffl_reputation","dirichlet_lcb","benign_concept_drift","0.5","9","2","5","5","0.5","5","20","9","1.5","24","6.187950611114502","0.3505","0.041666666666666664"
"cifar10","20","2","mixed_maturity","rffl_reputation","dirichlet_lcb","benign_concept_drift","0.5","9","2","5","5","0.5","5","20","9","1.5","25","6.048673152923584","0.3415","0.05388888888888889"
"cifar10","20","2","mixed_maturity","rffl_reputation","dirichlet_lcb","benign_concept_drift","0.5","9","2","5","5","0.5","5","20","9","1.5","26","5.9902873039245605","0.353","0.015555555555555555"
"cifar10","20","2","mixed_maturity","rffl_reputation","dirichlet_lcb","benign_concept_drift","0.5","9","2","5","5","0.5","5","20","9","1.5","27","5.817788600921631","0.349","0.016666666666666666"
"cifar10","20","2","mixed_maturity","rffl_reputation","dirichlet_lcb","benign_concept_drift","0.5","9","2","5","5","0.5","5","20","9","1.5","28","5.776671409606934","0.373","0.03833333333333333"
"cifar10","20","2","mixed_maturity","rffl_reputation","dirichlet_lcb","benign_concept_drift","0.5","9","2","5","5","0.5","5","20","9","1.5","29","6.063117980957031","0.3305","0.059444444444444446"
"cifar10","20","2","mixed_maturity","rffl_reputation","dirichlet_lcb","benign_concept_drift","0.5","9","2","5","5","0.5","5","20","9","1.5","30","7.4394145011901855","0.3165","0.125"
"cifar10","20","2","mixed_maturity","rffl_reputation","dirichlet_lcb","benign_concept_drift","0.5","9","2","5","5","0.5","5","20","9","1.5","31","7.117300987243652","0.3405","0.125"
"cifar10","20","2","mixed_maturity","rffl_reputation","dirichlet_lcb","benign_concept_drift","0.5","9","2","5","5","0.5","5","20","9","1.5","32","6.414061546325684","0.3595","0.08611111111111111"
"cifar10","20","2","mixed_maturity","rffl_reputation","dirichlet_lcb","benign_concept_drift","0.5","9","2","5","5","0.5","5","20","9","1.5","33","6.199395656585693","0.3475","0.20222222222222222"
"cifar10","20","2","mixed_maturity","rffl_reputation","dirichlet_lcb","benign_concept_drift","0.5","9","2","5","5","0.5","5","20","9","1.5","34","6.038432598114014","0.362","0.04055555555555555"
"cifar10","20","2","mixed_maturity","rffl_reputation","dirichlet_lcb","benign_concept_drift","0.5","9","2","5","5","0.5","5","20","9","1.5","35","6.192252159118652","0.3655","0.021666666666666667"
"cifar10","20","2","mixed_maturity","rffl_reputation","dirichlet_lcb","benign_concept_drift","0.5","9","2","5","5","0.5","5","20","9","1.5","36","6.600525379180908","0.33","0.03666666666666667"
"cifar10","20","2","mixed_maturity","rffl_reputation","dirichlet_lcb","benign_concept_drift","0.5","9","2","5","5","0.5","5","20","9","1.5","37","7.177118301391602","0.3255","0.06944444444444445"
"cifar10","20","2","mixed_maturity","rffl_reputation","dirichlet_lcb","benign_concept_drift","0.5","9","2","5","5","0.5","5","20","9","1.5","38","6.708296775817871","0.3295","0.1622222222222222"
"cifar10","20","2","mixed_maturity","rffl_reputation","dirichlet_lcb","benign_concept_drift","0.5","9","2","5","5","0.5","5","20","9","1.5","39","7.946081161499023","0.296","0.11277777777777778"
"cifar10","20","2","mixed_maturity","rffl_reputation","dirichlet_lcb","benign_concept_drift","0.5","9","2","5","5","0.5","5","20","9","1.5","40","6.014809608459473","0.352","0.06277777777777778"
"cifar10","20","2","mixed_maturity","rffl_reputation","dirichlet_lcb","benign_concept_drift","0.5","9","2","5","5","0.5","5","20","9","1.5","41","6.014117240905762","0.3455","0.08277777777777778"
"cifar10","20","2","mixed_maturity","rffl_reputation","dirichlet_lcb","benign_concept_drift","0.5","9","2","5","5","0.5","5","20","9","1.5","42","6.316928863525391","0.342","0.03333333333333333"
"cifar10","20","2","mixed_maturity","rffl_reputation","dirichlet_lcb","benign_concept_drift","0.5","9","2","5","5","0.5","5","20","9","1.5","43","6.47142219543457","0.3515","0.115"
"cifar10","20","2","mixed_maturity","rffl_reputation","dirichlet_lcb","benign_concept_drift","0.5","9","2","5","5","0.5","5","20","9","1.5","44","6.367771625518799","0.349","0.02277777777777778"
"cifar10","20","2","mixed_maturity","rffl_reputation","dirichlet_lcb","benign_concept_drift","0.5","9","2","5","5","0.5","5","20","9","1.5","45","6.748794078826904","0.334","0.0016666666666666668"
"cifar10","20","2","mixed_maturity","rffl_reputation","dirichlet_lcb","benign_concept_drift","0.5","9","2","5","5","0.5","5","20","9","1.5","46","7.11820125579834","0.325","0.005"
"cifar10","20","2","mixed_maturity","rffl_reputation","dirichlet_lcb","benign_concept_drift","0.5","9","2","5","5","0.5","5","20","9","1.5","47","6.289083480834961","0.353","0.06722222222222222"
"cifar10","20","2","mixed_maturity","rffl_reputation","dirichlet_lcb","benign_concept_drift","0.5","9","2","5","5","0.5","5","20","9","1.5","48","6.630143642425537","0.3195","0.023333333333333334"
"cifar10","20","2","mixed_maturity","rffl_reputation","dirichlet_lcb","benign_concept_drift","0.5","9","2","5","5","0.5","5","20","9","1.5","49","6.389937400817871","0.3495","0.03833333333333333"
"cifar10","20","2","mixed_maturity","rffl_reputation","dirichlet_lcb","benign_concept_drift","0.5","9","2","5","5","0.5","5","20","9","1.5","50","6.013969898223877","0.363","0.051666666666666666"
