"dataset","client_count","attacker_count","cohort_mode","variant","trust_estimator","attack_scenario","noniid_alpha","repeat","attack_start_round","limited_clean_updates","limited_observation_updates","limited_aggregation_weight","max_probation_tasks","min_probation_completed_tasks","min_evidence_mass","configured_access_lease_full_updates","node_id","profile","cohort_role","initial_access_state","access_state","completed_tasks","credited_independent_tasks","verified_source_records","evidence_types","evidence_mass","minimum_evidence_mass_required","trust_score","history_mean","history_decision_score","history_lcb","history_std","history_evidence_maturity","training_clean_evidence","structurally_accepted_training_updates","structurally_accepted_observation_updates","limited_clean_updates_required","limited_observation_updates_required","freshness_lease_enabled","freshness_lease_applies","access_lease_phase","access_lease_cycle_position","access_lease_full_updates","penalty_debt","hard_failures","onboarding_duration_seconds","flower_fit_events","aggregated_fit_events","aggregated_weight_mass","revoked_round","revocation_reason","norm_escalation_mode"
"cifar10","20","2","mixed_maturity","access_weight_matched","dirichlet_lcb","diverse_then_repeat_backdoor","0.5","0","6","5","5","0.5","20","9","1.5","5","attacker-1","diverse_then_repeat_backdoor","newcomer","LIMITED","ADMITTED","9","9","0","4","4.882922989522995","1.5","0.7462875490779619","0.8370070466491786","0.6465358545084627","0.6465358545084627","0.1157982362815884","0.29254799703263074","50","50","50","5","5","False","False","NOT_APPLICABLE",,"0","0.0","0","3.31803560256958","50","50","37.5",,,"moderate_shadow"
"cifar10","20","2","mixed_maturity","access_weight_matched","dirichlet_lcb","diverse_then_repeat_backdoor","0.5","0","6","5","5","0.5","20","9","1.5","5","attacker-2","diverse_then_repeat_backdoor","newcomer","LIMITED","ADMITTED","9","9","0","4","4.882922989522995","1.5","0.7462875490779619","0.8370070466491786","0.6465358545084627","0.6465358545084627","0.1157982362815884","0.29254799703263074","50","50","50","5","5","False","False","NOT_APPLICABLE",,"0","0.0","0","3.3312277793884277","50","50","37.5",,,"moderate_shadow"
"cifar10","20","2","mixed_maturity","access_weight_matched","dirichlet_lcb","diverse_then_repeat_backdoor","0.5","0","6","5","5","0.5","20","9","1.5","5","honest-1","honest","incumbent","ADMITTED","ADMITTED","9","9","0","4","4.882922989522995","1.5","0.7462875490779619","0.8370070466491786","0.6465358545084627","0.6465358545084627","0.1157982362815884","0.29254799703263074","50","50","50","5","5","False","False","NOT_APPLICABLE",,"0","0.0","0","32.915297985076904","50","50","50.0",,,"moderate_shadow"
"cifar10","20","2","mixed_maturity","access_weight_matched","dirichlet_lcb","diverse_then_repeat_backdoor","0.5","0","6","5","5","0.5","20","9","1.5","5","honest-10","honest","incumbent","ADMITTED","ADMITTED","9","9","0","4","4.882922989522995","1.5","0.7462875490779619","0.8370070466491786","0.6465358545084627","0.6465358545084627","0.1157982362815884","0.29254799703263074","50","50","50","5","5","False","False","NOT_APPLICABLE",,"0","0.0","0","3.1002542972564697","50","50","50.0",,,"moderate_shadow"
"cifar10","20","2","mixed_maturity","access_weight_matched","dirichlet_lcb","diverse_then_repeat_backdoor","0.5","0","6","5","5","0.5","20","9","1.5","5","honest-11","honest","incumbent","ADMITTED","ADMITTED","9","9","0","4","4.882922989522995","1.5","0.7462875490779619","0.8370070466491786","0.6465358545084627","0.6465358545084627","0.1157982362815884","0.29254799703263074","50","50","50","5","5","False","False","NOT_APPLICABLE",,"0","0.0","0","3.341033697128296","50","50","50.0",,,"moderate_shadow"
"cifar10","20","2","mixed_maturity","access_weight_matched","dirichlet_lcb","diverse_then_repeat_backdoor","0.5","0","6","5","5","0.5","20","9","1.5","5","honest-12","honest","incumbent","ADMITTED","ADMITTED","9","9","0","4","4.882922989522995","1.5","0.7462875490779619","0.8370070466491786","0.6465358545084627","0.6465358545084627","0.1157982362815884","0.29254799703263074","50","50","50","5","5","False","False","NOT_APPLICABLE",,"0","0.0","0","3.3913285732269287","50","50","50.0",,,"moderate_shadow"
"cifar10","20","2","mixed_maturity","access_weight_matched","dirichlet_lcb","diverse_then_repeat_backdoor","0.5","0","6","5","5","0.5","20","9","1.5","5","honest-13","honest","incumbent","ADMITTED","ADMITTED","9","9","0","4","4.882922989522995","1.5","0.7462875490779619","0.8370070466491786","0.6465358545084627","0.6465358545084627","0.1157982362815884","0.29254799703263074","50","50","50","5","5","False","False","NOT_APPLICABLE",,"0","0.0","0","3.429523468017578","50","50","50.0",,,"moderate_shadow"
"cifar10","20","2","mixed_maturity","access_weight_matched","dirichlet_lcb","diverse_then_repeat_backdoor","0.5","0","6","5","5","0.5","20","9","1.5","5","honest-14","honest","incumbent","ADMITTED","ADMITTED","9","9","0","4","4.882922989522995","1.5","0.7462875490779619","0.8370070466491786","0.6465358545084627","0.6465358545084627","0.1157982362815884","0.29254799703263074","50","50","50","5","5","False","False","NOT_APPLICABLE",,"0","0.0","0","3.479281425476074","50","50","50.0",,,"moderate_shadow"
"cifar10","20","2","mixed_maturity","access_weight_matched","dirichlet_lcb","diverse_then_repeat_backdoor","0.5","0","6","5","5","0.5","20","9","1.5","5","honest-15","honest","incumbent","ADMITTED","ADMITTED","9","9","0","4","4.882922989522995","1.5","0.7462875490779619","0.8370070466491786","0.6465358545084627","0.6465358545084627","0.1157982362815884","0.29254799703263074","50","50","50","5","5","False","False","NOT_APPLICABLE",,"0","0.0","0","2.665731906890869","50","50","50.0",,,"moderate_shadow"
"cifar10","20","2","mixed_maturity","access_weight_matched","dirichlet_lcb","diverse_then_repeat_backdoor","0.5","0","6","5","5","0.5","20","9","1.5","5","honest-16","honest","incumbent","ADMITTED","ADMITTED","9","9","0","4","4.882922989522995","1.5","0.7462875490779619","0.8370070466491786","0.6465358545084627","0.6465358545084627","0.1157982362815884","0.29254799703263074","50","50","50","5","5","False","False","NOT_APPLICABLE",,"0","0.0","0","2.7018589973449707","50","50","50.0",,,"moderate_shadow"
"cifar10","20","2","mixed_maturity","access_weight_matched","dirichlet_lcb","diverse_then_repeat_backdoor","0.5","0","6","5","5","0.5","20","9","1.5","5","honest-17","honest","incumbent","ADMITTED","ADMITTED","9","9","0","4","4.882922989522995","1.5","0.7462875490779619","0.8370070466491786","0.6465358545084627","0.6465358545084627","0.1157982362815884","0.29254799703263074","50","50","50","5","5","False","False","NOT_APPLICABLE",,"0","0.0","0","3.501737117767334","50","50","50.0",,,"moderate_shadow"
"cifar10","20","2","mixed_maturity","access_weight_matched","dirichlet_lcb","diverse_then_repeat_backdoor","0.5","0","6","5","5","0.5","20","9","1.5","5","honest-18","honest","incumbent","ADMITTED","ADMITTED","9","9","0","4","4.882922989522995","1.5","0.7462875490779619","0.8370070466491786","0.6465358545084627","0.6465358545084627","0.1157982362815884","0.29254799703263074","50","50","50","5","5","False","False","NOT_APPLICABLE",,"0","0.0","0","2.6065914630889893","50","50","50.0",,,"moderate_shadow"
"cifar10","20","2","mixed_maturity","access_weight_matched","dirichlet_lcb","diverse_then_repeat_backdoor","0.5","0","6","5","5","0.5","20","9","1.5","5","honest-2","honest","incumbent","ADMITTED","ADMITTED","9","9","0","4","4.882922989522995","1.5","0.7462875490779619","0.8370070466491786","0.6465358545084627","0.6465358545084627","0.1157982362815884","0.29254799703263074","50","50","50","5","5","False","False","NOT_APPLICABLE",,"0","0.0","0","3.308626651763916","50","50","50.0",,,"moderate_shadow"
"cifar10","20","2","mixed_maturity","access_weight_matched","dirichlet_lcb","diverse_then_repeat_backdoor","0.5","0","6","5","5","0.5","20","9","1.5","5","honest-3","honest","incumbent","ADMITTED","ADMITTED","9","9","0","4","4.882922989522995","1.5","0.7462875490779619","0.8370070466491786","0.6465358545084627","0.6465358545084627","0.1157982362815884","0.29254799703263074","50","50","50","5","5","False","False","NOT_APPLICABLE",,"0","0.0","0","3.0666186809539795","50","50","50.0",,,"moderate_shadow"
"cifar10","20","2","mixed_maturity","access_weight_matched","dirichlet_lcb","diverse_then_repeat_backdoor","0.5","0","6","5","5","0.5","20","9","1.5","5","honest-4","honest","incumbent","ADMITTED","ADMITTED","9","9","0","4","4.882922989522995","1.5","0.7462875490779619","0.8370070466491786","0.6465358545084627","0.6465358545084627","0.1157982362815884","0.29254799703263074","50","50","50","5","5","False","False","NOT_APPLICABLE",,"0","0.0","0","2.7387259006500244","50","50","50.0",,,"moderate_shadow"
"cifar10","20","2","mixed_maturity","access_weight_matched","dirichlet_lcb","diverse_then_repeat_backdoor","0.5","0","6","5","5","0.5","20","9","1.5","5","honest-5","honest","incumbent","ADMITTED","ADMITTED","9","9","0","4","4.882922989522995","1.5","0.7462875490779619","0.8370070466491786","0.6465358545084627","0.6465358545084627","0.1157982362815884","0.29254799703263074","50","50","50","5","5","False","False","NOT_APPLICABLE",,"0","0.0","0","3.375911235809326","50","50","50.0",,,"moderate_shadow"
"cifar10","20","2","mixed_maturity","access_weight_matched","dirichlet_lcb","diverse_then_repeat_backdoor","0.5","0","6","5","5","0.5","20","9","1.5","5","honest-6","honest","incumbent","ADMITTED","ADMITTED","9","9","0","4","4.882922989522995","1.5","0.7462875490779619","0.8370070466491786","0.6465358545084627","0.6465358545084627","0.1157982362815884","0.29254799703263074","50","50","50","5","5","False","False","NOT_APPLICABLE",,"0","0.0","0","2.5804405212402344","50","50","50.0",,,"moderate_shadow"
"cifar10","20","2","mixed_maturity","access_weight_matched","dirichlet_lcb","diverse_then_repeat_backdoor","0.5","0","6","5","5","0.5","20","9","1.5","5","honest-7","honest","incumbent","ADMITTED","ADMITTED","9","9","0","4","4.882922989522995","1.5","0.7462875490779619","0.8370070466491786","0.6465358545084627","0.6465358545084627","0.1157982362815884","0.29254799703263074","50","50","50","5","5","False","False","NOT_APPLICABLE",,"0","0.0","0","93.34406638145447","50","50","50.0",,,"moderate_shadow"
"cifar10","20","2","mixed_maturity","access_weight_matched","dirichlet_lcb","diverse_then_repeat_backdoor","0.5","0","6","5","5","0.5","20","9","1.5","5","honest-8","honest","incumbent","ADMITTED","ADMITTED","9","9","0","4","4.882922989522995","1.5","0.7462875490779619","0.8370070466491786","0.6465358545084627","0.6465358545084627","0.1157982362815884","0.29254799703263074","50","50","50","5","5","False","False","NOT_APPLICABLE",,"0","0.0","0","3.3172528743743896","50","50","50.0",,,"moderate_shadow"
"cifar10","20","2","mixed_maturity","access_weight_matched","dirichlet_lcb","diverse_then_repeat_backdoor","0.5","0","6","5","5","0.5","20","9","1.5","5","honest-9","honest","incumbent","ADMITTED","ADMITTED","9","9","0","4","4.882922989522995","1.5","0.7462875490779619","0.8370070466491786","0.6465358545084627","0.6465358545084627","0.1157982362815884","0.29254799703263074","50","50","50","5","5","False","False","NOT_APPLICABLE",,"0","0.0","0","2.9278111457824707","50","50","50.0",,,"moderate_shadow"
"cifar10","20","2","mixed_maturity","access_weight_matched","dirichlet_lcb","diverse_then_repeat_backdoor","0.5","1","6","5","5","0.5","20","9","1.5","5","attacker-1","diverse_then_repeat_backdoor","newcomer","LIMITED","ADMITTED","9","9","0","4","4.882922989522995","1.5","0.7462875490779619","0.8370070466491786","0.6465358545084627","0.6465358545084627","0.1157982362815884","0.29254799703263074","50","50","50","5","5","False","False","NOT_APPLICABLE",,"0","0.0","0","3.539508581161499","50","50","37.5",,,"moderate_shadow"
"cifar10","20","2","mixed_maturity","access_weight_matched","dirichlet_lcb","diverse_then_repeat_backdoor","0.5","1","6","5","5","0.5","20","9","1.5","5","attacker-2","diverse_then_repeat_backdoor","newcomer","LIMITED","ADMITTED","9","9","0","4","4.882922989522995","1.5","0.7462875490779619","0.8370070466491786","0.6465358545084627","0.6465358545084627","0.1157982362815884","0.29254799703263074","50","50","50","5","5","False","False","NOT_APPLICABLE",,"0","0.0","0","2.307776689529419","50","50","37.5",,,"moderate_shadow"
"cifar10","20","2","mixed_maturity","access_weight_matched","dirichlet_lcb","diverse_then_repeat_backdoor","0.5","1","6","5","5","0.5","20","9","1.5","5","honest-1","honest","incumbent","ADMITTED","ADMITTED","9","9","0","4","4.882922989522995","1.5","0.7462875490779619","0.8370070466491786","0.6465358545084627","0.6465358545084627","0.1157982362815884","0.29254799703263074","50","50","50","5","5","False","False","NOT_APPLICABLE",,"0","0.0","0","3.5424880981445312","50","50","50.0",,,"moderate_shadow"
"cifar10","20","2","mixed_maturity","access_weight_matched","dirichlet_lcb","diverse_then_repeat_backdoor","0.5","1","6","5","5","0.5","20","9","1.5","5","honest-10","honest","incumbent","ADMITTED","ADMITTED","9","9","0","4","4.882922989522995","1.5","0.7462875490779619","0.8370070466491786","0.6465358545084627","0.6465358545084627","0.1157982362815884","0.29254799703263074","50","50","50","5","5","False","False","NOT_APPLICABLE",,"0","0.0","0","33.040019512176514","50","50","50.0",,,"moderate_shadow"
"cifar10","20","2","mixed_maturity","access_weight_matched","dirichlet_lcb","diverse_then_repeat_backdoor","0.5","1","6","5","5","0.5","20","9","1.5","5","honest-11","honest","incumbent","ADMITTED","ADMITTED","9","9","0","4","4.882922989522995","1.5","0.7462875490779619","0.8370070466491786","0.6465358545084627","0.6465358545084627","0.1157982362815884","0.29254799703263074","50","50","50","5","5","False","False","NOT_APPLICABLE",,"0","0.0","0","3.349074602127075","50","50","50.0",,,"moderate_shadow"
"cifar10","20","2","mixed_maturity","access_weight_matched","dirichlet_lcb","diverse_then_repeat_backdoor","0.5","1","6","5","5","0.5","20","9","1.5","5","honest-12","honest","incumbent","ADMITTED","ADMITTED","9","9","0","4","4.882922989522995","1.5","0.7462875490779619","0.8370070466491786","0.6465358545084627","0.6465358545084627","0.1157982362815884","0.29254799703263074","50","50","50","5","5","False","False","NOT_APPLICABLE",,"0","0.0","0","3.381880521774292","50","50","50.0",,,"moderate_shadow"
"cifar10","20","2","mixed_maturity","access_weight_matched","dirichlet_lcb","diverse_then_repeat_backdoor","0.5","1","6","5","5","0.5","20","9","1.5","5","honest-13","honest","incumbent","ADMITTED","ADMITTED","9","9","0","4","4.882922989522995","1.5","0.7462875490779619","0.8370070466491786","0.6465358545084627","0.6465358545084627","0.1157982362815884","0.29254799703263074","50","50","50","5","5","False","False","NOT_APPLICABLE",,"0","0.0","0","2.2973978519439697","50","50","50.0",,,"moderate_shadow"
"cifar10","20","2","mixed_maturity","access_weight_matched","dirichlet_lcb","diverse_then_repeat_backdoor","0.5","1","6","5","5","0.5","20","9","1.5","5","honest-14","honest","incumbent","ADMITTED","ADMITTED","9","9","0","4","4.882922989522995","1.5","0.7462875490779619","0.8370070466491786","0.6465358545084627","0.6465358545084627","0.1157982362815884","0.29254799703263074","50","50","50","5","5","False","False","NOT_APPLICABLE",,"0","0.0","0","3.046621084213257","50","50","50.0",,,"moderate_shadow"
"cifar10","20","2","mixed_maturity","access_weight_matched","dirichlet_lcb","diverse_then_repeat_backdoor","0.5","1","6","5","5","0.5","20","9","1.5","5","honest-15","honest","incumbent","ADMITTED","ADMITTED","9","9","0","4","4.882922989522995","1.5","0.7462875490779619","0.8370070466491786","0.6465358545084627","0.6465358545084627","0.1157982362815884","0.29254799703263074","50","50","50","5","5","False","False","NOT_APPLICABLE",,"0","0.0","0","3.417024612426758","50","50","50.0",,,"moderate_shadow"
"cifar10","20","2","mixed_maturity","access_weight_matched","dirichlet_lcb","diverse_then_repeat_backdoor","0.5","1","6","5","5","0.5","20","9","1.5","5","honest-16","honest","incumbent","ADMITTED","ADMITTED","9","9","0","4","4.882922989522995","1.5","0.7462875490779619","0.8370070466491786","0.6465358545084627","0.6465358545084627","0.1157982362815884","0.29254799703263074","50","50","50","5","5","False","False","NOT_APPLICABLE",,"0","0.0","0","2.5629794597625732","50","50","50.0",,,"moderate_shadow"
"cifar10","20","2","mixed_maturity","access_weight_matched","dirichlet_lcb","diverse_then_repeat_backdoor","0.5","1","6","5","5","0.5","20","9","1.5","5","honest-17","honest","incumbent","ADMITTED","ADMITTED","9","9","0","4","4.882922989522995","1.5","0.7462875490779619","0.8370070466491786","0.6465358545084627","0.6465358545084627","0.1157982362815884","0.29254799703263074","50","50","50","5","5","False","False","NOT_APPLICABLE",,"0","0.0","0","2.558946132659912","50","50","50.0",,,"moderate_shadow"
"cifar10","20","2","mixed_maturity","access_weight_matched","dirichlet_lcb","diverse_then_repeat_backdoor","0.5","1","6","5","5","0.5","20","9","1.5","5","honest-18","honest","incumbent","ADMITTED","ADMITTED","9","9","0","3","4.5294892388817605","1.5","0.7401065581334588","0.8277664507491892","0.6288758803813109","0.6288758803813109","0.12091685363435191","0.27568090107538146","50","50","50","5","5","False","False","NOT_APPLICABLE",,"0","0.0","0","33.12238955497742","50","50","50.0",,,"moderate_shadow"
"cifar10","20","2","mixed_maturity","access_weight_matched","dirichlet_lcb","diverse_then_repeat_backdoor","0.5","1","6","5","5","0.5","20","9","1.5","5","honest-2","honest","incumbent","ADMITTED","ADMITTED","9","9","0","3","5.004489238881761","1.5","0.7503560216234088","0.8430201361031787","0.6581600617811678","0.6581600617811678","0.11238691964272261","0.3041175807403508","50","50","50","5","5","False","False","NOT_APPLICABLE",,"0","0.0","0","62.84980344772339","50","50","50.0",,,"moderate_shadow"
"cifar10","20","2","mixed_maturity","access_weight_matched","dirichlet_lcb","diverse_then_repeat_backdoor","0.5","1","6","5","5","0.5","20","9","1.5","5","honest-3","honest","incumbent","ADMITTED","ADMITTED","9","9","0","4","4.882922989522995","1.5","0.7462875490779619","0.8370070466491786","0.6465358545084627","0.6465358545084627","0.1157982362815884","0.29254799703263074","50","50","50","5","5","False","False","NOT_APPLICABLE",,"0","0.0","0","33.17979311943054","50","50","50.0",,,"moderate_shadow"
"cifar10","20","2","mixed_maturity","access_weight_matched","dirichlet_lcb","diverse_then_repeat_backdoor","0.5","1","6","5","5","0.5","20","9","1.5","5","honest-4","honest","incumbent","ADMITTED","ADMITTED","9","9","0","4","4.882922989522995","1.5","0.7462875490779619","0.8370070466491786","0.6465358545084627","0.6465358545084627","0.1157982362815884","0.29254799703263074","50","50","50","5","5","False","False","NOT_APPLICABLE",,"0","0.0","0","2.655024528503418","50","50","50.0",,,"moderate_shadow"
"cifar10","20","2","mixed_maturity","access_weight_matched","dirichlet_lcb","diverse_then_repeat_backdoor","0.5","1","6","5","5","0.5","20","9","1.5","5","honest-5","honest","incumbent","ADMITTED","ADMITTED","9","9","0","4","4.882922989522995","1.5","0.7462875490779619","0.8370070466491786","0.6465358545084627","0.6465358545084627","0.1157982362815884","0.29254799703263074","50","50","50","5","5","False","False","NOT_APPLICABLE",,"0","0.0","0","32.9148895740509","50","50","50.0",,,"moderate_shadow"
"cifar10","20","2","mixed_maturity","access_weight_matched","dirichlet_lcb","diverse_then_repeat_backdoor","0.5","1","6","5","5","0.5","20","9","1.5","5","honest-6","honest","incumbent","ADMITTED","ADMITTED","9","9","0","4","4.882922989522995","1.5","0.7462875490779619","0.8370070466491786","0.6465358545084627","0.6465358545084627","0.1157982362815884","0.29254799703263074","50","50","50","5","5","False","False","NOT_APPLICABLE",,"0","0.0","0","2.144390821456909","50","50","50.0",,,"moderate_shadow"
"cifar10","20","2","mixed_maturity","access_weight_matched","dirichlet_lcb","diverse_then_repeat_backdoor","0.5","1","6","5","5","0.5","20","9","1.5","5","honest-7","honest","incumbent","ADMITTED","ADMITTED","9","9","0","4","4.882922989522995","1.5","0.7462875490779619","0.8370070466491786","0.6465358545084627","0.6465358545084627","0.1157982362815884","0.29254799703263074","50","50","50","5","5","False","False","NOT_APPLICABLE",,"0","0.0","0","32.82376265525818","50","50","50.0",,,"moderate_shadow"
"cifar10","20","2","mixed_maturity","access_weight_matched","dirichlet_lcb","diverse_then_repeat_backdoor","0.5","1","6","5","5","0.5","20","9","1.5","5","honest-8","honest","incumbent","ADMITTED","ADMITTED","9","9","0","4","4.882922989522995","1.5","0.7462875490779619","0.8370070466491786","0.6465358545084627","0.6465358545084627","0.1157982362815884","0.29254799703263074","50","50","50","5","5","False","False","NOT_APPLICABLE",,"0","0.0","0","3.6517839431762695","50","50","50.0",,,"moderate_shadow"
"cifar10","20","2","mixed_maturity","access_weight_matched","dirichlet_lcb","diverse_then_repeat_backdoor","0.5","1","6","5","5","0.5","20","9","1.5","5","honest-9","honest","incumbent","ADMITTED","ADMITTED","9","9","0","4","4.882922989522995","1.5","0.7462875490779619","0.8370070466491786","0.6465358545084627","0.6465358545084627","0.1157982362815884","0.29254799703263074","50","50","50","5","5","False","False","NOT_APPLICABLE",,"0","0.0","0","2.9622814655303955","50","50","50.0",,,"moderate_shadow"
"cifar10","20","2","mixed_maturity","access_weight_matched","dirichlet_lcb","diverse_then_repeat_backdoor","0.5","2","6","5","5","0.5","20","9","1.5","5","attacker-1","diverse_then_repeat_backdoor","newcomer","LIMITED","ADMITTED","9","9","0","4","4.882922989522995","1.5","0.7462875490779619","0.8370070466491786","0.6465358545084627","0.6465358545084627","0.1157982362815884","0.29254799703263074","50","50","50","5","5","False","False","NOT_APPLICABLE",,"0","0.0","0","3.526216506958008","50","50","37.5",,,"moderate_shadow"
"cifar10","20","2","mixed_maturity","access_weight_matched","dirichlet_lcb","diverse_then_repeat_backdoor","0.5","2","6","5","5","0.5","20","9","1.5","5","attacker-2","diverse_then_repeat_backdoor","newcomer","LIMITED","ADMITTED","9","9","0","4","4.882922989522995","1.5","0.7462875490779619","0.8370070466491786","0.6465358545084627","0.6465358545084627","0.1157982362815884","0.29254799703263074","50","50","50","5","5","False","False","NOT_APPLICABLE",,"0","0.0","0","2.358269691467285","50","50","37.5",,,"moderate_shadow"
"cifar10","20","2","mixed_maturity","access_weight_matched","dirichlet_lcb","diverse_then_repeat_backdoor","0.5","2","6","5","5","0.5","20","9","1.5","5","honest-1","honest","incumbent","ADMITTED","ADMITTED","9","9","0","4","4.882922989522995","1.5","0.7462875490779619","0.8370070466491786","0.6465358545084627","0.6465358545084627","0.1157982362815884","0.29254799703263074","50","50","50","5","5","False","False","NOT_APPLICABLE",,"0","0.0","0","33.59507870674133","50","50","50.0",,,"moderate_shadow"
"cifar10","20","2","mixed_maturity","access_weight_matched","dirichlet_lcb","diverse_then_repeat_backdoor","0.5","2","6","5","5","0.5","20","9","1.5","5","honest-10","honest","incumbent","ADMITTED","ADMITTED","11","11","0","3","5.419531626612037","1.5","0.7509212720692868","0.8438513019312254","0.6597750630551052","0.6597750630551052","0.11191038163637629","0.3057557302355997","50","50","50","5","5","False","False","NOT_APPLICABLE",,"0","0.0","0","63.029106855392456","50","50","50.0",,,"moderate_shadow"
"cifar10","20","2","mixed_maturity","access_weight_matched","dirichlet_lcb","diverse_then_repeat_backdoor","0.5","2","6","5","5","0.5","20","9","1.5","5","honest-11","honest","incumbent","ADMITTED","ADMITTED","9","9","0","4","4.882922989522995","1.5","0.7462875490779619","0.8370070466491786","0.6465358545084627","0.6465358545084627","0.1157982362815884","0.29254799703263074","50","50","50","5","5","False","False","NOT_APPLICABLE",,"0","0.0","0","33.50530552864075","50","50","50.0",,,"moderate_shadow"
"cifar10","20","2","mixed_maturity","access_weight_matched","dirichlet_lcb","diverse_then_repeat_backdoor","0.5","2","6","5","5","0.5","20","9","1.5","5","honest-12","honest","incumbent","ADMITTED","ADMITTED","9","9","0","4","4.882922989522995","1.5","0.7462875490779619","0.8370070466491786","0.6465358545084627","0.6465358545084627","0.1157982362815884","0.29254799703263074","50","50","50","5","5","False","False","NOT_APPLICABLE",,"0","0.0","0","33.06809878349304","50","50","50.0",,,"moderate_shadow"
"cifar10","20","2","mixed_maturity","access_weight_matched","dirichlet_lcb","diverse_then_repeat_backdoor","0.5","2","6","5","5","0.5","20","9","1.5","5","honest-13","honest","incumbent","ADMITTED","ADMITTED","9","9","0","4","4.882922989522995","1.5","0.7462875490779619","0.8370070466491786","0.6465358545084627","0.6465358545084627","0.1157982362815884","0.29254799703263074","50","50","50","5","5","False","False","NOT_APPLICABLE",,"0","0.0","0","3.428999900817871","50","50","50.0",,,"moderate_shadow"
"cifar10","20","2","mixed_maturity","access_weight_matched","dirichlet_lcb","diverse_then_repeat_backdoor","0.5","2","6","5","5","0.5","20","9","1.5","5","honest-14","honest","incumbent","ADMITTED","ADMITTED","9","9","0","4","4.882922989522995","1.5","0.7462875490779619","0.8370070466491786","0.6465358545084627","0.6465358545084627","0.1157982362815884","0.29254799703263074","50","50","50","5","5","False","False","NOT_APPLICABLE",,"0","0.0","0","2.3142855167388916","50","50","50.0",,,"moderate_shadow"
"cifar10","20","2","mixed_maturity","access_weight_matched","dirichlet_lcb","diverse_then_repeat_backdoor","0.5","2","6","5","5","0.5","20","9","1.5","5","honest-15","honest","incumbent","ADMITTED","ADMITTED","9","9","0","4","4.882922989522995","1.5","0.7462875490779619","0.8370070466491786","0.6465358545084627","0.6465358545084627","0.1157982362815884","0.29254799703263074","50","50","50","5","5","False","False","NOT_APPLICABLE",,"0","0.0","0","2.840585708618164","50","50","50.0",,,"moderate_shadow"
"cifar10","20","2","mixed_maturity","access_weight_matched","dirichlet_lcb","diverse_then_repeat_backdoor","0.5","2","6","5","5","0.5","20","9","1.5","5","honest-16","honest","incumbent","ADMITTED","ADMITTED","9","9","0","4","4.882922989522995","1.5","0.7462875490779619","0.8370070466491786","0.6465358545084627","0.6465358545084627","0.1157982362815884","0.29254799703263074","50","50","50","5","5","False","False","NOT_APPLICABLE",,"0","0.0","0","32.138622760772705","50","50","50.0",,,"moderate_shadow"
"cifar10","20","2","mixed_maturity","access_weight_matched","dirichlet_lcb","diverse_then_repeat_backdoor","0.5","2","6","5","5","0.5","20","9","1.5","5","honest-17","honest","incumbent","ADMITTED","ADMITTED","9","9","0","4","4.882922989522995","1.5","0.7462875490779619","0.8370070466491786","0.6465358545084627","0.6465358545084627","0.1157982362815884","0.29254799703263074","50","50","50","5","5","False","False","NOT_APPLICABLE",,"0","0.0","0","2.8770711421966553","50","50","50.0",,,"moderate_shadow"
"cifar10","20","2","mixed_maturity","access_weight_matched","dirichlet_lcb","diverse_then_repeat_backdoor","0.5","2","6","5","5","0.5","20","9","1.5","5","honest-18","honest","incumbent","ADMITTED","ADMITTED","9","9","0","4","4.882922989522995","1.5","0.7462875490779619","0.8370070466491786","0.6465358545084627","0.6465358545084627","0.1157982362815884","0.29254799703263074","50","50","50","5","5","False","False","NOT_APPLICABLE",,"0","0.0","0","2.5683376789093018","50","50","50.0",,,"moderate_shadow"
"cifar10","20","2","mixed_maturity","access_weight_matched","dirichlet_lcb","diverse_then_repeat_backdoor","0.5","2","6","5","5","0.5","20","9","1.5","5","honest-2","honest","incumbent","ADMITTED","ADMITTED","9","9","0","4","4.882922989522995","1.5","0.7462875490779619","0.8370070466491786","0.6465358545084627","0.6465358545084627","0.1157982362815884","0.29254799703263074","50","50","50","5","5","False","False","NOT_APPLICABLE",,"0","0.0","0","3.426054000854492","50","50","50.0",,,"moderate_shadow"
"cifar10","20","2","mixed_maturity","access_weight_matched","dirichlet_lcb","diverse_then_repeat_backdoor","0.5","2","6","5","5","0.5","20","9","1.5","5","honest-3","honest","incumbent","ADMITTED","ADMITTED","9","9","0","4","4.882922989522995","1.5","0.7462875490779619","0.8370070466491786","0.6465358545084627","0.6465358545084627","0.1157982362815884","0.29254799703263074","50","50","50","5","5","False","False","NOT_APPLICABLE",,"0","0.0","0","2.306342124938965","50","50","50.0",,,"moderate_shadow"
"cifar10","20","2","mixed_maturity","access_weight_matched","dirichlet_lcb","diverse_then_repeat_backdoor","0.5","2","6","5","5","0.5","20","9","1.5","5","honest-4","honest","incumbent","ADMITTED","ADMITTED","9","9","0","4","4.882922989522995","1.5","0.7462875490779619","0.8370070466491786","0.6465358545084627","0.6465358545084627","0.1157982362815884","0.29254799703263074","50","50","50","5","5","False","False","NOT_APPLICABLE",,"0","0.0","0","3.436692953109741","50","50","50.0",,,"moderate_shadow"
"cifar10","20","2","mixed_maturity","access_weight_matched","dirichlet_lcb","diverse_then_repeat_backdoor","0.5","2","6","5","5","0.5","20","9","1.5","5","honest-5","honest","incumbent","ADMITTED","ADMITTED","9","9","0","4","4.882922989522995","1.5","0.7462875490779619","0.8370070466491786","0.6465358545084627","0.6465358545084627","0.1157982362815884","0.29254799703263074","50","50","50","5","5","False","False","NOT_APPLICABLE",,"0","0.0","0","33.3542582988739","50","50","50.0",,,"moderate_shadow"
"cifar10","20","2","mixed_maturity","access_weight_matched","dirichlet_lcb","diverse_then_repeat_backdoor","0.5","2","6","5","5","0.5","20","9","1.5","5","honest-6","honest","incumbent","ADMITTED","ADMITTED","9","9","0","4","4.882922989522995","1.5","0.7462875490779619","0.8370070466491786","0.6465358545084627","0.6465358545084627","0.1157982362815884","0.29254799703263074","50","50","50","5","5","False","False","NOT_APPLICABLE",,"0","0.0","0","3.835991382598877","50","50","50.0",,,"moderate_shadow"
"cifar10","20","2","mixed_maturity","access_weight_matched","dirichlet_lcb","diverse_then_repeat_backdoor","0.5","2","6","5","5","0.5","20","9","1.5","5","honest-7","honest","incumbent","ADMITTED","ADMITTED","9","9","0","4","4.882922989522995","1.5","0.7462875490779619","0.8370070466491786","0.6465358545084627","0.6465358545084627","0.1157982362815884","0.29254799703263074","50","50","50","5","5","False","False","NOT_APPLICABLE",,"0","0.0","0","2.4298834800720215","50","50","50.0",,,"moderate_shadow"
"cifar10","20","2","mixed_maturity","access_weight_matched","dirichlet_lcb","diverse_then_repeat_backdoor","0.5","2","6","5","5","0.5","20","9","1.5","5","honest-8","honest","incumbent","ADMITTED","ADMITTED","9","9","0","4","4.882922989522995","1.5","0.7462875490779619","0.8370070466491786","0.6465358545084627","0.6465358545084627","0.1157982362815884","0.29254799703263074","50","50","50","5","5","False","False","NOT_APPLICABLE",,"0","0.0","0","2.4079365730285645","50","50","50.0",,,"moderate_shadow"
"cifar10","20","2","mixed_maturity","access_weight_matched","dirichlet_lcb","diverse_then_repeat_backdoor","0.5","2","6","5","5","0.5","20","9","1.5","5","honest-9","honest","incumbent","ADMITTED","ADMITTED","9","9","0","3","4.76698923888176","1.5","0.7437820368902304","0.8332768051183246","0.6393772482578011","0.6393772482578011","0.11788253356256753","0.28561047849957855","50","50","50","5","5","False","False","NOT_APPLICABLE",,"0","0.0","0","32.4096794128418","50","50","50.0",,,"moderate_shadow"
"cifar10","20","2","mixed_maturity","access_weight_matched","dirichlet_lcb","diverse_then_repeat_backdoor","0.5","3","6","5","5","0.5","20","9","1.5","5","attacker-1","diverse_then_repeat_backdoor","newcomer","LIMITED","ADMITTED","9","9","0","4","4.882922989522995","1.5","0.7462875490779619","0.8370070466491786","0.6465358545084627","0.6465358545084627","0.1157982362815884","0.29254799703263074","50","50","50","5","5","False","False","NOT_APPLICABLE",,"0","0.0","0","2.802492141723633","50","50","37.5",,,"moderate_shadow"
"cifar10","20","2","mixed_maturity","access_weight_matched","dirichlet_lcb","diverse_then_repeat_backdoor","0.5","3","6","5","5","0.5","20","9","1.5","5","attacker-2","diverse_then_repeat_backdoor","newcomer","LIMITED","ADMITTED","9","9","0","4","4.882922989522995","1.5","0.7462875490779619","0.8370070466491786","0.6465358545084627","0.6465358545084627","0.1157982362815884","0.29254799703263074","50","50","50","5","5","False","False","NOT_APPLICABLE",,"0","0.0","0","3.5510594844818115","50","50","37.5",,,"moderate_shadow"
"cifar10","20","2","mixed_maturity","access_weight_matched","dirichlet_lcb","diverse_then_repeat_backdoor","0.5","3","6","5","5","0.5","20","9","1.5","5","honest-1","honest","incumbent","ADMITTED","ADMITTED","9","9","0","4","4.882922989522995","1.5","0.7462875490779619","0.8370070466491786","0.6465358545084627","0.6465358545084627","0.1157982362815884","0.29254799703263074","50","50","50","5","5","False","False","NOT_APPLICABLE",,"0","0.0","0","2.5762550830841064","50","50","50.0",,,"moderate_shadow"
"cifar10","20","2","mixed_maturity","access_weight_matched","dirichlet_lcb","diverse_then_repeat_backdoor","0.5","3","6","5","5","0.5","20","9","1.5","5","honest-10","honest","incumbent","ADMITTED","ADMITTED","9","9","0","4","4.882922989522995","1.5","0.7462875490779619","0.8370070466491786","0.6465358545084627","0.6465358545084627","0.1157982362815884","0.29254799703263074","50","50","50","5","5","False","False","NOT_APPLICABLE",,"0","0.0","0","3.4868836402893066","50","50","50.0",,,"moderate_shadow"
"cifar10","20","2","mixed_maturity","access_weight_matched","dirichlet_lcb","diverse_then_repeat_backdoor","0.5","3","6","5","5","0.5","20","9","1.5","5","honest-11","honest","incumbent","ADMITTED","ADMITTED","9","9","0","4","4.882922989522995","1.5","0.7462875490779619","0.8370070466491786","0.6465358545084627","0.6465358545084627","0.1157982362815884","0.29254799703263074","50","50","50","5","5","False","False","NOT_APPLICABLE",,"0","0.0","0","2.518603563308716","50","50","50.0",,,"moderate_shadow"
"cifar10","20","2","mixed_maturity","access_weight_matched","dirichlet_lcb","diverse_then_repeat_backdoor","0.5","3","6","5","5","0.5","20","9","1.5","5","honest-12","honest","incumbent","ADMITTED","ADMITTED","9","9","0","4","4.882922989522995","1.5","0.7462875490779619","0.8370070466491786","0.6465358545084627","0.6465358545084627","0.1157982362815884","0.29254799703263074","50","50","50","5","5","False","False","NOT_APPLICABLE",,"0","0.0","0","3.6180055141448975","50","50","50.0",,,"moderate_shadow"
"cifar10","20","2","mixed_maturity","access_weight_matched","dirichlet_lcb","diverse_then_repeat_backdoor","0.5","3","6","5","5","0.5","20","9","1.5","5","honest-13","honest","incumbent","ADMITTED","ADMITTED","9","9","0","4","4.882922989522995","1.5","0.7462875490779619","0.8370070466491786","0.6465358545084627","0.6465358545084627","0.1157982362815884","0.29254799703263074","50","50","50","5","5","False","False","NOT_APPLICABLE",,"0","0.0","0","2.3321821689605713","50","50","50.0",,,"moderate_shadow"
"cifar10","20","2","mixed_maturity","access_weight_matched","dirichlet_lcb","diverse_then_repeat_backdoor","0.5","3","6","5","5","0.5","20","9","1.5","5","honest-14","honest","incumbent","ADMITTED","ADMITTED","9","9","0","4","4.882922989522995","1.5","0.7462875490779619","0.8370070466491786","0.6465358545084627","0.6465358545084627","0.1157982362815884","0.29254799703263074","50","50","50","5","5","False","False","NOT_APPLICABLE",,"0","0.0","0","2.663973569869995","50","50","50.0",,,"moderate_shadow"
"cifar10","20","2","mixed_maturity","access_weight_matched","dirichlet_lcb","diverse_then_repeat_backdoor","0.5","3","6","5","5","0.5","20","9","1.5","5","honest-15","honest","incumbent","ADMITTED","ADMITTED","9","9","0","4","4.882922989522995","1.5","0.7462875490779619","0.8370070466491786","0.6465358545084627","0.6465358545084627","0.1157982362815884","0.29254799703263074","50","50","50","5","5","False","False","NOT_APPLICABLE",,"0","0.0","0","33.24327826499939","50","50","50.0",,,"moderate_shadow"
"cifar10","20","2","mixed_maturity","access_weight_matched","dirichlet_lcb","diverse_then_repeat_backdoor","0.5","3","6","5","5","0.5","20","9","1.5","5","honest-16","honest","incumbent","ADMITTED","ADMITTED","9","9","0","3","5.004489238881761","1.5","0.7503560216234088","0.8430201361031787","0.6581600617811678","0.6581600617811678","0.11238691964272261","0.3041175807403508","50","50","50","5","5","False","False","NOT_APPLICABLE",,"0","0.0","0","32.54472351074219","50","50","50.0",,,"moderate_shadow"
"cifar10","20","2","mixed_maturity","access_weight_matched","dirichlet_lcb","diverse_then_repeat_backdoor","0.5","3","6","5","5","0.5","20","9","1.5","5","honest-17","honest","incumbent","ADMITTED","ADMITTED","12","12","0","3","5.3499694871438415","1.5","0.7478143545076069","0.8392699711010733","0.6508981557360198","0.6508981557360198","0.11452190611753592","0.2968448682209436","50","50","50","5","5","False","False","NOT_APPLICABLE",,"0","0.0","0","63.91071176528931","50","50","50.0",,,"moderate_shadow"
"cifar10","20","2","mixed_maturity","access_weight_matched","dirichlet_lcb","diverse_then_repeat_backdoor","0.5","3","6","5","5","0.5","20","9","1.5","5","honest-18","honest","incumbent","ADMITTED","ADMITTED","9","9","0","4","4.882922989522995","1.5","0.7462875490779619","0.8370070466491786","0.6465358545084627","0.6465358545084627","0.1157982362815884","0.29254799703263074","50","50","50","5","5","False","False","NOT_APPLICABLE",,"0","0.0","0","3.7366960048675537","50","50","50.0",,,"moderate_shadow"
"cifar10","20","2","mixed_maturity","access_weight_matched","dirichlet_lcb","diverse_then_repeat_backdoor","0.5","3","6","5","5","0.5","20","9","1.5","5","honest-2","honest","incumbent","ADMITTED","ADMITTED","9","9","0","4","4.882922989522995","1.5","0.7462875490779619","0.8370070466491786","0.6465358545084627","0.6465358545084627","0.1157982362815884","0.29254799703263074","50","50","50","5","5","False","False","NOT_APPLICABLE",,"0","0.0","0","2.3248963356018066","50","50","50.0",,,"moderate_shadow"
"cifar10","20","2","mixed_maturity","access_weight_matched","dirichlet_lcb","diverse_then_repeat_backdoor","0.5","3","6","5","5","0.5","20","9","1.5","5","honest-3","honest","incumbent","ADMITTED","ADMITTED","9","9","0","4","4.882922989522995","1.5","0.7462875490779619","0.8370070466491786","0.6465358545084627","0.6465358545084627","0.1157982362815884","0.29254799703263074","50","50","50","5","5","False","False","NOT_APPLICABLE",,"0","0.0","0","2.372462511062622","50","50","50.0",,,"moderate_shadow"
"cifar10","20","2","mixed_maturity","access_weight_matched","dirichlet_lcb","diverse_then_repeat_backdoor","0.5","3","6","5","5","0.5","20","9","1.5","5","honest-4","honest","incumbent","ADMITTED","ADMITTED","9","9","0","4","4.882922989522995","1.5","0.7462875490779619","0.8370070466491786","0.6465358545084627","0.6465358545084627","0.1157982362815884","0.29254799703263074","50","50","50","5","5","False","False","NOT_APPLICABLE",,"0","0.0","0","33.83272576332092","50","50","50.0",,,"moderate_shadow"
"cifar10","20","2","mixed_maturity","access_weight_matched","dirichlet_lcb","diverse_then_repeat_backdoor","0.5","3","6","5","5","0.5","20","9","1.5","5","honest-5","honest","incumbent","ADMITTED","ADMITTED","9","9","0","4","4.882922989522995","1.5","0.7462875490779619","0.8370070466491786","0.6465358545084627","0.6465358545084627","0.1157982362815884","0.29254799703263074","50","50","50","5","5","False","False","NOT_APPLICABLE",,"0","0.0","0","33.32927465438843","50","50","50.0",,,"moderate_shadow"
"cifar10","20","2","mixed_maturity","access_weight_matched","dirichlet_lcb","diverse_then_repeat_backdoor","0.5","3","6","5","5","0.5","20","9","1.5","5","honest-6","honest","incumbent","ADMITTED","ADMITTED","9","9","0","4","4.882922989522995","1.5","0.7462875490779619","0.8370070466491786","0.6465358545084627","0.6465358545084627","0.1157982362815884","0.29254799703263074","50","50","50","5","5","False","False","NOT_APPLICABLE",,"0","0.0","0","32.979673624038696","50","50","50.0",,,"moderate_shadow"
"cifar10","20","2","mixed_maturity","access_weight_matched","dirichlet_lcb","diverse_then_repeat_backdoor","0.5","3","6","5","5","0.5","20","9","1.5","5","honest-7","honest","incumbent","ADMITTED","ADMITTED","9","9","0","4","4.882922989522995","1.5","0.7462875490779619","0.8370070466491786","0.6465358545084627","0.6465358545084627","0.1157982362815884","0.29254799703263074","50","50","50","5","5","False","False","NOT_APPLICABLE",,"0","0.0","0","3.92454195022583","50","50","50.0",,,"moderate_shadow"
"cifar10","20","2","mixed_maturity","access_weight_matched","dirichlet_lcb","diverse_then_repeat_backdoor","0.5","3","6","5","5","0.5","20","9","1.5","5","honest-8","honest","incumbent","ADMITTED","ADMITTED","9","9","0","4","4.882922989522995","1.5","0.7462875490779619","0.8370070466491786","0.6465358545084627","0.6465358545084627","0.1157982362815884","0.29254799703263074","50","50","50","5","5","False","False","NOT_APPLICABLE",,"0","0.0","0","3.938192844390869","50","50","50.0",,,"moderate_shadow"
"cifar10","20","2","mixed_maturity","access_weight_matched","dirichlet_lcb","diverse_then_repeat_backdoor","0.5","3","6","5","5","0.5","20","9","1.5","5","honest-9","honest","incumbent","ADMITTED","ADMITTED","9","9","0","4","4.882922989522995","1.5","0.7462875490779619","0.8370070466491786","0.6465358545084627","0.6465358545084627","0.1157982362815884","0.29254799703263074","50","50","50","5","5","False","False","NOT_APPLICABLE",,"0","0.0","0","2.135014295578003","50","50","50.0",,,"moderate_shadow"
"cifar10","20","2","mixed_maturity","access_weight_matched","dirichlet_lcb","diverse_then_repeat_backdoor","0.5","4","6","5","5","0.5","20","9","1.5","5","attacker-1","diverse_then_repeat_backdoor","newcomer","LIMITED","ADMITTED","9","9","0","4","4.882922989522995","1.5","0.7462875490779619","0.8370070466491786","0.6465358545084627","0.6465358545084627","0.1157982362815884","0.29254799703263074","50","50","50","5","5","False","False","NOT_APPLICABLE",,"0","0.0","0","3.214148759841919","50","50","37.5",,,"moderate_shadow"
"cifar10","20","2","mixed_maturity","access_weight_matched","dirichlet_lcb","diverse_then_repeat_backdoor","0.5","4","6","5","5","0.5","20","9","1.5","5","attacker-2","diverse_then_repeat_backdoor","newcomer","LIMITED","ADMITTED","9","9","0","4","4.882922989522995","1.5","0.7462875490779619","0.8370070466491786","0.6465358545084627","0.6465358545084627","0.1157982362815884","0.29254799703263074","50","50","50","5","5","False","False","NOT_APPLICABLE",,"0","0.0","0","2.4469189643859863","50","50","37.5",,,"moderate_shadow"
"cifar10","20","2","mixed_maturity","access_weight_matched","dirichlet_lcb","diverse_then_repeat_backdoor","0.5","4","6","5","5","0.5","20","9","1.5","5","honest-1","honest","incumbent","ADMITTED","ADMITTED","9","9","0","4","4.882922989522995","1.5","0.7462875490779619","0.8370070466491786","0.6465358545084627","0.6465358545084627","0.1157982362815884","0.29254799703263074","50","50","50","5","5","False","False","NOT_APPLICABLE",,"0","0.0","0","2.2883644104003906","50","50","50.0",,,"moderate_shadow"
"cifar10","20","2","mixed_maturity","access_weight_matched","dirichlet_lcb","diverse_then_repeat_backdoor","0.5","4","6","5","5","0.5","20","9","1.5","5","honest-10","honest","incumbent","ADMITTED","ADMITTED","9","9","0","4","4.882922989522995","1.5","0.7462875490779619","0.8370070466491786","0.6465358545084627","0.6465358545084627","0.1157982362815884","0.29254799703263074","50","50","50","5","5","False","False","NOT_APPLICABLE",,"0","0.0","0","62.81565737724304","50","50","50.0",,,"moderate_shadow"
"cifar10","20","2","mixed_maturity","access_weight_matched","dirichlet_lcb","diverse_then_repeat_backdoor","0.5","4","6","5","5","0.5","20","9","1.5","5","honest-11","honest","incumbent","ADMITTED","ADMITTED","9","9","0","4","4.882922989522995","1.5","0.7462875490779619","0.8370070466491786","0.6465358545084627","0.6465358545084627","0.1157982362815884","0.29254799703263074","50","50","50","5","5","False","False","NOT_APPLICABLE",,"0","0.0","0","3.804685354232788","50","50","50.0",,,"moderate_shadow"
"cifar10","20","2","mixed_maturity","access_weight_matched","dirichlet_lcb","diverse_then_repeat_backdoor","0.5","4","6","5","5","0.5","20","9","1.5","5","honest-12","honest","incumbent","ADMITTED","ADMITTED","9","9","0","4","4.882922989522995","1.5","0.7462875490779619","0.8370070466491786","0.6465358545084627","0.6465358545084627","0.1157982362815884","0.29254799703263074","50","50","50","5","5","False","False","NOT_APPLICABLE",,"0","0.0","0","3.8790502548217773","50","50","50.0",,,"moderate_shadow"
"cifar10","20","2","mixed_maturity","access_weight_matched","dirichlet_lcb","diverse_then_repeat_backdoor","0.5","4","6","5","5","0.5","20","9","1.5","5","honest-13","honest","incumbent","ADMITTED","ADMITTED","9","9","0","4","4.882922989522995","1.5","0.7462875490779619","0.8370070466491786","0.6465358545084627","0.6465358545084627","0.1157982362815884","0.29254799703263074","50","50","50","5","5","False","False","NOT_APPLICABLE",,"0","0.0","0","3.636857509613037","50","50","50.0",,,"moderate_shadow"
"cifar10","20","2","mixed_maturity","access_weight_matched","dirichlet_lcb","diverse_then_repeat_backdoor","0.5","4","6","5","5","0.5","20","9","1.5","5","honest-14","honest","incumbent","ADMITTED","ADMITTED","9","9","0","4","4.882922989522995","1.5","0.7462875490779619","0.8370070466491786","0.6465358545084627","0.6465358545084627","0.1157982362815884","0.29254799703263074","50","50","50","5","5","False","False","NOT_APPLICABLE",,"0","0.0","0","3.5134007930755615","50","50","50.0",,,"moderate_shadow"
"cifar10","20","2","mixed_maturity","access_weight_matched","dirichlet_lcb","diverse_then_repeat_backdoor","0.5","4","6","5","5","0.5","20","9","1.5","5","honest-15","honest","incumbent","ADMITTED","ADMITTED","9","9","0","4","4.882922989522995","1.5","0.7462875490779619","0.8370070466491786","0.6465358545084627","0.6465358545084627","0.1157982362815884","0.29254799703263074","50","50","50","5","5","False","False","NOT_APPLICABLE",,"0","0.0","0","2.5186710357666016","50","50","50.0",,,"moderate_shadow"
"cifar10","20","2","mixed_maturity","access_weight_matched","dirichlet_lcb","diverse_then_repeat_backdoor","0.5","4","6","5","5","0.5","20","9","1.5","5","honest-16","honest","incumbent","ADMITTED","ADMITTED","9","9","0","4","4.882922989522995","1.5","0.7462875490779619","0.8370070466491786","0.6465358545084627","0.6465358545084627","0.1157982362815884","0.29254799703263074","50","50","50","5","5","False","False","NOT_APPLICABLE",,"0","0.0","0","2.6164345741271973","50","50","50.0",,,"moderate_shadow"
"cifar10","20","2","mixed_maturity","access_weight_matched","dirichlet_lcb","diverse_then_repeat_backdoor","0.5","4","6","5","5","0.5","20","9","1.5","5","honest-17","honest","incumbent","ADMITTED","ADMITTED","9","9","0","4","4.882922989522995","1.5","0.7462875490779619","0.8370070466491786","0.6465358545084627","0.6465358545084627","0.1157982362815884","0.29254799703263074","50","50","50","5","5","False","False","NOT_APPLICABLE",,"0","0.0","0","2.790541648864746","50","50","50.0",,,"moderate_shadow"
"cifar10","20","2","mixed_maturity","access_weight_matched","dirichlet_lcb","diverse_then_repeat_backdoor","0.5","4","6","5","5","0.5","20","9","1.5","5","honest-18","honest","incumbent","ADMITTED","ADMITTED","9","9","0","4","4.882922989522995","1.5","0.7462875490779619","0.8370070466491786","0.6465358545084627","0.6465358545084627","0.1157982362815884","0.29254799703263074","50","50","50","5","5","False","False","NOT_APPLICABLE",,"0","0.0","0","3.47046160697937","50","50","50.0",,,"moderate_shadow"
"cifar10","20","2","mixed_maturity","access_weight_matched","dirichlet_lcb","diverse_then_repeat_backdoor","0.5","4","6","5","5","0.5","20","9","1.5","5","honest-2","honest","incumbent","ADMITTED","ADMITTED","9","9","0","4","4.882922989522995","1.5","0.7262875490779619","0.8370070466491786","0.6465358545084627","0.6465358545084627","0.1157982362815884","0.29254799703263074","50","50","50","5","5","False","False","NOT_APPLICABLE",,"0","0.0","0","32.88534903526306","50","50","50.0",,,"moderate_shadow"
"cifar10","20","2","mixed_maturity","access_weight_matched","dirichlet_lcb","diverse_then_repeat_backdoor","0.5","4","6","5","5","0.5","20","9","1.5","5","honest-3","honest","incumbent","ADMITTED","ADMITTED","9","9","0","3","5.004489238881761","1.5","0.7503560216234088","0.8430201361031787","0.6581600617811678","0.6581600617811678","0.11238691964272261","0.3041175807403508","50","50","50","5","5","False","False","NOT_APPLICABLE",,"0","0.0","0","32.364628314971924","50","50","50.0",,,"moderate_shadow"
"cifar10","20","2","mixed_maturity","access_weight_matched","dirichlet_lcb","diverse_then_repeat_backdoor","0.5","4","6","5","5","0.5","20","9","1.5","5","honest-4","honest","incumbent","ADMITTED","ADMITTED","9","9","0","4","4.882922989522995","1.5","0.7462875490779619","0.8370070466491786","0.6465358545084627","0.6465358545084627","0.1157982362815884","0.29254799703263074","50","50","50","5","5","False","False","NOT_APPLICABLE",,"0","0.0","0","33.121190309524536","50","50","50.0",,,"moderate_shadow"
"cifar10","20","2","mixed_maturity","access_weight_matched","dirichlet_lcb","diverse_then_repeat_backdoor","0.5","4","6","5","5","0.5","20","9","1.5","5","honest-5","honest","incumbent","ADMITTED","ADMITTED","9","9","0","4","4.882922989522995","1.5","0.7462875490779619","0.8370070466491786","0.6465358545084627","0.6465358545084627","0.1157982362815884","0.29254799703263074","50","50","50","5","5","False","False","NOT_APPLICABLE",,"0","0.0","0","3.97182559967041","50","50","50.0",,,"moderate_shadow"
"cifar10","20","2","mixed_maturity","access_weight_matched","dirichlet_lcb","diverse_then_repeat_backdoor","0.5","4","6","5","5","0.5","20","9","1.5","5","honest-6","honest","incumbent","ADMITTED","ADMITTED","9","9","0","4","4.882922989522995","1.5","0.7462875490779619","0.8370070466491786","0.6465358545084627","0.6465358545084627","0.1157982362815884","0.29254799703263074","50","50","50","5","5","False","False","NOT_APPLICABLE",,"0","0.0","0","3.656203269958496","50","50","50.0",,,"moderate_shadow"
"cifar10","20","2","mixed_maturity","access_weight_matched","dirichlet_lcb","diverse_then_repeat_backdoor","0.5","4","6","5","5","0.5","20","9","1.5","5","honest-7","honest","incumbent","ADMITTED","ADMITTED","9","9","0","4","4.882922989522995","1.5","0.7462875490779619","0.8370070466491786","0.6465358545084627","0.6465358545084627","0.1157982362815884","0.29254799703263074","50","50","50","5","5","False","False","NOT_APPLICABLE",,"0","0.0","0","3.6881444454193115","50","50","50.0",,,"moderate_shadow"
"cifar10","20","2","mixed_maturity","access_weight_matched","dirichlet_lcb","diverse_then_repeat_backdoor","0.5","4","6","5","5","0.5","20","9","1.5","5","honest-8","honest","incumbent","ADMITTED","ADMITTED","9","9","0","4","4.882922989522995","1.5","0.7462875490779619","0.8370070466491786","0.6465358545084627","0.6465358545084627","0.1157982362815884","0.29254799703263074","50","50","50","5","5","False","False","NOT_APPLICABLE",,"0","0.0","0","3.780240535736084","50","50","50.0",,,"moderate_shadow"
"cifar10","20","2","mixed_maturity","access_weight_matched","dirichlet_lcb","diverse_then_repeat_backdoor","0.5","4","6","5","5","0.5","20","9","1.5","5","honest-9","honest","incumbent","ADMITTED","ADMITTED","9","9","0","4","4.882922989522995","1.5","0.7462875490779619","0.8370070466491786","0.6465358545084627","0.6465358545084627","0.1157982362815884","0.29254799703263074","50","50","50","5","5","False","False","NOT_APPLICABLE",,"0","0.0","0","2.323066473007202","50","50","50.0",,,"moderate_shadow"
"cifar10","20","2","mixed_maturity","access_weight_matched","dirichlet_lcb","diverse_then_repeat_backdoor","0.5","5","6","5","5","0.5","20","9","1.5","5","attacker-1","diverse_then_repeat_backdoor","newcomer","LIMITED","ADMITTED","9","9","0","4","4.882922989522995","1.5","0.7462875490779619","0.8370070466491786","0.6465358545084627","0.6465358545084627","0.1157982362815884","0.29254799703263074","50","50","50","5","5","False","False","NOT_APPLICABLE",,"0","0.0","0","2.448989152908325","50","50","37.5",,,"moderate_shadow"
"cifar10","20","2","mixed_maturity","access_weight_matched","dirichlet_lcb","diverse_then_repeat_backdoor","0.5","5","6","5","5","0.5","20","9","1.5","5","attacker-2","diverse_then_repeat_backdoor","newcomer","LIMITED","ADMITTED","9","9","0","4","4.882922989522995","1.5","0.7462875490779619","0.8370070466491786","0.6465358545084627","0.6465358545084627","0.1157982362815884","0.29254799703263074","50","50","50","5","5","False","False","NOT_APPLICABLE",,"0","0.0","0","3.192354917526245","50","50","37.5",,,"moderate_shadow"
"cifar10","20","2","mixed_maturity","access_weight_matched","dirichlet_lcb","diverse_then_repeat_backdoor","0.5","5","6","5","5","0.5","20","9","1.5","5","honest-1","honest","incumbent","ADMITTED","ADMITTED","9","9","0","3","4.76698923888176","1.5","0.7437820368902304","0.8332768051183246","0.6393772482578011","0.6393772482578011","0.11788253356256753","0.28561047849957855","50","50","50","5","5","False","False","NOT_APPLICABLE",,"0","0.0","0","32.42954182624817","50","50","50.0",,,"moderate_shadow"
"cifar10","20","2","mixed_maturity","access_weight_matched","dirichlet_lcb","diverse_then_repeat_backdoor","0.5","5","6","5","5","0.5","20","9","1.5","5","honest-10","honest","incumbent","ADMITTED","ADMITTED","9","9","0","4","4.882922989522995","1.5","0.7462875490779619","0.8370070466491786","0.6465358545084627","0.6465358545084627","0.1157982362815884","0.29254799703263074","50","50","50","5","5","False","False","NOT_APPLICABLE",,"0","0.0","0","3.359574794769287","50","50","50.0",,,"moderate_shadow"
"cifar10","20","2","mixed_maturity","access_weight_matched","dirichlet_lcb","diverse_then_repeat_backdoor","0.5","5","6","5","5","0.5","20","9","1.5","5","honest-11","honest","incumbent","ADMITTED","ADMITTED","9","9","0","3","4.5294892388817605","1.5","0.7401065581334588","0.8277664507491892","0.6288758803813109","0.6288758803813109","0.12091685363435191","0.27568090107538146","50","50","50","5","5","False","False","NOT_APPLICABLE",,"0","0.0","0","32.55202841758728","50","50","50.0",,,"moderate_shadow"
"cifar10","20","2","mixed_maturity","access_weight_matched","dirichlet_lcb","diverse_then_repeat_backdoor","0.5","5","6","5","5","0.5","20","9","1.5","5","honest-12","honest","incumbent","ADMITTED","ADMITTED","9","9","0","4","4.882922989522995","1.5","0.7462875490779619","0.8370070466491786","0.6465358545084627","0.6465358545084627","0.1157982362815884","0.29254799703263074","50","50","50","5","5","False","False","NOT_APPLICABLE",,"0","0.0","0","32.52800631523132","50","50","50.0",,,"moderate_shadow"
"cifar10","20","2","mixed_maturity","access_weight_matched","dirichlet_lcb","diverse_then_repeat_backdoor","0.5","5","6","5","5","0.5","20","9","1.5","5","honest-13","honest","incumbent","ADMITTED","ADMITTED","9","9","0","4","4.882922989522995","1.5","0.7462875490779619","0.8370070466491786","0.6465358545084627","0.6465358545084627","0.1157982362815884","0.29254799703263074","50","50","50","5","5","False","False","NOT_APPLICABLE",,"0","0.0","0","3.21549129486084","50","50","50.0",,,"moderate_shadow"
"cifar10","20","2","mixed_maturity","access_weight_matched","dirichlet_lcb","diverse_then_repeat_backdoor","0.5","5","6","5","5","0.5","20","9","1.5","5","honest-14","honest","incumbent","ADMITTED","ADMITTED","9","9","0","4","4.882922989522995","1.5","0.7462875490779619","0.8370070466491786","0.6465358545084627","0.6465358545084627","0.1157982362815884","0.29254799703263074","50","50","50","5","5","False","False","NOT_APPLICABLE",,"0","0.0","0","2.6191024780273438","50","50","50.0",,,"moderate_shadow"
"cifar10","20","2","mixed_maturity","access_weight_matched","dirichlet_lcb","diverse_then_repeat_backdoor","0.5","5","6","5","5","0.5","20","9","1.5","5","honest-15","honest","incumbent","ADMITTED","ADMITTED","9","9","0","4","4.882922989522995","1.5","0.7462875490779619","0.8370070466491786","0.6465358545084627","0.6465358545084627","0.1157982362815884","0.29254799703263074","50","50","50","5","5","False","False","NOT_APPLICABLE",,"0","0.0","0","3.171978235244751","50","50","50.0",,,"moderate_shadow"
"cifar10","20","2","mixed_maturity","access_weight_matched","dirichlet_lcb","diverse_then_repeat_backdoor","0.5","5","6","5","5","0.5","20","9","1.5","5","honest-16","honest","incumbent","ADMITTED","ADMITTED","9","9","0","4","4.882922989522995","1.5","0.7462875490779619","0.8370070466491786","0.6465358545084627","0.6465358545084627","0.1157982362815884","0.29254799703263074","50","50","50","5","5","False","False","NOT_APPLICABLE",,"0","0.0","0","2.35837984085083","50","50","50.0",,,"moderate_shadow"
"cifar10","20","2","mixed_maturity","access_weight_matched","dirichlet_lcb","diverse_then_repeat_backdoor","0.5","5","6","5","5","0.5","20","9","1.5","5","honest-17","honest","incumbent","ADMITTED","ADMITTED","9","9","0","3","4.5294892388817605","1.5","0.7401065581334588","0.8277664507491892","0.6288758803813109","0.6288758803813109","0.12091685363435191","0.27568090107538146","50","50","50","5","5","False","False","NOT_APPLICABLE",,"0","0.0","0","32.628854513168335","50","50","50.0",,,"moderate_shadow"
"cifar10","20","2","mixed_maturity","access_weight_matched","dirichlet_lcb","diverse_then_repeat_backdoor","0.5","5","6","5","5","0.5","20","9","1.5","5","honest-18","honest","incumbent","ADMITTED","ADMITTED","9","9","0","4","4.882922989522995","1.5","0.7462875490779619","0.8370070466491786","0.6465358545084627","0.6465358545084627","0.1157982362815884","0.29254799703263074","50","50","50","5","5","False","False","NOT_APPLICABLE",,"0","0.0","0","2.671116590499878","50","50","50.0",,,"moderate_shadow"
"cifar10","20","2","mixed_maturity","access_weight_matched","dirichlet_lcb","diverse_then_repeat_backdoor","0.5","5","6","5","5","0.5","20","9","1.5","5","honest-2","honest","incumbent","ADMITTED","ADMITTED","9","9","0","4","4.882922989522995","1.5","0.7462875490779619","0.8370070466491786","0.6465358545084627","0.6465358545084627","0.1157982362815884","0.29254799703263074","50","50","50","5","5","False","False","NOT_APPLICABLE",,"0","0.0","0","2.30592679977417","50","50","50.0",,,"moderate_shadow"
"cifar10","20","2","mixed_maturity","access_weight_matched","dirichlet_lcb","diverse_then_repeat_backdoor","0.5","5","6","5","5","0.5","20","9","1.5","5","honest-3","honest","incumbent","ADMITTED","ADMITTED","9","9","0","4","4.882922989522995","1.5","0.7462875490779619","0.8370070466491786","0.6465358545084627","0.6465358545084627","0.1157982362815884","0.29254799703263074","50","50","50","5","5","False","False","NOT_APPLICABLE",,"0","0.0","0","3.157191753387451","50","50","50.0",,,"moderate_shadow"
"cifar10","20","2","mixed_maturity","access_weight_matched","dirichlet_lcb","diverse_then_repeat_backdoor","0.5","5","6","5","5","0.5","20","9","1.5","5","honest-4","honest","incumbent","ADMITTED","ADMITTED","9","9","0","4","4.882922989522995","1.5","0.7462875490779619","0.8370070466491786","0.6465358545084627","0.6465358545084627","0.1157982362815884","0.29254799703263074","50","50","50","5","5","False","False","NOT_APPLICABLE",,"0","0.0","0","3.2241435050964355","50","50","50.0",,,"moderate_shadow"
"cifar10","20","2","mixed_maturity","access_weight_matched","dirichlet_lcb","diverse_then_repeat_backdoor","0.5","5","6","5","5","0.5","20","9","1.5","5","honest-5","honest","incumbent","ADMITTED","ADMITTED","9","9","0","4","4.882922989522995","1.5","0.7462875490779619","0.8370070466491786","0.6465358545084627","0.6465358545084627","0.1157982362815884","0.29254799703263074","50","50","50","5","5","False","False","NOT_APPLICABLE",,"0","0.0","0","32.63131546974182","50","50","50.0",,,"moderate_shadow"
"cifar10","20","2","mixed_maturity","access_weight_matched","dirichlet_lcb","diverse_then_repeat_backdoor","0.5","5","6","5","5","0.5","20","9","1.5","5","honest-6","honest","incumbent","ADMITTED","ADMITTED","9","9","0","4","4.882922989522995","1.5","0.7462875490779619","0.8370070466491786","0.6465358545084627","0.6465358545084627","0.1157982362815884","0.29254799703263074","50","50","50","5","5","False","False","NOT_APPLICABLE",,"0","0.0","0","2.4325687885284424","50","50","50.0",,,"moderate_shadow"
"cifar10","20","2","mixed_maturity","access_weight_matched","dirichlet_lcb","diverse_then_repeat_backdoor","0.5","5","6","5","5","0.5","20","9","1.5","5","honest-7","honest","incumbent","ADMITTED","ADMITTED","9","9","0","4","4.882922989522995","1.5","0.7462875490779619","0.8370070466491786","0.6465358545084627","0.6465358545084627","0.1157982362815884","0.29254799703263074","50","50","50","5","5","False","False","NOT_APPLICABLE",,"0","0.0","0","2.6604814529418945","50","50","50.0",,,"moderate_shadow"
"cifar10","20","2","mixed_maturity","access_weight_matched","dirichlet_lcb","diverse_then_repeat_backdoor","0.5","5","6","5","5","0.5","20","9","1.5","5","honest-8","honest","incumbent","ADMITTED","ADMITTED","9","9","0","4","4.882922989522995","1.5","0.7462875490779619","0.8370070466491786","0.6465358545084627","0.6465358545084627","0.1157982362815884","0.29254799703263074","50","50","50","5","5","False","False","NOT_APPLICABLE",,"0","0.0","0","2.5461161136627197","50","50","50.0",,,"moderate_shadow"
"cifar10","20","2","mixed_maturity","access_weight_matched","dirichlet_lcb","diverse_then_repeat_backdoor","0.5","5","6","5","5","0.5","20","9","1.5","5","honest-9","honest","incumbent","ADMITTED","ADMITTED","9","9","0","4","4.882922989522995","1.5","0.7462875490779619","0.8370070466491786","0.6465358545084627","0.6465358545084627","0.1157982362815884","0.29254799703263074","50","50","50","5","5","False","False","NOT_APPLICABLE",,"0","0.0","0","2.3523917198181152","50","50","50.0",,,"moderate_shadow"
"cifar10","20","2","mixed_maturity","access_weight_matched","dirichlet_lcb","diverse_then_repeat_backdoor","0.5","6","6","5","5","0.5","20","9","1.5","5","attacker-1","diverse_then_repeat_backdoor","newcomer","LIMITED","ADMITTED","9","9","0","4","4.882922989522995","1.5","0.7462875490779619","0.8370070466491786","0.6465358545084627","0.6465358545084627","0.1157982362815884","0.29254799703263074","50","50","50","5","5","False","False","NOT_APPLICABLE",,"0","0.0","0","2.4883041381835938","50","50","37.5",,,"moderate_shadow"
"cifar10","20","2","mixed_maturity","access_weight_matched","dirichlet_lcb","diverse_then_repeat_backdoor","0.5","6","6","5","5","0.5","20","9","1.5","5","attacker-2","diverse_then_repeat_backdoor","newcomer","LIMITED","ADMITTED","9","9","0","4","4.882922989522995","1.5","0.7462875490779619","0.8370070466491786","0.6465358545084627","0.6465358545084627","0.1157982362815884","0.29254799703263074","50","50","50","5","5","False","False","NOT_APPLICABLE",,"0","0.0","0","3.5034127235412598","50","50","37.5",,,"moderate_shadow"
"cifar10","20","2","mixed_maturity","access_weight_matched","dirichlet_lcb","diverse_then_repeat_backdoor","0.5","6","6","5","5","0.5","20","9","1.5","5","honest-1","honest","incumbent","ADMITTED","ADMITTED","9","9","0","4","4.882922989522995","1.5","0.7462875490779619","0.8370070466491786","0.6465358545084627","0.6465358545084627","0.1157982362815884","0.29254799703263074","50","50","50","5","5","False","False","NOT_APPLICABLE",,"0","0.0","0","3.5132224559783936","50","50","50.0",,,"moderate_shadow"
"cifar10","20","2","mixed_maturity","access_weight_matched","dirichlet_lcb","diverse_then_repeat_backdoor","0.5","6","6","5","5","0.5","20","9","1.5","5","honest-10","honest","incumbent","ADMITTED","ADMITTED","9","9","0","4","4.882922989522995","1.5","0.7462875490779619","0.8370070466491786","0.6465358545084627","0.6465358545084627","0.1157982362815884","0.29254799703263074","50","50","50","5","5","False","False","NOT_APPLICABLE",,"0","0.0","0","3.6546852588653564","50","50","50.0",,,"moderate_shadow"
"cifar10","20","2","mixed_maturity","access_weight_matched","dirichlet_lcb","diverse_then_repeat_backdoor","0.5","6","6","5","5","0.5","20","9","1.5","5","honest-11","honest","incumbent","ADMITTED","ADMITTED","9","9","0","4","4.882922989522995","1.5","0.7462875490779619","0.8370070466491786","0.6465358545084627","0.6465358545084627","0.1157982362815884","0.29254799703263074","50","50","50","5","5","False","False","NOT_APPLICABLE",,"0","0.0","0","2.900381088256836","50","50","50.0",,,"moderate_shadow"
"cifar10","20","2","mixed_maturity","access_weight_matched","dirichlet_lcb","diverse_then_repeat_backdoor","0.5","6","6","5","5","0.5","20","9","1.5","5","honest-12","honest","incumbent","ADMITTED","ADMITTED","9","9","0","4","4.882922989522995","1.5","0.7462875490779619","0.8370070466491786","0.6465358545084627","0.6465358545084627","0.1157982362815884","0.29254799703263074","50","50","50","5","5","False","False","NOT_APPLICABLE",,"0","0.0","0","2.156599760055542","50","50","50.0",,,"moderate_shadow"
"cifar10","20","2","mixed_maturity","access_weight_matched","dirichlet_lcb","diverse_then_repeat_backdoor","0.5","6","6","5","5","0.5","20","9","1.5","5","honest-13","honest","incumbent","ADMITTED","ADMITTED","9","9","0","4","4.882922989522995","1.5","0.7462875490779619","0.8370070466491786","0.6465358545084627","0.6465358545084627","0.1157982362815884","0.29254799703263074","50","50","50","5","5","False","False","NOT_APPLICABLE",,"0","0.0","0","2.52158260345459","50","50","50.0",,,"moderate_shadow"
"cifar10","20","2","mixed_maturity","access_weight_matched","dirichlet_lcb","diverse_then_repeat_backdoor","0.5","6","6","5","5","0.5","20","9","1.5","5","honest-14","honest","incumbent","ADMITTED","ADMITTED","9","9","0","4","4.882922989522995","1.5","0.7462875490779619","0.8370070466491786","0.6465358545084627","0.6465358545084627","0.1157982362815884","0.29254799703263074","50","50","50","5","5","False","False","NOT_APPLICABLE",,"0","0.0","0","3.584233045578003","50","50","50.0",,,"moderate_shadow"
"cifar10","20","2","mixed_maturity","access_weight_matched","dirichlet_lcb","diverse_then_repeat_backdoor","0.5","6","6","5","5","0.5","20","9","1.5","5","honest-15","honest","incumbent","ADMITTED","ADMITTED","9","9","0","4","4.882922989522995","1.5","0.7462875490779619","0.8370070466491786","0.6465358545084627","0.6465358545084627","0.1157982362815884","0.29254799703263074","50","50","50","5","5","False","False","NOT_APPLICABLE",,"0","0.0","0","3.0748393535614014","50","50","50.0",,,"moderate_shadow"
"cifar10","20","2","mixed_maturity","access_weight_matched","dirichlet_lcb","diverse_then_repeat_backdoor","0.5","6","6","5","5","0.5","20","9","1.5","5","honest-16","honest","incumbent","ADMITTED","ADMITTED","9","9","0","4","4.882922989522995","1.5","0.7462875490779619","0.8370070466491786","0.6465358545084627","0.6465358545084627","0.1157982362815884","0.29254799703263074","50","50","50","5","5","False","False","NOT_APPLICABLE",,"0","0.0","0","3.367682456970215","50","50","50.0",,,"moderate_shadow"
"cifar10","20","2","mixed_maturity","access_weight_matched","dirichlet_lcb","diverse_then_repeat_backdoor","0.5","6","6","5","5","0.5","20","9","1.5","5","honest-17","honest","incumbent","ADMITTED","ADMITTED","9","9","0","4","4.882922989522995","1.5","0.7462875490779619","0.8370070466491786","0.6465358545084627","0.6465358545084627","0.1157982362815884","0.29254799703263074","50","50","50","5","5","False","False","NOT_APPLICABLE",,"0","0.0","0","2.61549973487854","50","50","50.0",,,"moderate_shadow"
"cifar10","20","2","mixed_maturity","access_weight_matched","dirichlet_lcb","diverse_then_repeat_backdoor","0.5","6","6","5","5","0.5","20","9","1.5","5","honest-18","honest","incumbent","ADMITTED","ADMITTED","9","9","0","4","4.882922989522995","1.5","0.7462875490779619","0.8370070466491786","0.6465358545084627","0.6465358545084627","0.1157982362815884","0.29254799703263074","50","50","50","5","5","False","False","NOT_APPLICABLE",,"0","0.0","0","2.337083101272583","50","50","50.0",,,"moderate_shadow"
"cifar10","20","2","mixed_maturity","access_weight_matched","dirichlet_lcb","diverse_then_repeat_backdoor","0.5","6","6","5","5","0.5","20","9","1.5","5","honest-2","honest","incumbent","ADMITTED","ADMITTED","9","9","0","4","4.882922989522995","1.5","0.7462875490779619","0.8370070466491786","0.6465358545084627","0.6465358545084627","0.1157982362815884","0.29254799703263074","50","50","50","5","5","False","False","NOT_APPLICABLE",,"0","0.0","0","2.5003015995025635","50","50","50.0",,,"moderate_shadow"
"cifar10","20","2","mixed_maturity","access_weight_matched","dirichlet_lcb","diverse_then_repeat_backdoor","0.5","6","6","5","5","0.5","20","9","1.5","5","honest-3","honest","incumbent","ADMITTED","ADMITTED","9","9","0","4","4.882922989522995","1.5","0.7462875490779619","0.8370070466491786","0.6465358545084627","0.6465358545084627","0.1157982362815884","0.29254799703263074","50","50","50","5","5","False","False","NOT_APPLICABLE",,"0","0.0","0","3.1182785034179688","50","50","50.0",,,"moderate_shadow"
"cifar10","20","2","mixed_maturity","access_weight_matched","dirichlet_lcb","diverse_then_repeat_backdoor","0.5","6","6","5","5","0.5","20","9","1.5","5","honest-4","honest","incumbent","ADMITTED","ADMITTED","9","9","0","4","4.882922989522995","1.5","0.7462875490779619","0.8370070466491786","0.6465358545084627","0.6465358545084627","0.1157982362815884","0.29254799703263074","50","50","50","5","5","False","False","NOT_APPLICABLE",,"0","0.0","0","3.2971928119659424","50","50","50.0",,,"moderate_shadow"
"cifar10","20","2","mixed_maturity","access_weight_matched","dirichlet_lcb","diverse_then_repeat_backdoor","0.5","6","6","5","5","0.5","20","9","1.5","5","honest-5","honest","incumbent","ADMITTED","ADMITTED","9","9","0","4","4.882922989522995","1.5","0.7462875490779619","0.8370070466491786","0.6465358545084627","0.6465358545084627","0.1157982362815884","0.29254799703263074","50","50","50","5","5","False","False","NOT_APPLICABLE",,"0","0.0","0","3.7685441970825195","50","50","50.0",,,"moderate_shadow"
"cifar10","20","2","mixed_maturity","access_weight_matched","dirichlet_lcb","diverse_then_repeat_backdoor","0.5","6","6","5","5","0.5","20","9","1.5","5","honest-6","honest","incumbent","ADMITTED","ADMITTED","9","9","0","4","4.882922989522995","1.5","0.7462875490779619","0.8370070466491786","0.6465358545084627","0.6465358545084627","0.1157982362815884","0.29254799703263074","50","50","50","5","5","False","False","NOT_APPLICABLE",,"0","0.0","0","3.125781297683716","50","50","50.0",,,"moderate_shadow"
"cifar10","20","2","mixed_maturity","access_weight_matched","dirichlet_lcb","diverse_then_repeat_backdoor","0.5","6","6","5","5","0.5","20","9","1.5","5","honest-7","honest","incumbent","ADMITTED","ADMITTED","9","9","0","4","4.882922989522995","1.5","0.7462875490779619","0.8370070466491786","0.6465358545084627","0.6465358545084627","0.1157982362815884","0.29254799703263074","50","50","50","5","5","False","False","NOT_APPLICABLE",,"0","0.0","0","2.6935083866119385","50","50","50.0",,,"moderate_shadow"
"cifar10","20","2","mixed_maturity","access_weight_matched","dirichlet_lcb","diverse_then_repeat_backdoor","0.5","6","6","5","5","0.5","20","9","1.5","5","honest-8","honest","incumbent","ADMITTED","ADMITTED","9","9","0","4","4.882922989522995","1.5","0.7462875490779619","0.8370070466491786","0.6465358545084627","0.6465358545084627","0.1157982362815884","0.29254799703263074","50","50","50","5","5","False","False","NOT_APPLICABLE",,"0","0.0","0","3.296889066696167","50","50","50.0",,,"moderate_shadow"
"cifar10","20","2","mixed_maturity","access_weight_matched","dirichlet_lcb","diverse_then_repeat_backdoor","0.5","6","6","5","5","0.5","20","9","1.5","5","honest-9","honest","incumbent","ADMITTED","ADMITTED","9","9","0","4","4.882922989522995","1.5","0.7462875490779619","0.8370070466491786","0.6465358545084627","0.6465358545084627","0.1157982362815884","0.29254799703263074","50","50","50","5","5","False","False","NOT_APPLICABLE",,"0","0.0","0","2.4978766441345215","50","50","50.0",,,"moderate_shadow"
"cifar10","20","2","mixed_maturity","access_weight_matched","dirichlet_lcb","diverse_then_repeat_backdoor","0.5","7","6","5","5","0.5","20","9","1.5","5","attacker-1","diverse_then_repeat_backdoor","newcomer","LIMITED","ADMITTED","9","9","0","4","4.882922989522995","1.5","0.7462875490779619","0.8370070466491786","0.6465358545084627","0.6465358545084627","0.1157982362815884","0.29254799703263074","50","50","50","5","5","False","False","NOT_APPLICABLE",,"0","0.0","0","3.429607391357422","50","50","37.5",,,"moderate_shadow"
"cifar10","20","2","mixed_maturity","access_weight_matched","dirichlet_lcb","diverse_then_repeat_backdoor","0.5","7","6","5","5","0.5","20","9","1.5","5","attacker-2","diverse_then_repeat_backdoor","newcomer","LIMITED","ADMITTED","9","9","0","4","4.882922989522995","1.5","0.7462875490779619","0.8370070466491786","0.6465358545084627","0.6465358545084627","0.1157982362815884","0.29254799703263074","50","50","50","5","5","False","False","NOT_APPLICABLE",,"0","0.0","0","3.704622745513916","50","50","37.5",,,"moderate_shadow"
"cifar10","20","2","mixed_maturity","access_weight_matched","dirichlet_lcb","diverse_then_repeat_backdoor","0.5","7","6","5","5","0.5","20","9","1.5","5","honest-1","honest","incumbent","ADMITTED","ADMITTED","9","9","0","4","4.882922989522995","1.5","0.7462875490779619","0.8370070466491786","0.6465358545084627","0.6465358545084627","0.1157982362815884","0.29254799703263074","50","50","50","5","5","False","False","NOT_APPLICABLE",,"0","0.0","0","3.679931163787842","50","50","50.0",,,"moderate_shadow"
"cifar10","20","2","mixed_maturity","access_weight_matched","dirichlet_lcb","diverse_then_repeat_backdoor","0.5","7","6","5","5","0.5","20","9","1.5","5","honest-10","honest","incumbent","ADMITTED","ADMITTED","9","9","0","4","4.882922989522995","1.5","0.7462875490779619","0.8370070466491786","0.6465358545084627","0.6465358545084627","0.1157982362815884","0.29254799703263074","50","50","50","5","5","False","False","NOT_APPLICABLE",,"0","0.0","0","3.7343504428863525","50","50","50.0",,,"moderate_shadow"
"cifar10","20","2","mixed_maturity","access_weight_matched","dirichlet_lcb","diverse_then_repeat_backdoor","0.5","7","6","5","5","0.5","20","9","1.5","5","honest-11","honest","incumbent","ADMITTED","ADMITTED","9","9","0","4","4.882922989522995","1.5","0.7462875490779619","0.8370070466491786","0.6465358545084627","0.6465358545084627","0.1157982362815884","0.29254799703263074","50","50","50","5","5","False","False","NOT_APPLICABLE",,"0","0.0","0","2.6418466567993164","50","50","50.0",,,"moderate_shadow"
"cifar10","20","2","mixed_maturity","access_weight_matched","dirichlet_lcb","diverse_then_repeat_backdoor","0.5","7","6","5","5","0.5","20","9","1.5","5","honest-12","honest","incumbent","ADMITTED","ADMITTED","9","9","0","4","4.882922989522995","1.5","0.7462875490779619","0.8370070466491786","0.6465358545084627","0.6465358545084627","0.1157982362815884","0.29254799703263074","50","50","50","5","5","False","False","NOT_APPLICABLE",,"0","0.0","0","2.40620493888855","50","50","50.0",,,"moderate_shadow"
"cifar10","20","2","mixed_maturity","access_weight_matched","dirichlet_lcb","diverse_then_repeat_backdoor","0.5","7","6","5","5","0.5","20","9","1.5","5","honest-13","honest","incumbent","ADMITTED","ADMITTED","9","9","0","3","4.76698923888176","1.5","0.7237820368902304","0.8332768051183246","0.6393772482578011","0.6393772482578011","0.11788253356256753","0.28561047849957855","50","50","50","5","5","False","False","NOT_APPLICABLE",,"0","0.0","0","3.0222039222717285","50","50","50.0",,,"moderate_shadow"
"cifar10","20","2","mixed_maturity","access_weight_matched","dirichlet_lcb","diverse_then_repeat_backdoor","0.5","7","6","5","5","0.5","20","9","1.5","5","honest-14","honest","incumbent","ADMITTED","ADMITTED","9","9","0","4","4.882922989522995","1.5","0.7462875490779619","0.8370070466491786","0.6465358545084627","0.6465358545084627","0.1157982362815884","0.29254799703263074","50","50","50","5","5","False","False","NOT_APPLICABLE",,"0","0.0","0","3.5722496509552","50","50","50.0",,,"moderate_shadow"
"cifar10","20","2","mixed_maturity","access_weight_matched","dirichlet_lcb","diverse_then_repeat_backdoor","0.5","7","6","5","5","0.5","20","9","1.5","5","honest-15","honest","incumbent","ADMITTED","ADMITTED","9","9","0","4","4.882922989522995","1.5","0.7462875490779619","0.8370070466491786","0.6465358545084627","0.6465358545084627","0.1157982362815884","0.29254799703263074","50","50","50","5","5","False","False","NOT_APPLICABLE",,"0","0.0","0","3.1185524463653564","50","50","50.0",,,"moderate_shadow"
"cifar10","20","2","mixed_maturity","access_weight_matched","dirichlet_lcb","diverse_then_repeat_backdoor","0.5","7","6","5","5","0.5","20","9","1.5","5","honest-16","honest","incumbent","ADMITTED","ADMITTED","9","9","0","4","4.882922989522995","1.5","0.7462875490779619","0.8370070466491786","0.6465358545084627","0.6465358545084627","0.1157982362815884","0.29254799703263074","50","50","50","5","5","False","False","NOT_APPLICABLE",,"0","0.0","0","3.1781296730041504","50","50","50.0",,,"moderate_shadow"
"cifar10","20","2","mixed_maturity","access_weight_matched","dirichlet_lcb","diverse_then_repeat_backdoor","0.5","7","6","5","5","0.5","20","9","1.5","5","honest-17","honest","incumbent","ADMITTED","ADMITTED","9","9","0","4","4.882922989522995","1.5","0.7462875490779619","0.8370070466491786","0.6465358545084627","0.6465358545084627","0.1157982362815884","0.29254799703263074","50","50","50","5","5","False","False","NOT_APPLICABLE",,"0","0.0","0","3.566145420074463","50","50","50.0",,,"moderate_shadow"
"cifar10","20","2","mixed_maturity","access_weight_matched","dirichlet_lcb","diverse_then_repeat_backdoor","0.5","7","6","5","5","0.5","20","9","1.5","5","honest-18","honest","incumbent","ADMITTED","ADMITTED","9","9","0","4","4.882922989522995","1.5","0.7462875490779619","0.8370070466491786","0.6465358545084627","0.6465358545084627","0.1157982362815884","0.29254799703263074","50","50","50","5","5","False","False","NOT_APPLICABLE",,"0","0.0","0","3.5754034519195557","50","50","50.0",,,"moderate_shadow"
"cifar10","20","2","mixed_maturity","access_weight_matched","dirichlet_lcb","diverse_then_repeat_backdoor","0.5","7","6","5","5","0.5","20","9","1.5","5","honest-2","honest","incumbent","ADMITTED","ADMITTED","9","9","0","4","4.882922989522995","1.5","0.7462875490779619","0.8370070466491786","0.6465358545084627","0.6465358545084627","0.1157982362815884","0.29254799703263074","50","50","50","5","5","False","False","NOT_APPLICABLE",,"0","0.0","0","3.5968286991119385","50","50","50.0",,,"moderate_shadow"
"cifar10","20","2","mixed_maturity","access_weight_matched","dirichlet_lcb","diverse_then_repeat_backdoor","0.5","7","6","5","5","0.5","20","9","1.5","5","honest-3","honest","incumbent","ADMITTED","ADMITTED","9","9","0","4","4.882922989522995","1.5","0.7462875490779619","0.8370070466491786","0.6465358545084627","0.6465358545084627","0.1157982362815884","0.29254799703263074","50","50","50","5","5","False","False","NOT_APPLICABLE",,"0","0.0","0","3.955625057220459","50","50","50.0",,,"moderate_shadow"
"cifar10","20","2","mixed_maturity","access_weight_matched","dirichlet_lcb","diverse_then_repeat_backdoor","0.5","7","6","5","5","0.5","20","9","1.5","5","honest-4","honest","incumbent","ADMITTED","ADMITTED","9","9","0","4","4.882922989522995","1.5","0.7462875490779619","0.8370070466491786","0.6465358545084627","0.6465358545084627","0.1157982362815884","0.29254799703263074","50","50","50","5","5","False","False","NOT_APPLICABLE",,"0","0.0","0","2.4796392917633057","50","50","50.0",,,"moderate_shadow"
"cifar10","20","2","mixed_maturity","access_weight_matched","dirichlet_lcb","diverse_then_repeat_backdoor","0.5","7","6","5","5","0.5","20","9","1.5","5","honest-5","honest","incumbent","ADMITTED","ADMITTED","9","9","0","4","4.882922989522995","1.5","0.7462875490779619","0.8370070466491786","0.6465358545084627","0.6465358545084627","0.1157982362815884","0.29254799703263074","50","50","50","5","5","False","False","NOT_APPLICABLE",,"0","0.0","0","32.65891933441162","50","50","50.0",,,"moderate_shadow"
"cifar10","20","2","mixed_maturity","access_weight_matched","dirichlet_lcb","diverse_then_repeat_backdoor","0.5","7","6","5","5","0.5","20","9","1.5","5","honest-6","honest","incumbent","ADMITTED","ADMITTED","9","9","0","4","4.882922989522995","1.5","0.7462875490779619","0.8370070466491786","0.6465358545084627","0.6465358545084627","0.1157982362815884","0.29254799703263074","50","50","50","5","5","False","False","NOT_APPLICABLE",,"0","0.0","0","2.8490853309631348","50","50","50.0",,,"moderate_shadow"
"cifar10","20","2","mixed_maturity","access_weight_matched","dirichlet_lcb","diverse_then_repeat_backdoor","0.5","7","6","5","5","0.5","20","9","1.5","5","honest-7","honest","incumbent","ADMITTED","ADMITTED","9","9","0","4","4.882922989522995","1.5","0.7462875490779619","0.8370070466491786","0.6465358545084627","0.6465358545084627","0.1157982362815884","0.29254799703263074","50","50","50","5","5","False","False","NOT_APPLICABLE",,"0","0.0","0","2.539669990539551","50","50","50.0",,,"moderate_shadow"
"cifar10","20","2","mixed_maturity","access_weight_matched","dirichlet_lcb","diverse_then_repeat_backdoor","0.5","7","6","5","5","0.5","20","9","1.5","5","honest-8","honest","incumbent","ADMITTED","ADMITTED","9","9","0","4","4.882922989522995","1.5","0.7462875490779619","0.8370070466491786","0.6465358545084627","0.6465358545084627","0.1157982362815884","0.29254799703263074","50","50","50","5","5","False","False","NOT_APPLICABLE",,"0","0.0","0","2.7144196033477783","50","50","50.0",,,"moderate_shadow"
"cifar10","20","2","mixed_maturity","access_weight_matched","dirichlet_lcb","diverse_then_repeat_backdoor","0.5","7","6","5","5","0.5","20","9","1.5","5","honest-9","honest","incumbent","ADMITTED","ADMITTED","9","9","0","4","4.882922989522995","1.5","0.7462875490779619","0.8370070466491786","0.6465358545084627","0.6465358545084627","0.1157982362815884","0.29254799703263074","50","50","50","5","5","False","False","NOT_APPLICABLE",,"0","0.0","0","33.346705198287964","50","50","50.0",,,"moderate_shadow"
"cifar10","20","2","mixed_maturity","access_weight_matched","dirichlet_lcb","diverse_then_repeat_backdoor","0.5","8","6","5","5","0.5","20","9","1.5","5","attacker-1","diverse_then_repeat_backdoor","newcomer","LIMITED","ADMITTED","9","9","0","4","4.882922989522995","1.5","0.7462875490779619","0.8370070466491786","0.6465358545084627","0.6465358545084627","0.1157982362815884","0.29254799703263074","50","50","50","5","5","False","False","NOT_APPLICABLE",,"0","0.0","0","3.5960912704467773","50","50","37.5",,,"moderate_shadow"
"cifar10","20","2","mixed_maturity","access_weight_matched","dirichlet_lcb","diverse_then_repeat_backdoor","0.5","8","6","5","5","0.5","20","9","1.5","5","attacker-2","diverse_then_repeat_backdoor","newcomer","LIMITED","ADMITTED","9","9","0","4","4.882922989522995","1.5","0.7462875490779619","0.8370070466491786","0.6465358545084627","0.6465358545084627","0.1157982362815884","0.29254799703263074","50","50","50","5","5","False","False","NOT_APPLICABLE",,"0","0.0","0","3.05031418800354","50","50","37.5",,,"moderate_shadow"
"cifar10","20","2","mixed_maturity","access_weight_matched","dirichlet_lcb","diverse_then_repeat_backdoor","0.5","8","6","5","5","0.5","20","9","1.5","5","honest-1","honest","incumbent","ADMITTED","ADMITTED","9","9","0","4","4.882922989522995","1.5","0.7462875490779619","0.8370070466491786","0.6465358545084627","0.6465358545084627","0.1157982362815884","0.29254799703263074","50","50","50","5","5","False","False","NOT_APPLICABLE",,"0","0.0","0","3.741687774658203","50","50","50.0",,,"moderate_shadow"
"cifar10","20","2","mixed_maturity","access_weight_matched","dirichlet_lcb","diverse_then_repeat_backdoor","0.5","8","6","5","5","0.5","20","9","1.5","5","honest-10","honest","incumbent","ADMITTED","ADMITTED","9","9","0","4","4.882922989522995","1.5","0.7462875490779619","0.8370070466491786","0.6465358545084627","0.6465358545084627","0.1157982362815884","0.29254799703263074","50","50","50","5","5","False","False","NOT_APPLICABLE",,"0","0.0","0","2.8751208782196045","50","50","50.0",,,"moderate_shadow"
"cifar10","20","2","mixed_maturity","access_weight_matched","dirichlet_lcb","diverse_then_repeat_backdoor","0.5","8","6","5","5","0.5","20","9","1.5","5","honest-11","honest","incumbent","ADMITTED","ADMITTED","9","9","0","4","4.882922989522995","1.5","0.7462875490779619","0.8370070466491786","0.6465358545084627","0.6465358545084627","0.1157982362815884","0.29254799703263074","50","50","50","5","5","False","False","NOT_APPLICABLE",,"0","0.0","0","3.424971103668213","50","50","50.0",,,"moderate_shadow"
"cifar10","20","2","mixed_maturity","access_weight_matched","dirichlet_lcb","diverse_then_repeat_backdoor","0.5","8","6","5","5","0.5","20","9","1.5","5","honest-12","honest","incumbent","ADMITTED","ADMITTED","9","9","0","4","4.882922989522995","1.5","0.7462875490779619","0.8370070466491786","0.6465358545084627","0.6465358545084627","0.1157982362815884","0.29254799703263074","50","50","50","5","5","False","False","NOT_APPLICABLE",,"0","0.0","0","2.6377475261688232","50","50","50.0",,,"moderate_shadow"
"cifar10","20","2","mixed_maturity","access_weight_matched","dirichlet_lcb","diverse_then_repeat_backdoor","0.5","8","6","5","5","0.5","20","9","1.5","5","honest-13","honest","incumbent","ADMITTED","ADMITTED","9","9","0","4","4.882922989522995","1.5","0.7462875490779619","0.8370070466491786","0.6465358545084627","0.6465358545084627","0.1157982362815884","0.29254799703263074","50","50","50","5","5","False","False","NOT_APPLICABLE",,"0","0.0","0","2.8291003704071045","50","50","50.0",,,"moderate_shadow"
"cifar10","20","2","mixed_maturity","access_weight_matched","dirichlet_lcb","diverse_then_repeat_backdoor","0.5","8","6","5","5","0.5","20","9","1.5","5","honest-14","honest","incumbent","ADMITTED","ADMITTED","9","9","0","4","4.882922989522995","1.5","0.7462875490779619","0.8370070466491786","0.6465358545084627","0.6465358545084627","0.1157982362815884","0.29254799703263074","50","50","50","5","5","False","False","NOT_APPLICABLE",,"0","0.0","0","2.3550307750701904","50","50","50.0",,,"moderate_shadow"
"cifar10","20","2","mixed_maturity","access_weight_matched","dirichlet_lcb","diverse_then_repeat_backdoor","0.5","8","6","5","5","0.5","20","9","1.5","5","honest-15","honest","incumbent","ADMITTED","ADMITTED","9","9","0","4","4.882922989522995","1.5","0.7462875490779619","0.8370070466491786","0.6465358545084627","0.6465358545084627","0.1157982362815884","0.29254799703263074","50","50","50","5","5","False","False","NOT_APPLICABLE",,"0","0.0","0","4.014989376068115","50","50","50.0",,,"moderate_shadow"
"cifar10","20","2","mixed_maturity","access_weight_matched","dirichlet_lcb","diverse_then_repeat_backdoor","0.5","8","6","5","5","0.5","20","9","1.5","5","honest-16","honest","incumbent","ADMITTED","ADMITTED","9","9","0","4","4.882922989522995","1.5","0.7462875490779619","0.8370070466491786","0.6465358545084627","0.6465358545084627","0.1157982362815884","0.29254799703263074","50","50","50","5","5","False","False","NOT_APPLICABLE",,"0","0.0","0","32.59493613243103","50","50","50.0",,,"moderate_shadow"
"cifar10","20","2","mixed_maturity","access_weight_matched","dirichlet_lcb","diverse_then_repeat_backdoor","0.5","8","6","5","5","0.5","20","9","1.5","5","honest-17","honest","incumbent","ADMITTED","ADMITTED","9","9","0","4","4.882922989522995","1.5","0.7462875490779619","0.8370070466491786","0.6465358545084627","0.6465358545084627","0.1157982362815884","0.29254799703263074","50","50","50","5","5","False","False","NOT_APPLICABLE",,"0","0.0","0","2.6679434776306152","50","50","50.0",,,"moderate_shadow"
"cifar10","20","2","mixed_maturity","access_weight_matched","dirichlet_lcb","diverse_then_repeat_backdoor","0.5","8","6","5","5","0.5","20","9","1.5","5","honest-18","honest","incumbent","ADMITTED","ADMITTED","9","9","0","4","4.882922989522995","1.5","0.7462875490779619","0.8370070466491786","0.6465358545084627","0.6465358545084627","0.1157982362815884","0.29254799703263074","50","50","50","5","5","False","False","NOT_APPLICABLE",,"0","0.0","0","3.6533360481262207","50","50","50.0",,,"moderate_shadow"
"cifar10","20","2","mixed_maturity","access_weight_matched","dirichlet_lcb","diverse_then_repeat_backdoor","0.5","8","6","5","5","0.5","20","9","1.5","5","honest-2","honest","incumbent","ADMITTED","ADMITTED","9","9","0","4","4.882922989522995","1.5","0.7462875490779619","0.8370070466491786","0.6465358545084627","0.6465358545084627","0.1157982362815884","0.29254799703263074","50","50","50","5","5","False","False","NOT_APPLICABLE",,"0","0.0","0","3.1009373664855957","50","50","50.0",,,"moderate_shadow"
"cifar10","20","2","mixed_maturity","access_weight_matched","dirichlet_lcb","diverse_then_repeat_backdoor","0.5","8","6","5","5","0.5","20","9","1.5","5","honest-3","honest","incumbent","ADMITTED","ADMITTED","9","9","0","4","4.882922989522995","1.5","0.7462875490779619","0.8370070466491786","0.6465358545084627","0.6465358545084627","0.1157982362815884","0.29254799703263074","50","50","50","5","5","False","False","NOT_APPLICABLE",,"0","0.0","0","3.4783029556274414","50","50","50.0",,,"moderate_shadow"
"cifar10","20","2","mixed_maturity","access_weight_matched","dirichlet_lcb","diverse_then_repeat_backdoor","0.5","8","6","5","5","0.5","20","9","1.5","5","honest-4","honest","incumbent","ADMITTED","ADMITTED","9","9","0","4","4.882922989522995","1.5","0.7462875490779619","0.8370070466491786","0.6465358545084627","0.6465358545084627","0.1157982362815884","0.29254799703263074","50","50","50","5","5","False","False","NOT_APPLICABLE",,"0","0.0","0","33.45500087738037","50","50","50.0",,,"moderate_shadow"
"cifar10","20","2","mixed_maturity","access_weight_matched","dirichlet_lcb","diverse_then_repeat_backdoor","0.5","8","6","5","5","0.5","20","9","1.5","5","honest-5","honest","incumbent","ADMITTED","ADMITTED","9","9","0","4","4.882922989522995","1.5","0.7462875490779619","0.8370070466491786","0.6465358545084627","0.6465358545084627","0.1157982362815884","0.29254799703263074","50","50","50","5","5","False","False","NOT_APPLICABLE",,"0","0.0","0","3.736492872238159","50","50","50.0",,,"moderate_shadow"
"cifar10","20","2","mixed_maturity","access_weight_matched","dirichlet_lcb","diverse_then_repeat_backdoor","0.5","8","6","5","5","0.5","20","9","1.5","5","honest-6","honest","incumbent","ADMITTED","ADMITTED","9","9","0","4","4.882922989522995","1.5","0.7462875490779619","0.8370070466491786","0.6465358545084627","0.6465358545084627","0.1157982362815884","0.29254799703263074","50","50","50","5","5","False","False","NOT_APPLICABLE",,"0","0.0","0","3.698411703109741","50","50","50.0",,,"moderate_shadow"
"cifar10","20","2","mixed_maturity","access_weight_matched","dirichlet_lcb","diverse_then_repeat_backdoor","0.5","8","6","5","5","0.5","20","9","1.5","5","honest-7","honest","incumbent","ADMITTED","ADMITTED","9","9","0","4","4.882922989522995","1.5","0.7462875490779619","0.8370070466491786","0.6465358545084627","0.6465358545084627","0.1157982362815884","0.29254799703263074","50","50","50","5","5","False","False","NOT_APPLICABLE",,"0","0.0","0","3.389275312423706","50","50","50.0",,,"moderate_shadow"
"cifar10","20","2","mixed_maturity","access_weight_matched","dirichlet_lcb","diverse_then_repeat_backdoor","0.5","8","6","5","5","0.5","20","9","1.5","5","honest-8","honest","incumbent","ADMITTED","ADMITTED","9","9","0","4","4.882922989522995","1.5","0.7462875490779619","0.8370070466491786","0.6465358545084627","0.6465358545084627","0.1157982362815884","0.29254799703263074","50","50","50","5","5","False","False","NOT_APPLICABLE",,"0","0.0","0","2.7590909004211426","50","50","50.0",,,"moderate_shadow"
"cifar10","20","2","mixed_maturity","access_weight_matched","dirichlet_lcb","diverse_then_repeat_backdoor","0.5","8","6","5","5","0.5","20","9","1.5","5","honest-9","honest","incumbent","ADMITTED","ADMITTED","9","9","0","4","4.882922989522995","1.5","0.7462875490779619","0.8370070466491786","0.6465358545084627","0.6465358545084627","0.1157982362815884","0.29254799703263074","50","50","50","5","5","False","False","NOT_APPLICABLE",,"0","0.0","0","2.7646820545196533","50","50","50.0",,,"moderate_shadow"
"cifar10","20","2","mixed_maturity","access_weight_matched","dirichlet_lcb","diverse_then_repeat_backdoor","0.5","9","6","5","5","0.5","20","9","1.5","5","attacker-1","diverse_then_repeat_backdoor","newcomer","LIMITED","ADMITTED","9","9","0","4","4.882922989522995","1.5","0.7462875490779619","0.8370070466491786","0.6465358545084627","0.6465358545084627","0.1157982362815884","0.29254799703263074","50","50","50","5","5","False","False","NOT_APPLICABLE",,"0","0.0","0","2.309096097946167","50","50","37.5",,,"moderate_shadow"
"cifar10","20","2","mixed_maturity","access_weight_matched","dirichlet_lcb","diverse_then_repeat_backdoor","0.5","9","6","5","5","0.5","20","9","1.5","5","attacker-2","diverse_then_repeat_backdoor","newcomer","LIMITED","ADMITTED","9","9","0","4","4.882922989522995","1.5","0.7462875490779619","0.8370070466491786","0.6465358545084627","0.6465358545084627","0.1157982362815884","0.29254799703263074","50","50","50","5","5","False","False","NOT_APPLICABLE",,"0","0.0","0","2.1401350498199463","50","50","37.5",,,"moderate_shadow"
"cifar10","20","2","mixed_maturity","access_weight_matched","dirichlet_lcb","diverse_then_repeat_backdoor","0.5","9","6","5","5","0.5","20","9","1.5","5","honest-1","honest","incumbent","ADMITTED","ADMITTED","9","9","0","4","4.882922989522995","1.5","0.7462875490779619","0.8370070466491786","0.6465358545084627","0.6465358545084627","0.1157982362815884","0.29254799703263074","50","50","50","5","5","False","False","NOT_APPLICABLE",,"0","0.0","0","3.299267053604126","50","50","50.0",,,"moderate_shadow"
"cifar10","20","2","mixed_maturity","access_weight_matched","dirichlet_lcb","diverse_then_repeat_backdoor","0.5","9","6","5","5","0.5","20","9","1.5","5","honest-10","honest","incumbent","ADMITTED","ADMITTED","9","9","0","4","4.882922989522995","1.5","0.7462875490779619","0.8370070466491786","0.6465358545084627","0.6465358545084627","0.1157982362815884","0.29254799703263074","50","50","50","5","5","False","False","NOT_APPLICABLE",,"0","0.0","0","2.3375661373138428","50","50","50.0",,,"moderate_shadow"
"cifar10","20","2","mixed_maturity","access_weight_matched","dirichlet_lcb","diverse_then_repeat_backdoor","0.5","9","6","5","5","0.5","20","9","1.5","5","honest-11","honest","incumbent","ADMITTED","ADMITTED","9","9","0","4","4.882922989522995","1.5","0.7462875490779619","0.8370070466491786","0.6465358545084627","0.6465358545084627","0.1157982362815884","0.29254799703263074","50","50","50","5","5","False","False","NOT_APPLICABLE",,"0","0.0","0","32.49254274368286","50","50","50.0",,,"moderate_shadow"
"cifar10","20","2","mixed_maturity","access_weight_matched","dirichlet_lcb","diverse_then_repeat_backdoor","0.5","9","6","5","5","0.5","20","9","1.5","5","honest-12","honest","incumbent","ADMITTED","ADMITTED","9","9","0","4","4.882922989522995","1.5","0.7462875490779619","0.8370070466491786","0.6465358545084627","0.6465358545084627","0.1157982362815884","0.29254799703263074","50","50","50","5","5","False","False","NOT_APPLICABLE",,"0","0.0","0","2.0784826278686523","50","50","50.0",,,"moderate_shadow"
"cifar10","20","2","mixed_maturity","access_weight_matched","dirichlet_lcb","diverse_then_repeat_backdoor","0.5","9","6","5","5","0.5","20","9","1.5","5","honest-13","honest","incumbent","ADMITTED","ADMITTED","9","9","0","4","4.882922989522995","1.5","0.7462875490779619","0.8370070466491786","0.6465358545084627","0.6465358545084627","0.1157982362815884","0.29254799703263074","50","50","50","5","5","False","False","NOT_APPLICABLE",,"0","0.0","0","3.0126612186431885","50","50","50.0",,,"moderate_shadow"
"cifar10","20","2","mixed_maturity","access_weight_matched","dirichlet_lcb","diverse_then_repeat_backdoor","0.5","9","6","5","5","0.5","20","9","1.5","5","honest-14","honest","incumbent","ADMITTED","ADMITTED","9","9","0","4","4.882922989522995","1.5","0.7462875490779619","0.8370070466491786","0.6465358545084627","0.6465358545084627","0.1157982362815884","0.29254799703263074","50","50","50","5","5","False","False","NOT_APPLICABLE",,"0","0.0","0","3.0455451011657715","50","50","50.0",,,"moderate_shadow"
"cifar10","20","2","mixed_maturity","access_weight_matched","dirichlet_lcb","diverse_then_repeat_backdoor","0.5","9","6","5","5","0.5","20","9","1.5","5","honest-15","honest","incumbent","ADMITTED","ADMITTED","9","9","0","3","4.76698923888176","1.5","0.7437820368902304","0.8332768051183246","0.6393772482578011","0.6393772482578011","0.11788253356256753","0.28561047849957855","50","50","50","5","5","False","False","NOT_APPLICABLE",,"0","0.0","0","32.46430206298828","50","50","50.0",,,"moderate_shadow"
"cifar10","20","2","mixed_maturity","access_weight_matched","dirichlet_lcb","diverse_then_repeat_backdoor","0.5","9","6","5","5","0.5","20","9","1.5","5","honest-16","honest","incumbent","ADMITTED","ADMITTED","9","9","0","4","4.882922989522995","1.5","0.7462875490779619","0.8370070466491786","0.6465358545084627","0.6465358545084627","0.1157982362815884","0.29254799703263074","50","50","50","5","5","False","False","NOT_APPLICABLE",,"0","0.0","0","3.213576555252075","50","50","50.0",,,"moderate_shadow"
"cifar10","20","2","mixed_maturity","access_weight_matched","dirichlet_lcb","diverse_then_repeat_backdoor","0.5","9","6","5","5","0.5","20","9","1.5","5","honest-17","honest","incumbent","ADMITTED","ADMITTED","9","9","0","4","4.882922989522995","1.5","0.7462875490779619","0.8370070466491786","0.6465358545084627","0.6465358545084627","0.1157982362815884","0.29254799703263074","50","50","50","5","5","False","False","NOT_APPLICABLE",,"0","0.0","0","2.488349437713623","50","50","50.0",,,"moderate_shadow"
"cifar10","20","2","mixed_maturity","access_weight_matched","dirichlet_lcb","diverse_then_repeat_backdoor","0.5","9","6","5","5","0.5","20","9","1.5","5","honest-18","honest","incumbent","ADMITTED","ADMITTED","9","9","0","4","4.882922989522995","1.5","0.7462875490779619","0.8370070466491786","0.6465358545084627","0.6465358545084627","0.1157982362815884","0.29254799703263074","50","50","50","5","5","False","False","NOT_APPLICABLE",,"0","0.0","0","2.153027296066284","50","50","50.0",,,"moderate_shadow"
"cifar10","20","2","mixed_maturity","access_weight_matched","dirichlet_lcb","diverse_then_repeat_backdoor","0.5","9","6","5","5","0.5","20","9","1.5","5","honest-2","honest","incumbent","ADMITTED","ADMITTED","9","9","0","4","4.882922989522995","1.5","0.7462875490779619","0.8370070466491786","0.6465358545084627","0.6465358545084627","0.1157982362815884","0.29254799703263074","50","50","50","5","5","False","False","NOT_APPLICABLE",,"0","0.0","0","3.2335922718048096","50","50","50.0",,,"moderate_shadow"
"cifar10","20","2","mixed_maturity","access_weight_matched","dirichlet_lcb","diverse_then_repeat_backdoor","0.5","9","6","5","5","0.5","20","9","1.5","5","honest-3","honest","incumbent","ADMITTED","ADMITTED","9","9","0","4","4.882922989522995","1.5","0.7462875490779619","0.8370070466491786","0.6465358545084627","0.6465358545084627","0.1157982362815884","0.29254799703263074","50","50","50","5","5","False","False","NOT_APPLICABLE",,"0","0.0","0","3.1062355041503906","50","50","50.0",,,"moderate_shadow"
"cifar10","20","2","mixed_maturity","access_weight_matched","dirichlet_lcb","diverse_then_repeat_backdoor","0.5","9","6","5","5","0.5","20","9","1.5","5","honest-4","honest","incumbent","ADMITTED","ADMITTED","9","9","0","3","4.5294892388817605","1.5","0.7401065581334588","0.8277664507491892","0.6288758803813109","0.6288758803813109","0.12091685363435191","0.27568090107538146","50","50","50","5","5","False","False","NOT_APPLICABLE",,"0","0.0","0","63.09004783630371","50","50","50.0",,,"moderate_shadow"
"cifar10","20","2","mixed_maturity","access_weight_matched","dirichlet_lcb","diverse_then_repeat_backdoor","0.5","9","6","5","5","0.5","20","9","1.5","5","honest-5","honest","incumbent","ADMITTED","ADMITTED","9","9","0","4","4.882922989522995","1.5","0.7462875490779619","0.8370070466491786","0.6465358545084627","0.6465358545084627","0.1157982362815884","0.29254799703263074","50","50","50","5","5","False","False","NOT_APPLICABLE",,"0","0.0","0","32.952542781829834","50","50","50.0",,,"moderate_shadow"
"cifar10","20","2","mixed_maturity","access_weight_matched","dirichlet_lcb","diverse_then_repeat_backdoor","0.5","9","6","5","5","0.5","20","9","1.5","5","honest-6","honest","incumbent","ADMITTED","ADMITTED","9","9","0","3","5.004489238881761","1.5","0.7503560216234088","0.8430201361031787","0.6581600617811678","0.6581600617811678","0.11238691964272261","0.3041175807403508","50","50","50","5","5","False","False","NOT_APPLICABLE",,"0","0.0","0","32.303366899490356","50","50","50.0",,,"moderate_shadow"
"cifar10","20","2","mixed_maturity","access_weight_matched","dirichlet_lcb","diverse_then_repeat_backdoor","0.5","9","6","5","5","0.5","20","9","1.5","5","honest-7","honest","incumbent","ADMITTED","ADMITTED","9","9","0","4","4.882922989522995","1.5","0.7462875490779619","0.8370070466491786","0.6465358545084627","0.6465358545084627","0.1157982362815884","0.29254799703263074","50","50","50","5","5","False","False","NOT_APPLICABLE",,"0","0.0","0","3.2459588050842285","50","50","50.0",,,"moderate_shadow"
"cifar10","20","2","mixed_maturity","access_weight_matched","dirichlet_lcb","diverse_then_repeat_backdoor","0.5","9","6","5","5","0.5","20","9","1.5","5","honest-8","honest","incumbent","ADMITTED","ADMITTED","9","9","0","4","4.882922989522995","1.5","0.7462875490779619","0.8370070466491786","0.6465358545084627","0.6465358545084627","0.1157982362815884","0.29254799703263074","50","50","50","5","5","False","False","NOT_APPLICABLE",,"0","0.0","0","3.006910562515259","50","50","50.0",,,"moderate_shadow"
"cifar10","20","2","mixed_maturity","access_weight_matched","dirichlet_lcb","diverse_then_repeat_backdoor","0.5","9","6","5","5","0.5","20","9","1.5","5","honest-9","honest","incumbent","ADMITTED","ADMITTED","9","9","0","4","4.882922989522995","1.5","0.7462875490779619","0.8370070466491786","0.6465358545084627","0.6465358545084627","0.1157982362815884","0.29254799703263074","50","50","50","5","5","False","False","NOT_APPLICABLE",,"0","0.0","0","32.98426294326782","50","50","50.0",,,"moderate_shadow"
"cifar10","20","2","mixed_maturity","access_weight_matched","dirichlet_lcb","benign_concept_drift","0.5","0","6","5","5","0.5","20","9","1.5","5","attacker-1","benign_concept_drift","newcomer","LIMITED","ADMITTED","9","9","0","4","4.882922989522995","1.5","0.7462875490779619","0.8370070466491786","0.6465358545084627","0.6465358545084627","0.1157982362815884","0.29254799703263074","50","50","50","5","5","False","False","NOT_APPLICABLE",,"0","0.0","0","2.426607847213745","50","50","37.5",,,"moderate_shadow"
"cifar10","20","2","mixed_maturity","access_weight_matched","dirichlet_lcb","benign_concept_drift","0.5","0","6","5","5","0.5","20","9","1.5","5","attacker-2","benign_concept_drift","newcomer","LIMITED","ADMITTED","9","9","0","4","4.882922989522995","1.5","0.7462875490779619","0.8370070466491786","0.6465358545084627","0.6465358545084627","0.1157982362815884","0.29254799703263074","50","50","50","5","5","False","False","NOT_APPLICABLE",,"0","0.0","0","3.3354551792144775","50","50","37.5",,,"moderate_shadow"
"cifar10","20","2","mixed_maturity","access_weight_matched","dirichlet_lcb","benign_concept_drift","0.5","0","6","5","5","0.5","20","9","1.5","5","honest-1","honest","incumbent","ADMITTED","ADMITTED","9","9","0","4","4.882922989522995","1.5","0.7462875490779619","0.8370070466491786","0.6465358545084627","0.6465358545084627","0.1157982362815884","0.29254799703263074","50","50","50","5","5","False","False","NOT_APPLICABLE",,"0","0.0","0","32.78301429748535","50","50","50.0",,,"moderate_shadow"
"cifar10","20","2","mixed_maturity","access_weight_matched","dirichlet_lcb","benign_concept_drift","0.5","0","6","5","5","0.5","20","9","1.5","5","honest-10","honest","incumbent","ADMITTED","ADMITTED","9","9","0","4","4.882922989522995","1.5","0.7462875490779619","0.8370070466491786","0.6465358545084627","0.6465358545084627","0.1157982362815884","0.29254799703263074","50","50","50","5","5","False","False","NOT_APPLICABLE",,"0","0.0","0","3.112572431564331","50","50","50.0",,,"moderate_shadow"
"cifar10","20","2","mixed_maturity","access_weight_matched","dirichlet_lcb","benign_concept_drift","0.5","0","6","5","5","0.5","20","9","1.5","5","honest-11","honest","incumbent","ADMITTED","ADMITTED","9","9","0","4","4.882922989522995","1.5","0.7462875490779619","0.8370070466491786","0.6465358545084627","0.6465358545084627","0.1157982362815884","0.29254799703263074","50","50","50","5","5","False","False","NOT_APPLICABLE",,"0","0.0","0","2.4796245098114014","50","50","50.0",,,"moderate_shadow"
"cifar10","20","2","mixed_maturity","access_weight_matched","dirichlet_lcb","benign_concept_drift","0.5","0","6","5","5","0.5","20","9","1.5","5","honest-12","honest","incumbent","ADMITTED","ADMITTED","9","9","0","4","4.882922989522995","1.5","0.7462875490779619","0.8370070466491786","0.6465358545084627","0.6465358545084627","0.1157982362815884","0.29254799703263074","50","50","50","5","5","False","False","NOT_APPLICABLE",,"0","0.0","0","2.3344578742980957","50","50","50.0",,,"moderate_shadow"
"cifar10","20","2","mixed_maturity","access_weight_matched","dirichlet_lcb","benign_concept_drift","0.5","0","6","5","5","0.5","20","9","1.5","5","honest-13","honest","incumbent","ADMITTED","ADMITTED","9","9","0","4","4.882922989522995","1.5","0.7462875490779619","0.8370070466491786","0.6465358545084627","0.6465358545084627","0.1157982362815884","0.29254799703263074","50","50","50","5","5","False","False","NOT_APPLICABLE",,"0","0.0","0","3.669651508331299","50","50","50.0",,,"moderate_shadow"
"cifar10","20","2","mixed_maturity","access_weight_matched","dirichlet_lcb","benign_concept_drift","0.5","0","6","5","5","0.5","20","9","1.5","5","honest-14","honest","incumbent","ADMITTED","ADMITTED","9","9","0","4","4.882922989522995","1.5","0.7462875490779619","0.8370070466491786","0.6465358545084627","0.6465358545084627","0.1157982362815884","0.29254799703263074","50","50","50","5","5","False","False","NOT_APPLICABLE",,"0","0.0","0","3.7050883769989014","50","50","50.0",,,"moderate_shadow"
"cifar10","20","2","mixed_maturity","access_weight_matched","dirichlet_lcb","benign_concept_drift","0.5","0","6","5","5","0.5","20","9","1.5","5","honest-15","honest","incumbent","ADMITTED","ADMITTED","9","9","0","4","4.882922989522995","1.5","0.7462875490779619","0.8370070466491786","0.6465358545084627","0.6465358545084627","0.1157982362815884","0.29254799703263074","50","50","50","5","5","False","False","NOT_APPLICABLE",,"0","0.0","0","3.2531051635742188","50","50","50.0",,,"moderate_shadow"
"cifar10","20","2","mixed_maturity","access_weight_matched","dirichlet_lcb","benign_concept_drift","0.5","0","6","5","5","0.5","20","9","1.5","5","honest-16","honest","incumbent","ADMITTED","ADMITTED","9","9","0","4","4.882922989522995","1.5","0.7462875490779619","0.8370070466491786","0.6465358545084627","0.6465358545084627","0.1157982362815884","0.29254799703263074","50","50","50","5","5","False","False","NOT_APPLICABLE",,"0","0.0","0","3.342766284942627","50","50","50.0",,,"moderate_shadow"
"cifar10","20","2","mixed_maturity","access_weight_matched","dirichlet_lcb","benign_concept_drift","0.5","0","6","5","5","0.5","20","9","1.5","5","honest-17","honest","incumbent","ADMITTED","ADMITTED","9","9","0","4","4.882922989522995","1.5","0.7462875490779619","0.8370070466491786","0.6465358545084627","0.6465358545084627","0.1157982362815884","0.29254799703263074","50","50","50","5","5","False","False","NOT_APPLICABLE",,"0","0.0","0","3.3860952854156494","50","50","50.0",,,"moderate_shadow"
"cifar10","20","2","mixed_maturity","access_weight_matched","dirichlet_lcb","benign_concept_drift","0.5","0","6","5","5","0.5","20","9","1.5","5","honest-18","honest","incumbent","ADMITTED","ADMITTED","9","9","0","4","4.882922989522995","1.5","0.7462875490779619","0.8370070466491786","0.6465358545084627","0.6465358545084627","0.1157982362815884","0.29254799703263074","50","50","50","5","5","False","False","NOT_APPLICABLE",,"0","0.0","0","2.6918210983276367","50","50","50.0",,,"moderate_shadow"
"cifar10","20","2","mixed_maturity","access_weight_matched","dirichlet_lcb","benign_concept_drift","0.5","0","6","5","5","0.5","20","9","1.5","5","honest-2","honest","incumbent","ADMITTED","ADMITTED","9","9","0","4","4.882922989522995","1.5","0.7462875490779619","0.8370070466491786","0.6465358545084627","0.6465358545084627","0.1157982362815884","0.29254799703263074","50","50","50","5","5","False","False","NOT_APPLICABLE",,"0","0.0","0","3.295905590057373","50","50","50.0",,,"moderate_shadow"
"cifar10","20","2","mixed_maturity","access_weight_matched","dirichlet_lcb","benign_concept_drift","0.5","0","6","5","5","0.5","20","9","1.5","5","honest-3","honest","incumbent","ADMITTED","ADMITTED","9","9","0","4","4.882922989522995","1.5","0.7462875490779619","0.8370070466491786","0.6465358545084627","0.6465358545084627","0.1157982362815884","0.29254799703263074","50","50","50","5","5","False","False","NOT_APPLICABLE",,"0","0.0","0","3.7740464210510254","50","50","50.0",,,"moderate_shadow"
"cifar10","20","2","mixed_maturity","access_weight_matched","dirichlet_lcb","benign_concept_drift","0.5","0","6","5","5","0.5","20","9","1.5","5","honest-4","honest","incumbent","ADMITTED","ADMITTED","9","9","0","4","4.882922989522995","1.5","0.7462875490779619","0.8370070466491786","0.6465358545084627","0.6465358545084627","0.1157982362815884","0.29254799703263074","50","50","50","5","5","False","False","NOT_APPLICABLE",,"0","0.0","0","2.7047884464263916","50","50","50.0",,,"moderate_shadow"
"cifar10","20","2","mixed_maturity","access_weight_matched","dirichlet_lcb","benign_concept_drift","0.5","0","6","5","5","0.5","20","9","1.5","5","honest-5","honest","incumbent","ADMITTED","ADMITTED","9","9","0","4","4.882922989522995","1.5","0.7462875490779619","0.8370070466491786","0.6465358545084627","0.6465358545084627","0.1157982362815884","0.29254799703263074","50","50","50","5","5","False","False","NOT_APPLICABLE",,"0","0.0","0","2.77010178565979","50","50","50.0",,,"moderate_shadow"
"cifar10","20","2","mixed_maturity","access_weight_matched","dirichlet_lcb","benign_concept_drift","0.5","0","6","5","5","0.5","20","9","1.5","5","honest-6","honest","incumbent","ADMITTED","ADMITTED","9","9","0","4","4.882922989522995","1.5","0.7462875490779619","0.8370070466491786","0.6465358545084627","0.6465358545084627","0.1157982362815884","0.29254799703263074","50","50","50","5","5","False","False","NOT_APPLICABLE",,"0","0.0","0","3.282130479812622","50","50","50.0",,,"moderate_shadow"
"cifar10","20","2","mixed_maturity","access_weight_matched","dirichlet_lcb","benign_concept_drift","0.5","0","6","5","5","0.5","20","9","1.5","5","honest-7","honest","incumbent","ADMITTED","ADMITTED","9","9","0","4","4.882922989522995","1.5","0.7462875490779619","0.8370070466491786","0.6465358545084627","0.6465358545084627","0.1157982362815884","0.29254799703263074","50","50","50","5","5","False","False","NOT_APPLICABLE",,"0","0.0","0","92.87098002433777","50","50","50.0",,,"moderate_shadow"
"cifar10","20","2","mixed_maturity","access_weight_matched","dirichlet_lcb","benign_concept_drift","0.5","0","6","5","5","0.5","20","9","1.5","5","honest-8","honest","incumbent","ADMITTED","ADMITTED","9","9","0","4","4.882922989522995","1.5","0.7462875490779619","0.8370070466491786","0.6465358545084627","0.6465358545084627","0.1157982362815884","0.29254799703263074","50","50","50","5","5","False","False","NOT_APPLICABLE",,"0","0.0","0","3.1029322147369385","50","50","50.0",,,"moderate_shadow"
"cifar10","20","2","mixed_maturity","access_weight_matched","dirichlet_lcb","benign_concept_drift","0.5","0","6","5","5","0.5","20","9","1.5","5","honest-9","honest","incumbent","ADMITTED","ADMITTED","9","9","0","4","4.882922989522995","1.5","0.7462875490779619","0.8370070466491786","0.6465358545084627","0.6465358545084627","0.1157982362815884","0.29254799703263074","50","50","50","5","5","False","False","NOT_APPLICABLE",,"0","0.0","0","3.500912666320801","50","50","50.0",,,"moderate_shadow"
"cifar10","20","2","mixed_maturity","access_weight_matched","dirichlet_lcb","benign_concept_drift","0.5","1","6","5","5","0.5","20","9","1.5","5","attacker-1","benign_concept_drift","newcomer","LIMITED","ADMITTED","9","9","0","4","4.882922989522995","1.5","0.7462875490779619","0.8370070466491786","0.6465358545084627","0.6465358545084627","0.1157982362815884","0.29254799703263074","50","50","50","5","5","False","False","NOT_APPLICABLE",,"0","0.0","0","3.0817766189575195","50","50","37.5",,,"moderate_shadow"
"cifar10","20","2","mixed_maturity","access_weight_matched","dirichlet_lcb","benign_concept_drift","0.5","1","6","5","5","0.5","20","9","1.5","5","attacker-2","benign_concept_drift","newcomer","LIMITED","ADMITTED","9","9","0","4","4.882922989522995","1.5","0.7462875490779619","0.8370070466491786","0.6465358545084627","0.6465358545084627","0.1157982362815884","0.29254799703263074","50","50","50","5","5","False","False","NOT_APPLICABLE",,"0","0.0","0","3.1874780654907227","50","50","37.5",,,"moderate_shadow"
"cifar10","20","2","mixed_maturity","access_weight_matched","dirichlet_lcb","benign_concept_drift","0.5","1","6","5","5","0.5","20","9","1.5","5","honest-1","honest","incumbent","ADMITTED","ADMITTED","9","9","0","4","4.882922989522995","1.5","0.7462875490779619","0.8370070466491786","0.6465358545084627","0.6465358545084627","0.1157982362815884","0.29254799703263074","50","50","50","5","5","False","False","NOT_APPLICABLE",,"0","0.0","0","2.882312774658203","50","50","50.0",,,"moderate_shadow"
"cifar10","20","2","mixed_maturity","access_weight_matched","dirichlet_lcb","benign_concept_drift","0.5","1","6","5","5","0.5","20","9","1.5","5","honest-10","honest","incumbent","ADMITTED","ADMITTED","9","9","0","4","4.882922989522995","1.5","0.7462875490779619","0.8370070466491786","0.6465358545084627","0.6465358545084627","0.1157982362815884","0.29254799703263074","50","50","50","5","5","False","False","NOT_APPLICABLE",,"0","0.0","0","32.711506605148315","50","50","50.0",,,"moderate_shadow"
"cifar10","20","2","mixed_maturity","access_weight_matched","dirichlet_lcb","benign_concept_drift","0.5","1","6","5","5","0.5","20","9","1.5","5","honest-11","honest","incumbent","ADMITTED","ADMITTED","9","9","0","4","4.882922989522995","1.5","0.7462875490779619","0.8370070466491786","0.6465358545084627","0.6465358545084627","0.1157982362815884","0.29254799703263074","50","50","50","5","5","False","False","NOT_APPLICABLE",,"0","0.0","0","2.4416022300720215","50","50","50.0",,,"moderate_shadow"
"cifar10","20","2","mixed_maturity","access_weight_matched","dirichlet_lcb","benign_concept_drift","0.5","1","6","5","5","0.5","20","9","1.5","5","honest-12","honest","incumbent","ADMITTED","ADMITTED","9","9","0","4","4.882922989522995","1.5","0.7462875490779619","0.8370070466491786","0.6465358545084627","0.6465358545084627","0.1157982362815884","0.29254799703263074","50","50","50","5","5","False","False","NOT_APPLICABLE",,"0","0.0","0","2.8885715007781982","50","50","50.0",,,"moderate_shadow"
"cifar10","20","2","mixed_maturity","access_weight_matched","dirichlet_lcb","benign_concept_drift","0.5","1","6","5","5","0.5","20","9","1.5","5","honest-13","honest","incumbent","ADMITTED","ADMITTED","9","9","0","4","4.882922989522995","1.5","0.7462875490779619","0.8370070466491786","0.6465358545084627","0.6465358545084627","0.1157982362815884","0.29254799703263074","50","50","50","5","5","False","False","NOT_APPLICABLE",,"0","0.0","0","3.191671371459961","50","50","50.0",,,"moderate_shadow"
"cifar10","20","2","mixed_maturity","access_weight_matched","dirichlet_lcb","benign_concept_drift","0.5","1","6","5","5","0.5","20","9","1.5","5","honest-14","honest","incumbent","ADMITTED","ADMITTED","9","9","0","4","4.882922989522995","1.5","0.7462875490779619","0.8370070466491786","0.6465358545084627","0.6465358545084627","0.1157982362815884","0.29254799703263074","50","50","50","5","5","False","False","NOT_APPLICABLE",,"0","0.0","0","2.245837450027466","50","50","50.0",,,"moderate_shadow"
"cifar10","20","2","mixed_maturity","access_weight_matched","dirichlet_lcb","benign_concept_drift","0.5","1","6","5","5","0.5","20","9","1.5","5","honest-15","honest","incumbent","ADMITTED","ADMITTED","9","9","0","4","4.882922989522995","1.5","0.7462875490779619","0.8370070466491786","0.6465358545084627","0.6465358545084627","0.1157982362815884","0.29254799703263074","50","50","50","5","5","False","False","NOT_APPLICABLE",,"0","0.0","0","3.1064693927764893","50","50","50.0",,,"moderate_shadow"
"cifar10","20","2","mixed_maturity","access_weight_matched","dirichlet_lcb","benign_concept_drift","0.5","1","6","5","5","0.5","20","9","1.5","5","honest-16","honest","incumbent","ADMITTED","ADMITTED","9","9","0","4","4.882922989522995","1.5","0.7462875490779619","0.8370070466491786","0.6465358545084627","0.6465358545084627","0.1157982362815884","0.29254799703263074","50","50","50","5","5","False","False","NOT_APPLICABLE",,"0","0.0","0","2.634716749191284","50","50","50.0",,,"moderate_shadow"
"cifar10","20","2","mixed_maturity","access_weight_matched","dirichlet_lcb","benign_concept_drift","0.5","1","6","5","5","0.5","20","9","1.5","5","honest-17","honest","incumbent","ADMITTED","ADMITTED","9","9","0","4","4.882922989522995","1.5","0.7462875490779619","0.8370070466491786","0.6465358545084627","0.6465358545084627","0.1157982362815884","0.29254799703263074","50","50","50","5","5","False","False","NOT_APPLICABLE",,"0","0.0","0","2.863718032836914","50","50","50.0",,,"moderate_shadow"
"cifar10","20","2","mixed_maturity","access_weight_matched","dirichlet_lcb","benign_concept_drift","0.5","1","6","5","5","0.5","20","9","1.5","5","honest-18","honest","incumbent","ADMITTED","ADMITTED","9","9","0","3","4.5294892388817605","1.5","0.7401065581334588","0.8277664507491892","0.6288758803813109","0.6288758803813109","0.12091685363435191","0.27568090107538146","50","50","50","5","5","False","False","NOT_APPLICABLE",,"0","0.0","0","32.7915575504303","50","50","50.0",,,"moderate_shadow"
"cifar10","20","2","mixed_maturity","access_weight_matched","dirichlet_lcb","benign_concept_drift","0.5","1","6","5","5","0.5","20","9","1.5","5","honest-2","honest","incumbent","ADMITTED","ADMITTED","9","9","0","3","5.004489238881761","1.5","0.7503560216234088","0.8430201361031787","0.6581600617811678","0.6581600617811678","0.11238691964272261","0.3041175807403508","50","50","50","5","5","False","False","NOT_APPLICABLE",,"0","0.0","0","62.72861289978027","50","50","50.0",,,"moderate_shadow"
"cifar10","20","2","mixed_maturity","access_weight_matched","dirichlet_lcb","benign_concept_drift","0.5","1","6","5","5","0.5","20","9","1.5","5","honest-3","honest","incumbent","ADMITTED","ADMITTED","9","9","0","4","4.882922989522995","1.5","0.7462875490779619","0.8370070466491786","0.6465358545084627","0.6465358545084627","0.1157982362815884","0.29254799703263074","50","50","50","5","5","False","False","NOT_APPLICABLE",,"0","0.0","0","32.303027391433716","50","50","50.0",,,"moderate_shadow"
"cifar10","20","2","mixed_maturity","access_weight_matched","dirichlet_lcb","benign_concept_drift","0.5","1","6","5","5","0.5","20","9","1.5","5","honest-4","honest","incumbent","ADMITTED","ADMITTED","9","9","0","4","4.882922989522995","1.5","0.7462875490779619","0.8370070466491786","0.6465358545084627","0.6465358545084627","0.1157982362815884","0.29254799703263074","50","50","50","5","5","False","False","NOT_APPLICABLE",,"0","0.0","0","2.7941040992736816","50","50","50.0",,,"moderate_shadow"
"cifar10","20","2","mixed_maturity","access_weight_matched","dirichlet_lcb","benign_concept_drift","0.5","1","6","5","5","0.5","20","9","1.5","5","honest-5","honest","incumbent","ADMITTED","ADMITTED","9","9","0","4","4.882922989522995","1.5","0.7462875490779619","0.8370070466491786","0.6465358545084627","0.6465358545084627","0.1157982362815884","0.29254799703263074","50","50","50","5","5","False","False","NOT_APPLICABLE",,"0","0.0","0","32.58636999130249","50","50","50.0",,,"moderate_shadow"
"cifar10","20","2","mixed_maturity","access_weight_matched","dirichlet_lcb","benign_concept_drift","0.5","1","6","5","5","0.5","20","9","1.5","5","honest-6","honest","incumbent","ADMITTED","ADMITTED","9","9","0","4","4.882922989522995","1.5","0.7462875490779619","0.8370070466491786","0.6465358545084627","0.6465358545084627","0.1157982362815884","0.29254799703263074","50","50","50","5","5","False","False","NOT_APPLICABLE",,"0","0.0","0","3.0862488746643066","50","50","50.0",,,"moderate_shadow"
"cifar10","20","2","mixed_maturity","access_weight_matched","dirichlet_lcb","benign_concept_drift","0.5","1","6","5","5","0.5","20","9","1.5","5","honest-7","honest","incumbent","ADMITTED","ADMITTED","9","9","0","4","4.882922989522995","1.5","0.7462875490779619","0.8370070466491786","0.6465358545084627","0.6465358545084627","0.1157982362815884","0.29254799703263074","50","50","50","5","5","False","False","NOT_APPLICABLE",,"0","0.0","0","33.00947666168213","50","50","50.0",,,"moderate_shadow"
"cifar10","20","2","mixed_maturity","access_weight_matched","dirichlet_lcb","benign_concept_drift","0.5","1","6","5","5","0.5","20","9","1.5","5","honest-8","honest","incumbent","ADMITTED","ADMITTED","9","9","0","4","4.882922989522995","1.5","0.7462875490779619","0.8370070466491786","0.6465358545084627","0.6465358545084627","0.1157982362815884","0.29254799703263074","50","50","50","5","5","False","False","NOT_APPLICABLE",,"0","0.0","0","2.343268632888794","50","50","50.0",,,"moderate_shadow"
"cifar10","20","2","mixed_maturity","access_weight_matched","dirichlet_lcb","benign_concept_drift","0.5","1","6","5","5","0.5","20","9","1.5","5","honest-9","honest","incumbent","ADMITTED","ADMITTED","9","9","0","4","4.882922989522995","1.5","0.7462875490779619","0.8370070466491786","0.6465358545084627","0.6465358545084627","0.1157982362815884","0.29254799703263074","50","50","50","5","5","False","False","NOT_APPLICABLE",,"0","0.0","0","3.1839232444763184","50","50","50.0",,,"moderate_shadow"
"cifar10","20","2","mixed_maturity","access_weight_matched","dirichlet_lcb","benign_concept_drift","0.5","2","6","5","5","0.5","20","9","1.5","5","attacker-1","benign_concept_drift","newcomer","LIMITED","ADMITTED","9","9","0","4","4.882922989522995","1.5","0.7462875490779619","0.8370070466491786","0.6465358545084627","0.6465358545084627","0.1157982362815884","0.29254799703263074","50","50","50","5","5","False","False","NOT_APPLICABLE",,"0","0.0","0","3.405015707015991","50","50","37.5",,,"moderate_shadow"
"cifar10","20","2","mixed_maturity","access_weight_matched","dirichlet_lcb","benign_concept_drift","0.5","2","6","5","5","0.5","20","9","1.5","5","attacker-2","benign_concept_drift","newcomer","LIMITED","ADMITTED","9","9","0","4","4.882922989522995","1.5","0.7462875490779619","0.8370070466491786","0.6465358545084627","0.6465358545084627","0.1157982362815884","0.29254799703263074","50","50","50","5","5","False","False","NOT_APPLICABLE",,"0","0.0","0","2.9424057006835938","50","50","37.5",,,"moderate_shadow"
"cifar10","20","2","mixed_maturity","access_weight_matched","dirichlet_lcb","benign_concept_drift","0.5","2","6","5","5","0.5","20","9","1.5","5","honest-1","honest","incumbent","ADMITTED","ADMITTED","9","9","0","4","4.882922989522995","1.5","0.7462875490779619","0.8370070466491786","0.6465358545084627","0.6465358545084627","0.1157982362815884","0.29254799703263074","50","50","50","5","5","False","False","NOT_APPLICABLE",,"0","0.0","0","33.04172444343567","50","50","50.0",,,"moderate_shadow"
"cifar10","20","2","mixed_maturity","access_weight_matched","dirichlet_lcb","benign_concept_drift","0.5","2","6","5","5","0.5","20","9","1.5","5","honest-10","honest","incumbent","ADMITTED","ADMITTED","11","11","0","3","5.419531626612037","1.5","0.7509212720692868","0.8438513019312254","0.6597750630551052","0.6597750630551052","0.11191038163637629","0.3057557302355997","50","50","50","5","5","False","False","NOT_APPLICABLE",,"0","0.0","0","63.21072483062744","50","50","50.0",,,"moderate_shadow"
"cifar10","20","2","mixed_maturity","access_weight_matched","dirichlet_lcb","benign_concept_drift","0.5","2","6","5","5","0.5","20","9","1.5","5","honest-11","honest","incumbent","ADMITTED","ADMITTED","9","9","0","4","4.882922989522995","1.5","0.7462875490779619","0.8370070466491786","0.6465358545084627","0.6465358545084627","0.1157982362815884","0.29254799703263074","50","50","50","5","5","False","False","NOT_APPLICABLE",,"0","0.0","0","33.04696035385132","50","50","50.0",,,"moderate_shadow"
"cifar10","20","2","mixed_maturity","access_weight_matched","dirichlet_lcb","benign_concept_drift","0.5","2","6","5","5","0.5","20","9","1.5","5","honest-12","honest","incumbent","ADMITTED","ADMITTED","9","9","0","4","4.882922989522995","1.5","0.7462875490779619","0.8370070466491786","0.6465358545084627","0.6465358545084627","0.1157982362815884","0.29254799703263074","50","50","50","5","5","False","False","NOT_APPLICABLE",,"0","0.0","0","32.73116207122803","50","50","50.0",,,"moderate_shadow"
"cifar10","20","2","mixed_maturity","access_weight_matched","dirichlet_lcb","benign_concept_drift","0.5","2","6","5","5","0.5","20","9","1.5","5","honest-13","honest","incumbent","ADMITTED","ADMITTED","9","9","0","4","4.882922989522995","1.5","0.7462875490779619","0.8370070466491786","0.6465358545084627","0.6465358545084627","0.1157982362815884","0.29254799703263074","50","50","50","5","5","False","False","NOT_APPLICABLE",,"0","0.0","0","3.139768123626709","50","50","50.0",,,"moderate_shadow"
"cifar10","20","2","mixed_maturity","access_weight_matched","dirichlet_lcb","benign_concept_drift","0.5","2","6","5","5","0.5","20","9","1.5","5","honest-14","honest","incumbent","ADMITTED","ADMITTED","9","9","0","4","4.882922989522995","1.5","0.7462875490779619","0.8370070466491786","0.6465358545084627","0.6465358545084627","0.1157982362815884","0.29254799703263074","50","50","50","5","5","False","False","NOT_APPLICABLE",,"0","0.0","0","3.169353485107422","50","50","50.0",,,"moderate_shadow"
"cifar10","20","2","mixed_maturity","access_weight_matched","dirichlet_lcb","benign_concept_drift","0.5","2","6","5","5","0.5","20","9","1.5","5","honest-15","honest","incumbent","ADMITTED","ADMITTED","9","9","0","4","4.882922989522995","1.5","0.7462875490779619","0.8370070466491786","0.6465358545084627","0.6465358545084627","0.1157982362815884","0.29254799703263074","50","50","50","5","5","False","False","NOT_APPLICABLE",,"0","0.0","0","2.416579246520996","50","50","50.0",,,"moderate_shadow"
"cifar10","20","2","mixed_maturity","access_weight_matched","dirichlet_lcb","benign_concept_drift","0.5","2","6","5","5","0.5","20","9","1.5","5","honest-16","honest","incumbent","ADMITTED","ADMITTED","9","9","0","4","4.882922989522995","1.5","0.7462875490779619","0.8370070466491786","0.6465358545084627","0.6465358545084627","0.1157982362815884","0.29254799703263074","50","50","50","5","5","False","False","NOT_APPLICABLE",,"0","0.0","0","32.31982636451721","50","50","50.0",,,"moderate_shadow"
"cifar10","20","2","mixed_maturity","access_weight_matched","dirichlet_lcb","benign_concept_drift","0.5","2","6","5","5","0.5","20","9","1.5","5","honest-17","honest","incumbent","ADMITTED","ADMITTED","9","9","0","4","4.882922989522995","1.5","0.7462875490779619","0.8370070466491786","0.6465358545084627","0.6465358545084627","0.1157982362815884","0.29254799703263074","50","50","50","5","5","False","False","NOT_APPLICABLE",,"0","0.0","0","2.4853787422180176","50","50","50.0",,,"moderate_shadow"
"cifar10","20","2","mixed_maturity","access_weight_matched","dirichlet_lcb","benign_concept_drift","0.5","2","6","5","5","0.5","20","9","1.5","5","honest-18","honest","incumbent","ADMITTED","ADMITTED","9","9","0","4","4.882922989522995","1.5","0.7462875490779619","0.8370070466491786","0.6465358545084627","0.6465358545084627","0.1157982362815884","0.29254799703263074","50","50","50","5","5","False","False","NOT_APPLICABLE",,"0","0.0","0","3.5630412101745605","50","50","50.0",,,"moderate_shadow"
"cifar10","20","2","mixed_maturity","access_weight_matched","dirichlet_lcb","benign_concept_drift","0.5","2","6","5","5","0.5","20","9","1.5","5","honest-2","honest","incumbent","ADMITTED","ADMITTED","9","9","0","4","4.882922989522995","1.5","0.7462875490779619","0.8370070466491786","0.6465358545084627","0.6465358545084627","0.1157982362815884","0.29254799703263074","50","50","50","5","5","False","False","NOT_APPLICABLE",,"0","0.0","0","3.0775818824768066","50","50","50.0",,,"moderate_shadow"
"cifar10","20","2","mixed_maturity","access_weight_matched","dirichlet_lcb","benign_concept_drift","0.5","2","6","5","5","0.5","20","9","1.5","5","honest-3","honest","incumbent","ADMITTED","ADMITTED","9","9","0","4","4.882922989522995","1.5","0.7462875490779619","0.8370070466491786","0.6465358545084627","0.6465358545084627","0.1157982362815884","0.29254799703263074","50","50","50","5","5","False","False","NOT_APPLICABLE",,"0","0.0","0","3.3890674114227295","50","50","50.0",,,"moderate_shadow"
"cifar10","20","2","mixed_maturity","access_weight_matched","dirichlet_lcb","benign_concept_drift","0.5","2","6","5","5","0.5","20","9","1.5","5","honest-4","honest","incumbent","ADMITTED","ADMITTED","9","9","0","4","4.882922989522995","1.5","0.7462875490779619","0.8370070466491786","0.6465358545084627","0.6465358545084627","0.1157982362815884","0.29254799703263074","50","50","50","5","5","False","False","NOT_APPLICABLE",,"0","0.0","0","3.1654276847839355","50","50","50.0",,,"moderate_shadow"
"cifar10","20","2","mixed_maturity","access_weight_matched","dirichlet_lcb","benign_concept_drift","0.5","2","6","5","5","0.5","20","9","1.5","5","honest-5","honest","incumbent","ADMITTED","ADMITTED","9","9","0","4","4.882922989522995","1.5","0.7462875490779619","0.8370070466491786","0.6465358545084627","0.6465358545084627","0.1157982362815884","0.29254799703263074","50","50","50","5","5","False","False","NOT_APPLICABLE",,"0","0.0","0","32.79596710205078","50","50","50.0",,,"moderate_shadow"
"cifar10","20","2","mixed_maturity","access_weight_matched","dirichlet_lcb","benign_concept_drift","0.5","2","6","5","5","0.5","20","9","1.5","5","honest-6","honest","incumbent","ADMITTED","ADMITTED","9","9","0","4","4.882922989522995","1.5","0.7462875490779619","0.8370070466491786","0.6465358545084627","0.6465358545084627","0.1157982362815884","0.29254799703263074","50","50","50","5","5","False","False","NOT_APPLICABLE",,"0","0.0","0","2.5270819664001465","50","50","50.0",,,"moderate_shadow"
"cifar10","20","2","mixed_maturity","access_weight_matched","dirichlet_lcb","benign_concept_drift","0.5","2","6","5","5","0.5","20","9","1.5","5","honest-7","honest","incumbent","ADMITTED","ADMITTED","9","9","0","4","4.882922989522995","1.5","0.7462875490779619","0.8370070466491786","0.6465358545084627","0.6465358545084627","0.1157982362815884","0.29254799703263074","50","50","50","5","5","False","False","NOT_APPLICABLE",,"0","0.0","0","3.5311598777770996","50","50","50.0",,,"moderate_shadow"
"cifar10","20","2","mixed_maturity","access_weight_matched","dirichlet_lcb","benign_concept_drift","0.5","2","6","5","5","0.5","20","9","1.5","5","honest-8","honest","incumbent","ADMITTED","ADMITTED","9","9","0","4","4.882922989522995","1.5","0.7462875490779619","0.8370070466491786","0.6465358545084627","0.6465358545084627","0.1157982362815884","0.29254799703263074","50","50","50","5","5","False","False","NOT_APPLICABLE",,"0","0.0","0","2.3963677883148193","50","50","50.0",,,"moderate_shadow"
"cifar10","20","2","mixed_maturity","access_weight_matched","dirichlet_lcb","benign_concept_drift","0.5","2","6","5","5","0.5","20","9","1.5","5","honest-9","honest","incumbent","ADMITTED","ADMITTED","9","9","0","3","4.76698923888176","1.5","0.7437820368902304","0.8332768051183246","0.6393772482578011","0.6393772482578011","0.11788253356256753","0.28561047849957855","50","50","50","5","5","False","False","NOT_APPLICABLE",,"0","0.0","0","32.402042865753174","50","50","50.0",,,"moderate_shadow"
"cifar10","20","2","mixed_maturity","access_weight_matched","dirichlet_lcb","benign_concept_drift","0.5","3","6","5","5","0.5","20","9","1.5","5","attacker-1","benign_concept_drift","newcomer","LIMITED","ADMITTED","9","9","0","4","4.882922989522995","1.5","0.7462875490779619","0.8370070466491786","0.6465358545084627","0.6465358545084627","0.1157982362815884","0.29254799703263074","50","50","50","5","5","False","False","NOT_APPLICABLE",,"0","0.0","0","2.778538227081299","50","50","37.5",,,"moderate_shadow"
"cifar10","20","2","mixed_maturity","access_weight_matched","dirichlet_lcb","benign_concept_drift","0.5","3","6","5","5","0.5","20","9","1.5","5","attacker-2","benign_concept_drift","newcomer","LIMITED","ADMITTED","9","9","0","4","4.882922989522995","1.5","0.7462875490779619","0.8370070466491786","0.6465358545084627","0.6465358545084627","0.1157982362815884","0.29254799703263074","50","50","50","5","5","False","False","NOT_APPLICABLE",,"0","0.0","0","3.19462513923645","50","50","37.5",,,"moderate_shadow"
"cifar10","20","2","mixed_maturity","access_weight_matched","dirichlet_lcb","benign_concept_drift","0.5","3","6","5","5","0.5","20","9","1.5","5","honest-1","honest","incumbent","ADMITTED","ADMITTED","9","9","0","4","4.882922989522995","1.5","0.7462875490779619","0.8370070466491786","0.6465358545084627","0.6465358545084627","0.1157982362815884","0.29254799703263074","50","50","50","5","5","False","False","NOT_APPLICABLE",,"0","0.0","0","3.3071727752685547","50","50","50.0",,,"moderate_shadow"
"cifar10","20","2","mixed_maturity","access_weight_matched","dirichlet_lcb","benign_concept_drift","0.5","3","6","5","5","0.5","20","9","1.5","5","honest-10","honest","incumbent","ADMITTED","ADMITTED","9","9","0","4","4.882922989522995","1.5","0.7462875490779619","0.8370070466491786","0.6465358545084627","0.6465358545084627","0.1157982362815884","0.29254799703263074","50","50","50","5","5","False","False","NOT_APPLICABLE",,"0","0.0","0","2.1910829544067383","50","50","50.0",,,"moderate_shadow"
"cifar10","20","2","mixed_maturity","access_weight_matched","dirichlet_lcb","benign_concept_drift","0.5","3","6","5","5","0.5","20","9","1.5","5","honest-11","honest","incumbent","ADMITTED","ADMITTED","9","9","0","4","4.882922989522995","1.5","0.7462875490779619","0.8370070466491786","0.6465358545084627","0.6465358545084627","0.1157982362815884","0.29254799703263074","50","50","50","5","5","False","False","NOT_APPLICABLE",,"0","0.0","0","3.065187454223633","50","50","50.0",,,"moderate_shadow"
"cifar10","20","2","mixed_maturity","access_weight_matched","dirichlet_lcb","benign_concept_drift","0.5","3","6","5","5","0.5","20","9","1.5","5","honest-12","honest","incumbent","ADMITTED","ADMITTED","9","9","0","4","4.882922989522995","1.5","0.7462875490779619","0.8370070466491786","0.6465358545084627","0.6465358545084627","0.1157982362815884","0.29254799703263074","50","50","50","5","5","False","False","NOT_APPLICABLE",,"0","0.0","0","2.288494825363159","50","50","50.0",,,"moderate_shadow"
"cifar10","20","2","mixed_maturity","access_weight_matched","dirichlet_lcb","benign_concept_drift","0.5","3","6","5","5","0.5","20","9","1.5","5","honest-13","honest","incumbent","ADMITTED","ADMITTED","9","9","0","4","4.882922989522995","1.5","0.7462875490779619","0.8370070466491786","0.6465358545084627","0.6465358545084627","0.1157982362815884","0.29254799703263074","50","50","50","5","5","False","False","NOT_APPLICABLE",,"0","0.0","0","2.3043437004089355","50","50","50.0",,,"moderate_shadow"
"cifar10","20","2","mixed_maturity","access_weight_matched","dirichlet_lcb","benign_concept_drift","0.5","3","6","5","5","0.5","20","9","1.5","5","honest-14","honest","incumbent","ADMITTED","ADMITTED","9","9","0","4","4.882922989522995","1.5","0.7462875490779619","0.8370070466491786","0.6465358545084627","0.6465358545084627","0.1157982362815884","0.29254799703263074","50","50","50","5","5","False","False","NOT_APPLICABLE",,"0","0.0","0","2.3109219074249268","50","50","50.0",,,"moderate_shadow"
"cifar10","20","2","mixed_maturity","access_weight_matched","dirichlet_lcb","benign_concept_drift","0.5","3","6","5","5","0.5","20","9","1.5","5","honest-15","honest","incumbent","ADMITTED","ADMITTED","9","9","0","4","4.882922989522995","1.5","0.7462875490779619","0.8370070466491786","0.6465358545084627","0.6465358545084627","0.1157982362815884","0.29254799703263074","50","50","50","5","5","False","False","NOT_APPLICABLE",,"0","0.0","0","33.18488788604736","50","50","50.0",,,"moderate_shadow"
"cifar10","20","2","mixed_maturity","access_weight_matched","dirichlet_lcb","benign_concept_drift","0.5","3","6","5","5","0.5","20","9","1.5","5","honest-16","honest","incumbent","ADMITTED","ADMITTED","9","9","0","3","5.004489238881761","1.5","0.7503560216234088","0.8430201361031787","0.6581600617811678","0.6581600617811678","0.11238691964272261","0.3041175807403508","50","50","50","5","5","False","False","NOT_APPLICABLE",,"0","0.0","0","32.473082065582275","50","50","50.0",,,"moderate_shadow"
"cifar10","20","2","mixed_maturity","access_weight_matched","dirichlet_lcb","benign_concept_drift","0.5","3","6","5","5","0.5","20","9","1.5","5","honest-17","honest","incumbent","ADMITTED","ADMITTED","12","12","0","3","5.3499694871438415","1.5","0.7478143545076069","0.8392699711010733","0.6508981557360198","0.6508981557360198","0.11452190611753592","0.2968448682209436","50","50","50","5","5","False","False","NOT_APPLICABLE",,"0","0.0","0","63.721104860305786","50","50","50.0",,,"moderate_shadow"
"cifar10","20","2","mixed_maturity","access_weight_matched","dirichlet_lcb","benign_concept_drift","0.5","3","6","5","5","0.5","20","9","1.5","5","honest-18","honest","incumbent","ADMITTED","ADMITTED","9","9","0","4","4.882922989522995","1.5","0.7462875490779619","0.8370070466491786","0.6465358545084627","0.6465358545084627","0.1157982362815884","0.29254799703263074","50","50","50","5","5","False","False","NOT_APPLICABLE",,"0","0.0","0","3.734837293624878","50","50","50.0",,,"moderate_shadow"
"cifar10","20","2","mixed_maturity","access_weight_matched","dirichlet_lcb","benign_concept_drift","0.5","3","6","5","5","0.5","20","9","1.5","5","honest-2","honest","incumbent","ADMITTED","ADMITTED","9","9","0","4","4.882922989522995","1.5","0.7462875490779619","0.8370070466491786","0.6465358545084627","0.6465358545084627","0.1157982362815884","0.29254799703263074","50","50","50","5","5","False","False","NOT_APPLICABLE",,"0","0.0","0","3.1383416652679443","50","50","50.0",,,"moderate_shadow"
"cifar10","20","2","mixed_maturity","access_weight_matched","dirichlet_lcb","benign_concept_drift","0.5","3","6","5","5","0.5","20","9","1.5","5","honest-3","honest","incumbent","ADMITTED","ADMITTED","9","9","0","4","4.882922989522995","1.5","0.7462875490779619","0.8370070466491786","0.6465358545084627","0.6465358545084627","0.1157982362815884","0.29254799703263074","50","50","50","5","5","False","False","NOT_APPLICABLE",,"0","0.0","0","2.5171661376953125","50","50","50.0",,,"moderate_shadow"
"cifar10","20","2","mixed_maturity","access_weight_matched","dirichlet_lcb","benign_concept_drift","0.5","3","6","5","5","0.5","20","9","1.5","5","honest-4","honest","incumbent","ADMITTED","ADMITTED","9","9","0","4","4.882922989522995","1.5","0.7462875490779619","0.8370070466491786","0.6465358545084627","0.6465358545084627","0.1157982362815884","0.29254799703263074","50","50","50","5","5","False","False","NOT_APPLICABLE",,"0","0.0","0","32.58364725112915","50","50","50.0",,,"moderate_shadow"
"cifar10","20","2","mixed_maturity","access_weight_matched","dirichlet_lcb","benign_concept_drift","0.5","3","6","5","5","0.5","20","9","1.5","5","honest-5","honest","incumbent","ADMITTED","ADMITTED","9","9","0","4","4.882922989522995","1.5","0.7462875490779619","0.8370070466491786","0.6465358545084627","0.6465358545084627","0.1157982362815884","0.29254799703263074","50","50","50","5","5","False","False","NOT_APPLICABLE",,"0","0.0","0","33.13225245475769","50","50","50.0",,,"moderate_shadow"
"cifar10","20","2","mixed_maturity","access_weight_matched","dirichlet_lcb","benign_concept_drift","0.5","3","6","5","5","0.5","20","9","1.5","5","honest-6","honest","incumbent","ADMITTED","ADMITTED","9","9","0","4","4.882922989522995","1.5","0.7462875490779619","0.8370070466491786","0.6465358545084627","0.6465358545084627","0.1157982362815884","0.29254799703263074","50","50","50","5","5","False","False","NOT_APPLICABLE",,"0","0.0","0","33.472649574279785","50","50","50.0",,,"moderate_shadow"
"cifar10","20","2","mixed_maturity","access_weight_matched","dirichlet_lcb","benign_concept_drift","0.5","3","6","5","5","0.5","20","9","1.5","5","honest-7","honest","incumbent","ADMITTED","ADMITTED","9","9","0","4","4.882922989522995","1.5","0.7462875490779619","0.8370070466491786","0.6465358545084627","0.6465358545084627","0.1157982362815884","0.29254799703263074","50","50","50","5","5","False","False","NOT_APPLICABLE",,"0","0.0","0","3.380542039871216","50","50","50.0",,,"moderate_shadow"
"cifar10","20","2","mixed_maturity","access_weight_matched","dirichlet_lcb","benign_concept_drift","0.5","3","6","5","5","0.5","20","9","1.5","5","honest-8","honest","incumbent","ADMITTED","ADMITTED","9","9","0","4","4.882922989522995","1.5","0.7462875490779619","0.8370070466491786","0.6465358545084627","0.6465358545084627","0.1157982362815884","0.29254799703263074","50","50","50","5","5","False","False","NOT_APPLICABLE",,"0","0.0","0","2.298584461212158","50","50","50.0",,,"moderate_shadow"
"cifar10","20","2","mixed_maturity","access_weight_matched","dirichlet_lcb","benign_concept_drift","0.5","3","6","5","5","0.5","20","9","1.5","5","honest-9","honest","incumbent","ADMITTED","ADMITTED","9","9","0","4","4.882922989522995","1.5","0.7462875490779619","0.8370070466491786","0.6465358545084627","0.6465358545084627","0.1157982362815884","0.29254799703263074","50","50","50","5","5","False","False","NOT_APPLICABLE",,"0","0.0","0","3.1100378036499023","50","50","50.0",,,"moderate_shadow"
"cifar10","20","2","mixed_maturity","access_weight_matched","dirichlet_lcb","benign_concept_drift","0.5","4","6","5","5","0.5","20","9","1.5","5","attacker-1","benign_concept_drift","newcomer","LIMITED","ADMITTED","9","9","0","4","4.882922989522995","1.5","0.7462875490779619","0.8370070466491786","0.6465358545084627","0.6465358545084627","0.1157982362815884","0.29254799703263074","50","50","50","5","5","False","False","NOT_APPLICABLE",,"0","0.0","0","2.294142961502075","50","50","37.5",,,"moderate_shadow"
"cifar10","20","2","mixed_maturity","access_weight_matched","dirichlet_lcb","benign_concept_drift","0.5","4","6","5","5","0.5","20","9","1.5","5","attacker-2","benign_concept_drift","newcomer","LIMITED","ADMITTED","9","9","0","4","4.882922989522995","1.5","0.7462875490779619","0.8370070466491786","0.6465358545084627","0.6465358545084627","0.1157982362815884","0.29254799703263074","50","50","50","5","5","False","False","NOT_APPLICABLE",,"0","0.0","0","2.5798816680908203","50","50","37.5",,,"moderate_shadow"
"cifar10","20","2","mixed_maturity","access_weight_matched","dirichlet_lcb","benign_concept_drift","0.5","4","6","5","5","0.5","20","9","1.5","5","honest-1","honest","incumbent","ADMITTED","ADMITTED","9","9","0","4","4.882922989522995","1.5","0.7462875490779619","0.8370070466491786","0.6465358545084627","0.6465358545084627","0.1157982362815884","0.29254799703263074","50","50","50","5","5","False","False","NOT_APPLICABLE",,"0","0.0","0","2.5763602256774902","50","50","50.0",,,"moderate_shadow"
"cifar10","20","2","mixed_maturity","access_weight_matched","dirichlet_lcb","benign_concept_drift","0.5","4","6","5","5","0.5","20","9","1.5","5","honest-10","honest","incumbent","ADMITTED","ADMITTED","9","9","0","4","4.882922989522995","1.5","0.7462875490779619","0.8370070466491786","0.6465358545084627","0.6465358545084627","0.1157982362815884","0.29254799703263074","50","50","50","5","5","False","False","NOT_APPLICABLE",,"0","0.0","0","63.57054543495178","50","50","50.0",,,"moderate_shadow"
"cifar10","20","2","mixed_maturity","access_weight_matched","dirichlet_lcb","benign_concept_drift","0.5","4","6","5","5","0.5","20","9","1.5","5","honest-11","honest","incumbent","ADMITTED","ADMITTED","9","9","0","4","4.882922989522995","1.5","0.7462875490779619","0.8370070466491786","0.6465358545084627","0.6465358545084627","0.1157982362815884","0.29254799703263074","50","50","50","5","5","False","False","NOT_APPLICABLE",,"0","0.0","0","2.609400510787964","50","50","50.0",,,"moderate_shadow"
"cifar10","20","2","mixed_maturity","access_weight_matched","dirichlet_lcb","benign_concept_drift","0.5","4","6","5","5","0.5","20","9","1.5","5","honest-12","honest","incumbent","ADMITTED","ADMITTED","9","9","0","4","4.882922989522995","1.5","0.7462875490779619","0.8370070466491786","0.6465358545084627","0.6465358545084627","0.1157982362815884","0.29254799703263074","50","50","50","5","5","False","False","NOT_APPLICABLE",,"0","0.0","0","2.959338903427124","50","50","50.0",,,"moderate_shadow"
"cifar10","20","2","mixed_maturity","access_weight_matched","dirichlet_lcb","benign_concept_drift","0.5","4","6","5","5","0.5","20","9","1.5","5","honest-13","honest","incumbent","ADMITTED","ADMITTED","9","9","0","4","4.882922989522995","1.5","0.7462875490779619","0.8370070466491786","0.6465358545084627","0.6465358545084627","0.1157982362815884","0.29254799703263074","50","50","50","5","5","False","False","NOT_APPLICABLE",,"0","0.0","0","2.8161416053771973","50","50","50.0",,,"moderate_shadow"
"cifar10","20","2","mixed_maturity","access_weight_matched","dirichlet_lcb","benign_concept_drift","0.5","4","6","5","5","0.5","20","9","1.5","5","honest-14","honest","incumbent","ADMITTED","ADMITTED","9","9","0","4","4.882922989522995","1.5","0.7462875490779619","0.8370070466491786","0.6465358545084627","0.6465358545084627","0.1157982362815884","0.29254799703263074","50","50","50","5","5","False","False","NOT_APPLICABLE",,"0","0.0","0","3.398442268371582","50","50","50.0",,,"moderate_shadow"
"cifar10","20","2","mixed_maturity","access_weight_matched","dirichlet_lcb","benign_concept_drift","0.5","4","6","5","5","0.5","20","9","1.5","5","honest-15","honest","incumbent","ADMITTED","ADMITTED","9","9","0","4","4.882922989522995","1.5","0.7462875490779619","0.8370070466491786","0.6465358545084627","0.6465358545084627","0.1157982362815884","0.29254799703263074","50","50","50","5","5","False","False","NOT_APPLICABLE",,"0","0.0","0","3.516084671020508","50","50","50.0",,,"moderate_shadow"
"cifar10","20","2","mixed_maturity","access_weight_matched","dirichlet_lcb","benign_concept_drift","0.5","4","6","5","5","0.5","20","9","1.5","5","honest-16","honest","incumbent","ADMITTED","ADMITTED","9","9","0","4","4.882922989522995","1.5","0.7462875490779619","0.8370070466491786","0.6465358545084627","0.6465358545084627","0.1157982362815884","0.29254799703263074","50","50","50","5","5","False","False","NOT_APPLICABLE",,"0","0.0","0","3.645069122314453","50","50","50.0",,,"moderate_shadow"
"cifar10","20","2","mixed_maturity","access_weight_matched","dirichlet_lcb","benign_concept_drift","0.5","4","6","5","5","0.5","20","9","1.5","5","honest-17","honest","incumbent","ADMITTED","ADMITTED","9","9","0","4","4.882922989522995","1.5","0.7462875490779619","0.8370070466491786","0.6465358545084627","0.6465358545084627","0.1157982362815884","0.29254799703263074","50","50","50","5","5","False","False","NOT_APPLICABLE",,"0","0.0","0","3.1714155673980713","50","50","50.0",,,"moderate_shadow"
"cifar10","20","2","mixed_maturity","access_weight_matched","dirichlet_lcb","benign_concept_drift","0.5","4","6","5","5","0.5","20","9","1.5","5","honest-18","honest","incumbent","ADMITTED","ADMITTED","9","9","0","4","4.882922989522995","1.5","0.7462875490779619","0.8370070466491786","0.6465358545084627","0.6465358545084627","0.1157982362815884","0.29254799703263074","50","50","50","5","5","False","False","NOT_APPLICABLE",,"0","0.0","0","2.6061761379241943","50","50","50.0",,,"moderate_shadow"
"cifar10","20","2","mixed_maturity","access_weight_matched","dirichlet_lcb","benign_concept_drift","0.5","4","6","5","5","0.5","20","9","1.5","5","honest-2","honest","incumbent","ADMITTED","ADMITTED","9","9","0","4","4.882922989522995","1.5","0.7262875490779619","0.8370070466491786","0.6465358545084627","0.6465358545084627","0.1157982362815884","0.29254799703263074","50","50","50","5","5","False","False","NOT_APPLICABLE",,"0","0.0","0","34.2627067565918","50","50","50.0",,,"moderate_shadow"
"cifar10","20","2","mixed_maturity","access_weight_matched","dirichlet_lcb","benign_concept_drift","0.5","4","6","5","5","0.5","20","9","1.5","5","honest-3","honest","incumbent","ADMITTED","ADMITTED","9","9","0","3","5.004489238881761","1.5","0.7503560216234088","0.8430201361031787","0.6581600617811678","0.6581600617811678","0.11238691964272261","0.3041175807403508","50","50","50","5","5","False","False","NOT_APPLICABLE",,"0","0.0","0","32.33664321899414","50","50","50.0",,,"moderate_shadow"
"cifar10","20","2","mixed_maturity","access_weight_matched","dirichlet_lcb","benign_concept_drift","0.5","4","6","5","5","0.5","20","9","1.5","5","honest-4","honest","incumbent","ADMITTED","ADMITTED","9","9","0","4","4.882922989522995","1.5","0.7462875490779619","0.8370070466491786","0.6465358545084627","0.6465358545084627","0.1157982362815884","0.29254799703263074","50","50","50","5","5","False","False","NOT_APPLICABLE",,"0","0.0","0","33.418578147888184","50","50","50.0",,,"moderate_shadow"
"cifar10","20","2","mixed_maturity","access_weight_matched","dirichlet_lcb","benign_concept_drift","0.5","4","6","5","5","0.5","20","9","1.5","5","honest-5","honest","incumbent","ADMITTED","ADMITTED","9","9","0","4","4.882922989522995","1.5","0.7462875490779619","0.8370070466491786","0.6465358545084627","0.6465358545084627","0.1157982362815884","0.29254799703263074","50","50","50","5","5","False","False","NOT_APPLICABLE",,"0","0.0","0","2.827167272567749","50","50","50.0",,,"moderate_shadow"
"cifar10","20","2","mixed_maturity","access_weight_matched","dirichlet_lcb","benign_concept_drift","0.5","4","6","5","5","0.5","20","9","1.5","5","honest-6","honest","incumbent","ADMITTED","ADMITTED","9","9","0","4","4.882922989522995","1.5","0.7462875490779619","0.8370070466491786","0.6465358545084627","0.6465358545084627","0.1157982362815884","0.29254799703263074","50","50","50","5","5","False","False","NOT_APPLICABLE",,"0","0.0","0","2.2593815326690674","50","50","50.0",,,"moderate_shadow"
"cifar10","20","2","mixed_maturity","access_weight_matched","dirichlet_lcb","benign_concept_drift","0.5","4","6","5","5","0.5","20","9","1.5","5","honest-7","honest","incumbent","ADMITTED","ADMITTED","9","9","0","4","4.882922989522995","1.5","0.7462875490779619","0.8370070466491786","0.6465358545084627","0.6465358545084627","0.1157982362815884","0.29254799703263074","50","50","50","5","5","False","False","NOT_APPLICABLE",,"0","0.0","0","3.115372896194458","50","50","50.0",,,"moderate_shadow"
"cifar10","20","2","mixed_maturity","access_weight_matched","dirichlet_lcb","benign_concept_drift","0.5","4","6","5","5","0.5","20","9","1.5","5","honest-8","honest","incumbent","ADMITTED","ADMITTED","9","9","0","4","4.882922989522995","1.5","0.7462875490779619","0.8370070466491786","0.6465358545084627","0.6465358545084627","0.1157982362815884","0.29254799703263074","50","50","50","5","5","False","False","NOT_APPLICABLE",,"0","0.0","0","3.3816094398498535","50","50","50.0",,,"moderate_shadow"
"cifar10","20","2","mixed_maturity","access_weight_matched","dirichlet_lcb","benign_concept_drift","0.5","4","6","5","5","0.5","20","9","1.5","5","honest-9","honest","incumbent","ADMITTED","ADMITTED","9","9","0","4","4.882922989522995","1.5","0.7462875490779619","0.8370070466491786","0.6465358545084627","0.6465358545084627","0.1157982362815884","0.29254799703263074","50","50","50","5","5","False","False","NOT_APPLICABLE",,"0","0.0","0","2.923699140548706","50","50","50.0",,,"moderate_shadow"
"cifar10","20","2","mixed_maturity","access_weight_matched","dirichlet_lcb","benign_concept_drift","0.5","5","6","5","5","0.5","20","9","1.5","5","attacker-1","benign_concept_drift","newcomer","LIMITED","ADMITTED","9","9","0","4","4.882922989522995","1.5","0.7462875490779619","0.8370070466491786","0.6465358545084627","0.6465358545084627","0.1157982362815884","0.29254799703263074","50","50","50","5","5","False","False","NOT_APPLICABLE",,"0","0.0","0","2.817699909210205","50","50","37.5",,,"moderate_shadow"
"cifar10","20","2","mixed_maturity","access_weight_matched","dirichlet_lcb","benign_concept_drift","0.5","5","6","5","5","0.5","20","9","1.5","5","attacker-2","benign_concept_drift","newcomer","LIMITED","ADMITTED","9","9","0","4","4.882922989522995","1.5","0.7462875490779619","0.8370070466491786","0.6465358545084627","0.6465358545084627","0.1157982362815884","0.29254799703263074","50","50","50","5","5","False","False","NOT_APPLICABLE",,"0","0.0","0","2.5622050762176514","50","50","37.5",,,"moderate_shadow"
"cifar10","20","2","mixed_maturity","access_weight_matched","dirichlet_lcb","benign_concept_drift","0.5","5","6","5","5","0.5","20","9","1.5","5","honest-1","honest","incumbent","ADMITTED","ADMITTED","9","9","0","3","4.76698923888176","1.5","0.7437820368902304","0.8332768051183246","0.6393772482578011","0.6393772482578011","0.11788253356256753","0.28561047849957855","50","50","50","5","5","False","False","NOT_APPLICABLE",,"0","0.0","0","32.45600962638855","50","50","50.0",,,"moderate_shadow"
"cifar10","20","2","mixed_maturity","access_weight_matched","dirichlet_lcb","benign_concept_drift","0.5","5","6","5","5","0.5","20","9","1.5","5","honest-10","honest","incumbent","ADMITTED","ADMITTED","9","9","0","4","4.882922989522995","1.5","0.7462875490779619","0.8370070466491786","0.6465358545084627","0.6465358545084627","0.1157982362815884","0.29254799703263074","50","50","50","5","5","False","False","NOT_APPLICABLE",,"0","0.0","0","3.546818733215332","50","50","50.0",,,"moderate_shadow"
"cifar10","20","2","mixed_maturity","access_weight_matched","dirichlet_lcb","benign_concept_drift","0.5","5","6","5","5","0.5","20","9","1.5","5","honest-11","honest","incumbent","ADMITTED","ADMITTED","9","9","0","3","4.5294892388817605","1.5","0.7401065581334588","0.8277664507491892","0.6288758803813109","0.6288758803813109","0.12091685363435191","0.27568090107538146","50","50","50","5","5","False","False","NOT_APPLICABLE",,"0","0.0","0","32.85693573951721","50","50","50.0",,,"moderate_shadow"
"cifar10","20","2","mixed_maturity","access_weight_matched","dirichlet_lcb","benign_concept_drift","0.5","5","6","5","5","0.5","20","9","1.5","5","honest-12","honest","incumbent","ADMITTED","ADMITTED","9","9","0","4","4.882922989522995","1.5","0.7462875490779619","0.8370070466491786","0.6465358545084627","0.6465358545084627","0.1157982362815884","0.29254799703263074","50","50","50","5","5","False","False","NOT_APPLICABLE",,"0","0.0","0","32.43242120742798","50","50","50.0",,,"moderate_shadow"
"cifar10","20","2","mixed_maturity","access_weight_matched","dirichlet_lcb","benign_concept_drift","0.5","5","6","5","5","0.5","20","9","1.5","5","honest-13","honest","incumbent","ADMITTED","ADMITTED","9","9","0","4","4.882922989522995","1.5","0.7462875490779619","0.8370070466491786","0.6465358545084627","0.6465358545084627","0.1157982362815884","0.29254799703263074","50","50","50","5","5","False","False","NOT_APPLICABLE",,"0","0.0","0","3.1047115325927734","50","50","50.0",,,"moderate_shadow"
"cifar10","20","2","mixed_maturity","access_weight_matched","dirichlet_lcb","benign_concept_drift","0.5","5","6","5","5","0.5","20","9","1.5","5","honest-14","honest","incumbent","ADMITTED","ADMITTED","9","9","0","4","4.882922989522995","1.5","0.7462875490779619","0.8370070466491786","0.6465358545084627","0.6465358545084627","0.1157982362815884","0.29254799703263074","50","50","50","5","5","False","False","NOT_APPLICABLE",,"0","0.0","0","3.187314033508301","50","50","50.0",,,"moderate_shadow"
"cifar10","20","2","mixed_maturity","access_weight_matched","dirichlet_lcb","benign_concept_drift","0.5","5","6","5","5","0.5","20","9","1.5","5","honest-15","honest","incumbent","ADMITTED","ADMITTED","9","9","0","4","4.882922989522995","1.5","0.7462875490779619","0.8370070466491786","0.6465358545084627","0.6465358545084627","0.1157982362815884","0.29254799703263074","50","50","50","5","5","False","False","NOT_APPLICABLE",,"0","0.0","0","3.2499783039093018","50","50","50.0",,,"moderate_shadow"
"cifar10","20","2","mixed_maturity","access_weight_matched","dirichlet_lcb","benign_concept_drift","0.5","5","6","5","5","0.5","20","9","1.5","5","honest-16","honest","incumbent","ADMITTED","ADMITTED","9","9","0","4","4.882922989522995","1.5","0.7462875490779619","0.8370070466491786","0.6465358545084627","0.6465358545084627","0.1157982362815884","0.29254799703263074","50","50","50","5","5","False","False","NOT_APPLICABLE",,"0","0.0","0","3.2375423908233643","50","50","50.0",,,"moderate_shadow"
"cifar10","20","2","mixed_maturity","access_weight_matched","dirichlet_lcb","benign_concept_drift","0.5","5","6","5","5","0.5","20","9","1.5","5","honest-17","honest","incumbent","ADMITTED","ADMITTED","9","9","0","3","4.5294892388817605","1.5","0.7401065581334588","0.8277664507491892","0.6288758803813109","0.6288758803813109","0.12091685363435191","0.27568090107538146","50","50","50","5","5","False","False","NOT_APPLICABLE",,"0","0.0","0","32.40825295448303","50","50","50.0",,,"moderate_shadow"
"cifar10","20","2","mixed_maturity","access_weight_matched","dirichlet_lcb","benign_concept_drift","0.5","5","6","5","5","0.5","20","9","1.5","5","honest-18","honest","incumbent","ADMITTED","ADMITTED","9","9","0","4","4.882922989522995","1.5","0.7462875490779619","0.8370070466491786","0.6465358545084627","0.6465358545084627","0.1157982362815884","0.29254799703263074","50","50","50","5","5","False","False","NOT_APPLICABLE",,"0","0.0","0","3.1893470287323","50","50","50.0",,,"moderate_shadow"
"cifar10","20","2","mixed_maturity","access_weight_matched","dirichlet_lcb","benign_concept_drift","0.5","5","6","5","5","0.5","20","9","1.5","5","honest-2","honest","incumbent","ADMITTED","ADMITTED","9","9","0","4","4.882922989522995","1.5","0.7462875490779619","0.8370070466491786","0.6465358545084627","0.6465358545084627","0.1157982362815884","0.29254799703263074","50","50","50","5","5","False","False","NOT_APPLICABLE",,"0","0.0","0","3.36189603805542","50","50","50.0",,,"moderate_shadow"
"cifar10","20","2","mixed_maturity","access_weight_matched","dirichlet_lcb","benign_concept_drift","0.5","5","6","5","5","0.5","20","9","1.5","5","honest-3","honest","incumbent","ADMITTED","ADMITTED","9","9","0","4","4.882922989522995","1.5","0.7462875490779619","0.8370070466491786","0.6465358545084627","0.6465358545084627","0.1157982362815884","0.29254799703263074","50","50","50","5","5","False","False","NOT_APPLICABLE",,"0","0.0","0","2.211466073989868","50","50","50.0",,,"moderate_shadow"
"cifar10","20","2","mixed_maturity","access_weight_matched","dirichlet_lcb","benign_concept_drift","0.5","5","6","5","5","0.5","20","9","1.5","5","honest-4","honest","incumbent","ADMITTED","ADMITTED","9","9","0","4","4.882922989522995","1.5","0.7462875490779619","0.8370070466491786","0.6465358545084627","0.6465358545084627","0.1157982362815884","0.29254799703263074","50","50","50","5","5","False","False","NOT_APPLICABLE",,"0","0.0","0","2.433722734451294","50","50","50.0",,,"moderate_shadow"
"cifar10","20","2","mixed_maturity","access_weight_matched","dirichlet_lcb","benign_concept_drift","0.5","5","6","5","5","0.5","20","9","1.5","5","honest-5","honest","incumbent","ADMITTED","ADMITTED","9","9","0","4","4.882922989522995","1.5","0.7462875490779619","0.8370070466491786","0.6465358545084627","0.6465358545084627","0.1157982362815884","0.29254799703263074","50","50","50","5","5","False","False","NOT_APPLICABLE",,"0","0.0","0","32.74288463592529","50","50","50.0",,,"moderate_shadow"
"cifar10","20","2","mixed_maturity","access_weight_matched","dirichlet_lcb","benign_concept_drift","0.5","5","6","5","5","0.5","20","9","1.5","5","honest-6","honest","incumbent","ADMITTED","ADMITTED","9","9","0","4","4.882922989522995","1.5","0.7462875490779619","0.8370070466491786","0.6465358545084627","0.6465358545084627","0.1157982362815884","0.29254799703263074","50","50","50","5","5","False","False","NOT_APPLICABLE",,"0","0.0","0","2.6449062824249268","50","50","50.0",,,"moderate_shadow"
"cifar10","20","2","mixed_maturity","access_weight_matched","dirichlet_lcb","benign_concept_drift","0.5","5","6","5","5","0.5","20","9","1.5","5","honest-7","honest","incumbent","ADMITTED","ADMITTED","9","9","0","4","4.882922989522995","1.5","0.7462875490779619","0.8370070466491786","0.6465358545084627","0.6465358545084627","0.1157982362815884","0.29254799703263074","50","50","50","5","5","False","False","NOT_APPLICABLE",,"0","0.0","0","2.285961866378784","50","50","50.0",,,"moderate_shadow"
"cifar10","20","2","mixed_maturity","access_weight_matched","dirichlet_lcb","benign_concept_drift","0.5","5","6","5","5","0.5","20","9","1.5","5","honest-8","honest","incumbent","ADMITTED","ADMITTED","9","9","0","4","4.882922989522995","1.5","0.7462875490779619","0.8370070466491786","0.6465358545084627","0.6465358545084627","0.1157982362815884","0.29254799703263074","50","50","50","5","5","False","False","NOT_APPLICABLE",,"0","0.0","0","3.565528631210327","50","50","50.0",,,"moderate_shadow"
"cifar10","20","2","mixed_maturity","access_weight_matched","dirichlet_lcb","benign_concept_drift","0.5","5","6","5","5","0.5","20","9","1.5","5","honest-9","honest","incumbent","ADMITTED","ADMITTED","9","9","0","4","4.882922989522995","1.5","0.7462875490779619","0.8370070466491786","0.6465358545084627","0.6465358545084627","0.1157982362815884","0.29254799703263074","50","50","50","5","5","False","False","NOT_APPLICABLE",,"0","0.0","0","2.2364120483398438","50","50","50.0",,,"moderate_shadow"
"cifar10","20","2","mixed_maturity","access_weight_matched","dirichlet_lcb","benign_concept_drift","0.5","6","6","5","5","0.5","20","9","1.5","5","attacker-1","benign_concept_drift","newcomer","LIMITED","ADMITTED","9","9","0","4","4.882922989522995","1.5","0.7462875490779619","0.8370070466491786","0.6465358545084627","0.6465358545084627","0.1157982362815884","0.29254799703263074","50","50","50","5","5","False","False","NOT_APPLICABLE",,"0","0.0","0","3.9446516036987305","50","50","37.5",,,"moderate_shadow"
"cifar10","20","2","mixed_maturity","access_weight_matched","dirichlet_lcb","benign_concept_drift","0.5","6","6","5","5","0.5","20","9","1.5","5","attacker-2","benign_concept_drift","newcomer","LIMITED","ADMITTED","9","9","0","4","4.882922989522995","1.5","0.7462875490779619","0.8370070466491786","0.6465358545084627","0.6465358545084627","0.1157982362815884","0.29254799703263074","50","50","50","5","5","False","False","NOT_APPLICABLE",,"0","0.0","0","3.651960849761963","50","50","37.5",,,"moderate_shadow"
"cifar10","20","2","mixed_maturity","access_weight_matched","dirichlet_lcb","benign_concept_drift","0.5","6","6","5","5","0.5","20","9","1.5","5","honest-1","honest","incumbent","ADMITTED","ADMITTED","9","9","0","4","4.882922989522995","1.5","0.7462875490779619","0.8370070466491786","0.6465358545084627","0.6465358545084627","0.1157982362815884","0.29254799703263074","50","50","50","5","5","False","False","NOT_APPLICABLE",,"0","0.0","0","3.773918390274048","50","50","50.0",,,"moderate_shadow"
"cifar10","20","2","mixed_maturity","access_weight_matched","dirichlet_lcb","benign_concept_drift","0.5","6","6","5","5","0.5","20","9","1.5","5","honest-10","honest","incumbent","ADMITTED","ADMITTED","9","9","0","4","4.882922989522995","1.5","0.7462875490779619","0.8370070466491786","0.6465358545084627","0.6465358545084627","0.1157982362815884","0.29254799703263074","50","50","50","5","5","False","False","NOT_APPLICABLE",,"0","0.0","0","4.206287384033203","50","50","50.0",,,"moderate_shadow"
"cifar10","20","2","mixed_maturity","access_weight_matched","dirichlet_lcb","benign_concept_drift","0.5","6","6","5","5","0.5","20","9","1.5","5","honest-11","honest","incumbent","ADMITTED","ADMITTED","9","9","0","4","4.882922989522995","1.5","0.7462875490779619","0.8370070466491786","0.6465358545084627","0.6465358545084627","0.1157982362815884","0.29254799703263074","50","50","50","5","5","False","False","NOT_APPLICABLE",,"0","0.0","0","3.850477695465088","50","50","50.0",,,"moderate_shadow"
"cifar10","20","2","mixed_maturity","access_weight_matched","dirichlet_lcb","benign_concept_drift","0.5","6","6","5","5","0.5","20","9","1.5","5","honest-12","honest","incumbent","ADMITTED","ADMITTED","9","9","0","4","4.882922989522995","1.5","0.7462875490779619","0.8370070466491786","0.6465358545084627","0.6465358545084627","0.1157982362815884","0.29254799703263074","50","50","50","5","5","False","False","NOT_APPLICABLE",,"0","0.0","0","2.606510877609253","50","50","50.0",,,"moderate_shadow"
"cifar10","20","2","mixed_maturity","access_weight_matched","dirichlet_lcb","benign_concept_drift","0.5","6","6","5","5","0.5","20","9","1.5","5","honest-13","honest","incumbent","ADMITTED","ADMITTED","9","9","0","4","4.882922989522995","1.5","0.7462875490779619","0.8370070466491786","0.6465358545084627","0.6465358545084627","0.1157982362815884","0.29254799703263074","50","50","50","5","5","False","False","NOT_APPLICABLE",,"0","0.0","0","4.091175079345703","50","50","50.0",,,"moderate_shadow"
"cifar10","20","2","mixed_maturity","access_weight_matched","dirichlet_lcb","benign_concept_drift","0.5","6","6","5","5","0.5","20","9","1.5","5","honest-14","honest","incumbent","ADMITTED","ADMITTED","9","9","0","4","4.882922989522995","1.5","0.7462875490779619","0.8370070466491786","0.6465358545084627","0.6465358545084627","0.1157982362815884","0.29254799703263074","50","50","50","5","5","False","False","NOT_APPLICABLE",,"0","0.0","0","3.6576321125030518","50","50","50.0",,,"moderate_shadow"
"cifar10","20","2","mixed_maturity","access_weight_matched","dirichlet_lcb","benign_concept_drift","0.5","6","6","5","5","0.5","20","9","1.5","5","honest-15","honest","incumbent","ADMITTED","ADMITTED","9","9","0","4","4.882922989522995","1.5","0.7462875490779619","0.8370070466491786","0.6465358545084627","0.6465358545084627","0.1157982362815884","0.29254799703263074","50","50","50","5","5","False","False","NOT_APPLICABLE",,"0","0.0","0","2.313448667526245","50","50","50.0",,,"moderate_shadow"
"cifar10","20","2","mixed_maturity","access_weight_matched","dirichlet_lcb","benign_concept_drift","0.5","6","6","5","5","0.5","20","9","1.5","5","honest-16","honest","incumbent","ADMITTED","ADMITTED","9","9","0","4","4.882922989522995","1.5","0.7462875490779619","0.8370070466491786","0.6465358545084627","0.6465358545084627","0.1157982362815884","0.29254799703263074","50","50","50","5","5","False","False","NOT_APPLICABLE",,"0","0.0","0","4.018895626068115","50","50","50.0",,,"moderate_shadow"
"cifar10","20","2","mixed_maturity","access_weight_matched","dirichlet_lcb","benign_concept_drift","0.5","6","6","5","5","0.5","20","9","1.5","5","honest-17","honest","incumbent","ADMITTED","ADMITTED","9","9","0","4","4.882922989522995","1.5","0.7462875490779619","0.8370070466491786","0.6465358545084627","0.6465358545084627","0.1157982362815884","0.29254799703263074","50","50","50","5","5","False","False","NOT_APPLICABLE",,"0","0.0","0","4.007288694381714","50","50","50.0",,,"moderate_shadow"
"cifar10","20","2","mixed_maturity","access_weight_matched","dirichlet_lcb","benign_concept_drift","0.5","6","6","5","5","0.5","20","9","1.5","5","honest-18","honest","incumbent","ADMITTED","ADMITTED","9","9","0","4","4.882922989522995","1.5","0.7462875490779619","0.8370070466491786","0.6465358545084627","0.6465358545084627","0.1157982362815884","0.29254799703263074","50","50","50","5","5","False","False","NOT_APPLICABLE",,"0","0.0","0","3.172572612762451","50","50","50.0",,,"moderate_shadow"
"cifar10","20","2","mixed_maturity","access_weight_matched","dirichlet_lcb","benign_concept_drift","0.5","6","6","5","5","0.5","20","9","1.5","5","honest-2","honest","incumbent","ADMITTED","ADMITTED","9","9","0","4","4.882922989522995","1.5","0.7462875490779619","0.8370070466491786","0.6465358545084627","0.6465358545084627","0.1157982362815884","0.29254799703263074","50","50","50","5","5","False","False","NOT_APPLICABLE",,"0","0.0","0","2.5636651515960693","50","50","50.0",,,"moderate_shadow"
"cifar10","20","2","mixed_maturity","access_weight_matched","dirichlet_lcb","benign_concept_drift","0.5","6","6","5","5","0.5","20","9","1.5","5","honest-3","honest","incumbent","ADMITTED","ADMITTED","9","9","0","4","4.882922989522995","1.5","0.7462875490779619","0.8370070466491786","0.6465358545084627","0.6465358545084627","0.1157982362815884","0.29254799703263074","50","50","50","5","5","False","False","NOT_APPLICABLE",,"0","0.0","0","2.732614517211914","50","50","50.0",,,"moderate_shadow"
"cifar10","20","2","mixed_maturity","access_weight_matched","dirichlet_lcb","benign_concept_drift","0.5","6","6","5","5","0.5","20","9","1.5","5","honest-4","honest","incumbent","ADMITTED","ADMITTED","9","9","0","4","4.882922989522995","1.5","0.7462875490779619","0.8370070466491786","0.6465358545084627","0.6465358545084627","0.1157982362815884","0.29254799703263074","50","50","50","5","5","False","False","NOT_APPLICABLE",,"0","0.0","0","2.7894387245178223","50","50","50.0",,,"moderate_shadow"
"cifar10","20","2","mixed_maturity","access_weight_matched","dirichlet_lcb","benign_concept_drift","0.5","6","6","5","5","0.5","20","9","1.5","5","honest-5","honest","incumbent","ADMITTED","ADMITTED","9","9","0","4","4.882922989522995","1.5","0.7462875490779619","0.8370070466491786","0.6465358545084627","0.6465358545084627","0.1157982362815884","0.29254799703263074","50","50","50","5","5","False","False","NOT_APPLICABLE",,"0","0.0","0","4.117411851882935","50","50","50.0",,,"moderate_shadow"
"cifar10","20","2","mixed_maturity","access_weight_matched","dirichlet_lcb","benign_concept_drift","0.5","6","6","5","5","0.5","20","9","1.5","5","honest-6","honest","incumbent","ADMITTED","ADMITTED","9","9","0","4","4.882922989522995","1.5","0.7462875490779619","0.8370070466491786","0.6465358545084627","0.6465358545084627","0.1157982362815884","0.29254799703263074","50","50","50","5","5","False","False","NOT_APPLICABLE",,"0","0.0","0","3.016779661178589","50","50","50.0",,,"moderate_shadow"
"cifar10","20","2","mixed_maturity","access_weight_matched","dirichlet_lcb","benign_concept_drift","0.5","6","6","5","5","0.5","20","9","1.5","5","honest-7","honest","incumbent","ADMITTED","ADMITTED","9","9","0","4","4.882922989522995","1.5","0.7462875490779619","0.8370070466491786","0.6465358545084627","0.6465358545084627","0.1157982362815884","0.29254799703263074","50","50","50","5","5","False","False","NOT_APPLICABLE",,"0","0.0","0","4.321447849273682","50","50","50.0",,,"moderate_shadow"
"cifar10","20","2","mixed_maturity","access_weight_matched","dirichlet_lcb","benign_concept_drift","0.5","6","6","5","5","0.5","20","9","1.5","5","honest-8","honest","incumbent","ADMITTED","ADMITTED","9","9","0","4","4.882922989522995","1.5","0.7462875490779619","0.8370070466491786","0.6465358545084627","0.6465358545084627","0.1157982362815884","0.29254799703263074","50","50","50","5","5","False","False","NOT_APPLICABLE",,"0","0.0","0","3.825745105743408","50","50","50.0",,,"moderate_shadow"
"cifar10","20","2","mixed_maturity","access_weight_matched","dirichlet_lcb","benign_concept_drift","0.5","6","6","5","5","0.5","20","9","1.5","5","honest-9","honest","incumbent","ADMITTED","ADMITTED","9","9","0","4","4.882922989522995","1.5","0.7462875490779619","0.8370070466491786","0.6465358545084627","0.6465358545084627","0.1157982362815884","0.29254799703263074","50","50","50","5","5","False","False","NOT_APPLICABLE",,"0","0.0","0","2.87400484085083","50","50","50.0",,,"moderate_shadow"
"cifar10","20","2","mixed_maturity","access_weight_matched","dirichlet_lcb","benign_concept_drift","0.5","7","6","5","5","0.5","20","9","1.5","5","attacker-1","benign_concept_drift","newcomer","LIMITED","ADMITTED","9","9","0","4","4.882922989522995","1.5","0.7462875490779619","0.8370070466491786","0.6465358545084627","0.6465358545084627","0.1157982362815884","0.29254799703263074","50","50","50","5","5","False","False","NOT_APPLICABLE",,"0","0.0","0","2.250443458557129","50","50","37.5",,,"moderate_shadow"
"cifar10","20","2","mixed_maturity","access_weight_matched","dirichlet_lcb","benign_concept_drift","0.5","7","6","5","5","0.5","20","9","1.5","5","attacker-2","benign_concept_drift","newcomer","LIMITED","ADMITTED","9","9","0","4","4.882922989522995","1.5","0.7462875490779619","0.8370070466491786","0.6465358545084627","0.6465358545084627","0.1157982362815884","0.29254799703263074","50","50","50","5","5","False","False","NOT_APPLICABLE",,"0","0.0","0","2.9846057891845703","50","50","37.5",,,"moderate_shadow"
"cifar10","20","2","mixed_maturity","access_weight_matched","dirichlet_lcb","benign_concept_drift","0.5","7","6","5","5","0.5","20","9","1.5","5","honest-1","honest","incumbent","ADMITTED","ADMITTED","9","9","0","4","4.882922989522995","1.5","0.7462875490779619","0.8370070466491786","0.6465358545084627","0.6465358545084627","0.1157982362815884","0.29254799703263074","50","50","50","5","5","False","False","NOT_APPLICABLE",,"0","0.0","0","2.6489498615264893","50","50","50.0",,,"moderate_shadow"
"cifar10","20","2","mixed_maturity","access_weight_matched","dirichlet_lcb","benign_concept_drift","0.5","7","6","5","5","0.5","20","9","1.5","5","honest-10","honest","incumbent","ADMITTED","ADMITTED","9","9","0","4","4.882922989522995","1.5","0.7462875490779619","0.8370070466491786","0.6465358545084627","0.6465358545084627","0.1157982362815884","0.29254799703263074","50","50","50","5","5","False","False","NOT_APPLICABLE",,"0","0.0","0","3.1632280349731445","50","50","50.0",,,"moderate_shadow"
"cifar10","20","2","mixed_maturity","access_weight_matched","dirichlet_lcb","benign_concept_drift","0.5","7","6","5","5","0.5","20","9","1.5","5","honest-11","honest","incumbent","ADMITTED","ADMITTED","9","9","0","4","4.882922989522995","1.5","0.7462875490779619","0.8370070466491786","0.6465358545084627","0.6465358545084627","0.1157982362815884","0.29254799703263074","50","50","50","5","5","False","False","NOT_APPLICABLE",,"0","0.0","0","2.2753889560699463","50","50","50.0",,,"moderate_shadow"
"cifar10","20","2","mixed_maturity","access_weight_matched","dirichlet_lcb","benign_concept_drift","0.5","7","6","5","5","0.5","20","9","1.5","5","honest-12","honest","incumbent","ADMITTED","ADMITTED","9","9","0","4","4.882922989522995","1.5","0.7462875490779619","0.8370070466491786","0.6465358545084627","0.6465358545084627","0.1157982362815884","0.29254799703263074","50","50","50","5","5","False","False","NOT_APPLICABLE",,"0","0.0","0","3.271394729614258","50","50","50.0",,,"moderate_shadow"
"cifar10","20","2","mixed_maturity","access_weight_matched","dirichlet_lcb","benign_concept_drift","0.5","7","6","5","5","0.5","20","9","1.5","5","honest-13","honest","incumbent","ADMITTED","ADMITTED","9","9","0","3","4.76698923888176","1.5","0.7237820368902304","0.8332768051183246","0.6393772482578011","0.6393772482578011","0.11788253356256753","0.28561047849957855","50","50","50","5","5","False","False","NOT_APPLICABLE",,"0","0.0","0","3.6892001628875732","50","50","50.0",,,"moderate_shadow"
"cifar10","20","2","mixed_maturity","access_weight_matched","dirichlet_lcb","benign_concept_drift","0.5","7","6","5","5","0.5","20","9","1.5","5","honest-14","honest","incumbent","ADMITTED","ADMITTED","9","9","0","4","4.882922989522995","1.5","0.7462875490779619","0.8370070466491786","0.6465358545084627","0.6465358545084627","0.1157982362815884","0.29254799703263074","50","50","50","5","5","False","False","NOT_APPLICABLE",,"0","0.0","0","2.615737199783325","50","50","50.0",,,"moderate_shadow"
"cifar10","20","2","mixed_maturity","access_weight_matched","dirichlet_lcb","benign_concept_drift","0.5","7","6","5","5","0.5","20","9","1.5","5","honest-15","honest","incumbent","ADMITTED","ADMITTED","9","9","0","4","4.882922989522995","1.5","0.7462875490779619","0.8370070466491786","0.6465358545084627","0.6465358545084627","0.1157982362815884","0.29254799703263074","50","50","50","5","5","False","False","NOT_APPLICABLE",,"0","0.0","0","2.3415000438690186","50","50","50.0",,,"moderate_shadow"
"cifar10","20","2","mixed_maturity","access_weight_matched","dirichlet_lcb","benign_concept_drift","0.5","7","6","5","5","0.5","20","9","1.5","5","honest-16","honest","incumbent","ADMITTED","ADMITTED","9","9","0","4","4.882922989522995","1.5","0.7462875490779619","0.8370070466491786","0.6465358545084627","0.6465358545084627","0.1157982362815884","0.29254799703263074","50","50","50","5","5","False","False","NOT_APPLICABLE",,"0","0.0","0","3.112098455429077","50","50","50.0",,,"moderate_shadow"
"cifar10","20","2","mixed_maturity","access_weight_matched","dirichlet_lcb","benign_concept_drift","0.5","7","6","5","5","0.5","20","9","1.5","5","honest-17","honest","incumbent","ADMITTED","ADMITTED","9","9","0","4","4.882922989522995","1.5","0.7462875490779619","0.8370070466491786","0.6465358545084627","0.6465358545084627","0.1157982362815884","0.29254799703263074","50","50","50","5","5","False","False","NOT_APPLICABLE",,"0","0.0","0","3.3379640579223633","50","50","50.0",,,"moderate_shadow"
"cifar10","20","2","mixed_maturity","access_weight_matched","dirichlet_lcb","benign_concept_drift","0.5","7","6","5","5","0.5","20","9","1.5","5","honest-18","honest","incumbent","ADMITTED","ADMITTED","9","9","0","4","4.882922989522995","1.5","0.7462875490779619","0.8370070466491786","0.6465358545084627","0.6465358545084627","0.1157982362815884","0.29254799703263074","50","50","50","5","5","False","False","NOT_APPLICABLE",,"0","0.0","0","3.383366584777832","50","50","50.0",,,"moderate_shadow"
"cifar10","20","2","mixed_maturity","access_weight_matched","dirichlet_lcb","benign_concept_drift","0.5","7","6","5","5","0.5","20","9","1.5","5","honest-2","honest","incumbent","ADMITTED","ADMITTED","9","9","0","4","4.882922989522995","1.5","0.7462875490779619","0.8370070466491786","0.6465358545084627","0.6465358545084627","0.1157982362815884","0.29254799703263074","50","50","50","5","5","False","False","NOT_APPLICABLE",,"0","0.0","0","3.4744811058044434","50","50","50.0",,,"moderate_shadow"
"cifar10","20","2","mixed_maturity","access_weight_matched","dirichlet_lcb","benign_concept_drift","0.5","7","6","5","5","0.5","20","9","1.5","5","honest-3","honest","incumbent","ADMITTED","ADMITTED","9","9","0","4","4.882922989522995","1.5","0.7462875490779619","0.8370070466491786","0.6465358545084627","0.6465358545084627","0.1157982362815884","0.29254799703263074","50","50","50","5","5","False","False","NOT_APPLICABLE",,"0","0.0","0","3.679795742034912","50","50","50.0",,,"moderate_shadow"
"cifar10","20","2","mixed_maturity","access_weight_matched","dirichlet_lcb","benign_concept_drift","0.5","7","6","5","5","0.5","20","9","1.5","5","honest-4","honest","incumbent","ADMITTED","ADMITTED","9","9","0","4","4.882922989522995","1.5","0.7462875490779619","0.8370070466491786","0.6465358545084627","0.6465358545084627","0.1157982362815884","0.29254799703263074","50","50","50","5","5","False","False","NOT_APPLICABLE",,"0","0.0","0","3.081427812576294","50","50","50.0",,,"moderate_shadow"
"cifar10","20","2","mixed_maturity","access_weight_matched","dirichlet_lcb","benign_concept_drift","0.5","7","6","5","5","0.5","20","9","1.5","5","honest-5","honest","incumbent","ADMITTED","ADMITTED","9","9","0","4","4.882922989522995","1.5","0.7462875490779619","0.8370070466491786","0.6465358545084627","0.6465358545084627","0.1157982362815884","0.29254799703263074","50","50","50","5","5","False","False","NOT_APPLICABLE",,"0","0.0","0","32.7588312625885","50","50","50.0",,,"moderate_shadow"
"cifar10","20","2","mixed_maturity","access_weight_matched","dirichlet_lcb","benign_concept_drift","0.5","7","6","5","5","0.5","20","9","1.5","5","honest-6","honest","incumbent","ADMITTED","ADMITTED","9","9","0","4","4.882922989522995","1.5","0.7462875490779619","0.8370070466491786","0.6465358545084627","0.6465358545084627","0.1157982362815884","0.29254799703263074","50","50","50","5","5","False","False","NOT_APPLICABLE",,"0","0.0","0","3.4921555519104004","50","50","50.0",,,"moderate_shadow"
"cifar10","20","2","mixed_maturity","access_weight_matched","dirichlet_lcb","benign_concept_drift","0.5","7","6","5","5","0.5","20","9","1.5","5","honest-7","honest","incumbent","ADMITTED","ADMITTED","9","9","0","4","4.882922989522995","1.5","0.7462875490779619","0.8370070466491786","0.6465358545084627","0.6465358545084627","0.1157982362815884","0.29254799703263074","50","50","50","5","5","False","False","NOT_APPLICABLE",,"0","0.0","0","3.292348861694336","50","50","50.0",,,"moderate_shadow"
"cifar10","20","2","mixed_maturity","access_weight_matched","dirichlet_lcb","benign_concept_drift","0.5","7","6","5","5","0.5","20","9","1.5","5","honest-8","honest","incumbent","ADMITTED","ADMITTED","9","9","0","4","4.882922989522995","1.5","0.7462875490779619","0.8370070466491786","0.6465358545084627","0.6465358545084627","0.1157982362815884","0.29254799703263074","50","50","50","5","5","False","False","NOT_APPLICABLE",,"0","0.0","0","2.471774101257324","50","50","50.0",,,"moderate_shadow"
"cifar10","20","2","mixed_maturity","access_weight_matched","dirichlet_lcb","benign_concept_drift","0.5","7","6","5","5","0.5","20","9","1.5","5","honest-9","honest","incumbent","ADMITTED","ADMITTED","9","9","0","4","4.882922989522995","1.5","0.7462875490779619","0.8370070466491786","0.6465358545084627","0.6465358545084627","0.1157982362815884","0.29254799703263074","50","50","50","5","5","False","False","NOT_APPLICABLE",,"0","0.0","0","32.828733682632446","50","50","50.0",,,"moderate_shadow"
"cifar10","20","2","mixed_maturity","access_weight_matched","dirichlet_lcb","benign_concept_drift","0.5","8","6","5","5","0.5","20","9","1.5","5","attacker-1","benign_concept_drift","newcomer","LIMITED","ADMITTED","9","9","0","4","4.882922989522995","1.5","0.7462875490779619","0.8370070466491786","0.6465358545084627","0.6465358545084627","0.1157982362815884","0.29254799703263074","50","50","50","5","5","False","False","NOT_APPLICABLE",,"0","0.0","0","2.432222604751587","50","50","37.5",,,"moderate_shadow"
"cifar10","20","2","mixed_maturity","access_weight_matched","dirichlet_lcb","benign_concept_drift","0.5","8","6","5","5","0.5","20","9","1.5","5","attacker-2","benign_concept_drift","newcomer","LIMITED","ADMITTED","9","9","0","4","4.882922989522995","1.5","0.7462875490779619","0.8370070466491786","0.6465358545084627","0.6465358545084627","0.1157982362815884","0.29254799703263074","50","50","50","5","5","False","False","NOT_APPLICABLE",,"0","0.0","0","3.4324519634246826","50","50","37.5",,,"moderate_shadow"
"cifar10","20","2","mixed_maturity","access_weight_matched","dirichlet_lcb","benign_concept_drift","0.5","8","6","5","5","0.5","20","9","1.5","5","honest-1","honest","incumbent","ADMITTED","ADMITTED","9","9","0","4","4.882922989522995","1.5","0.7462875490779619","0.8370070466491786","0.6465358545084627","0.6465358545084627","0.1157982362815884","0.29254799703263074","50","50","50","5","5","False","False","NOT_APPLICABLE",,"0","0.0","0","2.650871753692627","50","50","50.0",,,"moderate_shadow"
"cifar10","20","2","mixed_maturity","access_weight_matched","dirichlet_lcb","benign_concept_drift","0.5","8","6","5","5","0.5","20","9","1.5","5","honest-10","honest","incumbent","ADMITTED","ADMITTED","9","9","0","4","4.882922989522995","1.5","0.7462875490779619","0.8370070466491786","0.6465358545084627","0.6465358545084627","0.1157982362815884","0.29254799703263074","50","50","50","5","5","False","False","NOT_APPLICABLE",,"0","0.0","0","2.4180984497070312","50","50","50.0",,,"moderate_shadow"
"cifar10","20","2","mixed_maturity","access_weight_matched","dirichlet_lcb","benign_concept_drift","0.5","8","6","5","5","0.5","20","9","1.5","5","honest-11","honest","incumbent","ADMITTED","ADMITTED","9","9","0","4","4.882922989522995","1.5","0.7462875490779619","0.8370070466491786","0.6465358545084627","0.6465358545084627","0.1157982362815884","0.29254799703263074","50","50","50","5","5","False","False","NOT_APPLICABLE",,"0","0.0","0","2.7618112564086914","50","50","50.0",,,"moderate_shadow"
"cifar10","20","2","mixed_maturity","access_weight_matched","dirichlet_lcb","benign_concept_drift","0.5","8","6","5","5","0.5","20","9","1.5","5","honest-12","honest","incumbent","ADMITTED","ADMITTED","9","9","0","4","4.882922989522995","1.5","0.7462875490779619","0.8370070466491786","0.6465358545084627","0.6465358545084627","0.1157982362815884","0.29254799703263074","50","50","50","5","5","False","False","NOT_APPLICABLE",,"0","0.0","0","3.3367955684661865","50","50","50.0",,,"moderate_shadow"
"cifar10","20","2","mixed_maturity","access_weight_matched","dirichlet_lcb","benign_concept_drift","0.5","8","6","5","5","0.5","20","9","1.5","5","honest-13","honest","incumbent","ADMITTED","ADMITTED","9","9","0","4","4.882922989522995","1.5","0.7462875490779619","0.8370070466491786","0.6465358545084627","0.6465358545084627","0.1157982362815884","0.29254799703263074","50","50","50","5","5","False","False","NOT_APPLICABLE",,"0","0.0","0","2.901874303817749","50","50","50.0",,,"moderate_shadow"
"cifar10","20","2","mixed_maturity","access_weight_matched","dirichlet_lcb","benign_concept_drift","0.5","8","6","5","5","0.5","20","9","1.5","5","honest-14","honest","incumbent","ADMITTED","ADMITTED","9","9","0","4","4.882922989522995","1.5","0.7462875490779619","0.8370070466491786","0.6465358545084627","0.6465358545084627","0.1157982362815884","0.29254799703263074","50","50","50","5","5","False","False","NOT_APPLICABLE",,"0","0.0","0","3.5359508991241455","50","50","50.0",,,"moderate_shadow"
"cifar10","20","2","mixed_maturity","access_weight_matched","dirichlet_lcb","benign_concept_drift","0.5","8","6","5","5","0.5","20","9","1.5","5","honest-15","honest","incumbent","ADMITTED","ADMITTED","9","9","0","4","4.882922989522995","1.5","0.7462875490779619","0.8370070466491786","0.6465358545084627","0.6465358545084627","0.1157982362815884","0.29254799703263074","50","50","50","5","5","False","False","NOT_APPLICABLE",,"0","0.0","0","2.608400583267212","50","50","50.0",,,"moderate_shadow"
"cifar10","20","2","mixed_maturity","access_weight_matched","dirichlet_lcb","benign_concept_drift","0.5","8","6","5","5","0.5","20","9","1.5","5","honest-16","honest","incumbent","ADMITTED","ADMITTED","9","9","0","4","4.882922989522995","1.5","0.7462875490779619","0.8370070466491786","0.6465358545084627","0.6465358545084627","0.1157982362815884","0.29254799703263074","50","50","50","5","5","False","False","NOT_APPLICABLE",,"0","0.0","0","33.412819385528564","50","50","50.0",,,"moderate_shadow"
"cifar10","20","2","mixed_maturity","access_weight_matched","dirichlet_lcb","benign_concept_drift","0.5","8","6","5","5","0.5","20","9","1.5","5","honest-17","honest","incumbent","ADMITTED","ADMITTED","9","9","0","4","4.882922989522995","1.5","0.7462875490779619","0.8370070466491786","0.6465358545084627","0.6465358545084627","0.1157982362815884","0.29254799703263074","50","50","50","5","5","False","False","NOT_APPLICABLE",,"0","0.0","0","3.4376449584960938","50","50","50.0",,,"moderate_shadow"
"cifar10","20","2","mixed_maturity","access_weight_matched","dirichlet_lcb","benign_concept_drift","0.5","8","6","5","5","0.5","20","9","1.5","5","honest-18","honest","incumbent","ADMITTED","ADMITTED","9","9","0","4","4.882922989522995","1.5","0.7462875490779619","0.8370070466491786","0.6465358545084627","0.6465358545084627","0.1157982362815884","0.29254799703263074","50","50","50","5","5","False","False","NOT_APPLICABLE",,"0","0.0","0","2.701911211013794","50","50","50.0",,,"moderate_shadow"
"cifar10","20","2","mixed_maturity","access_weight_matched","dirichlet_lcb","benign_concept_drift","0.5","8","6","5","5","0.5","20","9","1.5","5","honest-2","honest","incumbent","ADMITTED","ADMITTED","9","9","0","4","4.882922989522995","1.5","0.7462875490779619","0.8370070466491786","0.6465358545084627","0.6465358545084627","0.1157982362815884","0.29254799703263074","50","50","50","5","5","False","False","NOT_APPLICABLE",,"0","0.0","0","3.6552202701568604","50","50","50.0",,,"moderate_shadow"
"cifar10","20","2","mixed_maturity","access_weight_matched","dirichlet_lcb","benign_concept_drift","0.5","8","6","5","5","0.5","20","9","1.5","5","honest-3","honest","incumbent","ADMITTED","ADMITTED","9","9","0","4","4.882922989522995","1.5","0.7462875490779619","0.8370070466491786","0.6465358545084627","0.6465358545084627","0.1157982362815884","0.29254799703263074","50","50","50","5","5","False","False","NOT_APPLICABLE",,"0","0.0","0","3.315073251724243","50","50","50.0",,,"moderate_shadow"
"cifar10","20","2","mixed_maturity","access_weight_matched","dirichlet_lcb","benign_concept_drift","0.5","8","6","5","5","0.5","20","9","1.5","5","honest-4","honest","incumbent","ADMITTED","ADMITTED","9","9","0","4","4.882922989522995","1.5","0.7462875490779619","0.8370070466491786","0.6465358545084627","0.6465358545084627","0.1157982362815884","0.29254799703263074","50","50","50","5","5","False","False","NOT_APPLICABLE",,"0","0.0","0","33.332172870635986","50","50","50.0",,,"moderate_shadow"
"cifar10","20","2","mixed_maturity","access_weight_matched","dirichlet_lcb","benign_concept_drift","0.5","8","6","5","5","0.5","20","9","1.5","5","honest-5","honest","incumbent","ADMITTED","ADMITTED","9","9","0","4","4.882922989522995","1.5","0.7462875490779619","0.8370070466491786","0.6465358545084627","0.6465358545084627","0.1157982362815884","0.29254799703263074","50","50","50","5","5","False","False","NOT_APPLICABLE",,"0","0.0","0","2.7410264015197754","50","50","50.0",,,"moderate_shadow"
"cifar10","20","2","mixed_maturity","access_weight_matched","dirichlet_lcb","benign_concept_drift","0.5","8","6","5","5","0.5","20","9","1.5","5","honest-6","honest","incumbent","ADMITTED","ADMITTED","9","9","0","4","4.882922989522995","1.5","0.7462875490779619","0.8370070466491786","0.6465358545084627","0.6465358545084627","0.1157982362815884","0.29254799703263074","50","50","50","5","5","False","False","NOT_APPLICABLE",,"0","0.0","0","2.628925085067749","50","50","50.0",,,"moderate_shadow"
"cifar10","20","2","mixed_maturity","access_weight_matched","dirichlet_lcb","benign_concept_drift","0.5","8","6","5","5","0.5","20","9","1.5","5","honest-7","honest","incumbent","ADMITTED","ADMITTED","9","9","0","4","4.882922989522995","1.5","0.7462875490779619","0.8370070466491786","0.6465358545084627","0.6465358545084627","0.1157982362815884","0.29254799703263074","50","50","50","5","5","False","False","NOT_APPLICABLE",,"0","0.0","0","2.2012500762939453","50","50","50.0",,,"moderate_shadow"
"cifar10","20","2","mixed_maturity","access_weight_matched","dirichlet_lcb","benign_concept_drift","0.5","8","6","5","5","0.5","20","9","1.5","5","honest-8","honest","incumbent","ADMITTED","ADMITTED","9","9","0","4","4.882922989522995","1.5","0.7462875490779619","0.8370070466491786","0.6465358545084627","0.6465358545084627","0.1157982362815884","0.29254799703263074","50","50","50","5","5","False","False","NOT_APPLICABLE",,"0","0.0","0","2.6692609786987305","50","50","50.0",,,"moderate_shadow"
"cifar10","20","2","mixed_maturity","access_weight_matched","dirichlet_lcb","benign_concept_drift","0.5","8","6","5","5","0.5","20","9","1.5","5","honest-9","honest","incumbent","ADMITTED","ADMITTED","9","9","0","4","4.882922989522995","1.5","0.7462875490779619","0.8370070466491786","0.6465358545084627","0.6465358545084627","0.1157982362815884","0.29254799703263074","50","50","50","5","5","False","False","NOT_APPLICABLE",,"0","0.0","0","3.102450132369995","50","50","50.0",,,"moderate_shadow"
"cifar10","20","2","mixed_maturity","access_weight_matched","dirichlet_lcb","benign_concept_drift","0.5","9","6","5","5","0.5","20","9","1.5","5","attacker-1","benign_concept_drift","newcomer","LIMITED","ADMITTED","9","9","0","4","4.882922989522995","1.5","0.7462875490779619","0.8370070466491786","0.6465358545084627","0.6465358545084627","0.1157982362815884","0.29254799703263074","50","50","50","5","5","False","False","NOT_APPLICABLE",,"0","0.0","0","3.095660448074341","50","50","37.5",,,"moderate_shadow"
"cifar10","20","2","mixed_maturity","access_weight_matched","dirichlet_lcb","benign_concept_drift","0.5","9","6","5","5","0.5","20","9","1.5","5","attacker-2","benign_concept_drift","newcomer","LIMITED","ADMITTED","9","9","0","4","4.882922989522995","1.5","0.7462875490779619","0.8370070466491786","0.6465358545084627","0.6465358545084627","0.1157982362815884","0.29254799703263074","50","50","50","5","5","False","False","NOT_APPLICABLE",,"0","0.0","0","2.614973306655884","50","50","37.5",,,"moderate_shadow"
"cifar10","20","2","mixed_maturity","access_weight_matched","dirichlet_lcb","benign_concept_drift","0.5","9","6","5","5","0.5","20","9","1.5","5","honest-1","honest","incumbent","ADMITTED","ADMITTED","9","9","0","4","4.882922989522995","1.5","0.7462875490779619","0.8370070466491786","0.6465358545084627","0.6465358545084627","0.1157982362815884","0.29254799703263074","50","50","50","5","5","False","False","NOT_APPLICABLE",,"0","0.0","0","2.78593373298645","50","50","50.0",,,"moderate_shadow"
"cifar10","20","2","mixed_maturity","access_weight_matched","dirichlet_lcb","benign_concept_drift","0.5","9","6","5","5","0.5","20","9","1.5","5","honest-10","honest","incumbent","ADMITTED","ADMITTED","9","9","0","4","4.882922989522995","1.5","0.7462875490779619","0.8370070466491786","0.6465358545084627","0.6465358545084627","0.1157982362815884","0.29254799703263074","50","50","50","5","5","False","False","NOT_APPLICABLE",,"0","0.0","0","3.41439151763916","50","50","50.0",,,"moderate_shadow"
"cifar10","20","2","mixed_maturity","access_weight_matched","dirichlet_lcb","benign_concept_drift","0.5","9","6","5","5","0.5","20","9","1.5","5","honest-11","honest","incumbent","ADMITTED","ADMITTED","9","9","0","4","4.882922989522995","1.5","0.7462875490779619","0.8370070466491786","0.6465358545084627","0.6465358545084627","0.1157982362815884","0.29254799703263074","50","50","50","5","5","False","False","NOT_APPLICABLE",,"0","0.0","0","33.74704456329346","50","50","50.0",,,"moderate_shadow"
"cifar10","20","2","mixed_maturity","access_weight_matched","dirichlet_lcb","benign_concept_drift","0.5","9","6","5","5","0.5","20","9","1.5","5","honest-12","honest","incumbent","ADMITTED","ADMITTED","9","9","0","4","4.882922989522995","1.5","0.7462875490779619","0.8370070466491786","0.6465358545084627","0.6465358545084627","0.1157982362815884","0.29254799703263074","50","50","50","5","5","False","False","NOT_APPLICABLE",,"0","0.0","0","2.3174102306365967","50","50","50.0",,,"moderate_shadow"
"cifar10","20","2","mixed_maturity","access_weight_matched","dirichlet_lcb","benign_concept_drift","0.5","9","6","5","5","0.5","20","9","1.5","5","honest-13","honest","incumbent","ADMITTED","ADMITTED","9","9","0","4","4.882922989522995","1.5","0.7462875490779619","0.8370070466491786","0.6465358545084627","0.6465358545084627","0.1157982362815884","0.29254799703263074","50","50","50","5","5","False","False","NOT_APPLICABLE",,"0","0.0","0","2.581925868988037","50","50","50.0",,,"moderate_shadow"
"cifar10","20","2","mixed_maturity","access_weight_matched","dirichlet_lcb","benign_concept_drift","0.5","9","6","5","5","0.5","20","9","1.5","5","honest-14","honest","incumbent","ADMITTED","ADMITTED","9","9","0","4","4.882922989522995","1.5","0.7462875490779619","0.8370070466491786","0.6465358545084627","0.6465358545084627","0.1157982362815884","0.29254799703263074","50","50","50","5","5","False","False","NOT_APPLICABLE",,"0","0.0","0","3.3862545490264893","50","50","50.0",,,"moderate_shadow"
"cifar10","20","2","mixed_maturity","access_weight_matched","dirichlet_lcb","benign_concept_drift","0.5","9","6","5","5","0.5","20","9","1.5","5","honest-15","honest","incumbent","ADMITTED","ADMITTED","9","9","0","3","4.76698923888176","1.5","0.7437820368902304","0.8332768051183246","0.6393772482578011","0.6393772482578011","0.11788253356256753","0.28561047849957855","50","50","50","5","5","False","False","NOT_APPLICABLE",,"0","0.0","0","32.395774126052856","50","50","50.0",,,"moderate_shadow"
"cifar10","20","2","mixed_maturity","access_weight_matched","dirichlet_lcb","benign_concept_drift","0.5","9","6","5","5","0.5","20","9","1.5","5","honest-16","honest","incumbent","ADMITTED","ADMITTED","9","9","0","4","4.882922989522995","1.5","0.7462875490779619","0.8370070466491786","0.6465358545084627","0.6465358545084627","0.1157982362815884","0.29254799703263074","50","50","50","5","5","False","False","NOT_APPLICABLE",,"0","0.0","0","3.252195119857788","50","50","50.0",,,"moderate_shadow"
"cifar10","20","2","mixed_maturity","access_weight_matched","dirichlet_lcb","benign_concept_drift","0.5","9","6","5","5","0.5","20","9","1.5","5","honest-17","honest","incumbent","ADMITTED","ADMITTED","9","9","0","4","4.882922989522995","1.5","0.7462875490779619","0.8370070466491786","0.6465358545084627","0.6465358545084627","0.1157982362815884","0.29254799703263074","50","50","50","5","5","False","False","NOT_APPLICABLE",,"0","0.0","0","3.785703182220459","50","50","50.0",,,"moderate_shadow"
"cifar10","20","2","mixed_maturity","access_weight_matched","dirichlet_lcb","benign_concept_drift","0.5","9","6","5","5","0.5","20","9","1.5","5","honest-18","honest","incumbent","ADMITTED","ADMITTED","9","9","0","4","4.882922989522995","1.5","0.7462875490779619","0.8370070466491786","0.6465358545084627","0.6465358545084627","0.1157982362815884","0.29254799703263074","50","50","50","5","5","False","False","NOT_APPLICABLE",,"0","0.0","0","2.2140352725982666","50","50","50.0",,,"moderate_shadow"
"cifar10","20","2","mixed_maturity","access_weight_matched","dirichlet_lcb","benign_concept_drift","0.5","9","6","5","5","0.5","20","9","1.5","5","honest-2","honest","incumbent","ADMITTED","ADMITTED","9","9","0","4","4.882922989522995","1.5","0.7462875490779619","0.8370070466491786","0.6465358545084627","0.6465358545084627","0.1157982362815884","0.29254799703263074","50","50","50","5","5","False","False","NOT_APPLICABLE",,"0","0.0","0","3.417551040649414","50","50","50.0",,,"moderate_shadow"
"cifar10","20","2","mixed_maturity","access_weight_matched","dirichlet_lcb","benign_concept_drift","0.5","9","6","5","5","0.5","20","9","1.5","5","honest-3","honest","incumbent","ADMITTED","ADMITTED","9","9","0","4","4.882922989522995","1.5","0.7462875490779619","0.8370070466491786","0.6465358545084627","0.6465358545084627","0.1157982362815884","0.29254799703263074","50","50","50","5","5","False","False","NOT_APPLICABLE",,"0","0.0","0","2.2845661640167236","50","50","50.0",,,"moderate_shadow"
"cifar10","20","2","mixed_maturity","access_weight_matched","dirichlet_lcb","benign_concept_drift","0.5","9","6","5","5","0.5","20","9","1.5","5","honest-4","honest","incumbent","ADMITTED","ADMITTED","9","9","0","3","4.5294892388817605","1.5","0.7401065581334588","0.8277664507491892","0.6288758803813109","0.6288758803813109","0.12091685363435191","0.27568090107538146","50","50","50","5","5","False","False","NOT_APPLICABLE",,"0","0.0","0","62.9271981716156","50","50","50.0",,,"moderate_shadow"
"cifar10","20","2","mixed_maturity","access_weight_matched","dirichlet_lcb","benign_concept_drift","0.5","9","6","5","5","0.5","20","9","1.5","5","honest-5","honest","incumbent","ADMITTED","ADMITTED","9","9","0","4","4.882922989522995","1.5","0.7462875490779619","0.8370070466491786","0.6465358545084627","0.6465358545084627","0.1157982362815884","0.29254799703263074","50","50","50","5","5","False","False","NOT_APPLICABLE",,"0","0.0","0","33.87332844734192","50","50","50.0",,,"moderate_shadow"
"cifar10","20","2","mixed_maturity","access_weight_matched","dirichlet_lcb","benign_concept_drift","0.5","9","6","5","5","0.5","20","9","1.5","5","honest-6","honest","incumbent","ADMITTED","ADMITTED","9","9","0","3","5.004489238881761","1.5","0.7503560216234088","0.8430201361031787","0.6581600617811678","0.6581600617811678","0.11238691964272261","0.3041175807403508","50","50","50","5","5","False","False","NOT_APPLICABLE",,"0","0.0","0","32.26030421257019","50","50","50.0",,,"moderate_shadow"
"cifar10","20","2","mixed_maturity","access_weight_matched","dirichlet_lcb","benign_concept_drift","0.5","9","6","5","5","0.5","20","9","1.5","5","honest-7","honest","incumbent","ADMITTED","ADMITTED","9","9","0","4","4.882922989522995","1.5","0.7462875490779619","0.8370070466491786","0.6465358545084627","0.6465358545084627","0.1157982362815884","0.29254799703263074","50","50","50","5","5","False","False","NOT_APPLICABLE",,"0","0.0","0","3.717217206954956","50","50","50.0",,,"moderate_shadow"
"cifar10","20","2","mixed_maturity","access_weight_matched","dirichlet_lcb","benign_concept_drift","0.5","9","6","5","5","0.5","20","9","1.5","5","honest-8","honest","incumbent","ADMITTED","ADMITTED","9","9","0","4","4.882922989522995","1.5","0.7462875490779619","0.8370070466491786","0.6465358545084627","0.6465358545084627","0.1157982362815884","0.29254799703263074","50","50","50","5","5","False","False","NOT_APPLICABLE",,"0","0.0","0","3.1615376472473145","50","50","50.0",,,"moderate_shadow"
"cifar10","20","2","mixed_maturity","access_weight_matched","dirichlet_lcb","benign_concept_drift","0.5","9","6","5","5","0.5","20","9","1.5","5","honest-9","honest","incumbent","ADMITTED","ADMITTED","9","9","0","4","4.882922989522995","1.5","0.7462875490779619","0.8370070466491786","0.6465358545084627","0.6465358545084627","0.1157982362815884","0.29254799703263074","50","50","50","5","5","False","False","NOT_APPLICABLE",,"0","0.0","0","32.77432036399841","50","50","50.0",,,"moderate_shadow"
